t,rss_mb,proc_cpu_pct,sys_cpu_pct,threads
1791049272.0018234,1882.45703125,0.0,0.0,308
1791049272.2028394,1959.54296875,542.1,8.1,308
1791049272.4036498,1998.54296875,199.2,5.5,308
1791049272.6044583,2022.54296875,184.3,5.5,308
1791049272.8052475,2024.54296875,199.2,6.8,308
1791049273.0060494,2024.54296875,204.2,10.1,308
1791049273.206825,2024.54296875,199.2,8.1,308
1791049273.4075844,2024.54296875,199.2,8.0,308
1791049273.6083682,2024.54296875,199.2,8.7,308
1791049273.8091424,2024.54296875,204.2,10.2,308
1791049274.0099375,2024.54296875,199.2,7.2,308
1791049274.2106867,2024.54296875,199.3,10.6,308
1791049274.4113016,2024.54296875,199.3,7.1,308
1791049274.612048,2024.54296875,204.2,7.0,308
1791049274.8127956,2024.54296875,199.2,9.0,308
1791049275.0135934,2024.54296875,194.2,8.0,308
1791049275.214411,2024.54296875,199.2,7.6,308
1791049275.4151633,2024.54296875,204.2,5.0,308
1791049275.6159065,2024.54296875,199.3,6.0,308
1791049275.8165874,2024.54296875,199.3,3.7,308
1791049276.0172706,2024.54296875,199.3,3.0,308
1791049276.2179344,2024.54296875,204.3,3.3,308
1791049276.4186063,2024.54296875,199.3,3.7,308
1791049276.619398,2024.54296875,199.2,5.6,308
1791049276.8200905,2024.54296875,199.3,4.6,308
1791049277.0207782,2024.54296875,199.3,6.4,308
1791049277.2214494,2024.54296875,204.3,6.1,308
1791049277.4221392,2024.54296875,199.3,6.1,308
1791049277.6228232,2024.54296875,199.3,5.3,309
1791049277.82355,2024.54296875,204.3,8.5,309
1791049278.024309,2024.54296875,199.3,5.9,309
1791049278.224999,2024.54296875,199.3,7.8,309
1791049278.4256408,2024.54296875,199.3,6.7,309
1791049278.6263819,2024.54296875,199.3,6.4,309
1791049278.827038,2024.54296875,204.3,8.4,309
1791049279.027706,2024.54296875,199.3,11.9,309
1791049279.2283745,2024.54296875,199.3,7.3,309
1791049279.429047,2024.54296875,199.3,6.9,309
1791049279.629735,2024.54296875,199.3,7.5,309
1791049279.8304286,2024.54296875,204.3,4.8,309
1791049280.0310848,2024.54296875,199.4,6.0,309
1791049280.2317328,2024.54296875,199.3,4.4,309
1791049280.432407,2024.54296875,199.3,5.2,309
1791049280.6330547,2024.54296875,199.3,4.6,309
1791049280.8337016,2024.54296875,204.3,5.2,309
1791049281.0343518,2024.54296875,199.3,5.6,309
1791049281.2350066,2024.54296875,199.4,5.3,309
1791049281.4356344,2024.54296875,199.4,5.6,309
1791049281.6362746,2024.54296875,199.4,7.2,309
1791049281.8369017,2024.54296875,199.4,5.9,309
1791049282.037536,2024.54296875,204.4,4.9,309
1791049282.2382224,2024.54296875,199.3,6.4,309
1791049282.4390018,2024.54296875,199.2,4.6,309
1791049282.6397355,2024.54296875,199.3,5.1,309
1791049282.8404138,2024.54296875,199.3,5.2,309
1791049283.0410955,2024.54296875,204.3,8.8,309
1791049283.2418604,2024.54296875,199.2,9.3,309
1791049283.4426181,2024.54296875,199.2,10.5,309
1791049283.6433744,2024.54296875,199.3,8.9,309
1791049283.844146,2024.54296875,199.2,9.0,309
1791049284.0448756,2024.54296875,199.3,6.9,309
1791049284.2455742,2024.54296875,204.3,8.1,309
1791049284.4463184,2024.54296875,199.3,5.6,309
1791049284.6470041,2024.54296875,204.3,7.1,308
1791049284.847686,2024.54296875,194.3,7.6,308
1791049285.0484493,2024.54296875,204.2,7.6,308
1791049285.2491872,2024.54296875,199.3,7.0,308
1791049285.4498656,2024.54296875,204.3,8.0,308
1791049285.650604,2024.54296875,199.3,5.6,308
1791049285.8513782,2024.54296875,199.2,5.5,308
1791049286.0521514,2024.54296875,199.2,6.6,308
1791049286.2529085,2024.54296875,199.2,4.8,308
1791049286.4536622,2024.54296875,204.2,4.8,308
1791049286.654411,2024.54296875,199.2,3.9,308
1791049286.8551612,2024.54296875,199.3,5.4,308
1791049287.0558653,2024.54296875,199.3,4.5,308
1791049287.2565587,2024.54296875,199.3,5.6,308
1791049287.4572883,2024.54296875,199.3,3.9,308
1791049287.6579878,2024.54296875,199.3,4.6,308
1791049287.8586519,2024.54296875,204.3,5.2,308
1791049288.0593467,2024.54296875,199.3,5.4,308
1791049288.2599936,2024.54296875,199.3,9.0,308
1791049288.460672,2024.54296875,199.4,5.6,308
1791049288.661328,2024.54296875,199.3,8.1,308
1791049288.8619983,2024.54296875,199.3,5.9,308
1791049289.062709,2024.54296875,204.3,5.9,308
1791049289.263359,2024.54296875,199.3,5.7,308
1791049289.4640226,2024.54296875,204.3,5.8,308
1791049289.6646953,2024.54296875,199.3,5.9,308
1791049289.8655157,2024.54296875,194.2,5.3,308
1791049290.066253,2024.54296875,204.2,5.8,308
1791049290.2669978,2024.54296875,204.2,6.9,308
1791049290.4677608,2024.54296875,199.2,6.0,308
1791049290.6685212,2024.54296875,199.2,5.6,308
1791049290.8692946,2024.54296875,199.2,5.5,308
1791049291.0700336,2024.54296875,199.3,5.2,308
1791049291.2707708,2024.54296875,199.3,4.7,308
1791049291.4715223,2024.54296875,199.3,4.5,308
1791049291.672267,2024.54296875,204.2,5.1,308
1791049291.8730404,2024.54296875,199.2,4.7,308
1791049292.073787,2024.54296875,199.3,6.3,308
1791049292.2745314,2024.54296875,199.3,5.5,308
1791049292.475265,2024.54296875,199.3,4.8,308
1791049292.6759684,2024.54296875,204.3,4.7,308
1791049292.8766735,2024.54296875,194.3,8.0,308
1791049293.0774288,2024.54296875,209.2,8.1,308
1791049293.2782104,2024.54296875,199.2,8.3,308
1791049293.4789903,2024.54296875,199.2,7.5,308
1791049293.6797605,2024.54296875,199.3,6.8,308
1791049293.8804643,2024.54296875,199.3,7.7,308
1791049294.0812187,2024.54296875,199.2,7.7,308
1791049294.281977,2024.54296875,199.3,7.6,308
1791049294.4827118,2024.54296875,199.3,5.7,308
1791049294.6834059,2024.54296875,204.3,7.4,308
1791049294.8844733,2024.54296875,198.9,9.0,308
1791049295.0852678,2024.54296875,199.2,8.6,308
1791049295.2860289,2024.54296875,204.2,8.8,308
1791049295.4868062,2024.54296875,199.3,8.0,308
1791049295.6875758,2024.54296875,204.2,4.7,308
1791049295.888364,2024.54296875,199.2,3.9,308
1791049296.0891564,2024.54296875,199.2,4.5,308
1791049296.2899148,2024.54296875,199.2,4.1,308
1791049296.4906857,2044.54296875,204.3,4.1,309
1791049296.6914413,2078.24609375,194.3,4.3,308
1791049296.892064,2116.96875,199.3,4.6,308
1791049297.0927162,2157.9765625,199.4,6.4,308
1791049297.2933817,2201.81640625,204.3,5.6,308
1791049297.494084,2288.95703125,199.3,4.6,308
1791049297.6947892,2428.7578125,199.3,7.4,308
1791049297.8954628,2493.0078125,199.4,5.0,308
1791049298.0960937,2493.0078125,199.4,5.0,308
1791049298.2967327,2503.203125,388.7,8.4,308
1791049298.497519,2503.203125,199.2,5.3,308
1791049298.6983094,2503.203125,199.2,6.7,308
1791049298.8990877,2503.203125,388.5,6.7,308
1791049299.0997822,2503.203125,199.3,5.7,308
1791049299.3004477,2503.203125,199.3,5.5,308
1791049299.5012405,2503.203125,204.2,5.0,308
1791049299.7019477,2503.203125,199.3,6.0,308
1791049299.9026523,2503.203125,199.3,4.6,308
1791049300.103308,2503.203125,199.3,4.6,308
1791049300.3040595,2503.203125,204.3,3.9,308
1791049300.5047667,2503.203125,199.3,5.4,308
1791049300.7054856,2503.203125,199.3,4.8,308
1791049300.9061856,2503.203125,199.3,3.8,308
1791049301.106899,2503.203125,204.2,4.3,308
1791049301.3076699,2503.203125,199.2,5.1,308
1791049301.5084631,2503.203125,199.2,5.1,308
1791049301.7092233,2503.203125,199.3,5.0,308
1791049301.9099135,2503.203125,199.3,5.2,308
1791049302.1106892,2503.203125,199.2,4.7,308
1791049302.3114758,2503.203125,199.2,7.8,308
1791049302.5121906,2503.203125,199.3,6.0,308
1791049302.7128897,2503.203125,204.3,8.0,308
1791049302.9136038,2503.203125,199.3,10.0,308
1791049303.1143827,2503.203125,204.2,10.4,308
1791049303.3151426,2503.203125,199.2,8.3,308
1791049303.5158873,2503.203125,199.2,9.1,308
1791049303.716823,2503.203125,199.1,9.9,308
1791049303.9175925,2503.203125,204.2,9.4,308
1791049304.118332,2503.203125,199.3,10.5,308
1791049304.3190062,2503.203125,199.3,9.9,308
1791049304.5197418,2503.203125,199.3,9.3,308
1791049304.720479,2503.203125,199.3,8.6,308
1791049304.9212306,2503.203125,199.2,8.0,308
1791049305.1219678,2503.203125,199.3,8.3,308
1791049305.3227136,2503.203125,199.3,5.9,308
1791049305.5234034,2503.203125,204.2,7.6,308
1791049305.7241814,2503.203125,204.2,7.5,308
1791049305.9248517,2503.203125,199.3,5.7,308
1791049306.1255584,2503.203125,199.3,5.5,308
1791049306.3263006,2503.203125,199.3,6.3,308
1791049306.5270684,2503.203125,199.2,5.4,308
1791049306.7278578,2503.203125,199.2,5.2,308
1791049306.9285674,2503.203125,199.3,4.8,308
1791049307.1292365,2503.203125,204.3,4.2,308
1791049307.329918,2503.203125,199.3,4.6,308
1791049307.5306048,2503.203125,199.3,7.0,308
1791049307.7314136,2503.203125,199.2,6.5,308
1791049307.9321876,2503.203125,204.2,5.4,308
1791049308.1329,2503.203125,199.3,5.8,308
1791049308.3335588,2503.203125,199.3,5.9,308
1791049308.5343032,2503.203125,199.2,6.7,308
1791049308.7350714,2503.203125,199.2,5.4,308
1791049308.9358327,2503.203125,204.2,5.1,308
1791049309.1365433,2503.203125,199.3,6.6,308
1791049309.3372445,2503.203125,199.3,4.5,308
1791049309.537891,2503.203125,199.3,3.9,308
1791049309.738667,2503.203125,199.2,5.2,308
1791049309.939447,2503.203125,199.2,3.5,308
1791049310.1401782,2503.203125,199.3,3.8,308
1791049310.3408592,2503.203125,209.2,6.0,308
1791049310.541765,2503.203125,199.1,4.4,308
1791049310.7425528,2503.203125,199.2,4.8,308
1791049310.9433057,2503.203125,199.2,7.4,308
1791049311.1441104,2503.203125,199.2,4.4,308
1791049311.3448236,2503.203125,204.3,5.1,308
1791049311.5455773,2503.203125,199.2,3.9,308
1791049311.7463496,2503.203125,199.2,6.1,308
1791049311.9471364,2503.203125,194.3,4.4,308
1791049312.1478877,2503.203125,209.2,3.9,308
1791049312.3486786,2503.203125,199.2,4.3,308
1791049312.5494406,2503.203125,199.2,6.6,308
1791049312.7503452,2503.203125,199.1,4.7,308
1791049312.9512208,2503.203125,199.1,8.1,308
1791049313.1519706,2503.203125,199.2,7.7,308
1791049313.352725,2503.203125,199.2,7.9,308
1791049313.5534997,2503.203125,199.2,7.6,308
1791049313.7543163,2503.203125,199.2,7.6,308
1791049313.9551585,2503.203125,204.1,7.3,308
1791049314.1559436,2503.203125,204.2,5.5,308
1791049314.3567498,2503.203125,199.2,8.3,308
1791049314.5576754,2503.203125,199.1,5.6,308
1791049314.7584713,2503.203125,199.2,6.9,308
1791049314.959253,2503.203125,199.2,6.8,308
1791049315.160049,2503.203125,199.2,7.2,308
1791049315.3608267,2503.203125,199.2,6.3,308
1791049315.5616524,2503.203125,199.2,7.4,308
1791049315.7623856,2503.203125,199.3,5.1,308
1791049315.9630527,2503.203125,204.3,5.1,308
1791049316.1636684,2503.203125,204.4,7.3,308
1791049316.3643022,2503.203125,194.4,5.8,308
1791049316.564959,2503.203125,199.3,6.1,308
1791049316.7656834,2503.203125,204.3,5.2,308
1791049316.9664307,2503.203125,199.3,5.5,308
1791049317.1671,2503.203125,199.3,5.2,308
1791049317.3677788,2503.203125,204.3,5.3,308
1791049317.5685384,2503.203125,199.2,5.7,308
1791049317.7692857,2503.203125,199.2,7.5,308
1791049317.9700656,2503.203125,199.2,7.1,308
1791049318.1708221,2503.203125,199.2,5.9,308
1791049318.3715928,2503.203125,204.2,9.4,308
1791049318.572381,2503.203125,194.2,5.6,308
1791049318.7731686,2503.203125,199.2,5.6,308
1791049318.9739397,2503.203125,199.2,5.2,308
1791049319.1746953,2503.203125,204.2,5.1,308
1791049319.3754666,2503.203125,199.2,5.6,308
1791049319.5762177,2503.203125,204.2,8.3,308
1791049319.7769885,2503.203125,199.2,5.7,308
1791049319.9777575,2503.203125,199.3,4.6,308
1791049320.1784153,2503.203125,199.3,4.4,308
1791049320.3790905,2503.203125,199.3,4.5,308
1791049320.5798426,2503.203125,199.2,3.9,308
1791049320.7806025,2503.203125,199.3,3.7,308
1791049320.9813533,2503.203125,199.2,4.1,308
1791049321.1821427,2503.203125,209.2,4.9,308
1791049321.383006,2503.203125,199.1,3.7,308
1791049321.5837457,2503.203125,199.2,4.2,308
1791049321.7847135,2503.203125,199.1,4.5,308
1791049321.9855707,2503.203125,199.1,4.6,308
1791049322.186433,2503.203125,199.1,4.7,308
1791049322.3872635,2503.203125,199.2,4.4,308
1791049322.5881026,2503.203125,204.1,4.4,308
1791049322.7889376,2503.203125,199.2,4.9,308
1791049322.9897416,2503.203125,204.2,8.9,308
1791049323.1905105,2503.203125,199.2,7.1,308
1791049323.3912776,2503.203125,199.2,7.7,308
1791049323.592072,2503.203125,199.2,7.5,308
1791049323.792836,2503.203125,199.2,5.8,308
1791049323.9935946,2503.203125,199.3,7.7,308
1791049324.19431,2503.203125,199.3,6.1,308
1791049324.394946,2503.203125,204.3,7.8,308
1791049324.5956929,2503.203125,199.3,7.0,308
1791049324.7964697,2503.203125,199.2,9.3,308
1791049324.9972398,2503.203125,204.2,7.1,308
1791049325.197967,2503.203125,199.3,6.0,308
1791049325.3987393,2503.203125,199.2,5.3,308
1791049325.5999324,2503.203125,203.8,6.7,308
1791049325.8008943,2503.203125,199.1,4.5,308
1791049326.0016098,2503.203125,199.3,4.3,308
1791049326.2023785,2503.203125,199.2,5.5,308
1791049326.403172,2503.203125,199.2,6.7,308
1791049326.6039672,2503.203125,199.2,5.7,308
1791049326.8046408,2503.203125,199.3,5.1,308
1791049327.005326,2503.203125,204.3,7.3,308
1791049327.2060778,2503.203125,204.3,5.2,308
1791049327.4067445,2503.203125,199.3,4.6,308
1791049327.6074963,2503.203125,199.3,4.7,308
1791049327.808214,2503.203125,199.3,5.2,308
1791049328.008922,2503.203125,199.3,7.6,308
1791049328.2096903,2503.203125,199.2,8.2,308
1791049328.4104674,2503.203125,199.2,7.1,308
1791049328.6111782,2503.203125,199.3,6.9,308
1791049328.811834,2503.203125,204.3,7.3,308
1791049329.0125182,2503.203125,199.3,6.9,308
1791049329.2132728,2503.203125,199.3,6.7,308
1791049329.4139562,2503.203125,199.3,6.3,308
1791049329.6146748,2503.203125,199.3,6.8,308
1791049329.8154109,2503.203125,199.3,7.7,308
1791049330.0161173,2503.203125,204.3,6.7,308
1791049330.2167895,2503.203125,199.3,6.3,308
1791049330.4174802,2503.203125,199.3,6.4,308
1791049330.6181712,2503.203125,204.3,6.4,308
1791049330.8187947,2503.203125,199.4,5.6,308
1791049331.019448,2503.203125,199.3,6.0,308
1791049331.2201264,2503.203125,199.3,5.6,308
1791049331.42101,2503.203125,199.2,6.5,308
1791049331.6216936,2503.203125,199.3,5.1,308
1791049331.8223662,2503.203125,199.3,5.5,308
1791049332.0230508,2503.203125,204.3,4.8,308
1791049332.223731,2503.203125,199.3,5.0,308
1791049332.424423,2503.203125,204.3,4.6,308
1791049332.6250975,2503.203125,199.3,4.5,308
1791049332.8257756,2503.203125,199.3,7.1,308
1791049333.0264773,2503.203125,199.3,8.1,308
1791049333.2272773,2503.203125,199.2,8.2,308
1791049333.4280243,2503.203125,199.2,9.8,308
1791049333.6288044,2503.203125,199.2,8.1,308
1791049333.8296006,2503.203125,199.2,8.0,308
1791049334.0304027,2503.203125,199.2,8.2,308
1791049334.2311428,2503.203125,209.2,5.3,308
1791049334.4318805,2503.203125,199.2,6.9,308
1791049334.632652,2503.203125,199.2,10.7,308
1791049334.8334188,2503.203125,199.2,10.0,308
1791049335.0341616,2503.203125,199.3,6.3,308
1791049335.2349074,2503.203125,199.2,7.3,308
1791049335.4356763,2503.203125,199.3,5.6,308
1791049335.636394,2503.203125,204.2,7.3,308
1791049335.8371513,2503.203125,199.3,4.7,308
1791049336.0379198,2503.203125,199.3,4.4,308
1791049336.2386074,2503.203125,199.3,5.1,308
1791049336.4392855,2503.203125,199.3,4.8,308
1791049336.6401253,2503.203125,204.1,7.0,308
1791049336.8408465,2503.203125,204.3,4.0,308
1791049337.0416038,2503.203125,194.3,4.3,308
1791049337.242422,2503.203125,204.2,6.2,308
1791049337.443095,2503.203125,199.3,7.1,308
1791049337.6437538,2503.203125,199.3,7.0,308
1791049337.844485,2503.203125,199.3,9.8,308
1791049338.045244,2503.203125,199.3,8.8,308
1791049338.2459133,2503.203125,199.3,10.1,308
1791049338.4466112,2503.203125,199.3,8.2,308
1791049338.6474066,2507.30859375,388.5,8.1,308
1791049338.8481848,2507.30859375,199.2,6.2,308
1791049339.0489695,2507.30859375,398.4,8.0,308
1791049339.2497787,2507.30859375,204.2,6.0,308
1791049339.4507198,2507.30859375,199.1,5.9,308
1791049339.6514916,2507.30859375,199.2,9.0,308
1791049339.8522472,2507.30859375,199.3,6.0,308
1791049340.0530019,2507.30859375,204.3,8.7,308
1791049340.2536645,2507.30859375,199.4,6.1,308
1791049340.4543235,2507.30859375,199.3,6.1,308
1791049340.6549714,2507.30859375,204.3,6.6,308
1791049340.8556876,2507.30859375,199.3,6.9,308
1791049341.0564544,2507.30859375,199.3,8.0,308
1791049341.2571566,2507.30859375,199.3,7.3,308
1791049341.4578426,2507.30859375,199.3,6.9,308
1791049341.6585135,2507.30859375,199.3,9.0,308
1791049341.8592374,2507.30859375,199.3,7.0,308
1791049342.059989,2507.30859375,199.3,7.7,308
1791049342.2606523,2507.30859375,199.3,7.9,308
1791049342.4614162,2507.30859375,204.2,8.0,308
1791049342.6620975,2507.30859375,199.3,7.6,308
1791049342.86287,2507.30859375,199.2,9.8,308
1791049343.0636299,2507.30859375,199.3,11.4,308
1791049343.2643805,2507.30859375,204.2,8.9,308
1791049343.465137,2507.30859375,199.2,12.3,308
1791049343.6658833,2507.30859375,204.2,9.4,308
1791049343.8666387,2507.30859375,199.2,9.6,308
1791049344.06748,2507.30859375,199.2,7.8,308
1791049344.2681503,2507.30859375,199.3,9.4,308
1791049344.4688702,2507.30859375,199.2,10.8,308
1791049344.6696618,2507.30859375,199.3,7.5,308
1791049344.8703644,2507.30859375,199.2,8.5,308
1791049345.071163,2507.30859375,204.2,9.9,308
1791049345.271911,2507.30859375,199.3,6.9,308
1791049345.4726157,2507.30859375,199.3,7.7,308
1791049345.6734123,2507.30859375,199.2,5.7,308
1791049345.874178,2507.30859375,204.2,5.5,308
1791049346.0748942,2507.30859375,199.3,6.1,308
1791049346.2755876,2507.30859375,199.3,5.5,308
1791049346.476249,2507.30859375,204.3,6.3,308
1791049346.6768835,2507.30859375,199.4,6.2,308
1791049346.8775349,2507.30859375,199.4,9.4,308
1791049347.0781806,2507.30859375,199.4,6.3,308
1791049347.2788188,2507.30859375,199.4,6.1,308
1791049347.4794865,2507.30859375,199.3,5.9,308
1791049347.6801481,2507.30859375,199.3,5.8,308
1791049347.8807907,2507.30859375,199.3,6.2,308
1791049348.0815153,2507.30859375,199.3,6.5,308
1791049348.2822838,2507.30859375,209.2,6.6,308
1791049348.4830458,2507.30859375,194.3,6.6,308
1791049348.683803,2507.30859375,204.2,9.2,308
1791049348.884577,2507.30859375,199.2,7.0,308
1791049349.0853827,2507.30859375,199.2,7.4,308
1791049349.2863624,2507.30859375,199.0,7.7,308
1791049349.4872837,2507.30859375,199.1,7.0,308
1791049349.688069,2507.30859375,204.2,8.2,308
1791049349.8889344,2507.30859375,204.1,6.0,308
1791049350.0896604,2507.30859375,199.3,5.5,308
1791049350.2903678,2507.30859375,199.3,7.0,308
1791049350.4910893,2507.30859375,199.3,5.3,308
1791049350.691771,2507.30859375,199.3,5.5,308
1791049350.8924816,2507.30859375,199.3,5.3,308
1791049351.0931668,2507.30859375,199.3,6.0,308
1791049351.293855,2507.30859375,204.3,6.5,308
1791049351.4945087,2507.30859375,199.4,6.1,308
1791049351.6951635,2507.30859375,199.3,6.2,308
1791049351.8958445,2507.30859375,199.3,7.5,308
1791049352.0965147,2507.30859375,199.3,6.7,308
1791049352.2971795,2507.30859375,199.3,5.5,308
1791049352.497822,2507.30859375,199.4,5.9,308
1791049352.6984875,2507.30859375,204.3,5.5,308
1791049352.899158,2507.30859375,199.3,8.1,308
1791049353.0999165,2507.30859375,204.2,9.2,308
1791049353.300707,2507.30859375,199.2,10.2,308
1791049353.5015082,2507.30859375,199.2,10.3,308
1791049353.7022552,2507.30859375,199.3,10.9,308
1791049353.9029214,2507.30859375,199.3,8.6,308
1791049354.1037345,2507.30859375,199.2,8.5,308
1791049354.3045168,2507.30859375,199.2,8.9,308
1791049354.5052729,2507.30859375,199.3,6.1,308
1791049354.7059882,2507.30859375,204.2,7.5,308
1791049354.90677,2507.30859375,199.2,6.8,308
1791049355.1075428,2507.30859375,199.2,7.0,308
1791049355.308295,2507.30859375,204.3,7.4,308
1791049355.508975,2507.30859375,199.3,7.4,308
1791049355.7098484,2507.30859375,199.1,5.6,308
1791049355.9106073,2507.30859375,199.3,5.9,308
1791049356.1112652,2507.30859375,204.3,5.4,308
1791049356.3119726,2507.30859375,199.3,6.2,308
1791049356.5127144,2507.30859375,199.2,4.8,308
1791049356.7134714,2507.30859375,199.3,4.6,308
1791049356.9141476,2507.30859375,199.3,4.2,308
1791049357.1148515,2507.30859375,199.3,7.3,308
1791049357.315525,2507.30859375,199.3,5.2,308
1791049357.5162039,2507.30859375,199.3,5.0,308
1791049357.7168803,2507.30859375,204.3,5.3,308
1791049357.9175398,2507.30859375,199.3,6.6,308
1791049358.1182373,2507.30859375,204.3,6.2,308
1791049358.3189895,2507.30859375,199.2,8.2,308
1791049358.519806,2507.30859375,199.3,5.7,308
1791049358.7204947,2507.30859375,199.3,6.8,308
1791049358.9211593,2507.30859375,199.3,5.5,308
1791049359.1218166,2507.30859375,204.3,4.9,308
1791049359.3225224,2507.30859375,199.4,4.9,308
1791049359.5231555,2507.30859375,199.3,3.9,308
1791049359.7238936,2507.30859375,199.2,5.3,308
1791049359.9246807,2507.30859375,199.3,3.9,308
1791049360.1253638,2507.30859375,199.3,4.3,308
1791049360.326072,2507.30859375,204.2,6.3,308
1791049360.5268598,2507.30859375,199.2,6.6,308
1791049360.7276018,2507.30859375,204.3,4.8,308
1791049360.9282672,2507.30859375,199.3,4.8,308
1791049361.128909,2507.30859375,199.4,4.6,308
1791049361.3295786,2507.30859375,199.3,4.3,308
1791049361.5304556,2507.30859375,199.2,4.3,308
1791049361.7311532,2507.30859375,199.3,3.8,308
1791049361.9318182,2507.30859375,199.3,4.1,308
1791049362.1325006,2507.30859375,199.3,5.5,308
1791049362.3331604,2507.30859375,204.3,4.2,308
1791049362.5338202,2507.30859375,199.4,5.1,308
1791049362.734478,2507.30859375,199.3,4.9,308
1791049362.9351697,2507.30859375,199.3,7.4,308
1791049363.1359353,2507.30859375,199.2,8.6,308
1791049363.3367112,2507.30859375,199.2,7.9,308
1791049363.5374541,2507.30859375,204.3,6.2,308
1791049363.7381506,2507.30859375,199.3,7.9,308
1791049363.9388843,2505.55859375,388.6,8.9,308
1791049364.1395833,2505.55859375,199.3,7.7,308
1791049364.3402932,2505.55859375,388.5,8.8,308
1791049364.5413208,2505.55859375,199.0,7.3,308
1791049364.7423048,2505.55859375,204.0,7.2,308
1791049364.9432359,2505.55859375,199.0,13.1,308
1791049365.144001,2505.55859375,199.3,7.8,308
1791049365.3446543,2505.55859375,204.3,6.1,308
1791049365.5453393,2505.55859375,199.3,8.9,308
1791049365.7460296,2505.55859375,199.3,6.7,308
1791049365.9467509,2505.55859375,204.3,5.4,308
1791049366.1474438,2505.55859375,199.3,5.7,308
1791049366.348125,2505.55859375,199.3,5.6,308
1791049366.5487711,2505.55859375,199.4,5.6,308
1791049366.7494433,2505.55859375,199.3,5.4,308
1791049366.9501116,2505.55859375,199.3,6.1,308
1791049367.1507485,2505.55859375,199.4,6.6,308
1791049367.3513968,2505.55859375,204.3,7.4,308
1791049367.5520349,2505.55859375,199.4,6.8,308
1791049367.7527134,2505.55859375,199.3,8.7,308
1791049367.9534414,2505.55859375,199.3,7.1,308
1791049368.1541078,2505.55859375,199.3,6.6,308
1791049368.3548787,2505.55859375,199.2,6.0,308
1791049368.5556352,2505.55859375,199.3,6.5,308
1791049368.7563882,2505.55859375,204.2,5.5,308
1791049368.9570425,2505.55859375,204.3,6.4,308
1791049369.1576865,2505.55859375,199.4,5.0,308
1791049369.3583636,2505.55859375,199.3,5.9,308
1791049369.5590816,2505.55859375,199.3,5.1,308
1791049369.7597806,2505.55859375,199.3,6.0,308
1791049369.9605389,2505.55859375,199.3,4.5,308
1791049370.161255,2505.55859375,199.3,4.6,308
1791049370.361938,2505.55859375,204.3,4.7,308
1791049370.5625885,2505.55859375,199.3,4.5,308
1791049370.7633324,2505.55859375,199.3,6.6,308
1791049370.9640167,2505.55859375,199.3,5.0,308
1791049371.1647696,2505.55859375,199.3,5.6,308
1791049371.3654737,2505.55859375,199.3,4.6,308
1791049371.5661278,2505.55859375,199.3,4.9,308
1791049371.7668746,2505.55859375,209.2,8.7,308
1791049371.967645,2505.55859375,199.2,4.3,308
1791049372.168413,2505.55859375,199.2,4.2,308
1791049372.369168,2505.55859375,199.3,4.2,308
1791049372.5698738,2505.55859375,199.3,6.0,308
1791049372.7706552,2505.55859375,199.2,4.4,308
1791049372.9714627,2505.55859375,204.2,7.1,308
1791049373.1722362,2505.55859375,199.2,6.3,308
1791049373.3730097,2505.55859375,199.2,6.6,308
1791049373.5737636,2505.55859375,199.3,6.7,308
1791049373.774529,2505.55859375,199.2,7.5,308
1791049373.9753006,2505.55859375,199.2,7.8,308
1791049374.1760333,2505.55859375,199.3,7.3,308
1791049374.3766541,2505.55859375,199.3,7.4,308
1791049374.577405,2505.55859375,204.2,6.7,308
1791049374.7781775,2505.55859375,204.2,5.4,308
1791049374.978894,2505.55859375,199.2,6.6,308
1791049375.1796613,2505.55859375,199.2,6.1,308
1791049375.3804197,2505.55859375,199.3,4.3,308
1791049375.5811555,2505.55859375,199.3,3.7,308
1791049375.7818851,2505.55859375,204.2,3.5,308
1791049375.9826324,2505.55859375,199.3,5.1,308
1791049376.1833851,2505.55859375,199.3,4.7,308
1791049376.3841274,2505.55859375,199.2,4.3,308
1791049376.584878,2505.55859375,199.2,6.3,308
1791049376.785709,2505.55859375,199.2,4.4,308
1791049376.9864852,2505.55859375,199.2,4.8,308
1791049377.18724,2505.55859375,204.2,4.6,308
1791049377.3879685,2505.55859375,199.3,3.7,308
1791049377.5886948,2505.55859375,199.3,5.1,308
1791049377.7894437,2505.55859375,199.3,3.7,308
1791049377.9901562,2505.55859375,199.3,4.6,308
1791049378.1908572,2505.55859375,204.3,4.6,308
1791049378.3915093,2505.55859375,199.4,6.2,308
1791049378.5921783,2505.55859375,204.3,7.9,308
1791049378.792936,2505.55859375,199.3,5.5,308
1791049378.9936717,2505.55859375,199.3,5.8,308
1791049379.1944103,2505.55859375,199.3,8.4,308
1791049379.395154,2505.55859375,199.2,7.6,308
1791049379.5959125,2505.55859375,204.3,5.1,308
1791049379.796629,2505.55859375,199.2,7.0,308
1791049379.9974132,2505.55859375,199.3,4.7,308
1791049380.198117,2505.55859375,199.3,6.0,308
1791049380.3988109,2505.55859375,199.3,6.0,308
1791049380.599573,2505.55859375,199.2,7.1,308
1791049380.8003564,2505.55859375,199.2,6.8,308
1791049381.0013041,2505.55859375,199.1,8.9,308
1791049381.2020588,2505.55859375,209.2,6.6,308
1791049381.4028144,2505.55859375,199.3,6.6,308
1791049381.60355,2505.55859375,199.3,5.9,308
1791049381.8042984,2505.55859375,199.3,5.9,308
1791049382.005031,2505.55859375,199.3,5.2,308
1791049382.205764,2505.55859375,199.3,5.1,308
1791049382.406524,2505.55859375,199.2,5.2,308
1791049382.6073194,2505.55859375,204.2,6.5,308
1791049382.8080416,2505.55859375,199.3,6.8,308
1791049383.0087352,2505.55859375,199.3,9.5,308
1791049383.2095037,2505.55859375,199.2,9.3,308
1791049383.4102771,2505.55859375,199.2,9.2,308
1791049383.6110718,2505.55859375,204.2,9.5,308
1791049383.8118415,2505.55859375,204.2,7.5,308
1791049384.0126398,2505.55859375,199.2,9.4,308
1791049384.2134209,2505.55859375,199.2,6.7,308
1791049384.4142148,2505.55859375,199.2,10.6,308
1791049384.6150105,2505.55859375,199.2,8.4,308
1791049384.815799,2505.55859375,199.2,8.9,308
1791049385.0165837,2505.55859375,204.2,9.3,308
1791049385.217421,2505.55859375,199.2,8.8,308
1791049385.418225,2505.55859375,199.2,7.3,308
1791049385.6191318,2505.55859375,199.1,7.6,308
1791049385.819912,2505.55859375,199.2,5.9,308
1791049386.02069,2505.55859375,199.2,9.5,308
1791049386.2214863,2505.55859375,199.2,6.6,308
1791049386.4222817,2505.55859375,204.2,5.3,308
1791049386.6230512,2505.55859375,199.2,5.4,308
1791049386.8239021,2505.55859375,199.2,5.2,308
1791049387.0246665,2505.55859375,199.3,6.7,308
1791049387.225434,2505.55859375,199.2,5.9,308
1791049387.426192,2505.55859375,209.2,7.2,308
1791049387.6269262,2505.55859375,199.3,6.7,308
1791049387.827669,2505.55859375,199.3,8.7,308
1791049388.02843,2505.55859375,199.2,7.7,308
1791049388.2292938,2505.55859375,199.1,7.5,308
1791049388.4301047,2505.55859375,199.2,8.7,308
1791049388.630844,2505.55859375,204.2,7.5,308
1791049388.8316364,2505.55859375,199.2,7.0,308
1791049389.0324214,2505.55859375,199.2,6.7,308
1791049389.233165,2505.55859375,199.3,6.7,308
1791049389.4338605,2505.55859375,199.3,7.6,308
1791049389.634537,2505.55859375,199.3,7.4,308
1791049389.835228,2505.55859375,199.3,7.9,308
1791049390.035997,2505.55859375,204.2,6.7,308
1791049390.2368717,2505.55859375,199.1,7.0,308
1791049390.4377117,2505.55859375,199.2,6.8,308
1791049390.638576,2505.55859375,204.1,7.0,308
1791049390.8394408,2505.55859375,199.1,7.1,308
1791049391.0403244,2505.55859375,199.1,6.3,308
1791049391.2411783,2505.55859375,204.1,7.7,308
1791049391.4420123,2505.55859375,199.2,6.3,308
1791049391.6428308,2505.55859375,199.2,6.7,308
1791049391.8436794,2505.55859375,199.1,8.0,308
1791049392.0445364,2505.55859375,199.2,7.9,308
1791049392.2453763,2505.55859375,199.2,7.2,308
1791049392.4462266,2505.55859375,204.2,6.9,308
1791049392.647065,2505.55859375,199.2,6.8,308
1791049392.8479316,2505.55859375,199.1,11.8,308
1791049393.0486763,2505.55859375,199.3,11.2,308
1791049393.2493699,2505.55859375,204.3,7.9,308
1791049393.4501214,2505.55859375,199.2,11.3,308
1791049393.6509624,2505.55859375,204.2,7.7,308
1791049393.8516326,2505.55859375,199.3,9.7,308
1791049394.0524142,2505.55859375,199.2,10.1,308
1791049394.2531714,2505.55859375,199.3,9.8,308
1791049394.4538913,2505.55859375,199.3,7.1,308
1791049394.6546512,2505.55859375,199.2,11.3,308
1791049394.8554332,2505.55859375,199.2,8.6,308
1791049395.0562108,2505.55859375,204.2,11.0,308
1791049395.2569358,2505.55859375,199.3,8.9,308
1791049395.4576929,2505.55859375,199.3,7.6,308
1791049395.6584337,2505.55859375,199.3,5.2,308
1791049395.8591201,2505.55859375,199.3,5.8,308
1791049396.0598583,2505.55859375,204.3,5.1,308
1791049396.2605174,2505.55859375,199.4,5.3,308
1791049396.4611614,2505.55859375,199.4,8.4,308
1791049396.6617959,2505.55859375,204.3,6.0,308
1791049396.8624861,2505.55859375,199.3,6.2,308
1791049397.0631206,2505.55859375,199.4,6.1,308
1791049397.2637527,2505.55859375,199.4,5.9,308
1791049397.464404,2505.55859375,199.3,6.4,308
1791049397.6650474,2505.55859375,204.3,5.5,308
1791049397.865736,2505.55859375,199.3,6.3,308
1791049398.0664306,2505.55859375,199.3,7.4,308
1791049398.2671075,2505.55859375,199.3,8.3,308
1791049398.4677722,2505.55859375,199.3,7.5,308
1791049398.6685138,2505.55859375,199.3,8.2,308
1791049398.8691852,2505.55859375,199.3,8.0,308
1791049399.0698183,2505.55859375,204.3,7.1,308
1791049399.2704852,2505.55859375,199.3,7.3,308
1791049399.4712615,2505.55859375,199.2,6.5,308
1791049399.6719358,2505.55859375,199.3,6.6,308
1791049399.8725896,2505.55859375,199.3,9.9,308
1791049400.0733435,2505.55859375,204.3,5.3,308
1791049400.2740173,2505.55859375,199.3,5.1,308
1791049400.474682,2505.55859375,199.3,5.2,308
1791049400.6753583,2505.55859375,204.3,5.5,308
1791049400.876008,2505.55859375,199.4,6.4,308
1791049401.0766203,2505.55859375,199.4,6.3,308
1791049401.277285,2505.55859375,199.3,7.9,308
1791049401.478021,2505.55859375,199.3,7.5,308
1791049401.678675,2505.55859375,199.4,6.3,308
1791049401.8793166,2505.55859375,199.4,4.6,308
1791049402.0799747,2505.55859375,199.3,5.2,308
1791049402.2806368,2505.55859375,199.3,5.6,308
1791049402.4813268,2505.55859375,204.3,4.9,308
1791049402.6820283,2505.55859375,204.3,4.4,308
1791049402.882703,2505.55859375,199.3,7.3,308
1791049403.0834763,2505.55859375,199.2,8.9,308
1791049403.2842753,2505.55859375,199.2,10.9,308
1791049403.4850485,2505.55859375,199.2,8.4,308
1791049403.6858177,2505.55859375,204.2,7.8,308
1791049403.8865285,2503.28515625,433.5,8.0,308
1791049404.0872383,2503.28515625,199.3,8.1,308
1791049404.2879612,2503.28515625,393.6,10.4,308
1791049404.488616,2503.28515625,199.3,5.4,308
1791049404.6893196,2503.28515625,199.3,7.4,308
1791049404.890102,2503.28515625,199.2,7.5,308
1791049405.090882,2503.28515625,199.2,6.5,308
1791049405.2916389,2503.28515625,199.3,5.4,308
1791049405.492367,2503.28515625,199.3,7.1,308
1791049405.693132,2503.28515625,204.2,5.4,308
1791049405.8938534,2503.28515625,199.3,5.3,308
1791049406.0945387,2503.28515625,199.3,5.3,308
1791049406.2952626,2503.28515625,204.3,5.3,308
1791049406.4959655,2503.28515625,199.3,8.2,308
1791049406.6966865,2503.28515625,199.3,7.6,308
1791049406.8974009,2503.28515625,199.3,5.0,308
1791049407.0981019,2503.28515625,204.3,4.1,308
1791049407.2987528,2503.28515625,199.3,3.7,308
1791049407.4994583,2503.28515625,199.3,6.0,308
1791049407.7002134,2503.28515625,199.2,8.0,308
1791049407.9009356,2503.28515625,199.3,5.4,308
1791049408.1016183,2503.28515625,199.3,5.2,308
1791049408.3023787,2503.28515625,199.3,7.1,308
1791049408.5030355,2503.28515625,204.3,5.8,308
1791049408.7036724,2503.28515625,199.4,5.7,308
1791049408.9043639,2503.28515625,199.3,5.4,308
1791049409.1050186,2503.28515625,199.3,4.8,308
1791049409.3057055,2503.28515625,199.4,4.2,308
1791049409.506329,2503.28515625,204.3,3.7,308
1791049409.7069945,2503.28515625,199.3,5.3,308
1791049409.9077444,2503.28515625,199.3,6.1,308
1791049410.1084409,2503.28515625,204.3,7.1,308
1791049410.309104,2503.28515625,199.3,5.5,308
1791049410.5097518,2503.28515625,199.4,5.4,308
1791049410.7104,2503.28515625,199.4,5.3,308
1791049410.911034,2503.28515625,199.4,5.5,308
1791049411.1117353,2503.28515625,199.3,5.7,308
1791049411.3124018,2503.28515625,199.3,4.8,308
1791049411.5130835,2503.28515625,204.3,7.3,308
1791049411.7138705,2503.28515625,199.2,8.8,308
1791049411.9146695,2503.28515625,199.3,6.0,308
1791049412.1153727,2503.28515625,199.3,6.2,308
1791049412.3160746,2503.28515625,199.3,6.4,308
1791049412.516758,2503.28515625,199.3,6.6,308
1791049412.7174428,2503.28515625,204.3,6.4,308
1791049412.9182224,2503.28515625,199.2,8.1,308
1791049413.1190913,2503.28515625,199.1,10.1,308
1791049413.3198562,2503.28515625,199.3,9.7,308
1791049413.520539,2503.28515625,199.3,7.9,308
1791049413.7212038,2503.28515625,204.3,8.1,308
1791049413.921934,2503.28515625,204.2,8.0,308
1791049414.1226556,2503.28515625,199.3,6.1,308
1791049414.3235877,2503.28515625,199.1,8.5,308
1791049414.5243292,2503.28515625,199.2,8.5,308
1791049414.7250667,2503.28515625,199.3,6.5,308
1791049414.9257236,2503.28515625,199.3,7.2,308
1791049415.1264372,2503.28515625,204.3,7.6,308
1791049415.327153,2503.28515625,199.3,9.1,308
1791049415.527893,2503.28515625,199.3,8.0,308
1791049415.7285924,2503.28515625,199.3,5.8,308
1791049415.929237,2503.28515625,199.3,4.4,308
1791049416.1298773,2503.28515625,199.4,4.8,308
1791049416.3305256,2503.28515625,199.4,4.1,308
1791049416.531175,2503.28515625,204.3,3.9,308
1791049416.7319005,2503.28515625,199.3,4.2,308
1791049416.9326334,2503.28515625,199.3,5.7,308
1791049417.1333654,2503.28515625,199.3,5.0,308
1791049417.3340943,2503.28515625,204.2,5.3,308
1791049417.5348518,2503.28515625,199.2,5.1,308
1791049417.735636,2503.28515625,204.2,7.1,308
1791049417.936404,2503.28515625,199.2,5.9,308
1791049418.137326,2503.28515625,199.1,5.3,308
1791049418.3382087,2503.28515625,199.1,5.1,308
1791049418.5390968,2503.28515625,199.1,7.7,308
1791049418.7398503,2503.28515625,204.2,9.1,308
1791049418.940592,2503.28515625,199.3,5.8,308
1791049419.1412795,2503.28515625,199.3,6.0,308
1791049419.3419216,2503.28515625,199.4,5.9,308
1791049419.542561,2503.28515625,199.4,5.2,308
1791049419.7432518,2503.28515625,199.3,6.2,308
1791049419.9440105,2503.28515625,199.3,4.6,308
1791049420.1447299,2503.28515625,204.2,4.6,308
1791049420.3455,2503.28515625,199.2,5.4,308
1791049420.5462766,2503.28515625,199.3,4.9,308
1791049420.7469704,2503.28515625,199.3,3.6,308
1791049420.9478884,2503.28515625,204.1,3.5,308
1791049421.1486838,2503.28515625,199.2,4.3,308
1791049421.3494506,2503.28515625,204.2,4.4,308
1791049421.5502403,2503.28515625,199.2,4.2,308
1791049421.7510393,2503.28515625,199.2,4.4,308
1791049421.951836,2503.28515625,199.2,4.7,308
1791049422.152628,2503.28515625,199.2,5.7,308
1791049422.3534167,2503.28515625,199.2,4.7,308
1791049422.5542076,2503.28515625,204.2,3.9,308
1791049422.7549944,2503.28515625,199.3,3.7,308
1791049422.955686,2503.28515625,199.3,7.1,308
1791049423.1564808,2503.28515625,199.2,7.3,308
1791049423.3572464,2503.28515625,199.2,8.4,308
1791049423.5580091,2503.28515625,199.2,7.6,308
1791049423.7587628,2503.28515625,204.2,9.9,308
1791049423.959522,2503.28515625,199.3,8.2,308
1791049424.1602767,2503.28515625,199.3,6.1,308
1791049424.360995,2503.28515625,199.3,7.5,308
1791049424.5616887,2503.28515625,199.3,8.2,308
1791049424.7624607,2503.28515625,199.2,5.6,308
1791049424.9632297,2503.28515625,209.2,6.5,308
1791049425.1641536,2503.28515625,199.1,6.5,308
1791049425.3649745,2503.28515625,199.2,6.5,308
1791049425.5657506,2503.28515625,199.2,11.3,308
1791049425.7665284,2503.28515625,199.3,6.0,308
1791049425.9672542,2503.28515625,199.3,7.0,308
1791049426.1680152,2503.28515625,204.2,6.3,308
1791049426.3687465,2503.28515625,199.3,6.1,308
1791049426.5694766,2503.28515625,199.3,5.3,308
1791049426.7701855,2503.28515625,199.3,5.6,308
1791049426.9708762,2503.28515625,199.3,5.0,308
1791049427.1715958,2503.28515625,199.2,5.5,308
1791049427.3724608,2503.28515625,204.1,4.3,308
1791049427.573212,2503.28515625,199.2,3.6,308
1791049427.7740836,2503.28515625,199.2,4.1,308
1791049427.9748201,2503.28515625,204.2,5.0,308
1791049428.1755471,2503.28515625,199.3,5.0,308
1791049428.3762527,2503.28515625,199.3,5.5,308
1791049428.5769763,2503.28515625,199.3,5.6,308
1791049428.777689,2503.28515625,199.3,5.1,308
1791049428.9783983,2503.28515625,204.3,7.0,308
1791049429.1790988,2506.78515625,393.6,6.9,308
1791049429.3798258,2506.78515625,199.3,4.8,308
1791049429.580608,2506.78515625,388.5,5.6,308
1791049429.781431,2506.78515625,204.2,5.3,308
1791049429.9821699,2506.78515625,199.3,4.4,308
1791049430.1828938,2506.78515625,199.3,4.9,308
1791049430.3835955,2506.78515625,199.3,4.8,308
1791049430.5843034,2506.78515625,204.3,6.7,308
1791049430.7850325,2506.78515625,199.3,5.3,308
1791049430.9857342,2506.78515625,204.3,5.3,308
1791049431.1864488,2506.78515625,199.3,5.3,308
1791049431.3871634,2506.78515625,199.3,5.6,308
1791049431.5878718,2506.78515625,199.3,5.0,308
1791049431.7886105,2506.78515625,199.3,6.6,308
1791049431.98932,2506.78515625,199.3,4.4,308
1791049432.1900556,2506.78515625,199.3,4.4,308
1791049432.3907523,2506.78515625,204.3,6.3,308
1791049432.5914783,2506.78515625,199.3,3.9,308
1791049432.7922254,2506.78515625,199.2,4.6,308
1791049432.9930146,2506.78515625,199.2,9.4,308
1791049433.1937733,2506.78515625,199.2,8.9,308
1791049433.3945336,2506.78515625,199.2,8.8,308
1791049433.5952957,2506.78515625,204.2,9.0,308
1791049433.7960494,2506.78515625,204.2,6.9,308
1791049433.9968,2506.78515625,199.2,10.4,308
1791049434.1975844,2506.78515625,199.3,6.3,308
1791049434.3982904,2506.78515625,199.2,7.0,308
1791049434.5990837,2506.78515625,199.2,7.2,308
1791049434.7998672,2506.78515625,199.2,7.1,308
1791049435.0006568,2506.78515625,204.2,8.1,308
1791049435.2016058,2506.78515625,199.1,6.3,308
1791049435.4024744,2506.78515625,199.1,6.0,308
1791049435.6034145,2506.78515625,199.1,8.0,308
1791049435.8042192,2506.78515625,199.2,7.4,308
1791049436.0050313,2506.78515625,199.2,5.6,308
1791049436.2057247,2506.78515625,209.2,4.9,308
1791049436.4064817,2506.78515625,199.3,4.5,308
1791049436.6071963,2506.78515625,199.2,4.7,308
1791049436.8079479,2506.78515625,199.3,4.8,308
1791049437.00862,2506.78515625,199.3,5.4,308
1791049437.209306,2506.78515625,199.3,4.9,308
1791049437.4099996,2506.78515625,199.3,7.0,308
1791049437.6106527,2506.78515625,199.4,5.4,308
1791049437.8113146,2506.78515625,204.3,5.6,308
1791049438.011966,2506.78515625,199.3,6.7,308
1791049438.212656,2506.78515625,199.3,8.2,308
1791049438.4133456,2506.78515625,199.3,6.2,308
1791049438.6140945,2506.78515625,199.3,5.2,308
1791049438.8147457,2506.78515625,199.4,5.2,308
1791049439.0154307,2506.78515625,204.3,5.2,308
1791049439.2161138,2506.78515625,199.3,8.9,308
1791049439.4168177,2506.78515625,199.2,5.9,308
1791049439.6176085,2506.78515625,199.2,6.6,308
1791049439.8183894,2506.78515625,199.2,8.2,308
1791049440.0191877,2506.78515625,204.2,6.2,308
1791049440.219959,2506.78515625,204.2,6.4,308
1791049440.4206738,2506.78515625,194.3,5.4,308
1791049440.6213374,2506.78515625,204.3,4.2,308
1791049440.8219783,2506.78515625,199.3,7.4,308
1791049441.022663,2506.78515625,199.3,3.6,308
1791049441.2233107,2506.78515625,199.4,3.7,308
1791049441.4239423,2506.78515625,199.4,4.1,308
1791049441.6246634,2506.78515625,199.3,4.0,308
1791049441.8254244,2506.78515625,204.2,7.2,308
1791049442.026155,2506.78515625,199.3,4.5,308
1791049442.22683,2506.78515625,199.3,4.4,308
1791049442.427627,2506.78515625,199.2,4.7,308
1791049442.628308,2506.78515625,199.3,8.2,308
1791049442.8289762,2506.78515625,199.3,7.0,308
1791049443.0298195,2506.78515625,204.1,8.7,308
1791049443.2305737,2506.78515625,199.2,6.1,308
1791049443.431344,2506.78515625,199.2,7.9,308
1791049443.632098,2506.78515625,204.2,8.3,308
1791049443.8328326,2506.78515625,199.3,7.7,308
1791049444.033598,2506.78515625,199.3,8.7,308
1791049444.2343504,2506.78515625,199.2,9.0,308
1791049444.4351356,2506.78515625,199.2,8.6,308
1791049444.6359305,2506.78515625,199.2,7.9,308
1791049444.8366926,2506.78515625,199.2,7.1,308
1791049445.0374696,2506.78515625,204.2,7.6,308
1791049445.238239,2506.78515625,199.2,7.2,308
1791049445.4390523,2506.78515625,204.2,4.6,308
1791049445.6397874,2506.78515625,199.2,5.6,308
1791049445.840579,2506.78515625,199.3,3.9,308
1791049446.041339,2506.78515625,199.2,7.3,308
1791049446.2420938,2506.78515625,199.2,6.0,308
1791049446.442873,2506.78515625,204.2,4.4,308
1791049446.6436331,2506.78515625,199.2,4.8,308
1791049446.8444293,2506.78515625,199.2,4.9,308
1791049447.0451896,2506.78515625,199.2,5.1,308
1791049447.2459407,2506.78515625,199.2,4.7,308
1791049447.4467046,2506.78515625,204.2,3.9,308
1791049447.6474905,2506.78515625,199.2,3.8,308
1791049447.8482513,2506.78515625,199.2,7.1,308
1791049448.0490062,2506.78515625,199.2,4.7,308
1791049448.249782,2506.78515625,199.2,4.8,308
1791049448.4505699,2506.78515625,199.2,7.6,308
1791049448.6513548,2506.78515625,204.2,6.4,308
1791049448.8521333,2506.78515625,199.3,7.9,308
1791049449.052828,2506.78515625,204.3,6.2,308
1791049449.253675,2506.78515625,199.2,6.3,308
1791049449.4544091,2506.78515625,199.3,6.8,308
1791049449.65514,2506.78515625,199.3,5.3,308
1791049449.855906,2506.78515625,204.2,5.5,308
1791049450.0567179,2506.78515625,199.2,4.6,308
1791049450.25748,2506.78515625,199.2,4.5,308
1791049450.4582813,2506.78515625,199.2,5.4,308
1791049450.6590998,2506.78515625,199.2,4.9,308
1791049450.8598707,2506.78515625,199.2,5.3,308
1791049451.0606594,2506.78515625,199.2,5.2,308
1791049451.2614343,2506.78515625,204.2,7.9,308
1791049451.462181,2506.78515625,199.3,5.7,308
1791049451.6628637,2506.78515625,199.3,5.6,308
1791049451.8636124,2506.78515625,199.3,5.1,308
1791049452.0644128,2506.78515625,199.2,4.2,308
1791049452.2652123,2506.78515625,204.2,4.7,308
1791049452.4660282,2506.78515625,199.2,3.9,308
1791049452.6667407,2506.78515625,199.3,4.2,308
1791049452.8675299,2506.78515625,199.2,9.3,308
1791049453.0682955,2506.78515625,204.2,9.3,308
1791049453.2690854,2506.78515625,199.2,7.4,308
1791049453.4698355,2506.78515625,204.2,8.9,308
1791049453.670621,2506.78515625,199.2,8.7,308
1791049453.8713994,2506.78515625,199.2,8.7,308
1791049454.0721807,2506.78515625,199.2,6.2,308
1791049454.2729437,2506.78515625,199.3,7.5,308
1791049454.4736671,2506.78515625,199.2,5.8,308
1791049454.674581,2506.78515625,199.1,6.7,308
1791049454.8753433,2506.78515625,204.2,6.8,308
1791049455.0761259,2506.78515625,199.2,6.9,308
1791049455.276906,2506.78515625,199.2,6.0,308
1791049455.4776328,2506.78515625,199.3,7.6,308
1791049455.6783512,2506.78515625,204.3,5.4,308
1791049455.8790073,2506.78515625,199.3,5.5,308
1791049456.0797791,2506.78515625,199.2,7.6,308
1791049456.280539,2506.78515625,204.2,7.6,308
1791049456.4813266,2506.78515625,199.2,8.4,308
1791049456.6820796,2506.78515625,199.2,4.6,308
1791049456.882858,2506.78515625,199.2,4.7,308
1791049457.0836232,2506.78515625,199.2,4.6,308
1791049457.2843919,2506.78515625,199.2,4.9,308
1791049457.4851916,2506.78515625,204.2,4.9,308
1791049457.686108,2506.78515625,199.1,6.5,308
1791049457.8868852,2506.78515625,199.2,6.6,308
1791049458.087648,2506.78515625,199.3,7.0,308
1791049458.2883756,2506.78515625,199.3,6.0,308
1791049458.4891205,2506.78515625,199.2,6.0,308
1791049458.6898882,2506.78515625,204.2,5.3,308
1791049458.8906362,2506.78515625,199.3,4.9,308
1791049459.0913694,2506.78515625,204.2,4.4,308
1791049459.292303,2506.78515625,199.1,4.7,308
1791049459.4930754,2506.78515625,199.3,4.6,308
1791049459.6937592,2506.78515625,199.3,5.6,308
1791049459.8945165,2506.78515625,199.2,5.2,308
1791049460.0952976,2506.78515625,204.2,4.5,308
1791049460.2960894,2506.78515625,199.2,4.6,308
1791049460.4968638,2506.78515625,199.2,4.9,308
1791049460.697615,2506.78515625,199.3,5.0,308
1791049460.8983567,2506.78515625,199.3,4.6,308
1791049461.099087,2506.78515625,199.3,4.2,308
1791049461.2998514,2506.78515625,204.2,3.9,308
1791049461.5005918,2506.78515625,199.3,5.4,308
1791049461.7013414,2506.78515625,199.2,6.1,308
1791049461.9020972,2506.78515625,199.3,3.7,308
1791049462.1027853,2506.78515625,199.3,4.3,308
1791049462.3035462,2506.78515625,199.2,4.6,308
1791049462.504305,2506.78515625,209.2,4.7,308
1791049462.7050934,2506.78515625,199.2,4.6,308
1791049462.9059668,2506.78515625,199.1,7.8,308
1791049463.1067193,2506.78515625,199.2,9.6,308
1791049463.3075018,2506.78515625,199.2,8.2,308
1791049463.5082972,2506.78515625,199.2,7.3,308
1791049463.7091384,2506.78515625,204.1,7.2,308
1791049463.9099405,2506.78515625,199.2,9.1,308
1791049464.1107242,2506.78515625,199.3,5.7,308
1791049464.3114243,2506.78515625,199.3,7.2,308
1791049464.5121741,2506.78515625,199.3,5.4,308
1791049464.7128901,2506.78515625,199.3,7.2,308
1791049464.9136646,2506.78515625,199.2,9.1,308
1791049465.114463,2506.78515625,204.2,7.8,308
1791049465.3152356,2506.78515625,199.2,5.6,308
1791049465.5159934,2506.78515625,199.2,7.1,308
1791049465.7167263,2506.78515625,199.3,4.0,308
1791049465.9174707,2506.78515625,199.3,3.9,308
1791049466.1182551,2506.78515625,209.2,4.2,308
1791049466.3190067,2506.78515625,199.3,4.1,308
1791049466.5197697,2506.78515625,199.2,5.8,308
1791049466.720558,2506.78515625,199.3,5.9,308
1791049466.9212554,2506.78515625,199.3,6.1,308
1791049467.1219594,2506.78515625,199.3,6.0,308
1791049467.3226173,2506.78515625,199.4,6.1,308
1791049467.5232763,2506.78515625,204.3,5.8,308
1791049467.723928,2506.78515625,199.3,5.1,308
1791049467.9246724,2506.78515625,199.2,5.7,308
1791049468.1254487,2506.78515625,199.2,5.6,308
1791049468.3262382,2506.78515625,199.2,8.9,308
1791049468.5270505,2506.78515625,199.2,5.9,308
1791049468.7278113,2506.78515625,204.2,5.2,308
1791049468.9285936,2506.78515625,199.2,5.3,308
1791049469.132094,2553.78515625,383.3,7.7,308
1791049469.3328695,2506.03515625,199.3,6.0,308
1791049469.5336022,2506.03515625,204.2,5.6,308
1791049469.7343786,2506.03515625,388.5,7.3,308
1791049469.935142,2506.03515625,199.2,6.0,308
1791049470.1359286,2506.03515625,199.2,6.7,308
1791049470.3366506,2506.03515625,199.3,4.3,308
1791049470.5373864,2506.03515625,199.3,4.9,308
1791049470.738146,2506.03515625,204.2,4.1,308
1791049470.9388678,2506.03515625,199.3,3.7,308
1791049471.1396291,2506.03515625,199.2,4.0,308
1791049471.3403788,2506.03515625,199.3,4.4,308
1791049471.5411487,2506.03515625,199.2,6.2,308
1791049471.742048,2506.03515625,199.1,7.7,308
1791049471.942823,2506.03515625,204.2,5.7,308
1791049472.1435883,2506.03515625,199.2,7.7,308
1791049472.3444028,2506.03515625,204.2,5.1,308
1791049472.5451775,2506.03515625,199.2,4.6,308
1791049472.7459617,2506.03515625,199.2,4.4,308
1791049472.946718,2506.03515625,199.2,8.3,308
1791049473.1474872,2506.03515625,199.2,8.1,308
1791049473.3482583,2506.03515625,204.2,10.3,308
1791049473.5490205,2506.03515625,199.3,9.1,308
1791049473.7497168,2506.03515625,199.3,8.5,308
1791049473.9504647,2506.03515625,199.3,8.5,308
1791049474.1511924,2506.03515625,199.3,7.3,308
1791049474.3518054,2506.03515625,199.3,8.3,308
1791049474.5525966,2506.03515625,199.2,8.2,308
1791049474.753367,2506.03515625,204.2,5.8,308
1791049474.9540932,2506.03515625,199.3,6.7,308
1791049475.1548743,2506.03515625,199.2,8.9,308
1791049475.3556602,2506.03515625,199.2,5.7,308
1791049475.5564222,2506.03515625,199.2,6.8,308
1791049475.7572324,2506.03515625,204.2,5.1,308
1791049475.9580405,2506.03515625,204.2,4.9,308
1791049476.158753,2506.03515625,199.3,4.8,308
1791049476.3595493,2506.03515625,199.2,4.9,308
1791049476.5603216,2506.03515625,199.2,4.5,308
1791049476.7610528,2506.03515625,199.2,4.6,308
1791049476.9618316,2506.03515625,199.3,5.5,308
1791049477.1625495,2506.03515625,204.3,3.4,308
1791049477.3632631,2506.03515625,199.3,3.7,308
1791049477.5639646,2506.03515625,199.3,3.9,308
1791049477.7646663,2506.03515625,199.3,3.8,308
1791049477.965318,2506.03515625,199.3,4.8,308
1791049478.166002,2506.03515625,199.3,5.1,308
1791049478.3666914,2506.03515625,204.3,5.5,308
1791049478.5674584,2506.03515625,199.2,8.2,308
1791049478.7681594,2506.03515625,199.3,5.6,308
1791049478.9689026,2506.03515625,199.3,7.3,308
1791049479.1696572,2506.03515625,199.3,6.4,308
1791049479.3703852,2506.03515625,204.3,4.0,308
1791049479.57109,2506.03515625,199.3,3.8,308
1791049479.7718134,2506.03515625,204.2,6.8,308
1791049479.9726303,2506.03515625,199.2,4.8,308
1791049480.1734219,2506.03515625,199.2,3.6,308
1791049480.3741817,2506.03515625,199.2,8.1,308
1791049480.5749397,2506.03515625,199.3,6.1,308
1791049480.77561,2506.03515625,199.3,6.7,308
1791049480.9762928,2506.03515625,204.3,6.6,308
1791049481.1769764,2506.03515625,199.3,6.4,308
1791049481.37765,2506.03515625,199.3,5.5,308
1791049481.5783756,2506.03515625,199.3,4.5,308
1791049481.7790768,2506.03515625,199.3,4.4,308
1791049481.9798107,2506.03515625,199.3,6.5,308
1791049482.1805031,2506.03515625,199.3,4.6,308
1791049482.381237,2506.03515625,204.2,4.6,308
1791049482.5819879,2506.03515625,199.3,5.3,308
1791049482.782718,2506.03515625,199.3,5.5,308
1791049482.983488,2506.03515625,199.2,8.7,308
1791049483.1842296,2506.03515625,204.2,8.9,308
1791049483.38497,2506.03515625,199.2,8.3,308
1791049483.5857592,2506.03515625,204.2,7.6,308
1791049483.7865474,2506.03515625,199.2,9.2,308
1791049483.9873054,2506.03515625,199.2,6.8,308
1791049484.1880682,2506.03515625,199.3,5.6,308
1791049484.3887825,2506.03515625,199.3,6.8,308
1791049484.589556,2506.03515625,199.2,6.1,308
1791049484.7903123,2506.03515625,199.3,5.3,308
1791049484.9909978,2506.03515625,204.3,7.0,308
1791049485.1917305,2506.03515625,199.3,7.2,308
1791049485.3924172,2506.03515625,199.3,7.0,308
1791049485.5931096,2506.03515625,199.3,6.1,308
1791049485.7938673,2506.03515625,199.3,4.5,308
1791049485.9945776,2506.03515625,199.3,3.9,308
1791049486.1953309,2506.03515625,204.2,4.3,308
1791049486.3960295,2506.03515625,199.3,4.2,308
1791049486.596697,2506.03515625,199.3,3.9,308
1791049486.7973697,2506.03515625,204.3,3.6,308
1791049486.9980621,2506.03515625,199.3,6.2,308
1791049487.1987832,2506.03515625,199.3,6.2,308
1791049487.39946,2506.03515625,199.3,4.4,308
1791049487.6001573,2506.03515625,204.3,4.9,308
1791049487.800805,2506.03515625,199.4,5.2,308
1791049488.0014641,2506.03515625,199.3,5.3,308
1791049488.202112,2506.03515625,199.3,6.2,308
1791049488.4028537,2506.03515625,199.3,5.0,308
1791049488.6034977,2506.03515625,199.4,4.7,308
1791049488.804148,2506.03515625,199.3,6.4,308
1791049489.0047889,2506.03515625,199.4,5.1,308
1791049489.2054198,2506.03515625,199.4,4.6,308
1791049489.4060826,2506.03515625,204.3,5.3,308
1791049489.6067739,2506.03515625,204.3,5.0,308
1791049489.807529,2506.03515625,199.2,5.0,308
1791049490.008321,2506.03515625,199.2,5.6,308
1791049490.2091143,2506.03515625,199.2,4.4,308
1791049490.4098647,2506.03515625,199.2,4.7,308
1791049490.6106474,2506.03515625,204.2,5.3,308
1791049490.8114285,2506.03515625,199.3,3.8,308
1791049491.0121744,2506.03515625,199.2,4.4,308
1791049491.2130609,2506.03515625,199.2,3.9,308
1791049491.4137368,2506.03515625,199.3,3.7,308
1791049491.614482,2506.03515625,199.3,4.6,308
1791049491.8151815,2506.03515625,199.3,5.2,308
1791049492.015962,2506.03515625,204.2,4.9,308
1791049492.2166607,2506.03515625,199.3,6.4,308
1791049492.4174354,2506.03515625,199.2,5.0,308
1791049492.6182146,2506.03515625,199.2,6.7,308
1791049492.8189986,2506.03515625,199.2,4.8,308
1791049493.0197268,2506.03515625,204.2,7.3,308
1791049493.2205157,2506.03515625,204.2,7.7,308
1791049493.42128,2506.03515625,199.2,7.8,308
1791049493.6220555,2506.03515625,199.2,8.0,308
1791049493.8228104,2506.03515625,199.3,6.5,308
1791049494.0235007,2506.03515625,199.3,10.1,308
1791049494.2242823,2506.03515625,199.2,10.4,308
1791049494.4250467,2506.03515625,204.3,7.7,308
1791049494.6257203,2505.328125,383.6,12.1,308
1791049494.8265257,2505.328125,199.2,9.4,308
1791049495.027347,2505.328125,398.3,10.3,308
1791049495.228271,2505.328125,199.1,6.0,308
1791049495.4291918,2505.328125,209.0,6.3,308
1791049495.6301055,2505.328125,199.1,7.4,308
1791049495.8308709,2505.328125,199.3,6.7,308
1791049496.0315473,2505.328125,199.4,5.0,308
1791049496.232193,2505.328125,199.3,5.3,308
1791049496.4328456,2505.328125,204.3,5.4,308
1791049496.6334817,2505.328125,199.4,6.2,308
1791049496.8341413,2505.328125,199.3,5.6,308
1791049497.0347807,2505.328125,199.4,5.4,308
1791049497.235445,2505.328125,199.3,5.3,308
1791049497.4361036,2505.328125,199.3,4.6,308
1791049497.6367328,2505.328125,199.4,6.3,308
1791049497.8373585,2505.328125,199.4,5.2,308
1791049498.0379844,2505.328125,204.3,5.5,308
1791049498.2387114,2505.328125,199.2,8.6,308
1791049498.4395297,2505.328125,199.2,6.4,308
1791049498.6402912,2505.328125,199.3,6.3,308
1791049498.8409932,2505.328125,199.3,6.6,308
1791049499.0417304,2505.328125,199.3,6.1,308
1791049499.2424388,2505.328125,199.3,7.5,308
1791049499.4432244,2505.328125,204.2,5.5,308
1791049499.6439836,2505.328125,199.3,5.2,308
1791049499.8447132,2505.328125,204.3,5.5,308
1791049500.0455387,2505.328125,199.2,5.0,308
1791049500.2463055,2505.328125,199.2,3.9,308
1791049500.44709,2505.328125,204.2,3.9,308
1791049500.6478589,2505.328125,199.2,4.2,308
1791049500.8486433,2505.328125,199.2,5.9,308
1791049501.049429,2505.328125,199.2,5.0,308
1791049501.25019,2505.328125,199.2,4.8,308
1791049501.4509468,2505.328125,204.2,4.7,308
1791049501.6517086,2505.328125,199.2,4.8,308
1791049501.8524861,2505.328125,199.2,4.3,308
1791049502.0532615,2505.328125,199.2,3.7,308
1791049502.253984,2505.328125,199.3,8.0,308
1791049502.454749,2505.328125,199.3,3.9,308
1791049502.6554863,2505.328125,199.3,5.4,308
1791049502.8562078,2505.328125,204.2,6.9,308
1791049503.0569813,2505.328125,199.3,8.8,308
1791049503.2577255,2505.328125,199.2,8.5,308
1791049503.4585252,2505.328125,199.2,8.5,308
1791049503.659277,2505.328125,199.3,6.2,308
1791049503.8600237,2505.328125,199.2,7.8,308
1791049504.060823,2505.328125,209.2,7.9,308
1791049504.2616186,2505.328125,199.3,5.5,308
1791049504.4623682,2505.328125,199.2,8.9,308
1791049504.6631386,2505.328125,199.2,7.1,308
1791049504.863903,2505.328125,199.2,7.1,308
1791049505.0646687,2505.328125,199.3,7.1,308
1791049505.2654364,2505.328125,204.2,7.4,308
1791049505.4662452,2505.328125,199.2,10.5,308
1791049505.6670232,2505.328125,199.2,7.5,308
1791049505.8678868,2505.328125,199.1,9.7,308
1791049506.068675,2505.328125,199.2,8.0,308
1791049506.2694464,2505.328125,199.2,6.6,308
1791049506.470224,2505.328125,204.2,5.6,308
1791049506.6710305,2505.328125,199.2,7.6,308
1791049506.8719122,2505.328125,199.1,5.3,308
1791049507.0727606,2505.328125,204.2,5.0,308
1791049507.2735274,2505.328125,199.2,4.6,308
1791049507.4743252,2505.328125,199.2,5.3,308
1791049507.6751406,2505.328125,199.2,7.0,308
1791049507.8759096,2505.328125,199.2,10.6,308
1791049508.0766625,2505.328125,204.2,8.7,308
1791049508.2774389,2505.328125,199.2,8.7,308
1791049508.4782312,2505.328125,199.2,9.2,308
1791049508.6791492,2505.328125,199.1,8.7,308
1791049508.8799021,2505.328125,199.3,6.9,308
1791049509.080644,2505.328125,199.3,6.6,308
1791049509.2813995,2505.328125,204.2,6.2,308
1791049509.4822211,2505.328125,199.2,7.3,308
1791049509.6829796,2505.328125,199.2,5.7,308
1791049509.883751,2505.328125,204.2,6.9,308
1791049510.0845232,2505.328125,199.2,9.1,308
1791049510.2853131,2505.328125,199.2,7.0,308
1791049510.4860747,2505.328125,204.2,7.0,308
1791049510.686826,2505.328125,199.2,7.0,308
1791049510.8875916,2505.328125,199.2,6.9,308
1791049511.088341,2505.328125,199.2,6.3,308
1791049511.2891197,2505.328125,199.2,9.1,308
1791049511.4901202,2505.328125,204.0,5.3,308
1791049511.690867,2505.328125,199.2,5.6,308
1791049511.891628,2505.328125,199.2,5.5,308
1791049512.0924125,2505.328125,199.2,6.3,308
1791049512.2932012,2505.328125,199.2,6.3,308
1791049512.4939747,2505.328125,204.2,6.4,308
1791049512.694725,2505.328125,199.2,6.1,308
1791049512.8955142,2505.328125,199.2,10.7,308
1791049513.0963392,2505.328125,199.2,9.3,308
1791049513.2971184,2505.328125,199.2,7.6,308
1791049513.4979095,2505.328125,204.2,9.5,308
1791049513.6988466,2505.328125,199.1,8.8,308
1791049513.899646,2505.328125,199.2,8.8,308
1791049514.100441,2505.328125,204.2,7.3,308
1791049514.3011713,2505.328125,199.3,9.8,308
1791049514.5019577,2505.328125,199.2,9.2,308
1791049514.7027419,2505.328125,199.2,9.7,308
1791049514.9035835,2505.328125,199.1,8.8,308
1791049515.104559,2505.328125,204.0,8.5,308
1791049515.3053617,2505.328125,199.2,7.0,308
1791049515.5061512,2505.328125,199.2,8.6,308
1791049515.7069378,2505.328125,199.2,5.8,308
1791049515.9077218,2505.328125,199.2,5.4,308
1791049516.108508,2505.328125,199.2,5.4,308
1791049516.3092828,2505.328125,204.2,8.6,308
1791049516.5100632,2505.328125,199.2,6.3,308
1791049516.710816,2505.328125,199.3,6.1,308
1791049516.9115245,2505.328125,199.3,6.7,308
1791049517.1122236,2505.328125,204.3,6.3,308
1791049517.3129106,2505.328125,199.3,6.0,308
1791049517.5135994,2505.328125,199.3,6.2,308
1791049517.7143116,2505.328125,204.2,10.1,308
1791049517.9151156,2505.328125,199.2,7.6,308
1791049518.115905,2505.328125,199.2,8.7,308
1791049518.3166249,2505.328125,199.3,6.9,308
1791049518.5173683,2505.328125,199.3,7.5,308
1791049518.7181013,2505.328125,199.2,7.3,308
1791049518.9189076,2505.328125,204.2,8.5,308
1791049519.1196387,2505.328125,199.3,9.2,308
1791049519.3203547,2505.328125,199.3,8.2,308
1791049519.5211184,2505.328125,199.2,7.6,308
1791049519.7218573,2505.328125,199.2,9.9,308
1791049519.922645,2505.328125,199.2,8.7,308
1791049520.1234345,2505.328125,204.2,6.9,308
1791049520.3241534,2505.328125,199.2,7.0,308
1791049520.5250103,2505.328125,204.2,6.7,308
1791049520.7257473,2505.328125,199.3,6.7,308
1791049520.9264717,2505.328125,199.3,6.8,308
1791049521.1272514,2505.328125,199.3,7.2,308
1791049521.3279657,2505.328125,199.3,7.6,308
1791049521.5286927,2505.328125,199.3,9.8,308
1791049521.7294285,2505.328125,204.2,10.8,308
1791049521.930223,2505.328125,199.2,7.7,308
1791049522.130935,2505.328125,199.3,8.0,308
1791049522.33165,2505.328125,199.3,7.2,308
1791049522.5323632,2505.328125,199.3,7.3,308
1791049522.7330709,2505.328125,204.3,6.1,308
1791049522.9338253,2505.328125,199.2,9.3,308
1791049523.1346123,2505.328125,199.2,9.4,308
1791049523.3353953,2505.328125,199.2,11.1,308
1791049523.5361974,2505.328125,199.2,9.4,308
1791049523.7369683,2505.328125,199.2,10.5,308
1791049523.9377365,2505.328125,209.2,10.0,308
1791049524.1385303,2505.328125,199.2,8.1,308
1791049524.3393254,2505.328125,199.2,9.8,308
1791049524.5402625,2505.328125,199.1,7.4,308
1791049524.7412894,2505.328125,199.0,8.0,308
1791049524.9421911,2505.328125,199.1,8.7,308
1791049525.142971,2505.328125,204.2,8.8,308
1791049525.343743,2505.328125,199.3,6.4,308
1791049525.5444772,2505.328125,199.3,7.5,308
1791049525.7452326,2505.328125,199.2,6.3,308
1791049525.9460511,2505.328125,204.2,8.2,308
1791049526.1467845,2505.328125,199.3,6.1,308
1791049526.3475044,2505.328125,199.3,6.0,308
1791049526.5482397,2505.328125,199.3,7.4,308
1791049526.7489643,2505.328125,204.3,6.1,308
1791049526.949646,2505.328125,199.3,6.1,308
1791049527.150341,2505.328125,199.3,5.7,308
1791049527.3511157,2505.328125,199.2,5.4,308
1791049527.5518055,2505.328125,199.3,5.2,308
1791049527.7525172,2505.328125,199.3,5.5,308
1791049527.9532816,2505.328125,199.3,6.9,308
1791049528.1539648,2505.328125,204.3,7.4,308
1791049528.3546305,2505.328125,199.3,8.6,308
1791049528.55533,2505.328125,199.3,7.0,308
1791049528.7559874,2505.328125,199.3,8.6,308
1791049528.9567366,2505.328125,199.3,6.7,308
1791049529.157397,2505.328125,199.4,6.4,308
1791049529.3580484,2505.328125,199.3,6.0,308
1791049529.5586882,2505.328125,204.3,5.3,308
1791049529.7593324,2505.328125,204.3,5.6,308
1791049529.9600046,2505.328125,199.3,7.4,308
1791049530.160743,2505.328125,199.3,6.5,308
1791049530.3614588,2505.328125,199.3,6.4,308
1791049530.5622041,2505.328125,199.3,6.0,308
1791049530.7628696,2505.328125,204.3,6.2,308
1791049530.9635358,2505.328125,199.3,5.9,308
1791049531.1642017,2505.328125,199.3,6.0,308
1791049531.36487,2505.328125,199.3,5.6,308
1791049531.5656047,2505.328125,199.3,6.5,308
1791049531.7662668,2505.328125,199.3,8.3,308
1791049531.9669185,2505.328125,204.3,6.0,308
1791049532.1675668,2505.328125,199.4,5.9,308
1791049532.3682477,2505.328125,199.3,6.5,308
1791049532.5690243,2505.328125,199.3,7.0,308
1791049532.7696807,2505.328125,199.3,7.3,308
1791049532.9703732,2505.328125,199.3,10.2,308
1791049533.1711228,2505.328125,199.3,12.3,308
1791049533.3718686,2505.328125,204.2,13.6,308
1791049533.5726395,2505.328125,199.3,9.2,308
1791049533.773333,2505.328125,204.3,10.5,308
1791049533.974081,2505.328125,199.3,10.2,308
1791049534.1747928,2505.328125,199.3,8.1,308
1791049534.3754508,2505.328125,199.3,9.7,308
1791049534.576218,2502.79296875,463.2,11.2,308
1791049534.7769792,2502.79296875,199.2,7.4,308
1791049534.9777467,2502.79296875,204.2,11.6,308
1791049535.1785057,2502.79296875,398.5,12.4,308
1791049535.379267,2502.79296875,199.2,8.5,308
1791049535.5800357,2502.79296875,199.2,9.5,308
1791049535.780816,2502.79296875,199.2,9.1,308
1791049535.9815936,2502.79296875,199.2,8.8,308
1791049536.182613,2502.79296875,199.0,7.1,308
1791049536.383405,2502.79296875,204.2,5.2,308
1791049536.5842168,2502.79296875,204.2,5.5,308
1791049536.784965,2502.79296875,199.3,5.6,308
1791049536.9856741,2502.79296875,199.3,8.3,308
1791049537.186392,2502.79296875,199.3,6.7,308
1791049537.3871038,2502.79296875,199.2,6.0,308
1791049537.5878906,2502.79296875,199.2,5.8,308
1791049537.7886348,2502.79296875,199.3,6.2,308
1791049537.9893618,2502.79296875,199.3,6.8,308
1791049538.1900613,2502.79296875,204.3,6.3,308
1791049538.3907669,2502.79296875,199.3,6.6,308
1791049538.5915532,2502.79296875,199.2,8.3,308
1791049538.7923203,2502.79296875,199.3,6.3,308
1791049538.993034,2502.79296875,199.3,6.4,308
1791049539.1937299,2502.79296875,199.3,6.4,308
1791049539.3944569,2502.79296875,204.2,7.0,308
1791049539.595268,2502.79296875,204.2,6.2,308
1791049539.79601,2502.79296875,199.3,6.0,308
1791049539.996726,2502.79296875,199.3,6.9,308
1791049540.1974936,2502.79296875,199.3,6.0,308
1791049540.3982081,2502.79296875,199.2,8.3,308
1791049540.5989928,2502.79296875,204.2,5.6,308
1791049540.7997391,2502.79296875,199.3,7.7,308
1791049541.0004718,2502.79296875,199.3,5.9,308
1791049541.201165,2502.79296875,199.3,6.0,308
1791049541.4018784,2502.79296875,199.2,6.3,308
1791049541.6026857,2502.79296875,199.2,7.1,308
1791049541.803395,2502.79296875,204.3,7.0,308
1791049542.0040896,2502.79296875,199.3,7.2,308
1791049542.2047887,2502.79296875,199.3,8.5,308
1791049542.4055083,2502.79296875,199.3,7.0,308
1791049542.606298,2502.79296875,199.2,6.6,308
1791049542.807034,2502.79296875,204.3,7.0,308
1791049543.0078092,2502.79296875,199.2,9.3,308
1791049543.2085729,2502.79296875,199.3,9.3,308
1791049543.4093394,2502.79296875,204.2,9.8,308
1791049543.6101406,2502.79296875,199.2,9.2,308
1791049543.8109229,2502.79296875,199.2,10.1,308
1791049544.0116792,2502.79296875,199.3,12.4,308
1791049544.2123885,2502.79296875,199.3,8.9,308
1791049544.4130695,2502.79296875,204.2,12.4,308
1791049544.613858,2502.79296875,199.2,10.2,308
1791049544.8146353,2502.79296875,199.2,8.9,308
1791049545.0154192,2502.79296875,199.2,10.1,308
1791049545.2161622,2502.79296875,199.2,9.4,308
1791049545.416932,2502.79296875,204.2,7.5,308
1791049545.6177218,2502.79296875,199.2,8.6,308
1791049545.8184564,2502.79296875,199.3,6.7,308
1791049546.0191333,2502.79296875,199.3,7.4,308
1791049546.2197924,2502.79296875,199.3,8.9,308
1791049546.4205773,2502.79296875,199.2,9.9,308
1791049546.6214664,2502.79296875,199.1,7.6,308
1791049546.8222725,2502.79296875,204.2,7.5,308
1791049547.0230412,2502.79296875,204.2,6.7,308
1791049547.223791,2502.79296875,199.3,6.9,308
1791049547.4245675,2502.79296875,199.2,9.0,308
1791049547.625378,2502.79296875,199.2,6.1,308
1791049547.826173,2502.79296875,199.2,6.9,308
1791049548.0269325,2502.79296875,204.2,7.3,308
1791049548.2277324,2502.79296875,199.2,7.3,308
1791049548.4285161,2502.79296875,199.2,10.6,308
1791049548.6292982,2502.79296875,199.2,6.9,308
1791049548.8300886,2502.79296875,199.2,6.8,308
1791049549.0308518,2502.79296875,199.2,8.0,308
1791049549.2316163,2502.79296875,199.3,9.5,308
1791049549.4323173,2502.79296875,204.2,7.8,308
1791049549.6331022,2502.79296875,199.2,7.0,308
1791049549.8339324,2502.79296875,199.1,6.4,308
1791049550.0348134,2502.79296875,204.1,7.1,308
1791049550.2355933,2502.79296875,199.2,5.5,308
1791049550.436355,2502.79296875,199.3,5.5,308
1791049550.6370788,2502.79296875,204.3,6.5,308
1791049550.8377743,2502.79296875,199.3,7.5,308
1791049551.0384977,2502.79296875,199.3,6.0,308
1791049551.2392316,2502.79296875,199.3,6.1,308
1791049551.439941,2502.79296875,199.3,4.8,308
1791049551.640676,2502.79296875,199.3,7.4,308
1791049551.8414617,2502.79296875,204.2,4.4,308
1791049552.0421724,2502.79296875,199.3,3.7,308
1791049552.2428951,2502.79296875,199.3,3.7,308
1791049552.4435985,2502.79296875,199.3,3.7,308
1791049552.6442978,2502.79296875,199.3,5.6,308
1791049552.8450608,2502.79296875,199.2,5.8,308
1791049553.0458002,2502.79296875,204.2,8.4,308
1791049553.2465682,2502.79296875,199.2,8.3,308
1791049553.4473212,2502.79296875,199.2,8.2,308
1791049553.648096,2502.79296875,199.2,8.4,308
1791049553.8488815,2502.79296875,199.2,8.0,308
1791049554.049636,2502.79296875,204.2,6.0,308
1791049554.2503564,2502.79296875,199.3,6.8,308
1791049554.4511065,2502.79296875,199.2,6.1,308
1791049554.6518953,2502.79296875,204.2,6.3,308
1791049554.8527071,2502.79296875,199.2,6.3,308
1791049555.053643,2502.79296875,199.1,6.7,308
1791049555.2544618,2502.79296875,204.2,5.4,308
1791049555.4552338,2502.79296875,199.2,7.2,308
1791049555.6560352,2502.79296875,199.2,4.7,308
1791049555.85674,2502.79296875,199.3,5.0,308
1791049556.0574427,2502.79296875,199.3,5.9,308
1791049556.2581916,2502.79296875,199.2,7.0,308
1791049556.4589763,2502.79296875,204.2,4.5,308
1791049556.6598382,2502.79296875,199.1,4.4,308
1791049556.8606126,2502.79296875,199.3,4.8,308
1791049557.0613286,2502.79296875,199.3,5.3,308
1791049557.2619905,2502.79296875,199.3,5.3,308
1791049557.4626603,2502.79296875,199.3,6.4,308
1791049557.6633787,2502.79296875,204.3,5.9,308
1791049557.8641322,2502.79296875,199.2,8.3,308
1791049558.0648873,2502.79296875,199.3,6.9,308
1791049558.2656302,2502.79296875,199.3,9.1,308
1791049558.4663994,2502.79296875,199.2,7.5,308
1791049558.6671743,2502.79296875,204.2,6.3,308
1791049558.8678849,2502.79296875,204.3,6.0,308
1791049559.0686734,2502.79296875,199.2,5.8,308
1791049559.2694116,2502.79296875,199.3,6.3,308
1791049559.4701335,2502.79296875,199.3,6.7,308
1791049559.6708322,2502.79296875,199.3,6.2,308
1791049559.8716357,2502.79296875,199.2,4.4,308
1791049560.072358,2504.04296875,383.6,6.7,308
1791049560.2731614,2504.04296875,199.2,4.4,308
1791049560.4739075,2504.04296875,388.5,6.1,308
1791049560.6747167,2504.04296875,204.2,4.4,308
1791049560.8755019,2504.04296875,199.2,4.1,308
1791049561.0762732,2504.04296875,204.2,3.5,308
1791049561.2770495,2504.04296875,199.2,5.5,308
1791049561.4779153,2504.04296875,199.2,3.5,308
1791049561.6786804,2504.04296875,204.3,3.7,308
1791049561.8793504,2504.04296875,199.3,4.6,308
1791049562.0800421,2504.04296875,199.3,4.4,308
1791049562.2806864,2504.04296875,199.4,4.4,308
1791049562.48138,2504.04296875,199.3,5.8,308
1791049562.6821885,2504.04296875,199.2,4.4,308
1791049562.8829064,2504.04296875,199.2,7.6,308
1791049563.083714,2504.04296875,199.2,10.8,308
1791049563.2844942,2504.04296875,204.2,9.9,308
1791049563.485286,2504.04296875,199.2,9.8,308
1791049563.686068,2504.04296875,199.2,7.9,308
1791049563.886843,2504.04296875,199.2,10.2,308
1791049564.087594,2504.04296875,199.3,9.3,308
1791049564.2883484,2504.04296875,199.3,8.0,308
1791049564.4890776,2504.04296875,204.2,9.1,308
1791049564.6898088,2504.04296875,199.3,10.3,308
1791049564.8905923,2504.04296875,204.2,6.9,308
1791049565.091345,2504.04296875,199.3,8.1,308
1791049565.2921007,2504.04296875,199.2,7.7,308
1791049565.492848,2504.04296875,204.2,10.2,308
1791049565.6935894,2504.04296875,199.3,8.5,308
1791049565.8944693,2504.04296875,199.1,5.2,308
1791049566.0952568,2504.04296875,199.2,5.9,308
1791049566.295984,2504.04296875,199.3,5.4,308
1791049566.496753,2504.04296875,199.2,8.1,308
1791049566.6975257,2504.04296875,199.2,8.0,308
1791049566.8983016,2504.04296875,204.2,6.0,308
1791049567.0990655,2504.04296875,199.2,5.9,308
1791049567.2998257,2504.04296875,199.2,6.3,308
1791049567.5005836,2504.04296875,199.2,6.4,308
1791049567.7013443,2504.04296875,204.2,5.5,308
1791049567.902104,2504.04296875,199.2,6.0,308
1791049568.1028535,2504.04296875,204.2,6.0,308
1791049568.303766,2504.04296875,199.1,7.7,308
1791049568.5044982,2504.04296875,199.3,6.4,308
1791049568.7052875,2504.04296875,199.2,7.2,308
1791049568.9060585,2504.04296875,199.2,6.9,308
1791049569.1067996,2504.04296875,199.3,7.2,308
1791049569.3075645,2504.04296875,199.3,8.9,308
1791049569.5082843,2504.04296875,204.2,8.1,308
1791049569.7090716,2504.04296875,199.2,7.7,308
1791049569.909838,2504.04296875,199.2,6.8,308
1791049570.1106246,2504.04296875,199.2,8.1,308
1791049570.311418,2504.04296875,199.2,6.1,308
1791049570.5122037,2504.04296875,199.2,6.5,308
1791049570.7129812,2504.04296875,204.2,6.2,308
1791049570.9137392,2504.04296875,204.2,7.3,308
1791049571.114513,2504.04296875,199.2,7.1,308
1791049571.3152728,2504.04296875,199.3,6.8,308
1791049571.515985,2504.04296875,199.3,8.2,308
1791049571.7167513,2504.04296875,199.2,6.8,308
1791049571.9175,2504.04296875,204.2,10.1,308
1791049572.118255,2504.04296875,199.2,7.4,308
1791049572.3189843,2504.04296875,199.3,5.8,308
1791049572.5197396,2504.04296875,199.3,5.5,308
1791049572.720515,2504.04296875,199.2,5.4,308
1791049572.9212887,2504.04296875,199.2,8.3,308
1791049573.1220844,2504.04296875,204.2,9.2,308
1791049573.3228436,2504.04296875,199.2,9.4,308
1791049573.5236063,2504.04296875,199.2,10.2,308
1791049573.724372,2504.04296875,199.2,8.3,308
1791049573.9251401,2504.04296875,199.3,7.7,308
1791049574.1258836,2504.04296875,204.3,5.9,308
1791049574.3265743,2504.04296875,199.3,8.1,308
1791049574.5273383,2504.04296875,199.2,6.4,308
1791049574.728157,2504.04296875,204.2,4.6,308
1791049574.9289355,2504.04296875,199.2,7.7,308
1791049575.1298425,2504.04296875,199.2,4.4,308
1791049575.3305619,2504.04296875,199.3,6.3,308
1791049575.5312698,2504.04296875,204.2,6.9,308
1791049575.7320604,2504.04296875,199.3,4.3,308
1791049575.9327707,2504.04296875,199.3,6.4,308
1791049576.1335618,2504.04296875,199.2,4.3,308
1791049576.3342717,2504.04296875,199.3,4.4,308
1791049576.5349846,2504.04296875,199.3,5.6,308
1791049576.735713,2504.04296875,204.3,3.9,308
1791049576.9364119,2504.04296875,199.3,3.7,308
1791049577.1371164,2504.04296875,199.3,6.2,308
1791049577.3378086,2504.04296875,199.3,4.7,308
1791049577.5384781,2504.04296875,199.3,4.6,308
1791049577.7392087,2504.04296875,199.3,6.3,308
1791049577.9399173,2504.04296875,199.3,5.6,308
1791049578.1405923,2504.04296875,199.3,5.0,308
1791049578.3412464,2504.04296875,209.3,5.2,308
1791049578.5418773,2504.04296875,199.3,5.7,308
1791049578.7425878,2504.04296875,199.3,6.9,308
1791049578.9433424,2504.04296875,199.2,5.1,308
1791049579.1441076,2504.04296875,199.3,4.8,308
1791049579.344791,2504.04296875,199.3,5.3,308
1791049579.5454614,2504.04296875,199.3,4.7,308
1791049579.7461457,2504.04296875,204.3,4.7,308
1791049579.946839,2504.04296875,199.3,6.0,308
1791049580.1476128,2504.04296875,199.2,5.9,308
1791049580.3483603,2504.04296875,199.3,5.1,308
1791049580.5490355,2504.04296875,199.3,7.0,308
1791049580.7497215,2504.04296875,204.3,5.2,308
1791049580.950901,2504.04296875,198.8,5.5,308
1791049581.151597,2504.04296875,199.3,5.4,308
1791049581.3523016,2504.04296875,199.3,4.5,308
1791049581.552962,2504.04296875,199.3,4.5,308
1791049581.7536156,2504.04296875,199.3,7.2,308
1791049581.9543183,2504.04296875,199.3,4.8,308
1791049582.1549897,2504.04296875,204.3,6.6,308
1791049582.3556533,2504.04296875,199.3,5.6,308
1791049582.5563054,2504.04296875,204.3,6.2,308
1791049582.7569404,2504.04296875,199.4,6.0,308
1791049582.9575891,2504.04296875,199.3,9.6,308
1791049583.1583943,2504.04296875,199.2,9.6,308
1791049583.3591595,2504.04296875,204.2,10.3,308
1791049583.5599189,2504.04296875,199.2,9.0,308
1791049583.7606833,2504.04296875,199.3,8.7,308
1791049583.9614267,2504.04296875,199.2,9.8,308
1791049584.1621954,2504.04296875,199.3,6.1,308
1791049584.3629572,2504.04296875,204.2,8.2,308
1791049584.5637357,2504.04296875,199.2,8.0,308
1791049584.764514,2504.04296875,199.2,8.0,308
1791049584.9652672,2504.04296875,199.2,7.8,308
1791049585.1660116,2504.04296875,199.3,5.5,308
1791049585.366704,2504.04296875,199.3,6.8,308
1791049585.5674663,2504.04296875,199.3,7.2,308
1791049585.7681398,2504.04296875,204.3,4.5,308
1791049585.9687908,2504.04296875,199.4,3.7,308
1791049586.1694653,2504.04296875,199.3,3.8,308
1791049586.370134,2504.04296875,204.3,3.7,308
1791049586.5707943,2504.04296875,199.3,4.0,308
1791049586.771516,2504.04296875,199.3,5.7,308
1791049586.9721968,2504.04296875,199.3,5.8,308
1791049587.1728492,2504.04296875,199.3,5.4,308
1791049587.3735275,2504.04296875,204.3,6.7,308
1791049587.5741966,2504.04296875,199.4,5.2,308
1791049587.7748845,2504.04296875,199.3,5.8,308
1791049587.9755638,2504.04296875,199.3,6.4,308
1791049588.1762872,2504.04296875,199.3,5.4,308
1791049588.3769577,2504.04296875,199.3,8.1,308
1791049588.577705,2504.04296875,199.3,5.7,308
1791049588.7783535,2504.04296875,199.3,5.3,308
1791049588.9790819,2504.04296875,204.2,7.1,308
1791049589.1798167,2504.04296875,199.3,6.4,308
1791049589.380534,2504.04296875,199.3,8.7,308
1791049589.5813131,2504.04296875,204.2,4.6,308
1791049589.7819843,2504.04296875,199.3,4.7,308
1791049589.982667,2504.04296875,199.3,5.6,308
1791049590.1834166,2504.04296875,204.3,4.9,308
1791049590.3840752,2504.04296875,199.3,3.9,308
1791049590.584731,2504.04296875,199.3,3.9,308
1791049590.7854178,2504.04296875,199.3,5.5,308
1791049590.986081,2504.04296875,199.3,4.1,308
1791049591.18676,2504.04296875,204.3,4.5,308
1791049591.3874443,2504.04296875,199.3,4.6,308
1791049591.5881107,2504.04296875,199.3,4.8,308
1791049591.788745,2504.04296875,199.4,4.1,308
1791049591.9894958,2504.04296875,199.2,3.7,308
1791049592.1902137,2504.04296875,199.3,4.4,308
1791049592.3908575,2504.04296875,199.3,5.1,308
1791049592.5915258,2504.04296875,204.3,6.3,308
1791049592.7922354,2504.04296875,199.3,6.2,308
1791049592.9930193,2504.04296875,199.2,8.7,308
1791049593.1937969,2504.04296875,199.2,8.4,308
1791049593.3945866,2504.04296875,199.2,8.4,308
1791049593.5953372,2504.04296875,199.3,6.4,308
1791049593.796063,2504.04296875,204.2,8.7,308
1791049593.996841,2504.04296875,199.2,9.4,308
1791049594.1976347,2504.04296875,199.2,11.1,308
1791049594.398429,2504.04296875,199.3,15.4,308
1791049594.5991902,2504.04296875,199.2,8.5,308
1791049594.7999644,2504.04296875,204.2,7.8,308
1791049595.0007198,2504.04296875,204.2,7.1,308
1791049595.2014787,2504.04296875,199.2,6.4,308
1791049595.4022434,2504.04296875,199.3,7.5,308
1791049595.602905,2504.04296875,199.3,6.0,308
1791049595.8035765,2504.04296875,199.3,6.0,308
1791049596.0042748,2504.04296875,199.3,7.6,308
1791049596.2050169,2504.04296875,204.2,6.5,308
1791049596.4057875,2504.04296875,199.3,6.3,308
1791049596.6065028,2504.04296875,199.2,6.5,308
1791049596.8072853,2504.04296875,199.2,6.6,308
1791049597.0079896,2504.04296875,199.3,6.2,308
1791049597.2086563,2504.04296875,199.3,5.4,308
1791049597.409358,2504.04296875,199.3,5.3,308
1791049597.610038,2504.04296875,204.3,5.3,308
1791049597.8106985,2504.04296875,199.3,7.2,308
1791049598.0113852,2504.04296875,204.3,5.8,308
1791049598.2120621,2504.04296875,199.3,6.2,308
1791049598.4127443,2504.04296875,199.3,6.5,308
1791049598.613513,2504.04296875,199.2,6.5,308
1791049598.8143158,2504.04296875,199.2,6.9,308
1791049599.0151138,2504.04296875,204.2,6.8,308
1791049599.2159166,2504.04296875,199.2,8.7,308
1791049599.41671,2504.04296875,199.2,6.4,308
1791049599.6175222,2504.04296875,199.2,5.5,308
1791049599.8183227,2504.04296875,199.2,7.5,308
1791049600.0191245,2506.9453125,383.5,7.1,308
1791049600.219876,2506.9453125,503.1,7.3,308
1791049600.4206514,2506.9453125,199.2,5.4,308
1791049600.6213777,2506.9453125,199.3,5.4,308
1791049600.8220878,2506.9453125,199.3,5.4,308
1791049601.022842,2506.9453125,199.3,5.4,308
1791049601.2235706,2506.9453125,199.3,6.5,308
1791049601.424454,2506.9453125,204.1,7.1,308
1791049601.625333,2506.9453125,204.1,4.2,308
1791049601.8261642,2506.9453125,199.2,4.0,308
1791049602.0269022,2506.9453125,199.3,4.2,308
1791049602.2277114,2506.9453125,199.2,3.7,308
1791049602.4286337,2506.9453125,199.1,5.8,308
1791049602.6294718,2506.9453125,204.2,4.6,308
1791049602.8302927,2506.9453125,199.2,6.6,308
1791049603.031165,2506.9453125,199.1,9.6,308
1791049603.2320383,2506.9453125,199.1,7.8,308
1791049603.4329333,2506.9453125,204.1,8.1,308
1791049603.6338363,2506.9453125,199.1,8.3,308
1791049603.8347363,2506.9453125,199.1,6.2,308
1791049604.0356724,2506.9453125,199.1,6.5,308
1791049604.236478,2506.9453125,199.2,6.9,308
1791049604.4372706,2506.9453125,199.2,4.6,308
1791049604.6380408,2506.9453125,204.2,8.3,308
1791049604.8388083,2506.9453125,204.2,8.3,308
1791049605.0396016,2506.9453125,199.2,8.2,308
1791049605.2404096,2506.9453125,199.2,6.1,308
1791049605.4411187,2506.9453125,199.3,7.8,308
1791049605.6418512,2506.9453125,199.3,5.5,308
1791049605.8425314,2506.9453125,199.3,5.5,308
1791049606.043232,2506.9453125,204.3,4.5,308
1791049606.2439058,2506.9453125,199.3,3.8,308
1791049606.4445896,2506.9453125,199.3,5.0,308
1791049606.6453173,2506.9453125,199.3,4.8,308
1791049606.8460693,2506.9453125,199.3,3.8,308
1791049607.0467513,2506.9453125,199.4,3.9,308
1791049607.2473745,2506.9453125,199.3,4.1,308
1791049607.4480684,2506.9453125,204.3,4.4,308
1791049607.6487234,2506.9453125,199.4,4.3,308
1791049607.8494,2506.9453125,199.3,5.5,308
1791049608.0501068,2506.9453125,199.3,7.8,308
1791049608.2507207,2506.9453125,199.4,6.3,308
1791049608.45137,2506.9453125,199.3,5.8,308
1791049608.6520538,2506.9453125,204.3,5.1,308
1791049608.8527052,2506.9453125,199.3,5.2,308
1791049609.0534334,2506.9453125,199.3,5.2,308
1791049609.2540812,2506.9453125,204.3,5.6,308
1791049609.4547527,2506.9453125,199.3,7.1,308
1791049609.655523,2506.9453125,199.2,5.7,308
1791049609.856301,2506.9453125,199.2,6.7,308
1791049610.0570898,2506.9453125,204.2,10.0,308
1791049610.2578266,2506.9453125,199.3,6.1,308
1791049610.458514,2506.9453125,199.3,6.0,308
1791049610.659197,2506.9453125,199.3,4.6,308
1791049610.859877,2506.9453125,199.3,3.7,308
1791049611.0605912,2506.9453125,204.3,3.7,308
1791049611.2613573,2506.9453125,199.3,3.5,308
1791049611.462028,2506.9453125,199.3,3.9,308
1791049611.662743,2506.9453125,199.3,5.9,308
1791049611.8634503,2506.9453125,199.3,4.2,308
1791049612.0641057,2506.9453125,199.3,4.5,308
1791049612.2647452,2506.9453125,199.4,4.3,308
1791049612.4654195,2506.9453125,199.3,4.4,308
1791049612.6661153,2506.9453125,209.3,4.7,308
1791049612.8668013,2506.9453125,199.3,7.4,308
1791049613.0676255,2506.9453125,199.2,7.3,308
1791049613.2684147,2506.9453125,199.2,8.8,308
1791049613.469163,2506.9453125,199.2,7.6,308
1791049613.6699145,2506.9453125,199.2,9.5,308
1791049613.8706977,2506.9453125,199.3,7.4,308
1791049614.0713894,2506.9453125,204.3,5.8,308
1791049614.2721457,2506.9453125,199.2,7.6,308
1791049614.4730313,2506.9453125,199.2,5.4,308
1791049614.6738224,2506.9453125,199.2,7.2,308
1791049614.8746903,2506.9453125,199.1,7.7,308
1791049615.0755804,2506.9453125,199.1,8.7,308
1791049615.276465,2506.9453125,204.1,4.6,308
1791049615.4772952,2506.9453125,204.1,6.1,308
1791049615.6781538,2506.9453125,199.2,3.5,308
1791049615.8789656,2506.9453125,199.2,3.9,308
1791049616.0798523,2506.9453125,199.1,3.9,308
1791049616.280685,2506.9453125,204.2,4.4,308
1791049616.481483,2506.9453125,199.2,4.6,308
1791049616.6823235,2506.9453125,199.2,4.4,308
1791049616.8831413,2506.9453125,199.1,6.8,308
1791049617.0840685,2506.9453125,199.1,5.3,308
1791049617.2849188,2506.9453125,204.1,4.5,308
1791049617.4857316,2506.9453125,199.2,4.4,308
1791049617.686594,2506.9453125,199.1,6.1,308
1791049617.8874037,2506.9453125,199.2,5.4,308
1791049618.0883226,2506.9453125,199.1,5.4,308
1791049618.2891688,2506.9453125,199.1,10.0,308
1791049618.4900706,2506.9453125,204.1,7.6,308
1791049618.6908555,2506.9453125,199.2,7.2,308
1791049618.8916612,2506.9453125,199.2,7.0,308
1791049619.092645,2506.9453125,199.1,7.2,308
1791049619.293441,2506.9453125,204.2,7.3,308
1791049619.4942408,2506.9453125,204.2,6.2,308
1791049619.6950517,2506.9453125,199.2,5.4,308
1791049619.8960273,2506.9453125,199.0,4.3,308
1791049620.0969284,2506.9453125,199.1,5.3,308
1791049620.2977347,2506.9453125,199.2,5.7,308
1791049620.4985342,2506.9453125,199.2,5.3,308
1791049620.6993203,2506.9453125,204.2,5.4,308
1791049620.9001653,2506.9453125,199.2,6.1,308
1791049621.1009622,2506.9453125,199.2,6.0,308
1791049621.3017397,2506.9453125,199.2,6.0,308
1791049621.5025284,2506.9453125,199.2,6.2,308
1791049621.7033548,2506.9453125,199.1,6.3,308
1791049621.904245,2506.9453125,209.1,6.0,308
1791049622.1050684,2506.9453125,199.2,7.3,308
1791049622.3058496,2506.9453125,199.2,5.3,308
1791049622.5066447,2506.9453125,199.2,5.3,308
1791049622.7074924,2506.9453125,199.1,5.7,308
1791049622.908437,2506.9453125,204.1,8.5,308
1791049623.1093278,2506.9453125,199.1,9.8,308
1791049623.3101976,2506.9453125,199.2,8.6,308
1791049623.5109653,2506.9453125,199.2,8.4,308
1791049623.7117696,2506.9453125,199.1,8.2,308
1791049623.9126642,2506.9453125,199.2,8.3,308
1791049624.1134858,2506.9453125,204.2,7.9,308
1791049624.3142998,2506.9453125,199.2,7.8,308
1791049624.5151699,2506.9453125,199.1,5.0,308
1791049624.7159872,2506.9453125,199.2,6.8,308
1791049624.916915,2506.9453125,204.1,6.4,308
1791049625.1177819,2550.9453125,388.3,7.9,308
1791049625.3185709,2508.7578125,204.2,5.3,308
1791049625.5195706,2508.7578125,388.0,9.6,308
1791049625.72035,2508.7578125,199.3,4.5,308
1791049625.921026,2508.7578125,199.3,4.4,308
1791049626.1216967,2508.7578125,199.3,5.4,308
1791049626.3223724,2508.7578125,204.3,4.4,308
1791049626.5230637,2508.7578125,199.3,7.1,308
1791049626.723825,2508.7578125,199.3,3.7,308
1791049626.9244962,2508.7578125,199.3,3.6,308
1791049627.125143,2508.7578125,199.4,5.4,308
1791049627.325788,2508.7578125,199.4,4.5,308
1791049627.5264597,2508.7578125,199.3,3.6,308
1791049627.7271636,2508.7578125,204.3,6.2,308
1791049627.927924,2508.7578125,204.2,7.5,308
1791049628.1287024,2508.7578125,199.3,5.4,308
1791049628.3294253,2508.7578125,199.3,5.7,308
1791049628.5301208,2508.7578125,199.3,6.0,308
1791049628.7308915,2508.7578125,204.3,5.8,308
1791049628.9315672,2508.7578125,199.3,6.1,308
1791049629.1322284,2508.7578125,199.3,4.9,308
1791049629.332918,2508.7578125,199.3,6.6,308
1791049629.5336463,2508.7578125,199.3,4.3,308
1791049629.7343426,2508.7578125,199.3,3.9,308
1791049629.935121,2508.7578125,199.3,4.3,308
1791049630.135787,2508.7578125,204.3,6.4,308
1791049630.3364913,2508.7578125,199.3,4.4,308
1791049630.5372243,2508.7578125,199.3,6.4,308
1791049630.7378678,2508.7578125,199.4,5.0,308
1791049630.93848,2508.7578125,199.4,4.6,308
1791049631.1391628,2508.7578125,199.3,4.2,308
1791049631.339918,2508.7578125,199.3,3.6,308
1791049631.5406082,2508.7578125,199.3,3.6,308
1791049631.7413013,2508.7578125,209.3,4.4,308
1791049631.941974,2508.7578125,199.3,9.1,308
1791049632.142727,2508.7578125,199.3,4.3,308
1791049632.3434467,2508.7578125,199.3,6.6,308
1791049632.5441158,2508.7578125,199.3,5.7,308
1791049632.744804,2508.7578125,199.3,7.8,308
1791049632.9455237,2508.7578125,204.2,10.6,308
1791049633.146402,2508.7578125,199.2,9.6,308
1791049633.3471637,2508.7578125,199.2,10.3,308
1791049633.547916,2508.7578125,199.3,8.7,308
1791049633.7486575,2508.7578125,199.3,8.6,308
1791049633.9494116,2508.7578125,199.3,8.9,308
1791049634.1501536,2508.7578125,204.2,10.1,308
1791049634.3508737,2508.7578125,199.3,8.8,308
1791049634.5516148,2508.7578125,199.2,8.4,308
1791049634.752366,2508.7578125,199.3,6.6,308
1791049634.9530907,2508.7578125,199.3,8.0,308
1791049635.1538248,2508.7578125,199.3,8.5,308
1791049635.3545794,2508.7578125,204.3,6.2,308
1791049635.5552933,2508.7578125,199.3,7.8,308
1791049635.7560518,2508.7578125,204.2,6.9,308
1791049635.9567206,2508.7578125,199.3,4.6,308
1791049636.1574066,2508.7578125,199.3,3.9,308
1791049636.358085,2508.7578125,199.3,4.1,308
1791049636.5588372,2508.7578125,204.2,4.1,308
1791049636.759626,2508.7578125,199.2,5.3,308
1791049636.9603755,2508.7578125,199.3,4.6,308
1791049637.1611025,2508.7578125,199.3,4.5,308
1791049637.361876,2508.7578125,199.2,4.9,308
1791049637.5626106,2508.7578125,199.3,5.9,308
1791049637.7633057,2508.7578125,204.3,5.1,308
1791049637.9639223,2508.7578125,199.3,4.8,308
1791049638.164619,2508.7578125,199.3,4.7,308
1791049638.365295,2508.7578125,199.3,5.0,308
1791049638.5659995,2508.7578125,199.3,5.0,308
1791049638.7666585,2508.7578125,199.3,4.2,308
1791049638.9673126,2508.7578125,199.3,5.1,308
1791049639.1679647,2508.7578125,204.3,5.1,308
1791049639.368631,2508.7578125,199.3,6.9,308
1791049639.569379,2508.7578125,199.3,4.9,308
1791049639.7701097,2508.7578125,199.2,4.8,308
1791049639.9708693,2508.7578125,204.2,4.7,308
1791049640.1715975,2508.7578125,199.2,4.9,308
1791049640.3723986,2508.7578125,199.2,5.3,308
1791049640.573133,2508.7578125,199.3,4.3,308
1791049640.7738225,2508.7578125,204.3,4.8,308
1791049640.9745474,2508.7578125,199.3,7.0,308
1791049641.1753109,2508.7578125,199.3,5.1,308
1791049641.3760235,2508.7578125,199.3,5.1,308
1791049641.576712,2508.7578125,199.3,5.2,308
1791049641.777382,2508.7578125,199.3,7.2,308
1791049641.9781077,2508.7578125,204.3,5.3,308
1791049642.1787653,2508.7578125,194.4,5.0,308
1791049642.3794281,2508.7578125,204.3,4.9,308
1791049642.5801432,2508.7578125,204.2,5.2,308
1791049642.780933,2508.7578125,199.2,4.9,308
1791049642.9816432,2508.7578125,199.3,8.5,308
1791049643.1823869,2508.7578125,199.3,8.0,308
1791049643.3831277,2508.7578125,199.3,8.4,308
1791049643.5838735,2508.7578125,204.3,8.6,308
1791049643.7846055,2508.7578125,199.3,8.5,308
1791049643.9853354,2508.7578125,199.2,9.3,308
1791049644.1863735,2508.7578125,199.0,7.2,308
1791049644.38726,2508.7578125,199.1,9.9,308
1791049644.588046,2508.7578125,204.2,7.7,308
1791049644.7889645,2508.7578125,199.1,5.5,308
1791049644.9898455,2508.7578125,199.1,8.5,308
1791049645.190594,2508.7578125,199.3,5.5,308
1791049645.391281,2508.7578125,199.3,5.3,308
1791049645.5919108,2508.7578125,199.3,6.5,308
1791049645.7926416,2508.7578125,204.3,5.2,308
1791049645.9933078,2508.7578125,199.3,5.3,308
1791049646.1939747,2508.7578125,199.3,8.7,308
1791049646.3946126,2508.7578125,199.4,7.4,308
1791049646.5952554,2508.7578125,199.3,7.0,308
1791049646.7959206,2508.7578125,204.3,7.1,308
1791049646.9965813,2508.7578125,199.3,6.7,308
1791049647.1972618,2508.7578125,199.3,7.7,308
1791049647.3979836,2508.7578125,204.3,5.3,308
1791049647.5986705,2508.7578125,199.3,4.9,308
1791049647.7993941,2508.7578125,199.3,6.0,308
1791049648.000135,2508.7578125,199.3,8.1,308
1791049648.2008681,2508.7578125,199.3,6.1,308
1791049648.4016263,2508.7578125,199.3,6.4,308
1791049648.6023824,2508.7578125,204.2,6.6,308
1791049648.8031662,2508.7578125,199.2,5.2,308
1791049649.0039303,2508.7578125,199.2,5.6,308
1791049649.2047193,2508.7578125,199.3,5.3,308
1791049649.4054282,2508.7578125,199.3,4.4,308
1791049649.6062,2508.7578125,204.2,5.5,308
1791049649.806971,2508.7578125,199.2,4.2,308
1791049650.0077214,2508.7578125,199.3,5.1,308
1791049650.2084382,2508.7578125,199.3,7.2,308
1791049650.4092102,2508.7578125,199.3,5.9,308
1791049650.6099374,2508.7578125,204.2,8.9,308
1791049650.8107407,2508.7578125,199.2,6.3,308
1791049651.0116131,2508.7578125,199.2,6.2,308
1791049651.212338,2508.7578125,199.3,7.7,308
1791049651.4131,2508.7578125,199.2,6.0,308
1791049651.6138997,2508.7578125,204.2,5.3,308
1791049651.814676,2508.7578125,199.2,5.0,308
1791049652.015445,2508.7578125,204.2,5.5,308
1791049652.2162466,2508.7578125,199.2,5.1,308
1791049652.417015,2508.7578125,199.2,5.5,308
1791049652.617789,2508.7578125,199.2,5.8,308
1791049652.818582,2508.7578125,199.2,6.3,308
1791049653.0193605,2508.7578125,204.2,11.5,308
1791049653.22013,2508.7578125,199.2,9.9,308
1791049653.420879,2508.7578125,199.2,9.5,308
1791049653.6216393,2508.7578125,199.3,9.4,308
1791049653.8223968,2508.7578125,199.2,8.6,308
1791049654.02316,2508.7578125,204.2,8.6,308
1791049654.2239447,2508.7578125,199.2,7.3,308
1791049654.4246886,2508.7578125,199.2,8.6,308
1791049654.6254935,2508.7578125,199.2,9.3,308
1791049654.8262298,2508.7578125,199.3,7.4,308
1791049655.026933,2508.7578125,199.3,8.7,308
1791049655.2277498,2508.7578125,204.2,7.2,308
1791049655.4285653,2508.7578125,199.2,8.9,308
1791049655.629409,2508.7578125,199.2,7.8,308
1791049655.8301988,2508.7578125,204.2,6.6,308
1791049656.0309484,2508.7578125,199.2,6.5,308
1791049656.231694,2508.7578125,199.3,6.0,308
1791049656.4324117,2508.7578125,204.3,7.5,308
1791049656.6331153,2508.7578125,199.3,6.4,308
1791049656.8337958,2508.7578125,199.3,5.9,308
1791049657.034449,2508.7578125,199.4,6.5,308
1791049657.2350764,2508.7578125,199.4,6.6,308
1791049657.435701,2508.7578125,199.3,6.7,308
1791049657.636423,2508.7578125,199.3,7.3,308
1791049657.8372102,2508.7578125,204.2,7.1,308
1791049658.0379348,2508.7578125,199.3,9.3,308
1791049658.2386456,2508.7578125,199.3,7.4,308
1791049658.4393876,2508.7578125,199.2,8.9,308
1791049658.640204,2508.7578125,199.2,6.1,308
1791049658.8409424,2508.7578125,199.3,7.1,308
1791049659.041643,2508.7578125,204.3,7.1,308
1791049659.2423046,2508.7578125,199.3,6.9,308
1791049659.442942,2508.7578125,199.3,7.3,308
1791049659.643639,2508.7578125,199.3,7.2,308
1791049659.8444085,2508.7578125,204.2,10.6,308
1791049660.0451863,2508.7578125,199.2,7.8,308
1791049660.2459576,2508.7578125,204.2,8.7,308
1791049660.446696,2508.7578125,199.3,7.9,308
1791049660.6473904,2508.7578125,199.3,6.9,308
1791049660.8481297,2508.7578125,199.3,7.0,308
1791049661.0487747,2508.7578125,199.4,6.6,308
1791049661.2494292,2508.7578125,199.3,7.3,308
1791049661.4502003,2508.7578125,199.3,7.0,308
1791049661.6509051,2508.7578125,204.2,6.2,308
1791049661.8516557,2508.7578125,199.3,6.2,308
1791049662.052359,2508.7578125,199.3,10.5,308
1791049662.253168,2508.7578125,199.2,6.7,308
1791049662.4539595,2508.7578125,199.2,6.4,308
1791049662.6547697,2508.7578125,199.2,7.2,308
1791049662.8555057,2508.7578125,199.3,6.2,308
1791049663.0561917,2508.7578125,209.3,9.3,308
1791049663.2569573,2508.7578125,199.2,12.7,308
1791049663.4577441,2508.7578125,199.2,8.5,308
1791049663.6585593,2508.7578125,199.2,8.8,308
1791049663.8593876,2508.7578125,199.2,8.9,308
1791049664.0601296,2508.7578125,199.2,7.8,308
1791049664.2608945,2508.7578125,204.2,9.9,308
1791049664.4616404,2508.7578125,199.3,7.3,308
1791049664.6623933,2508.7578125,199.2,8.5,308
1791049664.8631597,2508.7578125,199.2,8.9,308
1791049665.0639606,2502.38671875,383.4,10.9,308
1791049665.2647338,2502.38671875,199.3,6.0,308
1791049665.4654424,2502.38671875,388.6,9.5,308
1791049665.666227,2502.38671875,199.2,5.7,308
1791049665.8668957,2502.38671875,204.3,5.4,308
1791049666.067588,2502.38671875,199.3,5.7,308
1791049666.2682538,2502.38671875,199.3,6.1,308
1791049666.468892,2502.38671875,204.3,6.3,308
1791049666.6695466,2502.38671875,199.4,8.8,308
1791049666.8702025,2502.38671875,199.4,6.5,308
1791049667.0708728,2502.38671875,204.3,6.2,308
1791049667.2716234,2502.38671875,199.3,5.7,308
1791049667.472286,2502.38671875,199.3,5.2,308
1791049667.6729643,2502.38671875,199.3,5.5,308
1791049667.873648,2502.38671875,199.3,9.1,308
1791049668.0743947,2502.38671875,199.3,6.0,308
1791049668.2750952,2502.38671875,204.3,8.5,308
1791049668.4758067,2502.38671875,199.3,7.8,308
1791049668.6765609,2502.38671875,199.3,6.7,308
1791049668.877388,2502.38671875,199.2,7.3,308
1791049669.078051,2502.38671875,199.3,7.7,308
1791049669.2787375,2502.38671875,199.3,9.0,308
1791049669.479438,2502.38671875,199.3,6.6,308
1791049669.6800835,2502.38671875,204.3,5.7,308
1791049669.8807275,2502.38671875,199.4,5.5,308
1791049670.0814176,2502.38671875,199.3,7.2,308
1791049670.282122,2502.38671875,199.3,6.2,308
1791049670.4828336,2502.38671875,199.3,5.3,308
1791049670.6834905,2502.38671875,199.4,6.1,308
1791049670.884169,2502.38671875,204.3,7.5,308
1791049671.084845,2502.38671875,199.3,6.5,308
1791049671.2855048,2502.38671875,199.3,6.2,308
1791049671.4861703,2502.38671875,204.3,6.9,308
1791049671.6868415,2502.38671875,199.3,10.3,308
1791049671.8875747,2502.38671875,199.3,6.8,308
1791049672.088215,2502.38671875,199.3,6.3,308
1791049672.2888687,2502.38671875,204.3,6.8,308
1791049672.489535,2502.38671875,199.3,6.1,308
1791049672.690299,2502.38671875,199.3,6.0,308
1791049672.890988,2502.38671875,199.3,8.9,308
1791049673.0917528,2502.38671875,199.2,10.3,308
1791049673.2925203,2502.38671875,199.2,10.7,308
1791049673.493286,2502.38671875,199.2,12.7,308
1791049673.6940033,2502.38671875,204.3,10.1,308
1791049673.8946588,2502.38671875,199.3,11.6,308
1791049674.0954058,2502.38671875,199.3,10.3,308
1791049674.2961433,2502.38671875,199.3,9.0,308
1791049674.4968061,2502.38671875,199.3,6.7,308
1791049674.6975124,2502.38671875,199.3,7.8,308
1791049674.8982806,2502.38671875,204.2,7.5,308
1791049675.0990334,2502.38671875,199.2,8.0,308
1791049675.2997782,2502.38671875,204.3,8.4,308
1791049675.5004818,2502.38671875,199.3,8.5,308
1791049675.7012508,2502.38671875,199.3,6.5,308
1791049675.9019394,2502.38671875,199.3,6.0,308
1791049676.102591,2502.38671875,199.4,6.0,308
1791049676.303258,2502.38671875,204.3,6.1,308
1791049676.5040255,2502.38671875,199.2,5.5,308
1791049676.704758,2502.38671875,199.3,5.5,308
1791049676.9054358,2502.38671875,199.3,7.0,308
1791049677.1061022,2502.38671875,199.3,5.7,308
1791049677.3067603,2502.38671875,199.3,5.4,308
1791049677.507458,2502.38671875,199.3,6.1,308
1791049677.7081397,2502.38671875,204.3,6.1,308
1791049677.9087796,2502.38671875,194.4,7.7,308
1791049678.1094246,2502.38671875,209.3,6.9,308
1791049678.3100657,2502.38671875,199.3,10.2,308
1791049678.510827,2502.38671875,199.3,8.9,308
1791049678.7115045,2502.38671875,199.3,8.6,308
1791049678.9121773,2502.38671875,199.3,6.9,308
1791049679.1128268,2502.38671875,204.3,7.1,308
1791049679.31352,2502.38671875,199.3,6.8,308
1791049679.5142038,2502.38671875,199.3,6.0,308
1791049679.7148862,2502.38671875,199.3,7.2,308
1791049679.915636,2502.38671875,199.3,6.9,308
1791049680.116331,2502.38671875,199.3,9.1,308
1791049680.3171017,2502.38671875,199.3,8.4,308
1791049680.5178027,2502.38671875,204.3,6.9,308
1791049680.7184734,2502.38671875,199.3,7.0,308
1791049680.9191556,2502.38671875,199.3,6.4,308
1791049681.1198173,2502.38671875,199.3,6.3,308
1791049681.3204844,2502.38671875,199.3,6.6,308
1791049681.5211294,2502.38671875,199.3,6.1,308
1791049681.7218013,2502.38671875,204.3,6.1,308
1791049681.9224505,2502.38671875,199.3,6.6,308
1791049682.1232686,2502.38671875,204.2,8.7,308
1791049682.323912,2502.38671875,199.4,7.3,308
1791049682.5245576,2502.38671875,199.4,7.1,308
1791049682.7252064,2502.38671875,199.4,6.1,308
1791049682.925875,2502.38671875,199.3,9.1,308
1791049683.1266465,2502.38671875,199.2,9.2,308
1791049683.3274155,2502.38671875,199.2,9.2,308
1791049683.5281906,2502.38671875,204.2,9.6,308
1791049683.7289898,2502.38671875,199.2,9.2,308
1791049683.92978,2502.38671875,199.2,8.7,308
1791049684.1305645,2502.38671875,199.2,9.1,308
1791049684.3313794,2502.38671875,199.2,10.4,308
1791049684.5321722,2502.38671875,204.2,8.2,308
1791049684.7328598,2502.38671875,199.3,10.3,308
1791049684.9336474,2502.38671875,199.2,9.7,308
1791049685.1346135,2502.38671875,199.1,10.0,308
1791049685.3353965,2502.38671875,199.2,7.9,308
1791049685.5361736,2502.38671875,199.2,10.6,308
1791049685.7369633,2502.38671875,204.2,6.7,308
1791049685.9377122,2502.38671875,204.3,6.1,308
1791049686.138428,2502.38671875,199.3,10.2,308
1791049686.3392131,2502.38671875,199.2,6.1,308
1791049686.5399244,2502.38671875,199.2,7.1,308
1791049686.740727,2502.38671875,204.2,7.1,308
1791049686.9414384,2502.38671875,194.3,6.9,308
1791049687.1421072,2502.38671875,204.3,6.1,308
1791049687.3427854,2502.38671875,199.3,8.9,308
1791049687.5435348,2502.38671875,199.3,7.0,308
1791049687.7442622,2502.38671875,199.3,6.8,308
1791049687.9449654,2502.38671875,199.3,7.7,308
1791049688.1456196,2502.38671875,199.3,7.0,308
1791049688.3463202,2502.38671875,204.3,6.4,308
1791049688.5470295,2502.38671875,199.2,6.6,308
1791049688.7478974,2502.38671875,199.1,6.9,308
1791049688.948781,2502.38671875,199.2,8.6,308
1791049689.1494427,2502.38671875,199.3,7.6,308
1791049689.350137,2502.38671875,204.3,6.7,308
1791049689.5508382,2502.38671875,199.3,6.6,308
1791049689.751567,2502.38671875,204.2,6.8,308
1791049689.9523408,2502.38671875,199.3,5.9,308
1791049690.1530752,2502.38671875,199.3,6.5,308
1791049690.3538344,2497.04296875,383.5,7.0,308
1791049690.5546231,2497.04296875,199.2,5.3,308
1791049690.7553842,2497.04296875,393.5,8.5,308
1791049690.9562,2497.04296875,199.2,5.6,308
1791049691.157064,2497.04296875,199.2,6.4,308
1791049691.3578498,2497.04296875,199.2,6.7,308
1791049691.5586379,2497.04296875,199.2,6.2,308
1791049691.7594285,2497.04296875,204.2,6.3,308
1791049691.9602258,2497.04296875,199.2,6.4,308
1791049692.1610205,2497.04296875,199.2,6.2,308
1791049692.361836,2497.04296875,199.2,11.5,308
1791049692.562598,2497.04296875,199.3,6.0,308
1791049692.7633452,2497.04296875,204.2,5.5,308
1791049692.9641526,2497.04296875,199.2,9.0,308
1791049693.164925,2497.04296875,199.2,9.1,308
1791049693.3656945,2497.04296875,204.2,12.2,308
1791049693.5664985,2497.04296875,199.2,8.5,308
1791049693.7672663,2497.04296875,199.2,12.0,308
1791049693.9680557,2497.04296875,199.2,9.9,308
1791049694.1689003,2497.04296875,199.2,9.2,308
1791049694.3699305,2497.04296875,198.9,9.0,308
1791049694.570906,2497.04296875,199.1,7.9,308
1791049694.7717998,2497.04296875,204.1,8.0,308
1791049694.972747,2497.04296875,204.1,8.7,308
1791049695.1735632,2497.04296875,199.2,6.2,308
1791049695.3743396,2497.04296875,199.2,6.2,308
1791049695.575143,2497.04296875,199.2,8.1,308
1791049695.7759478,2497.04296875,199.2,8.2,308
1791049695.9767563,2497.04296875,204.2,8.1,308
1791049696.1775835,2497.04296875,199.2,6.7,308
1791049696.3783722,2497.04296875,199.2,6.3,308
1791049696.5791595,2497.04296875,199.2,6.0,308
1791049696.7799647,2497.04296875,199.2,5.4,308
1791049696.9807374,2497.04296875,204.2,6.6,308
1791049697.1815221,2497.04296875,199.2,6.2,308
1791049697.3823404,2497.04296875,199.2,5.8,308
1791049697.5831664,2497.04296875,199.2,7.9,308
1791049697.7840416,2497.04296875,199.2,6.9,308
1791049697.9848444,2497.04296875,199.2,7.6,308
1791049698.1856797,2497.04296875,199.2,8.0,308
1791049698.3864791,2497.04296875,199.2,7.6,308
1791049698.587209,2497.04296875,204.2,7.6,308
1791049698.7879636,2497.04296875,204.2,7.5,308
1791049698.9887533,2497.04296875,199.2,7.1,308
1791049699.1895256,2497.04296875,199.2,9.0,308
1791049699.3902938,2497.04296875,199.3,7.2,308
1791049699.591037,2497.04296875,199.3,6.2,308
1791049699.7917855,2497.04296875,204.2,7.1,308
1791049699.992566,2497.04296875,199.2,5.3,308
1791049700.193338,2497.04296875,199.2,7.8,308
1791049700.394107,2497.04296875,199.2,6.4,308
1791049700.594838,2497.04296875,199.3,5.9,308
1791049700.7955787,2497.04296875,199.3,6.2,308
1791049700.9963374,2497.04296875,199.3,9.6,308
1791049701.1970642,2497.04296875,204.3,6.8,308
1791049701.3977907,2497.04296875,204.2,7.8,308
1791049701.5985518,2497.04296875,194.3,7.3,308
1791049701.7993038,2497.04296875,204.2,7.8,308
1791049702.0000317,2497.04296875,199.3,6.1,308
1791049702.2007923,2497.04296875,199.3,6.0,308
1791049702.4015622,2497.04296875,199.2,6.8,308
1791049702.6022832,2497.04296875,199.3,7.0,308
1791049702.8029928,2497.04296875,199.2,8.8,308
1791049703.0038564,2497.04296875,199.2,10.2,308
1791049703.204629,2497.04296875,199.2,10.1,308
1791049703.4054055,2497.04296875,204.2,10.1,308
1791049703.6061954,2497.04296875,199.2,9.7,308
1791049703.8069787,2497.04296875,204.2,9.9,308
1791049704.0077517,2497.04296875,199.2,12.1,308
1791049704.2084978,2497.04296875,199.3,7.3,308
1791049704.4091141,2497.04296875,199.3,10.2,308
1791049704.609792,2497.04296875,199.3,9.8,308
1791049704.81057,2497.04296875,199.2,10.0,308
1791049705.01135,2497.04296875,199.2,9.5,308
1791049705.212152,2497.04296875,199.2,7.6,308
1791049705.4129667,2497.04296875,204.2,7.3,308
1791049705.6137328,2497.04296875,199.2,9.0,308
1791049705.814518,2497.04296875,204.2,6.1,308
1791049706.0153,2497.04296875,199.2,6.4,308
1791049706.2160718,2497.04296875,199.2,7.3,308
1791049706.4167826,2497.04296875,199.3,6.0,308
1791049706.6174808,2497.04296875,199.3,5.7,308
1791049706.818215,2497.04296875,204.2,5.9,308
1791049707.0190656,2497.04296875,199.2,6.6,308
1791049707.2197216,2497.04296875,199.3,6.9,308
1791049707.4204636,2497.04296875,199.3,6.0,308
1791049707.6211364,2497.04296875,199.3,6.4,308
1791049707.8218203,2497.04296875,199.3,7.9,308
1791049708.0224595,2497.04296875,199.3,6.9,308
1791049708.2231624,2497.04296875,199.3,6.6,308
1791049708.4238272,2497.04296875,204.3,9.2,308
1791049708.6245492,2497.04296875,199.3,6.7,308
1791049708.8251863,2497.04296875,199.4,5.9,308
1791049709.0258403,2497.04296875,199.3,7.9,308
1791049709.226524,2497.04296875,199.3,6.8,308
1791049709.4271793,2497.04296875,204.3,6.7,308
1791049709.6278386,2497.04296875,199.3,8.4,308
1791049709.8285153,2497.04296875,199.3,6.9,308
1791049710.0292141,2497.04296875,199.3,6.7,308
1791049710.229883,2497.04296875,199.3,7.5,308
1791049710.4306345,2497.04296875,204.3,6.3,308
1791049710.6313589,2497.04296875,199.3,6.3,308
1791049710.8320184,2497.04296875,199.3,5.9,308
1791049711.0326703,2497.04296875,204.3,5.2,308
1791049711.233441,2497.04296875,199.3,6.2,308
1791049711.4341333,2497.04296875,199.3,8.2,308
1791049711.6347868,2497.04296875,199.4,7.0,308
1791049711.835454,2497.04296875,199.3,6.9,308
1791049712.0360994,2497.04296875,199.3,6.8,308
1791049712.2368863,2497.04296875,199.2,6.8,308
1791049712.4376204,2497.04296875,199.3,6.5,308
1791049712.6383693,2497.04296875,204.3,5.2,308
1791049712.8391006,2497.04296875,204.2,8.1,308
1791049713.0398688,2497.04296875,199.2,8.5,308
1791049713.2405832,2497.04296875,199.3,9.2,308
1791049713.441375,2497.04296875,199.2,8.4,308
1791049713.6421235,2497.04296875,199.2,9.1,308
1791049713.8428795,2497.04296875,204.2,9.4,308
1791049714.0436268,2497.04296875,199.3,9.7,308
1791049714.2444034,2497.04296875,199.3,9.6,308
1791049714.4450822,2497.04296875,199.3,7.7,308
1791049714.645782,2497.04296875,199.3,8.7,308
1791049714.846551,2497.04296875,199.2,9.8,308
1791049715.0473416,2497.04296875,199.2,8.8,308
1791049715.2481246,2497.04296875,204.2,7.6,308
1791049715.4488626,2497.04296875,199.3,7.8,308
1791049715.6496263,2497.04296875,199.3,6.4,308
1791049715.850308,2497.04296875,199.3,5.8,308
1791049716.0511656,2497.04296875,199.1,7.1,308
1791049716.2523274,2497.04296875,203.9,8.2,308
1791049716.4533253,2497.04296875,204.0,6.3,308
1791049716.6540418,2497.04296875,199.3,9.2,308
1791049716.85471,2497.04296875,199.3,6.8,308
1791049717.0553703,2497.04296875,199.3,6.6,308
1791049717.2560277,2497.04296875,199.4,6.5,308
1791049717.4566631,2497.04296875,199.4,4.8,308
1791049717.657315,2497.04296875,199.3,4.3,308
1791049717.8579636,2497.04296875,204.3,4.2,308
1791049718.0588105,2497.04296875,199.2,4.8,308
1791049718.259464,2497.04296875,199.4,7.7,308
1791049718.460129,2497.04296875,199.3,6.9,308
1791049718.6608539,2497.04296875,204.3,5.7,308
1791049718.8615255,2497.04296875,199.3,5.4,308
1791049719.0621784,2497.04296875,199.4,5.7,308
1791049719.2628074,2497.04296875,199.4,5.2,308
1791049719.463416,2497.04296875,199.4,4.1,308
1791049719.6641057,2497.04296875,204.2,4.6,308
1791049719.8648863,2497.04296875,199.2,5.8,308
1791049720.0656552,2497.04296875,199.3,5.3,308
1791049720.2663527,2497.04296875,199.3,4.7,308
1791049720.467124,2497.04296875,199.2,4.6,308
1791049720.6678877,2497.04296875,199.3,5.1,308
1791049720.868549,2497.04296875,199.4,4.4,308
1791049721.0691981,2497.04296875,204.3,4.6,308
1791049721.2698324,2497.04296875,199.4,4.5,308
1791049721.4704516,2497.04296875,199.4,4.8,308
1791049721.6711206,2497.04296875,199.3,6.1,308
1791049721.8718057,2497.04296875,204.3,4.9,308
1791049722.0725095,2497.04296875,199.3,4.0,308
1791049722.2732275,2497.04296875,199.3,3.6,308
1791049722.4739852,2497.04296875,204.2,5.0,308
1791049722.6747162,2497.04296875,199.3,6.9,308
1791049722.8754692,2497.04296875,199.3,7.9,308
1791049723.0762897,2497.04296875,199.2,8.6,308
1791049723.277042,2497.04296875,199.3,8.3,308
1791049723.4777749,2497.04296875,199.3,10.0,308
1791049723.6785207,2497.04296875,199.2,8.6,308
1791049723.8793414,2497.04296875,199.2,6.6,308
1791049724.0799787,2497.04296875,204.3,10.2,308
1791049724.2807436,2497.04296875,199.2,9.6,308
1791049724.4814668,2497.04296875,199.3,6.1,308
1791049724.6821208,2497.04296875,204.3,7.5,308
1791049724.8828797,2497.04296875,199.2,7.7,308
1791049725.0836136,2497.04296875,199.3,10.1,308
1791049725.2843747,2497.04296875,204.3,6.2,308
1791049725.4850755,2497.04296875,199.3,8.0,308
1791049725.685814,2497.04296875,199.3,5.4,308
1791049725.8865008,2497.04296875,199.3,5.3,308
1791049726.0871954,2497.04296875,199.3,5.3,308
1791049726.2878397,2497.04296875,199.4,5.0,308
1791049726.488492,2497.04296875,204.3,4.6,308
1791049726.689146,2497.04296875,199.3,4.7,308
1791049726.8898077,2497.04296875,199.3,6.8,308
1791049727.0904841,2497.04296875,199.3,5.1,308
1791049727.2911696,2497.04296875,199.3,5.6,308
1791049727.4919116,2497.04296875,199.3,5.9,308
1791049727.6926181,2497.04296875,199.3,5.5,308
1791049727.8933396,2497.04296875,204.3,6.5,308
1791049728.094051,2497.04296875,199.3,6.1,308
1791049728.2947533,2497.04296875,199.3,6.0,308
1791049728.4954531,2497.04296875,204.2,6.2,308
1791049728.6962528,2497.04296875,199.2,8.5,308
1791049728.8970292,2497.04296875,199.2,6.5,308
1791049729.0977502,2497.04296875,204.3,6.5,308
1791049729.2984858,2497.04296875,199.3,6.6,308
1791049729.49919,2497.04296875,199.3,6.6,308
1791049729.6998863,2497.04296875,199.3,6.6,308
1791049729.9005818,2497.04296875,199.3,5.7,308
1791049730.1013389,2497.04296875,199.2,7.6,308
1791049730.3021498,2497.04296875,199.2,9.0,308
1791049730.5034568,2497.04296875,198.7,5.4,308
1791049730.7042558,2497.04296875,199.2,4.5,308
1791049730.9049609,2497.04296875,204.3,4.2,308
1791049731.1056676,2497.04296875,199.3,4.5,308
1791049731.3064256,2497.04296875,199.3,3.5,308
1791049731.5071485,2497.04296875,204.2,3.8,308
1791049731.7078674,2497.04296875,199.3,4.4,308
1791049731.9085898,2497.04296875,199.3,6.3,308
1791049732.109292,2500.55078125,383.6,7.6,308
1791049732.3100197,2500.55078125,204.3,4.4,308
1791049732.510785,2500.55078125,413.3,6.3,308
1791049732.7116818,2500.55078125,199.2,4.5,308
1791049732.9124238,2500.55078125,199.2,7.2,308
1791049733.1132073,2500.55078125,199.2,7.6,308
1791049733.3139765,2500.55078125,199.2,6.9,308
1791049733.5147464,2500.55078125,199.2,7.0,308
1791049733.715545,2500.55078125,199.2,8.9,308
1791049733.9163525,2500.55078125,204.2,7.2,308
1791049734.117145,2500.55078125,199.2,6.2,308
1791049734.3178973,2500.55078125,199.2,7.7,308
1791049734.5186627,2500.55078125,199.2,6.8,308
1791049734.719479,2500.55078125,199.2,7.2,308
1791049734.9202957,2500.55078125,204.2,6.9,308
1791049735.1210816,2500.55078125,199.2,5.3,308
1791049735.3218465,2500.55078125,204.2,5.6,308
1791049735.5226276,2500.55078125,199.2,10.7,308
1791049735.723436,2500.55078125,199.2,4.3,308
1791049735.9241793,2500.55078125,199.3,5.2,308
1791049736.12492,2500.55078125,199.3,4.5,308
1791049736.325639,2500.55078125,199.3,5.3,308
1791049736.5263402,2500.55078125,199.3,5.9,308
1791049736.7270663,2500.55078125,204.3,5.1,308
1791049736.9277532,2500.55078125,199.3,5.6,308
1791049737.128444,2500.55078125,199.3,5.2,308
1791049737.3291516,2500.55078125,199.3,7.6,308
1791049737.5298798,2500.55078125,199.3,5.3,308
1791049737.7306058,2500.55078125,199.3,4.4,308
1791049737.931317,2500.55078125,199.3,4.8,308
1791049738.1320055,2500.55078125,204.3,4.3,308
1791049738.3327029,2500.55078125,204.3,4.7,308
1791049738.533428,2500.55078125,199.3,5.5,308
1791049738.734147,2500.55078125,199.3,5.8,308
1791049738.9348423,2500.55078125,199.3,5.2,308
1791049739.1355386,2500.55078125,199.3,7.2,308
1791049739.3362749,2500.55078125,199.3,5.1,308
1791049739.5369842,2500.55078125,204.2,6.5,308
1791049739.7377553,2500.55078125,199.2,5.1,308
1791049739.9385664,2500.55078125,199.2,4.6,308
1791049740.1393168,2500.55078125,199.3,4.4,308
1791049740.3400543,2500.55078125,199.2,5.0,308
1791049740.5408356,2500.55078125,199.2,6.6,308
1791049740.741651,2500.55078125,199.2,7.4,308
1791049740.9424338,2500.55078125,204.2,6.0,308
1791049741.1431332,2500.55078125,199.3,5.7,308
1791049741.3437703,2500.55078125,199.4,5.6,308
1791049741.5444224,2500.55078125,199.3,5.5,308
1791049741.7450728,2500.55078125,199.4,4.7,308
1791049741.945697,2500.55078125,199.4,4.1,308
1791049742.1464214,2500.55078125,209.2,4.2,308
1791049742.3471532,2500.55078125,199.3,3.7,308
1791049742.547837,2500.55078125,199.3,6.9,308
1791049742.7486138,2500.55078125,199.2,4.6,308
1791049742.949521,2500.55078125,199.1,7.8,308
1791049743.1504545,2500.55078125,204.1,8.6,308
1791049743.3513744,2500.55078125,199.1,9.4,308
1791049743.5522935,2500.55078125,199.1,8.5,308
1791049743.753208,2500.55078125,199.1,7.6,308
1791049743.9541435,2500.55078125,199.1,7.9,308
1791049744.1550548,2500.55078125,199.0,6.3,308
1791049744.3562088,2500.55078125,203.9,8.6,308
1791049744.5570054,2500.55078125,199.2,6.3,308
1791049744.7577298,2500.55078125,199.3,5.2,308
1791049744.9583666,2500.55078125,199.3,6.7,308
1791049745.1591237,2500.55078125,204.2,6.8,308
1791049745.359877,2500.55078125,204.3,5.0,308
1791049745.5605686,2500.55078125,199.3,7.0,308
1791049745.7612648,2500.55078125,199.3,4.4,308
1791049745.9619226,2500.55078125,199.3,6.0,308
1791049746.162569,2500.55078125,199.3,4.9,308
1791049746.3632572,2500.55078125,199.3,4.6,308
1791049746.5638866,2500.55078125,199.4,4.5,308
1791049746.7645445,2500.55078125,204.3,3.6,308
1791049746.9652054,2500.55078125,199.3,3.5,308
1791049747.165899,2500.55078125,199.3,5.3,308
1791049747.3665981,2500.55078125,199.3,4.3,308
1791049747.5672443,2500.55078125,199.4,6.3,308
1791049747.7678852,2500.55078125,199.3,5.8,308
1791049747.9685495,2500.55078125,199.4,6.6,308
1791049748.1691878,2500.55078125,204.3,6.7,308
1791049748.3698056,2500.55078125,199.4,7.0,308
1791049748.5704362,2500.55078125,199.3,6.9,308
1791049748.771184,2500.55078125,204.3,6.7,308
1791049748.9718623,2500.55078125,199.3,8.1,308
1791049749.172611,2500.55078125,199.3,6.2,308
1791049749.3732731,2500.55078125,199.3,7.2,308
1791049749.5739117,2500.55078125,204.3,5.5,308
1791049749.7745855,2500.55078125,199.3,7.8,308
1791049749.9753163,2500.55078125,199.3,7.0,308
1791049750.1760437,2500.55078125,199.3,6.5,308
1791049750.3767033,2500.55078125,199.3,8.4,308
1791049750.5774136,2500.55078125,199.3,5.6,308
1791049750.7780652,2500.55078125,204.3,6.3,308
1791049750.9787152,2500.55078125,199.4,8.3,308
1791049751.1793787,2500.55078125,199.3,6.8,308
1791049751.3800814,2500.55078125,199.3,6.1,308
1791049751.5807655,2500.55078125,199.3,5.9,308
1791049751.7814364,2500.55078125,199.3,5.9,308
1791049751.982131,2500.55078125,199.3,6.4,308
1791049752.182765,2500.55078125,204.3,7.4,308
1791049752.383446,2500.55078125,199.3,7.3,308
1791049752.5841327,2500.55078125,204.3,7.1,308
1791049752.7848177,2500.55078125,199.3,11.8,308
1791049752.9855855,2500.55078125,199.2,12.5,308
1791049753.1863782,2500.55078125,199.2,10.3,308
1791049753.3871315,2500.55078125,199.2,10.5,308
1791049753.5879226,2500.55078125,199.2,9.3,308
1791049753.7887285,2500.55078125,204.2,9.6,308
1791049753.9895272,2500.55078125,199.2,9.7,308
1791049754.190325,2500.55078125,199.2,7.6,308
1791049754.39108,2500.55078125,199.2,11.3,308
1791049754.5918446,2500.55078125,199.2,9.6,308
1791049754.792621,2500.55078125,199.2,9.3,308
1791049754.9933593,2500.55078125,204.2,8.5,308
1791049755.1941051,2500.55078125,199.2,8.8,308
1791049755.3948708,2500.55078125,199.2,6.6,308
1791049755.5956032,2500.55078125,199.3,8.1,308
1791049755.7964,2500.55078125,204.2,5.2,308
1791049755.9971268,2500.55078125,199.3,5.1,308
1791049756.1977973,2500.55078125,204.3,7.5,308
1791049756.398492,2500.55078125,199.3,6.2,308
1791049756.5991743,2500.55078125,199.3,6.8,308
1791049756.7999249,2500.55078125,199.3,7.6,308
1791049757.0005543,2500.55078125,199.4,7.1,308
1791049757.2012506,2500.55078125,199.3,7.6,308
1791049757.4020731,2500.5703125,383.5,8.0,308
1791049757.6027458,2500.5703125,199.3,6.0,308
1791049757.803428,2500.5703125,393.6,11.6,308
1791049758.0041678,2500.5703125,199.2,6.4,308
1791049758.2048922,2500.5703125,199.3,6.0,308
1791049758.405638,2500.5703125,199.3,6.4,308
1791049758.6063418,2500.5703125,199.2,5.8,308
1791049758.8071342,2500.5703125,204.2,4.8,308
1791049759.007822,2500.5703125,199.3,5.8,308
1791049759.2084992,2500.5703125,199.3,5.3,308
1791049759.409172,2500.5703125,199.3,5.4,308
1791049759.6098034,2500.5703125,199.4,6.7,308
1791049759.8104947,2500.5703125,199.3,4.6,308
1791049760.0111847,2500.5703125,199.3,4.4,308
1791049760.2118368,2500.5703125,204.3,4.0,308
1791049760.412553,2500.5703125,199.3,4.6,308
1791049760.613313,2500.5703125,204.2,4.0,308
1791049760.8140702,2500.5703125,199.2,4.6,308
1791049761.01482,2500.5703125,199.3,4.9,308
1791049761.2155116,2500.5703125,199.3,5.9,308
1791049761.4162345,2500.5703125,204.3,6.6,308
1791049761.6168847,2500.5703125,199.4,5.5,308
1791049761.817545,2500.5703125,199.3,5.6,308
1791049762.0182455,2500.5703125,199.3,5.4,308
1791049762.2189238,2500.5703125,199.3,5.3,308
1791049762.4200206,2500.5703125,203.9,6.1,308
1791049762.620809,2500.5703125,199.2,7.5,308
1791049762.821624,2500.5703125,199.2,8.6,308
1791049763.022411,2500.5703125,199.2,11.2,308
1791049763.22319,2500.5703125,199.2,9.5,308
1791049763.4239461,2500.5703125,199.2,9.0,308
1791049763.6247451,2500.5703125,199.2,9.1,308
1791049763.8255389,2500.5703125,199.2,8.9,308
1791049764.0264082,2500.5703125,199.1,7.1,308
1791049764.227277,2500.5703125,204.1,8.6,308
1791049764.4280758,2500.5703125,199.2,6.5,308
1791049764.628884,2500.5703125,199.2,7.7,308
1791049764.8296673,2500.5703125,204.2,9.2,308
1791049765.0304658,2500.5703125,199.2,8.2,308
1791049765.2312422,2500.5703125,199.3,5.5,308
1791049765.431964,2500.5703125,204.2,7.5,308
1791049765.6327271,2500.5703125,199.3,5.9,308
1791049765.8334274,2500.5703125,194.3,5.3,308
1791049766.034149,2500.5703125,199.3,5.1,308
1791049766.2348268,2500.5703125,199.3,4.5,308
1791049766.435582,2500.5703125,204.2,4.5,308
1791049766.6363385,2500.5703125,199.2,6.8,308
1791049766.8371248,2500.5703125,199.2,4.6,308
1791049767.0378506,2500.5703125,199.2,4.2,308
1791049767.238651,2500.5703125,199.3,3.7,308
1791049767.4394112,2500.5703125,199.3,3.9,308
1791049767.640099,2500.5703125,209.3,3.7,308
1791049767.8407998,2500.5703125,199.3,4.3,308
1791049768.0415576,2500.5703125,199.3,5.7,308
1791049768.2422802,2500.5703125,199.3,7.8,308
1791049768.4430609,2500.5703125,199.2,6.3,308
1791049768.6438453,2500.5703125,199.2,5.4,308
1791049768.8446312,2500.5703125,199.2,5.3,308
1791049769.0454457,2500.5703125,199.2,5.5,308
1791049769.2462173,2500.5703125,204.2,6.8,308
1791049769.44703,2500.5703125,199.2,4.8,308
1791049769.6478596,2500.5703125,199.2,4.3,308
1791049769.8486986,2500.5703125,199.2,3.7,308
1791049770.0494876,2500.5703125,199.3,5.7,308
1791049770.250435,2500.5703125,199.0,8.5,308
1791049770.4512258,2500.5703125,204.2,5.7,308
1791049770.652011,2500.5703125,199.2,5.4,308
1791049770.8527925,2500.5703125,199.2,5.7,308
1791049771.0535605,2500.5703125,199.2,5.0,308
1791049771.2544081,2500.5703125,199.2,4.4,308
1791049771.4551952,2500.5703125,204.2,4.8,308
1791049771.6559954,2500.5703125,199.2,3.7,308
1791049771.856761,2500.5703125,199.2,5.3,308
1791049772.057525,2500.5703125,199.2,3.6,308
1791049772.2584472,2500.5703125,199.1,3.9,308
1791049772.459243,2500.5703125,204.2,4.5,308
1791049772.6599295,2500.5703125,199.3,4.9,308
1791049772.8606029,2500.5703125,199.3,7.2,308
1791049773.061366,2500.5703125,204.2,8.1,308
1791049773.2621286,2500.5703125,194.2,8.2,308
1791049773.462889,2500.5703125,204.3,7.0,308
1791049773.6635437,2500.5703125,199.3,10.6,308
1791049773.8643055,2500.5703125,199.2,7.8,308
1791049774.0650873,2500.5703125,199.2,7.9,308
1791049774.2658288,2500.5703125,204.3,6.4,308
1791049774.46648,2500.5703125,194.3,7.8,308
1791049774.667254,2500.5703125,199.3,8.1,308
1791049774.8679862,2500.5703125,204.2,8.2,308
1791049775.0687926,2500.5703125,199.2,8.9,308
1791049775.2695665,2500.5703125,199.2,8.4,308
1791049775.4703774,2500.5703125,199.3,6.4,308
1791049775.6710653,2500.5703125,199.3,6.9,308
1791049775.8718126,2500.5703125,204.2,5.7,308
1791049776.0725873,2500.5703125,204.2,6.5,308
1791049776.2733686,2500.5703125,199.2,3.9,308
1791049776.47407,2500.5703125,199.3,3.9,308
1791049776.674854,2500.5703125,199.2,4.0,308
1791049776.8756332,2500.5703125,199.2,3.9,308
1791049777.0765412,2500.5703125,204.1,6.5,308
1791049777.2773175,2500.5703125,199.2,4.4,308
1791049777.4780846,2500.5703125,199.2,4.6,308
1791049777.6788495,2500.5703125,199.2,6.1,308
1791049777.87967,2500.5703125,199.2,6.0,308
1791049778.0806687,2500.5703125,199.1,5.5,308
1791049778.2814279,2500.5703125,199.2,4.8,308
1791049778.4821858,2500.5703125,204.2,5.1,308
1791049778.682966,2500.5703125,199.2,6.0,308
1791049778.8838837,2500.5703125,199.1,5.0,308
1791049779.0846431,2500.5703125,199.3,5.0,308
1791049779.2854054,2500.5703125,204.2,5.6,308
1791049779.4862332,2500.5703125,199.1,4.7,308
1791049779.6872098,2500.5703125,204.0,5.1,308
1791049779.8879802,2500.5703125,199.2,4.8,308
1791049780.0887568,2500.5703125,199.2,4.7,308
1791049780.2895486,2500.5703125,199.2,5.4,308
1791049780.4903224,2500.5703125,199.2,6.3,308
1791049780.6910985,2500.5703125,199.2,3.7,308
1791049780.8918443,2500.5703125,204.2,3.9,308
1791049781.0927172,2500.5703125,199.2,3.7,308
1791049781.2934933,2500.5703125,199.2,3.7,308
1791049781.494385,2500.5703125,199.1,4.7,308
1791049781.6952286,2500.5703125,199.2,5.0,308
1791049781.8959782,2500.5703125,204.3,5.0,308
1791049782.096644,2500.5703125,199.3,6.4,308
1791049782.2972999,2500.5703125,199.4,4.8,308
1791049782.4979317,2500.5703125,199.4,4.6,308
1791049782.6986067,2500.5703125,199.3,5.1,308
1791049782.8993711,2500.5703125,199.2,7.1,308
1791049783.100202,2500.5703125,199.2,10.3,308
1791049783.3009598,2500.5703125,204.2,7.5,308
1791049783.5017142,2500.5703125,199.2,5.5,308
1791049783.7026787,2500.5703125,204.0,7.9,308
1791049783.9034495,2500.5703125,199.2,10.9,308
1791049784.1042292,2500.5703125,199.2,7.2,308
1791049784.304999,2500.5703125,199.2,9.2,308
1791049784.5057328,2500.5703125,199.2,8.3,308
1791049784.7065837,2500.5703125,204.2,6.7,308
1791049784.9073648,2500.5703125,199.2,8.7,308
1791049785.1081524,2500.5703125,199.2,6.6,308
1791049785.3089225,2500.5703125,199.2,7.2,308
1791049785.5097675,2500.5703125,199.2,6.9,308
1791049785.710566,2500.5703125,199.2,6.0,308
1791049785.9113433,2500.5703125,204.1,4.9,308
1791049786.1123085,2500.5703125,199.1,9.4,308
1791049786.3130977,2500.5703125,204.2,6.4,308
1791049786.5138333,2500.5703125,199.3,6.7,308
1791049786.7145436,2500.5703125,199.3,6.4,308
1791049786.9152048,2500.5703125,199.3,6.2,308
1791049787.1158729,2500.5703125,199.3,6.6,308
1791049787.3165984,2500.5703125,199.3,7.8,308
1791049787.5174327,2500.5703125,204.2,5.9,308
1791049787.718222,2500.5703125,199.2,5.8,308
1791049787.9189386,2500.5703125,199.3,6.6,308
1791049788.1197457,2500.5703125,199.2,6.3,308
1791049788.3205352,2500.5703125,199.2,7.1,308
1791049788.521264,2500.5703125,199.3,7.5,308
1791049788.722004,2500.5703125,204.2,7.0,308
1791049788.9227412,2500.5703125,199.3,6.0,308
1791049789.1234806,2500.5703125,199.2,7.6,308
1791049789.3243704,2500.5703125,199.2,6.7,308
1791049789.5250962,2500.5703125,199.3,6.1,308
1791049789.7258291,2500.5703125,199.3,5.3,308
1791049789.926556,2500.5703125,199.3,4.0,308
1791049790.1273398,2500.5703125,204.2,3.9,308
1791049790.3282638,2500.5703125,199.1,4.7,308
1791049790.5290108,2500.5703125,204.3,4.8,308
1791049790.7296894,2500.5703125,199.3,6.2,308
1791049790.930366,2500.5703125,199.3,4.7,308
1791049791.1311228,2500.5703125,199.2,4.6,308
1791049791.332048,2500.5703125,199.1,4.6,308
1791049791.5327845,2500.5703125,199.3,4.8,308
1791049791.7334902,2500.5703125,199.3,7.0,308
1791049791.9341788,2500.5703125,199.3,3.9,308
1791049792.13485,2500.5703125,204.3,3.7,308
1791049792.3355134,2500.5703125,199.4,3.9,308
1791049792.5362654,2500.5703125,199.2,5.8,308
1791049792.736971,2500.5703125,199.3,4.3,308
1791049792.9376538,2500.5703125,199.3,9.5,308
1791049793.1383953,2500.5703125,199.3,8.1,308
1791049793.3391273,2500.5703125,209.2,8.6,308
1791049793.5398471,2500.5703125,199.3,8.0,308
1791049793.7405672,2500.5703125,199.3,7.9,308
1791049793.9413228,2500.5703125,199.2,8.7,308
1791049794.1420364,2500.5703125,199.3,6.9,308
1791049794.342705,2500.5703125,199.3,7.5,308
1791049794.5434227,2500.5703125,199.3,4.7,308
1791049794.7441225,2500.5703125,199.3,6.9,308
1791049794.9448972,2500.5703125,204.2,6.8,308
1791049795.1456795,2500.5703125,194.3,7.2,308
1791049795.3464363,2500.5703125,204.3,5.2,308
1791049795.5471082,2500.5703125,199.3,5.2,308
1791049795.7477546,2500.5703125,204.3,4.8,308
1791049795.9484258,2500.5703125,199.3,6.7,308
1791049796.1490762,2500.5703125,199.4,5.1,308
1791049796.3497064,2500.5703125,199.4,4.6,308
1791049796.5503728,2500.5703125,204.3,5.8,308
1791049796.7511578,2500.5703125,199.3,4.1,308
1791049796.9518287,2500.5703125,199.3,4.4,308
1791049797.1526394,2500.5703125,199.2,3.9,308
1791049797.3532946,2500.5703125,199.3,6.2,308
1791049797.5539944,2500.5703125,204.3,6.8,308
1791049797.7546356,2500.5703125,199.4,6.4,308
1791049797.955298,2500.5703125,199.3,6.8,308
1791049798.1559355,2500.5703125,199.4,6.7,308
1791049798.3565753,2500.5703125,199.4,9.6,308
1791049798.5572731,2500.5703125,199.3,7.0,308
1791049798.7578988,2500.5703125,199.4,5.4,308
1791049798.9585402,2500.5703125,199.4,5.6,308
1791049799.1592019,2500.5703125,199.3,5.5,308
1791049799.359865,2500.5703125,204.3,6.7,308
1791049799.5608633,2543.5703125,383.1,6.8,308
1791049799.7616057,2500.23046875,199.3,5.8,308
1791049799.9623392,2500.23046875,199.3,5.4,308
1791049800.1630132,2500.23046875,398.6,6.8,308
1791049800.3637164,2500.23046875,199.3,6.6,308
1791049800.5644639,2500.23046875,199.2,8.2,308
1791049800.765259,2500.23046875,199.2,6.7,308
1791049800.9660232,2500.23046875,199.2,5.1,308
1791049801.166774,2500.23046875,199.3,6.7,308
1791049801.367507,2500.23046875,199.3,4.4,308
1791049801.5682766,2500.23046875,199.2,4.3,308
1791049801.769058,2500.23046875,199.2,3.9,308
1791049801.969819,2500.23046875,204.2,4.2,308
1791049802.1705768,2500.23046875,199.3,4.3,308
1791049802.3713534,2500.23046875,204.2,4.2,308
1791049802.5721297,2500.23046875,199.2,4.3,308
1791049802.7728903,2500.23046875,199.3,5.9,308
1791049802.9735663,2500.23046875,199.3,8.0,308
1791049803.1743796,2500.23046875,199.2,7.2,308
1791049803.3751462,2500.23046875,204.2,6.9,308
1791049803.5759232,2500.23046875,199.2,6.8,308
1791049803.776753,2500.23046875,199.2,6.9,308
1791049803.9775245,2500.23046875,199.2,7.2,308
1791049804.1782894,2500.23046875,199.2,9.4,308
1791049804.3790553,2500.23046875,204.3,5.9,308
1791049804.5797648,2500.23046875,199.3,8.3,308
1791049804.7805734,2500.23046875,199.2,7.6,308
1791049804.9813602,2500.23046875,199.2,7.5,308
1791049805.1822531,2500.23046875,199.1,7.0,308
1791049805.383176,2500.23046875,204.1,8.0,308
1791049805.58394,2500.23046875,204.2,4.6,308
1791049805.7846994,2500.23046875,199.2,4.4,308
1791049805.985488,2500.23046875,199.3,4.5,308
1791049806.1861997,2500.23046875,199.3,6.5,308
1791049806.3869598,2500.23046875,199.2,5.5,308
1791049806.5877342,2500.23046875,199.2,5.3,308
1791049806.788494,2500.23046875,199.2,4.8,308
1791049806.989248,2500.23046875,204.2,4.4,308
1791049807.1899843,2500.23046875,199.3,4.3,308
1791049807.390725,2500.23046875,199.3,4.7,308
1791049807.591509,2500.23046875,199.2,4.5,308
1791049807.7922823,2500.23046875,199.2,3.9,308
1791049807.9930577,2500.23046875,204.3,5.9,308
1791049808.1937551,2500.23046875,199.2,5.6,308
1791049808.3945732,2500.23046875,199.2,5.8,308
1791049808.5952773,2500.23046875,199.3,6.0,308
1791049808.7959569,2500.23046875,199.3,6.0,308
1791049808.9966261,2500.23046875,199.3,6.0,308
1791049809.1972938,2500.23046875,199.3,5.9,308
1791049809.3979042,2500.23046875,204.3,5.4,308
1791049809.5986001,2500.23046875,199.3,5.6,308
1791049809.7993312,2500.23046875,199.3,8.0,308
1791049810.0000362,2500.23046875,204.3,5.0,308
1791049810.2007148,2500.23046875,199.3,4.6,308
1791049810.4014165,2500.23046875,199.3,6.1,308
1791049810.6021712,2500.23046875,199.3,4.4,308
1791049810.802859,2500.23046875,199.3,4.8,308
1791049811.0035138,2500.23046875,199.3,4.6,308
1791049811.204208,2500.23046875,204.3,5.0,308
1791049811.4049642,2500.23046875,199.3,6.9,308
1791049811.6057098,2500.23046875,199.2,9.2,308
1791049811.8064938,2500.23046875,199.3,6.9,308
1791049812.0071805,2500.23046875,199.3,7.9,308
1791049812.207966,2500.23046875,199.2,6.4,308
1791049812.4087205,2500.23046875,204.2,5.1,308
1791049812.6094902,2500.23046875,199.2,5.1,308
1791049812.8102627,2500.23046875,199.3,7.4,308
1791049813.0110052,2500.23046875,199.2,9.2,308
1791049813.2117639,2500.23046875,199.3,12.5,308
1791049813.4125013,2500.23046875,199.3,10.4,308
1791049813.613243,2500.23046875,209.2,7.8,308
1791049813.8140469,2500.23046875,199.2,8.3,308
1791049814.0147817,2500.23046875,199.3,8.3,308
1791049814.2155259,2500.23046875,199.2,8.9,308
1791049814.416282,2500.23046875,199.3,5.5,308
1791049814.6170037,2500.23046875,199.3,6.4,308
1791049814.817775,2500.23046875,204.2,7.4,308
1791049815.0185575,2500.23046875,199.2,6.5,308
1791049815.219334,2500.23046875,199.3,4.7,308
1791049815.420045,2500.23046875,199.3,5.5,308
1791049815.6209002,2500.23046875,199.1,5.1,308
1791049815.8219178,2500.23046875,199.0,5.2,308
1791049816.0227537,2500.23046875,204.2,4.9,308
1791049816.2234871,2500.23046875,199.3,4.4,308
1791049816.424188,2500.23046875,199.3,4.8,308
1791049816.6248975,2500.23046875,199.3,5.9,308
1791049816.8256087,2500.23046875,204.3,3.8,308
1791049817.0263188,2500.23046875,199.3,3.6,308
1791049817.2269816,2500.23046875,204.3,3.5,308
1791049817.4276755,2500.23046875,199.3,3.9,308
1791049817.6283813,2500.23046875,199.3,4.5,308
1791049817.8290815,2500.23046875,199.3,4.7,308
1791049818.0297902,2500.23046875,199.3,7.5,308
1791049818.2305634,2500.23046875,199.3,6.6,308
1791049818.4312718,2500.23046875,199.3,5.9,308
1791049818.6319654,2500.23046875,204.3,5.3,308
1791049818.832593,2500.23046875,199.3,5.4,308
1791049819.0333064,2500.23046875,199.3,4.8,308
1791049819.2339687,2500.23046875,199.3,4.4,308
1791049819.4346488,2500.23046875,199.3,4.4,308
1791049819.6353724,2500.23046875,199.3,4.8,308
1791049819.8361166,2500.23046875,199.3,4.4,308
1791049820.036813,2500.23046875,204.3,5.8,308
1791049820.237536,2500.23046875,199.3,4.8,308
1791049820.4381957,2500.23046875,199.3,5.3,308
1791049820.6389472,2500.23046875,199.2,4.4,308
1791049820.8397443,2500.23046875,204.2,4.6,308
1791049821.0405467,2500.23046875,199.2,5.2,308
1791049821.2413478,2500.23046875,204.2,4.3,308
1791049821.4421494,2500.23046875,199.2,3.5,308
1791049821.6429434,2500.23046875,199.2,5.3,308
1791049821.843748,2500.23046875,199.2,3.7,308
1791049822.0445437,2500.23046875,199.2,3.9,308
1791049822.2452433,2500.23046875,199.3,5.9,308
1791049822.4459066,2500.23046875,204.3,4.4,308
1791049822.6465695,2500.23046875,199.4,4.4,308
1791049822.8472521,2500.23046875,199.3,7.0,308
1791049823.048042,2500.23046875,199.2,8.2,308
1791049823.2488136,2500.23046875,199.2,8.9,308
1791049823.4495552,2500.23046875,199.3,7.6,308
1791049823.650277,2500.23046875,199.2,9.9,308
1791049823.851073,2500.23046875,204.2,7.8,308
1791049824.0518486,2500.23046875,199.2,7.7,308
1791049824.252643,2500.23046875,199.3,6.8,308
1791049824.4533317,2500.23046875,204.2,8.7,308
1791049824.6542637,2500.23046875,199.1,8.4,308
1791049824.8550217,2500.23046875,199.3,7.0,308
1791049825.0558329,2494.48828125,378.5,10.9,308
1791049825.2565782,2494.48828125,204.3,9.6,308
1791049825.4572155,2494.48828125,204.3,7.4,308
1791049825.6578445,2494.48828125,393.7,9.7,308
1791049825.858567,2494.48828125,199.3,6.0,308
1791049826.0592253,2494.48828125,199.4,5.6,308
1791049826.2598474,2494.48828125,199.4,5.0,308
1791049826.4605036,2494.48828125,199.3,5.6,308
1791049826.6612391,2494.48828125,199.3,5.3,308
1791049826.8618767,2494.48828125,204.4,7.3,308
1791049827.0626044,2494.48828125,199.2,4.9,308
1791049827.2633467,2494.48828125,199.3,4.5,308
1791049827.4639652,2494.48828125,199.4,4.6,308
1791049827.6646914,2494.48828125,199.3,4.9,308
1791049827.8653457,2494.48828125,199.3,5.3,308
1791049828.0660129,2494.48828125,204.3,5.7,308
1791049828.266686,2494.48828125,199.3,7.5,308
1791049828.4674883,2494.48828125,199.2,5.1,308
1791049828.6682768,2494.48828125,204.2,6.4,308
1791049828.86898,2494.48828125,199.3,5.1,308
1791049829.069629,2494.48828125,199.4,4.6,308
1791049829.2702868,2494.48828125,199.4,5.2,308
1791049829.4708622,2494.48828125,204.4,4.4,308
1791049829.6715453,2494.48828125,199.3,5.0,308
1791049829.8722627,2494.48828125,199.3,4.6,308
1791049830.0729282,2494.48828125,199.3,4.8,308
1791049830.2735975,2494.48828125,199.3,5.9,308
1791049830.4742723,2494.48828125,199.3,5.9,308
1791049830.6749356,2494.48828125,204.3,3.9,308
1791049830.8755908,2494.48828125,199.3,4.2,308
1791049831.0763493,2494.48828125,199.2,4.3,308
1791049831.2771273,2494.48828125,199.2,7.2,308
1791049831.4779356,2494.48828125,199.2,5.0,308
1791049831.6786897,2494.48828125,199.2,5.4,308
1791049831.879464,2494.48828125,204.2,5.2,308
1791049832.080259,2494.48828125,199.2,6.7,308
1791049832.2810085,2494.48828125,199.3,5.7,308
1791049832.48182,2494.48828125,199.2,5.6,308
1791049832.6825583,2494.48828125,199.2,5.1,308
1791049832.8833423,2494.48828125,199.2,7.0,308
1791049833.084086,2494.48828125,204.2,7.9,308
1791049833.2848344,2494.48828125,199.2,6.7,308
1791049833.4857018,2494.48828125,199.1,7.9,308
1791049833.6864688,2494.48828125,199.3,8.1,308
1791049833.8872128,2494.48828125,204.2,10.0,308
1791049834.0879285,2494.48828125,204.3,7.0,308
1791049834.2886472,2494.48828125,199.3,8.6,308
1791049834.4893713,2494.48828125,199.3,7.1,308
1791049834.6901288,2494.48828125,199.2,8.2,308
1791049834.8908641,2494.48828125,199.3,7.9,308
1791049835.0916145,2494.48828125,199.3,7.5,308
1791049835.29237,2494.48828125,199.2,5.8,308
1791049835.493156,2494.48828125,204.2,8.0,308
1791049835.693885,2494.48828125,199.3,5.1,308
1791049835.894499,2494.48828125,199.4,4.8,308
1791049836.095156,2494.48828125,199.3,8.1,308
1791049836.2958643,2494.48828125,199.3,5.3,308
1791049836.4964964,2494.48828125,199.4,5.9,308
1791049836.6971138,2494.48828125,204.3,5.7,308
1791049836.8977318,2494.48828125,199.4,5.4,308
1791049837.0983536,2494.48828125,199.4,6.1,308
1791049837.2989986,2494.48828125,199.3,7.1,308
1791049837.49973,2494.48828125,199.3,5.3,308
1791049837.7004762,2494.48828125,199.3,5.3,308
1791049837.9012408,2494.48828125,204.2,6.3,308
1791049838.1019664,2494.48828125,204.3,5.4,308
1791049838.30268,2494.48828125,194.3,6.1,308
1791049838.50343,2494.48828125,204.3,6.9,308
1791049838.7041497,2494.48828125,199.2,6.3,308
1791049838.9052207,2494.48828125,199.0,8.7,308
1791049839.106355,2494.48828125,198.9,10.1,308
1791049839.3074946,2494.48828125,203.8,6.9,308
1791049839.508263,2494.48828125,199.3,5.9,308
1791049839.7089207,2494.48828125,199.3,5.5,308
1791049839.9096463,2494.48828125,199.3,4.5,308
1791049840.1102958,2494.48828125,199.4,4.6,308
1791049840.3109665,2494.48828125,199.3,3.8,308
1791049840.5116227,2494.48828125,199.3,5.3,308
1791049840.7123702,2494.48828125,204.3,5.8,308
1791049840.9130228,2494.48828125,204.4,4.6,308
1791049841.1136394,2494.48828125,199.4,4.4,308
1791049841.314282,2494.48828125,199.4,5.4,308
1791049841.514921,2494.48828125,199.4,4.5,308
1791049841.7155397,2494.48828125,199.4,4.1,308
1791049841.9161913,2494.48828125,199.4,3.9,308
1791049842.1168327,2494.48828125,204.3,4.2,308
1791049842.3174574,2494.48828125,199.4,3.9,308
1791049842.518109,2494.48828125,199.4,5.9,308
1791049842.718736,2494.48828125,199.4,4.1,308
1791049842.91939,2494.48828125,199.3,7.4,308
1791049843.120107,2494.48828125,199.2,7.9,308
1791049843.3210113,2494.48828125,199.1,8.5,308
1791049843.5217874,2494.48828125,204.2,12.2,308
1791049843.72256,2494.48828125,199.2,7.5,308
1791049843.9233193,2494.48828125,199.2,7.9,308
1791049844.124103,2494.48828125,199.2,6.5,308
1791049844.3248813,2494.48828125,199.2,6.8,308
1791049844.5258176,2494.48828125,209.1,4.6,308
1791049844.72679,2494.48828125,199.0,6.4,308
1791049844.9277868,2494.48828125,199.0,8.6,308
1791049845.1286087,2494.48828125,199.2,6.5,308
1791049845.3293927,2494.48828125,199.3,5.0,308
1791049845.530089,2494.48828125,204.3,6.7,308
1791049845.7308118,2494.48828125,199.3,4.7,308
1791049845.9315016,2494.48828125,199.3,6.0,308
1791049846.1323838,2494.48828125,199.1,4.2,308
1791049846.3331447,2494.48828125,199.2,3.8,308
1791049846.533908,2494.48828125,199.2,6.7,308
1791049846.7346752,2494.48828125,199.3,4.5,308
1791049846.9354205,2494.48828125,204.2,4.8,308
1791049847.1361802,2494.48828125,199.2,4.3,308
1791049847.3369255,2494.48828125,199.2,4.9,308
1791049847.5379124,2494.48828125,199.0,7.6,308
1791049847.7387218,2494.48828125,204.2,6.4,308
1791049847.9394412,2494.48828125,199.3,6.3,308
1791049848.1401975,2494.48828125,199.3,6.1,308
1791049848.3409107,2494.48828125,199.3,5.9,308
1791049848.5416484,2494.48828125,199.3,6.0,308
1791049848.7423527,2494.48828125,204.3,5.2,308
1791049848.9430494,2494.48828125,199.3,4.5,308
1791049849.1438153,2494.48828125,204.2,4.9,308
1791049849.344608,2494.48828125,199.2,5.8,308
1791049849.5454035,2494.48828125,199.2,4.2,308
1791049849.746167,2494.48828125,199.2,5.2,308
1791049849.946886,2494.48828125,199.3,5.1,308
1791049850.147619,2494.48828125,199.3,5.1,308
1791049850.3483543,2494.48828125,204.2,5.6,308
1791049850.549185,2494.48828125,199.2,7.0,308
1791049850.7498944,2494.48828125,199.3,5.1,308
1791049850.9505439,2494.48828125,199.3,5.2,308
1791049851.1513195,2494.48828125,199.3,5.4,308
1791049851.351992,2494.48828125,199.3,4.8,308
1791049851.5526676,2494.48828125,204.3,4.3,308
1791049851.7534032,2494.48828125,199.2,7.3,308
1791049851.9543304,2494.48828125,204.1,5.2,308
1791049852.1550243,2494.48828125,199.3,5.1,308
1791049852.3557045,2494.48828125,199.3,4.6,308
1791049852.556392,2494.48828125,199.3,4.9,308
1791049852.757072,2494.48828125,199.4,7.5,308
1791049852.9576979,2494.48828125,204.3,9.1,308
1791049853.1584516,2494.48828125,199.3,8.2,308
1791049853.3591568,2494.48828125,199.3,8.6,308
1791049853.5598857,2494.48828125,199.2,6.4,308
1791049853.7606564,2494.48828125,199.2,7.1,308
1791049853.9615934,2494.48828125,199.1,6.9,308
1791049854.1624048,2494.48828125,204.2,7.7,308
1791049854.3631787,2494.48828125,199.2,8.3,308
1791049854.5639415,2494.48828125,199.2,9.2,308
1791049854.764707,2494.48828125,199.3,6.6,308
1791049854.96544,2494.48828125,199.3,8.9,308
1791049855.1661887,2494.48828125,199.3,5.9,308
1791049855.3669302,2494.48828125,204.2,5.5,308
1791049855.5676923,2494.48828125,199.2,6.1,308
1791049855.7684782,2494.48828125,199.2,4.4,308
1791049855.9692416,2494.48828125,199.2,4.7,308
1791049856.169985,2494.48828125,199.3,5.6,308
1791049856.3707318,2494.48828125,204.2,5.4,308
1791049856.5715141,2494.48828125,204.2,5.4,308
1791049856.7722929,2494.48828125,199.3,5.3,308
1791049856.9729958,2494.48828125,199.3,8.3,308
1791049857.173794,2494.48828125,199.2,5.3,308
1791049857.374584,2494.48828125,199.2,5.2,308
1791049857.5753891,2494.48828125,199.2,5.0,308
1791049857.7761452,2494.48828125,204.2,4.5,308
1791049857.9769304,2494.48828125,199.2,6.7,308
1791049858.1777265,2494.48828125,199.2,5.7,308
1791049858.37848,2494.48828125,199.3,5.7,308
1791049858.5791893,2494.48828125,199.2,5.7,308
1791049858.7801206,2494.48828125,199.1,6.0,308
1791049858.980878,2494.48828125,204.2,6.2,308
1791049859.181613,2494.48828125,199.3,6.0,308
1791049859.3823574,2494.48828125,199.3,5.9,308
1791049859.583115,2494.48828125,199.2,5.5,308
1791049859.7838767,2494.48828125,199.2,7.0,308
1791049859.9846334,2494.48828125,199.3,4.2,308
1791049860.1853907,2494.48828125,209.2,4.4,308
1791049860.3861594,2494.48828125,199.2,5.8,308
1791049860.5869222,2494.48828125,199.2,4.5,308
1791049860.7878022,2494.48828125,199.1,4.6,308
1791049860.9885883,2494.48828125,199.2,6.9,308
1791049861.189365,2494.48828125,199.2,5.3,308
1791049861.3902075,2494.48828125,204.1,6.7,308
1791049861.590964,2494.48828125,199.3,6.3,308
1791049861.791705,2494.48828125,199.2,6.1,308
1791049861.9924564,2494.48828125,199.3,4.4,308
1791049862.1931164,2494.48828125,199.3,3.8,308
1791049862.3937523,2494.48828125,199.4,4.4,308
1791049862.59439,2494.48828125,199.3,5.5,308
1791049862.7951455,2494.48828125,204.2,5.0,308
1791049862.995912,2494.48828125,199.2,8.3,308
1791049863.1966643,2494.48828125,199.2,14.0,308
1791049863.3974252,2494.48828125,199.2,11.1,308
1791049863.5982041,2494.48828125,199.2,8.7,308
1791049863.798985,2494.48828125,204.2,9.0,308
1791049863.9997575,2494.48828125,204.2,8.9,308
1791049864.200531,2494.48828125,199.2,12.9,308
1791049864.4013064,2494.48828125,199.2,9.5,308
1791049864.6023543,2494.48828125,199.0,9.9,308
1791049864.8031366,2494.48828125,199.2,7.6,308
1791049865.0039055,2498.75,383.5,10.7,308
1791049865.2046707,2498.75,199.2,5.3,308
1791049865.4054568,2498.75,199.2,6.8,308
1791049865.606245,2498.75,393.5,6.4,308
1791049865.8070085,2498.75,199.2,4.5,308
1791049866.007762,2498.75,199.2,4.8,308
1791049866.2085023,2498.75,199.3,5.0,308
1791049866.409237,2498.75,204.2,4.4,308
1791049866.6099703,2498.75,199.3,6.0,308
1791049866.8106947,2498.75,199.3,4.8,308
1791049867.0114837,2498.75,199.2,4.9,308
1791049867.212211,2498.75,199.3,5.3,308
1791049867.4129329,2498.75,204.2,4.8,308
1791049867.6137843,2498.75,199.2,4.6,308
1791049867.8144352,2498.75,199.4,4.8,308
1791049868.0150924,2498.75,199.3,5.4,308
1791049868.2157376,2498.75,199.4,5.7,308
1791049868.416373,2498.75,199.4,7.3,308
1791049868.617027,2498.75,199.4,5.4,308
1791049868.817679,2498.75,199.3,7.8,308
1791049869.018475,2498.75,204.2,4.7,308
1791049869.2193608,2498.75,199.1,4.6,308
1791049869.4201214,2498.75,204.2,6.7,308
1791049869.620824,2498.75,199.3,4.8,308
1791049869.8216121,2498.75,199.2,4.9,308
1791049870.0223703,2498.75,199.2,6.6,308
1791049870.2231202,2498.75,204.2,5.9,308
1791049870.4238682,2498.75,199.3,6.4,308
1791049870.6246228,2498.75,199.3,5.7,308
1791049870.8253524,2498.75,199.3,5.5,308
1791049871.02608,2498.75,199.3,5.2,308
1791049871.2267096,2498.75,199.4,4.8,308
1791049871.4273534,2498.75,199.4,4.4,308
1791049871.6279998,2498.75,204.3,4.7,308
1791049871.8286583,2498.75,199.3,6.2,308
1791049872.0293276,2498.75,199.3,4.8,308
1791049872.229961,2498.75,199.4,5.3,308
1791049872.430604,2498.75,199.3,5.3,308
1791049872.6312976,2498.75,199.3,5.3,308
1791049872.832073,2498.75,199.2,8.0,308
1791049873.0328822,2498.75,204.2,8.0,308
1791049873.23366,2498.75,199.2,8.0,308
1791049873.434458,2498.75,199.2,7.6,308
1791049873.6352336,2498.75,204.2,8.5,308
1791049873.8359902,2498.75,204.2,7.5,308
1791049874.036759,2498.75,199.2,5.6,308
1791049874.2375424,2498.75,199.3,6.9,308
1791049874.4383607,2498.75,199.2,5.2,308
1791049874.6390831,2498.75,199.3,7.3,308
1791049874.8398135,2498.75,199.3,7.0,308
1791049875.040555,2498.75,199.3,7.4,308
1791049875.2413104,2498.75,204.2,7.7,308
1791049875.442087,2498.75,199.2,8.2,308
1791049875.6428463,2498.75,199.2,5.5,308
1791049875.8435926,2498.75,199.3,5.1,308
1791049876.044258,2498.75,199.3,4.7,308
1791049876.244898,2498.75,199.4,5.2,308
1791049876.4455347,2498.75,199.4,4.8,308
1791049876.6462152,2498.75,204.3,4.8,308
1791049876.8469484,2498.75,199.3,5.4,308
1791049877.0475953,2498.75,199.3,8.2,308
1791049877.2482686,2498.75,199.3,5.8,308
1791049877.4489808,2498.75,204.3,5.4,308
1791049877.6496122,2498.75,199.4,5.6,308
1791049877.8502817,2498.75,204.3,8.5,308
1791049878.0511334,2498.75,199.1,4.6,308
1791049878.2520468,2498.75,199.1,4.4,308
1791049878.4529433,2498.75,199.1,5.4,308
1791049878.6538744,2498.75,199.1,5.8,308
1791049878.8547704,2498.75,204.1,4.6,308
1791049879.0556693,2498.75,199.1,5.1,308
1791049879.2565875,2498.75,199.1,5.6,308
1791049879.457392,2498.75,199.2,5.2,308
1791049879.6580942,2498.75,199.3,5.1,308
1791049879.8587623,2498.75,204.3,4.6,308
1791049880.0594604,2498.75,199.3,4.6,308
1791049880.2603571,2498.75,199.1,4.1,308
1791049880.4610658,2498.75,204.2,8.0,308
1791049880.661819,2498.75,199.3,5.0,308
1791049880.8625226,2498.75,199.3,5.0,308
1791049881.0632029,2498.75,199.3,4.8,308
1791049881.2640119,2498.75,199.2,5.5,308
1791049881.4647555,2498.75,199.3,4.8,308
1791049881.6654768,2498.75,204.2,7.7,308
1791049881.8662758,2498.75,199.2,5.1,308
1791049882.0670793,2498.75,199.2,4.6,308
1791049882.2678766,2498.75,199.2,5.9,308
1791049882.4686642,2498.75,199.2,4.4,308
1791049882.6694574,2498.75,204.2,3.8,308
1791049882.8702424,2498.75,199.2,6.9,308
1791049883.0710187,2498.75,199.2,7.3,308
1791049883.2717888,2498.75,199.3,7.8,308
1791049883.472505,2498.75,199.2,7.4,308
1791049883.673265,2498.75,199.3,6.2,308
1791049883.8739746,2498.75,204.3,9.6,308
1791049884.074734,2498.75,204.2,9.0,308
1791049884.2755277,2498.75,199.2,8.1,308
1791049884.4762945,2498.75,199.3,5.6,308
1791049884.6769974,2498.75,199.3,8.6,308
1791049884.8777645,2498.75,199.3,6.2,308
1791049885.0785036,2498.75,204.2,6.4,308
1791049885.2792969,2498.75,199.2,5.0,308
1791049885.4800277,2498.75,199.2,6.2,308
1791049885.6807582,2498.75,199.3,5.2,308
1791049885.8814986,2498.75,199.3,4.5,308
1791049886.082202,2498.75,199.3,4.7,308
1791049886.2828739,2498.75,204.3,5.0,308
1791049886.4835227,2498.75,199.4,4.9,308
1791049886.6841743,2498.75,199.3,4.6,308
1791049886.884841,2498.75,199.3,5.0,308
1791049887.085496,2498.75,199.4,4.9,308
1791049887.2861655,2498.75,199.3,5.7,308
1791049887.4868004,2498.75,199.4,4.6,308
1791049887.6874397,2498.75,199.4,3.8,308
1791049887.8881123,2498.75,209.3,4.9,308
1791049888.0888112,2498.75,199.3,5.8,308
1791049888.2894702,2498.75,199.3,8.2,308
1791049888.490234,2498.75,199.3,6.7,308
1791049888.690955,2498.75,199.3,6.2,308
1791049888.8916724,2498.75,199.3,5.9,308
1791049889.0924191,2498.75,204.2,7.6,308
1791049889.2931573,2498.75,199.3,5.8,308
1791049889.4938788,2498.75,199.3,4.5,308
1791049889.6946552,2498.75,199.2,5.5,308
1791049889.8954153,2498.75,199.3,4.2,308
1791049890.0961828,2498.75,204.2,4.5,308
1791049890.2969434,2498.75,199.2,4.7,308
1791049890.4977143,2498.00390625,378.5,7.1,308
1791049890.6984968,2498.00390625,204.2,6.0,308
1791049890.8992648,2498.00390625,388.5,6.2,308
1791049891.1000028,2498.00390625,199.3,4.4,308
1791049891.3006523,2498.00390625,204.3,4.4,308
1791049891.5013058,2498.00390625,199.4,4.4,308
1791049891.7019377,2498.00390625,199.4,3.8,308
1791049891.9025784,2498.00390625,199.4,3.8,308
1791049892.1032226,2498.00390625,199.4,3.7,308
1791049892.3038437,2498.00390625,199.4,4.2,308
1791049892.5044827,2498.00390625,199.4,7.3,308
1791049892.7051241,2498.00390625,204.3,5.1,308
1791049892.9057891,2498.00390625,199.3,8.0,308
1791049893.1065578,2498.00390625,199.2,9.1,308
1791049893.307304,2498.00390625,199.2,8.6,308
1791049893.5080411,2498.00390625,199.3,6.9,308
1791049893.7087283,2498.00390625,199.3,8.7,308
1791049893.9095027,2498.00390625,199.2,8.2,308
1791049894.110249,2498.00390625,204.3,6.1,308
1791049894.3109252,2498.00390625,199.3,11.8,308
1791049894.5117438,2498.00390625,199.2,9.3,308
1791049894.7126625,2498.00390625,199.1,12.0,308
1791049894.9140182,2498.00390625,203.6,8.5,308
1791049895.1147876,2498.00390625,204.2,8.9,308
1791049895.3155103,2498.00390625,199.3,6.9,308
1791049895.516222,2498.00390625,199.3,7.9,308
1791049895.716961,2498.00390625,199.3,5.3,308
1791049895.9176211,2498.00390625,199.3,6.6,308
1791049896.1183307,2498.00390625,199.3,5.5,308
1791049896.3190753,2498.00390625,199.3,4.5,308
1791049896.5197437,2498.00390625,204.3,5.0,308
1791049896.7204113,2498.00390625,199.3,4.5,308
1791049896.9210727,2498.00390625,199.3,4.3,308
1791049897.1217158,2498.00390625,199.4,3.7,308
1791049897.3223817,2498.00390625,199.3,4.4,308
1791049897.5231116,2498.00390625,199.3,4.8,308
1791049897.7238007,2498.00390625,199.3,6.4,308
1791049897.9244616,2498.00390625,199.3,5.3,308
1791049898.125157,2498.00390625,204.3,5.7,308
1791049898.3258839,2498.00390625,199.3,5.5,308
1791049898.5266497,2498.00390625,199.2,4.9,308
1791049898.7274523,2498.00390625,199.2,5.1,308
1791049898.9283516,2498.00390625,199.1,4.7,308
1791049899.1290524,2498.00390625,204.3,4.4,308
1791049899.329738,2498.00390625,199.3,5.5,308
1791049899.5303986,2498.00390625,199.4,4.6,308
1791049899.7310684,2498.00390625,199.2,5.0,308
1791049899.9318504,2498.00390625,204.2,6.4,308
1791049900.1325226,2498.00390625,199.3,5.3,308
1791049900.3332186,2498.00390625,199.3,5.6,308
1791049900.5339003,2498.00390625,199.3,6.6,308
1791049900.7346315,2498.00390625,199.3,5.6,308
1791049900.9353657,2498.00390625,199.3,5.8,308
1791049901.1360896,2498.00390625,199.3,6.7,308
1791049901.3367984,2498.00390625,204.3,5.2,308
1791049901.5374365,2498.00390625,199.4,5.1,308
1791049901.7380714,2498.00390625,199.3,6.0,308
1791049901.9388714,2498.00390625,199.2,6.4,308
1791049902.1395578,2498.00390625,199.3,9.3,308
1791049902.3403325,2498.00390625,199.3,8.9,308
1791049902.541076,2498.00390625,204.3,5.6,308
1791049902.7417448,2498.00390625,199.3,6.8,308
1791049902.9424164,2498.00390625,199.3,8.5,308
1791049903.1431315,2498.00390625,199.3,8.3,308
1791049903.3438666,2498.00390625,199.2,7.8,308
1791049903.5446596,2498.00390625,199.2,7.3,308
1791049903.7454157,2498.00390625,199.3,7.3,308
1791049903.9461536,2498.00390625,204.2,7.7,308
1791049904.1468813,2498.00390625,199.3,5.9,308
1791049904.3475583,2498.00390625,199.3,9.3,308
1791049904.5483007,2498.00390625,199.3,8.5,308
1791049904.7490702,2498.00390625,199.2,5.7,308
1791049904.94985,2498.00390625,204.2,6.7,308
1791049905.1506016,2498.00390625,199.3,7.0,308
1791049905.3513277,2498.00390625,199.3,4.8,308
1791049905.5520065,2498.00390625,199.3,6.2,308
1791049905.7527559,2498.00390625,199.3,3.7,308
1791049905.9534621,2498.00390625,199.3,3.9,308
1791049906.1542141,2498.00390625,204.2,3.8,308
1791049906.354928,2498.00390625,199.3,6.0,308
1791049906.555617,2498.00390625,199.3,5.1,308
1791049906.7563558,2498.00390625,204.2,6.1,308
1791049906.9571102,2498.00390625,199.3,4.6,308
1791049907.1577852,2498.00390625,199.3,4.6,308
1791049907.3584406,2498.00390625,199.3,4.5,308
1791049907.5591378,2498.00390625,199.3,3.7,308
1791049907.7598238,2498.00390625,204.3,6.9,309
1791049907.960608,2498.00390625,199.3,5.1,309
1791049908.161325,2498.00390625,194.2,12.8,309
1791049908.3621879,2498.00390625,209.1,8.7,309
1791049908.563014,2498.00390625,199.2,7.9,309
1791049908.7639449,2498.00390625,199.1,6.6,309
1791049908.9646444,2498.00390625,199.2,6.4,309
1791049909.165538,2498.00390625,199.1,5.3,309
1791049909.3663561,2498.00390625,204.2,8.7,309
1791049909.56719,2498.00390625,199.2,7.8,309
1791049909.768006,2498.00390625,199.2,7.9,309
1791049909.9686968,2498.00390625,199.3,4.7,309
1791049910.1694572,2498.00390625,199.2,4.0,309
1791049910.3702362,2498.00390625,199.3,3.9,309
1791049910.5709107,2498.00390625,199.3,4.6,309
1791049910.7716231,2498.00390625,199.3,4.2,309
1791049910.9722757,2498.00390625,199.3,4.6,309
1791049911.1730042,2498.00390625,204.3,5.1,309
1791049911.3736367,2498.00390625,199.4,4.5,309
1791049911.5742776,2498.00390625,199.3,6.1,309
1791049911.77493,2498.00390625,199.3,5.1,309
1791049911.9755476,2498.00390625,199.4,4.2,309
1791049912.1762087,2498.00390625,204.3,4.3,309
1791049912.3769603,2498.00390625,204.3,6.1,309
1791049912.5776725,2498.00390625,199.3,3.7,309
1791049912.778316,2498.00390625,199.4,3.9,309
1791049912.9789107,2498.00390625,199.4,7.4,309
1791049913.1796525,2498.00390625,199.3,7.6,309
1791049913.380343,2498.00390625,199.3,10.7,309
1791049913.5810378,2498.00390625,199.3,7.6,309
1791049913.7817373,2498.00390625,199.3,7.6,309
1791049913.9824843,2498.00390625,199.2,8.6,309
1791049914.1832404,2498.00390625,204.2,6.7,309
1791049914.383985,2498.00390625,199.2,8.3,309
1791049914.5851307,2498.00390625,198.9,8.0,309
1791049914.7860708,2498.00390625,199.1,6.2,309
1791049914.9867597,2498.00390625,209.2,10.0,309
1791049915.1876142,2498.00390625,199.2,5.2,309
1791049915.388362,2498.00390625,194.3,5.5,308
1791049915.58908,2498.00390625,199.3,7.2,308
1791049915.78979,2498.00390625,204.3,4.4,308
1791049915.9904718,2498.00390625,199.3,4.1,308
1791049916.1912098,2498.00390625,199.3,3.9,308
1791049916.3919065,2498.00390625,199.3,3.8,308
1791049916.5926285,2498.00390625,199.3,3.7,308
1791049916.7933679,2498.00390625,204.2,6.3,308
1791049916.994094,2498.00390625,199.3,3.4,308
1791049917.1948369,2498.00390625,204.2,3.1,308
1791049917.3956504,2498.00390625,199.3,2.9,308
1791049917.596368,2498.00390625,199.3,3.1,308
1791049917.7970867,2498.00390625,199.3,4.3,308
1791049917.9978383,2498.00390625,199.3,4.9,308
1791049918.198594,2498.00390625,199.3,4.7,308
1791049918.3995054,2498.00390625,204.1,9.6,308
1791049918.6002293,2498.00390625,199.3,5.3,308
1791049918.8009658,2498.00390625,199.2,5.3,308
1791049919.0017817,2498.00390625,204.2,5.1,308
1791049919.2024949,2498.00390625,199.3,4.6,308
1791049919.4032395,2498.00390625,199.2,4.3,308
1791049919.6039674,2498.00390625,199.3,3.9,308
1791049919.8046823,2498.00390625,199.3,3.7,308
1791049920.005418,2498.00390625,204.2,4.4,308
1791049920.2061572,2498.00390625,199.3,7.3,308
1791049920.4068468,2498.00390625,199.3,4.7,308
1791049920.6075919,2498.00390625,199.3,6.4,308
1791049920.8083205,2498.00390625,199.3,4.6,308
1791049921.0090342,2498.00390625,199.3,4.6,308
1791049921.2097638,2498.00390625,204.3,4.9,308
1791049921.410479,2498.00390625,199.2,4.1,308
1791049921.6113095,2498.00390625,199.2,4.0,308
1791049921.8119817,2498.00390625,199.3,5.6,308
1791049922.012617,2498.00390625,199.4,5.4,308
1791049922.213296,2498.00390625,199.3,5.6,308
1791049922.4139943,2498.00390625,204.3,6.2,308
1791049922.614766,2498.00390625,199.3,5.5,308
1791049922.8154466,2498.00390625,199.3,5.7,308
1791049923.0162048,2498.00390625,199.2,8.1,308
1791049923.2170362,2498.00390625,199.2,7.2,308
1791049923.4177668,2498.00390625,199.2,7.6,308
1791049923.6185439,2498.00390625,204.2,8.2,308
1791049923.8193042,2498.00390625,204.2,7.1,308
1791049924.020079,2498.00390625,199.2,6.9,308
1791049924.220834,2498.00390625,199.3,4.9,308
1791049924.4215467,2498.00390625,199.2,7.7,308
1791049924.6223495,2498.00390625,199.2,8.7,308
1791049924.8231323,2498.00390625,204.2,6.1,308
1791049925.023864,2498.00390625,199.3,7.6,308
1791049925.2246444,2498.00390625,199.2,7.9,308
1791049925.4254417,2498.00390625,199.2,7.5,308
1791049925.6261709,2498.00390625,199.3,6.8,308
1791049925.8269706,2498.00390625,199.2,4.4,308
1791049926.027859,2498.00390625,204.1,4.8,308
1791049926.2286146,2498.00390625,199.2,7.6,308
1791049926.429412,2498.00390625,199.2,5.1,308
1791049926.6301382,2498.00390625,199.3,5.1,308
1791049926.8308368,2498.00390625,199.3,5.9,308
1791049927.0314746,2498.00390625,204.3,6.8,308
1791049927.2322214,2498.00390625,194.3,6.0,308
1791049927.432861,2498.00390625,199.4,4.9,308
1791049927.6335213,2498.00390625,199.3,5.3,308
1791049927.8342574,2498.00390625,204.2,5.5,308
1791049928.0350375,2498.00390625,199.2,5.6,308
1791049928.2358341,2498.00390625,204.2,4.0,308
1791049928.4366176,2498.00390625,199.2,5.9,308
1791049928.6374397,2498.00390625,199.2,5.5,308
1791049928.8382077,2498.00390625,199.2,7.8,308
1791049929.0391688,2498.00390625,204.0,5.5,308
1791049929.2398913,2498.00390625,199.3,5.6,308
1791049929.4406197,2498.00390625,199.3,5.6,308
1791049929.641376,2498.00390625,199.3,5.7,308
1791049929.8421185,2498.00390625,199.3,5.1,308
1791049930.0428913,2498.00390625,199.2,4.9,308
1791049930.2436826,2498.00390625,199.2,4.4,308
1791049930.4444807,2498.00390625,204.2,4.0,308
1791049930.6452844,2498.00390625,199.2,8.4,308
1791049930.8546035,2546.00390625,377.3,5.3,308
1791049931.055477,2499.125,194.2,3.7,308
1791049931.2562585,2499.125,209.1,4.1,308
1791049931.4571157,2499.125,393.3,6.4,308
1791049931.6580706,2499.125,199.1,4.4,308
1791049931.8588257,2499.125,199.2,4.8,308
1791049932.0596666,2499.125,199.2,4.8,308
1791049932.260482,2499.125,204.1,4.5,308
1791049932.4613602,2499.125,199.1,5.8,308
1791049932.6621377,2499.125,199.2,4.0,308
1791049932.8629284,2499.125,199.2,5.3,308
1791049933.0637074,2499.125,199.3,7.7,308
1791049933.264479,2499.125,199.2,7.8,308
1791049933.4653273,2499.125,204.1,7.8,308
1791049933.6661098,2499.125,199.2,8.8,308
1791049933.8668532,2499.125,204.2,8.2,308
1791049934.0675914,2499.125,199.3,8.1,308
1791049934.2682774,2499.125,199.3,8.7,308
1791049934.4690866,2499.125,199.2,7.7,308
1791049934.6698565,2499.125,204.2,6.0,308
1791049934.870603,2499.125,199.2,8.7,308
1791049935.0714052,2499.125,199.2,6.5,308
1791049935.2721841,2499.125,199.3,4.6,308
1791049935.472872,2499.125,199.3,6.3,308
1791049935.673632,2499.125,199.3,4.1,308
1791049935.8743427,2499.125,204.2,7.4,308
1791049936.0751393,2499.125,199.2,6.0,308
1791049936.2759454,2499.125,199.2,5.7,308
1791049936.4768414,2499.125,199.1,6.2,308
1791049936.6776166,2499.125,199.2,7.7,308
1791049936.878386,2499.125,204.2,4.6,308
1791049937.0791364,2499.125,199.3,4.4,308
1791049937.279865,2499.125,199.3,4.1,308
1791049937.4805427,2499.125,199.3,5.2,308
1791049937.6812239,2499.125,199.3,4.0,308
1791049937.8819008,2499.125,204.3,5.5,308
1791049938.0827003,2499.125,204.1,6.4,308
1791049938.2836533,2499.125,194.1,5.7,308
1791049938.4844394,2499.125,204.2,5.7,308
1791049938.6852279,2499.125,199.2,5.5,308
1791049938.886097,2499.125,199.2,5.8,308
1791049939.0868514,2499.125,199.3,5.0,308
1791049939.2875333,2499.125,199.3,8.2,308
1791049939.4882727,2499.125,204.3,5.8,308
1791049939.6889775,2499.125,199.3,5.6,308
1791049939.8897607,2499.125,199.2,7.0,308
1791049940.0905678,2499.125,199.2,4.4,308
1791049940.2914467,2499.125,199.2,4.8,308
1791049940.4922712,2499.125,204.1,5.5,308
1791049940.6931524,2499.125,199.1,5.5,308
1791049940.8939576,2499.125,199.2,6.4,308
1791049941.0947323,2499.125,199.2,5.2,308
1791049941.2954855,2499.125,199.2,5.6,308
1791049941.496237,2499.125,204.3,5.3,308
1791049941.6969607,2499.125,204.3,7.0,308
1791049941.897666,2499.125,199.3,4.3,308
1791049942.098402,2499.125,199.3,3.5,308
1791049942.2991438,2499.125,199.3,3.6,308
1791049942.499775,2499.125,199.4,3.6,308
1791049942.7004395,2499.125,199.3,5.8,308
1791049942.9011025,2499.125,199.3,7.0,308
1791049943.1018555,2499.125,204.2,7.7,308
1791049943.3025775,2499.125,199.3,8.4,308
1791049943.5033212,2499.125,199.2,7.7,308
1791049943.7040944,2499.125,199.3,8.2,308
1791049943.904835,2499.125,199.2,8.2,308
1791049944.1056826,2499.125,204.2,6.3,308
1791049944.3064098,2499.125,199.3,8.8,308
1791049944.5071352,2499.125,199.3,6.1,308
1791049944.7078133,2499.125,199.3,6.6,308
1791049944.9085746,2499.125,199.2,6.6,308
1791049945.1093395,2499.125,199.2,6.3,308
1791049945.3100996,2499.125,204.3,4.8,308
1791049945.5107746,2499.125,204.3,7.0,308
1791049945.7115033,2499.125,199.3,4.3,308
1791049945.9121816,2499.125,199.3,4.5,308
1791049946.1129036,2499.125,199.3,6.1,308
1791049946.3135478,2499.125,199.4,4.4,308
1791049946.5141973,2499.125,199.3,4.2,308
1791049946.714896,2499.125,204.3,3.6,308
1791049946.9155726,2499.125,199.3,3.9,308
1791049947.116226,2499.125,199.3,4.4,308
1791049947.3168864,2499.125,199.3,3.6,308
1791049947.5175166,2499.125,199.4,4.0,308
1791049947.7181728,2499.125,199.3,4.3,308
1791049947.918893,2499.125,199.3,7.1,308
1791049948.119609,2499.125,199.3,5.1,308
1791049948.3203022,2499.125,204.3,7.9,308
1791049948.5210724,2499.125,199.2,5.5,308
1791049948.7218068,2499.125,204.3,5.1,308
1791049948.922496,2499.125,199.3,4.3,308
1791049949.1231914,2499.125,199.3,4.4,308
1791049949.3238866,2499.125,199.3,4.5,308
1791049949.5245905,2499.125,199.3,5.7,308
1791049949.725289,2499.125,199.3,5.5,308
1791049949.9260595,2499.125,199.3,5.6,308
1791049950.1267278,2499.125,199.3,5.3,308
1791049950.3274074,2499.125,199.3,5.4,308
1791049950.5280783,2499.125,204.3,6.5,308
1791049950.7288117,2499.125,199.3,4.4,308
1791049950.9295037,2499.125,199.3,4.5,308
1791049951.1301932,2499.125,204.3,3.6,308
1791049951.3308723,2499.125,199.3,4.9,308
1791049951.531544,2499.125,199.3,3.6,308
1791049951.7322206,2499.125,199.3,4.9,308
1791049951.9328842,2499.125,199.3,4.5,308
1791049952.1336484,2499.125,199.3,5.0,308
1791049952.3343308,2499.125,204.3,5.1,308
1791049952.534979,2499.125,199.3,5.3,308
1791049952.735646,2499.125,199.3,5.4,308
1791049952.9363132,2499.125,199.3,10.3,308
1791049953.1371098,2499.125,199.2,8.9,308
1791049953.3380032,2499.125,199.1,8.6,308
1791049953.538731,2499.125,199.3,5.9,308
1791049953.7394185,2499.125,204.3,7.8,308
1791049953.9402633,2499.125,199.2,8.1,308
1791049954.141026,2499.125,199.3,6.1,308
1791049954.3416889,2499.125,199.3,8.5,308
1791049954.542442,2499.125,199.3,6.6,308
1791049954.7431424,2499.125,209.3,7.1,308
1791049954.943897,2499.125,199.2,7.4,308
1791049955.144665,2499.125,199.3,7.5,308
1791049955.3454177,2499.125,199.2,6.8,308
1791049955.5461407,2499.125,199.3,6.8,308
1791049955.7468371,2499.125,199.3,4.2,308
1791049955.9475212,2499.125,204.3,6.0,308
1791049956.148285,2499.125,199.3,4.5,308
1791049956.3489728,2494.65234375,378.7,5.2,308
1791049956.5496597,2494.65234375,199.3,5.8,308
1791049956.7504995,2494.65234375,393.4,5.8,308
1791049956.9513738,2494.65234375,199.1,4.4,308
1791049957.1520433,2494.65234375,204.3,4.4,308
1791049957.35268,2494.65234375,199.4,5.0,308
1791049957.5533192,2494.65234375,204.3,4.3,308
1791049957.7539775,2494.65234375,199.4,4.5,308
1791049957.9546134,2494.65234375,199.4,4.5,308
1791049958.1552703,2494.65234375,199.3,5.9,308
1791049958.3559375,2494.65234375,199.3,5.3,308
1791049958.556635,2494.65234375,199.3,5.2,308
1791049958.757404,2494.65234375,199.3,4.5,308
1791049958.9580705,2494.65234375,204.3,5.5,308
1791049959.1587243,2494.65234375,199.3,5.2,308
1791049959.3593767,2494.65234375,199.4,5.2,308
1791049959.5600207,2494.65234375,199.4,5.1,308
1791049959.7606568,2494.65234375,199.4,4.7,308
1791049959.9613018,2494.65234375,199.3,6.5,308
1791049960.1620111,2494.65234375,204.3,3.9,308
1791049960.36266,2494.65234375,199.4,3.9,308
1791049960.5633185,2494.65234375,199.3,5.0,308
1791049960.7640612,2494.65234375,199.3,5.9,308
1791049960.9647899,2494.65234375,199.3,3.7,308
1791049961.165454,2494.65234375,199.3,4.2,308
1791049961.3661218,2494.65234375,199.3,4.5,308
1791049961.5667596,2494.65234375,204.4,5.7,308
1791049961.76739,2494.65234375,199.4,5.2,308
1791049961.9680276,2494.65234375,204.4,4.9,308
1791049962.168664,2494.65234375,199.4,4.6,308
1791049962.3693216,2494.65234375,199.3,4.3,308
1791049962.569975,2494.65234375,199.3,3.9,308
1791049962.770698,2494.65234375,199.3,3.9,308
1791049962.9713564,2494.65234375,204.3,8.1,308
1791049963.1721122,2494.65234375,199.2,7.1,308
1791049963.372862,2494.65234375,199.2,9.3,308
1791049963.5735912,2494.65234375,199.3,8.9,308
1791049963.7743468,2494.65234375,199.2,11.4,308
1791049963.9752605,2494.65234375,199.1,9.3,308
1791049964.1760468,2494.65234375,204.2,7.5,308
1791049964.3768153,2494.65234375,199.2,9.1,308
1791049964.577714,2494.65234375,199.1,7.8,308
1791049964.778474,2494.65234375,199.3,5.7,308
1791049964.979157,2494.65234375,199.3,8.9,308
1791049965.1798785,2494.65234375,204.3,7.2,308
1791049965.3806334,2494.65234375,199.2,5.2,308
1791049965.5813758,2494.65234375,199.3,6.6,308
1791049965.7821326,2494.65234375,204.2,5.4,308
1791049965.9828916,2494.65234375,199.3,5.3,308
1791049966.1836147,2494.65234375,199.2,6.2,308
1791049966.384417,2494.65234375,204.2,5.7,308
1791049966.5852199,2494.65234375,199.2,6.0,308
1791049966.785978,2494.65234375,199.3,7.2,308
1791049966.9866726,2494.65234375,199.3,5.1,308
1791049967.1874402,2494.65234375,199.3,4.1,308
1791049967.3881664,2494.65234375,199.2,4.1,308
1791049967.5889099,2494.65234375,204.2,3.8,308
1791049967.7896838,2494.65234375,199.2,4.4,308
1791049967.9904845,2494.65234375,199.2,7.3,308
1791049968.1912723,2494.65234375,199.2,5.7,308
1791049968.3920593,2494.65234375,199.2,5.5,308
1791049968.5929048,2494.65234375,199.1,8.4,308
1791049968.7937422,2494.65234375,204.2,5.5,308
1791049968.9945374,2494.65234375,204.2,5.4,308
1791049969.1953201,2494.65234375,199.3,4.8,308
1791049969.396008,2494.65234375,199.3,4.8,308
1791049969.5967143,2494.65234375,199.3,4.6,308
1791049969.7974799,2494.65234375,199.3,4.0,308
1791049969.9981956,2494.65234375,199.3,4.1,308
1791049970.1990032,2494.65234375,204.2,7.5,308
1791049970.399769,2494.65234375,199.3,4.7,308
1791049970.6004548,2494.65234375,199.3,5.5,308
1791049970.8012886,2494.65234375,199.2,5.1,308
1791049971.0020697,2494.65234375,199.2,4.8,308
1791049971.2030702,2494.65234375,199.1,4.5,308
1791049971.4038231,2494.65234375,204.2,4.4,308
1791049971.604603,2494.65234375,199.2,3.7,308
1791049971.8054054,2494.65234375,199.2,6.4,308
1791049972.0062068,2494.65234375,204.2,5.8,308
1791049972.2069721,2494.65234375,199.2,3.9,308
1791049972.4077246,2494.65234375,199.3,4.2,308
1791049972.608481,2494.65234375,199.2,4.4,308
1791049972.8092427,2494.65234375,204.3,5.3,308
1791049973.009958,2494.65234375,199.3,8.2,308
1791049973.2106786,2494.65234375,199.3,8.3,308
1791049973.4114232,2494.65234375,199.2,7.7,308
1791049973.612172,2494.65234375,199.3,9.4,308
1791049973.8129046,2494.65234375,204.2,7.4,308
1791049974.0136642,2494.65234375,199.2,7.3,308
1791049974.2144387,2494.65234375,199.2,6.0,308
1791049974.4154477,2494.65234375,199.0,6.7,308
1791049974.616234,2494.65234375,199.2,6.6,308
1791049974.8169844,2494.65234375,199.3,6.0,308
1791049975.0177238,2494.65234375,204.2,7.3,308
1791049975.2184908,2494.65234375,199.2,7.1,308
1791049975.4192367,2494.65234375,199.3,7.4,308
1791049975.6199312,2494.65234375,199.3,4.8,308
1791049975.8206182,2494.65234375,199.3,4.3,308
1791049976.0212657,2494.65234375,204.3,4.0,308
1791049976.2219193,2494.65234375,204.3,3.9,308
1791049976.4225593,2494.65234375,199.4,4.4,308
1791049976.6232498,2494.65234375,199.2,6.3,308
1791049976.8240669,2494.65234375,199.3,3.9,308
1791049977.0247443,2494.65234375,199.3,4.8,308
1791049977.2254646,2494.65234375,199.3,8.8,308
1791049977.426238,2494.65234375,199.2,6.7,308
1791049977.6269577,2494.65234375,204.3,7.0,308
1791049977.8276913,2494.65234375,199.3,7.3,308
1791049978.0283837,2494.65234375,199.3,7.8,308
1791049978.2291207,2494.65234375,199.2,8.9,308
1791049978.4298456,2494.65234375,199.3,6.3,308
1791049978.6305387,2494.65234375,199.3,5.9,308
1791049978.8311973,2494.65234375,199.4,5.6,308
1791049979.03182,2494.65234375,204.4,7.6,308
1791049979.2324557,2494.65234375,199.3,5.6,308
1791049979.4331338,2494.65234375,204.3,5.7,308
1791049979.633802,2494.65234375,199.3,5.9,308
1791049979.8345761,2494.65234375,199.2,5.3,308
1791049980.035362,2494.65234375,199.2,4.6,308
1791049980.2362564,2494.65234375,199.1,4.6,308
1791049980.437019,2494.65234375,204.2,4.8,308
1791049980.6377897,2494.65234375,199.2,4.6,308
1791049980.8385873,2494.65234375,199.2,4.0,308
1791049981.0393724,2494.65234375,199.2,4.1,308
1791049981.2401423,2494.65234375,199.2,3.8,308
1791049981.4409122,2494.65234375,199.2,3.8,308
1791049981.6416883,2494.65234375,204.2,4.6,308
1791049981.842518,2494.65234375,199.2,4.5,308
1791049982.0433862,2494.65234375,204.2,5.0,308
1791049982.244115,2494.65234375,199.3,4.7,308
1791049982.4448833,2494.65234375,199.2,4.9,308
1791049982.6456587,2494.65234375,199.2,4.6,308
1791049982.846439,2494.65234375,199.2,4.7,308
1791049983.04722,2494.65234375,204.2,7.8,308
1791049983.2480087,2494.65234375,199.2,8.1,308
1791049983.448781,2494.65234375,199.2,9.0,308
1791049983.649584,2494.65234375,199.2,7.1,308
1791049983.850403,2494.65234375,199.2,8.0,308
1791049984.05115,2494.65234375,199.3,6.3,308
1791049984.2519119,2494.65234375,204.2,8.3,308
1791049984.4527314,2494.65234375,199.2,6.4,308
1791049984.6535342,2494.65234375,199.2,7.0,308
1791049984.8542967,2494.65234375,199.2,7.1,308
1791049985.0550354,2494.65234375,204.2,8.3,308
1791049985.25579,2494.65234375,199.2,5.9,308
1791049985.4566052,2494.65234375,199.2,6.6,308
1791049985.657343,2494.65234375,204.3,4.0,308
1791049985.8581028,2494.65234375,199.3,4.1,308
1791049986.0588422,2494.65234375,199.2,4.9,308
1791049986.2596118,2494.65234375,199.2,4.6,308
1791049986.460396,2494.65234375,199.2,7.2,308
1791049986.661196,2494.65234375,199.2,7.3,308
1791049986.8619618,2494.65234375,204.2,4.6,308
1791049987.062694,2494.65234375,199.2,4.6,308
1791049987.263497,2494.65234375,199.2,4.3,308
1791049987.464259,2494.65234375,199.2,3.9,308
1791049987.6650305,2494.65234375,199.3,4.6,308
1791049987.8657644,2494.65234375,204.2,4.1,308
1791049988.066516,2494.65234375,199.3,4.3,308
1791049988.2671826,2494.65234375,199.3,6.1,308
1791049988.4678686,2494.65234375,199.3,6.0,308
1791049988.6686087,2494.65234375,199.3,5.0,308
1791049988.8693225,2494.65234375,204.3,5.6,308
1791049989.0700543,2494.65234375,199.3,5.5,308
1791049989.2707758,2494.65234375,204.2,5.4,308
1791049989.471643,2494.65234375,199.1,4.5,308
1791049989.6724524,2494.65234375,199.2,4.2,308
1791049989.8732448,2494.65234375,199.2,5.7,308
1791049990.0743234,2494.65234375,199.0,4.6,308
1791049990.275265,2494.65234375,204.1,4.3,308
1791049990.476057,2494.65234375,199.2,4.6,308
1791049990.6767247,2494.65234375,199.3,6.4,308
1791049990.8774793,2494.65234375,199.3,7.4,308
1791049991.0782223,2494.65234375,199.3,5.8,308
1791049991.278877,2494.65234375,199.3,5.2,308
1791049991.4795227,2494.65234375,204.3,5.0,308
1791049991.6802123,2494.65234375,199.3,6.8,308
1791049991.8810937,2494.65234375,199.1,4.9,308
1791049992.0817418,2494.65234375,199.3,4.4,308
1791049992.2824006,2494.65234375,199.3,4.8,308
1791049992.483051,2494.65234375,204.3,4.1,308
1791049992.683698,2494.65234375,199.4,3.5,308
1791049992.8843727,2494.65234375,199.3,6.7,308
1791049993.0851104,2494.65234375,204.2,7.9,308
1791049993.2858539,2494.65234375,199.2,11.0,308
1791049993.4866078,2494.65234375,199.3,8.7,308
1791049993.6873295,2494.65234375,199.3,7.1,308
1791049993.8879955,2494.65234375,204.3,8.9,308
1791049994.0887272,2494.65234375,199.3,8.6,308
1791049994.2894745,2494.65234375,199.2,7.2,308
1791049994.4902256,2494.65234375,199.3,5.1,308
1791049994.690882,2494.65234375,199.3,6.3,308
1791049994.8916516,2494.65234375,199.2,7.6,308
1791049995.0924177,2494.65234375,204.2,6.5,308
1791049995.2931595,2494.65234375,199.3,5.1,308
1791049995.4938655,2494.65234375,199.3,7.0,308
1791049995.6945992,2494.65234375,199.3,4.7,308
1791049995.8952458,2494.65234375,199.4,4.2,308
1791049996.0959215,2518.65234375,269.0,4.9,308
1791049996.2967827,2500.15625,313.7,7.3,308
1791049996.4975657,2500.15625,204.2,5.9,308
1791049996.6982827,2500.15625,403.6,6.0,308
1791049996.8989997,2500.15625,199.3,3.7,308
1791049997.0996804,2500.15625,199.3,3.7,308
1791049997.3003953,2500.15625,199.3,3.9,308
1791049997.501083,2500.15625,204.3,4.4,308
1791049997.7017524,2500.15625,199.3,4.4,308
1791049997.9024553,2500.15625,199.3,5.9,308
1791049998.1031878,2500.15625,199.3,6.9,308
1791049998.303909,2500.15625,199.3,5.5,308
1791049998.5046136,2500.15625,199.3,5.5,308
1791049998.7053442,2500.15625,199.3,4.5,308
1791049998.9060469,2500.15625,204.3,4.6,308
1791049999.1067314,2500.15625,199.3,4.6,308
1791049999.3074431,2500.15625,199.3,4.6,308
1791049999.5081277,2500.15625,199.3,4.0,308
1791049999.7088344,2500.15625,204.3,4.5,308
1791049999.9095562,2500.15625,199.3,6.7,308
1791050000.1102428,2500.15625,199.3,4.9,308
1791050000.3109076,2500.15625,204.3,6.4,308
1791050000.5116193,2500.15625,199.3,5.2,308
1791050000.7123973,2500.15625,199.2,6.5,308
1791050000.913176,2500.15625,199.2,4.2,308
1791050001.1138687,2500.15625,199.3,3.6,308
1791050001.3145528,2500.15625,199.3,4.1,308
1791050001.5152571,2500.15625,199.3,5.3,308
1791050001.715944,2500.15625,204.2,6.5,308
1791050001.9167273,2500.15625,199.3,3.9,308
1791050002.1174169,2500.15625,199.3,4.3,308
1791050002.3181129,2500.15625,199.3,4.9,308
1791050002.5187902,2500.15625,199.3,5.0,308
1791050002.7194786,2500.15625,199.3,5.2,308
1791050002.9201806,2500.15625,204.3,8.3,308
1791050003.1209233,2500.15625,199.2,11.1,308
1791050003.3217013,2500.15625,199.2,7.0,308
1791050003.522468,2500.15625,204.3,6.6,308
1791050003.7231708,2500.15625,199.3,6.9,308
1791050003.923948,2500.15625,199.2,7.0,308
1791050004.1247118,2500.15625,204.3,6.2,308
1791050004.325401,2500.15625,199.3,7.5,308
1791050004.5261767,2500.15625,199.2,7.3,308
1791050004.7269323,2500.15625,199.2,7.8,308
1791050004.927661,2500.15625,199.3,8.6,308
1791050005.1284842,2500.15625,199.2,7.2,308
1791050005.3292682,2500.15625,204.2,5.3,308
1791050005.5299344,2500.15625,199.3,6.0,308
1791050005.7306867,2500.15625,199.3,4.1,308
1791050005.9313424,2500.15625,199.3,3.6,308
1791050006.13202,2500.15625,199.3,3.7,308
1791050006.3326936,2500.15625,204.3,3.7,308
1791050006.5335631,2500.15625,199.2,9.4,308
1791050006.734313,2500.15625,199.3,5.8,308
1791050006.9349878,2500.15625,199.3,6.4,308
1791050007.1357348,2500.15625,199.3,5.7,308
1791050007.336403,2500.15625,199.3,5.5,308
1791050007.5371525,2500.15625,199.3,5.4,308
1791050007.7378054,2500.15625,204.3,3.9,308
1791050007.9384904,2500.15625,199.3,5.0,308
1791050008.1392617,2500.15625,204.3,6.1,308
1791050008.3399394,2500.15625,199.3,4.9,308
1791050008.5406308,2500.15625,199.3,5.0,308
1791050008.7412891,2500.15625,199.3,5.0,308
1791050008.941925,2500.15625,204.3,5.4,308
1791050009.1425877,2500.15625,199.3,5.9,308
1791050009.3432372,2500.15625,199.4,5.1,308
1791050009.543896,2500.15625,199.3,4.6,308
1791050009.7445447,2500.15625,199.4,4.8,308
1791050009.9451942,2500.15625,199.3,6.1,308
1791050010.1458638,2500.15625,199.3,6.1,308
1791050010.3465855,2500.15625,199.3,4.1,308
1791050010.5472543,2500.15625,199.3,3.9,308
1791050010.7479167,2500.15625,204.3,4.6,308
1791050010.9486835,2500.15625,199.3,4.0,308
1791050011.1493797,2500.15625,199.3,4.4,308
1791050011.350055,2500.15625,199.3,5.0,308
1791050011.5507195,2500.15625,199.3,6.9,308
1791050011.7513938,2500.15625,199.3,5.0,308
1791050011.9520345,2500.15625,204.3,4.7,308
1791050012.152668,2500.15625,199.4,4.6,308
1791050012.3533254,2500.15625,204.3,3.7,308
1791050012.554029,2500.15625,199.3,4.3,308
1791050012.7546904,2500.15625,199.3,3.8,308
1791050012.9553654,2500.15625,199.3,7.2,308
1791050013.1561587,2500.15625,199.2,8.9,308
1791050013.3569648,2500.15625,199.2,8.1,308
1791050013.557736,2500.15625,204.2,7.6,308
1791050013.7585082,2500.15625,199.3,8.0,308
1791050013.9592478,2500.15625,199.3,8.3,308
1791050014.1599874,2500.15625,199.3,6.0,308
1791050014.3606997,2500.15625,199.3,8.0,308
1791050014.5614636,2500.15625,199.2,6.4,308
1791050014.7622125,2500.15625,204.3,6.8,308
1791050014.9628935,2500.15625,199.3,6.3,308
1791050015.1636424,2500.15625,199.3,7.0,308
1791050015.364395,2500.15625,204.2,5.4,308
1791050015.565083,2500.15625,199.3,7.7,308
1791050015.7658205,2500.15625,199.3,5.4,308
1791050015.9664946,2500.15625,199.3,5.6,308
1791050016.1671817,2500.15625,204.3,5.7,308
1791050016.3678432,2500.15625,199.3,5.4,308
1791050016.5685165,2500.15625,199.3,8.0,308
1791050016.7691858,2500.15625,199.3,5.0,308
1791050016.9698462,2500.15625,199.3,4.9,308
1791050017.1705272,2500.15625,199.3,4.7,308
1791050017.371205,2500.15625,199.3,4.6,308
1791050017.5718708,2500.15625,204.3,4.5,308
1791050017.7725475,2500.15625,199.3,4.9,308
1791050017.9732363,2500.15625,199.3,5.6,308
1791050018.1738994,2500.15625,199.3,8.3,308
1791050018.3745377,2500.15625,199.4,5.5,308
1791050018.5751905,2500.15625,204.3,5.8,308
1791050018.7758412,2500.15625,199.3,5.3,308
1791050018.9765034,2500.15625,199.4,5.5,308
1791050019.1771724,2500.15625,204.3,4.9,308
1791050019.3778367,2500.15625,199.3,7.1,308
1791050019.5785897,2500.15625,199.3,4.0,308
1791050019.7793055,2500.15625,199.3,5.7,308
1791050019.980035,2500.15625,199.3,5.1,308
1791050020.1807382,2500.15625,199.3,5.7,308
1791050020.3815594,2500.15625,199.2,6.2,308
1791050020.5822845,2500.15625,204.3,5.7,308
1791050020.782987,2500.15625,199.3,7.1,308
1791050020.9836652,2500.15625,199.3,5.1,308
1791050021.1843853,2500.15625,199.3,4.7,308
1791050021.3850894,2500.15625,199.3,3.9,308
1791050021.5858116,2499.83984375,388.6,6.8,308
1791050021.7865844,2499.83984375,194.3,3.7,308
1791050021.987337,2499.83984375,438.2,6.1,308
1791050022.1882503,2499.83984375,199.2,4.2,308
1791050022.3889592,2499.83984375,204.3,4.6,308
1791050022.5896478,2499.83984375,199.3,5.1,308
1791050022.7903862,2499.83984375,199.3,5.5,308
1791050022.9911482,2499.83984375,199.2,8.4,308
1791050023.1919281,2499.83984375,199.2,10.4,308
1791050023.3927019,2499.83984375,204.2,8.2,308
1791050023.5934792,2499.83984375,199.2,7.3,308
1791050023.7942595,2499.83984375,199.2,7.8,308
1791050023.99503,2499.83984375,199.2,7.0,308
1791050024.1957834,2499.83984375,199.3,5.5,308
1791050024.3965352,2499.83984375,199.2,6.5,308
1791050024.5973184,2499.83984375,204.2,6.4,308
1791050024.7980855,2499.83984375,199.2,7.2,308
1791050024.9988139,2499.83984375,204.2,7.4,308
1791050025.1995952,2499.83984375,199.2,7.1,308
1791050025.4003549,2499.83984375,199.3,5.4,308
1791050025.6010163,2499.83984375,199.3,4.8,308
1791050025.8016818,2499.83984375,199.4,4.4,308
1791050026.0022948,2499.83984375,204.3,4.4,308
1791050026.202961,2499.83984375,199.3,3.8,308
1791050026.4036455,2499.83984375,199.3,6.5,308
1791050026.604393,2499.83984375,199.2,4.0,308
1791050026.8051524,2499.83984375,199.3,4.1,308
1791050027.005866,2499.83984375,199.3,4.7,308
1791050027.2065487,2499.83984375,199.3,5.0,308
1791050027.4072454,2499.83984375,204.3,4.7,308
1791050027.607901,2499.83984375,199.3,4.8,308
1791050027.808584,2499.83984375,199.2,5.3,308
1791050028.0094981,2499.83984375,199.2,8.3,308
1791050028.2102654,2499.83984375,204.2,8.8,308
1791050028.4109638,2499.83984375,199.3,6.8,308
1791050028.611674,2499.83984375,199.3,5.5,308
1791050028.8123655,2499.83984375,204.3,5.3,308
1791050029.0130591,2499.83984375,199.3,5.5,308
1791050029.213741,2499.83984375,199.3,6.1,308
1791050029.414382,2499.83984375,199.4,6.6,308
1791050029.6150157,2499.83984375,199.4,5.8,308
1791050029.8156328,2499.83984375,199.4,6.9,308
1791050030.0162911,2499.83984375,199.3,5.5,308
1791050030.2169898,2499.83984375,204.3,5.3,308
1791050030.4176624,2499.83984375,199.3,7.4,308
1791050030.6185417,2499.83984375,199.2,7.6,308
1791050030.8192885,2499.83984375,199.3,4.8,308
1791050031.0200088,2499.83984375,199.3,4.1,308
1791050031.2206967,2499.83984375,199.3,3.7,308
1791050031.421408,2499.83984375,199.3,4.4,308
1791050031.622106,2499.83984375,204.3,7.1,308
1791050031.8227887,2499.83984375,204.3,5.1,308
1791050032.0235257,2499.83984375,199.3,4.6,308
1791050032.2242084,2499.83984375,199.3,4.8,308
1791050032.424876,2499.83984375,199.3,4.7,308
1791050032.6255457,2499.83984375,199.3,6.4,308
1791050032.826339,2499.83984375,199.2,5.0,308
1791050033.027086,2499.83984375,204.2,7.5,308
1791050033.2278738,2499.83984375,199.2,9.2,308
1791050033.4286468,2499.83984375,199.2,8.2,308
1791050033.6294832,2499.83984375,199.2,8.8,308
1791050033.8303792,2499.83984375,199.1,7.5,308
1791050034.0311394,2499.83984375,204.2,9.9,308
1791050034.2318835,2499.83984375,199.3,9.2,308
1791050034.4326065,2499.83984375,199.3,6.1,308
1791050034.6332624,2499.83984375,199.3,7.3,308
1791050034.8340347,2499.83984375,199.2,8.4,308
1791050035.0347743,2499.83984375,204.2,7.2,308
1791050035.2355237,2499.83984375,199.3,4.2,308
1791050035.4362242,2499.83984375,199.3,6.0,308
1791050035.63697,2499.83984375,199.3,3.8,308
1791050035.8376722,2499.83984375,199.3,3.8,308
1791050036.0383322,2499.83984375,199.3,4.4,308
1791050036.2389755,2499.83984375,204.3,4.8,308
1791050036.4396088,2499.83984375,199.4,4.4,308
1791050036.640234,2499.83984375,204.4,6.8,308
1791050036.8408656,2499.83984375,199.4,4.4,308
1791050037.0415173,2499.83984375,199.4,4.6,308
1791050037.2421534,2499.83984375,199.4,3.9,308
1791050037.4427853,2499.83984375,199.4,3.7,308
1791050037.6434855,2499.83984375,199.3,3.5,308
1791050037.84416,2499.83984375,204.3,4.1,308
1791050038.0448022,2499.83984375,199.4,4.6,308
1791050038.2454846,2499.83984375,199.3,6.8,308
1791050038.4461718,2499.83984375,199.3,8.7,308
1791050038.646904,2499.83984375,199.3,5.3,308
1791050038.847582,2499.83984375,199.3,5.1,308
1791050039.048228,2499.83984375,199.4,5.1,308
1791050039.248843,2499.83984375,204.3,5.1,308
1791050039.4495068,2499.83984375,199.3,4.1,308
1791050039.650341,2499.83984375,199.2,4.2,308
1791050039.8510873,2499.83984375,204.3,5.4,308
1791050040.0517776,2499.83984375,199.3,3.6,308
1791050040.2525086,2499.83984375,199.3,3.6,308
1791050040.4532905,2499.83984375,199.2,4.3,308
1791050040.653956,2499.83984375,204.3,7.4,308
1791050040.8545907,2499.83984375,199.4,5.0,308
1791050041.0552497,2499.83984375,199.3,5.2,308
1791050041.255918,2499.83984375,199.3,5.1,308
1791050041.4565601,2499.83984375,199.4,5.1,308
1791050041.6571965,2499.83984375,199.3,7.7,308
1791050041.8578467,2499.83984375,199.3,4.8,308
1791050042.058497,2499.83984375,199.3,4.3,308
1791050042.2591743,2499.83984375,204.3,4.6,308
1791050042.4598088,2499.83984375,199.4,4.5,308
1791050042.6604483,2499.83984375,199.4,4.9,308
1791050042.8611174,2499.83984375,199.3,7.6,308
1791050043.061876,2499.83984375,204.2,9.1,308
1791050043.2626438,2499.83984375,199.3,10.8,308
1791050043.4633803,2499.83984375,199.3,6.2,308
1791050043.6641123,2499.83984375,199.3,7.7,308
1791050043.8648496,2499.83984375,204.2,7.9,308
1791050044.0656097,2499.83984375,199.2,7.8,308
1791050044.2664006,2499.83984375,199.2,5.2,308
1791050044.4671428,2499.83984375,199.3,6.7,308
1791050044.667879,2499.83984375,199.3,6.5,308
1791050044.8686476,2499.83984375,199.3,7.8,308
1791050045.0694163,2499.83984375,204.2,7.3,308
1791050045.2702124,2499.83984375,199.2,6.5,308
1791050045.4710603,2499.83984375,199.2,7.7,308
1791050045.6718073,2499.83984375,199.3,4.7,308
1791050045.8725111,2499.83984375,199.3,4.6,308
1791050046.0732648,2499.83984375,199.2,6.9,308
1791050046.2740746,2499.83984375,204.2,4.1,308
1791050046.4747868,2499.83984375,204.3,3.9,308
1791050046.6754982,2499.83984375,199.3,6.1,308
1791050046.8762062,2499.83984375,199.3,4.6,308
1791050047.0768862,2499.83984375,199.3,4.7,308
1791050047.2776082,2499.83984375,199.3,5.1,308
1791050047.4783304,2499.83984375,204.3,6.0,308
1791050047.6790283,2499.83984375,199.3,4.7,308
1791050047.8797104,2499.83984375,199.3,5.0,308
1791050048.0803852,2499.83984375,199.3,5.0,308
1791050048.2811172,2499.83984375,199.3,7.5,308
1791050048.48185,2499.83984375,199.3,5.6,308
1791050048.682595,2499.83984375,204.3,4.6,308
1791050048.8833072,2499.83984375,199.3,4.4,308
1791050049.0840344,2499.83984375,199.3,4.6,308
1791050049.284796,2499.83984375,199.2,4.4,308
1791050049.485561,2499.83984375,199.2,3.9,308
1791050049.6863236,2499.83984375,199.2,5.2,308
1791050049.8870463,2499.83984375,204.3,5.5,308
1791050050.087736,2499.83984375,199.3,4.7,308
1791050050.2884982,2499.83984375,199.3,4.3,308
1791050050.4892356,2499.83984375,199.2,4.6,308
1791050050.6900141,2499.83984375,199.2,5.4,308
1791050050.8907585,2499.83984375,204.3,4.6,308
1791050051.0914927,2499.83984375,204.2,5.8,308
1791050051.292363,2499.83984375,199.2,3.6,308
1791050051.4930866,2499.83984375,199.3,3.8,308
1791050051.693791,2499.83984375,199.3,5.2,308
1791050051.8945127,2499.83984375,199.3,5.1,308
1791050052.0952365,2499.83984375,199.3,4.8,308
1791050052.2959733,2499.83984375,204.3,4.4,308
1791050052.496704,2499.83984375,199.3,4.6,308
1791050052.6974838,2499.83984375,199.2,4.5,308
1791050052.8982337,2499.83984375,199.2,7.1,308
1791050053.0990114,2499.83984375,199.2,7.5,308
1791050053.2997923,2499.83984375,199.2,8.7,308
1791050053.5005374,2499.83984375,199.3,6.1,308
1791050053.701244,2499.83984375,204.2,7.8,308
1791050053.902009,2499.83984375,199.2,7.8,308
1791050054.1027486,2499.83984375,199.3,7.0,308
1791050054.303495,2499.83984375,199.2,8.8,308
1791050054.5042849,2499.83984375,204.2,7.6,308
1791050054.7050955,2499.83984375,204.2,6.4,308
1791050054.9058566,2499.83984375,199.2,10.4,308
1791050055.1066737,2499.83984375,199.2,10.6,308
1791050055.307456,2499.83984375,199.2,5.8,308
1791050055.5082512,2499.83984375,199.2,6.6,308
1791050055.709012,2499.83984375,204.3,4.5,308
1791050055.9097276,2499.83984375,199.3,4.5,308
1791050056.1104639,2499.83984375,199.2,4.2,308
1791050056.3112469,2499.83984375,199.2,4.2,308
1791050056.5119777,2499.83984375,199.2,5.8,308
1791050056.7127488,2499.83984375,199.3,6.0,308
1791050056.913485,2499.83984375,204.2,4.5,308
1791050057.1143277,2499.83984375,199.2,4.5,308
1791050057.3150952,2499.83984375,199.3,4.4,308
1791050057.515777,2499.83984375,199.3,4.5,308
1791050057.7164903,2499.83984375,199.3,4.0,308
1791050057.9171383,2499.83984375,199.4,4.5,308
1791050058.1178563,2499.83984375,199.3,4.4,308
1791050058.318609,2499.83984375,204.3,6.2,308
1791050058.5193317,2499.83984375,204.2,5.9,308
1791050058.7201085,2499.83984375,199.3,5.7,308
1791050058.9208045,2499.83984375,199.3,5.1,308
1791050059.1215332,2499.83984375,199.3,5.2,308
1791050059.3222287,2499.83984375,199.3,5.3,308
1791050059.522903,2499.83984375,199.3,4.8,308
1791050059.7236087,2499.83984375,199.3,4.6,308
1791050059.924334,2499.83984375,204.3,4.0,308
1791050060.125019,2499.83984375,199.3,6.2,308
1791050060.3257356,2499.83984375,199.3,4.6,308
1791050060.5264676,2499.83984375,199.2,4.9,308
1791050060.7272677,2499.83984375,199.2,8.6,308
1791050060.9281788,2499.83984375,199.1,7.0,308
1791050061.1289592,2499.83984375,204.2,5.0,308
1791050061.3296974,2499.83984375,199.3,4.5,308
1791050061.5304482,2498.33984375,383.5,5.9,308
1791050061.7312255,2498.33984375,199.2,9.0,308
1791050061.9320438,2498.33984375,393.4,6.1,308
1791050062.1328533,2498.33984375,199.2,4.4,308
1791050062.333624,2498.33984375,199.3,3.8,308
1791050062.5343673,2498.33984375,204.2,3.9,308
1791050062.7351542,2498.33984375,199.2,3.8,308
1791050062.935894,2498.33984375,199.2,7.6,308
1791050063.1366959,2498.33984375,199.2,8.6,308
1791050063.3374536,2498.33984375,199.2,9.9,308
1791050063.5382118,2498.33984375,199.2,8.0,308
1791050063.7389657,2498.33984375,204.2,8.2,308
1791050063.939722,2498.33984375,199.2,8.2,308
1791050064.1404855,2498.33984375,199.3,6.0,308
1791050064.341169,2498.33984375,204.3,7.8,308
1791050064.5419135,2498.33984375,199.2,4.6,308
1791050064.7426996,2498.33984375,199.2,6.7,308
1791050064.9434795,2498.33984375,199.2,6.4,308
1791050065.1442506,2498.33984375,199.2,7.5,308
1791050065.3449862,2498.33984375,204.3,5.3,308
1791050065.545683,2498.33984375,199.3,7.2,308
1791050065.7464428,2498.33984375,199.3,4.5,308
1791050065.9471235,2498.33984375,199.3,4.4,308
1791050066.1478002,2498.33984375,199.3,5.0,308
1791050066.348448,2498.33984375,199.4,5.3,308
1791050066.5491395,2498.33984375,204.3,5.6,308
1791050066.749893,2498.33984375,199.2,6.1,308
1791050066.9506645,2498.33984375,199.3,4.9,308
1791050067.1513243,2498.33984375,204.3,4.6,308
1791050067.3519974,2498.33984375,199.3,6.6,308
1791050067.552737,2498.33984375,199.3,5.1,308
1791050067.753407,2498.33984375,204.3,6.3,308
1791050067.954201,2498.33984375,199.2,6.6,308
1791050068.1549306,2498.33984375,199.3,6.2,308
1791050068.3556197,2498.33984375,199.3,8.9,308
1791050068.5562906,2498.33984375,199.3,7.0,308
1791050068.7570586,2498.33984375,204.2,6.3,308
1791050068.9577954,2498.33984375,199.3,4.8,308
1791050069.1584883,2498.33984375,199.3,6.7,308
1791050069.35925,2498.33984375,199.3,4.4,308
1791050069.5598927,2498.33984375,199.4,3.8,308
1791050069.7605424,2498.33984375,199.3,4.0,308
1791050069.9613137,2498.33984375,199.3,5.6,308
1791050070.1620169,2498.33984375,204.2,5.3,308
1791050070.3627484,2498.33984375,199.3,4.5,308
1791050070.563413,2498.33984375,199.3,4.6,308
1791050070.7640858,2498.33984375,199.3,5.5,308
1791050070.9648585,2498.33984375,199.2,4.6,308
1791050071.1657395,2498.33984375,204.1,4.5,308
1791050071.3664691,2498.33984375,199.3,3.6,308
1791050071.5671759,2498.33984375,199.3,3.6,308
1791050071.7678893,2498.33984375,199.2,5.6,308
1791050071.9687774,2498.33984375,204.1,3.7,308
1791050072.1695113,2498.33984375,199.3,4.8,308
1791050072.3702636,2498.33984375,199.3,4.7,308
1791050072.5709655,2498.33984375,204.3,4.9,308
1791050072.7717493,2498.33984375,199.2,4.7,308
1791050072.9725409,2498.33984375,199.2,8.0,308
1791050073.17335,2498.33984375,199.2,7.9,308
1791050073.3741205,2498.33984375,199.2,9.9,308
1791050073.574878,2498.33984375,199.2,8.0,308
1791050073.7756424,2498.33984375,204.2,8.3,308
1791050073.9763875,2498.33984375,199.3,6.2,308
1791050074.1771271,2498.33984375,199.3,8.4,308
1791050074.377889,2498.33984375,199.2,7.8,308
1791050074.5786774,2498.33984375,199.2,5.9,308
1791050074.7794964,2498.33984375,199.2,6.6,308
1791050074.9802637,2498.33984375,204.2,6.7,308
1791050075.1810353,2498.33984375,199.2,8.6,308
1791050075.381777,2498.33984375,204.3,5.0,308
1791050075.5824819,2498.33984375,199.3,5.0,308
1791050075.783249,2498.33984375,199.2,3.7,308
1791050075.983948,2498.33984375,199.3,3.8,308
1791050076.184626,2498.33984375,204.3,5.6,308
1791050076.385389,2498.33984375,199.3,3.9,308
1791050076.5860636,2498.33984375,199.3,4.1,308
1791050076.7868123,2498.33984375,199.3,7.2,308
1791050076.9875216,2498.33984375,199.3,4.7,308
1791050077.1882055,2498.33984375,199.3,6.7,308
1791050077.3889654,2498.33984375,204.3,4.4,308
1791050077.589635,2498.33984375,199.3,4.5,308
1791050077.790391,2498.33984375,199.3,4.7,308
1791050077.9911077,2498.33984375,199.3,4.8,308
1791050078.1917884,2498.33984375,199.3,4.3,308
1791050078.392476,2498.33984375,199.3,4.6,308
1791050078.5931628,2498.33984375,204.3,6.2,308
1791050078.793914,2498.33984375,199.3,4.7,308
1791050078.9946246,2498.33984375,199.3,7.3,308
1791050079.1952865,2498.33984375,199.4,6.1,308
1791050079.3959095,2498.33984375,199.4,5.7,308
1791050079.5966067,2498.33984375,199.3,5.6,308
1791050079.7973647,2498.33984375,204.2,5.4,308
1791050079.9980695,2498.33984375,204.3,5.2,308
1791050080.1987176,2498.33984375,199.4,6.8,308
1791050080.3993597,2498.33984375,199.3,5.3,308
1791050080.6000469,2498.33984375,199.3,4.5,308
1791050080.8007917,2498.33984375,199.3,5.6,308
1791050081.0015354,2498.33984375,199.3,6.3,308
1791050081.2022932,2498.33984375,204.2,5.7,308
1791050081.4030538,2498.33984375,199.3,5.2,308
1791050081.603714,2498.33984375,199.3,4.6,308
1791050081.8044596,2498.33984375,199.3,6.1,308
1791050082.0051725,2498.33984375,199.3,5.4,308
1791050082.2058532,2498.33984375,204.3,4.4,308
1791050082.4065309,2498.33984375,199.3,4.6,308
1791050082.6071973,2498.33984375,199.3,4.0,308
1791050082.8079712,2498.33984375,199.2,4.2,308
1791050083.0087962,2498.33984375,199.2,6.5,308
1791050083.2095387,2498.33984375,199.3,7.0,308
1791050083.4103086,2498.33984375,199.2,8.2,308
1791050083.6111042,2498.33984375,204.2,9.7,308
1791050083.8118806,2498.33984375,199.2,7.5,308
1791050084.01264,2498.33984375,199.2,7.8,308
1791050084.2134233,2498.33984375,204.2,6.2,308
1791050084.414127,2498.33984375,199.3,7.6,308
1791050084.6148946,2498.33984375,199.2,8.3,308
1791050084.8156402,2498.33984375,204.2,7.1,308
1791050085.0164099,2498.33984375,199.2,6.0,308
1791050085.2171793,2498.33984375,199.2,7.8,308
1791050085.417923,2498.33984375,199.3,4.3,308
1791050085.6185946,2498.33984375,199.3,4.0,308
1791050085.8192515,2498.33984375,199.3,5.2,308
1791050086.0198977,2498.33984375,204.3,4.4,308
1791050086.2205727,2498.33984375,199.3,4.2,308
1791050086.4212258,2498.33984375,199.4,4.5,308
1791050086.6218963,2498.33984375,199.3,6.6,308
1791050086.822678,2495.59375,383.5,8.9,308
1791050087.023444,2495.59375,398.4,6.9,308
1791050087.2242656,2495.59375,199.2,4.6,308
1791050087.424928,2495.59375,199.3,4.8,308
1791050087.6255765,2495.59375,199.4,4.5,308
1791050087.8262482,2495.59375,204.3,4.4,308
1791050088.0269094,2495.59375,199.3,5.7,308
1791050088.2275565,2495.59375,199.4,5.3,308
1791050088.428239,2495.59375,199.3,5.7,308
1791050088.6289618,2495.59375,199.3,7.2,308
1791050088.8297083,2495.59375,199.3,5.1,308
1791050089.0303938,2495.59375,204.3,5.5,308
1791050089.2310593,2495.59375,199.3,5.2,308
1791050089.4317427,2495.59375,199.3,4.2,308
1791050089.6324246,2495.59375,199.3,4.2,308
1791050089.8331468,2495.59375,204.3,3.7,308
1791050090.0338871,2495.59375,199.3,3.7,308
1791050090.234658,2495.59375,204.2,7.3,308
1791050090.4354224,2495.59375,199.2,4.7,308
1791050090.6363308,2495.59375,199.1,4.8,308
1791050090.8371284,2495.59375,199.2,6.8,308
1791050091.038055,2495.59375,199.1,7.5,308
1791050091.2388399,2495.59375,204.2,6.7,308
1791050091.4396076,2495.59375,199.3,4.8,308
1791050091.640303,2495.59375,199.3,6.8,308
1791050091.8410652,2495.59375,199.2,6.3,308
1791050092.0417778,2495.59375,199.3,4.4,308
1791050092.2424731,2495.59375,199.3,4.4,308
1791050092.443153,2495.59375,199.3,5.0,308
1791050092.6438575,2495.59375,204.3,5.5,308
1791050092.8445697,2495.59375,199.3,5.9,308
1791050093.045266,2495.59375,199.3,8.8,308
1791050093.2460446,2495.59375,199.2,9.1,308
1791050093.4467838,2495.59375,204.3,8.0,308
1791050093.647506,2495.59375,199.3,11.5,308
1791050093.8482938,2495.59375,204.2,8.0,308
1791050094.0490286,2495.59375,199.3,5.9,308
1791050094.2497783,2495.59375,199.2,7.9,308
1791050094.4505668,2495.59375,199.2,4.5,308
1791050094.6513295,2495.59375,199.2,6.3,308
1791050094.8521314,2495.59375,199.2,7.2,308
1791050095.0529475,2495.59375,199.2,7.2,308
1791050095.2537386,2495.59375,204.2,6.7,308
1791050095.4545016,2495.59375,199.2,7.4,308
1791050095.6552413,2495.59375,199.3,4.6,308
1791050095.8559728,2495.59375,199.3,5.1,308
1791050096.0567172,2495.59375,199.3,4.0,308
1791050096.257473,2495.59375,199.2,3.6,308
1791050096.4582531,2495.59375,209.2,3.7,308
1791050096.6590078,2495.59375,199.2,3.7,308
1791050096.8598485,2495.59375,199.2,5.2,308
1791050097.0605104,2495.59375,199.3,5.1,308
1791050097.2612746,2495.59375,199.2,4.5,308
1791050097.4620464,2495.59375,199.2,4.5,308
1791050097.662788,2495.59375,204.2,4.6,308
1791050097.8635416,2495.59375,199.3,5.0,308
1791050098.064281,2495.59375,199.2,5.7,308
1791050098.2650752,2495.59375,199.2,7.8,308
1791050098.4658585,2495.59375,199.2,5.0,308
1791050098.6666098,2495.59375,199.2,6.4,308
1791050098.867417,2495.59375,204.2,4.3,308
1791050099.068192,2495.59375,199.2,4.5,308
1791050099.268969,2495.59375,199.2,5.3,308
1791050099.4697282,2495.59375,199.3,4.7,308
1791050099.670471,2495.59375,199.3,4.9,308
1791050099.871226,2495.59375,204.2,4.5,308
1791050100.0719726,2495.59375,199.3,4.5,308
1791050100.2727146,2495.59375,204.2,4.7,308
1791050100.4735012,2495.59375,199.2,8.3,308
1791050100.6744347,2495.59375,199.1,4.8,308
1791050100.875247,2495.59375,199.2,5.8,308
1791050101.076014,2495.59375,204.3,4.9,308
1791050101.2766845,2495.59375,199.3,4.9,308
1791050101.477368,2495.59375,199.3,4.8,308
1791050101.6780221,2495.59375,199.3,4.8,308
1791050101.878677,2495.59375,199.4,4.8,308
1791050102.0793426,2495.59375,199.3,6.1,308
1791050102.279997,2495.59375,199.3,4.6,308
1791050102.4806292,2495.59375,199.4,4.6,308
1791050102.681287,2495.59375,204.3,5.2,308
1791050102.8820105,2495.59375,199.2,6.2,308
1791050103.0828226,2495.59375,199.2,7.6,308
1791050103.283614,2495.59375,199.2,7.2,308
1791050103.4844823,2495.59375,204.1,7.0,308
1791050103.6855006,2495.59375,199.0,9.6,308
1791050103.8863132,2495.59375,199.2,7.5,308
1791050104.0870798,2495.59375,204.2,8.1,308
1791050104.2878556,2495.59375,199.2,8.4,308
1791050104.4886181,2495.59375,199.3,6.7,308
1791050104.689397,2495.59375,199.2,8.2,308
1791050104.890184,2495.59375,204.2,8.0,308
1791050105.0909653,2495.59375,199.2,7.7,308
1791050105.2917438,2495.59375,199.2,6.6,308
1791050105.4925215,2495.59375,199.2,9.6,308
1791050105.6932929,2495.59375,199.2,5.2,308
1791050105.894048,2495.59375,199.2,5.7,308
1791050106.0948079,2495.59375,204.2,6.9,308
1791050106.2955732,2495.59375,199.2,6.4,308
1791050106.496325,2495.59375,199.3,7.2,308
1791050106.6970797,2495.59375,199.2,6.4,308
1791050106.897819,2495.59375,199.3,6.6,308
1791050107.098478,2495.59375,199.3,7.9,308
1791050107.299129,2495.59375,204.3,4.5,308
1791050107.4997592,2495.59375,199.4,3.7,308
1791050107.7003834,2495.59375,199.4,3.9,308
1791050107.901039,2495.59375,204.3,4.6,308
1791050108.1016636,2495.59375,199.4,4.4,308
1791050108.302296,2495.59375,199.4,5.2,308
1791050108.5029209,2495.59375,199.4,5.8,308
1791050108.7035415,2495.59375,204.4,6.6,308
1791050108.9041865,2495.59375,199.4,6.0,308
1791050109.1048107,2495.59375,199.4,5.2,308
1791050109.305453,2495.59375,199.3,5.6,308
1791050109.5062306,2495.59375,199.2,4.9,308
1791050109.7068849,2495.59375,199.3,4.4,308
1791050109.9075663,2495.59375,199.4,3.7,308
1791050110.108204,2495.59375,204.3,4.0,308
1791050110.308843,2495.59375,199.4,3.7,308
1791050110.5094967,2495.59375,199.4,5.4,308
1791050110.7102225,2495.59375,199.3,4.5,308
1791050110.9109144,2495.59375,199.3,8.2,308
1791050111.1116812,2495.59375,199.3,5.0,308
1791050111.3124237,2495.59375,199.3,4.8,308
1791050111.5131447,2495.59375,204.3,4.6,308
1791050111.7138393,2495.59375,204.3,5.0,308
1791050111.9144983,2495.59375,199.4,4.6,308
1791050112.115144,2495.59375,199.3,5.7,308
1791050112.3158343,2495.59375,199.3,3.9,308
1791050112.5165892,2495.59375,199.3,3.9,308
1791050112.7173448,2495.59375,204.2,4.9,308
1791050112.9181066,2495.59375,199.2,7.7,308
1791050113.1188664,2495.59375,199.2,8.1,308
1791050113.319649,2495.59375,199.2,8.6,308
1791050113.5205793,2495.59375,199.1,6.1,308
1791050113.7213504,2495.59375,199.2,9.4,308
1791050113.9222531,2495.59375,204.1,9.7,308
1791050114.1230485,2495.59375,199.2,6.8,308
1791050114.3237429,2495.59375,199.3,8.2,308
1791050114.5245364,2495.59375,199.2,7.2,308
1791050114.725311,2495.59375,204.2,5.0,308
1791050114.9260707,2495.59375,204.2,6.3,308
1791050115.1268995,2495.59375,199.2,7.1,308
1791050115.327704,2495.59375,199.2,5.4,308
1791050115.528387,2495.59375,199.3,8.1,308
1791050115.729126,2495.59375,199.3,4.8,308
1791050115.9297795,2495.59375,199.4,4.4,308
1791050116.1304169,2495.59375,199.4,4.8,308
1791050116.3310587,2495.59375,199.4,4.1,308
1791050116.5317125,2495.59375,204.3,3.8,308
1791050116.7323456,2495.59375,199.4,3.5,308
1791050116.933,2495.59375,199.4,3.5,308
1791050117.133621,2495.59375,199.4,5.9,308
1791050117.3342552,2495.59375,199.4,5.2,308
1791050117.5348606,2495.59375,199.4,5.1,308
1791050117.7354727,2495.59375,199.4,5.5,308
1791050117.936091,2495.59375,204.4,6.0,308
1791050118.136722,2495.59375,199.4,5.9,308
1791050118.337396,2495.59375,199.3,7.9,308
1791050118.5381374,2495.59375,204.3,6.5,308
1791050118.738799,2495.59375,199.3,7.1,308
1791050118.9395857,2495.59375,199.2,5.0,308
1791050119.1403675,2495.59375,199.2,5.1,308
1791050119.3411527,2495.59375,204.2,5.2,308
1791050119.5418973,2495.59375,199.2,5.3,308
1791050119.7426744,2495.59375,199.2,5.0,308
1791050119.9434724,2495.59375,199.2,4.7,308
1791050120.14433,2495.59375,199.1,4.7,308
1791050120.3451204,2495.59375,199.2,4.9,308
1791050120.5458581,2495.59375,204.2,6.7,308
1791050120.746623,2495.59375,199.3,4.7,308
1791050120.947369,2495.59375,199.2,5.9,308
1791050121.1482172,2495.59375,199.1,5.3,308
1791050121.3489785,2495.59375,199.2,6.3,308
1791050121.5497203,2495.59375,199.3,3.7,308
1791050121.7503948,2495.59375,204.3,4.3,308
1791050121.9510646,2495.59375,204.3,4.3,308
1791050122.1517286,2495.59375,199.3,6.9,308
1791050122.3524857,2495.59375,199.3,4.7,308
1791050122.5532699,2495.59375,199.2,9.2,308
1791050122.754017,2495.59375,199.3,6.9,308
1791050122.9547722,2495.59375,204.2,10.4,308
1791050123.1555505,2495.59375,199.2,7.5,308
1791050123.3563004,2495.59375,199.2,9.8,308
1791050123.5571005,2495.59375,199.2,9.3,308
1791050123.757889,2495.59375,199.2,7.2,308
1791050123.9586823,2495.59375,199.2,10.0,308
1791050124.1594667,2495.59375,199.2,6.0,308
1791050124.3602211,2495.59375,204.2,7.8,308
1791050124.560988,2495.59375,199.2,7.4,308
1791050124.7617314,2495.59375,199.3,5.6,308
1791050124.9624875,2495.59375,204.2,6.8,308
1791050125.1632557,2495.59375,199.2,7.0,308
1791050125.364,2495.59375,199.3,5.1,308
1791050125.5646813,2495.59375,204.3,7.9,308
1791050125.7654402,2495.59375,199.3,4.3,308
1791050125.9661152,2495.59375,199.3,4.2,308
1791050126.1667914,2495.59375,199.3,3.7,308
1791050126.3674808,2545.59375,378.7,6.0,308
1791050126.5682173,2501.09375,204.2,6.2,308
1791050126.7689855,2501.09375,428.4,7.9,308
1791050126.969736,2501.09375,199.3,6.4,308
1791050127.1705065,2501.09375,199.2,5.9,308
1791050127.3712156,2501.09375,204.3,9.2,308
1791050127.5719624,2501.09375,199.3,7.0,308
1791050127.7726815,2501.09375,199.3,6.3,308
1791050127.973369,2501.09375,199.3,7.3,308
1791050128.1741223,2501.09375,204.2,6.8,308
1791050128.3748543,2501.09375,204.2,8.5,308
1791050128.5756183,2501.09375,199.3,6.6,308
1791050128.7763698,2501.09375,199.2,6.8,308
1791050128.9771287,2501.09375,199.2,8.1,308
1791050129.1778836,2501.09375,199.2,6.7,308
1791050129.3786228,2501.09375,199.3,6.7,308
1791050129.5794027,2501.09375,199.2,10.9,308
1791050129.7802007,2501.09375,204.2,6.7,308
1791050129.9809923,2501.09375,199.2,6.1,308
1791050130.1817567,2501.09375,199.2,6.2,308
1791050130.3825374,2501.09375,199.2,6.0,308
1791050130.5833247,2501.09375,199.2,7.2,308
1791050130.7842362,2501.09375,199.1,7.9,308
1791050130.985,2501.09375,204.2,6.6,308
1791050131.1857371,2501.09375,199.3,6.7,308
1791050131.386486,2501.09375,199.3,6.6,308
1791050131.5872316,2501.09375,204.2,6.6,308
1791050131.7879899,2501.09375,199.3,6.8,308
1791050131.988742,2501.09375,204.2,7.4,308
1791050132.1894863,2501.09375,199.3,6.4,308
1791050132.39024,2501.09375,199.2,7.3,308
1791050132.5909913,2501.09375,199.2,5.2,308
1791050132.7917464,2501.09375,199.3,5.5,308
1791050132.9924967,2501.09375,199.3,9.5,308
1791050133.193254,2501.09375,199.3,9.1,308
1791050133.3939993,2501.09375,204.2,10.6,308
1791050133.5947788,2501.09375,199.2,13.2,308
1791050133.7955315,2501.09375,199.2,7.6,308
1791050133.99626,2501.09375,199.3,11.4,308
1791050134.197037,2501.09375,199.3,9.7,308
1791050134.3977497,2501.09375,204.3,7.7,308
1791050134.5984752,2501.09375,199.3,8.1,308
1791050134.7992396,2501.09375,199.3,8.0,308
1791050134.9999588,2501.09375,199.3,7.5,308
1791050135.2007039,2501.09375,199.3,9.3,308
1791050135.4014707,2501.09375,199.2,8.5,308
1791050135.602249,2501.09375,204.2,7.8,308
1791050135.8030381,2501.09375,204.2,7.0,308
1791050136.0037963,2501.09375,199.3,6.0,308
1791050136.2045105,2501.09375,199.3,6.3,308
1791050136.4051774,2501.09375,199.3,6.6,308
1791050136.6060143,2501.09375,199.2,6.2,308
1791050136.8067634,2501.09375,204.2,5.3,308
1791050137.0075157,2501.09375,199.3,5.0,308
1791050137.2082489,2501.09375,199.3,5.1,308
1791050137.408985,2501.09375,199.3,6.5,308
1791050137.6097357,2501.09375,199.3,5.5,308
1791050137.8104706,2501.09375,199.3,6.2,308
1791050138.0112164,2501.09375,199.3,6.9,308
1791050138.211958,2501.09375,204.2,6.8,308
1791050138.41269,2501.09375,199.3,7.2,308
1791050138.6134727,2501.09375,199.2,7.2,308
1791050138.8142745,2501.09375,199.2,6.9,308
1791050139.0150282,2501.09375,199.3,9.0,308
1791050139.2157674,2501.09375,204.2,6.2,308
1791050139.4165275,2501.09375,199.2,5.5,308
1791050139.6172924,2501.09375,199.2,5.5,308
1791050139.818059,2501.09375,204.2,5.8,308
1791050140.0188155,2501.09375,199.2,5.6,308
1791050140.2195432,2501.09375,199.3,6.0,308
1791050140.4202023,2501.09375,199.3,6.1,308
1791050140.6208706,2501.09375,204.3,6.0,308
1791050140.821512,2501.09375,199.4,9.7,308
1791050141.0221477,2501.09375,199.4,7.3,308
1791050141.222789,2501.09375,199.4,7.2,308
1791050141.4234684,2501.09375,199.3,6.2,308
1791050141.6242316,2501.09375,199.2,6.2,308
1791050141.8250005,2501.09375,204.2,6.2,308
1791050142.025753,2501.09375,199.2,6.0,308
1791050142.226529,2501.09375,199.0,5.6,308
1791050142.4276032,2501.09375,199.2,7.6,308
1791050142.6283705,2501.09375,199.2,6.7,308
1791050142.8291328,2501.09375,204.2,8.8,308
1791050143.0298784,2501.09375,199.2,11.6,308
1791050143.2306452,2501.09375,204.2,9.1,308
1791050143.4314198,2501.09375,199.2,8.3,308
1791050143.6322033,2501.09375,199.2,7.5,308
1791050143.8329747,2501.09375,199.2,7.8,308
1791050144.0337167,2501.09375,199.3,7.2,308
1791050144.2344835,2501.09375,199.3,8.5,308
1791050144.435199,2501.09375,204.2,5.8,308
1791050144.6359873,2501.09375,199.2,7.6,308
1791050144.8367524,2501.09375,199.2,8.3,308
1791050145.037556,2501.09375,199.2,8.1,308
1791050145.2384887,2501.09375,199.1,5.7,308
1791050145.4392228,2501.09375,199.3,6.0,308
1791050145.6399708,2501.09375,204.2,6.2,308
1791050145.8407137,2501.09375,199.3,5.4,308
1791050146.0413694,2501.09375,199.3,3.6,308
1791050146.2420306,2501.09375,199.3,3.6,308
1791050146.4427032,2501.09375,204.3,4.3,308
1791050146.6434746,2501.09375,199.2,4.5,308
1791050146.8442488,2501.09375,199.2,4.6,308
1791050147.0449946,2501.09375,204.2,4.6,308
1791050147.2457342,2501.09375,199.3,4.5,308
1791050147.446542,2501.09375,199.2,4.5,308
1791050147.6472898,2501.09375,199.3,7.4,308
1791050147.847961,2501.09375,199.3,5.5,308
1791050148.0487015,2501.09375,199.3,4.9,308
1791050148.2494185,2501.09375,204.3,4.6,308
1791050148.450155,2501.09375,199.3,5.0,308
1791050148.650882,2501.09375,199.3,4.5,308
1791050148.8516185,2501.09375,199.3,5.5,308
1791050149.052344,2501.09375,199.3,4.9,308
1791050149.2530706,2501.09375,204.2,7.2,308
1791050149.453789,2501.09375,199.3,5.4,308
1791050149.6545367,2501.09375,199.3,4.7,308
1791050149.8552105,2501.09375,199.3,4.9,308
1791050150.0558474,2501.09375,199.4,4.8,308
1791050150.2565072,2501.09375,199.3,4.3,308
1791050150.4571555,2501.09375,199.3,5.9,308
1791050150.6579175,2501.09375,204.2,3.8,308
1791050150.8587165,2501.09375,204.2,6.3,308
1791050151.0595124,2501.09375,199.2,4.3,308
1791050151.2602558,2501.09375,199.3,3.9,308
1791050151.4609141,2501.09375,199.4,4.6,308
1791050151.6615596,2499.59375,383.7,6.3,308
1791050151.862356,2499.59375,393.4,6.2,308
1791050152.0631561,2499.59375,199.2,4.6,308
1791050152.263923,2499.59375,199.2,8.4,308
1791050152.4647095,2499.59375,204.2,7.5,308
1791050152.6655056,2499.59375,199.2,4.2,308
1791050152.86632,2499.59375,199.2,6.6,308
1791050153.067107,2499.59375,204.2,7.4,308
1791050153.2678528,2499.59375,199.2,8.4,308
1791050153.4686513,2499.59375,199.2,7.0,308
1791050153.669566,2499.59375,199.1,6.1,308
1791050153.8703632,2499.59375,199.2,9.8,308
1791050154.0712802,2499.59375,204.1,8.0,308
1791050154.2720742,2499.59375,199.2,9.8,308
1791050154.4729874,2499.59375,199.1,7.8,308
1791050154.6737597,2499.59375,199.2,7.7,308
1791050154.8744996,2499.59375,199.2,7.5,308
1791050155.0752904,2499.59375,199.2,7.4,308
1791050155.276048,2499.59375,204.2,5.2,308
1791050155.4768062,2499.59375,204.2,7.4,308
1791050155.6775875,2499.59375,199.2,4.7,308
1791050155.8783634,2499.59375,199.2,6.5,308
1791050156.0792484,2499.59375,199.1,5.4,308
1791050156.2800012,2499.59375,199.3,5.4,308
1791050156.4807544,2499.59375,204.2,5.6,308
1791050156.6814938,2499.59375,199.2,5.9,308
1791050156.8823342,2499.59375,199.2,5.7,308
1791050157.0831,2499.59375,199.2,5.5,308
1791050157.2838552,2499.59375,199.2,4.7,308
1791050157.484643,2499.59375,199.2,4.8,308
1791050157.6854088,2499.59375,204.2,6.7,308
1791050157.8861787,2499.59375,199.2,6.0,308
1791050158.086908,2499.59375,199.3,5.0,308
1791050158.2876787,2499.59375,199.2,8.3,308
1791050158.4884837,2499.59375,199.2,5.8,308
1791050158.689269,2499.59375,199.2,5.6,308
1791050158.8900445,2499.59375,209.2,5.7,308
1791050159.090735,2499.59375,199.3,5.5,308
1791050159.291425,2499.59375,199.3,6.8,308
1791050159.4921343,2499.59375,199.3,3.8,308
1791050159.6928315,2499.59375,199.3,4.3,308
1791050159.8935423,2499.59375,199.3,3.8,308
1791050160.0942152,2499.59375,199.3,4.4,308
1791050160.2948494,2499.59375,199.4,3.9,308
1791050160.4954932,2499.59375,204.4,4.6,308
1791050160.696148,2499.59375,199.3,4.7,308
1791050160.8969047,2499.59375,199.2,6.7,308
1791050161.0976574,2499.59375,199.3,4.8,308
1791050161.2983553,2499.59375,199.3,4.9,308
1791050161.499045,2499.59375,199.3,4.6,308
1791050161.6997104,2499.59375,199.3,4.2,308
1791050161.9003794,2499.59375,204.3,3.5,308
1791050162.1010683,2499.59375,204.3,3.5,308
1791050162.3017242,2499.59375,199.4,4.0,308
1791050162.5023887,2499.59375,199.3,3.7,308
1791050162.7031765,2499.59375,199.2,6.3,308
1791050162.9039078,2499.59375,199.3,7.1,308
1791050163.1046326,2499.59375,199.3,7.7,308
1791050163.3053665,2499.59375,204.2,7.8,308
1791050163.5061224,2499.59375,199.3,6.4,308
1791050163.7067692,2499.59375,199.3,7.7,308
1791050163.9075181,2499.59375,199.3,7.4,308
1791050164.1082346,2499.59375,199.3,5.1,308
1791050164.3088672,2499.59375,199.3,8.7,308
1791050164.5096002,2499.59375,199.3,6.7,308
1791050164.710352,2499.59375,204.2,6.9,308
1791050164.9111245,2499.59375,199.2,6.9,308
1791050165.1118693,2499.59375,199.3,5.5,308
1791050165.3126082,2499.59375,199.3,8.0,308
1791050165.5133324,2499.59375,204.3,6.7,308
1791050165.7140756,2499.59375,199.3,4.8,308
1791050165.9147308,2499.59375,204.3,4.4,308
1791050166.11538,2499.59375,199.4,7.2,308
1791050166.3160043,2499.59375,199.4,3.6,308
1791050166.5166504,2499.59375,199.3,3.8,308
1791050166.7173696,2499.59375,199.3,3.8,308
1791050166.9180703,2499.59375,199.3,3.8,308
1791050167.1187544,2499.59375,199.3,3.7,308
1791050167.319415,2499.59375,204.3,4.4,308
1791050167.5200846,2499.59375,199.3,4.3,308
1791050167.7207334,2499.59375,199.4,6.7,308
1791050167.921419,2499.59375,199.3,6.9,308
1791050168.1220787,2499.59375,199.3,7.0,308
1791050168.322753,2499.59375,204.3,7.1,308
1791050168.5234709,2499.59375,199.3,6.8,308
1791050168.7242677,2499.59375,199.2,5.6,308
1791050168.924965,2499.59375,199.3,5.7,308
1791050169.1256757,2499.59375,199.3,6.0,308
1791050169.3264062,2499.59375,199.3,5.9,308
1791050169.5271723,2499.59375,199.2,7.4,308
1791050169.7279632,2499.59375,204.2,6.7,308
1791050169.9287565,2499.59375,199.2,6.6,308
1791050170.1295083,2499.59375,199.2,7.0,308
1791050170.3303049,2499.59375,204.2,7.6,308
1791050170.5311038,2499.59375,199.2,7.1,308
1791050170.7318726,2499.59375,204.2,5.4,308
1791050170.932648,2499.59375,199.3,5.9,308
1791050171.1333575,2499.59375,199.3,6.8,308
1791050171.3340523,2499.59375,199.3,6.4,308
1791050171.534728,2499.59375,199.3,5.3,308
1791050171.7354183,2499.59375,199.3,5.9,308
1791050171.936113,2499.59375,199.3,6.3,308
1791050172.1367836,2499.59375,204.3,6.3,308
1791050172.3374555,2499.59375,199.3,5.9,308
1791050172.5381489,2499.59375,199.3,6.3,308
1791050172.7388096,2499.59375,199.3,5.9,308
1791050172.939495,2499.59375,199.3,12.1,308
1791050173.1402678,2499.59375,199.2,8.8,308
1791050173.3410423,2499.59375,204.2,9.1,308
1791050173.5417843,2499.59375,204.2,8.7,308
1791050173.7425528,2499.59375,199.2,8.6,308
1791050173.9433293,2499.59375,199.2,9.0,308
1791050174.1441138,2499.59375,199.3,7.5,308
1791050174.3448186,2499.59375,199.3,9.5,308
1791050174.5455894,2499.59375,199.3,10.8,308
1791050174.74634,2499.59375,199.2,7.5,308
1791050174.9471955,2499.59375,204.2,8.4,308
1791050175.147921,2499.59375,199.2,8.2,308
1791050175.348818,2499.59375,199.1,6.0,308
1791050175.5495832,2499.59375,199.2,7.7,308
1791050175.7503629,2499.59375,199.2,5.5,308
1791050175.9511402,2499.59375,199.2,5.4,308
1791050176.1518888,2499.59375,204.3,7.1,308
1791050176.352536,2499.59375,199.4,6.6,308
1791050176.553198,2499.59375,204.3,6.3,308
1791050176.7538934,2499.59375,199.3,6.3,308
1791050176.9545321,2499.59375,199.4,6.4,308
1791050177.1551669,2499.59375,199.4,6.0,308
1791050177.3558254,2499.59375,199.3,5.8,308
1791050177.5565422,2499.59375,204.3,5.3,308
1791050177.7572265,2499.59375,199.3,5.7,308
1791050177.9579678,2499.59375,199.2,7.8,308
1791050178.1587286,2499.59375,199.3,6.4,308
1791050178.3594677,2499.59375,199.3,6.5,308
1791050178.560197,2499.59375,199.3,7.3,308
1791050178.7609012,2499.59375,204.3,6.8,308
1791050178.9615936,2499.59375,199.3,7.3,308
1791050179.16236,2499.59375,199.2,7.2,308
1791050179.3630955,2499.59375,199.3,7.0,308
1791050179.5638201,2499.59375,199.3,8.2,308
1791050179.7645552,2499.59375,199.3,5.6,308
1791050179.9652436,2499.59375,199.3,5.2,308
1791050180.165865,2499.59375,209.3,5.9,308
1791050180.366526,2499.59375,199.3,6.0,308
1791050180.5671797,2499.59375,199.4,5.5,308
1791050180.7678227,2499.59375,199.3,8.6,308
1791050180.9685352,2499.59375,199.3,7.8,308
1791050181.169246,2499.59375,199.3,8.3,308
1791050181.3698938,2499.59375,199.3,8.4,308
1791050181.5705843,2499.59375,199.4,7.9,308
1791050181.7711864,2499.59375,204.4,8.4,308
1791050181.9718015,2499.59375,199.4,7.2,308
1791050182.172439,2499.59375,199.4,7.0,308
1791050182.3731153,2499.59375,199.3,8.2,308
1791050182.5740056,2499.59375,199.2,10.4,308
1791050182.77473,2499.59375,199.3,6.3,308
1791050182.9754035,2499.59375,204.3,12.8,308
1791050183.1761367,2499.59375,199.3,10.3,308
1791050183.3769062,2499.59375,199.2,10.5,308
1791050183.5776978,2499.59375,199.2,9.2,308
1791050183.778622,2499.59375,199.1,9.6,308
1791050183.9793985,2499.59375,204.2,9.4,308
1791050184.1802523,2499.59375,204.1,7.3,308
1791050184.3810337,2499.59375,199.2,9.2,308
1791050184.5819335,2499.59375,199.1,10.2,308
1791050184.7827024,2499.59375,199.2,7.3,308
1791050184.983483,2499.59375,199.2,7.6,308
1791050185.1843472,2499.59375,199.2,8.3,308
1791050185.3851514,2499.59375,204.2,6.9,308
1791050185.5859554,2499.59375,199.2,8.0,308
1791050185.7867262,2499.59375,199.2,6.0,308
1791050185.9875412,2499.59375,199.2,6.5,308
1791050186.1883304,2499.59375,199.2,8.0,308
1791050186.3891225,2499.59375,199.2,7.4,308
1791050186.5899775,2499.59375,204.1,5.2,308
1791050186.790853,2499.59375,199.1,5.3,308
1791050186.9916642,2499.59375,199.2,6.0,308
1791050187.192422,2499.59375,199.2,5.5,308
1791050187.3932045,2499.59375,204.2,5.4,308
1791050187.5941248,2499.59375,204.1,6.1,308
1791050187.7948658,2499.59375,199.2,6.2,308
1791050187.9956925,2499.59375,199.2,9.4,308
1791050188.1964445,2499.59375,199.2,7.4,308
1791050188.3972027,2499.59375,199.3,7.2,308
1791050188.5979648,2499.59375,204.2,7.1,308
1791050188.7987194,2499.59375,199.2,6.2,308
1791050188.9995093,2499.59375,199.2,5.9,308
1791050189.2004323,2499.59375,199.1,6.1,308
1791050189.4012215,2499.59375,199.2,6.1,308
1791050189.601994,2499.59375,199.2,6.3,308
1791050189.8028882,2499.59375,204.1,7.1,308
1791050190.0036871,2499.59375,199.2,5.9,308
1791050190.2044728,2499.59375,199.2,6.1,308
1791050190.4052594,2499.59375,199.2,6.7,308
1791050190.6060247,2499.59375,199.2,8.1,308
1791050190.8067977,2499.59375,204.2,6.2,308
1791050191.00756,2499.59375,199.3,6.5,308
1791050191.2084935,2499.59375,204.1,5.4,308
1791050191.4092484,2494.84375,383.5,8.6,308
1791050191.6100397,2494.84375,398.3,7.5,308
1791050191.8109367,2494.84375,199.1,5.5,308
1791050192.0117185,2494.84375,199.2,6.0,308
1791050192.2124803,2494.84375,199.2,5.9,308
1791050192.413232,2494.84375,199.2,4.9,308
1791050192.6140435,2494.84375,204.2,4.8,308
1791050192.814803,2494.84375,199.2,5.1,308
1791050193.015588,2494.84375,199.2,10.5,308
1791050193.2163467,2494.84375,199.2,7.5,308
1791050193.417128,2494.84375,199.2,8.3,308
1791050193.6179123,2494.84375,199.2,7.5,308
1791050193.818695,2494.84375,199.2,6.4,308
1791050194.0194383,2494.84375,204.2,7.6,308
1791050194.2201903,2494.84375,204.2,8.1,308
1791050194.4209692,2494.84375,199.2,8.4,308
1791050194.6217182,2494.84375,199.3,5.9,308
1791050194.8224802,2494.84375,199.2,10.5,308
1791050195.0232549,2494.84375,199.2,9.4,308
1791050195.2240372,2494.84375,204.2,7.3,308
1791050195.4247952,2494.84375,199.2,9.1,308
1791050195.625548,2494.84375,199.3,5.9,308
1791050195.826276,2494.84375,199.3,5.6,308
1791050196.0269895,2494.84375,199.2,5.1,308
1791050196.2277615,2494.84375,204.2,4.6,308
1791050196.4286687,2494.84375,199.1,3.6,308
1791050196.6295533,2494.84375,199.2,6.2,308
1791050196.8302977,2494.84375,199.3,5.3,308
1791050197.0310276,2494.84375,199.3,4.5,308
1791050197.2317517,2494.84375,204.3,4.8,308
1791050197.4324872,2494.84375,199.3,4.3,308
1791050197.6333332,2494.84375,199.2,4.4,308
1791050197.8340666,2494.84375,204.2,4.3,308
1791050198.0348022,2494.84375,199.2,4.4,308
1791050198.2355576,2494.84375,199.3,6.6,308
1791050198.4363241,2494.84375,199.2,5.6,308
1791050198.6372197,2494.84375,199.1,4.4,308
1791050198.8379147,2494.84375,204.3,5.1,308
1791050199.0386167,2494.84375,199.3,5.4,308
1791050199.2393188,2494.84375,199.3,5.1,308
1791050199.440045,2494.84375,199.3,5.0,308
1791050199.640797,2494.84375,199.2,7.3,308
1791050199.8415744,2494.84375,199.2,4.5,308
1791050200.0423415,2494.84375,199.2,5.4,308
1791050200.2431202,2494.84375,204.2,3.5,308
1791050200.443871,2494.84375,204.2,3.8,308
1791050200.6446044,2494.84375,199.3,4.2,308
1791050200.8453238,2494.84375,199.3,3.7,308
1791050201.0460262,2494.84375,199.3,4.9,308
1791050201.2467303,2494.84375,199.3,4.5,308
1791050201.4474578,2494.84375,199.3,6.3,308
1791050201.6481853,2494.84375,204.3,7.3,308
1791050201.8488128,2494.84375,199.4,4.7,308
1791050202.049493,2494.84375,199.3,4.8,308
1791050202.2501185,2494.84375,199.4,4.2,308
1791050202.4507399,2494.84375,199.4,4.0,308
1791050202.6513522,2494.84375,199.4,4.1,308
1791050202.8519695,2494.84375,199.4,4.9,308
1791050203.052592,2494.84375,199.3,7.6,308
1791050203.253344,2494.84375,204.2,8.1,308
1791050203.4541168,2494.84375,199.2,8.7,308
1791050203.6549037,2494.84375,204.2,7.4,308
1791050203.8556805,2494.84375,199.2,7.9,308
1791050204.056464,2494.84375,199.2,6.3,308
1791050204.2572484,2494.84375,199.2,8.0,308
1791050204.4579995,2494.84375,204.2,5.3,308
1791050204.658767,2494.84375,199.3,5.9,308
1791050204.8595192,2494.84375,199.2,6.1,308
1791050205.0602906,2494.84375,199.2,7.9,308
1791050205.261071,2494.84375,199.2,4.5,308
1791050205.4619734,2494.84375,199.1,5.9,308
1791050205.6627424,2494.84375,199.3,4.6,308
1791050205.8635118,2494.84375,204.2,4.4,308
1791050206.0642664,2494.84375,199.3,4.3,308
1791050206.2650023,2494.84375,199.3,5.5,308
1791050206.4657567,2494.84375,199.2,5.4,308
1791050206.6665194,2494.84375,199.2,6.7,308
1791050206.867286,2494.84375,204.2,4.6,308
1791050207.0680666,2494.84375,204.2,4.4,308
1791050207.2688386,2494.84375,199.2,4.8,308
1791050207.4695945,2494.84375,199.2,4.6,308
1791050207.6703224,2494.84375,199.3,4.3,308
1791050207.871089,2494.84375,199.2,6.0,308
1791050208.0718346,2494.84375,199.3,6.1,308
1791050208.2725675,2494.84375,199.3,6.1,308
1791050208.4733455,2494.84375,204.2,11.3,308
1791050208.6741216,2494.84375,199.2,7.1,308
1791050208.8748944,2494.84375,199.2,6.9,308
1791050209.0756752,2494.84375,199.2,6.4,308
1791050209.276489,2494.84375,199.2,5.2,308
1791050209.4774163,2494.84375,199.1,4.1,308
1791050209.678224,2494.84375,209.1,4.5,308
1791050209.8789988,2494.84375,199.2,3.5,308
1791050210.0797722,2494.84375,199.2,5.4,308
1791050210.2805145,2494.84375,199.3,4.4,308
1791050210.4812722,2494.84375,199.2,4.6,308
1791050210.6820147,2494.84375,199.3,4.9,308
1791050210.8827307,2494.84375,204.3,5.7,308
1791050211.0834594,2494.84375,199.3,5.3,308
1791050211.2841733,2494.84375,199.3,4.3,308
1791050211.484908,2494.84375,199.3,3.6,308
1791050211.685664,2494.84375,199.3,4.1,308
1791050211.886424,2494.84375,199.3,5.8,308
1791050212.0871682,2494.84375,199.3,3.7,308
1791050212.2879088,2494.84375,204.2,4.0,308
1791050212.4886272,2494.84375,199.3,4.3,308
1791050212.6893244,2494.84375,204.3,9.7,308
1791050212.8900788,2494.84375,199.3,7.5,308
1791050213.090819,2494.84375,199.2,8.3,308
1791050213.291577,2494.84375,199.3,8.1,308
1791050213.492349,2494.84375,204.2,9.3,308
1791050213.6930823,2494.84375,199.3,5.4,308
1791050213.8937974,2494.84375,199.3,7.6,308
1791050214.094559,2494.84375,199.2,10.3,308
1791050214.2953365,2494.84375,199.3,7.3,308
1791050214.496043,2494.84375,199.2,4.7,308
1791050214.6968284,2494.84375,199.2,7.3,308
1791050214.8976085,2494.84375,204.2,7.0,308
1791050215.0983677,2494.84375,199.3,8.5,308
1791050215.299108,2494.84375,199.3,5.9,308
1791050215.4998438,2494.84375,199.3,6.7,308
1791050215.7006276,2494.84375,199.2,4.5,308
1791050215.9013653,2494.84375,199.3,3.9,308
1791050216.1021347,2494.84375,209.1,5.8,308
1791050216.3030791,2494.84375,199.1,6.4,308
1791050216.5038548,2494.84375,199.2,6.5,308
1791050216.7046385,2497.56640625,383.5,5.2,308
1791050216.9054177,2497.56640625,199.2,6.2,308
1791050217.10619,2497.56640625,388.5,6.4,308
1791050217.306914,2497.56640625,199.3,4.5,308
1791050217.5075634,2497.56640625,199.4,4.9,308
1791050217.7082145,2497.56640625,199.3,4.4,308
1791050217.9088547,2497.56640625,204.3,5.5,308
1791050218.1095843,2497.56640625,199.2,8.6,308
1791050218.3104393,2497.56640625,199.2,8.2,308
1791050218.5112062,2497.56640625,204.2,5.1,308
1791050218.7118864,2497.56640625,199.3,8.6,308
1791050218.9126513,2497.56640625,199.3,4.9,308
1791050219.1133912,2497.56640625,204.3,5.8,308
1791050219.3140686,2497.56640625,199.4,6.0,308
1791050219.5146594,2497.56640625,199.4,5.3,308
1791050219.7153764,2497.56640625,199.2,6.2,308
1791050219.916147,2497.56640625,199.3,5.3,308
1791050220.1167908,2497.56640625,199.4,5.2,308
1791050220.3174586,2497.56640625,199.3,7.1,308
1791050220.5181663,2497.56640625,204.3,4.8,308
1791050220.718817,2497.56640625,199.4,4.8,308
1791050220.919465,2497.56640625,199.3,5.8,308
1791050221.1202707,2497.56640625,199.2,4.7,308
1791050221.320923,2497.56640625,199.4,4.8,308
1791050221.5215676,2497.56640625,199.4,5.3,308
1791050221.7222126,2497.56640625,199.4,4.6,308
1791050221.9228394,2497.56640625,204.4,6.7,308
1791050222.1235046,2497.56640625,199.3,6.3,308
1791050222.3241627,2497.56640625,199.3,5.7,308
1791050222.5248015,2497.56640625,204.4,5.5,308
1791050222.7254374,2497.56640625,199.4,5.0,308
1791050222.9260828,2497.56640625,199.4,7.5,308
1791050223.1267095,2497.56640625,199.4,8.0,308
1791050223.3273573,2497.56640625,199.4,7.0,308
1791050223.5279694,2497.56640625,204.4,5.3,308
1791050223.7285843,2497.56640625,199.4,8.9,308
1791050223.929226,2497.56640625,199.3,7.7,308
1791050224.1298714,2497.56640625,199.4,6.2,308
1791050224.3305018,2497.56640625,199.4,8.3,308
1791050224.531224,2497.56640625,199.3,7.4,308
1791050224.731992,2497.56640625,204.2,6.1,308
1791050224.932768,2497.56640625,199.2,8.0,308
1791050225.1335182,2497.56640625,199.2,5.3,308
1791050225.334295,2497.56640625,199.2,8.7,308
1791050225.53511,2497.56640625,199.2,6.2,308
1791050225.735894,2497.56640625,199.2,3.7,308
1791050225.9366806,2497.56640625,204.2,4.4,308
1791050226.1374261,2497.56640625,204.2,6.7,308
1791050226.3381903,2497.56640625,199.3,4.8,308
1791050226.5388894,2497.56640625,199.3,5.2,308
1791050226.7396917,2497.56640625,199.2,4.6,308
1791050226.9404783,2497.56640625,199.2,4.6,308
1791050227.1412694,2497.56640625,199.2,6.5,308
1791050227.3420236,2497.56640625,204.3,3.9,308
1791050227.5426905,2497.56640625,199.3,3.9,308
1791050227.743365,2497.56640625,199.3,4.0,308
1791050227.9442098,2497.56640625,199.2,4.5,308
1791050228.1448941,2497.56640625,199.3,4.9,308
1791050228.3455324,2497.56640625,199.4,5.4,308
1791050228.5461755,2497.56640625,199.4,5.8,308
1791050228.7467837,2497.56640625,204.4,7.5,308
1791050228.9474256,2497.56640625,199.4,5.4,308
1791050229.148069,2497.56640625,204.3,5.2,308
1791050229.348713,2497.56640625,199.4,5.4,308
1791050229.5493662,2497.56640625,199.3,4.0,308
1791050229.7500944,2497.56640625,199.3,4.0,308
1791050229.9507823,2497.56640625,199.3,4.2,308
1791050230.1514566,2497.56640625,199.3,3.9,308
1791050230.3521106,2497.56640625,204.3,3.9,308
1791050230.5527427,2497.56640625,199.4,6.5,308
1791050230.7533894,2497.56640625,199.4,4.7,308
1791050230.9540365,2497.56640625,199.3,5.6,308
1791050231.1547763,2497.56640625,199.3,4.8,308
1791050231.3554482,2497.56640625,199.3,4.8,308
1791050231.5561314,2497.56640625,199.3,4.7,308
1791050231.7567909,2497.56640625,204.3,7.3,308
1791050231.9575534,2497.56640625,199.3,4.8,308
1791050232.1582115,2497.56640625,199.3,7.5,308
1791050232.358849,2497.56640625,199.4,4.8,308
1791050232.5595057,2497.56640625,199.4,4.8,308
1791050232.76015,2497.56640625,204.4,5.3,308
1791050232.960811,2497.56640625,204.3,10.0,308
1791050233.16154,2497.56640625,199.3,7.1,308
1791050233.3622646,2497.56640625,199.3,9.2,308
1791050233.5629444,2497.56640625,199.3,8.7,308
1791050233.7637076,2497.56640625,199.2,10.4,308
1791050233.9645023,2497.56640625,199.2,9.0,308
1791050234.1652856,2497.56640625,199.2,6.2,308
1791050234.3660655,2497.56640625,204.2,7.6,308
1791050234.566838,2497.56640625,199.2,6.2,308
1791050234.7676318,2497.56640625,199.2,6.7,308
1791050234.9684145,2497.56640625,199.2,6.5,308
1791050235.1691384,2497.56640625,199.3,5.5,308
1791050235.3697956,2497.56640625,199.4,5.2,308
1791050235.5704472,2497.56640625,199.3,9.9,308
1791050235.771172,2497.56640625,204.3,5.9,308
1791050235.9718268,2497.56640625,204.3,7.3,308
1791050236.1725392,2497.56640625,199.3,5.8,308
1791050236.3731802,2497.56640625,199.4,5.5,308
1791050236.5738218,2497.56640625,199.4,5.4,308
1791050236.77448,2497.56640625,199.3,4.3,308
1791050236.975139,2497.56640625,199.3,3.8,308
1791050237.1757863,2497.56640625,199.4,5.5,308
1791050237.3764248,2497.56640625,204.3,4.5,308
1791050237.5770552,2497.56640625,199.4,4.8,308
1791050237.7776809,2497.56640625,199.4,5.7,308
1791050237.9782686,2497.56640625,199.4,5.5,308
1791050238.1789377,2497.56640625,199.3,5.5,308
1791050238.379574,2497.56640625,199.4,5.5,308
1791050238.5801892,2497.56640625,199.4,5.1,308
1791050238.7808154,2497.56640625,204.4,4.7,308
1791050238.9814456,2497.56640625,199.4,6.9,308
1791050239.1820729,2497.56640625,204.4,5.2,308
1791050239.382688,2497.56640625,199.4,4.6,308
1791050239.5833712,2497.56640625,199.3,5.0,308
1791050239.7841105,2497.56640625,199.3,4.8,308
1791050239.9848046,2497.56640625,199.3,4.9,308
1791050240.1855097,2497.56640625,199.3,4.9,308
1791050240.386177,2497.56640625,204.3,4.8,308
1791050240.5867846,2497.56640625,199.4,5.9,308
1791050240.787416,2497.56640625,199.4,4.0,308
1791050240.9880722,2497.56640625,199.3,6.0,308
1791050241.1887631,2497.56640625,199.3,4.4,308
1791050241.389418,2497.56640625,199.4,3.9,308
1791050241.5900724,2497.56640625,199.3,4.1,308
1791050241.7907429,2497.56640625,199.3,6.6,308
1791050241.9914832,2497.56640625,204.3,4.7,308
1791050242.1921387,2497.56640625,204.3,5.0,308
1791050242.3927875,2497.56640625,199.3,6.5,308
1791050242.5935495,2497.56640625,199.3,4.8,308
1791050242.794235,2497.56640625,199.3,6.4,308
1791050242.994997,2497.56640625,199.2,8.0,308
1791050243.1957526,2497.56640625,199.2,5.8,308
1791050243.3965116,2497.56640625,204.2,8.1,308
1791050243.5972998,2497.56640625,199.2,7.1,308
1791050243.798096,2497.56640625,199.2,7.7,308
1791050243.998882,2497.56640625,199.2,9.1,308
1791050244.1996336,2497.56640625,199.3,6.4,308
1791050244.4003303,2497.56640625,199.3,7.9,308
1791050244.601081,2497.56640625,204.2,8.6,308
1791050244.8018384,2497.56640625,199.2,6.3,308
1791050245.0025907,2497.56640625,199.2,9.0,308
1791050245.203374,2497.56640625,199.2,5.8,308
1791050245.404141,2497.56640625,199.2,5.1,308
1791050245.60489,2497.56640625,199.2,6.7,308
1791050245.805689,2497.56640625,204.2,6.9,308
1791050246.0064645,2497.56640625,204.2,4.2,308
1791050246.207225,2497.56640625,199.2,4.4,308
1791050246.4079716,2497.56640625,199.3,5.2,308
1791050246.6087499,2497.56640625,199.2,5.2,308
1791050246.8095262,2497.56640625,199.2,5.8,308
1791050247.0103197,2497.56640625,204.2,7.5,308
1791050247.2111118,2497.56640625,199.2,4.5,308
1791050247.411873,2497.56640625,199.2,6.4,308
1791050247.612649,2497.56640625,199.2,4.1,308
1791050247.8134387,2497.56640625,199.2,4.1,308
1791050248.0142274,2497.56640625,204.2,5.2,308
1791050248.2150195,2497.56640625,199.2,4.7,308
1791050248.4157903,2497.56640625,199.2,5.0,308
1791050248.6165557,2497.56640625,199.2,9.8,308
1791050248.8173568,2497.56640625,199.2,5.9,308
1791050249.0181508,2497.56640625,199.2,7.3,308
1791050249.2189152,2497.56640625,204.2,6.5,308
1791050249.419772,2497.56640625,204.1,6.0,308
1791050249.620565,2497.56640625,199.2,5.7,308
1791050249.821353,2497.56640625,199.2,4.9,308
1791050250.022154,2497.56640625,199.2,4.5,308
1791050250.2229419,2497.56640625,199.2,4.1,308
1791050250.4237251,2497.56640625,204.2,3.7,308
1791050250.6245356,2497.56640625,199.2,3.6,308
1791050250.82533,2497.56640625,199.2,5.2,308
1791050251.0260842,2497.56640625,199.2,5.3,308
1791050251.2268636,2497.56640625,199.2,4.7,308
1791050251.4276288,2497.56640625,199.2,4.6,308
1791050251.6284115,2497.56640625,199.2,4.4,308
1791050251.829264,2497.56640625,204.1,4.4,308
1791050252.0300539,2497.56640625,199.2,4.1,308
1791050252.2308235,2497.56640625,199.2,3.7,308
1791050252.4315717,2497.56640625,199.2,7.8,308
1791050252.6323369,2497.56640625,199.3,3.9,308
1791050252.8330038,2497.56640625,204.3,4.3,308
1791050253.0336974,2497.56640625,204.2,7.3,308
1791050253.2344933,2497.56640625,199.2,7.9,308
1791050253.4352481,2497.56640625,199.2,7.8,308
1791050253.6360476,2497.56640625,199.2,7.7,308
1791050253.8368247,2497.56640625,204.2,7.8,308
1791050254.0376036,2497.56640625,199.2,7.8,308
1791050254.2383735,2497.56640625,199.3,7.2,308
1791050254.4390604,2497.56640625,199.3,7.4,308
1791050254.6398308,2497.56640625,199.2,6.5,308
1791050254.8406625,2497.56640625,199.2,4.8,308
1791050255.0413423,2497.56640625,204.3,6.3,308
1791050255.242136,2497.56640625,199.2,6.7,308
1791050255.442908,2497.56640625,199.2,5.2,308
1791050255.643681,2497.56640625,199.3,4.4,308
1791050255.844397,2497.56640625,199.3,7.3,308
1791050256.045085,2497.56640625,204.3,6.0,308
1791050256.2457843,2497.56640625,199.3,4.5,308
1791050256.4464397,2497.56640625,199.3,4.6,308
1791050256.6471195,2504.640625,383.7,5.5,308
1791050256.8477855,2504.640625,199.3,3.9,308
1791050257.0484357,2504.640625,199.4,3.9,308
1791050257.2490847,2504.640625,393.7,5.9,308
1791050257.449756,2504.640625,199.3,4.4,308
1791050257.6505141,2504.640625,199.3,6.6,308
1791050257.8511822,2504.640625,199.3,5.6,308
1791050258.0518367,2504.640625,204.3,6.5,308
1791050258.2525184,2504.640625,204.3,6.1,308
1791050258.4532006,2504.640625,199.3,6.6,308
1791050258.6539063,2504.640625,199.3,6.3,308
1791050258.8545427,2504.640625,199.4,6.0,308
1791050259.0552087,2504.640625,199.3,5.6,308
1791050259.2559264,2504.640625,199.3,7.5,308
1791050259.4565158,2504.640625,199.4,4.5,308
1791050259.6572256,2504.640625,204.2,4.8,308
1791050259.8579717,2504.640625,199.3,4.3,308
1791050260.0586503,2504.640625,199.3,6.5,308
1791050260.2594178,2504.640625,199.2,4.9,308
1791050260.460171,2504.640625,199.3,4.7,308
1791050260.6609046,2504.640625,199.3,4.6,308
1791050260.8616502,2504.640625,204.3,5.8,308
1791050261.0623949,2504.640625,199.3,5.2,308
1791050261.2631483,2504.640625,199.2,3.8,308
1791050261.463905,2504.640625,199.3,4.1,308
1791050261.664602,2504.640625,199.3,3.9,308
1791050261.865312,2504.640625,199.3,4.1,308
1791050262.066043,2504.640625,209.3,4.0,308
1791050262.2667172,2504.640625,199.3,4.4,308
1791050262.467391,2504.640625,199.3,5.0,308
1791050262.6680706,2504.640625,199.3,7.4,308
1791050262.8688188,2504.640625,199.2,7.5,308
1791050263.0697033,2504.640625,199.2,10.0,308
1791050263.2704768,2504.640625,199.2,7.4,308
1791050263.4712303,2504.640625,204.2,8.3,308
1791050263.672049,2504.640625,199.2,7.4,308
1791050263.8728378,2504.640625,199.2,7.0,308
1791050264.0736406,2504.640625,199.2,5.2,308
1791050264.2744231,2504.640625,199.2,8.3,308
1791050264.4752254,2504.640625,204.2,8.5,308
1791050264.6760054,2504.640625,199.2,6.7,308
1791050264.876779,2504.640625,199.2,8.6,308
1791050265.0776849,2504.640625,199.2,6.0,308
1791050265.278448,2504.640625,199.2,5.2,308
1791050265.4791994,2504.640625,204.2,6.7,308
1791050265.679962,2504.640625,199.2,4.1,308
1791050265.8807282,2504.640625,199.2,3.9,308
1791050266.0815449,2504.640625,199.2,5.5,308
1791050266.2823014,2504.640625,199.2,3.7,308
1791050266.4830558,2504.640625,204.2,3.9,308
1791050266.6837802,2504.640625,204.3,4.2,308
1791050266.8844986,2504.640625,199.3,4.4,308
1791050267.0852423,2504.640625,199.3,5.1,308
1791050267.2859745,2504.640625,199.3,4.5,308
1791050267.4867,2504.640625,199.3,4.6,308
1791050267.6874552,2504.640625,199.2,4.5,308
1791050267.8882394,2504.640625,204.2,6.9,308
1791050268.0889766,2504.640625,199.3,4.6,308
1791050268.289722,2504.640625,199.2,5.0,308
1791050268.4905467,2504.640625,199.2,5.0,308
1791050268.6913404,2504.640625,199.2,6.6,308
1791050268.8921468,2504.640625,199.2,4.7,308
1791050269.093034,2504.640625,204.1,5.3,308
1791050269.2938852,2504.640625,199.1,6.6,308
1791050269.494647,2504.640625,199.3,7.0,308
1791050269.6953702,2504.640625,199.3,4.9,308
1791050269.896256,2504.640625,204.1,5.6,308
1791050270.0969803,2504.640625,199.3,5.6,308
1791050270.2977319,2504.640625,204.2,5.1,308
1791050270.4986641,2504.640625,199.1,5.4,308
1791050270.6994205,2504.640625,199.3,4.4,308
1791050270.9001706,2504.640625,199.2,4.6,308
1791050271.101078,2504.640625,199.1,6.6,308
1791050271.3018477,2504.640625,204.2,5.8,308
1791050271.5026069,2504.640625,199.3,5.5,308
1791050271.703388,2504.640625,199.2,9.2,308
1791050271.9042845,2504.640625,199.1,5.2,308
1791050272.1050427,2504.640625,199.2,5.3,308
1791050272.3058133,2504.640625,199.2,5.3,308
1791050272.5066729,2504.640625,199.2,4.9,308
1791050272.7074175,2504.640625,204.2,4.2,308
1791050272.9084811,2504.640625,199.0,7.8,308
1791050273.109234,2504.640625,204.2,7.1,308
1791050273.3100002,2504.640625,199.2,7.6,308
1791050273.5107548,2504.640625,199.2,7.8,308
1791050273.7115252,2504.640625,199.2,7.6,308
1791050273.9123015,2504.640625,204.2,8.4,308
1791050274.1130826,2504.640625,199.2,6.1,308
1791050274.313836,2504.640625,199.2,8.1,308
1791050274.5146172,2504.640625,199.2,9.0,308
1791050274.715369,2504.640625,199.3,5.8,308
1791050274.916095,2504.640625,204.2,7.8,308
1791050275.1168292,2504.640625,199.3,4.6,308
1791050275.31751,2504.640625,199.3,4.4,308
1791050275.5182073,2504.640625,199.3,6.6,308
1791050275.7190027,2504.640625,199.2,3.9,308
1791050275.9197848,2504.640625,204.2,4.5,308
1791050276.1205862,2504.640625,199.2,5.1,308
1791050276.3214147,2504.640625,199.2,7.5,308
1791050276.522093,2504.640625,199.3,5.8,308
1791050276.7228353,2504.640625,199.3,5.7,308
1791050276.9235497,2504.640625,199.3,6.0,308
1791050277.1242154,2504.640625,204.3,5.4,308
1791050277.3248734,2504.640625,199.3,4.5,308
1791050277.5255117,2504.640625,199.4,3.8,308
1791050277.7261474,2504.640625,199.4,3.7,308
1791050277.9268224,2504.640625,199.3,6.0,308
1791050278.1275063,2504.640625,199.3,5.1,308
1791050278.328167,2504.640625,204.3,7.2,308
1791050278.52893,2504.640625,204.2,8.2,308
1791050278.7297256,2504.640625,199.2,8.5,308
1791050278.9305084,2504.640625,199.2,7.3,308
1791050279.131288,2504.640625,199.3,5.4,308
1791050279.3319612,2504.640625,199.4,5.0,308
1791050279.5326037,2504.640625,204.3,4.2,308
1791050279.733436,2504.640625,199.2,5.8,308
1791050279.9341998,2504.640625,199.3,3.9,308
1791050280.1348906,2504.640625,199.3,3.7,308
1791050280.3356345,2504.640625,199.3,4.5,308
1791050280.536334,2504.640625,199.3,5.1,308
1791050280.737068,2504.640625,204.3,4.8,308
1791050280.9377325,2504.640625,199.3,4.5,308
1791050281.1384559,2504.640625,199.3,5.7,308
1791050281.339168,2504.640625,199.3,6.6,308
1791050281.5398448,2504.640625,199.3,4.8,308
1791050281.740531,2504.640625,199.3,4.8,308
1791050281.9412382,2504.640625,199.3,3.6,308
1791050282.1419258,2501.34375,383.6,5.0,308
1791050282.3426538,2501.34375,199.3,3.5,308
1791050282.5433114,2501.34375,403.6,5.7,308
1791050282.7441576,2501.34375,199.2,5.3,308
1791050282.9449105,2501.34375,199.3,8.5,308
1791050283.1456194,2501.34375,199.3,10.4,308
1791050283.34632,2501.34375,199.3,8.0,308
1791050283.5470464,2501.34375,199.3,7.9,308
1791050283.7477841,2501.34375,199.3,7.8,308
1791050283.9485135,2501.34375,199.3,7.7,308
1791050284.149257,2501.34375,204.3,6.0,308
1791050284.3499782,2501.34375,199.2,7.3,308
1791050284.5508795,2501.34375,204.1,7.2,308
1791050284.7516892,2501.34375,199.2,7.7,308
1791050284.9524348,2501.34375,199.2,8.1,308
1791050285.1532297,2501.34375,199.2,8.8,308
1791050285.3539767,2501.34375,204.2,5.5,308
1791050285.5547352,2501.34375,199.2,6.2,308
1791050285.7554889,2501.34375,199.2,4.4,308
1791050285.9562845,2501.34375,199.2,4.2,308
1791050286.1570656,2501.34375,199.2,4.9,308
1791050286.357853,2501.34375,199.2,4.1,308
1791050286.5585685,2501.34375,204.2,7.6,308
1791050286.759365,2501.34375,199.2,3.7,308
1791050286.960084,2501.34375,199.3,3.9,308
1791050287.1607754,2501.34375,199.3,4.4,308
1791050287.3614798,2501.34375,199.3,5.1,308
1791050287.5622094,2501.34375,199.3,4.4,308
1791050287.762885,2501.34375,204.3,4.3,308
1791050287.9636073,2501.34375,199.3,5.2,308
1791050288.1643198,2501.34375,199.3,6.4,308
1791050288.3650155,2501.34375,199.3,5.1,308
1791050288.5658598,2501.34375,199.1,5.2,308
1791050288.7666657,2501.34375,199.2,4.6,308
1791050288.9674387,2501.34375,204.2,4.6,308
1791050289.1682138,2501.34375,204.2,4.3,308
1791050289.3689897,2501.34375,199.2,4.4,308
1791050289.5697703,2501.34375,199.2,5.1,308
1791050289.770517,2501.34375,199.2,4.5,308
1791050289.9712923,2501.34375,204.3,7.6,308
1791050290.1719747,2501.34375,199.3,5.5,308
1791050290.3726664,2501.34375,199.3,5.4,308
1791050290.5733614,2501.34375,199.3,5.5,308
1791050290.7742133,2501.34375,199.1,5.3,308
1791050290.9749591,2501.34375,204.2,4.6,308
1791050291.1757088,2501.34375,199.2,5.8,308
1791050291.376493,2501.34375,199.2,3.8,308
1791050291.5772297,2501.34375,199.3,3.8,308
1791050291.7779894,2501.34375,199.2,7.7,308
1791050291.9787323,2501.34375,199.3,5.5,308
1791050292.1793993,2501.34375,204.3,4.6,308
1791050292.38005,2501.34375,199.4,4.7,308
1791050292.580679,2501.34375,199.4,5.0,308
1791050292.7813406,2501.34375,199.3,4.8,308
1791050292.982047,2501.34375,199.3,8.0,308
1791050293.1827955,2501.34375,199.3,6.9,308
1791050293.3835554,2501.34375,204.2,8.6,308
1791050293.5843468,2501.34375,199.2,7.4,308
1791050293.7851236,2501.34375,204.2,7.2,308
1791050293.9859045,2501.34375,199.2,8.0,308
1791050294.1866734,2501.34375,199.3,6.4,308
1791050294.387427,2501.34375,199.2,7.6,308
1791050294.5882087,2501.34375,204.2,6.7,308
1791050294.789005,2501.34375,199.2,5.5,308
1791050294.9897819,2501.34375,199.2,7.1,308
1791050295.1906173,2501.34375,199.2,8.2,308
1791050295.3918002,2501.34375,198.9,5.2,308
1791050295.5925207,2501.34375,199.2,6.5,308
1791050295.7934346,2501.34375,204.1,4.4,308
1791050295.994303,2501.34375,199.1,4.6,308
1791050296.1951811,2501.34375,199.1,5.0,308
1791050296.3960621,2501.34375,199.1,5.8,308
1791050296.5969572,2501.34375,204.1,7.3,308
1791050296.7978256,2501.34375,199.1,7.8,308
1791050296.9986908,2501.34375,199.1,5.7,308
1791050297.1995604,2501.34375,199.1,5.6,308
1791050297.4004486,2501.34375,204.1,5.2,308
1791050297.6013176,2501.34375,199.1,4.7,308
1791050297.802204,2501.34375,204.1,6.4,308
1791050298.00309,2501.34375,199.2,6.6,308
1791050298.2038178,2501.34375,199.3,5.9,308
1791050298.4044514,2501.34375,199.3,7.7,308
1791050298.60514,2501.34375,199.3,8.2,308
1791050298.80578,2501.34375,199.4,6.8,308
1791050299.006432,2501.34375,199.3,6.8,308
1791050299.207084,2501.34375,204.3,7.6,308
1791050299.4078255,2501.34375,199.2,7.5,308
1791050299.6085894,2501.34375,199.3,6.3,308
1791050299.8093557,2501.34375,199.2,5.6,308
1791050300.0100954,2501.34375,199.3,5.1,308
1791050300.2108305,2501.34375,204.3,6.4,308
1791050300.411564,2501.34375,199.3,5.3,308
1791050300.612303,2501.34375,204.2,5.3,308
1791050300.8130996,2501.34375,199.2,6.5,308
1791050301.0138636,2501.34375,199.2,6.9,308
1791050301.2146199,2501.34375,199.2,6.2,308
1791050301.4153793,2501.34375,199.2,6.1,308
1791050301.6161215,2501.34375,199.3,6.1,308
1791050301.8168864,2501.34375,204.2,9.6,308
1791050302.0176628,2501.34375,199.2,6.0,308
1791050302.2184324,2501.34375,199.2,5.3,308
1791050302.4191935,2501.34375,199.2,5.3,308
1791050302.6199293,2501.34375,199.3,5.4,308
1791050302.8206272,2501.34375,199.3,5.7,308
1791050303.021388,2501.34375,204.2,9.4,308
1791050303.2222524,2501.34375,199.2,9.3,308
1791050303.4229994,2501.34375,199.3,9.4,308
1791050303.6237733,2501.34375,204.2,11.7,308
1791050303.8245294,2501.34375,199.2,8.8,308
1791050304.0253005,2501.34375,199.2,10.6,308
1791050304.2260907,2501.34375,204.2,10.5,308
1791050304.426965,2501.34375,199.1,7.1,308
1791050304.6278322,2501.34375,199.1,8.0,308
1791050304.828609,2501.34375,199.3,7.8,308
1791050305.029346,2501.34375,199.3,8.0,308
1791050305.2300742,2501.34375,199.3,8.1,308
1791050305.4307604,2501.34375,204.3,9.0,308
1791050305.6314971,2501.34375,199.3,6.3,308
1791050305.8321893,2501.34375,199.3,6.2,308
1791050306.0328653,2501.34375,199.3,6.0,308
1791050306.2335584,2501.34375,199.3,6.0,308
1791050306.434238,2501.34375,199.3,6.0,308
1791050306.6349113,2501.34375,199.3,5.6,308
1791050306.8355784,2501.34375,199.3,5.5,308
1791050307.036237,2501.34375,209.3,7.4,308
1791050307.2369118,2501.34375,199.3,5.3,308
1791050307.4375699,2501.34375,199.4,5.4,308
1791050307.6382194,2501.34375,199.3,6.6,308
1791050307.838875,2501.34375,199.3,6.6,308
1791050308.0395617,2501.34375,199.3,7.4,308
1791050308.2402892,2501.34375,204.2,10.0,308
1791050308.4410498,2501.34375,199.3,8.0,308
1791050308.6417618,2501.34375,199.3,9.4,308
1791050308.8425674,2501.34375,199.2,7.2,308
1791050309.043353,2501.34375,199.2,11.5,308
1791050309.244166,2501.34375,199.2,7.3,308
1791050309.4450636,2501.34375,199.1,6.5,308
1791050309.6458316,2501.34375,204.2,6.5,308
1791050309.8466296,2501.34375,199.2,7.3,308
1791050310.0474696,2501.34375,204.2,6.9,308
1791050310.2481618,2501.34375,199.3,8.4,308
1791050310.44881,2501.34375,199.4,7.1,308
1791050310.6494434,2501.34375,199.4,6.9,308
1791050310.8501482,2501.34375,199.3,6.2,308
1791050311.0508504,2501.34375,204.3,8.1,308
1791050311.251605,2501.34375,199.3,5.3,308
1791050311.4522824,2501.34375,199.3,5.3,308
1791050311.652936,2501.34375,199.3,5.4,308
1791050311.8535895,2501.34375,199.4,5.3,308
1791050312.054254,2501.34375,199.3,8.1,308
1791050312.2549202,2501.34375,204.3,6.3,308
1791050312.4557073,2501.34375,199.2,6.2,308
1791050312.656491,2501.34375,199.2,6.1,308
1791050312.857424,2501.34375,199.1,8.6,308
1791050313.0581985,2501.34375,199.2,9.8,308
1791050313.2589743,2501.34375,199.2,9.7,308
1791050313.4598637,2501.34375,204.1,6.9,308
1791050313.6606195,2501.34375,199.3,9.5,308
1791050313.8613064,2501.34375,199.3,8.8,308
1791050314.0620484,2501.34375,204.2,8.6,308
1791050314.262777,2501.34375,199.3,8.8,308
1791050314.4635253,2501.34375,199.3,8.1,308
1791050314.6642122,2501.34375,204.3,9.2,308
1791050314.8649392,2501.34375,199.3,8.7,308
1791050315.065708,2501.34375,199.2,8.7,308
1791050315.2664685,2501.34375,199.2,7.9,308
1791050315.46722,2501.34375,199.3,11.2,308
1791050315.6679664,2501.34375,199.2,5.8,308
1791050315.8686774,2501.34375,199.3,5.4,308
1791050316.0693626,2501.34375,204.3,7.3,308
1791050316.2701185,2501.34375,199.2,5.4,308
1791050316.4708905,2501.34375,199.2,5.7,308
1791050316.671649,2501.34375,199.2,6.7,308
1791050316.8724973,2501.34375,199.2,6.0,308
1791050317.0732749,2501.34375,204.2,7.8,308
1791050317.2740397,2501.34375,199.3,7.4,308
1791050317.4748666,2501.34375,204.2,7.3,308
1791050317.675584,2501.34375,199.3,7.4,308
1791050317.8763418,2501.34375,199.2,7.4,308
1791050318.0771108,2501.34375,199.2,7.0,308
1791050318.2778502,2501.34375,204.2,6.2,308
1791050318.4786594,2501.34375,199.2,6.7,308
1791050318.6794274,2501.34375,199.2,6.2,308
1791050318.880174,2501.34375,199.2,9.6,308
1791050319.080932,2501.34375,199.2,7.1,308
1791050319.2817538,2501.34375,204.2,6.9,308
1791050319.4825423,2501.34375,199.2,6.2,308
1791050319.6833446,2501.34375,199.2,6.5,308
1791050319.8841336,2501.34375,199.2,6.0,308
1791050320.0850158,2501.34375,199.1,6.1,308
1791050320.2857518,2501.34375,199.3,5.5,308
1791050320.486538,2501.34375,199.2,6.8,308
1791050320.6873307,2501.34375,204.2,5.8,308
1791050320.8882532,2501.34375,199.1,6.3,308
1791050321.089198,2501.34375,204.1,7.8,308
1791050321.2899666,2501.34375,199.2,6.9,308
1791050321.490787,2501.34375,199.2,7.0,308
1791050321.6915658,2501.34375,204.2,8.8,308
1791050321.8924072,2501.34375,199.2,7.5,308
1791050322.093189,2501.34375,199.2,7.2,308
1791050322.2941275,2496.84375,383.2,10.8,308
1791050322.4949138,2496.84375,204.2,6.1,308
1791050322.6958497,2496.84375,701.9,10.5,308
1791050322.896629,2496.84375,199.2,9.3,308
1791050323.0974154,2496.84375,204.2,9.6,308
1791050323.298164,2496.84375,199.2,8.7,308
1791050323.4989057,2496.84375,199.3,10.6,308
1791050323.6996908,2496.84375,199.2,9.5,308
1791050323.9004848,2496.84375,199.2,11.0,308
1791050324.1012871,2496.84375,199.2,9.4,308
1791050324.3020687,2496.84375,204.2,7.7,308
1791050324.502804,2496.84375,199.3,9.5,308
1791050324.7035725,2496.84375,199.2,8.4,308
1791050324.904361,2496.84375,199.2,7.3,308
1791050325.1051636,2496.84375,199.2,7.8,308
1791050325.305891,2496.84375,199.3,6.2,308
1791050325.506637,2496.84375,203.8,8.5,308
1791050325.7081115,2496.84375,204.0,7.2,308
1791050325.90882,2496.84375,199.3,6.2,308
1791050326.109482,2496.84375,199.3,6.1,308
1791050326.3101213,2496.84375,199.4,6.1,308
1791050326.5107758,2496.84375,199.3,6.9,308
1791050326.7114909,2496.84375,199.3,6.9,308
1791050326.9121733,2496.84375,204.3,5.9,308
1791050327.112822,2496.84375,199.4,5.7,308
1791050327.313462,2496.84375,199.3,6.7,308
1791050327.514225,2496.84375,199.2,5.6,308
1791050327.7149346,2496.84375,199.3,6.9,308
1791050327.9157019,2496.84375,199.2,7.3,308
1791050328.116464,2496.84375,199.3,7.0,308
1791050328.317225,2496.84375,204.2,7.0,308
1791050328.518039,2496.84375,199.2,7.6,308
1791050328.7188256,2496.84375,199.2,7.1,308
1791050328.919601,2496.84375,199.2,9.4,308
1791050329.1203513,2496.84375,204.3,7.1,308
1791050329.3210425,2496.84375,199.3,6.3,308
1791050329.5217078,2496.84375,204.3,8.1,308
1791050329.7224596,2496.84375,199.3,5.3,308
1791050329.9231327,2496.84375,199.3,5.3,308
1791050330.123814,2496.84375,199.3,6.4,308
1791050330.324465,2496.84375,199.4,6.2,308
1791050330.5251153,2496.84375,199.3,6.0,308
1791050330.725946,2496.84375,204.1,10.2,308
1791050330.926698,2496.84375,199.3,6.9,308
1791050331.1274002,2496.84375,199.3,8.0,308
1791050331.328103,2496.84375,199.3,7.2,308
1791050331.52875,2496.84375,199.4,5.7,308
1791050331.7294035,2496.84375,199.3,5.6,308
1791050331.9300528,2496.84375,204.3,5.0,308
1791050332.1306837,2496.84375,199.4,5.3,308
1791050332.331362,2496.84375,199.3,6.9,308
1791050332.5321445,2496.84375,199.2,6.1,308
1791050332.7327895,2496.84375,199.4,6.1,308
1791050332.9334674,2496.84375,199.3,8.6,308
1791050333.1342273,2496.84375,204.2,9.5,308
1791050333.3349853,2496.84375,204.2,9.3,308
1791050333.5357559,2496.84375,199.2,10.2,308
1791050333.736495,2496.84375,199.3,7.8,308
1791050333.9373307,2496.84375,199.2,9.0,308
1791050334.1381028,2496.84375,199.2,13.8,308
1791050334.338894,2496.84375,199.2,8.9,308
1791050334.5396655,2496.84375,199.2,6.9,308
1791050334.7404397,2496.84375,204.2,9.9,308
1791050334.941218,2496.84375,199.3,9.1,308
1791050335.1419182,2496.84375,199.3,7.7,308
1791050335.3425856,2496.84375,199.4,7.3,308
1791050335.5432327,2496.84375,199.3,9.5,308
1791050335.7440417,2496.84375,199.2,9.0,308
1791050335.944726,2496.84375,204.3,6.5,308
1791050336.1453698,2496.84375,199.4,6.0,308
1791050336.3460124,2496.84375,199.4,5.3,308
1791050336.5466716,2496.84375,199.3,5.5,308
1791050336.7474308,2496.84375,199.2,5.4,308
1791050336.9481547,2496.84375,204.3,6.5,308
1791050337.1487975,2496.84375,199.4,6.2,308
1791050337.3494117,2496.84375,204.3,6.1,308
1791050337.5500615,2496.84375,199.3,7.3,308
1791050337.7507365,2496.84375,199.3,6.5,308
1791050337.9514742,2496.84375,199.3,7.3,308
1791050338.1522408,2496.84375,199.3,6.8,308
1791050338.3529222,2496.84375,199.3,9.3,308
1791050338.553725,2496.84375,204.2,6.3,308
1791050338.754452,2496.84375,199.3,6.0,308
1791050338.9552069,2496.84375,199.2,5.9,308
1791050339.155986,2496.84375,199.2,8.5,308
1791050339.356858,2496.84375,199.2,10.8,308
1791050339.557605,2496.84375,199.3,6.0,308
1791050339.758372,2496.84375,204.2,6.2,308
1791050339.9591246,2496.84375,199.2,5.8,308
1791050340.1598756,2496.84375,199.2,6.2,308
1791050340.3606436,2496.84375,199.2,6.1,308
1791050340.561529,2496.84375,199.1,5.1,308
1791050340.762329,2496.84375,204.2,5.3,308
1791050340.963101,2496.84375,204.2,6.5,308
1791050341.163928,2496.84375,199.2,6.1,308
1791050341.3647304,2496.84375,199.2,6.8,308
1791050341.56564,2496.84375,199.1,6.0,308
1791050341.7664661,2496.84375,204.1,6.0,308
1791050341.9672997,2496.84375,199.2,6.0,308
1791050342.1680808,2496.84375,199.3,5.9,308
1791050342.3687959,2496.84375,199.3,6.0,308
1791050342.569566,2496.84375,199.2,7.9,308
1791050342.7705057,2496.84375,204.1,5.8,308
1791050342.9713857,2496.84375,199.1,8.0,308
1791050343.1721761,2496.84375,199.2,8.4,308
1791050343.3730536,2496.84375,199.2,8.7,308
1791050343.5738297,2496.84375,199.2,8.9,308
1791050343.7745867,2496.84375,204.2,9.5,308
1791050343.975366,2496.84375,199.2,9.4,308
1791050344.1761062,2496.84375,199.3,7.6,308
1791050344.376779,2496.84375,199.3,12.3,308
1791050344.577556,2496.84375,199.2,9.7,308
1791050344.7783325,2496.84375,199.2,10.6,308
1791050344.9790866,2496.84375,204.2,9.0,308
1791050345.1798313,2496.84375,204.2,7.5,308
1791050345.3805456,2496.84375,199.3,5.9,308
1791050345.5812144,2496.84375,199.3,7.2,308
1791050345.781971,2496.84375,199.3,4.3,308
1791050345.982666,2496.84375,199.3,7.1,308
1791050346.1837113,2496.84375,199.0,6.3,308
1791050346.3845341,2496.84375,204.1,5.3,308
1791050346.5853493,2496.84375,199.2,5.2,308
1791050346.7861075,2496.84375,199.3,5.3,308
1791050346.9867513,2496.84375,199.3,5.6,308
1791050347.1874301,2496.84375,199.3,5.0,308
1791050347.3880794,2496.84375,199.4,4.3,308
1791050347.58874,2495.34375,388.7,5.8,308
1791050347.7895174,2495.34375,199.3,6.5,308
1791050347.9926894,2495.34375,344.4,6.5,308
1791050348.1938834,2495.34375,243.6,6.2,308
1791050348.394828,2495.34375,204.1,6.2,308
1791050348.5955472,2495.34375,199.3,6.2,308
1791050348.796315,2495.34375,199.3,6.2,308
1791050348.9969804,2495.34375,199.3,6.5,308
1791050349.197629,2495.34375,199.4,5.6,308
1791050349.3982735,2495.34375,199.4,7.6,308
1791050349.5989223,2495.34375,199.4,4.0,308
1791050349.7995915,2495.34375,204.3,3.8,308
1791050350.0003095,2495.34375,199.3,3.7,308
1791050350.2009895,2495.34375,199.3,3.6,308
1791050350.4016593,2495.34375,199.3,4.2,308
1791050350.602346,2495.34375,199.3,4.4,308
1791050350.8029928,2495.34375,199.4,4.6,308
1791050351.003609,2495.34375,199.4,4.4,308
1791050351.2042701,2495.34375,209.3,7.0,308
1791050351.4049463,2495.34375,199.3,4.5,308
1791050351.6056085,2495.34375,199.4,4.8,308
1791050351.8062725,2495.34375,199.3,4.1,308
1791050352.0069685,2495.34375,199.3,4.3,308
1791050352.2076743,2495.34375,199.3,5.7,308
1791050352.408416,2495.34375,204.3,3.6,308
1791050352.6090987,2495.34375,199.3,4.0,308
1791050352.809792,2495.34375,199.3,9.3,308
1791050353.0105655,2495.34375,199.2,8.7,308
1791050353.2113452,2495.34375,199.2,8.0,308
1791050353.4121003,2495.34375,204.2,8.0,308
1791050353.6127996,2495.34375,199.3,6.0,308
1791050353.813483,2495.34375,199.3,8.2,308
1791050354.014264,2495.34375,199.2,9.0,308
1791050354.2150607,2495.34375,199.2,7.1,308
1791050354.41584,2495.34375,199.2,6.6,308
1791050354.6165915,2495.34375,199.3,6.0,308
1791050354.8173492,2495.34375,204.2,6.9,308
1791050355.0183015,2495.34375,199.1,7.5,308
1791050355.2190855,2495.34375,204.2,5.5,308
1791050355.4197924,2495.34375,199.3,7.3,308
1791050355.6205423,2495.34375,199.2,5.0,308
1791050355.8213322,2495.34375,199.2,4.4,308
1791050356.0220609,2495.34375,204.3,5.0,308
1791050356.222744,2495.34375,199.3,6.8,308
1791050356.423451,2495.34375,199.3,3.9,308
1791050356.6241858,2495.34375,199.3,3.9,308
1791050356.8248625,2495.34375,199.3,3.9,308
1791050357.0255826,2495.34375,199.3,3.8,308
1791050357.2262552,2495.34375,204.3,5.4,308
1791050357.4269824,2495.34375,199.3,4.5,308
1791050357.6276262,2495.34375,199.3,4.5,308
1791050357.8283472,2495.34375,199.3,5.3,308
1791050358.0290787,2495.34375,199.2,7.9,308
1791050358.2298334,2495.34375,199.3,6.6,308
1791050358.4304638,2495.34375,199.4,6.8,308
1791050358.6311212,2495.34375,204.3,5.5,308
1791050358.831879,2495.34375,199.2,4.5,308
1791050359.0326464,2495.34375,199.2,6.6,308
1791050359.2334082,2495.34375,199.3,5.2,308
1791050359.434109,2495.34375,204.3,5.7,308
1791050359.6348019,2495.34375,204.2,7.7,308
1791050359.8355687,2495.34375,199.3,5.2,308
1791050360.0362785,2495.34375,199.3,5.3,308
1791050360.2369273,2495.34375,199.3,5.3,308
1791050360.4375803,2495.34375,199.4,5.5,308
1791050360.6382475,2495.34375,199.3,5.7,308
1791050360.8388977,2495.34375,199.3,5.5,308
1791050361.039608,2495.34375,204.3,4.8,308
1791050361.2403505,2495.34375,199.3,5.4,308
1791050361.4410737,2495.34375,199.3,6.1,308
1791050361.641737,2495.34375,199.3,5.3,308
1791050361.8425863,2495.34375,199.2,4.3,308
1791050362.0432692,2495.34375,199.3,4.5,308
1791050362.2439258,2495.34375,199.3,4.5,308
1791050362.444577,2495.34375,204.3,4.6,308
1791050362.6452138,2495.34375,199.4,4.5,308
1791050362.8458865,2495.34375,199.3,7.2,308
1791050363.0466368,2495.34375,199.2,11.7,308
1791050363.247427,2495.34375,199.2,7.3,308
1791050363.4482186,2495.34375,204.2,7.1,308
1791050363.64899,2495.34375,204.2,9.3,308
1791050363.8497732,2495.34375,199.2,12.3,308
1791050364.0505474,2495.34375,199.3,6.2,308
1791050364.2512834,2495.34375,199.2,7.9,308
1791050364.4520664,2495.34375,199.2,7.3,308
1791050364.6528554,2495.34375,199.2,6.6,308
1791050364.853608,2495.34375,199.3,6.6,308
1791050365.054285,2495.34375,204.3,7.3,308
1791050365.2550275,2495.34375,199.3,5.2,308
1791050365.4557004,2495.34375,199.3,5.9,308
1791050365.6563916,2495.34375,199.3,3.9,308
1791050365.8570635,2495.34375,199.3,3.8,308
1791050366.0577037,2495.34375,199.4,3.6,308
1791050366.2583706,2495.34375,204.3,3.9,308
1791050366.4590702,2495.34375,199.3,6.0,308
1791050366.6598063,2495.34375,199.3,4.9,308
1791050366.8605454,2495.34375,199.3,4.5,308
1791050367.0612097,2495.34375,199.3,4.6,308
1791050367.2618527,2495.34375,204.3,4.8,308
1791050367.4624965,2495.34375,199.4,4.5,308
1791050367.6631615,2495.34375,204.3,4.3,308
1791050367.8638465,2495.34375,199.3,4.0,308
1791050368.064577,2495.34375,199.3,4.5,308
1791050368.2653356,2495.34375,199.2,9.8,308
1791050368.4661243,2495.34375,199.2,5.2,308
1791050368.6669626,2495.34375,204.2,4.9,308
1791050368.8676567,2495.34375,199.3,5.1,308
1791050369.0683122,2495.34375,199.4,5.1,308
1791050369.2689426,2495.34375,199.3,5.3,308
1791050369.469604,2495.34375,199.4,4.6,308
1791050369.6702757,2495.34375,199.3,5.1,308
1791050369.8709033,2495.34375,199.4,5.9,308
1791050370.0715275,2495.34375,199.4,3.6,308
1791050370.2722023,2495.34375,209.3,3.7,308
1791050370.4728425,2495.34375,199.3,3.7,308
1791050370.6735063,2495.34375,199.4,4.2,308
1791050370.8741903,2495.34375,199.3,3.9,308
1791050371.0748334,2495.34375,199.4,4.4,308
1791050371.2754982,2495.34375,199.3,5.8,308
1791050371.4761558,2495.34375,199.4,4.5,308
1791050371.6767867,2495.34375,204.4,7.0,308
1791050371.8774354,2495.34375,199.3,6.8,308
1791050372.0780845,2495.34375,199.4,6.6,308
1791050372.2787344,2495.34375,199.3,5.7,308
1791050372.479379,2495.34375,199.4,5.6,308
1791050372.6800184,2495.34375,199.4,5.2,308
1791050372.8806834,2495.34375,199.3,7.3,308
1791050373.0814755,2495.34375,204.2,8.0,308
1791050373.28227,2495.34375,199.2,10.8,308
1791050373.4830282,2495.34375,199.2,8.4,308
1791050373.6838028,2495.34375,199.2,8.8,308
1791050373.884576,2495.34375,199.2,8.4,308
1791050374.0853462,2495.34375,204.2,7.3,308
1791050374.2860534,2495.34375,204.3,8.6,308
1791050374.4868226,2495.34375,199.2,7.5,308
1791050374.6875854,2495.34375,199.3,4.7,308
1791050374.8883157,2495.34375,199.2,6.3,308
1791050375.089123,2495.34375,199.2,6.8,308
1791050375.2899032,2495.34375,199.2,5.0,308
1791050375.4908469,2495.34375,199.1,6.4,308
1791050375.6915786,2495.34375,199.3,4.5,308
1791050375.8922586,2495.34375,204.3,4.4,308
1791050376.0929468,2495.34375,199.3,5.0,308
1791050376.2936883,2495.34375,199.3,4.8,308
1791050376.4944289,2495.34375,199.2,4.7,308
1791050376.6951897,2495.34375,199.3,5.6,308
1791050376.8958864,2495.34375,204.3,3.5,308
1791050377.0965493,2495.34375,199.3,3.6,308
1791050377.2972116,2495.34375,204.3,3.7,308
1791050377.4978762,2495.34375,199.3,4.2,308
1791050377.698535,2495.34375,199.4,3.9,308
1791050377.8992105,2495.34375,199.3,5.2,308
1791050378.0998554,2495.34375,204.3,5.1,308
1791050378.3005023,2495.34375,199.4,5.2,308
1791050378.50118,2495.34375,199.3,9.7,308
1791050378.70196,2495.34375,199.3,5.4,308
1791050378.9026418,2495.34375,199.3,5.1,308
1791050379.1033158,2495.34375,199.3,4.7,308
1791050379.3039832,2495.34375,199.3,4.3,308
1791050379.5046418,2495.34375,199.3,3.6,308
1791050379.705321,2495.34375,204.3,4.5,308
1791050379.905989,2495.34375,199.3,3.7,308
1791050380.1066642,2495.34375,199.3,6.1,308
1791050380.3073351,2495.34375,199.3,4.8,308
1791050380.5080054,2495.34375,199.3,4.5,308
1791050380.7086701,2495.34375,199.3,4.6,308
1791050380.9093432,2495.34375,204.3,4.9,308
1791050381.1100318,2495.34375,199.3,4.4,308
1791050381.3107064,2495.34375,199.3,4.6,308
1791050381.5114412,2495.34375,199.3,3.7,308
1791050381.712112,2495.34375,199.3,4.9,308
1791050381.9127388,2495.34375,199.4,4.5,308
1791050382.1133845,2495.34375,204.3,4.3,308
1791050382.3141289,2495.34375,204.3,4.4,308
1791050382.514752,2495.34375,199.4,4.5,308
1791050382.7154036,2495.34375,199.3,4.4,308
1791050382.9160552,2495.34375,199.3,7.8,308
1791050383.1167974,2495.34375,199.3,8.9,308
1791050383.3175385,2495.34375,199.3,8.5,308
1791050383.5183043,2495.34375,199.2,10.3,308
1791050383.719078,2495.34375,204.2,7.5,308
1791050383.919822,2495.34375,199.2,7.2,308
1791050384.120553,2495.34375,199.3,5.5,308
1791050384.321265,2495.34375,199.3,7.2,308
1791050384.5220404,2495.34375,199.2,6.6,308
1791050384.7228491,2495.34375,204.2,8.1,308
1791050384.9237082,2495.34375,199.1,8.3,308
1791050385.124506,2495.34375,199.2,9.3,308
1791050385.3252692,2495.34375,204.2,7.9,308
1791050385.5260155,2495.34375,199.2,8.7,308
1791050385.726773,2495.34375,199.3,6.1,308
1791050385.9275215,2495.34375,199.3,5.5,308
1791050386.128275,2495.34375,204.2,5.7,308
1791050386.329045,2495.34375,199.2,7.1,308
1791050386.5298297,2495.34375,199.2,5.1,308
1791050386.7305734,2495.34375,199.3,4.9,308
1791050386.931339,2495.34375,199.2,6.6,308
1791050387.1320815,2495.34375,199.3,5.1,308
1791050387.3328235,2495.34375,204.2,4.5,308
1791050387.533546,2534.34375,383.6,6.4,308
1791050387.734304,2498.38671875,199.2,5.1,308
1791050387.9350607,2498.38671875,199.2,5.4,308
1791050388.135809,2498.38671875,388.6,6.0,308
1791050388.3365562,2498.38671875,204.2,4.4,308
1791050388.5372748,2498.38671875,199.3,5.0,308
1791050388.7379775,2498.38671875,199.3,6.6,308
1791050388.9386785,2498.38671875,199.3,4.5,308
1791050389.1393843,2498.38671875,204.3,7.2,308
1791050389.340137,2498.38671875,199.3,9.5,308
1791050389.5408697,2498.38671875,204.2,6.2,308
1791050389.74167,2498.38671875,199.2,5.8,308
1791050389.942452,2498.38671875,199.2,4.9,308
1791050390.1432245,2498.38671875,199.2,4.4,308
1791050390.3440073,2498.38671875,199.2,5.5,308
1791050390.5447462,2498.38671875,204.3,3.8,308
1791050390.7454817,2498.38671875,199.3,3.7,308
1791050390.9462287,2498.38671875,199.2,4.4,308
1791050391.1471143,2498.38671875,199.1,3.9,308
1791050391.347938,2498.38671875,199.2,4.8,308
1791050391.5486546,2498.38671875,199.3,4.4,308
1791050391.7493389,2498.38671875,199.3,6.6,308
1791050391.950082,2498.38671875,204.3,4.4,308
1791050392.1507607,2498.38671875,199.3,6.5,308
1791050392.3514454,2498.38671875,199.3,4.3,308
1791050392.5521595,2498.38671875,199.2,4.3,308
1791050392.7529445,2498.38671875,199.2,3.9,308
1791050392.9537468,2498.38671875,204.2,7.1,308
1791050393.1545165,2498.38671875,199.2,7.8,308
1791050393.3552854,2498.38671875,204.2,7.5,308
1791050393.5559943,2498.38671875,199.3,5.7,308
1791050393.7566476,2498.38671875,199.3,9.8,308
1791050393.95739,2498.38671875,199.3,8.2,308
1791050394.158131,2498.38671875,199.3,6.0,308
1791050394.3587832,2498.38671875,204.3,8.8,308
1791050394.5595605,2498.38671875,199.2,7.3,308
1791050394.7604513,2498.38671875,199.1,6.1,308
1791050394.9613767,2498.38671875,199.1,8.2,308
1791050395.1621282,2498.38671875,199.3,4.4,308
1791050395.3628013,2498.38671875,199.3,4.7,308
1791050395.5634744,2498.38671875,199.3,8.4,308
1791050395.76422,2498.38671875,204.3,3.8,308
1791050395.9648619,2498.38671875,199.3,4.6,308
1791050396.1655176,2498.38671875,199.4,4.6,308
1791050396.366165,2498.38671875,199.3,4.6,308
1791050396.5668387,2498.38671875,199.3,5.2,308
1791050396.7675295,2498.38671875,199.3,4.6,308
1791050396.9681933,2498.38671875,204.3,5.1,308
1791050397.1688406,2498.38671875,204.3,5.6,308
1791050397.3695676,2498.38671875,199.3,4.5,308
1791050397.5702486,2498.38671875,199.3,4.5,308
1791050397.770901,2498.38671875,199.3,5.1,308
1791050397.971675,2498.38671875,199.2,5.6,308
1791050398.172343,2498.38671875,199.3,6.0,308
1791050398.3730273,2498.38671875,204.3,8.8,308
1791050398.5737631,2498.38671875,199.3,6.4,308
1791050398.7744489,2498.38671875,199.3,7.6,308
1791050398.9751115,2498.38671875,199.3,7.7,308
1791050399.175759,2498.38671875,199.4,7.0,308
1791050399.3764071,2498.38671875,199.3,6.4,308
1791050399.5770419,2498.38671875,204.4,5.8,308
1791050399.7777088,2498.38671875,199.3,5.6,308
1791050399.9785147,2498.38671875,199.2,5.3,308
1791050400.179216,2498.38671875,199.3,3.8,308
1791050400.3798928,2498.38671875,199.3,4.5,308
1791050400.580544,2498.38671875,199.4,6.8,308
1791050400.7812006,2498.38671875,204.3,5.1,308
1791050400.9818633,2498.38671875,199.3,4.6,308
1791050401.1825113,2498.38671875,199.3,7.3,308
1791050401.3832452,2498.38671875,199.3,5.4,308
1791050401.5838974,2498.38671875,199.4,5.0,308
1791050401.7845705,2498.38671875,199.3,4.6,308
1791050401.9852352,2498.38671875,204.3,4.7,308
1791050402.1858978,2498.38671875,204.3,6.4,308
1791050402.38657,2498.38671875,199.3,5.2,308
1791050402.5872738,2498.38671875,199.3,5.0,308
1791050402.7879245,2498.38671875,199.3,5.4,308
1791050402.9885762,2498.38671875,199.3,9.4,308
1791050403.1894884,2498.38671875,199.1,8.7,308
1791050403.3902476,2498.38671875,199.2,9.6,308
1791050403.591034,2498.38671875,204.2,8.7,308
1791050403.7917793,2498.38671875,199.2,9.0,308
1791050403.992556,2498.38671875,199.2,8.9,308
1791050404.1933188,2498.38671875,199.3,5.4,308
1791050404.3939157,2498.38671875,199.3,7.8,308
1791050404.5946808,2498.38671875,199.2,7.6,308
1791050404.7956173,2498.38671875,204.0,5.8,308
1791050404.9965148,2498.38671875,199.1,7.6,308
1791050405.197303,2498.38671875,204.2,8.5,308
1791050405.3980525,2498.38671875,199.3,6.3,308
1791050405.598778,2498.38671875,199.3,9.8,308
1791050405.7994807,2498.38671875,199.3,5.9,308
1791050406.0002558,2498.38671875,204.2,5.8,308
1791050406.2010002,2498.38671875,199.3,8.5,308
1791050406.401744,2498.38671875,199.3,4.8,308
1791050406.6025093,2498.38671875,199.2,4.0,308
1791050406.8032587,2498.38671875,199.3,4.3,308
1791050407.0040596,2498.38671875,199.2,3.9,308
1791050407.2048433,2498.38671875,204.2,4.4,308
1791050407.4056218,2498.38671875,199.2,6.2,308
1791050407.6064267,2498.38671875,199.2,5.0,308
1791050407.8073008,2498.38671875,199.2,4.9,308
1791050408.0080154,2498.38671875,199.3,5.9,308
1791050408.2087674,2498.38671875,199.3,5.3,308
1791050408.4094539,2498.38671875,209.3,5.4,308
1791050408.6102123,2498.38671875,199.3,4.9,308
1791050408.8109987,2498.38671875,199.2,4.7,308
1791050409.011677,2498.38671875,199.3,6.7,308
1791050409.212349,2498.38671875,199.4,4.6,308
1791050409.4129422,2498.38671875,199.3,4.6,308
1791050409.613643,2498.38671875,199.3,4.9,308
1791050409.8144157,2498.38671875,204.2,4.7,308
1791050410.0151186,2498.38671875,199.3,5.4,308
1791050410.2158005,2498.38671875,199.3,5.8,308
1791050410.416487,2498.38671875,199.3,5.5,308
1791050410.6171637,2498.38671875,199.3,5.4,308
1791050410.8178918,2498.38671875,199.3,6.3,308
1791050411.0185947,2498.38671875,199.3,4.8,308
1791050411.219298,2498.38671875,204.3,5.8,308
1791050411.4200535,2498.38671875,204.2,5.2,308
1791050411.620845,2498.38671875,199.2,4.6,308
1791050411.821591,2498.38671875,199.3,5.2,308
1791050412.0222878,2498.38671875,199.3,5.5,308
1791050412.22297,2498.38671875,199.3,6.7,308
1791050412.4237306,2498.38671875,199.2,5.9,308
1791050412.6244931,2498.38671875,204.2,7.4,308
1791050412.8252037,2498.38671875,199.3,5.7,308
1791050413.0258765,2501.38671875,383.6,9.9,308
1791050413.2266614,2501.38671875,199.2,8.2,308
1791050413.4274287,2501.38671875,199.2,7.9,308
1791050413.6282055,2501.38671875,388.5,8.0,308
1791050413.8289626,2501.38671875,199.2,5.6,308
1791050414.0298026,2501.38671875,204.2,6.9,308
1791050414.2305322,2501.38671875,199.3,9.2,308
1791050414.4312768,2501.38671875,204.2,5.4,308
1791050414.6320207,2501.38671875,199.3,9.6,308
1791050414.8327742,2501.38671875,199.2,6.8,308
1791050415.0335457,2501.38671875,199.2,6.9,308
1791050415.2343276,2501.38671875,199.3,4.6,308
1791050415.4350119,2501.38671875,204.3,6.0,308
1791050415.635774,2501.38671875,199.3,3.6,308
1791050415.836488,2501.38671875,199.3,5.4,308
1791050416.0371854,2501.38671875,199.3,3.9,308
1791050416.2378726,2501.38671875,199.3,3.9,308
1791050416.4385552,2501.38671875,199.3,4.4,308
1791050416.6392267,2501.38671875,199.3,4.5,308
1791050416.8398945,2501.38671875,204.3,5.1,308
1791050417.040563,2501.38671875,199.3,4.9,308
1791050417.2412317,2501.38671875,199.3,4.5,308
1791050417.441881,2501.38671875,199.3,4.3,308
1791050417.6425724,2501.38671875,199.3,5.1,308
1791050417.8432572,2501.38671875,199.3,4.3,308
1791050418.0438993,2501.38671875,199.3,4.8,308
1791050418.2445805,2501.38671875,204.3,4.4,308
1791050418.4452755,2501.38671875,204.3,5.0,308
1791050418.6460373,2501.38671875,199.3,5.1,308
1791050418.8467567,2501.38671875,199.3,5.1,308
1791050419.0474496,2501.38671875,199.3,5.2,308
1791050419.248194,2501.38671875,199.3,6.8,308
1791050419.448903,2501.38671875,204.2,5.1,308
1791050419.649662,2501.38671875,199.2,7.1,308
1791050419.8504746,2501.38671875,199.2,6.4,308
1791050420.0512536,2501.38671875,199.2,3.6,308
1791050420.251995,2501.38671875,199.2,6.0,308
1791050420.4530272,2501.38671875,199.0,3.7,308
1791050420.6537101,2501.38671875,204.3,3.7,308
1791050420.8543854,2501.38671875,199.3,4.4,308
1791050421.055082,2501.38671875,199.3,6.3,308
1791050421.2557495,2501.38671875,199.3,6.3,308
1791050421.4564507,2501.38671875,199.3,4.8,308
1791050421.6570952,2501.38671875,199.4,4.8,308
1791050421.8577163,2501.38671875,199.4,4.4,308
1791050422.0583906,2501.38671875,204.3,3.8,308
1791050422.2590525,2501.38671875,199.3,3.7,308
1791050422.4597094,2501.38671875,199.4,3.9,308
1791050422.6603816,2501.38671875,199.3,5.4,308
1791050422.8610697,2501.38671875,199.3,7.0,308
1791050423.0618591,2501.38671875,204.2,8.4,308
1791050423.2626085,2501.38671875,199.3,9.3,308
1791050423.4633656,2501.38671875,204.2,8.1,308
1791050423.664224,2501.38671875,199.2,7.7,308
1791050423.8649378,2501.38671875,199.3,8.3,308
1791050424.0656903,2501.38671875,199.3,8.8,308
1791050424.2664485,2501.38671875,204.2,6.5,308
1791050424.4672039,2501.38671875,199.2,11.1,308
1791050424.667997,2501.38671875,199.2,7.5,308
1791050424.8687656,2501.38671875,199.2,7.0,308
1791050425.0695744,2501.38671875,199.2,7.9,308
1791050425.2703211,2501.38671875,204.3,5.4,308
1791050425.470963,2501.38671875,199.4,5.6,308
1791050425.6716201,2501.38671875,199.3,5.8,308
1791050425.8723495,2501.38671875,199.3,5.0,308
1791050426.0729816,2501.38671875,199.4,6.4,308
1791050426.2736318,2501.38671875,199.3,5.9,308
1791050426.474286,2501.38671875,199.4,5.6,308
1791050426.6749082,2501.38671875,204.3,4.8,308
1791050426.875645,2501.38671875,199.3,5.1,308
1791050427.0763571,2501.38671875,199.3,5.2,308
1791050427.277239,2501.38671875,199.1,3.7,308
1791050427.477896,2501.38671875,199.3,3.9,308
1791050427.678553,2501.38671875,199.4,4.4,308
1791050427.8791995,2501.38671875,204.3,6.4,308
1791050428.0798347,2501.38671875,199.4,6.0,308
1791050428.2804973,2501.38671875,199.3,8.3,308
1791050428.48127,2501.38671875,204.2,6.0,308
1791050428.682009,2501.38671875,199.3,5.4,308
1791050428.8826587,2501.38671875,199.4,4.6,308
1791050429.0833058,2501.38671875,199.4,4.6,308
1791050429.2839563,2501.38671875,204.3,4.9,308
1791050429.4846473,2501.38671875,199.3,5.2,308
1791050429.6853333,2501.38671875,199.3,4.4,308
1791050429.8860054,2501.38671875,199.3,4.2,308
1791050430.0866616,2501.38671875,199.3,4.5,308
1791050430.2873406,2501.38671875,199.3,4.5,308
1791050430.4879982,2501.38671875,204.3,4.8,308
1791050430.688634,2501.38671875,199.4,4.4,308
1791050430.889286,2501.38671875,199.3,4.4,308
1791050431.0899417,2501.38671875,199.3,4.1,308
1791050431.2906241,2501.38671875,199.3,5.8,308
1791050431.491403,2501.38671875,199.3,4.1,308
1791050431.6920903,2501.38671875,204.3,3.8,308
1791050431.8927433,2501.38671875,199.4,3.7,308
1791050432.0934129,2501.38671875,199.3,4.4,308
1791050432.2940607,2501.38671875,199.3,4.5,308
1791050432.4947176,2501.38671875,199.4,4.6,308
1791050432.6953685,2501.38671875,199.4,4.9,308
1791050432.8960443,2501.38671875,204.3,8.5,308
1791050433.096793,2501.38671875,199.2,8.3,308
1791050433.2975736,2501.38671875,199.2,6.1,308
1791050433.4983213,2501.38671875,199.3,6.9,308
1791050433.699106,2501.38671875,199.2,7.6,308
1791050433.8998778,2501.38671875,204.2,7.1,308
1791050434.1006281,2501.38671875,199.3,5.3,308
1791050434.301375,2501.38671875,204.2,7.7,308
1791050434.5021672,2501.38671875,199.2,7.5,308
1791050434.7029266,2501.38671875,199.2,7.0,308
1791050434.903706,2501.38671875,199.2,8.0,308
1791050435.1044989,2501.38671875,199.2,7.2,308
1791050435.305283,2501.38671875,204.2,5.5,308
1791050435.506031,2501.38671875,199.2,7.1,308
1791050435.7068222,2501.38671875,199.2,4.6,308
1791050435.9076078,2501.38671875,199.2,4.5,308
1791050436.1083992,2501.38671875,199.2,8.3,308
1791050436.3091547,2501.38671875,204.3,6.1,308
1791050436.5098155,2501.38671875,199.4,5.0,308
1791050436.7104526,2501.38671875,199.4,5.4,308
1791050436.911122,2501.38671875,199.3,5.2,308
1791050437.1117513,2501.38671875,199.4,5.8,308
1791050437.3124008,2501.38671875,199.4,5.5,308
1791050437.5130496,2501.38671875,204.3,5.3,308
1791050437.7136693,2501.38671875,199.4,5.3,308
1791050437.9143412,2501.38671875,199.3,5.2,308
1791050438.1150024,2501.38671875,199.3,6.8,308
1791050438.3156388,2501.38671875,199.4,4.9,308
1791050438.5162826,2501.38671875,204.3,4.8,308
1791050438.7170427,2501.38671875,199.3,4.8,308
1791050438.9176793,2501.38671875,199.4,5.6,308
1791050439.1183426,2501.38671875,204.3,5.5,308
1791050439.3190749,2501.38671875,199.3,5.9,308
1791050439.519772,2501.38671875,199.3,5.0,308
1791050439.720482,2501.38671875,199.3,6.4,308
1791050439.9212165,2501.38671875,199.3,5.9,308
1791050440.121955,2501.38671875,204.2,4.8,308
1791050440.3227103,2501.38671875,199.2,5.0,308
1791050440.5234714,2501.38671875,199.3,5.3,308
1791050440.7241788,2501.38671875,199.3,4.7,308
1791050440.9248478,2501.38671875,199.3,3.9,308
1791050441.1255817,2501.38671875,199.3,4.6,308
1791050441.3262413,2501.38671875,199.4,5.6,308
1791050441.5268877,2501.38671875,204.3,6.0,308
1791050441.7275593,2501.38671875,199.3,5.0,308
1791050441.9283388,2501.38671875,199.3,4.9,308
1791050442.1289904,2501.38671875,199.3,4.7,308
1791050442.3296106,2501.38671875,199.4,4.3,308
1791050442.5302382,2501.38671875,204.4,4.1,308
1791050442.730845,2501.38671875,199.4,4.1,308
1791050442.9315171,2501.38671875,204.3,6.9,308
1791050443.1322792,2501.38671875,199.2,7.9,308
1791050443.3330462,2501.38671875,199.2,9.6,308
1791050443.5338154,2501.38671875,199.2,8.1,308
1791050443.7345824,2501.38671875,199.2,8.8,308
1791050443.9353588,2501.38671875,199.2,8.8,308
1791050444.1361063,2501.38671875,204.3,6.1,308
1791050444.336787,2501.38671875,199.3,8.1,308
1791050444.537548,2501.38671875,199.2,6.6,308
1791050444.7383506,2501.38671875,199.2,5.3,308
1791050444.9391403,2501.38671875,199.2,7.9,308
1791050445.1401563,2501.38671875,199.0,8.5,308
1791050445.3409712,2501.38671875,204.2,4.4,308
1791050445.5417583,2501.38671875,199.2,6.6,308
1791050445.742549,2501.38671875,199.2,4.8,308
1791050445.943299,2501.38671875,204.2,4.6,308
1791050446.144083,2501.38671875,199.2,5.0,308
1791050446.3448431,2501.38671875,204.2,4.8,308
1791050446.5456,2501.38671875,199.3,5.1,308
1791050446.7463546,2501.38671875,199.3,6.2,308
1791050446.9470863,2501.38671875,199.2,4.8,308
1791050447.147833,2501.38671875,199.3,4.1,308
1791050447.3486006,2501.38671875,199.2,4.2,308
1791050447.5493677,2501.38671875,204.2,3.9,308
1791050447.750135,2501.38671875,199.2,4.4,308
1791050447.950889,2501.38671875,199.2,5.8,308
1791050448.151658,2501.38671875,199.2,5.8,308
1791050448.3526015,2501.38671875,199.1,8.8,308
1791050448.5533712,2501.38671875,199.2,7.2,308
1791050448.754303,2501.38671875,204.1,6.3,308
1791050448.955063,2501.38671875,199.2,5.9,308
1791050449.155798,2501.38671875,199.3,5.5,308
1791050449.3565423,2501.38671875,199.2,5.5,308
1791050449.5573204,2501.38671875,199.2,5.4,308
1791050449.7581117,2501.38671875,199.2,5.4,308
1791050449.9588864,2501.38671875,204.2,10.6,308
1791050450.159656,2501.38671875,199.3,6.0,308
1791050450.360368,2501.38671875,204.3,5.5,308
1791050450.5610983,2501.38671875,199.3,6.3,308
1791050450.7617989,2501.38671875,199.3,6.2,308
1791050450.9624753,2501.38671875,199.3,5.0,308
1791050451.163251,2501.38671875,204.2,6.2,308
1791050451.3639898,2501.38671875,199.2,5.0,308
1791050451.564758,2501.38671875,199.2,3.9,308
1791050451.7655559,2501.38671875,199.2,6.2,308
1791050451.9662964,2501.38671875,199.3,3.7,308
1791050452.1669753,2501.38671875,204.3,3.9,308
1791050452.3676503,2501.38671875,199.3,4.4,308
1791050452.5683384,2501.38671875,199.3,4.5,308
1791050452.7690122,2501.38671875,199.3,5.1,308
1791050452.9696925,2501.38671875,199.3,8.8,308
1791050453.170464,2493.88671875,398.4,9.5,308
1791050453.3712456,2493.88671875,204.2,9.2,308
1791050453.5719733,2493.88671875,388.6,10.3,308
1791050453.7726998,2493.88671875,199.2,8.1,308
1791050453.9734933,2493.88671875,199.2,8.5,308
1791050454.1742933,2493.88671875,204.2,6.7,308
1791050454.375063,2493.88671875,199.2,7.3,308
1791050454.57578,2493.88671875,204.2,6.7,308
1791050454.7765725,2493.88671875,199.2,7.3,308
1791050454.977344,2493.88671875,199.2,7.0,308
1791050455.1780896,2493.88671875,199.3,7.5,308
1791050455.3787878,2493.88671875,204.2,7.1,308
1791050455.5796227,2493.88671875,194.2,5.8,308
1791050455.780377,2493.88671875,204.2,5.0,308
1791050455.9811082,2493.88671875,199.3,3.8,308
1791050456.181782,2493.88671875,199.3,6.1,308
1791050456.3825026,2493.88671875,199.3,5.8,308
1791050456.5831714,2493.88671875,199.3,5.5,308
1791050456.783818,2493.88671875,199.3,6.8,308
1791050456.9845278,2493.88671875,199.3,6.9,308
1791050457.1851952,2493.88671875,204.3,6.2,308
1791050457.3858612,2493.88671875,199.3,6.5,308
1791050457.586513,2493.88671875,199.4,6.3,308
1791050457.787198,2493.88671875,204.3,6.7,308
1791050457.9878674,2493.88671875,199.3,6.8,308
1791050458.1885502,2493.88671875,199.3,6.0,308
1791050458.3892398,2493.88671875,204.3,6.3,308
1791050458.5900166,2493.88671875,199.2,8.2,308
1791050458.7906735,2493.88671875,199.4,5.8,308
1791050458.991327,2493.88671875,199.3,5.8,308
1791050459.1919906,2493.88671875,199.3,6.4,308
1791050459.3926666,2493.88671875,199.3,6.3,308
1791050459.5933182,2493.88671875,199.4,6.3,308
1791050459.793968,2493.88671875,204.3,6.2,308
1791050459.9947288,2493.88671875,199.3,5.8,308
1791050460.1954062,2493.88671875,199.3,6.0,308
1791050460.3961165,2493.88671875,199.3,9.4,308
1791050460.596871,2493.88671875,199.3,5.0,308
1791050460.7975667,2493.88671875,204.3,5.5,308
1791050460.9982533,2493.88671875,199.3,5.8,308
1791050461.1989248,2493.88671875,199.3,5.9,308
1791050461.3995838,2493.88671875,199.3,7.9,308
1791050461.6003,2493.88671875,199.3,6.7,308
1791050461.800907,2493.88671875,199.4,7.2,308
1791050462.0015564,2493.88671875,199.3,9.1,308
1791050462.2022514,2493.88671875,204.3,7.4,308
1791050462.4029112,2493.88671875,204.3,6.9,308
1791050462.6035423,2493.88671875,199.4,6.5,308
1791050462.8042066,2493.88671875,199.3,7.9,308
1791050463.004969,2493.88671875,199.2,11.1,308
1791050463.2057292,2493.88671875,199.2,11.3,308
1791050463.4064891,2493.88671875,199.2,11.0,308
1791050463.60725,2493.88671875,199.2,9.2,308
1791050463.8080354,2493.88671875,204.2,12.1,308
1791050464.0087585,2493.88671875,199.3,11.0,308
1791050464.2095227,2493.88671875,199.2,10.2,308
1791050464.4104083,2493.88671875,199.1,10.7,308
1791050464.6111774,2493.88671875,199.2,10.4,308
1791050464.8119307,2493.88671875,204.2,9.8,308
1791050465.0127916,2493.88671875,199.2,10.4,308
1791050465.2135646,2493.88671875,199.2,8.4,308
1791050465.4144492,2493.88671875,199.1,9.5,308
1791050465.6152263,2493.88671875,199.2,8.9,308
1791050465.8160036,2493.88671875,204.2,6.8,308
1791050466.0167189,2493.88671875,199.3,7.7,308
1791050466.2174454,2493.88671875,204.3,7.9,308
1791050466.418148,2493.88671875,199.3,8.1,308
1791050466.6188638,2493.88671875,199.3,7.7,308
1791050466.8195963,2493.88671875,199.3,7.6,308
1791050467.0202947,2493.88671875,199.3,7.5,308
1791050467.2209826,2493.88671875,204.3,9.8,308
1791050467.421688,2493.88671875,199.3,7.9,308
1791050467.622395,2493.88671875,199.3,8.3,308
1791050467.823092,2493.88671875,199.3,8.0,308
1791050468.0238006,2493.88671875,199.3,7.8,308
1791050468.2245853,2493.88671875,199.2,8.1,308
1791050468.4253335,2493.88671875,204.2,10.6,308
1791050468.626179,2493.88671875,199.2,8.9,308
1791050468.8269246,2493.88671875,199.2,8.8,308
1791050469.0277622,2493.88671875,199.2,9.6,308
1791050469.228508,2493.88671875,199.3,8.6,308
1791050469.4292204,2493.88671875,204.2,10.0,308
1791050469.6299753,2493.88671875,199.2,9.2,308
1791050469.8307443,2493.88671875,199.3,7.4,308
1791050470.031456,2493.88671875,199.3,6.7,308
1791050470.2321432,2493.88671875,199.3,6.8,308
1791050470.4328876,2493.88671875,204.2,7.2,308
1791050470.633658,2493.88671875,199.3,9.2,308
1791050470.8343883,2493.88671875,204.2,7.7,308
1791050471.0351768,2493.88671875,199.2,8.0,308
1791050471.2359343,2493.88671875,199.3,7.7,308
1791050471.4366505,2493.88671875,199.3,8.3,308
1791050471.6374495,2493.88671875,199.2,7.5,308
1791050471.838212,2493.88671875,204.2,7.1,308
1791050472.0389402,2493.88671875,199.3,7.5,308
1791050472.2396083,2493.88671875,199.3,8.1,308
1791050472.4404,2493.88671875,199.2,7.2,308
1791050472.6411345,2493.88671875,199.2,7.0,308
1791050472.841908,2493.88671875,199.2,8.1,308
1791050473.0426867,2493.88671875,204.2,11.9,308
1791050473.243523,2493.88671875,199.2,11.7,308
1791050473.444293,2493.88671875,199.2,14.0,308
1791050473.6450815,2493.88671875,199.2,13.1,308
1791050473.8458138,2493.88671875,199.3,8.5,308
1791050474.046467,2493.88671875,199.3,11.6,308
1791050474.2472358,2493.88671875,204.2,9.5,308
1791050474.4479418,2493.88671875,199.3,7.4,308
1791050474.6486647,2493.88671875,199.3,8.6,308
1791050474.8494284,2493.88671875,199.2,9.0,308
1791050475.050194,2493.88671875,204.2,8.9,308
1791050475.2509282,2493.88671875,204.3,7.5,308
1791050475.4516501,2493.88671875,199.3,9.8,308
1791050475.652372,2493.88671875,199.3,8.3,308
1791050475.8530507,2493.88671875,199.3,7.3,308
1791050476.0536811,2493.88671875,199.4,6.6,308
1791050476.2543178,2493.88671875,199.4,6.7,308
1791050476.4549453,2493.88671875,204.3,5.4,308
1791050476.6556516,2493.88671875,199.3,5.6,308
1791050476.856344,2493.88671875,199.3,5.2,308
1791050477.0569916,2493.88671875,199.4,5.1,308
1791050477.2576246,2493.88671875,199.4,5.2,308
1791050477.4582703,2493.88671875,199.4,8.2,308
1791050477.658891,2493.88671875,204.4,6.2,308
1791050477.859551,2493.88671875,199.3,9.4,308
1791050478.0602975,2493.88671875,199.3,6.7,308
1791050478.2609751,2493.88671875,199.3,6.7,308
1791050478.46167,2523.88671875,388.6,8.7,308
1791050478.662439,2493.38671875,199.3,6.2,308
1791050478.8631551,2493.38671875,388.6,7.8,308
1791050479.0638125,2493.38671875,199.4,5.9,308
1791050479.2644749,2493.38671875,199.3,8.5,308
1791050479.4651659,2493.38671875,199.3,5.8,308
1791050479.6658168,2493.38671875,204.3,6.0,308
1791050479.8665185,2493.38671875,199.3,6.2,308
1791050480.0671692,2493.38671875,199.4,6.8,308
1791050480.2677984,2493.38671875,204.4,5.9,308
1791050480.4684358,2493.38671875,199.4,6.0,308
1791050480.6690657,2493.38671875,199.4,6.0,308
1791050480.8696992,2493.38671875,199.4,7.6,308
1791050481.070333,2493.38671875,199.4,7.0,308
1791050481.270965,2493.38671875,204.3,6.3,308
1791050481.4716353,2493.38671875,199.3,7.0,308
1791050481.6723726,2493.38671875,199.3,6.4,308
1791050481.8730264,2493.38671875,199.3,6.6,308
1791050482.0736632,2493.38671875,199.4,6.1,308
1791050482.274323,2493.38671875,199.3,6.5,308
1791050482.474961,2493.38671875,199.4,6.0,308
1791050482.675603,2493.38671875,204.3,9.2,308
1791050482.8763819,2493.38671875,199.2,8.9,308
1791050483.077171,2493.38671875,199.2,10.1,308
1791050483.2779388,2493.38671875,199.3,9.3,308
1791050483.4786909,2493.38671875,199.3,9.0,308
1791050483.679421,2493.38671875,199.3,6.9,308
1791050483.8801134,2493.38671875,204.2,9.7,308
1791050484.0809808,2493.38671875,199.2,7.7,308
1791050484.2817156,2493.38671875,199.3,10.0,308
1791050484.4824638,2493.38671875,199.3,11.2,308
1791050484.683212,2493.38671875,204.2,7.3,308
1791050484.884075,2493.38671875,199.1,8.8,308
1791050485.0849202,2493.38671875,204.2,8.5,308
1791050485.2856772,2493.38671875,199.3,7.0,308
1791050485.4864035,2493.38671875,199.3,7.8,308
1791050485.6871612,2493.38671875,199.3,5.6,308
1791050485.8878436,2493.38671875,199.3,5.3,308
1791050486.088554,2493.38671875,199.3,6.3,308
1791050486.289301,2493.38671875,199.3,5.8,308
1791050486.489987,2493.38671875,204.3,7.0,308
1791050486.690673,2493.38671875,199.3,7.2,308
1791050486.8913603,2493.38671875,199.3,7.1,308
1791050487.0920374,2493.38671875,199.3,7.1,308
1791050487.292686,2493.38671875,199.4,7.0,308
1791050487.4933956,2493.38671875,199.3,6.7,308
1791050487.694072,2493.38671875,204.3,6.5,308
1791050487.8947535,2493.38671875,204.3,9.0,308
1791050488.0955176,2493.38671875,199.3,6.7,308
1791050488.2962284,2493.38671875,199.3,9.6,308
1791050488.4970028,2493.38671875,199.2,7.3,308
1791050488.6977372,2493.38671875,199.3,7.4,308
1791050488.8984287,2493.38671875,204.3,7.9,308
1791050489.0991058,2493.38671875,199.3,7.1,308
1791050489.2998,2493.38671875,199.3,6.9,308
1791050489.500486,2493.38671875,199.3,7.5,308
1791050489.7012067,2493.38671875,199.3,8.8,308
1791050489.9019704,2493.38671875,199.3,5.8,308
1791050490.102649,2493.38671875,199.3,5.8,308
1791050490.3033986,2493.38671875,204.3,5.4,308
1791050490.5040863,2493.38671875,199.3,5.3,308
1791050490.7047627,2493.38671875,199.3,5.3,308
1791050490.905467,2493.38671875,199.3,5.6,308
1791050491.1061447,2493.38671875,199.3,6.2,308
1791050491.306816,2493.38671875,204.3,9.0,308
1791050491.5075328,2493.38671875,199.3,6.0,308
1791050491.7082167,2493.38671875,199.3,6.2,308
1791050491.9089208,2493.38671875,199.3,6.0,308
1791050492.1096025,2493.38671875,199.3,6.0,308
1791050492.3102856,2493.38671875,199.3,5.8,308
1791050492.5110064,2493.38671875,204.3,5.4,308
1791050492.711791,2493.38671875,199.2,5.3,308
1791050492.9125211,2493.38671875,199.2,9.9,308
1791050493.1133344,2493.38671875,204.2,8.7,308
1791050493.3141544,2493.38671875,199.2,10.1,308
1791050493.5148826,2493.38671875,199.3,8.1,308
1791050493.7155635,2493.38671875,199.3,9.3,308
1791050493.9163291,2493.38671875,204.2,9.5,308
1791050494.1170754,2493.38671875,199.2,9.8,308
1791050494.3178294,2493.38671875,199.2,8.3,308
1791050494.51865,2493.38671875,199.2,8.6,308
1791050494.719472,2493.38671875,199.2,10.7,308
1791050494.9202542,2493.38671875,204.2,7.4,308
1791050495.1210036,2493.38671875,199.3,8.8,308
1791050495.321759,2493.38671875,199.3,8.0,308
1791050495.5224655,2493.38671875,199.3,9.8,308
1791050495.7232301,2493.38671875,199.2,7.1,308
1791050495.9239428,2493.38671875,204.3,6.5,308
1791050496.1246564,2493.38671875,199.3,6.7,308
1791050496.325403,2493.38671875,199.3,6.2,308
1791050496.5261197,2493.38671875,199.3,7.6,308
1791050496.7268682,2493.38671875,199.3,5.7,308
1791050496.927601,2493.38671875,199.3,5.8,308
1791050497.1283417,2493.38671875,204.2,5.2,308
1791050497.3290658,2493.38671875,199.3,7.8,308
1791050497.529838,2493.38671875,204.2,5.6,308
1791050497.7305725,2493.38671875,199.3,5.8,308
1791050497.9312894,2493.38671875,199.3,7.5,308
1791050498.1319897,2493.38671875,199.3,9.4,308
1791050498.332729,2493.38671875,199.3,7.4,308
1791050498.5334427,2493.38671875,204.3,7.2,308
1791050498.7341948,2493.38671875,199.3,7.1,308
1791050498.9349205,2493.38671875,199.3,7.0,308
1791050499.1356454,2493.38671875,199.3,7.5,308
1791050499.3363965,2493.38671875,199.2,6.9,308
1791050499.5373912,2493.38671875,199.0,6.4,308
1791050499.738417,2493.38671875,204.0,6.4,308
1791050499.9392853,2493.38671875,199.1,7.7,308
1791050500.1399946,2493.38671875,199.3,8.3,308
1791050500.3407161,2493.38671875,199.3,7.2,308
1791050500.5414064,2493.38671875,199.3,8.5,308
1791050500.742187,2493.38671875,204.2,7.0,308
1791050500.9429312,2493.38671875,199.3,7.0,308
1791050501.1436434,2493.38671875,199.3,6.8,308
1791050501.34437,2493.38671875,199.3,7.8,308
1791050501.5450833,2493.38671875,204.3,7.7,308
1791050501.7457635,2493.38671875,199.3,6.1,308
1791050501.946464,2493.38671875,199.3,6.0,308
1791050502.147169,2493.38671875,204.3,5.3,308
1791050502.3478825,2493.38671875,199.3,6.2,308
1791050502.5486133,2493.38671875,199.3,7.0,308
1791050502.7493732,2493.38671875,199.2,8.4,308
1791050502.950241,2493.38671875,199.2,9.7,308
1791050503.1509926,2493.38671875,199.2,9.6,308
1791050503.3518047,2493.38671875,204.2,10.1,308
1791050503.5524974,2493.38671875,199.3,9.3,308
1791050503.7532792,2493.38671875,199.2,11.4,308
1791050503.9540691,2493.38671875,199.2,9.1,308
1791050504.1548402,2493.38671875,199.3,7.3,308
1791050504.3555245,2493.38671875,199.3,8.4,308
1791050504.556273,2493.38671875,204.2,8.3,308
1791050504.7570312,2493.38671875,204.3,8.1,308
1791050504.9577541,2493.38671875,199.3,10.8,308
1791050505.1586134,2493.38671875,199.2,8.2,308
1791050505.3593528,2493.38671875,199.2,9.4,308
1791050505.5601392,2493.38671875,199.2,8.6,308
1791050505.7609081,2493.38671875,199.3,6.3,308
1791050505.9616077,2493.38671875,199.3,5.7,308
1791050506.162309,2493.38671875,204.3,5.3,308
1791050506.3630037,2493.38671875,199.3,5.5,308
1791050506.5637014,2493.38671875,199.3,5.7,308
1791050506.764392,2493.38671875,199.3,6.1,308
1791050506.9650817,2493.38671875,199.3,9.0,308
1791050507.1658232,2493.38671875,204.2,6.3,308
1791050507.3666503,2493.38671875,194.2,6.2,308
1791050507.567339,2493.38671875,209.3,6.2,308
1791050507.7679985,2493.38671875,199.3,6.7,308
1791050507.9689212,2493.38671875,199.1,6.9,308
1791050508.1698682,2493.38671875,199.1,6.9,308
1791050508.370802,2493.38671875,204.1,6.3,308
1791050508.5717275,2493.38671875,199.1,9.0,308
1791050508.7726452,2493.38671875,199.1,7.3,308
1791050508.973564,2493.38671875,199.1,7.2,308
1791050509.1744905,2493.38671875,199.1,8.2,308
1791050509.3752556,2493.38671875,204.2,8.3,308
1791050509.5759475,2493.38671875,199.3,7.7,308
1791050509.7766817,2493.38671875,199.3,6.5,308
1791050509.977373,2493.38671875,199.3,6.3,308
1791050510.1780841,2493.38671875,199.3,8.1,308
1791050510.3787591,2493.38671875,199.3,6.4,308
1791050510.579442,2493.38671875,204.3,5.4,308
1791050510.7802467,2493.38671875,199.2,5.4,308
1791050510.9809573,2493.38671875,199.3,6.4,308
1791050511.1816576,2493.38671875,199.3,5.5,308
1791050511.382365,2493.38671875,199.3,7.2,308
1791050511.5830574,2493.38671875,204.3,6.6,308
1791050511.7837374,2493.38671875,199.3,8.8,308
1791050511.9845097,2493.38671875,199.3,9.7,308
1791050512.1852033,2493.38671875,199.3,7.2,308
1791050512.385921,2493.38671875,199.3,7.3,308
1791050512.5866132,2493.38671875,199.3,7.1,308
1791050512.7873003,2493.38671875,204.3,6.4,308
1791050512.987987,2493.38671875,204.3,9.7,308
1791050513.188752,2493.38671875,199.2,9.6,308
1791050513.389517,2493.38671875,199.2,9.6,308
1791050513.5902882,2493.38671875,199.2,9.7,308
1791050513.7910655,2493.38671875,199.2,12.7,308
1791050513.9918299,2493.38671875,204.2,10.4,308
1791050514.1926577,2493.38671875,199.2,8.7,308
1791050514.3933406,2493.38671875,199.3,10.0,308
1791050514.5942447,2493.38671875,199.1,8.9,308
1791050514.7951272,2493.38671875,199.1,7.3,308
1791050514.9960217,2493.38671875,199.1,8.5,308
1791050515.1968203,2493.38671875,204.2,7.8,308
1791050515.3975701,2493.38671875,199.3,7.6,308
1791050515.5982492,2493.38671875,199.3,5.8,308
1791050515.7988913,2493.38671875,199.4,5.6,308
1791050515.9995258,2493.38671875,199.4,6.6,308
1791050516.200198,2493.38671875,199.3,8.0,308
1791050516.4009166,2493.38671875,204.3,6.6,308
1791050516.6015987,2493.38671875,204.3,6.3,308
1791050516.8023255,2493.38671875,199.3,6.3,308
1791050517.002967,2493.38671875,199.4,7.7,308
1791050517.2036076,2493.38671875,199.4,5.9,308
1791050517.4042683,2493.38671875,199.3,5.5,308
1791050517.604901,2493.38671875,199.4,5.4,308
1791050517.8055644,2493.38671875,199.3,6.0,308
1791050518.0062346,2493.38671875,204.3,6.8,308
1791050518.2070048,2493.38671875,199.3,9.3,308
1791050518.4077115,2493.38671875,199.3,7.7,308
1791050518.608362,2492.88671875,383.7,8.5,308
1791050518.8090656,2492.88671875,199.3,8.6,308
1791050519.0097108,2492.88671875,428.6,9.0,308
1791050519.2104049,2492.88671875,199.3,6.9,308
1791050519.4110618,2492.88671875,199.4,6.3,308
1791050519.6117048,2492.88671875,199.4,5.8,308
1791050519.8123767,2492.88671875,199.3,5.5,308
1791050520.0131564,2492.88671875,199.2,5.6,308
1791050520.213936,2492.88671875,204.2,5.5,308
1791050520.414714,2492.88671875,199.2,8.4,308
1791050520.615488,2492.88671875,199.2,6.7,308
1791050520.8162403,2492.88671875,199.3,6.3,308
1791050521.0169566,2492.88671875,199.3,6.4,308
1791050521.2177103,2492.88671875,204.2,6.5,308
1791050521.4184964,2492.88671875,199.2,7.0,308
1791050521.619241,2492.88671875,199.2,5.9,308
1791050521.8199677,2492.88671875,204.3,5.2,308
1791050522.0206316,2492.88671875,199.4,5.0,308
1791050522.2212977,2492.88671875,199.3,7.6,308
1791050522.4219398,2492.88671875,199.4,6.2,308
1791050522.6225874,2492.88671875,199.4,6.8,308
1791050522.8232355,2492.88671875,204.3,8.2,308
1791050523.0239196,2492.88671875,199.3,10.6,308
1791050523.2246842,2492.88671875,199.3,9.5,308
1791050523.425384,2492.88671875,199.3,9.4,308
1791050523.6261444,2492.88671875,199.2,8.9,308
1791050523.8268719,2492.88671875,204.3,8.8,308
1791050524.0275366,2492.88671875,199.3,10.0,308
1791050524.228326,2492.88671875,199.2,7.8,308
1791050524.429076,2492.88671875,199.3,7.0,308
1791050524.6297455,2492.88671875,199.3,8.6,308
1791050524.8305116,2492.88671875,199.2,9.4,308
1791050525.0312693,2492.88671875,199.3,10.2,308
1791050525.231987,2492.88671875,204.3,8.0,308
1791050525.432704,2492.88671875,199.3,9.4,308
1791050525.633401,2492.88671875,199.3,9.7,308
1791050525.8340392,2492.88671875,199.4,6.9,308
1791050526.0347033,2492.88671875,199.3,7.2,308
1791050526.2354016,2492.88671875,204.3,6.5,308
1791050526.4360714,2492.88671875,199.3,6.0,308
1791050526.636708,2492.88671875,199.4,6.0,308
1791050526.8373554,2492.88671875,199.3,5.9,308
1791050527.0380137,2492.88671875,199.4,5.9,308
1791050527.238642,2492.88671875,199.4,8.9,308
1791050527.4392705,2492.88671875,204.4,5.9,308
1791050527.6398969,2492.88671875,204.3,5.9,308
1791050527.8406103,2492.88671875,199.3,6.3,308
1791050528.0412257,2492.88671875,199.4,6.9,308
1791050528.241877,2492.88671875,199.3,6.7,308
1791050528.4425468,2492.88671875,199.3,6.9,308
1791050528.6433163,2492.88671875,199.2,4.5,308
1791050528.8440123,2492.88671875,204.3,4.4,308
1791050529.0446527,2492.88671875,199.4,6.6,308
1791050529.2452488,2492.88671875,199.4,4.5,308
1791050529.4458346,2492.88671875,199.4,4.8,308
1791050529.6465209,2492.88671875,199.3,5.1,308
1791050529.8472443,2492.88671875,199.3,4.4,308
1791050530.0479205,2492.88671875,199.3,4.4,308
1791050530.2485583,2492.88671875,199.4,4.3,308
1791050530.4492104,2492.88671875,204.3,5.4,308
1791050530.6498327,2492.88671875,199.4,4.6,308
1791050530.8504763,2492.88671875,199.3,5.5,308
1791050531.0511262,2492.88671875,204.3,3.7,308
1791050531.2517624,2492.88671875,199.4,3.5,308
1791050531.4524426,2492.88671875,199.3,4.4,308
1791050531.6530917,2492.88671875,199.4,3.9,308
1791050531.8537228,2492.88671875,199.4,5.0,308
1791050532.054399,2492.88671875,204.3,6.9,308
1791050532.2551694,2492.88671875,199.3,4.3,308
1791050532.4558651,2492.88671875,199.3,6.0,308
1791050532.6565652,2492.88671875,199.3,4.3,308
1791050532.857279,2492.88671875,199.3,9.5,308
1791050533.0580466,2492.88671875,199.3,7.5,308
1791050533.2587776,2492.88671875,199.3,7.3,308
1791050533.4595425,2492.88671875,204.2,6.4,308
1791050533.6604352,2492.88671875,199.2,5.7,308
1791050533.8611832,2492.88671875,204.2,7.7,308
1791050534.0619664,2492.88671875,199.2,13.3,308
1791050534.2627516,2492.88671875,199.2,9.8,308
1791050534.4635348,2492.88671875,199.2,7.6,308
1791050534.6643126,2492.88671875,199.2,5.4,308
1791050534.865067,2492.88671875,204.2,7.3,308
1791050535.065863,2492.88671875,199.2,7.6,308
1791050535.2666426,2492.88671875,199.2,4.7,308
1791050535.467386,2492.88671875,199.2,6.2,308
1791050535.6682773,2492.88671875,199.2,3.7,308
1791050535.8690135,2492.88671875,204.3,5.3,308
1791050536.0697322,2492.88671875,199.3,4.9,308
1791050536.270501,2492.88671875,199.2,5.8,308
1791050536.4712367,2492.88671875,199.2,5.8,308
1791050536.6720037,2492.88671875,199.2,5.8,308
1791050536.8727639,2492.88671875,199.3,5.4,308
1791050537.0734918,2492.88671875,199.3,4.6,308
1791050537.2742934,2492.88671875,209.2,5.1,308
1791050537.4750383,2492.88671875,199.3,5.4,308
1791050537.675752,2492.88671875,199.3,5.9,308
1791050537.8764997,2492.88671875,199.2,5.4,308
1791050538.0772903,2492.88671875,199.2,5.4,308
1791050538.2780719,2492.88671875,204.2,5.2,308
1791050538.4787686,2492.88671875,199.3,8.3,308
1791050538.6795442,2492.88671875,199.3,6.2,308
1791050538.8802466,2492.88671875,199.3,6.0,308
1791050539.080971,2492.88671875,199.3,6.2,308
1791050539.281729,2492.88671875,199.3,7.7,308
1791050539.4824626,2492.88671875,199.3,6.0,308
1791050539.6831746,2492.88671875,199.3,6.0,308
1791050539.883869,2492.88671875,204.3,4.4,308
1791050540.0845487,2492.88671875,199.3,3.7,308
1791050540.2852228,2492.88671875,199.3,4.7,308
1791050540.4858801,2492.88671875,199.3,4.0,308
1791050540.6865633,2492.88671875,199.3,4.2,308
1791050540.887192,2492.88671875,199.4,5.0,308
1791050541.087803,2492.88671875,209.3,5.7,308
1791050541.2884898,2492.88671875,199.3,4.6,308
1791050541.4891994,2492.88671875,199.3,5.5,308
1791050541.689882,2492.88671875,199.3,5.0,308
1791050541.8905218,2492.88671875,199.4,5.1,308
1791050542.0911822,2492.88671875,199.3,3.9,308
1791050542.2918189,2492.88671875,199.3,3.6,308
1791050542.492651,2492.88671875,204.1,3.9,308
1791050542.693415,2492.88671875,199.2,6.0,308
1791050542.8941667,2492.88671875,199.2,8.5,308
1791050543.0949466,2492.88671875,199.2,8.5,308
1791050543.295726,2492.88671875,199.2,8.5,308
1791050543.4965005,2492.88671875,199.2,8.1,308
1791050543.6972885,2492.88671875,204.2,7.9,308
1791050543.8980222,2499.11328125,383.6,9.5,308
1791050544.098755,2499.11328125,199.3,6.4,308
1791050544.2994363,2499.11328125,388.6,8.9,308
1791050544.500222,2499.11328125,199.2,8.2,308
1791050544.7009661,2499.11328125,199.3,5.1,308
1791050544.9016414,2499.11328125,204.3,6.4,308
1791050545.1024294,2499.11328125,199.2,6.4,308
1791050545.3032217,2499.11328125,199.3,5.5,308
1791050545.503912,2499.11328125,199.3,7.1,308
1791050545.704706,2499.11328125,199.3,4.6,308
1791050545.9053986,2499.11328125,199.3,4.3,308
1791050546.1060836,2499.11328125,204.3,5.8,308
1791050546.3068128,2499.11328125,199.3,4.6,308
1791050546.5075555,2499.11328125,199.3,4.8,308
1791050546.7082884,2499.11328125,199.3,3.8,308
1791050546.9090152,2499.11328125,199.3,4.1,308
1791050547.109869,2499.11328125,204.1,4.0,308
1791050547.3106825,2499.11328125,199.2,3.7,308
1791050547.5114305,2499.11328125,199.3,4.6,308
1791050547.7121716,2499.11328125,204.3,4.6,308
1791050547.9128852,2499.11328125,199.3,7.3,308
1791050548.1136248,2499.11328125,199.3,5.3,308
1791050548.3143728,2499.11328125,204.2,9.2,308
1791050548.5151389,2499.11328125,199.3,5.9,308
1791050548.7157805,2499.11328125,199.4,5.9,308
1791050548.916423,2499.11328125,199.4,4.6,308
1791050549.1170743,2499.11328125,199.4,4.6,308
1791050549.3177097,2499.11328125,199.4,4.9,308
1791050549.5183468,2499.11328125,199.4,5.4,308
1791050549.7189825,2499.11328125,204.3,5.6,308
1791050549.919724,2499.11328125,199.3,5.8,308
1791050550.1203766,2499.11328125,199.4,6.3,308
1791050550.3209903,2499.11328125,199.4,6.2,308
1791050550.5216143,2499.11328125,199.3,6.5,308
1791050550.7223203,2499.11328125,199.3,5.5,308
1791050550.9229734,2499.11328125,204.3,5.7,308
1791050551.1236088,2499.11328125,199.4,4.6,308
1791050551.3242853,2499.11328125,199.3,5.7,308
1791050551.5249066,2499.11328125,199.4,5.3,308
1791050551.7255416,2499.11328125,199.4,4.8,308
1791050551.9261854,2499.11328125,204.3,4.6,308
1791050552.1268034,2499.11328125,199.4,5.6,308
1791050552.3274055,2499.11328125,199.4,5.2,308
1791050552.52801,2499.11328125,204.4,5.2,308
1791050552.7286224,2499.11328125,199.3,5.4,308
1791050552.92945,2499.11328125,199.2,10.3,308
1791050553.1301987,2499.11328125,199.2,8.8,308
1791050553.3309567,2499.11328125,199.2,7.7,308
1791050553.5317357,2499.11328125,199.2,6.9,308
1791050553.732647,2499.11328125,204.1,6.7,308
1791050553.9334245,2499.11328125,199.2,7.0,308
1791050554.134179,2499.11328125,199.3,5.1,308
1791050554.334834,2499.11328125,199.3,7.7,308
1791050554.5355291,2499.11328125,199.3,7.3,308
1791050554.7362916,2499.11328125,199.2,8.8,308
1791050554.9370596,2499.11328125,204.2,7.2,308
1791050555.1379206,2499.11328125,204.2,5.3,308
1791050555.3385549,2499.11328125,199.4,6.3,308
1791050555.539208,2499.11328125,199.3,7.0,308
1791050555.7399354,2499.11328125,199.3,3.6,308
1791050555.9405916,2499.11328125,199.4,3.8,308
1791050556.1412673,2499.11328125,199.3,4.6,308
1791050556.341966,2499.11328125,204.3,3.6,308
1791050556.5426357,2499.11328125,199.3,5.8,308
1791050556.743313,2499.11328125,199.3,6.9,308
1791050556.9440546,2499.11328125,199.3,7.1,308
1791050557.1447804,2499.11328125,199.3,4.4,308
1791050557.3454368,2499.11328125,199.3,4.4,308
1791050557.5460873,2499.11328125,199.4,4.4,308
1791050557.7467182,2499.11328125,204.4,4.9,308
1791050557.9473872,2499.11328125,199.3,4.6,308
1791050558.148064,2499.11328125,199.3,5.9,308
1791050558.3486948,2499.11328125,199.3,6.7,308
1791050558.5494115,2499.11328125,199.3,4.8,308
1791050558.7500541,2499.11328125,204.3,4.8,308
1791050558.9506955,2499.11328125,199.4,5.5,308
1791050559.1513314,2499.11328125,199.4,5.3,308
1791050559.3520057,2499.11328125,199.4,5.1,308
1791050559.5526454,2499.11328125,199.3,4.6,308
1791050559.7533872,2499.11328125,199.3,6.2,308
1791050559.9540734,2499.11328125,199.3,4.9,308
1791050560.154745,2499.11328125,199.3,4.0,308
1791050560.3553982,2499.11328125,204.3,3.7,308
1791050560.5560613,2499.11328125,199.3,4.0,308
1791050560.7566993,2499.11328125,199.4,3.8,308
1791050560.957346,2499.11328125,204.3,4.2,308
1791050561.1579978,2499.11328125,199.3,4.9,308
1791050561.3586748,2499.11328125,204.3,6.5,308
1791050561.5594015,2499.11328125,199.3,7.2,308
1791050561.7600563,2499.11328125,199.3,4.4,308
1791050561.960716,2499.11328125,199.3,5.8,308
1791050562.1613848,2499.11328125,199.3,6.6,308
1791050562.3620284,2499.11328125,204.4,5.7,308
1791050562.5626857,2499.11328125,199.3,5.5,308
1791050562.7634118,2499.11328125,199.3,6.0,308
1791050562.9642818,2499.11328125,199.1,11.6,308
1791050563.1650586,2499.11328125,199.2,10.0,308
1791050563.3658042,2499.11328125,199.3,12.5,308
1791050563.5664876,2499.11328125,199.3,10.1,308
1791050563.767212,2499.11328125,204.3,11.0,308
1791050563.9679165,2499.11328125,199.3,11.2,308
1791050564.1686037,2499.11328125,199.3,9.2,308
1791050564.3692436,2499.11328125,199.4,10.2,308
1791050564.5699246,2499.11328125,199.3,9.5,308
1791050564.770673,2499.11328125,199.2,7.1,308
1791050564.9714353,2499.11328125,204.2,10.4,308
1791050565.1721787,2499.11328125,199.2,8.7,308
1791050565.3729227,2499.11328125,199.3,6.2,308
1791050565.5735939,2499.11328125,199.3,8.2,308
1791050565.7743764,2499.11328125,199.3,6.0,308
1791050565.975082,2499.11328125,199.3,8.3,308
1791050566.175798,2499.11328125,209.3,6.0,308
1791050566.3764496,2499.11328125,199.3,5.9,308
1791050566.577108,2499.11328125,199.3,6.4,308
1791050566.7778184,2499.11328125,199.3,9.0,308
1791050566.9784725,2499.11328125,199.4,5.3,308
1791050567.1791155,2499.11328125,199.4,5.3,308
1791050567.3797433,2499.11328125,199.4,5.2,308
1791050567.5803804,2499.11328125,204.4,5.4,308
1791050567.781034,2499.11328125,199.4,6.2,308
1791050567.9816039,2499.11328125,199.4,6.7,308
1791050568.182248,2499.11328125,199.4,6.9,308
1791050568.3828619,2499.11328125,199.4,8.1,308
1791050568.5834875,2499.11328125,199.4,7.0,308
1791050568.7841282,2499.11328125,199.4,6.8,308
1791050568.984747,2499.11328125,204.4,7.3,308
1791050569.1853826,2499.11328125,199.4,6.4,308
1791050569.3860178,2499.11328125,199.4,6.2,308
1791050569.5866623,2499.11328125,199.4,5.7,308
1791050569.7873354,2499.11328125,199.3,5.1,308
1791050569.9879706,2499.11328125,199.4,3.8,308
1791050570.1886182,2499.11328125,199.4,5.8,308
1791050570.3892848,2499.11328125,204.3,5.0,308
1791050570.5900137,2499.11328125,199.2,4.7,308
1791050570.7908494,2499.11328125,199.2,4.6,308
1791050570.9915528,2499.11328125,199.3,4.5,308
1791050571.19229,2499.11328125,199.3,4.9,308
1791050571.3929734,2499.11328125,209.2,5.1,308
1791050571.5937998,2499.11328125,199.2,5.3,308
1791050571.794579,2499.11328125,199.2,7.9,308
1791050571.9953485,2499.11328125,199.3,4.1,308
1791050572.1960182,2499.11328125,199.3,3.8,308
1791050572.396704,2499.11328125,199.3,4.4,308
1791050572.597388,2499.11328125,199.3,4.6,308
1791050572.7980587,2499.11328125,204.3,4.7,308
1791050572.9987278,2499.11328125,199.3,7.9,308
1791050573.1994658,2499.11328125,199.3,8.0,308
1791050573.4002063,2499.11328125,199.2,8.3,308
1791050573.6009748,2499.11328125,199.2,10.1,308
1791050573.8017356,2499.11328125,199.2,7.1,308
1791050574.0025,2499.11328125,204.2,7.3,308
1791050574.2032566,2499.11328125,199.3,5.3,308
1791050574.4039361,2499.11328125,199.3,7.0,308
1791050574.604714,2499.11328125,199.3,7.1,308
1791050574.805459,2499.11328125,199.2,6.1,308
1791050575.0062616,2499.11328125,199.2,8.8,308
1791050575.2070076,2499.11328125,204.3,8.0,308
1791050575.4076672,2499.11328125,199.3,6.1,308
1791050575.6083152,2499.11328125,204.3,7.5,308
1791050575.809046,2499.11328125,199.3,5.5,308
1791050576.009673,2499.11328125,199.4,4.5,308
1791050576.210336,2499.11328125,199.3,4.6,308
1791050576.4109688,2499.11328125,204.4,4.6,308
1791050576.611613,2499.11328125,199.3,4.7,308
1791050576.8123052,2499.11328125,199.3,5.2,308
1791050577.0129447,2499.11328125,199.4,8.9,308
1791050577.21361,2499.11328125,199.3,6.4,308
1791050577.414235,2499.11328125,199.4,6.3,308
1791050577.614922,2499.11328125,204.2,8.9,308
1791050577.815645,2499.11328125,199.3,7.5,308
1791050578.0163376,2499.11328125,199.3,6.6,308
1791050578.216994,2499.11328125,199.3,5.5,308
1791050578.417632,2499.11328125,199.3,4.9,308
1791050578.6183758,2499.11328125,199.3,6.0,308
1791050578.819064,2499.11328125,204.3,4.6,308
1791050579.019697,2499.11328125,199.4,4.7,308
1791050579.22035,2499.11328125,199.3,5.0,308
1791050579.4209807,2499.11328125,199.4,5.2,308
1791050579.6216173,2499.11328125,199.3,7.5,308
1791050579.8223548,2499.11328125,199.3,4.6,308
1791050580.0229917,2499.11328125,199.4,4.4,308
1791050580.223619,2499.11328125,199.4,5.0,308
1791050580.424257,2499.11328125,209.3,5.8,308
1791050580.6249294,2499.11328125,199.3,4.2,308
1791050580.8255773,2499.11328125,199.4,3.7,308
1791050581.0262115,2499.11328125,199.4,3.7,308
1791050581.2268553,2499.11328125,199.4,4.0,308
1791050581.4274943,2499.11328125,199.3,5.0,308
1791050581.628236,2499.11328125,199.3,5.6,308
1791050581.8289626,2499.11328125,204.3,4.6,308
1791050582.0296123,2499.11328125,199.4,4.5,308
1791050582.230245,2499.11328125,199.4,6.0,308
1791050582.430923,2499.11328125,199.3,7.3,308
1791050582.6316657,2499.11328125,199.3,4.6,308
1791050582.8323324,2499.11328125,199.3,6.5,308
1791050583.033054,2499.11328125,204.3,7.5,308
1791050583.2337902,2499.11328125,199.3,7.9,308
1791050583.4345496,2499.11328125,199.2,7.4,308
1791050583.6353223,2499.11328125,199.2,10.4,308
1791050583.8361175,2530.11328125,388.5,11.4,308
1791050584.036873,2492.4140625,199.3,7.8,308
