pair,pid,token_index,cosine
R0_vs_O3r,A001,0,0.8735134511424013
R0_vs_O3r,A001,1,0.9956646639722221
R0_vs_O3r,A001,2,0.9984568362420531
R0_vs_O3r,A001,3,0.9991734883342482
R0_vs_O3r,A001,4,0.9993155279333208
R0_vs_O3r,A001,5,0.9985493701685135
R0_vs_O3r,A001,6,0.9992494570309554
R0_vs_O3r,A001,7,0.9992082126022919
R0_vs_O3r,A001,8,0.9989327708261162
R0_vs_O3r,A001,9,0.9986887478723249
R0_vs_O3r,A001,10,0.9983608244045966
R0_vs_O3r,A001,11,0.9978704137475521
R0_vs_O3r,A001,12,0.9980456695654282
R0_vs_O3r,A001,13,0.9989430816721716
R0_vs_O3r,A001,14,0.9982230211970092
R0_vs_O3r,A001,15,0.998611603687617
R0_vs_O3r,A002,0,0.8735134511424013
R0_vs_O3r,A002,1,0.9956646639722221
R0_vs_O3r,A002,2,0.9984568362420531
R0_vs_O3r,A002,3,0.9991734883342482
R0_vs_O3r,A002,4,0.9990874230124918
R0_vs_O3r,A002,5,0.9992044837847545
R0_vs_O3r,A002,6,0.9989763947252439
R0_vs_O3r,A002,7,0.999216540278517
R0_vs_O3r,A002,8,0.9990826647334249
R0_vs_O3r,A002,9,0.9987971634888111
R0_vs_O3r,A002,10,0.998710899483499
R0_vs_O3r,A002,11,0.9983458607967985
R0_vs_O3r,A002,12,0.997671912135851
R0_vs_O3r,A002,13,0.9981247335215582
R0_vs_O3r,A002,14,0.9988780125683842
R0_vs_O3r,A002,15,0.9977931577948933
R0_vs_O3r,A002,16,0.9989596479183955
R0_vs_O3r,A003,0,0.8735134511424013
R0_vs_O3r,A003,1,0.9956646639722221
R0_vs_O3r,A003,2,0.9984568362420531
R0_vs_O3r,A003,3,0.9991734883342482
R0_vs_O3r,A003,4,0.998673073666846
R0_vs_O3r,A003,5,0.9990581246275984
R0_vs_O3r,A003,6,0.9992373733916284
R0_vs_O3r,A003,7,0.9992303909989675
R0_vs_O3r,A003,8,0.9991383170074593
R0_vs_O3r,A003,9,0.9987026556935494
R0_vs_O3r,A003,10,0.9986049347206505
R0_vs_O3r,A003,11,0.9979047245312297
R0_vs_O3r,A003,12,0.9979144553249318
R0_vs_O3r,A003,13,0.9988044518723123
R0_vs_O3r,A003,14,0.9980418292022815
R0_vs_O3r,A003,15,0.9987037926027368
R0_vs_O3r,A004,0,0.8735134511424013
R0_vs_O3r,A004,1,0.9956646639722221
R0_vs_O3r,A004,2,0.9984568362420531
R0_vs_O3r,A004,3,0.9991734887834294
R0_vs_O3r,A004,4,0.9989910592966196
R0_vs_O3r,A004,5,0.9991013676293898
R0_vs_O3r,A004,6,0.9992068307971602
R0_vs_O3r,A004,7,0.9990217329217964
R0_vs_O3r,A004,8,0.9988793958308553
R0_vs_O3r,A004,9,0.9991987639563565
R0_vs_O3r,A004,10,0.9991377591906322
R0_vs_O3r,A004,11,0.9987887649035654
R0_vs_O3r,A004,12,0.9983271735323515
R0_vs_O3r,A004,13,0.9975921087259714
R0_vs_O3r,A004,14,0.9980837059133909
R0_vs_O3r,A004,15,0.998103263113338
R0_vs_O3r,A004,16,0.9978761588401731
R0_vs_O3r,A004,17,0.9987821768379619
R0_vs_O3r,A005,0,0.8735134511424013
R0_vs_O3r,A005,1,0.9956646639722221
R0_vs_O3r,A005,2,0.9984568362420531
R0_vs_O3r,A005,3,0.9991734887834294
R0_vs_O3r,A005,4,0.9993584776125634
R0_vs_O3r,A005,5,0.999299027011516
R0_vs_O3r,A005,6,0.9989225005277733
R0_vs_O3r,A005,7,0.9992574055810522
R0_vs_O3r,A005,8,0.9992175060067605
R0_vs_O3r,A005,9,0.9990374033764083
R0_vs_O3r,A005,10,0.9990136926296853
R0_vs_O3r,A005,11,0.9989660824370235
R0_vs_O3r,A005,12,0.99850883594238
R0_vs_O3r,A005,13,0.997652435373351
R0_vs_O3r,A005,14,0.9981870590429873
R0_vs_O3r,A005,15,0.9985987684545419
R0_vs_O3r,A005,16,0.9971763064839216
R0_vs_O3r,A005,17,0.9985240125220497
R0_vs_O3r,A006,0,0.8350525061167009
R0_vs_O3r,A006,1,0.9959947582357435
R0_vs_O3r,A006,2,0.9985074809535434
R0_vs_O3r,A006,3,0.9991361432253808
R0_vs_O3r,A006,4,0.9991013578919855
R0_vs_O3r,A006,5,0.998693456741428
R0_vs_O3r,A006,6,0.9990604233088787
R0_vs_O3r,A006,7,0.9990893513798463
R0_vs_O3r,A006,8,0.9983927707587384
R0_vs_O3r,A006,9,0.9990429900887505
R0_vs_O3r,A006,10,0.9988683671368535
R0_vs_O3r,A006,11,0.9988678069142436
R0_vs_O3r,A006,12,0.998574584750443
R0_vs_O3r,A006,13,0.9984530095204618
R0_vs_O3r,A006,14,0.9976097123801551
R0_vs_O3r,A006,15,0.9980208179830008
R0_vs_O3r,A006,16,0.9986978132338132
R0_vs_O3r,A006,17,0.9978014738017429
R0_vs_O3r,A006,18,0.9981784425832125
R0_vs_O3r,A007,0,0.8735134511424013
R0_vs_O3r,A007,1,0.9956646639722221
R0_vs_O3r,A007,2,0.9984568362420531
R0_vs_O3r,A007,3,0.9991734883342482
R0_vs_O3r,A007,4,0.9994423901678392
R0_vs_O3r,A007,5,0.9983175697118385
R0_vs_O3r,A007,6,0.9987953345564092
R0_vs_O3r,A007,7,0.9986462526886325
R0_vs_O3r,A007,8,0.9988475407042381
R0_vs_O3r,A007,9,0.9988101286238147
R0_vs_O3r,A007,10,0.9985727451679749
R0_vs_O3r,A007,11,0.9973182464429271
R0_vs_O3r,A007,12,0.9980177828306384
R0_vs_O3r,A007,13,0.9981420983922779
R0_vs_O3r,A007,14,0.9977034604452539
R0_vs_O3r,A007,15,0.9985822015155088
R0_vs_O3r,A008,0,0.8735134511424013
R0_vs_O3r,A008,1,0.9956646639722221
R0_vs_O3r,A008,2,0.9984568362420531
R0_vs_O3r,A008,3,0.9991734883342482
R0_vs_O3r,A008,4,0.9992831322838946
R0_vs_O3r,A008,5,0.9991320241255113
R0_vs_O3r,A008,6,0.9987198715291105
R0_vs_O3r,A008,7,0.9990416131806155
R0_vs_O3r,A008,8,0.9993677944917608
R0_vs_O3r,A008,9,0.9987772159931728
R0_vs_O3r,A008,10,0.9984044035084024
R0_vs_O3r,A008,11,0.9985030163698679
R0_vs_O3r,A008,12,0.9978592623474608
R0_vs_O3r,A008,13,0.9986064331159379
R0_vs_O3r,A008,14,0.9987339029621326
R0_vs_O3r,A008,15,0.9982743425825558
R0_vs_O3r,A008,16,0.9985492991784837
R0_vs_O3r,A009,0,0.8350525061167009
R0_vs_O3r,A009,1,0.9959947582357435
R0_vs_O3r,A009,2,0.9985074809535434
R0_vs_O3r,A009,3,0.9991361432253808
R0_vs_O3r,A009,4,0.9993208666963405
R0_vs_O3r,A009,5,0.9988922611273932
R0_vs_O3r,A009,6,0.9991183737412923
R0_vs_O3r,A009,7,0.9991000691615233
R0_vs_O3r,A009,8,0.9992095275764329
R0_vs_O3r,A009,9,0.9989577447391607
R0_vs_O3r,A009,10,0.999276788696888
R0_vs_O3r,A009,11,0.9993622497948306
R0_vs_O3r,A009,12,0.9988290571144687
R0_vs_O3r,A009,13,0.9985366856791942
R0_vs_O3r,A009,14,0.9976453688865083
R0_vs_O3r,A009,15,0.9979907113608489
R0_vs_O3r,A009,16,0.9988365347182209
R0_vs_O3r,A009,17,0.9975184136905898
R0_vs_O3r,A009,18,0.9985214213287531
R0_vs_O3r,A010,0,0.8735134511424013
R0_vs_O3r,A010,1,0.9956646639722221
R0_vs_O3r,A010,2,0.9984568362420531
R0_vs_O3r,A010,3,0.9991734883342482
R0_vs_O3r,A010,4,0.9993261948543398
R0_vs_O3r,A010,5,0.9993609728862637
R0_vs_O3r,A010,6,0.9993099530102207
R0_vs_O3r,A010,7,0.9990383220534526
R0_vs_O3r,A010,8,0.9992271466102349
R0_vs_O3r,A010,9,0.9988967658355087
R0_vs_O3r,A010,10,0.9988249951909399
R0_vs_O3r,A010,11,0.9985166380762881
R0_vs_O3r,A010,12,0.9980201096974143
R0_vs_O3r,A010,13,0.9980300930299156
R0_vs_O3r,A010,14,0.998661107543385
R0_vs_O3r,A010,15,0.9979666608543771
R0_vs_O3r,A010,16,0.9984932424996299
R0_vs_O3r,A011,0,0.8350525061167009
R0_vs_O3r,A011,1,0.9959947582357435
R0_vs_O3r,A011,2,0.9985074809535434
R0_vs_O3r,A011,3,0.9991361432253808
R0_vs_O3r,A011,4,0.9991019998804397
R0_vs_O3r,A011,5,0.998742631488905
R0_vs_O3r,A011,6,0.9989979058126399
R0_vs_O3r,A011,7,0.9992662647934802
R0_vs_O3r,A011,8,0.9989335679620157
R0_vs_O3r,A011,9,0.9986260624228728
R0_vs_O3r,A011,10,0.9988421111257539
R0_vs_O3r,A011,11,0.9985954537131285
R0_vs_O3r,A011,12,0.9985549130984278
R0_vs_O3r,A011,13,0.9980034211810208
R0_vs_O3r,A011,14,0.9984655555920762
R0_vs_O3r,A011,15,0.9986198141737512
R0_vs_O3r,A011,16,0.9987103521897618
R0_vs_O3r,A011,17,0.9990405116231268
R0_vs_O3r,A011,18,0.998713190456443
R0_vs_O3r,A011,19,0.9991019924964325
R0_vs_O3r,A011,20,0.9987580409049495
R0_vs_O3r,A011,21,0.9988052234174394
R0_vs_O3r,A011,22,0.9984003938195487
R0_vs_O3r,A011,23,0.9972081384845648
R0_vs_O3r,A011,24,0.9977542356816013
R0_vs_O3r,A011,25,0.998906235504252
R0_vs_O3r,A011,26,0.9976528775879058
R0_vs_O3r,A011,27,0.9981972519250109
R0_vs_O3r,A012,0,0.8350525061167009
R0_vs_O3r,A012,1,0.9959947582357435
R0_vs_O3r,A012,2,0.9985074809535434
R0_vs_O3r,A012,3,0.9991361432253808
R0_vs_O3r,A012,4,0.999021520868725
R0_vs_O3r,A012,5,0.9988564822263483
R0_vs_O3r,A012,6,0.9991533350222334
R0_vs_O3r,A012,7,0.9988923988956768
R0_vs_O3r,A012,8,0.9992750902361848
R0_vs_O3r,A012,9,0.9993261353321694
R0_vs_O3r,A012,10,0.998921552575372
R0_vs_O3r,A012,11,0.9989336905569628
R0_vs_O3r,A012,12,0.9986764988507937
R0_vs_O3r,A012,13,0.9983479878148583
R0_vs_O3r,A012,14,0.9986606833204511
R0_vs_O3r,A012,15,0.9987259403903082
R0_vs_O3r,A012,16,0.9987007581421425
R0_vs_O3r,A012,17,0.9986598056987624
R0_vs_O3r,A012,18,0.9988613446233926
R0_vs_O3r,A012,19,0.999040928244373
R0_vs_O3r,A012,20,0.9982140188576638
R0_vs_O3r,A012,21,0.9983143807198743
R0_vs_O3r,A012,22,0.9973629141430831
R0_vs_O3r,A012,23,0.9984853886069741
R0_vs_O3r,A012,24,0.9985739978067781
R0_vs_O3r,A012,25,0.9972716992524973
R0_vs_O3r,A012,26,0.9989539257017767
R0_vs_O3r,A013,0,0.8350525061167009
R0_vs_O3r,A013,1,0.9959947582357435
R0_vs_O3r,A013,2,0.9985074809535434
R0_vs_O3r,A013,3,0.9991361432253808
R0_vs_O3r,A013,4,0.9991594193486854
R0_vs_O3r,A013,5,0.9988195684155837
R0_vs_O3r,A013,6,0.9986127687610126
R0_vs_O3r,A013,7,0.9989992652341217
R0_vs_O3r,A013,8,0.9988042756472985
R0_vs_O3r,A013,9,0.9985899754787936
R0_vs_O3r,A013,10,0.9991503557806698
R0_vs_O3r,A013,11,0.9985461869130271
R0_vs_O3r,A013,12,0.9987862537424871
R0_vs_O3r,A013,13,0.9992002639200628
R0_vs_O3r,A013,14,0.9986362166728165
R0_vs_O3r,A013,15,0.9986420498064169
R0_vs_O3r,A013,16,0.9985417040772572
R0_vs_O3r,A013,17,0.9984134823603984
R0_vs_O3r,A013,18,0.9976056034350199
R0_vs_O3r,A013,19,0.9980526857305148
R0_vs_O3r,A013,20,0.9986894760268399
R0_vs_O3r,A013,21,0.9974953641094801
R0_vs_O3r,A013,22,0.9986486440104301
R0_vs_O3r,A014,0,0.8350525061167009
R0_vs_O3r,A014,1,0.9959947582357435
R0_vs_O3r,A014,2,0.9985074809535434
R0_vs_O3r,A014,3,0.9991361432253808
R0_vs_O3r,A014,4,0.9991988767100802
R0_vs_O3r,A014,5,0.9987187327233306
R0_vs_O3r,A014,6,0.9988946164727733
R0_vs_O3r,A014,7,0.9988602367945415
R0_vs_O3r,A014,8,0.9990066475590134
R0_vs_O3r,A014,9,0.9991979277656288
R0_vs_O3r,A014,10,0.9986026318372917
R0_vs_O3r,A014,11,0.998883895720313
R0_vs_O3r,A014,12,0.9990961204626503
R0_vs_O3r,A014,13,0.9990822849862405
R0_vs_O3r,A014,14,0.9993002226728261
R0_vs_O3r,A014,15,0.998880328613326
R0_vs_O3r,A014,16,0.9986289083340757
R0_vs_O3r,A014,17,0.9986620270154707
R0_vs_O3r,A014,18,0.9986686040783133
R0_vs_O3r,A014,19,0.9985651529978371
R0_vs_O3r,A014,20,0.9975209415732931
R0_vs_O3r,A014,21,0.9977468729422647
R0_vs_O3r,A014,22,0.9986040019925445
R0_vs_O3r,A014,23,0.9974846955177834
R0_vs_O3r,A014,24,0.9989907820443796
R0_vs_O3r,A015,0,0.8350525061167009
R0_vs_O3r,A015,1,0.9959947582357435
R0_vs_O3r,A015,2,0.9985074809535434
R0_vs_O3r,A015,3,0.9991361432253808
R0_vs_O3r,A015,4,0.9992644467722168
R0_vs_O3r,A015,5,0.9989654328102593
R0_vs_O3r,A015,6,0.99921892924584
R0_vs_O3r,A015,7,0.9994386063908888
R0_vs_O3r,A015,8,0.998841498491721
R0_vs_O3r,A015,9,0.9986009728905887
R0_vs_O3r,A015,10,0.9985220443569794
R0_vs_O3r,A015,11,0.997581017403028
R0_vs_O3r,A015,12,0.9989380955323176
R0_vs_O3r,A015,13,0.9987900847521385
R0_vs_O3r,A015,14,0.9985297823744392
R0_vs_O3r,A015,15,0.9987129099164067
R0_vs_O3r,A015,16,0.9985747876405824
R0_vs_O3r,A015,17,0.998508206636145
R0_vs_O3r,A015,18,0.9977171775435544
R0_vs_O3r,A015,19,0.997684388637174
R0_vs_O3r,A015,20,0.9981294328902519
R0_vs_O3r,A015,21,0.9975105218524998
R0_vs_O3r,A015,22,0.9987616004750853
R0_vs_O3r,A016,0,0.8350525061167009
R0_vs_O3r,A016,1,0.9959947582357435
R0_vs_O3r,A016,2,0.9985074809535434
R0_vs_O3r,A016,3,0.9991361432253808
R0_vs_O3r,A016,4,0.9982922125905784
R0_vs_O3r,A016,5,0.9988975672956598
R0_vs_O3r,A016,6,0.9987108975819878
R0_vs_O3r,A016,7,0.9990205651770058
R0_vs_O3r,A016,8,0.9988535561688935
R0_vs_O3r,A016,9,0.9988773252258568
R0_vs_O3r,A016,10,0.9983761903487599
R0_vs_O3r,A016,11,0.9981106402634483
R0_vs_O3r,A016,12,0.9981896264254028
R0_vs_O3r,A016,13,0.9989267943226356
R0_vs_O3r,A016,14,0.9983114203034734
R0_vs_O3r,A016,15,0.9990887984735254
R0_vs_O3r,A016,16,0.9988312564267039
R0_vs_O3r,A016,17,0.9988220103225062
R0_vs_O3r,A016,18,0.9985333396502032
R0_vs_O3r,A016,19,0.9984441791416528
R0_vs_O3r,A016,20,0.9975990316826093
R0_vs_O3r,A016,21,0.9982382905588388
R0_vs_O3r,A016,22,0.9987586068691824
R0_vs_O3r,A016,23,0.9967608838504007
R0_vs_O3r,A016,24,0.9986080330199504
R0_vs_O3r,A017,0,0.8350525061167009
R0_vs_O3r,A017,1,0.9959947582357435
R0_vs_O3r,A017,2,0.9985074809535434
R0_vs_O3r,A017,3,0.9991361432253808
R0_vs_O3r,A017,4,0.9993151065311305
R0_vs_O3r,A017,5,0.999173562143737
R0_vs_O3r,A017,6,0.9991801860059869
R0_vs_O3r,A017,7,0.9991866693365895
R0_vs_O3r,A017,8,0.9991632597443889
R0_vs_O3r,A017,9,0.9989472395849369
R0_vs_O3r,A017,10,0.9988569505344944
R0_vs_O3r,A017,11,0.998919564009181
R0_vs_O3r,A017,12,0.9987226123056533
R0_vs_O3r,A017,13,0.9988222340335124
R0_vs_O3r,A017,14,0.9989055299709119
R0_vs_O3r,A017,15,0.998391718213118
R0_vs_O3r,A017,16,0.9984373947057511
R0_vs_O3r,A017,17,0.9975295951148303
R0_vs_O3r,A017,18,0.998087977783475
R0_vs_O3r,A017,19,0.9989830203468615
R0_vs_O3r,A017,20,0.997360209822704
R0_vs_O3r,A017,21,0.9990185465907294
R0_vs_O3r,A018,0,0.8350525061167009
R0_vs_O3r,A018,1,0.9959947582357435
R0_vs_O3r,A018,2,0.9985074809535434
R0_vs_O3r,A018,3,0.9991361432253808
R0_vs_O3r,A018,4,0.9988996597509333
R0_vs_O3r,A018,5,0.9982797211335154
R0_vs_O3r,A018,6,0.998975447046412
R0_vs_O3r,A018,7,0.9992757859664634
R0_vs_O3r,A018,8,0.9990442385710804
R0_vs_O3r,A018,9,0.998866217935753
R0_vs_O3r,A018,10,0.9984482462363786
R0_vs_O3r,A018,11,0.9982920289749524
R0_vs_O3r,A018,12,0.9980575376079859
R0_vs_O3r,A018,13,0.99890684306926
R0_vs_O3r,A018,14,0.9984568676845561
R0_vs_O3r,A018,15,0.9982875250453319
R0_vs_O3r,A018,16,0.9975794889876723
R0_vs_O3r,A018,17,0.9981287547866271
R0_vs_O3r,A018,18,0.9980855501695103
R0_vs_O3r,A018,19,0.9974855483936357
R0_vs_O3r,A018,20,0.9989764257187618
R0_vs_O3r,A019,0,0.8350525061167009
R0_vs_O3r,A019,1,0.9959947582357435
R0_vs_O3r,A019,2,0.9985074809535434
R0_vs_O3r,A019,3,0.9991361432253808
R0_vs_O3r,A019,4,0.9992731250659735
R0_vs_O3r,A019,5,0.9983683926732779
R0_vs_O3r,A019,6,0.9990990222686806
R0_vs_O3r,A019,7,0.9994578647709577
R0_vs_O3r,A019,8,0.9987574225954217
R0_vs_O3r,A019,9,0.9984778196313397
R0_vs_O3r,A019,10,0.9988859488296061
R0_vs_O3r,A019,11,0.9979250919487337
R0_vs_O3r,A019,12,0.9990650016944171
R0_vs_O3r,A019,13,0.9983068138514379
R0_vs_O3r,A019,14,0.9985526378123623
R0_vs_O3r,A019,15,0.9979614501690809
R0_vs_O3r,A019,16,0.9987591062870417
R0_vs_O3r,A019,17,0.9981054664348323
R0_vs_O3r,A019,18,0.9985283767768418
R0_vs_O3r,A019,19,0.9972599885926552
R0_vs_O3r,A019,20,0.9980735157823406
R0_vs_O3r,A019,21,0.9989198020476723
R0_vs_O3r,A019,22,0.9978721549437707
R0_vs_O3r,A019,23,0.9989613943451376
R0_vs_O3r,A020,0,0.8350525061167009
R0_vs_O3r,A020,1,0.9959947582357435
R0_vs_O3r,A020,2,0.9985074809535434
R0_vs_O3r,A020,3,0.9991361432253808
R0_vs_O3r,A020,4,0.9993165760356952
R0_vs_O3r,A020,5,0.998626314641657
R0_vs_O3r,A020,6,0.9990297780209187
R0_vs_O3r,A020,7,0.9991752647460296
R0_vs_O3r,A020,8,0.9984871433507723
R0_vs_O3r,A020,9,0.9988458118188182
R0_vs_O3r,A020,10,0.9988102817607754
R0_vs_O3r,A020,11,0.9990106804736595
R0_vs_O3r,A020,12,0.9983712015637972
R0_vs_O3r,A020,13,0.998324793104908
R0_vs_O3r,A020,14,0.9983705896471143
R0_vs_O3r,A020,15,0.9987344621764298
R0_vs_O3r,A020,16,0.9987694988641235
R0_vs_O3r,A020,17,0.9987034971268993
R0_vs_O3r,A020,18,0.99865087095794
R0_vs_O3r,A020,19,0.9984358272103816
R0_vs_O3r,A020,20,0.9976777766203869
R0_vs_O3r,A020,21,0.9978955951308649
R0_vs_O3r,A020,22,0.998590459874065
R0_vs_O3r,A020,23,0.9978470079428228
R0_vs_O3r,A020,24,0.9987484332357517
R0_vs_O3r,A021,0,0.8350525061167009
R0_vs_O3r,A021,1,0.9959947582357435
R0_vs_O3r,A021,2,0.9985074809535434
R0_vs_O3r,A021,3,0.9991361432253808
R0_vs_O3r,A021,4,0.9992959662009113
R0_vs_O3r,A021,5,0.9988311815974894
R0_vs_O3r,A021,6,0.9983206557277324
R0_vs_O3r,A021,7,0.9993313841821702
R0_vs_O3r,A021,8,0.9992246073843082
R0_vs_O3r,A021,9,0.9987810199456646
R0_vs_O3r,A021,10,0.9992812793827116
R0_vs_O3r,A021,11,0.999258393020417
R0_vs_O3r,A021,12,0.9989494404695726
R0_vs_O3r,A021,13,0.9984663285908767
R0_vs_O3r,A021,14,0.9988586995555259
R0_vs_O3r,A021,15,0.9986254570471655
R0_vs_O3r,A021,16,0.998771717692079
R0_vs_O3r,A021,17,0.9989078015561448
R0_vs_O3r,A021,18,0.9988771681497239
R0_vs_O3r,A021,19,0.9987784649481765
R0_vs_O3r,A021,20,0.998663609062439
R0_vs_O3r,A021,21,0.9984649608699007
R0_vs_O3r,A021,22,0.996917541405441
R0_vs_O3r,A021,23,0.9977246339477863
R0_vs_O3r,A021,24,0.9985595122196077
R0_vs_O3r,A021,25,0.9980801441904903
R0_vs_O3r,A021,26,0.9985236778427937
R0_vs_O3r,A022,0,0.8350525061167009
R0_vs_O3r,A022,1,0.9959947582357435
R0_vs_O3r,A022,2,0.9985074809535434
R0_vs_O3r,A022,3,0.9991361432253808
R0_vs_O3r,A022,4,0.9991065831169105
R0_vs_O3r,A022,5,0.9985408437809191
R0_vs_O3r,A022,6,0.9988011586693578
R0_vs_O3r,A022,7,0.9990074299462343
R0_vs_O3r,A022,8,0.9993112538632282
R0_vs_O3r,A022,9,0.9991258344737036
R0_vs_O3r,A022,10,0.9977676389172918
R0_vs_O3r,A022,11,0.9986063253671036
R0_vs_O3r,A022,12,0.9986346426158718
R0_vs_O3r,A022,13,0.9987896314859465
R0_vs_O3r,A022,14,0.9987710477257217
R0_vs_O3r,A022,15,0.9982937481288259
R0_vs_O3r,A022,16,0.9989361843830471
R0_vs_O3r,A022,17,0.9984512459607542
R0_vs_O3r,A022,18,0.9984663588859173
R0_vs_O3r,A022,19,0.997728856928746
R0_vs_O3r,A022,20,0.9981981224550349
R0_vs_O3r,A022,21,0.9987849311342814
R0_vs_O3r,A022,22,0.9978103616524991
R0_vs_O3r,A022,23,0.9979599369243491
R0_vs_O3r,A023,0,0.8350525061167009
R0_vs_O3r,A023,1,0.9959947582357435
R0_vs_O3r,A023,2,0.9985074809535434
R0_vs_O3r,A023,3,0.9991361432253808
R0_vs_O3r,A023,4,0.9989866374286487
R0_vs_O3r,A023,5,0.9991504938023261
R0_vs_O3r,A023,6,0.9993404247823179
R0_vs_O3r,A023,7,0.9986763083566499
R0_vs_O3r,A023,8,0.9987768561242619
R0_vs_O3r,A023,9,0.9989719740336392
R0_vs_O3r,A023,10,0.9989841575032203
R0_vs_O3r,A023,11,0.9987200271380166
R0_vs_O3r,A023,12,0.9985002104646122
R0_vs_O3r,A023,13,0.9980402220582657
R0_vs_O3r,A023,14,0.9982354254596184
R0_vs_O3r,A023,15,0.9986070447104026
R0_vs_O3r,A023,16,0.9975757673255683
R0_vs_O3r,A023,17,0.9985035036193235
R0_vs_O3r,A023,18,0.9984706691476148
R0_vs_O3r,A023,19,0.9977092742612973
R0_vs_O3r,A023,20,0.9987315915572111
R0_vs_O3r,A024,0,0.8350525061167009
R0_vs_O3r,A024,1,0.9959947582357435
R0_vs_O3r,A024,2,0.9985074809535434
R0_vs_O3r,A024,3,0.9991361432253808
R0_vs_O3r,A024,4,0.9988485476117803
R0_vs_O3r,A024,5,0.9994492841995526
R0_vs_O3r,A024,6,0.9990002827201827
R0_vs_O3r,A024,7,0.9995050035453354
R0_vs_O3r,A024,8,0.9992190077416868
R0_vs_O3r,A024,9,0.9990550536803854
R0_vs_O3r,A024,10,0.9985087177096986
R0_vs_O3r,A024,11,0.9992027199480524
R0_vs_O3r,A024,12,0.9992977212618525
R0_vs_O3r,A024,13,0.999084548877089
R0_vs_O3r,A024,14,0.9991232225168382
R0_vs_O3r,A024,15,0.9985953748060582
R0_vs_O3r,A024,16,0.9989488110529241
R0_vs_O3r,A024,17,0.9989497557913326
R0_vs_O3r,A024,18,0.9990576085568484
R0_vs_O3r,A024,19,0.9989802119824254
R0_vs_O3r,A024,20,0.9985335623659051
R0_vs_O3r,A024,21,0.998589038359114
R0_vs_O3r,A024,22,0.9975226234798312
R0_vs_O3r,A024,23,0.9978515720734416
R0_vs_O3r,A024,24,0.9985825746873827
R0_vs_O3r,A024,25,0.9977098477690752
R0_vs_O3r,A024,26,0.9988309133080021
R0_vs_O3r,A025,0,0.8350525061167009
R0_vs_O3r,A025,1,0.9959947582357435
R0_vs_O3r,A025,2,0.9985074809535434
R0_vs_O3r,A025,3,0.9991361432253808
R0_vs_O3r,A025,4,0.9991051240847661
R0_vs_O3r,A025,5,0.9989812273173742
R0_vs_O3r,A025,6,0.9991145648388575
R0_vs_O3r,A025,7,0.9992625358258923
R0_vs_O3r,A025,8,0.9989499125582961
R0_vs_O3r,A025,9,0.9986903257104198
R0_vs_O3r,A025,10,0.9986091479336313
R0_vs_O3r,A025,11,0.9982993667092097
R0_vs_O3r,A025,12,0.9981588103040834
R0_vs_O3r,A025,13,0.9988689542466124
R0_vs_O3r,A025,14,0.9990431093623732
R0_vs_O3r,A025,15,0.9982199357404514
R0_vs_O3r,A025,16,0.9984527659278347
R0_vs_O3r,A025,17,0.9977541825565414
R0_vs_O3r,A025,18,0.9983622868260958
R0_vs_O3r,A025,19,0.9988413136363851
R0_vs_O3r,A025,20,0.9972650666175047
R0_vs_O3r,A025,21,0.9986615758744436
R0_vs_O3r,A026,0,0.8350525061167009
R0_vs_O3r,A026,1,0.9959947582357435
R0_vs_O3r,A026,2,0.9985074809535434
R0_vs_O3r,A026,3,0.9991361432253808
R0_vs_O3r,A026,4,0.9991222033869352
R0_vs_O3r,A026,5,0.9987142165871424
R0_vs_O3r,A026,6,0.9991657294168302
R0_vs_O3r,A026,7,0.9982550207847416
R0_vs_O3r,A026,8,0.998871923256229
R0_vs_O3r,A026,9,0.9989946549891471
R0_vs_O3r,A026,10,0.9988237091418769
R0_vs_O3r,A026,11,0.9988162966163431
R0_vs_O3r,A026,12,0.9991592038934074
R0_vs_O3r,A026,13,0.9989118945010016
R0_vs_O3r,A026,14,0.9986654272671217
R0_vs_O3r,A026,15,0.9988757648059471
R0_vs_O3r,A026,16,0.9990077678828329
R0_vs_O3r,A026,17,0.9985842687966937
R0_vs_O3r,A026,18,0.9977461939694
R0_vs_O3r,A026,19,0.9982907771136547
R0_vs_O3r,A026,20,0.9984748588569333
R0_vs_O3r,A026,21,0.9973254963442082
R0_vs_O3r,A026,22,0.9990776371611891
R0_vs_O3r,A027,0,0.8350525061167009
R0_vs_O3r,A027,1,0.9959947582357435
R0_vs_O3r,A027,2,0.9985074809535434
R0_vs_O3r,A027,3,0.9991800901974849
R0_vs_O3r,A027,4,0.9991717783751839
R0_vs_O3r,A027,5,0.9994605368474596
R0_vs_O3r,A027,6,0.9994530926614014
R0_vs_O3r,A027,7,0.9988542205448122
R0_vs_O3r,A027,8,0.999280644446298
R0_vs_O3r,A027,9,0.998904499178432
R0_vs_O3r,A027,10,0.9984402242857868
R0_vs_O3r,A027,11,0.9989820728249602
R0_vs_O3r,A027,12,0.998793870477655
R0_vs_O3r,A027,13,0.9988806937816835
R0_vs_O3r,A027,14,0.9990419268673845
R0_vs_O3r,A027,15,0.9977778988131938
R0_vs_O3r,A027,16,0.9989074486212497
R0_vs_O3r,A027,17,0.998713674909666
R0_vs_O3r,A027,18,0.9987635070942132
R0_vs_O3r,A027,19,0.9975553756293913
R0_vs_O3r,A027,20,0.998441663238654
R0_vs_O3r,A027,21,0.9988427792131648
R0_vs_O3r,A027,22,0.9978142726096093
R0_vs_O3r,A027,23,0.9989380517492157
R0_vs_O3r,A028,0,0.8350525061167009
R0_vs_O3r,A028,1,0.9959947582357435
R0_vs_O3r,A028,2,0.9985074809535434
R0_vs_O3r,A028,3,0.9991361432253808
R0_vs_O3r,A028,4,0.9991746690489256
R0_vs_O3r,A028,5,0.9975330246446609
R0_vs_O3r,A028,6,0.9987840316702696
R0_vs_O3r,A028,7,0.999118251465576
R0_vs_O3r,A028,8,0.9989973919648627
R0_vs_O3r,A028,9,0.9988890636375388
R0_vs_O3r,A028,10,0.9993138075518304
R0_vs_O3r,A028,11,0.9986276558953998
R0_vs_O3r,A028,12,0.9989445307391143
R0_vs_O3r,A028,13,0.9988752898070864
R0_vs_O3r,A028,14,0.998925423932634
R0_vs_O3r,A028,15,0.9984302305598421
R0_vs_O3r,A028,16,0.9973801539032272
R0_vs_O3r,A028,17,0.998202287111008
R0_vs_O3r,A028,18,0.9984052761590703
R0_vs_O3r,A028,19,0.9975496195942426
R0_vs_O3r,A028,20,0.9987396002000123
R0_vs_O3r,A029,0,0.8350525061167009
R0_vs_O3r,A029,1,0.9959947582357435
R0_vs_O3r,A029,2,0.9985074809535434
R0_vs_O3r,A029,3,0.9991361432253808
R0_vs_O3r,A029,4,0.9989189318271594
R0_vs_O3r,A029,5,0.9992200868097435
R0_vs_O3r,A029,6,0.998245931267991
R0_vs_O3r,A029,7,0.9991638914481898
R0_vs_O3r,A029,8,0.9989460310494975
R0_vs_O3r,A029,9,0.9988254041391524
R0_vs_O3r,A029,10,0.9992055789029484
R0_vs_O3r,A029,11,0.9988383379544918
R0_vs_O3r,A029,12,0.9985343843461666
R0_vs_O3r,A029,13,0.9988406131589346
R0_vs_O3r,A029,14,0.998772583312013
R0_vs_O3r,A029,15,0.9988838255525261
R0_vs_O3r,A029,16,0.9981404403947461
R0_vs_O3r,A029,17,0.9986206576920853
R0_vs_O3r,A029,18,0.9986232062909903
R0_vs_O3r,A029,19,0.997251064054517
R0_vs_O3r,A029,20,0.9979606628990596
R0_vs_O3r,A029,21,0.9984310603641636
R0_vs_O3r,A029,22,0.9977181110042082
R0_vs_O3r,A029,23,0.9990013342930206
R0_vs_O3r,A030,0,0.8350525061167009
R0_vs_O3r,A030,1,0.9959947582357435
R0_vs_O3r,A030,2,0.9985074809535434
R0_vs_O3r,A030,3,0.9991361432253808
R0_vs_O3r,A030,4,0.9990527740758005
R0_vs_O3r,A030,5,0.9991809616846989
R0_vs_O3r,A030,6,0.999168372358606
R0_vs_O3r,A030,7,0.9992140215839878
R0_vs_O3r,A030,8,0.9985627856718671
R0_vs_O3r,A030,9,0.9992912631660651
R0_vs_O3r,A030,10,0.9990828693573433
R0_vs_O3r,A030,11,0.9985703692060265
R0_vs_O3r,A030,12,0.9991954063917751
R0_vs_O3r,A030,13,0.9989844903459103
R0_vs_O3r,A030,14,0.9985528552383632
R0_vs_O3r,A030,15,0.9981107413115188
R0_vs_O3r,A030,16,0.9976612793664771
R0_vs_O3r,A030,17,0.9983944079680723
R0_vs_O3r,A030,18,0.9982678499159702
R0_vs_O3r,A030,19,0.9976318723080949
R0_vs_O3r,A030,20,0.9985317507461179
R0_vs_O3r,A031,0,0.8350525061167009
R0_vs_O3r,A031,1,0.9959947582357435
R0_vs_O3r,A031,2,0.9985074809535434
R0_vs_O3r,A031,3,0.9989688701524798
R0_vs_O3r,A031,4,0.9989118664058294
R0_vs_O3r,A031,5,0.9989158155461758
R0_vs_O3r,A031,6,0.9990820841771229
R0_vs_O3r,A031,7,0.9983549057135627
R0_vs_O3r,A031,8,0.9990698692121065
R0_vs_O3r,A031,9,0.9988747395678474
R0_vs_O3r,A031,10,0.9983390341233963
R0_vs_O3r,A031,11,0.9986676838257701
R0_vs_O3r,A031,12,0.998555663536602
R0_vs_O3r,A031,13,0.998357815947914
R0_vs_O3r,A031,14,0.9974774526404471
R0_vs_O3r,A031,15,0.9982328507881183
R0_vs_O3r,A031,16,0.9980993837454967
R0_vs_O3r,A031,17,0.9980878151453871
R0_vs_O3r,A031,18,0.9988608810431573
R0_vs_O3r,A032,0,0.8735134511424013
R0_vs_O3r,A032,1,0.9956646639722221
R0_vs_O3r,A032,2,0.9984568362420531
R0_vs_O3r,A032,3,0.9992585888313894
R0_vs_O3r,A032,4,0.9991586292038327
R0_vs_O3r,A032,5,0.9988557081091735
R0_vs_O3r,A032,6,0.9986721392141878
R0_vs_O3r,A032,7,0.9986624567381465
R0_vs_O3r,A032,8,0.9990670998254285
R0_vs_O3r,A032,9,0.9990538022538867
R0_vs_O3r,A032,10,0.9987091438812804
R0_vs_O3r,A032,11,0.9985298828384646
R0_vs_O3r,A032,12,0.9978919979695469
R0_vs_O3r,A032,13,0.9978631499807924
R0_vs_O3r,A032,14,0.9984724129340217
R0_vs_O3r,A032,15,0.9980960252475396
R0_vs_O3r,A032,16,0.9985955749865137
R0_vs_O3r,A033,0,0.8350525061167009
R0_vs_O3r,A033,1,0.9959947582357435
R0_vs_O3r,A033,2,0.9985074809535434
R0_vs_O3r,A033,3,0.9992689380577824
R0_vs_O3r,A033,4,0.999031094502623
R0_vs_O3r,A033,5,0.9992054867921948
R0_vs_O3r,A033,6,0.9985103910220369
R0_vs_O3r,A033,7,0.9990328450225066
R0_vs_O3r,A033,8,0.9986852654622019
R0_vs_O3r,A033,9,0.9987232927108682
R0_vs_O3r,A033,10,0.9991088477294454
R0_vs_O3r,A033,11,0.99855729881129
R0_vs_O3r,A033,12,0.9989666623716186
R0_vs_O3r,A033,13,0.9992079755697635
R0_vs_O3r,A033,14,0.9987641961022455
R0_vs_O3r,A033,15,0.9983622622804281
R0_vs_O3r,A033,16,0.9983565037445122
R0_vs_O3r,A033,17,0.9974475412115975
R0_vs_O3r,A033,18,0.9981207485126902
R0_vs_O3r,A033,19,0.9984712538543903
R0_vs_O3r,A033,20,0.9977341104881743
R0_vs_O3r,A033,21,0.9987370202201269
R0_vs_O3r,A034,0,0.8735134511424013
R0_vs_O3r,A034,1,0.9956646639722221
R0_vs_O3r,A034,2,0.9984568362420531
R0_vs_O3r,A034,3,0.9992227537269078
R0_vs_O3r,A034,4,0.9990340793702633
R0_vs_O3r,A034,5,0.9991143961711063
R0_vs_O3r,A034,6,0.9988946732551222
R0_vs_O3r,A034,7,0.9992089386017471
R0_vs_O3r,A034,8,0.9992660746775346
R0_vs_O3r,A034,9,0.9989506758493912
R0_vs_O3r,A034,10,0.9976711652975135
R0_vs_O3r,A034,11,0.9987664844900875
R0_vs_O3r,A034,12,0.9986465482115533
R0_vs_O3r,A034,13,0.997787500082689
R0_vs_O3r,A034,14,0.9985105756145227
R0_vs_O3r,A034,15,0.9975245248334915
R0_vs_O3r,A034,16,0.9975439857548487
R0_vs_O3r,A034,17,0.9987808185198924
R0_vs_O3r,A035,0,0.8735134511424013
R0_vs_O3r,A035,1,0.9956646639722221
R0_vs_O3r,A035,2,0.9984568362420531
R0_vs_O3r,A035,3,0.9992738996221783
R0_vs_O3r,A035,4,0.9990848647605349
R0_vs_O3r,A035,5,0.9991718695767983
R0_vs_O3r,A035,6,0.9990184592181565
R0_vs_O3r,A035,7,0.9989682118195534
R0_vs_O3r,A035,8,0.9985905715864474
R0_vs_O3r,A035,9,0.9982947648517977
R0_vs_O3r,A035,10,0.9987295913419093
R0_vs_O3r,A035,11,0.997763186601559
R0_vs_O3r,A035,12,0.9976361090347685
R0_vs_O3r,A035,13,0.9984242640486214
R0_vs_O3r,A035,14,0.997724683843667
R0_vs_O3r,A035,15,0.9986848836807971
R0_vs_O3r,A036,0,0.8735134511424013
R0_vs_O3r,A036,1,0.9956646639722221
R0_vs_O3r,A036,2,0.9984568362420531
R0_vs_O3r,A036,3,0.9993769456235362
R0_vs_O3r,A036,4,0.9990343928409229
R0_vs_O3r,A036,5,0.9992690646915916
R0_vs_O3r,A036,6,0.99911293781061
R0_vs_O3r,A036,7,0.9989844069785131
R0_vs_O3r,A036,8,0.9990610032910875
R0_vs_O3r,A036,9,0.9991448825635958
R0_vs_O3r,A036,10,0.9993341122772685
R0_vs_O3r,A036,11,0.9986244751033723
R0_vs_O3r,A036,12,0.9984426511446878
R0_vs_O3r,A036,13,0.997694489504357
R0_vs_O3r,A036,14,0.9980073398087056
R0_vs_O3r,A036,15,0.9974361427681792
R0_vs_O3r,A036,16,0.9980145726601416
R0_vs_O3r,A036,17,0.9982956224420844
R0_vs_O3r,A037,0,0.8735134511424013
R0_vs_O3r,A037,1,0.9956646639722221
R0_vs_O3r,A037,2,0.9984568362420531
R0_vs_O3r,A037,3,0.9987799544618682
R0_vs_O3r,A037,4,0.9988435729462494
R0_vs_O3r,A037,5,0.9991098952848199
R0_vs_O3r,A037,6,0.9990582195324941
R0_vs_O3r,A037,7,0.9989873330643373
R0_vs_O3r,A037,8,0.9990419117678155
R0_vs_O3r,A037,9,0.9991646735634598
R0_vs_O3r,A037,10,0.9983405970035785
R0_vs_O3r,A037,11,0.9982670020696963
R0_vs_O3r,A037,12,0.9985470378766271
R0_vs_O3r,A037,13,0.9978376948386961
R0_vs_O3r,A037,14,0.9971472114535151
R0_vs_O3r,A037,15,0.9974361650888927
R0_vs_O3r,A037,16,0.9977509112463211
R0_vs_O3r,A037,17,0.9987154854310085
R0_vs_O3r,A038,0,0.8735134511424013
R0_vs_O3r,A038,1,0.9956646639722221
R0_vs_O3r,A038,2,0.9984568362420531
R0_vs_O3r,A038,3,0.9991893476594643
R0_vs_O3r,A038,4,0.99923208494067
R0_vs_O3r,A038,5,0.9987866567099187
R0_vs_O3r,A038,6,0.9989150205735365
R0_vs_O3r,A038,7,0.9993034987554453
R0_vs_O3r,A038,8,0.9988158797307731
R0_vs_O3r,A038,9,0.9990259032665315
R0_vs_O3r,A038,10,0.9988059403479707
R0_vs_O3r,A038,11,0.9985277992890117
R0_vs_O3r,A038,12,0.9984712831503058
R0_vs_O3r,A038,13,0.9977682622324983
R0_vs_O3r,A038,14,0.998318813266245
R0_vs_O3r,A038,15,0.9987792657849828
R0_vs_O3r,A038,16,0.9982724922115503
R0_vs_O3r,A038,17,0.9987610158606475
R0_vs_O3r,A039,0,0.8350525061167009
R0_vs_O3r,A039,1,0.9959947582357435
R0_vs_O3r,A039,2,0.9985074809535434
R0_vs_O3r,A039,3,0.9990129757325937
R0_vs_O3r,A039,4,0.9992231839322948
R0_vs_O3r,A039,5,0.9987244831089582
R0_vs_O3r,A039,6,0.9989861063482731
R0_vs_O3r,A039,7,0.9988733559900524
R0_vs_O3r,A039,8,0.9991358893643967
R0_vs_O3r,A039,9,0.998584700858009
R0_vs_O3r,A039,10,0.9988399342602527
R0_vs_O3r,A039,11,0.999115135379783
R0_vs_O3r,A039,12,0.9994962104824697
R0_vs_O3r,A039,13,0.9989146362843709
R0_vs_O3r,A039,14,0.9982265077953135
R0_vs_O3r,A039,15,0.9977680413364368
R0_vs_O3r,A039,16,0.9978812174441376
R0_vs_O3r,A039,17,0.9984555218091696
R0_vs_O3r,A039,18,0.9974959708267364
R0_vs_O3r,A039,19,0.9986009940992665
R0_vs_O3r,A040,0,0.8735134511424013
R0_vs_O3r,A040,1,0.9956646639722221
R0_vs_O3r,A040,2,0.9984568362420531
R0_vs_O3r,A040,3,0.999006388820587
R0_vs_O3r,A040,4,0.9992118940885812
R0_vs_O3r,A040,5,0.9985215437657865
R0_vs_O3r,A040,6,0.9987081916634564
R0_vs_O3r,A040,7,0.9988314350890058
R0_vs_O3r,A040,8,0.9987770592456495
R0_vs_O3r,A040,9,0.9989816553289699
R0_vs_O3r,A040,10,0.9979493947356876
R0_vs_O3r,A040,11,0.9986446852984249
R0_vs_O3r,A040,12,0.9985422710100386
R0_vs_O3r,A040,13,0.9978592307270694
R0_vs_O3r,A040,14,0.9984322366137311
R0_vs_O3r,A040,15,0.9967042496882639
R0_vs_O3r,A040,16,0.9981219096907264
R0_vs_O3r,A040,17,0.9989605876221787
R0_vs_O3r,A041,0,0.8350525061167009
R0_vs_O3r,A041,1,0.9959947582357435
R0_vs_O3r,A041,2,0.9985074809535434
R0_vs_O3r,A041,3,0.9991361432253808
R0_vs_O3r,A041,4,0.9991839926384755
R0_vs_O3r,A041,5,0.9989132823453889
R0_vs_O3r,A041,6,0.9990802558309976
R0_vs_O3r,A041,7,0.9990686903916338
R0_vs_O3r,A041,8,0.9990816938648746
R0_vs_O3r,A041,9,0.9988266636305704
R0_vs_O3r,A041,10,0.9989528662236861
R0_vs_O3r,A041,11,0.9984008608099232
R0_vs_O3r,A041,12,0.9992831634565501
R0_vs_O3r,A041,13,0.9987532729744212
R0_vs_O3r,A041,14,0.9988663736521748
R0_vs_O3r,A041,15,0.9991480885002612
R0_vs_O3r,A041,16,0.9992104251195942
R0_vs_O3r,A041,17,0.9987391594161255
R0_vs_O3r,A041,18,0.998811918508314
R0_vs_O3r,A041,19,0.9978200537949161
R0_vs_O3r,A041,20,0.9971799092270068
R0_vs_O3r,A041,21,0.997942313901942
R0_vs_O3r,A041,22,0.9987322778526918
R0_vs_O3r,A041,23,0.9982295470851495
R0_vs_O3r,A041,24,0.9981734662082244
R0_vs_O3r,A042,0,0.8350525061167009
R0_vs_O3r,A042,1,0.9959947582357435
R0_vs_O3r,A042,2,0.9985074809535434
R0_vs_O3r,A042,3,0.99901027592424
R0_vs_O3r,A042,4,0.999270975825254
R0_vs_O3r,A042,5,0.9989615674903293
R0_vs_O3r,A042,6,0.9993384960593051
R0_vs_O3r,A042,7,0.9994072051254306
R0_vs_O3r,A042,8,0.9990706458301508
R0_vs_O3r,A042,9,0.998621732417933
R0_vs_O3r,A042,10,0.9983773005383665
R0_vs_O3r,A042,11,0.9990016852494802
R0_vs_O3r,A042,12,0.9985871494861592
R0_vs_O3r,A042,13,0.9988623278566069
R0_vs_O3r,A042,14,0.9992392579334417
R0_vs_O3r,A042,15,0.9985121650217472
R0_vs_O3r,A042,16,0.9983784000437264
R0_vs_O3r,A042,17,0.9975814034986724
R0_vs_O3r,A042,18,0.9981930554674527
R0_vs_O3r,A042,19,0.9986229104432258
R0_vs_O3r,A042,20,0.9980060535298839
R0_vs_O3r,A042,21,0.9984680073497395
R0_vs_O3r,A043,0,0.8350525061167009
R0_vs_O3r,A043,1,0.9959947582357435
R0_vs_O3r,A043,2,0.9985074809535434
R0_vs_O3r,A043,3,0.9991361432253808
R0_vs_O3r,A043,4,0.9989707142014519
R0_vs_O3r,A043,5,0.9993693243128151
R0_vs_O3r,A043,6,0.9991469926733897
R0_vs_O3r,A043,7,0.9990283628050255
R0_vs_O3r,A043,8,0.9990405468702165
R0_vs_O3r,A043,9,0.9989696724548414
R0_vs_O3r,A043,10,0.9988246508334275
R0_vs_O3r,A043,11,0.9991354303856285
R0_vs_O3r,A043,12,0.997975855256086
R0_vs_O3r,A043,13,0.9989916316310551
R0_vs_O3r,A043,14,0.9986934917362146
R0_vs_O3r,A043,15,0.9988106170978973
R0_vs_O3r,A043,16,0.9984970191347976
R0_vs_O3r,A043,17,0.998392460930687
R0_vs_O3r,A043,18,0.9972778539042867
R0_vs_O3r,A043,19,0.9980660938375292
R0_vs_O3r,A043,20,0.9983557845705582
R0_vs_O3r,A043,21,0.9968158415828351
R0_vs_O3r,A043,22,0.9986727970533704
R0_vs_O3r,A044,0,0.8735134511424013
R0_vs_O3r,A044,1,0.9956646639722221
R0_vs_O3r,A044,2,0.9984568362420531
R0_vs_O3r,A044,3,0.9992227537269078
R0_vs_O3r,A044,4,0.9992887386547779
R0_vs_O3r,A044,5,0.9988955782629757
R0_vs_O3r,A044,6,0.9990173560332786
R0_vs_O3r,A044,7,0.9991949682983238
R0_vs_O3r,A044,8,0.9982561473005888
R0_vs_O3r,A044,9,0.9989904014312354
R0_vs_O3r,A044,10,0.9987851096560704
R0_vs_O3r,A044,11,0.998541967937942
R0_vs_O3r,A044,12,0.9984682859803736
R0_vs_O3r,A044,13,0.997796611671372
R0_vs_O3r,A044,14,0.9983487784927483
R0_vs_O3r,A044,15,0.9988109843737394
R0_vs_O3r,A044,16,0.9977853409980184
R0_vs_O3r,A044,17,0.9984222706080333
R0_vs_O3r,A045,0,0.8350525061167009
R0_vs_O3r,A045,1,0.9959947582357435
R0_vs_O3r,A045,2,0.9985074809535434
R0_vs_O3r,A045,3,0.9991361432253808
R0_vs_O3r,A045,4,0.998929229075646
R0_vs_O3r,A045,5,0.9993634705270588
R0_vs_O3r,A045,6,0.9992031985438261
R0_vs_O3r,A045,7,0.9987743638330445
R0_vs_O3r,A045,8,0.9990544715885279
R0_vs_O3r,A045,9,0.9991589955450623
R0_vs_O3r,A045,10,0.998582623491853
R0_vs_O3r,A045,11,0.9988744351452015
R0_vs_O3r,A045,12,0.9984351843372171
R0_vs_O3r,A045,13,0.9986283992156839
R0_vs_O3r,A045,14,0.9975420574298738
R0_vs_O3r,A045,15,0.9983249833294329
R0_vs_O3r,A045,16,0.9986145936529299
R0_vs_O3r,A045,17,0.9974708069319831
R0_vs_O3r,A045,18,0.9984888820778361
R0_vs_O3r,A046,0,0.8735134511424013
R0_vs_O3r,A046,1,0.9956646639722221
R0_vs_O3r,A046,2,0.9984568362420531
R0_vs_O3r,A046,3,0.9991734883342482
R0_vs_O3r,A046,4,0.9993122129649955
R0_vs_O3r,A046,5,0.9990254432979281
R0_vs_O3r,A046,6,0.9988353272547444
R0_vs_O3r,A046,7,0.9988776244813934
R0_vs_O3r,A046,8,0.9990884121715539
R0_vs_O3r,A046,9,0.9988261353160183
R0_vs_O3r,A046,10,0.9983931056094385
R0_vs_O3r,A046,11,0.9983551975596988
R0_vs_O3r,A046,12,0.9977573262519114
R0_vs_O3r,A046,13,0.9980037908728504
R0_vs_O3r,A046,14,0.9987595175769912
R0_vs_O3r,A046,15,0.9976982534671058
R0_vs_O3r,A046,16,0.998062233001083
R0_vs_O3r,A047,0,0.8350525061167009
R0_vs_O3r,A047,1,0.9959947582357435
R0_vs_O3r,A047,2,0.9985074809535434
R0_vs_O3r,A047,3,0.9991361432253808
R0_vs_O3r,A047,4,0.9990114319234811
R0_vs_O3r,A047,5,0.999038539519528
R0_vs_O3r,A047,6,0.9991558433945789
R0_vs_O3r,A047,7,0.9986734187397971
R0_vs_O3r,A047,8,0.9993382730921353
R0_vs_O3r,A047,9,0.9987545705671483
R0_vs_O3r,A047,10,0.9991073812796437
R0_vs_O3r,A047,11,0.9993061158303254
R0_vs_O3r,A047,12,0.9988740107270828
R0_vs_O3r,A047,13,0.9983090323324961
R0_vs_O3r,A047,14,0.9976055384392561
R0_vs_O3r,A047,15,0.9982702052610827
R0_vs_O3r,A047,16,0.9979921823296668
R0_vs_O3r,A047,17,0.9977815334695903
R0_vs_O3r,A047,18,0.9987646240373879
R0_vs_O3r,A048,0,0.8350525061167009
R0_vs_O3r,A048,1,0.9959947582357435
R0_vs_O3r,A048,2,0.9985074809535434
R0_vs_O3r,A048,3,0.9991361432253808
R0_vs_O3r,A048,4,0.9985279552243418
R0_vs_O3r,A048,5,0.999075051802483
R0_vs_O3r,A048,6,0.9988080790817456
R0_vs_O3r,A048,7,0.9988190438867348
R0_vs_O3r,A048,8,0.9989824780571854
R0_vs_O3r,A048,9,0.998516363340197
R0_vs_O3r,A048,10,0.9991994695528541
R0_vs_O3r,A048,11,0.9984717295945708
R0_vs_O3r,A048,12,0.9987692986547277
R0_vs_O3r,A048,13,0.9984748399469155
R0_vs_O3r,A048,14,0.998420132782288
R0_vs_O3r,A048,15,0.9977788525029649
R0_vs_O3r,A048,16,0.9983523208194587
R0_vs_O3r,A048,17,0.9985671409508442
R0_vs_O3r,A048,18,0.9973570964914701
R0_vs_O3r,A048,19,0.998262094144809
R0_vs_O3r,A049,0,0.8350525061167009
R0_vs_O3r,A049,1,0.9959947582357435
R0_vs_O3r,A049,2,0.9985074809535434
R0_vs_O3r,A049,3,0.9991361432253808
R0_vs_O3r,A049,4,0.9984974169314417
R0_vs_O3r,A049,5,0.9984643215534139
R0_vs_O3r,A049,6,0.9981173640052279
R0_vs_O3r,A049,7,0.9982841432950816
R0_vs_O3r,A049,8,0.9989673146377154
R0_vs_O3r,A049,9,0.9992533052089176
R0_vs_O3r,A049,10,0.9990659564634126
R0_vs_O3r,A049,11,0.9990069820096206
R0_vs_O3r,A049,12,0.9982804966839737
R0_vs_O3r,A049,13,0.9984131370849756
R0_vs_O3r,A049,14,0.998757423260762
R0_vs_O3r,A049,15,0.9987246952098309
R0_vs_O3r,A049,16,0.998307718172065
R0_vs_O3r,A049,17,0.99892238166263
R0_vs_O3r,A049,18,0.9982702782709223
R0_vs_O3r,A049,19,0.9985153698971055
R0_vs_O3r,A049,20,0.9974712500481131
R0_vs_O3r,A049,21,0.9981251852931573
R0_vs_O3r,A049,22,0.998340241249126
R0_vs_O3r,A049,23,0.9973681030764183
R0_vs_O3r,A049,24,0.9988129042516987
R0_vs_O3r,A050,0,0.8350525061167009
R0_vs_O3r,A050,1,0.9959947582357435
R0_vs_O3r,A050,2,0.9985074809535434
R0_vs_O3r,A050,3,0.9991361432253808
R0_vs_O3r,A050,4,0.9990421644853348
R0_vs_O3r,A050,5,0.998568212128141
R0_vs_O3r,A050,6,0.9989969365714342
R0_vs_O3r,A050,7,0.9991673100975618
R0_vs_O3r,A050,8,0.9985229604306352
R0_vs_O3r,A050,9,0.9991326784483617
R0_vs_O3r,A050,10,0.9991602634680661
R0_vs_O3r,A050,11,0.9991281464251542
R0_vs_O3r,A050,12,0.9985912198179911
R0_vs_O3r,A050,13,0.9987658041968019
R0_vs_O3r,A050,14,0.9981843100435864
R0_vs_O3r,A050,15,0.9986508857393056
R0_vs_O3r,A050,16,0.997492979073911
R0_vs_O3r,A050,17,0.9984168230179096
R0_vs_O3r,A050,18,0.9979905165680487
R0_vs_O3r,A050,19,0.9977291280273538
R0_vs_O3r,A050,20,0.9988755100186857
R0_vs_O3r,A051,0,0.8350525061167009
R0_vs_O3r,A051,1,0.9959947582357435
R0_vs_O3r,A051,2,0.9985074809535434
R0_vs_O3r,A051,3,0.9991361432253808
R0_vs_O3r,A051,4,0.9992230394189163
R0_vs_O3r,A051,5,0.9990908511396213
R0_vs_O3r,A051,6,0.998879227409703
R0_vs_O3r,A051,7,0.9994346762795812
R0_vs_O3r,A051,8,0.999662002169154
R0_vs_O3r,A051,9,0.9991964283120421
R0_vs_O3r,A051,10,0.9986432699818474
R0_vs_O3r,A051,11,0.9988225035755772
R0_vs_O3r,A051,12,0.999476743106001
R0_vs_O3r,A051,13,0.9987464363784669
R0_vs_O3r,A051,14,0.998767733937646
R0_vs_O3r,A051,15,0.9976713776802524
R0_vs_O3r,A051,16,0.9980818123208532
R0_vs_O3r,A051,17,0.9987530832475634
R0_vs_O3r,A051,18,0.99799585437147
R0_vs_O3r,A051,19,0.9990954613266385
R0_vs_O3r,A052,0,0.8350525061167009
R0_vs_O3r,A052,1,0.9959947582357435
R0_vs_O3r,A052,2,0.9985074809535434
R0_vs_O3r,A052,3,0.99901027592424
R0_vs_O3r,A052,4,0.9990724454524875
R0_vs_O3r,A052,5,0.9986959381956605
R0_vs_O3r,A052,6,0.9993687780230633
R0_vs_O3r,A052,7,0.9990695608265383
R0_vs_O3r,A052,8,0.9992698628813239
R0_vs_O3r,A052,9,0.9989221931166999
R0_vs_O3r,A052,10,0.9990957128119062
R0_vs_O3r,A052,11,0.9987517881384455
R0_vs_O3r,A052,12,0.9989755988213826
R0_vs_O3r,A052,13,0.9993346063704382
R0_vs_O3r,A052,14,0.999010825652925
R0_vs_O3r,A052,15,0.9988287366229073
R0_vs_O3r,A052,16,0.9988445654568755
R0_vs_O3r,A052,17,0.9977509054030687
R0_vs_O3r,A052,18,0.9981363183872393
R0_vs_O3r,A052,19,0.9985158316442255
R0_vs_O3r,A052,20,0.9977656378020893
R0_vs_O3r,A052,21,0.9989718117967906
R0_vs_O3r,A053,0,0.8350525061167009
R0_vs_O3r,A053,1,0.9959947582357435
R0_vs_O3r,A053,2,0.9985074809535434
R0_vs_O3r,A053,3,0.9991361432253808
R0_vs_O3r,A053,4,0.9990182168981558
R0_vs_O3r,A053,5,0.9989415681588992
R0_vs_O3r,A053,6,0.9994963328008497
R0_vs_O3r,A053,7,0.9995348547674476
R0_vs_O3r,A053,8,0.9991169648923696
R0_vs_O3r,A053,9,0.998896011397524
R0_vs_O3r,A053,10,0.9987615083590193
R0_vs_O3r,A053,11,0.9990628162115331
R0_vs_O3r,A053,12,0.9989892315333117
R0_vs_O3r,A053,13,0.9987338527408333
R0_vs_O3r,A053,14,0.9986019421190184
R0_vs_O3r,A053,15,0.9984784970002928
R0_vs_O3r,A053,16,0.9974248939587254
R0_vs_O3r,A053,17,0.9980375126437084
R0_vs_O3r,A053,18,0.9986033549778329
R0_vs_O3r,A053,19,0.9979504891569397
R0_vs_O3r,A053,20,0.998603536468624
R0_vs_O3r,A054,0,0.8350525061167009
R0_vs_O3r,A054,1,0.9959947582357435
R0_vs_O3r,A054,2,0.9985074809535434
R0_vs_O3r,A054,3,0.9991361432253808
R0_vs_O3r,A054,4,0.999306434326288
R0_vs_O3r,A054,5,0.9993009841012312
R0_vs_O3r,A054,6,0.9994485346814399
R0_vs_O3r,A054,7,0.9995334517033766
R0_vs_O3r,A054,8,0.9994668329431259
R0_vs_O3r,A054,9,0.9992896604557493
R0_vs_O3r,A054,10,0.9991213026773821
R0_vs_O3r,A054,11,0.9990565139667895
R0_vs_O3r,A054,12,0.9988990157612836
R0_vs_O3r,A054,13,0.9991830631044784
R0_vs_O3r,A054,14,0.9993414743651139
R0_vs_O3r,A054,15,0.9989021127718308
R0_vs_O3r,A054,16,0.9987729858851809
R0_vs_O3r,A054,17,0.998731854952334
R0_vs_O3r,A054,18,0.997676648951631
R0_vs_O3r,A054,19,0.9981722793141579
R0_vs_O3r,A054,20,0.9991102276162318
R0_vs_O3r,A054,21,0.9978421989807159
R0_vs_O3r,A054,22,0.9992665474979003
R0_vs_O3r,A055,0,0.8350525061167009
R0_vs_O3r,A055,1,0.9959947582357435
R0_vs_O3r,A055,2,0.9985074809535434
R0_vs_O3r,A055,3,0.9991361432253808
R0_vs_O3r,A055,4,0.9993191442471371
R0_vs_O3r,A055,5,0.9992423396340475
R0_vs_O3r,A055,6,0.9989218697041792
R0_vs_O3r,A055,7,0.9993790001096203
R0_vs_O3r,A055,8,0.9995677616443989
R0_vs_O3r,A055,9,0.9991468772080524
R0_vs_O3r,A055,10,0.9988661944968833
R0_vs_O3r,A055,11,0.9991376098331096
R0_vs_O3r,A055,12,0.9990294566300024
R0_vs_O3r,A055,13,0.9982252960848695
R0_vs_O3r,A055,14,0.9988601878606258
R0_vs_O3r,A055,15,0.9985861551405144
R0_vs_O3r,A055,16,0.997453049889073
R0_vs_O3r,A055,17,0.9978498359881925
R0_vs_O3r,A055,18,0.9984934131520111
R0_vs_O3r,A055,19,0.9976413020482843
R0_vs_O3r,A055,20,0.9990380701619762
R0_vs_O3r,A056,0,0.8350525061167009
R0_vs_O3r,A056,1,0.9959947582357435
R0_vs_O3r,A056,2,0.9985074809535434
R0_vs_O3r,A056,3,0.99901027592424
R0_vs_O3r,A056,4,0.9990912108025803
R0_vs_O3r,A056,5,0.9987529876081374
R0_vs_O3r,A056,6,0.9983629182697522
R0_vs_O3r,A056,7,0.9993302670878047
R0_vs_O3r,A056,8,0.9989516229334764
R0_vs_O3r,A056,9,0.9988768956043268
R0_vs_O3r,A056,10,0.999115360010113
R0_vs_O3r,A056,11,0.9991638650070138
R0_vs_O3r,A056,12,0.9989339589545598
R0_vs_O3r,A056,13,0.9991726095795124
R0_vs_O3r,A056,14,0.9992800458695785
R0_vs_O3r,A056,15,0.9988050681149355
R0_vs_O3r,A056,16,0.9985284593888318
R0_vs_O3r,A056,17,0.9984891638893476
R0_vs_O3r,A056,18,0.9978685760389483
R0_vs_O3r,A056,19,0.9979949543622274
R0_vs_O3r,A056,20,0.9983481316880235
R0_vs_O3r,A056,21,0.9976366398089751
R0_vs_O3r,A056,22,0.9988991586985148
R0_vs_O3r,A057,0,0.8350525061167009
R0_vs_O3r,A057,1,0.9959947582357435
R0_vs_O3r,A057,2,0.9985074809535434
R0_vs_O3r,A057,3,0.9991361432253808
R0_vs_O3r,A057,4,0.9982431452900787
R0_vs_O3r,A057,5,0.9982941181690089
R0_vs_O3r,A057,6,0.9989708631527848
R0_vs_O3r,A057,7,0.9985022379861778
R0_vs_O3r,A057,8,0.9987829631452901
R0_vs_O3r,A057,9,0.9993890667207767
R0_vs_O3r,A057,10,0.9991932128481317
R0_vs_O3r,A057,11,0.9992819714189253
R0_vs_O3r,A057,12,0.998849847085911
R0_vs_O3r,A057,13,0.9985066882166309
R0_vs_O3r,A057,14,0.9979409955901574
R0_vs_O3r,A057,15,0.9981454586347438
R0_vs_O3r,A057,16,0.9986828856539429
R0_vs_O3r,A057,17,0.9976947110895507
R0_vs_O3r,A057,18,0.9992074619670056
R0_vs_O3r,A058,0,0.8350525061167009
R0_vs_O3r,A058,1,0.9959947582357435
R0_vs_O3r,A058,2,0.9985074809535434
R0_vs_O3r,A058,3,0.9991361432253808
R0_vs_O3r,A058,4,0.9990366235442639
R0_vs_O3r,A058,5,0.9992763068661312
R0_vs_O3r,A058,6,0.9988919914069033
R0_vs_O3r,A058,7,0.999301508036155
R0_vs_O3r,A058,8,0.9989077390122718
R0_vs_O3r,A058,9,0.9988621534739094
R0_vs_O3r,A058,10,0.9988957601249023
R0_vs_O3r,A058,11,0.9990677105887884
R0_vs_O3r,A058,12,0.9987339566526734
R0_vs_O3r,A058,13,0.9987554703640463
R0_vs_O3r,A058,14,0.997755727796103
R0_vs_O3r,A058,15,0.998292053882716
R0_vs_O3r,A058,16,0.9983098726738775
R0_vs_O3r,A058,17,0.9980015379292009
R0_vs_O3r,A058,18,0.9986870638147844
R0_vs_O3r,A059,0,0.8350525061167009
R0_vs_O3r,A059,1,0.9959947582357435
R0_vs_O3r,A059,2,0.9985074809535434
R0_vs_O3r,A059,3,0.9991361432253808
R0_vs_O3r,A059,4,0.9983791643075248
R0_vs_O3r,A059,5,0.9991522832245165
R0_vs_O3r,A059,6,0.9991804275996967
R0_vs_O3r,A059,7,0.9991777481599237
R0_vs_O3r,A059,8,0.9986587763900149
R0_vs_O3r,A059,9,0.9991410747408996
R0_vs_O3r,A059,10,0.999135312863991
R0_vs_O3r,A059,11,0.9989773355449935
R0_vs_O3r,A059,12,0.9985394015483953
R0_vs_O3r,A059,13,0.9986183141572698
R0_vs_O3r,A059,14,0.9987448185051285
R0_vs_O3r,A059,15,0.9983887520502115
R0_vs_O3r,A059,16,0.9978995605969597
R0_vs_O3r,A059,17,0.9978317835575876
R0_vs_O3r,A059,18,0.9984493438054147
R0_vs_O3r,A059,19,0.9980901285733708
R0_vs_O3r,A059,20,0.9990391163120692
R0_vs_O3r,A060,0,0.8350525061167009
R0_vs_O3r,A060,1,0.9959947582357435
R0_vs_O3r,A060,2,0.9985074809535434
R0_vs_O3r,A060,3,0.99901027592424
R0_vs_O3r,A060,4,0.9990402757900743
R0_vs_O3r,A060,5,0.9989397735228714
R0_vs_O3r,A060,6,0.9993303208172574
R0_vs_O3r,A060,7,0.9988720770277786
R0_vs_O3r,A060,8,0.999421073982804
R0_vs_O3r,A060,9,0.9993662987315475
R0_vs_O3r,A060,10,0.9992548626358584
R0_vs_O3r,A060,11,0.998785160050512
R0_vs_O3r,A060,12,0.9991706878990557
R0_vs_O3r,A060,13,0.9987154816362566
R0_vs_O3r,A060,14,0.998494617700035
R0_vs_O3r,A060,15,0.9978845626917862
R0_vs_O3r,A060,16,0.9980645896735344
R0_vs_O3r,A060,17,0.9989165811839161
R0_vs_O3r,A060,18,0.9980783621355428
R0_vs_O3r,A060,19,0.9992231357222536
R0_vs_O3r,A061,0,0.8350525061167009
R0_vs_O3r,A061,1,0.9959947582357435
R0_vs_O3r,A061,2,0.9985074809535434
R0_vs_O3r,A061,3,0.9991361432253808
R0_vs_O3r,A061,4,0.9989957329178587
R0_vs_O3r,A061,5,0.9987461617896272
R0_vs_O3r,A061,6,0.9992798850182733
R0_vs_O3r,A061,7,0.9989462027404244
R0_vs_O3r,A061,8,0.9987799293430665
R0_vs_O3r,A061,9,0.9989372003414195
R0_vs_O3r,A061,10,0.9991637318361356
R0_vs_O3r,A061,11,0.9992532688805698
R0_vs_O3r,A061,12,0.9990245291462754
R0_vs_O3r,A061,13,0.9989851624867874
R0_vs_O3r,A061,14,0.9984529400502592
R0_vs_O3r,A061,15,0.9990479591134818
R0_vs_O3r,A061,16,0.9968214041381686
R0_vs_O3r,A061,17,0.9986059107057057
R0_vs_O3r,A061,18,0.9984287827346197
R0_vs_O3r,A061,19,0.9983784392860513
R0_vs_O3r,A061,20,0.9975586111048043
R0_vs_O3r,A061,21,0.9982564154529823
R0_vs_O3r,A061,22,0.997955817750129
R0_vs_O3r,A061,23,0.9977697209016104
R0_vs_O3r,A061,24,0.9991097148377623
R0_vs_O3r,A062,0,0.8350525061167009
R0_vs_O3r,A062,1,0.9959947582357435
R0_vs_O3r,A062,2,0.9985074809535434
R0_vs_O3r,A062,3,0.9991361432253808
R0_vs_O3r,A062,4,0.9989139491820859
R0_vs_O3r,A062,5,0.9994061023402313
R0_vs_O3r,A062,6,0.9993705256932607
R0_vs_O3r,A062,7,0.9987481490908978
R0_vs_O3r,A062,8,0.9989417734406273
R0_vs_O3r,A062,9,0.999081915955723
R0_vs_O3r,A062,10,0.9987949233574996
R0_vs_O3r,A062,11,0.9989485672578358
R0_vs_O3r,A062,12,0.9992189442583488
R0_vs_O3r,A062,13,0.9991541443583474
R0_vs_O3r,A062,14,0.9988238233001588
R0_vs_O3r,A062,15,0.998206338312365
R0_vs_O3r,A062,16,0.9990036052692073
R0_vs_O3r,A062,17,0.9990087140981101
R0_vs_O3r,A062,18,0.9975808377580554
R0_vs_O3r,A062,19,0.9979511843697279
R0_vs_O3r,A062,20,0.9986706455391586
R0_vs_O3r,A062,21,0.9963870048830274
R0_vs_O3r,A062,22,0.9990414305421551
R0_vs_O3r,A063,0,0.8350525061167009
R0_vs_O3r,A063,1,0.9959947582357435
R0_vs_O3r,A063,2,0.9985074809535434
R0_vs_O3r,A063,3,0.9991361432253808
R0_vs_O3r,A063,4,0.9990207338275818
R0_vs_O3r,A063,5,0.9982168460729007
R0_vs_O3r,A063,6,0.9988527069529595
R0_vs_O3r,A063,7,0.9988509530576295
R0_vs_O3r,A063,8,0.9988659096817694
R0_vs_O3r,A063,9,0.9989526913827211
R0_vs_O3r,A063,10,0.9989594000772049
R0_vs_O3r,A063,11,0.9987100638152523
R0_vs_O3r,A063,12,0.9987012669701681
R0_vs_O3r,A063,13,0.998672053380475
R0_vs_O3r,A063,14,0.9976435087623593
R0_vs_O3r,A063,15,0.9983211026897548
R0_vs_O3r,A063,16,0.9986676531544301
R0_vs_O3r,A063,17,0.9969524048185215
R0_vs_O3r,A063,18,0.998609783844075
R0_vs_O3r,A064,0,0.8735134511424013
R0_vs_O3r,A064,1,0.9956646639722221
R0_vs_O3r,A064,2,0.9984568362420531
R0_vs_O3r,A064,3,0.9991734883342482
R0_vs_O3r,A064,4,0.9992905477270069
R0_vs_O3r,A064,5,0.9991692167721309
R0_vs_O3r,A064,6,0.9992219481794382
R0_vs_O3r,A064,7,0.9990925500764916
R0_vs_O3r,A064,8,0.9994306436307796
R0_vs_O3r,A064,9,0.9990482735289617
R0_vs_O3r,A064,10,0.9989248450851855
R0_vs_O3r,A064,11,0.9985709051606029
R0_vs_O3r,A064,12,0.9978187172605744
R0_vs_O3r,A064,13,0.9980494454333786
R0_vs_O3r,A064,14,0.9985567719308598
R0_vs_O3r,A064,15,0.9974673106777874
R0_vs_O3r,A064,16,0.9989340368742001
R0_vs_O3r,A065,0,0.8350525061167009
R0_vs_O3r,A065,1,0.9959947582357435
R0_vs_O3r,A065,2,0.9985074809535434
R0_vs_O3r,A065,3,0.9991361432253808
R0_vs_O3r,A065,4,0.9992689076121994
R0_vs_O3r,A065,5,0.9991488266114334
R0_vs_O3r,A065,6,0.9993567033153591
R0_vs_O3r,A065,7,0.9994878531868342
R0_vs_O3r,A065,8,0.9986648865772125
R0_vs_O3r,A065,9,0.9988133875891212
R0_vs_O3r,A065,10,0.9989551245693378
R0_vs_O3r,A065,11,0.9988816684532659
R0_vs_O3r,A065,12,0.9990851946478015
R0_vs_O3r,A065,13,0.9980266992481522
R0_vs_O3r,A065,14,0.998595758286191
R0_vs_O3r,A065,15,0.9983251500783185
R0_vs_O3r,A065,16,0.997678047416178
R0_vs_O3r,A065,17,0.9981267276551968
R0_vs_O3r,A065,18,0.9987674434156485
R0_vs_O3r,A065,19,0.9977597861907761
R0_vs_O3r,A065,20,0.9990786148052804
R0_vs_O3r,A066,0,0.8350525061167009
R0_vs_O3r,A066,1,0.9959947582357435
R0_vs_O3r,A066,2,0.9985074809535434
R0_vs_O3r,A066,3,0.9991361432253808
R0_vs_O3r,A066,4,0.9991855468096131
R0_vs_O3r,A066,5,0.9991910376079027
R0_vs_O3r,A066,6,0.9992256122915854
R0_vs_O3r,A066,7,0.9993535258705453
R0_vs_O3r,A066,8,0.9995088330014101
R0_vs_O3r,A066,9,0.9991451690791736
R0_vs_O3r,A066,10,0.9983563229962039
R0_vs_O3r,A066,11,0.9986530832938133
R0_vs_O3r,A066,12,0.9993257087709714
R0_vs_O3r,A066,13,0.9993045215292977
R0_vs_O3r,A066,14,0.9987713573744212
R0_vs_O3r,A066,15,0.9992076852805581
R0_vs_O3r,A066,16,0.9985449067693329
R0_vs_O3r,A066,17,0.9987598754019441
R0_vs_O3r,A066,18,0.9975785029837685
R0_vs_O3r,A066,19,0.9979763841475893
R0_vs_O3r,A066,20,0.9985953617037772
R0_vs_O3r,A066,21,0.9978156345290506
R0_vs_O3r,A066,22,0.9987429561397027
R0_vs_O3r,A067,0,0.8350525061167009
R0_vs_O3r,A067,1,0.9959947582357435
R0_vs_O3r,A067,2,0.9985074809535434
R0_vs_O3r,A067,3,0.9991361432253808
R0_vs_O3r,A067,4,0.9991145079434726
R0_vs_O3r,A067,5,0.9993068331306537
R0_vs_O3r,A067,6,0.9990040771341091
R0_vs_O3r,A067,7,0.9994671995699802
R0_vs_O3r,A067,8,0.9993087098031027
R0_vs_O3r,A067,9,0.999087181086111
R0_vs_O3r,A067,10,0.9987209858388335
R0_vs_O3r,A067,11,0.9988607000562452
R0_vs_O3r,A067,12,0.9986291273562383
R0_vs_O3r,A067,13,0.9986409616513985
R0_vs_O3r,A067,14,0.9984366881258335
R0_vs_O3r,A067,15,0.9976013723033739
R0_vs_O3r,A067,16,0.9975821048715904
R0_vs_O3r,A067,17,0.9986708996469176
R0_vs_O3r,A067,18,0.9972839207132356
R0_vs_O3r,A067,19,0.998926206678725
R0_vs_O3r,A068,0,0.8735134511424013
R0_vs_O3r,A068,1,0.9956646639722221
R0_vs_O3r,A068,2,0.9984568362420531
R0_vs_O3r,A068,3,0.9991734887834294
R0_vs_O3r,A068,4,0.9990894107138079
R0_vs_O3r,A068,5,0.9990131127746479
R0_vs_O3r,A068,6,0.9990124100754149
R0_vs_O3r,A068,7,0.9986518966104491
R0_vs_O3r,A068,8,0.9991214228157936
R0_vs_O3r,A068,9,0.9988187713576094
R0_vs_O3r,A068,10,0.9988278460146607
R0_vs_O3r,A068,11,0.9987637286713879
R0_vs_O3r,A068,12,0.9988972061465866
R0_vs_O3r,A068,13,0.9976637550990218
R0_vs_O3r,A068,14,0.9982574539826541
R0_vs_O3r,A068,15,0.9986338272736849
R0_vs_O3r,A068,16,0.9972738065033574
R0_vs_O3r,A068,17,0.9988690414276774
R0_vs_O3r,A069,0,0.8350525061167009
R0_vs_O3r,A069,1,0.9959947582357435
R0_vs_O3r,A069,2,0.9985074809535434
R0_vs_O3r,A069,3,0.9991361432253808
R0_vs_O3r,A069,4,0.9992350873615242
R0_vs_O3r,A069,5,0.9992742585780933
R0_vs_O3r,A069,6,0.9987603364536606
R0_vs_O3r,A069,7,0.9995085767713683
R0_vs_O3r,A069,8,0.9986146063877265
R0_vs_O3r,A069,9,0.9988847333387443
R0_vs_O3r,A069,10,0.9984988052267372
R0_vs_O3r,A069,11,0.9986745612515864
R0_vs_O3r,A069,12,0.9988912402718679
R0_vs_O3r,A069,13,0.9988517712114718
R0_vs_O3r,A069,14,0.9985430023789669
R0_vs_O3r,A069,15,0.9976356936639798
R0_vs_O3r,A069,16,0.9980943643707862
R0_vs_O3r,A069,17,0.9987083800752619
R0_vs_O3r,A069,18,0.9971689233799363
R0_vs_O3r,A069,19,0.9988298064592513
R0_vs_O3r,A070,0,0.8735134511424013
R0_vs_O3r,A070,1,0.9956646639722221
R0_vs_O3r,A070,2,0.9984568362420531
R0_vs_O3r,A070,3,0.9991734887834294
R0_vs_O3r,A070,4,0.9992115531942652
R0_vs_O3r,A070,5,0.9992588193706885
R0_vs_O3r,A070,6,0.9988663448008372
R0_vs_O3r,A070,7,0.9994087118266618
R0_vs_O3r,A070,8,0.9992200162956072
R0_vs_O3r,A070,9,0.9992231202634354
R0_vs_O3r,A070,10,0.9991176551593225
R0_vs_O3r,A070,11,0.9990990681141764
R0_vs_O3r,A070,12,0.9988660768395305
R0_vs_O3r,A070,13,0.9978883269403688
R0_vs_O3r,A070,14,0.9979019732058054
R0_vs_O3r,A070,15,0.9984858496878753
R0_vs_O3r,A070,16,0.9979475979389983
R0_vs_O3r,A070,17,0.9986085926134883
R0_vs_O3r,A071,0,0.8676503654192368
R0_vs_O3r,A071,1,0.996683422569965
R0_vs_O3r,A071,2,0.9983914167985087
R0_vs_O3r,A071,3,0.9990681046125578
R0_vs_O3r,A071,4,0.99889680065643
R0_vs_O3r,A071,5,0.9988270200362002
R0_vs_O3r,A071,6,0.9991901665284814
R0_vs_O3r,A071,7,0.9992896696794132
R0_vs_O3r,A071,8,0.9991855676659273
R0_vs_O3r,A071,9,0.999410530601509
R0_vs_O3r,A071,10,0.9995736150829535
R0_vs_O3r,A071,11,0.9989288241029308
R0_vs_O3r,A071,12,0.9991773715086146
R0_vs_O3r,A071,13,0.9994407589763111
R0_vs_O3r,A071,14,0.9994764858733953
R0_vs_O3r,A071,15,0.9988771063128756
R0_vs_O3r,A071,16,0.998964792490981
R0_vs_O3r,A071,17,0.9986661394286961
R0_vs_O3r,A071,18,0.9987099475831024
R0_vs_O3r,A071,19,0.9986582887037946
R0_vs_O3r,A071,20,0.998679253355011
R0_vs_O3r,A071,21,0.9991735290221407
R0_vs_O3r,A071,22,0.9989992794034694
R0_vs_O3r,A071,23,0.9988486448787737
R0_vs_O3r,A071,24,0.9983089482299841
R0_vs_O3r,A071,25,0.9984580978919716
R0_vs_O3r,A071,26,0.9984483872807636
R0_vs_O3r,A071,27,0.9989165604779876
R0_vs_O3r,A071,28,0.999310615762572
R0_vs_O3r,A071,29,0.9987157389083199
R0_vs_O3r,A071,30,0.9985117774819083
R0_vs_O3r,A071,31,0.9992582186440974
R0_vs_O3r,A071,32,0.9992743672661023
R0_vs_O3r,A071,33,0.9987133968616264
R0_vs_O3r,A071,34,0.998836787218264
R0_vs_O3r,A071,35,0.9991091053935451
R0_vs_O3r,A071,36,0.99867555788101
R0_vs_O3r,A071,37,0.9988057642687314
R0_vs_O3r,A071,38,0.9987602463937195
R0_vs_O3r,A071,39,0.9989965864213901
R0_vs_O3r,A071,40,0.9991317417796783
R0_vs_O3r,A071,41,0.9989624647127272
R0_vs_O3r,A071,42,0.9986611865140614
R0_vs_O3r,A071,43,0.9987027693588116
R0_vs_O3r,A071,44,0.9990851292701777
R0_vs_O3r,A071,45,0.9989694904656993
R0_vs_O3r,A071,46,0.9992439935425426
R0_vs_O3r,A071,47,0.9990095231096349
R0_vs_O3r,A071,48,0.9988236082670907
R0_vs_O3r,A071,49,0.9988773876056748
R0_vs_O3r,A071,50,0.9989678613811953
R0_vs_O3r,A071,51,0.9986986934454627
R0_vs_O3r,A071,52,0.9983328680658132
R0_vs_O3r,A071,53,0.9990974597771473
R0_vs_O3r,A071,54,0.9979629352191298
R0_vs_O3r,A071,55,0.9986177625135696
R0_vs_O3r,A071,56,0.9988335076813621
R0_vs_O3r,A071,57,0.9982845687422025
R0_vs_O3r,A071,58,0.9986100762589109
R0_vs_O3r,A071,59,0.9987734971736075
R0_vs_O3r,A071,60,0.9973331803205118
R0_vs_O3r,A071,61,0.9982222489203377
R0_vs_O3r,A071,62,0.9970168212756634
R0_vs_O3r,A071,63,0.9976633621352563
R0_vs_O3r,A071,64,0.9992550018667248
R0_vs_O3r,A072,0,0.8350525061167009
R0_vs_O3r,A072,1,0.9959947582357435
R0_vs_O3r,A072,2,0.9985074809535434
R0_vs_O3r,A072,3,0.9991361432253808
R0_vs_O3r,A072,4,0.9991755924433595
R0_vs_O3r,A072,5,0.9990127882710792
R0_vs_O3r,A072,6,0.9992837642014873
R0_vs_O3r,A072,7,0.9986164207151819
R0_vs_O3r,A072,8,0.9993264867009315
R0_vs_O3r,A072,9,0.9995220086349068
R0_vs_O3r,A072,10,0.9992076601102728
R0_vs_O3r,A072,11,0.9993652840267487
R0_vs_O3r,A072,12,0.9992782250052261
R0_vs_O3r,A072,13,0.9990298602290177
R0_vs_O3r,A072,14,0.9989459489289464
R0_vs_O3r,A072,15,0.9989100072757453
R0_vs_O3r,A072,16,0.9988280800540831
R0_vs_O3r,A072,17,0.9990701531292667
R0_vs_O3r,A072,18,0.9989763241152537
R0_vs_O3r,A072,19,0.9992974270505357
R0_vs_O3r,A072,20,0.9986191287127547
R0_vs_O3r,A072,21,0.9990214779366445
R0_vs_O3r,A072,22,0.9981281383923114
R0_vs_O3r,A072,23,0.9983906290825534
R0_vs_O3r,A072,24,0.9987223195283105
R0_vs_O3r,A072,25,0.998429271966471
R0_vs_O3r,A072,26,0.9989537322058686
R0_vs_O3r,A072,27,0.998452523291941
R0_vs_O3r,A072,28,0.9986578499036106
R0_vs_O3r,A072,29,0.9986133768641959
R0_vs_O3r,A072,30,0.9992090823664017
R0_vs_O3r,A072,31,0.9988879002464531
R0_vs_O3r,A072,32,0.9990079993152653
R0_vs_O3r,A072,33,0.9987893913158771
R0_vs_O3r,A072,34,0.9984287971217997
R0_vs_O3r,A072,35,0.9971357203350781
R0_vs_O3r,A072,36,0.99808692571789
R0_vs_O3r,A072,37,0.9990908540800686
R0_vs_O3r,A072,38,0.9979115917105393
R0_vs_O3r,A072,39,0.9991936672272276
R0_vs_O3r,A073,0,0.8350525061167009
R0_vs_O3r,A073,1,0.9959947582357435
R0_vs_O3r,A073,2,0.9985074809535434
R0_vs_O3r,A073,3,0.9991361432253808
R0_vs_O3r,A073,4,0.9991377110669428
R0_vs_O3r,A073,5,0.9990244592081378
R0_vs_O3r,A073,6,0.9990480371329925
R0_vs_O3r,A073,7,0.9987928301948926
R0_vs_O3r,A073,8,0.998675191358645
R0_vs_O3r,A073,9,0.9993361042483722
R0_vs_O3r,A073,10,0.998450263685945
R0_vs_O3r,A073,11,0.9991833242749613
R0_vs_O3r,A073,12,0.9993041449995373
R0_vs_O3r,A073,13,0.99922365611089
R0_vs_O3r,A073,14,0.9987649516565013
R0_vs_O3r,A073,15,0.9987332530218703
R0_vs_O3r,A073,16,0.9986482808626597
R0_vs_O3r,A073,17,0.9986216064227961
R0_vs_O3r,A073,18,0.9987608941409791
R0_vs_O3r,A073,19,0.9992133051751613
R0_vs_O3r,A073,20,0.9989577604928037
R0_vs_O3r,A073,21,0.9987392128727824
R0_vs_O3r,A073,22,0.9989190118980651
R0_vs_O3r,A073,23,0.9988177756573383
R0_vs_O3r,A073,24,0.9988074571255013
R0_vs_O3r,A073,25,0.9983700824628619
R0_vs_O3r,A073,26,0.9989368256761727
R0_vs_O3r,A073,27,0.9990035384648642
R0_vs_O3r,A073,28,0.9989698279055085
R0_vs_O3r,A073,29,0.9989423617181816
R0_vs_O3r,A073,30,0.9986428335204094
R0_vs_O3r,A073,31,0.9985308245119413
R0_vs_O3r,A073,32,0.9988532474964873
R0_vs_O3r,A073,33,0.9988946268979533
R0_vs_O3r,A073,34,0.9988076463287093
R0_vs_O3r,A073,35,0.9988475677423106
R0_vs_O3r,A073,36,0.998811732455097
R0_vs_O3r,A073,37,0.9985234984821554
R0_vs_O3r,A073,38,0.9973100221735189
R0_vs_O3r,A073,39,0.9980459851144748
R0_vs_O3r,A073,40,0.9984888149591381
R0_vs_O3r,A073,41,0.9975348118333723
R0_vs_O3r,A073,42,0.9989573944944387
R0_vs_O3r,A074,0,0.8350525061167009
R0_vs_O3r,A074,1,0.9959947582357435
R0_vs_O3r,A074,2,0.9985074809535434
R0_vs_O3r,A074,3,0.9991361432253808
R0_vs_O3r,A074,4,0.9990014428297671
R0_vs_O3r,A074,5,0.9987929265686052
R0_vs_O3r,A074,6,0.9992223754710691
R0_vs_O3r,A074,7,0.9992898227008771
R0_vs_O3r,A074,8,0.9994922013313147
R0_vs_O3r,A074,9,0.9991044871263828
R0_vs_O3r,A074,10,0.9990007774934058
R0_vs_O3r,A074,11,0.9990007520456675
R0_vs_O3r,A074,12,0.9987444199127019
R0_vs_O3r,A074,13,0.9985831993129622
R0_vs_O3r,A074,14,0.9989355568703066
R0_vs_O3r,A074,15,0.9989515690455409
R0_vs_O3r,A074,16,0.9985573851041163
R0_vs_O3r,A074,17,0.9985269424964821
R0_vs_O3r,A074,18,0.9986227171930224
R0_vs_O3r,A074,19,0.998441926602053
R0_vs_O3r,A074,20,0.998709288234905
R0_vs_O3r,A074,21,0.9984303542481708
R0_vs_O3r,A074,22,0.9989192668205767
R0_vs_O3r,A074,23,0.9989313477864005
R0_vs_O3r,A074,24,0.998982356079735
R0_vs_O3r,A074,25,0.9985860887000286
R0_vs_O3r,A074,26,0.9986229488865507
R0_vs_O3r,A074,27,0.9985827502999364
R0_vs_O3r,A074,28,0.9988830142070128
R0_vs_O3r,A074,29,0.998544436520663
R0_vs_O3r,A074,30,0.9989535859339249
R0_vs_O3r,A074,31,0.998769584790775
R0_vs_O3r,A074,32,0.998363336240066
R0_vs_O3r,A074,33,0.9984140552734796
R0_vs_O3r,A074,34,0.9975551091241179
R0_vs_O3r,A074,35,0.9983987700130513
R0_vs_O3r,A074,36,0.9988659955747943
R0_vs_O3r,A074,37,0.9967521560796473
R0_vs_O3r,A074,38,0.9990524107538492
R0_vs_O3r,A075,0,0.8350525061167009
R0_vs_O3r,A075,1,0.9959947582357435
R0_vs_O3r,A075,2,0.9985074809535434
R0_vs_O3r,A075,3,0.99901027592424
R0_vs_O3r,A075,4,0.9989531496055745
R0_vs_O3r,A075,5,0.9989732093625198
R0_vs_O3r,A075,6,0.9989530541362543
R0_vs_O3r,A075,7,0.9994783514801633
R0_vs_O3r,A075,8,0.9995704978444503
R0_vs_O3r,A075,9,0.9992412768421616
R0_vs_O3r,A075,10,0.9990983644738337
R0_vs_O3r,A075,11,0.9991645747835004
R0_vs_O3r,A075,12,0.9989496164424023
R0_vs_O3r,A075,13,0.9986863814393953
R0_vs_O3r,A075,14,0.99890122539386
R0_vs_O3r,A075,15,0.9987008674944082
R0_vs_O3r,A075,16,0.9994126360206521
R0_vs_O3r,A075,17,0.9988335072731886
R0_vs_O3r,A075,18,0.9986796806691914
R0_vs_O3r,A075,19,0.9990810639519182
R0_vs_O3r,A075,20,0.9988690753418064
R0_vs_O3r,A075,21,0.9987481572271293
R0_vs_O3r,A075,22,0.9986837139388636
R0_vs_O3r,A075,23,0.9988787934081339
R0_vs_O3r,A075,24,0.9984863183803943
R0_vs_O3r,A075,25,0.9985266523114494
R0_vs_O3r,A075,26,0.9988493642653294
R0_vs_O3r,A075,27,0.9987721962636497
R0_vs_O3r,A075,28,0.9989835111780184
R0_vs_O3r,A075,29,0.9991652792841896
R0_vs_O3r,A075,30,0.9989887200963894
R0_vs_O3r,A075,31,0.9987276740590316
R0_vs_O3r,A075,32,0.9985918052920928
R0_vs_O3r,A075,33,0.9973268442259773
R0_vs_O3r,A075,34,0.9981029016600848
R0_vs_O3r,A075,35,0.9985528285768419
R0_vs_O3r,A075,36,0.9977639392443806
R0_vs_O3r,A075,37,0.9991453616184766
R0_vs_O3r,A076,0,0.8350525061167009
R0_vs_O3r,A076,1,0.9959947582357435
R0_vs_O3r,A076,2,0.9985074809535434
R0_vs_O3r,A076,3,0.9991361432253808
R0_vs_O3r,A076,4,0.999368084797589
R0_vs_O3r,A076,5,0.9990975298359551
R0_vs_O3r,A076,6,0.9985383515385164
R0_vs_O3r,A076,7,0.9991287041297102
R0_vs_O3r,A076,8,0.9993249013049073
R0_vs_O3r,A076,9,0.9991919850335904
R0_vs_O3r,A076,10,0.9987176506467174
R0_vs_O3r,A076,11,0.9988817130606534
R0_vs_O3r,A076,12,0.9982387557438219
R0_vs_O3r,A076,13,0.9983559321417421
R0_vs_O3r,A076,14,0.9974185955864906
R0_vs_O3r,A076,15,0.9987033292915511
R0_vs_O3r,A076,16,0.998516023713017
R0_vs_O3r,A076,17,0.9984701580598688
R0_vs_O3r,A076,18,0.9989632901168769
R0_vs_O3r,A076,19,0.9992707528807948
R0_vs_O3r,A076,20,0.998994847348388
R0_vs_O3r,A076,21,0.9990324845835632
R0_vs_O3r,A076,22,0.9988136465185551
R0_vs_O3r,A076,23,0.9988379376248885
R0_vs_O3r,A076,24,0.9990242883774111
R0_vs_O3r,A076,25,0.9991874831169099
R0_vs_O3r,A076,26,0.9989358272350224
R0_vs_O3r,A076,27,0.9992221797230546
R0_vs_O3r,A076,28,0.9988963980323455
R0_vs_O3r,A076,29,0.9982265430832005
R0_vs_O3r,A076,30,0.9988113922634592
R0_vs_O3r,A076,31,0.999051366285347
R0_vs_O3r,A076,32,0.9985637675131133
R0_vs_O3r,A076,33,0.9986564460681343
R0_vs_O3r,A076,34,0.997384984247239
R0_vs_O3r,A076,35,0.9982688296820987
R0_vs_O3r,A076,36,0.9986339265026796
R0_vs_O3r,A076,37,0.9973250405936946
R0_vs_O3r,A076,38,0.9986882773824808
R0_vs_O3r,A077,0,0.8350525061167009
R0_vs_O3r,A077,1,0.9959947582357435
R0_vs_O3r,A077,2,0.9985074809535434
R0_vs_O3r,A077,3,0.9991361432253808
R0_vs_O3r,A077,4,0.9991173687772065
R0_vs_O3r,A077,5,0.9993349612701932
R0_vs_O3r,A077,6,0.998871229476826
R0_vs_O3r,A077,7,0.999264538817798
R0_vs_O3r,A077,8,0.9993904638535779
R0_vs_O3r,A077,9,0.9990013538739598
R0_vs_O3r,A077,10,0.9989577967873484
R0_vs_O3r,A077,11,0.999059684250744
R0_vs_O3r,A077,12,0.9985794792506075
R0_vs_O3r,A077,13,0.9991296310961568
R0_vs_O3r,A077,14,0.9990232578997051
R0_vs_O3r,A077,15,0.99901842542758
R0_vs_O3r,A077,16,0.999065999520193
R0_vs_O3r,A077,17,0.9987330200038532
R0_vs_O3r,A077,18,0.9990343425575631
R0_vs_O3r,A077,19,0.9987680781709277
R0_vs_O3r,A077,20,0.9990883150925027
R0_vs_O3r,A077,21,0.9992619060413942
R0_vs_O3r,A077,22,0.9986608559199244
R0_vs_O3r,A077,23,0.9989893220892766
R0_vs_O3r,A077,24,0.9994116597918886
R0_vs_O3r,A077,25,0.998099513837994
R0_vs_O3r,A077,26,0.99894202772939
R0_vs_O3r,A077,27,0.9987850144948547
R0_vs_O3r,A077,28,0.9986782397633016
R0_vs_O3r,A077,29,0.9985501635322671
R0_vs_O3r,A077,30,0.9987857428419784
R0_vs_O3r,A077,31,0.9991401735428889
R0_vs_O3r,A077,32,0.998805899613373
R0_vs_O3r,A077,33,0.998721285945913
R0_vs_O3r,A077,34,0.9972769511291885
R0_vs_O3r,A077,35,0.9982904720217887
R0_vs_O3r,A077,36,0.9985544787663022
R0_vs_O3r,A077,37,0.9965397565506965
R0_vs_O3r,A077,38,0.9986568685961084
R0_vs_O3r,A078,0,0.8350525061167009
R0_vs_O3r,A078,1,0.9959947582357435
R0_vs_O3r,A078,2,0.9985074809535434
R0_vs_O3r,A078,3,0.9991361432253808
R0_vs_O3r,A078,4,0.9991755924433595
R0_vs_O3r,A078,5,0.9990019876317062
R0_vs_O3r,A078,6,0.9994433667258795
R0_vs_O3r,A078,7,0.9993863603703856
R0_vs_O3r,A078,8,0.999393045488297
R0_vs_O3r,A078,9,0.99908125378669
R0_vs_O3r,A078,10,0.9989433824864833
R0_vs_O3r,A078,11,0.9990089850124508
R0_vs_O3r,A078,12,0.9990738562361066
R0_vs_O3r,A078,13,0.9986850256246794
R0_vs_O3r,A078,14,0.9989836702237209
R0_vs_O3r,A078,15,0.9989882031939243
R0_vs_O3r,A078,16,0.9987756862343623
R0_vs_O3r,A078,17,0.9984959001618333
R0_vs_O3r,A078,18,0.9987906564822057
R0_vs_O3r,A078,19,0.9983927867615742
R0_vs_O3r,A078,20,0.998568833903112
R0_vs_O3r,A078,21,0.9989918562311603
R0_vs_O3r,A078,22,0.9988885620103685
R0_vs_O3r,A078,23,0.9985434616838076
R0_vs_O3r,A078,24,0.9986873847527141
R0_vs_O3r,A078,25,0.9991805528911027
R0_vs_O3r,A078,26,0.9989932366571457
R0_vs_O3r,A078,27,0.9990378302766155
R0_vs_O3r,A078,28,0.999087715627129
R0_vs_O3r,A078,29,0.9986026458733192
R0_vs_O3r,A078,30,0.9982624503362391
R0_vs_O3r,A078,31,0.9977126619152493
R0_vs_O3r,A078,32,0.9980921174415847
R0_vs_O3r,A078,33,0.9982937618800684
R0_vs_O3r,A078,34,0.9980721847938366
R0_vs_O3r,A078,35,0.9994251599614415
R0_vs_O3r,A079,0,0.8350525061167009
R0_vs_O3r,A079,1,0.9959947582357435
R0_vs_O3r,A079,2,0.9985074809535434
R0_vs_O3r,A079,3,0.9991361432253808
R0_vs_O3r,A079,4,0.999167699784227
R0_vs_O3r,A079,5,0.9990767722004551
R0_vs_O3r,A079,6,0.999444281672127
R0_vs_O3r,A079,7,0.9992732933287412
R0_vs_O3r,A079,8,0.9991788335565162
R0_vs_O3r,A079,9,0.9986231762593325
R0_vs_O3r,A079,10,0.9989357306525086
R0_vs_O3r,A079,11,0.9989174607802199
R0_vs_O3r,A079,12,0.9996418502003133
R0_vs_O3r,A079,13,0.9989962235740181
R0_vs_O3r,A079,14,0.9987605962757728
R0_vs_O3r,A079,15,0.9979501265081229
R0_vs_O3r,A079,16,0.9985744564366907
R0_vs_O3r,A079,17,0.9986208292553324
R0_vs_O3r,A079,18,0.9984456313433644
R0_vs_O3r,A079,19,0.9985151619819875
R0_vs_O3r,A079,20,0.9982928969977071
R0_vs_O3r,A079,21,0.998423856109984
R0_vs_O3r,A079,22,0.9985997759833866
R0_vs_O3r,A079,23,0.9990308830781632
R0_vs_O3r,A079,24,0.9982944542290841
R0_vs_O3r,A079,25,0.9989324340134978
R0_vs_O3r,A079,26,0.998613697443509
R0_vs_O3r,A079,27,0.9988756665530485
R0_vs_O3r,A079,28,0.9989332188506935
R0_vs_O3r,A079,29,0.9987830448244769
R0_vs_O3r,A079,30,0.9986618825486837
R0_vs_O3r,A079,31,0.9983826302506579
R0_vs_O3r,A079,32,0.9974893854566671
R0_vs_O3r,A079,33,0.998332286668812
R0_vs_O3r,A079,34,0.996954833447048
R0_vs_O3r,A079,35,0.998024983431526
R0_vs_O3r,A079,36,0.9990405683605126
R0_vs_O3r,A080,0,0.8350525061167009
R0_vs_O3r,A080,1,0.9959947582357435
R0_vs_O3r,A080,2,0.9985074809535434
R0_vs_O3r,A080,3,0.9991361432253808
R0_vs_O3r,A080,4,0.9993127940820135
R0_vs_O3r,A080,5,0.9990356280228331
R0_vs_O3r,A080,6,0.9988098153792572
R0_vs_O3r,A080,7,0.9995897641885013
R0_vs_O3r,A080,8,0.9988480005265371
R0_vs_O3r,A080,9,0.9986036687931099
R0_vs_O3r,A080,10,0.9991236802868945
R0_vs_O3r,A080,11,0.999200447817995
R0_vs_O3r,A080,12,0.9984290313045044
R0_vs_O3r,A080,13,0.9987545997632671
R0_vs_O3r,A080,14,0.9985421856832559
R0_vs_O3r,A080,15,0.998221012712508
R0_vs_O3r,A080,16,0.99818518189782
R0_vs_O3r,A080,17,0.9986950423557676
R0_vs_O3r,A080,18,0.9987064649641055
R0_vs_O3r,A080,19,0.9986728655729616
R0_vs_O3r,A080,20,0.9987521785672437
R0_vs_O3r,A080,21,0.9987482203243757
R0_vs_O3r,A080,22,0.9987830712690403
R0_vs_O3r,A080,23,0.9986444473702769
R0_vs_O3r,A080,24,0.9986741664727263
R0_vs_O3r,A080,25,0.9991032700415374
R0_vs_O3r,A080,26,0.998854864761884
R0_vs_O3r,A080,27,0.9984287512490959
R0_vs_O3r,A080,28,0.9986584008350893
R0_vs_O3r,A080,29,0.9985317115396936
R0_vs_O3r,A080,30,0.9972004492614819
R0_vs_O3r,A080,31,0.9984102588265897
R0_vs_O3r,A080,32,0.998383285753605
R0_vs_O3r,A080,33,0.9974771517663615
R0_vs_O3r,A080,34,0.9988800423249868
R0_vs_O3r,A081,0,0.8350525061167009
R0_vs_O3r,A081,1,0.9959947582357435
R0_vs_O3r,A081,2,0.9985074809535434
R0_vs_O3r,A081,3,0.9991361432253808
R0_vs_O3r,A081,4,0.9993099264364904
R0_vs_O3r,A081,5,0.9992134416197835
R0_vs_O3r,A081,6,0.9989936322191798
R0_vs_O3r,A081,7,0.9992894861781281
R0_vs_O3r,A081,8,0.9990575382366053
R0_vs_O3r,A081,9,0.9989286051124566
R0_vs_O3r,A081,10,0.9995332266825075
R0_vs_O3r,A081,11,0.9993613742078549
R0_vs_O3r,A081,12,0.9987231374695968
R0_vs_O3r,A081,13,0.9992147057834666
R0_vs_O3r,A081,14,0.9989033925667489
R0_vs_O3r,A081,15,0.9987838268193094
R0_vs_O3r,A081,16,0.9992960850873054
R0_vs_O3r,A081,17,0.9990920964511598
R0_vs_O3r,A081,18,0.9989148906175604
R0_vs_O3r,A081,19,0.9989639064314081
R0_vs_O3r,A081,20,0.9984501286643781
R0_vs_O3r,A081,21,0.9973124528344441
R0_vs_O3r,A081,22,0.9978647184239877
R0_vs_O3r,A081,23,0.9975159930975781
R0_vs_O3r,A081,24,0.9979015202290319
R0_vs_O3r,A081,25,0.9985583684240723
R0_vs_O3r,A082,0,0.8350525061167009
R0_vs_O3r,A082,1,0.9959947582357435
R0_vs_O3r,A082,2,0.9985074809535434
R0_vs_O3r,A082,3,0.9991361432253808
R0_vs_O3r,A082,4,0.998949760156095
R0_vs_O3r,A082,5,0.9991292618151033
R0_vs_O3r,A082,6,0.9993125565283281
R0_vs_O3r,A082,7,0.9992493363288949
R0_vs_O3r,A082,8,0.9997103544582079
R0_vs_O3r,A082,9,0.9998167426995551
R0_vs_O3r,A082,10,0.9995825706509426
R0_vs_O3r,A082,11,0.9996367469320707
R0_vs_O3r,A082,12,0.9990962997761866
R0_vs_O3r,A082,13,0.9993201236048844
R0_vs_O3r,A082,14,0.999558698966851
R0_vs_O3r,A082,15,0.9992117658350363
R0_vs_O3r,A082,16,0.9989481885980894
R0_vs_O3r,A082,17,0.9991976498822049
R0_vs_O3r,A082,18,0.9992416351314694
R0_vs_O3r,A082,19,0.9989402021867195
R0_vs_O3r,A082,20,0.9987431401414087
R0_vs_O3r,A082,21,0.9984053811878302
R0_vs_O3r,A082,22,0.9972086215051725
R0_vs_O3r,A082,23,0.9980899489190046
R0_vs_O3r,A082,24,0.9983949225058507
R0_vs_O3r,A082,25,0.9980371548770642
R0_vs_O3r,A082,26,0.9987295437251887
R0_vs_O3r,A083,0,0.8350525061167009
R0_vs_O3r,A083,1,0.9959947582357435
R0_vs_O3r,A083,2,0.9985074809535434
R0_vs_O3r,A083,3,0.9991361432253808
R0_vs_O3r,A083,4,0.9993879522152738
R0_vs_O3r,A083,5,0.9984703345951929
R0_vs_O3r,A083,6,0.9986802363081411
R0_vs_O3r,A083,7,0.9979570658050045
R0_vs_O3r,A083,8,0.9989041948977835
R0_vs_O3r,A083,9,0.9993182955908628
R0_vs_O3r,A083,10,0.9995533978285404
R0_vs_O3r,A083,11,0.9994745597650829
R0_vs_O3r,A083,12,0.9994950941491516
R0_vs_O3r,A083,13,0.9992198623471044
R0_vs_O3r,A083,14,0.9992353379004113
R0_vs_O3r,A083,15,0.9985972907801065
R0_vs_O3r,A083,16,0.9991122886994462
R0_vs_O3r,A083,17,0.9985698861696112
R0_vs_O3r,A083,18,0.998537320565115
R0_vs_O3r,A083,19,0.9990476530109939
R0_vs_O3r,A083,20,0.9985489108784585
R0_vs_O3r,A083,21,0.9985204236853427
R0_vs_O3r,A083,22,0.9981208833270057
R0_vs_O3r,A083,23,0.9972887019765428
R0_vs_O3r,A083,24,0.9979480588228189
R0_vs_O3r,A083,25,0.9988104174696918
R0_vs_O3r,A083,26,0.99807204811266
R0_vs_O3r,A083,27,0.999087955356243
R0_vs_O3r,A084,0,0.8350525061167009
R0_vs_O3r,A084,1,0.9959947582357435
R0_vs_O3r,A084,2,0.9985074809535434
R0_vs_O3r,A084,3,0.9991361432253808
R0_vs_O3r,A084,4,0.999368084797589
R0_vs_O3r,A084,5,0.9990284158342205
R0_vs_O3r,A084,6,0.9992358587257099
R0_vs_O3r,A084,7,0.9993855292045007
R0_vs_O3r,A084,8,0.9992088172481773
R0_vs_O3r,A084,9,0.9988801857631134
R0_vs_O3r,A084,10,0.9987182951429889
R0_vs_O3r,A084,11,0.9991581402989593
R0_vs_O3r,A084,12,0.9993844500179705
R0_vs_O3r,A084,13,0.9990880547247106
R0_vs_O3r,A084,14,0.9990059399937116
R0_vs_O3r,A084,15,0.9990267277227076
R0_vs_O3r,A084,16,0.9990078759800248
R0_vs_O3r,A084,17,0.9990649197898989
R0_vs_O3r,A084,18,0.9991602518250998
R0_vs_O3r,A084,19,0.9985303690426787
R0_vs_O3r,A084,20,0.9976755365652366
R0_vs_O3r,A084,21,0.998125000715952
R0_vs_O3r,A084,22,0.9986141952403476
R0_vs_O3r,A084,23,0.9979988808110555
R0_vs_O3r,A084,24,0.9981869811103261
R0_vs_O3r,A085,0,0.8350525061167009
R0_vs_O3r,A085,1,0.9959947582357435
R0_vs_O3r,A085,2,0.9985074809535434
R0_vs_O3r,A085,3,0.9991361432253808
R0_vs_O3r,A085,4,0.9990023603705086
R0_vs_O3r,A085,5,0.9986807083953368
R0_vs_O3r,A085,6,0.9991100639404272
R0_vs_O3r,A085,7,0.9993175797426627
R0_vs_O3r,A085,8,0.9991891808866825
R0_vs_O3r,A085,9,0.999615064452853
R0_vs_O3r,A085,10,0.9994125469616381
R0_vs_O3r,A085,11,0.9993863663805971
R0_vs_O3r,A085,12,0.9994272570221284
R0_vs_O3r,A085,13,0.9995141040947454
R0_vs_O3r,A085,14,0.9991612870763987
R0_vs_O3r,A085,15,0.999139677976649
R0_vs_O3r,A085,16,0.9994216103784701
R0_vs_O3r,A085,17,0.999227615654669
R0_vs_O3r,A085,18,0.9993674174146692
R0_vs_O3r,A085,19,0.9983854815627428
R0_vs_O3r,A085,20,0.9976720698596815
R0_vs_O3r,A085,21,0.9975783070063046
R0_vs_O3r,A085,22,0.9987910584569722
R0_vs_O3r,A085,23,0.99853811022924
R0_vs_O3r,A085,24,0.9993632071007927
R0_vs_O3r,A086,0,0.8350525061167009
R0_vs_O3r,A086,1,0.9959947582357435
R0_vs_O3r,A086,2,0.9985074809535434
R0_vs_O3r,A086,3,0.9991361432253808
R0_vs_O3r,A086,4,0.9991131705165577
R0_vs_O3r,A086,5,0.9990194920481086
R0_vs_O3r,A086,6,0.99876350276841
R0_vs_O3r,A086,7,0.9993966496119759
R0_vs_O3r,A086,8,0.9993856394662992
R0_vs_O3r,A086,9,0.9994358259818504
R0_vs_O3r,A086,10,0.9993228781463216
R0_vs_O3r,A086,11,0.9994843232627513
R0_vs_O3r,A086,12,0.9996052396431536
R0_vs_O3r,A086,13,0.9994831896860555
R0_vs_O3r,A086,14,0.9993385869893913
R0_vs_O3r,A086,15,0.9992549553817476
R0_vs_O3r,A086,16,0.998542778378626
R0_vs_O3r,A086,17,0.9978054988092329
R0_vs_O3r,A086,18,0.9982566337743829
R0_vs_O3r,A086,19,0.9987947308265845
R0_vs_O3r,A086,20,0.9971636867769409
R0_vs_O3r,A086,21,0.9987138264874692
R0_vs_O3r,A087,0,0.8350525061167009
R0_vs_O3r,A087,1,0.9959947582357435
R0_vs_O3r,A087,2,0.9985074809535434
R0_vs_O3r,A087,3,0.9991361432253808
R0_vs_O3r,A087,4,0.9992074055922248
R0_vs_O3r,A087,5,0.9989524433337419
R0_vs_O3r,A087,6,0.9993028486154583
R0_vs_O3r,A087,7,0.998869666436035
R0_vs_O3r,A087,8,0.9988920119110706
R0_vs_O3r,A087,9,0.9987004084735515
R0_vs_O3r,A087,10,0.999157769059671
R0_vs_O3r,A087,11,0.9987647237863694
R0_vs_O3r,A087,12,0.9992318287571892
R0_vs_O3r,A087,13,0.9988208659602128
R0_vs_O3r,A087,14,0.9993670477249571
R0_vs_O3r,A087,15,0.9992391725665398
R0_vs_O3r,A087,16,0.9983878362043871
R0_vs_O3r,A087,17,0.9973587186780557
R0_vs_O3r,A087,18,0.9980976350655546
R0_vs_O3r,A087,19,0.9978319089233038
R0_vs_O3r,A087,20,0.9978952743574678
R0_vs_O3r,A087,21,0.9987118748690932
R0_vs_O3r,A088,0,0.8350525061167009
R0_vs_O3r,A088,1,0.9959947582357435
R0_vs_O3r,A088,2,0.9985074809535434
R0_vs_O3r,A088,3,0.9991361432253808
R0_vs_O3r,A088,4,0.9991988767100802
R0_vs_O3r,A088,5,0.9991004030687868
R0_vs_O3r,A088,6,0.9992023732444141
R0_vs_O3r,A088,7,0.9989619507802128
R0_vs_O3r,A088,8,0.9990244954639945
R0_vs_O3r,A088,9,0.9996713553280059
R0_vs_O3r,A088,10,0.9996508795940847
R0_vs_O3r,A088,11,0.9993012698621146
R0_vs_O3r,A088,12,0.9990517896832296
R0_vs_O3r,A088,13,0.9985388373032708
R0_vs_O3r,A088,14,0.9990683988307566
R0_vs_O3r,A088,15,0.9987195673116867
R0_vs_O3r,A088,16,0.9985587653125036
R0_vs_O3r,A088,17,0.9988273724059461
R0_vs_O3r,A088,18,0.9985490446732651
R0_vs_O3r,A088,19,0.9973222791019825
R0_vs_O3r,A088,20,0.997641226086747
R0_vs_O3r,A088,21,0.9985932132537689
R0_vs_O3r,A088,22,0.9979552800297546
R0_vs_O3r,A088,23,0.9989063811185825
R0_vs_O3r,A089,0,0.8350525061167009
R0_vs_O3r,A089,1,0.9959947582357435
R0_vs_O3r,A089,2,0.9985074809535434
R0_vs_O3r,A089,3,0.9991361432253808
R0_vs_O3r,A089,4,0.999206312908649
R0_vs_O3r,A089,5,0.9988233911417168
R0_vs_O3r,A089,6,0.9992651086567027
R0_vs_O3r,A089,7,0.998804433673345
R0_vs_O3r,A089,8,0.998953406935843
R0_vs_O3r,A089,9,0.9989157484369815
R0_vs_O3r,A089,10,0.9987342754824736
R0_vs_O3r,A089,11,0.999141283865594
R0_vs_O3r,A089,12,0.9992305787260073
R0_vs_O3r,A089,13,0.9993619143501586
R0_vs_O3r,A089,14,0.9988934604959677
R0_vs_O3r,A089,15,0.9993467688791113
R0_vs_O3r,A089,16,0.9989824340263664
R0_vs_O3r,A089,17,0.9986422690783842
R0_vs_O3r,A089,18,0.9988464736884745
R0_vs_O3r,A089,19,0.9985701142320406
R0_vs_O3r,A089,20,0.9982800184484371
R0_vs_O3r,A089,21,0.9974386183175237
R0_vs_O3r,A089,22,0.9978532692577398
R0_vs_O3r,A089,23,0.9987143905611219
R0_vs_O3r,A089,24,0.9980646446139732
R0_vs_O3r,A089,25,0.9984988481365727
R0_vs_O3r,A090,0,0.8350525061167009
R0_vs_O3r,A090,1,0.9959947582357435
R0_vs_O3r,A090,2,0.9985074809535434
R0_vs_O3r,A090,3,0.9991361432253808
R0_vs_O3r,A090,4,0.9985972109455853
R0_vs_O3r,A090,5,0.9988043513678841
R0_vs_O3r,A090,6,0.9989998482046367
R0_vs_O3r,A090,7,0.9991443887279013
R0_vs_O3r,A090,8,0.9985779607313678
R0_vs_O3r,A090,9,0.999009543515492
R0_vs_O3r,A090,10,0.9983097831262583
R0_vs_O3r,A090,11,0.999004104349302
R0_vs_O3r,A090,12,0.9993671153990177
R0_vs_O3r,A090,13,0.9989850218548753
R0_vs_O3r,A090,14,0.9994855851190492
R0_vs_O3r,A090,15,0.9990261681353899
R0_vs_O3r,A090,16,0.9991720652498832
R0_vs_O3r,A090,17,0.999021506051871
R0_vs_O3r,A090,18,0.9992911070870527
R0_vs_O3r,A090,19,0.9990760283013379
R0_vs_O3r,A090,20,0.9991047178984883
R0_vs_O3r,A090,21,0.9993143121997066
R0_vs_O3r,A090,22,0.998996470164845
R0_vs_O3r,A090,23,0.9983450801806464
R0_vs_O3r,A090,24,0.9978340899768999
R0_vs_O3r,A090,25,0.9983527135419784
R0_vs_O3r,A090,26,0.9987437255024898
R0_vs_O3r,A090,27,0.9971590008542304
R0_vs_O3r,A090,28,0.9979736550991652
R0_vs_O3r,A091,0,0.8350525061167009
R0_vs_O3r,A091,1,0.9959947582357435
R0_vs_O3r,A091,2,0.9985074809535434
R0_vs_O3r,A091,3,0.9994881562257711
R0_vs_O3r,A091,4,0.9991673066009948
R0_vs_O3r,A091,5,0.999048459280779
R0_vs_O3r,A091,6,0.9986026313995805
R0_vs_O3r,A091,7,0.9987192379595251
R0_vs_O3r,A091,8,0.9990897769158612
R0_vs_O3r,A091,9,0.9986849165697895
R0_vs_O3r,A091,10,0.9986324288076931
R0_vs_O3r,A091,11,0.9986347144709016
R0_vs_O3r,A091,12,0.9985742669111639
R0_vs_O3r,A091,13,0.9990203041630301
R0_vs_O3r,A091,14,0.9980248311745895
R0_vs_O3r,A091,15,0.9987145874414335
R0_vs_O3r,A091,16,0.9983626301677738
R0_vs_O3r,A091,17,0.9975278540978869
R0_vs_O3r,A091,18,0.997556882024324
R0_vs_O3r,A091,19,0.9987110293213187
R0_vs_O3r,A091,20,0.9984308907983344
R0_vs_O3r,A091,21,0.9981251635870767
R0_vs_O3r,A092,0,0.8350525061167009
R0_vs_O3r,A092,1,0.9959947582357435
R0_vs_O3r,A092,2,0.9985074809535434
R0_vs_O3r,A092,3,0.9994881562257711
R0_vs_O3r,A092,4,0.9991558241557581
R0_vs_O3r,A092,5,0.9991042532516003
R0_vs_O3r,A092,6,0.9989712704942875
R0_vs_O3r,A092,7,0.9987719170594175
R0_vs_O3r,A092,8,0.9981114727621604
R0_vs_O3r,A092,9,0.9988863938295175
R0_vs_O3r,A092,10,0.9990225227897984
R0_vs_O3r,A092,11,0.999127396100219
R0_vs_O3r,A092,12,0.9988482698798441
R0_vs_O3r,A092,13,0.9989148322930941
R0_vs_O3r,A092,14,0.9987019867935857
R0_vs_O3r,A092,15,0.9987414232708122
R0_vs_O3r,A092,16,0.9991144294085125
R0_vs_O3r,A092,17,0.9990233858019117
R0_vs_O3r,A092,18,0.9990785626785921
R0_vs_O3r,A092,19,0.99816976057173
R0_vs_O3r,A092,20,0.9985772499624832
R0_vs_O3r,A092,21,0.998265204252938
R0_vs_O3r,A092,22,0.9984149428304205
R0_vs_O3r,A092,23,0.99844260627068
R0_vs_O3r,A092,24,0.9989708695484878
R0_vs_O3r,A092,25,0.9990853752617962
R0_vs_O3r,A092,26,0.9985645879167733
R0_vs_O3r,A092,27,0.998959308473306
R0_vs_O3r,A092,28,0.9982159477035866
R0_vs_O3r,A092,29,0.9974587479444604
R0_vs_O3r,A092,30,0.9979286478119791
R0_vs_O3r,A092,31,0.9933427871884372
R0_vs_O3r,A092,32,0.9984390623768747
R0_vs_O3r,A092,33,0.999114458400119
R0_vs_O3r,A093,0,0.8350525061167009
R0_vs_O3r,A093,1,0.9959947582357435
R0_vs_O3r,A093,2,0.9985074809535434
R0_vs_O3r,A093,3,0.9994315125188751
R0_vs_O3r,A093,4,0.9994124559903402
R0_vs_O3r,A093,5,0.9987683104843947
R0_vs_O3r,A093,6,0.9988385577779427
R0_vs_O3r,A093,7,0.9991055292979225
R0_vs_O3r,A093,8,0.9994010143264456
R0_vs_O3r,A093,9,0.999283783318917
R0_vs_O3r,A093,10,0.9988647706185708
R0_vs_O3r,A093,11,0.9993307516965726
R0_vs_O3r,A093,12,0.9989826996508413
R0_vs_O3r,A093,13,0.9987819626103048
R0_vs_O3r,A093,14,0.9991906036285455
R0_vs_O3r,A093,15,0.9990442092966512
R0_vs_O3r,A093,16,0.9987751013694954
R0_vs_O3r,A093,17,0.9984729904796378
R0_vs_O3r,A093,18,0.9976775825007673
R0_vs_O3r,A093,19,0.9980942935601366
R0_vs_O3r,A093,20,0.9984296436203661
R0_vs_O3r,A093,21,0.9981952389086168
R0_vs_O3r,A093,22,0.9989446465967072
R0_vs_O3r,A094,0,0.8350525061167009
R0_vs_O3r,A094,1,0.9959947582357435
R0_vs_O3r,A094,2,0.9985074809535434
R0_vs_O3r,A094,3,0.9995204289140384
R0_vs_O3r,A094,4,0.9987732239283418
R0_vs_O3r,A094,5,0.9991925179924142
R0_vs_O3r,A094,6,0.9992908288991937
R0_vs_O3r,A094,7,0.9991149973808112
R0_vs_O3r,A094,8,0.9987574122720093
R0_vs_O3r,A094,9,0.9991995790460813
R0_vs_O3r,A094,10,0.9989008045287842
R0_vs_O3r,A094,11,0.9989071824642404
R0_vs_O3r,A094,12,0.9988802944281474
R0_vs_O3r,A094,13,0.999240048652323
R0_vs_O3r,A094,14,0.9990782062407181
R0_vs_O3r,A094,15,0.9991169629706299
R0_vs_O3r,A094,16,0.999016341418975
R0_vs_O3r,A094,17,0.9988979015955496
R0_vs_O3r,A094,18,0.9986334251092787
R0_vs_O3r,A094,19,0.9975813762931512
R0_vs_O3r,A094,20,0.9979648379084342
R0_vs_O3r,A094,21,0.9987081944495674
R0_vs_O3r,A094,22,0.9981613814368048
R0_vs_O3r,A094,23,0.9984826187328942
R0_vs_O3r,A095,0,0.8350525061167009
R0_vs_O3r,A095,1,0.9959947582357435
R0_vs_O3r,A095,2,0.9985074809535434
R0_vs_O3r,A095,3,0.9994881562257711
R0_vs_O3r,A095,4,0.9992704723901232
R0_vs_O3r,A095,5,0.9982714174515821
R0_vs_O3r,A095,6,0.9988770193279934
R0_vs_O3r,A095,7,0.9985312465062124
R0_vs_O3r,A095,8,0.9991691715117945
R0_vs_O3r,A095,9,0.9992173335988305
R0_vs_O3r,A095,10,0.99847001502666
R0_vs_O3r,A095,11,0.9993062081668304
R0_vs_O3r,A095,12,0.999164647015046
R0_vs_O3r,A095,13,0.9990291923332495
R0_vs_O3r,A095,14,0.9990945964674739
R0_vs_O3r,A095,15,0.9982859140784702
R0_vs_O3r,A095,16,0.9986077960423297
R0_vs_O3r,A095,17,0.9987087710682968
R0_vs_O3r,A095,18,0.9986747099361242
R0_vs_O3r,A095,19,0.9994366080415278
R0_vs_O3r,A095,20,0.9988610274488732
R0_vs_O3r,A095,21,0.9993423271416109
R0_vs_O3r,A095,22,0.9984393622774544
R0_vs_O3r,A095,23,0.9983539680795064
R0_vs_O3r,A095,24,0.9990660306475134
R0_vs_O3r,A095,25,0.9985433749062032
R0_vs_O3r,A095,26,0.9986490963179837
R0_vs_O3r,A095,27,0.9984214841552673
R0_vs_O3r,A095,28,0.9974883509919161
R0_vs_O3r,A095,29,0.9980511942294802
R0_vs_O3r,A095,30,0.9981757273015688
R0_vs_O3r,A095,31,0.99845067919672
R0_vs_O3r,A095,32,0.9991613888476351
R0_vs_O3r,A096,0,0.8350525061167009
R0_vs_O3r,A096,1,0.9959947582357435
R0_vs_O3r,A096,2,0.9985074809535434
R0_vs_O3r,A096,3,0.9994315125188751
R0_vs_O3r,A096,4,0.9991636967338513
R0_vs_O3r,A096,5,0.9992005833735849
R0_vs_O3r,A096,6,0.9991371335977178
R0_vs_O3r,A096,7,0.9986755251238887
R0_vs_O3r,A096,8,0.9988361475972971
R0_vs_O3r,A096,9,0.9990012473112483
R0_vs_O3r,A096,10,0.9992144562574056
R0_vs_O3r,A096,11,0.9994172493296638
R0_vs_O3r,A096,12,0.999182888472017
R0_vs_O3r,A096,13,0.9989079761458974
R0_vs_O3r,A096,14,0.9987652351147093
R0_vs_O3r,A096,15,0.9989487247609339
R0_vs_O3r,A096,16,0.9985682307716249
R0_vs_O3r,A096,17,0.9984169927043259
R0_vs_O3r,A096,18,0.9974092798906912
R0_vs_O3r,A096,19,0.9975750872829804
R0_vs_O3r,A096,20,0.9985482691456083
R0_vs_O3r,A096,21,0.998546834595775
R0_vs_O3r,A096,22,0.9989140663477475
R0_vs_O3r,A097,0,0.8350525061167009
R0_vs_O3r,A097,1,0.9959947582357435
R0_vs_O3r,A097,2,0.9985074809535434
R0_vs_O3r,A097,3,0.9994881562257711
R0_vs_O3r,A097,4,0.9986871548746253
R0_vs_O3r,A097,5,0.9985332516290963
R0_vs_O3r,A097,6,0.9987925513302873
R0_vs_O3r,A097,7,0.9989536631677383
R0_vs_O3r,A097,8,0.9986328573107907
R0_vs_O3r,A097,9,0.9989914823975213
R0_vs_O3r,A097,10,0.999342502014947
R0_vs_O3r,A097,11,0.9988988833265856
R0_vs_O3r,A097,12,0.99948340605849
R0_vs_O3r,A097,13,0.9992249298045287
R0_vs_O3r,A097,14,0.9986655244034003
R0_vs_O3r,A097,15,0.9989963097692214
R0_vs_O3r,A097,16,0.9992061940225966
R0_vs_O3r,A097,17,0.9991192876645699
R0_vs_O3r,A097,18,0.9990443873813901
R0_vs_O3r,A097,19,0.9976975731376111
R0_vs_O3r,A097,20,0.9982956907124888
R0_vs_O3r,A097,21,0.9975473578884873
R0_vs_O3r,A097,22,0.9977451258254931
R0_vs_O3r,A097,23,0.9976968659306934
R0_vs_O3r,A097,24,0.9980548736810733
R0_vs_O3r,A097,25,0.9986784447478663
R0_vs_O3r,A098,0,0.8350525061167009
R0_vs_O3r,A098,1,0.9959947582357435
R0_vs_O3r,A098,2,0.9985074809535434
R0_vs_O3r,A098,3,0.9995204289140384
R0_vs_O3r,A098,4,0.9992382865466598
R0_vs_O3r,A098,5,0.9991161616881375
R0_vs_O3r,A098,6,0.9991501215279331
R0_vs_O3r,A098,7,0.9989697862180303
R0_vs_O3r,A098,8,0.999258417470238
R0_vs_O3r,A098,9,0.9989417786462893
R0_vs_O3r,A098,10,0.9994380393323846
R0_vs_O3r,A098,11,0.9985911767987655
R0_vs_O3r,A098,12,0.9991083730354926
R0_vs_O3r,A098,13,0.9991731608857146
R0_vs_O3r,A098,14,0.999185422559431
R0_vs_O3r,A098,15,0.9991475624418369
R0_vs_O3r,A098,16,0.9989652970102229
R0_vs_O3r,A098,17,0.999096923430078
R0_vs_O3r,A098,18,0.999098599458012
R0_vs_O3r,A098,19,0.9990155106538112
R0_vs_O3r,A098,20,0.9990934835635601
R0_vs_O3r,A098,21,0.9991303857265161
R0_vs_O3r,A098,22,0.9986386364063152
R0_vs_O3r,A098,23,0.9974591448714957
R0_vs_O3r,A098,24,0.9970998758233854
R0_vs_O3r,A098,25,0.9984574406268798
R0_vs_O3r,A098,26,0.9984198158735957
R0_vs_O3r,A098,27,0.9988707054892849
R0_vs_O3r,A099,0,0.8350525061167009
R0_vs_O3r,A099,1,0.9959947582357435
R0_vs_O3r,A099,2,0.9985074809535434
R0_vs_O3r,A099,3,0.9994881562257711
R0_vs_O3r,A099,4,0.9991769373719067
R0_vs_O3r,A099,5,0.9986051124121961
R0_vs_O3r,A099,6,0.9989265456539201
R0_vs_O3r,A099,7,0.9988333805304419
R0_vs_O3r,A099,8,0.9994166954817588
R0_vs_O3r,A099,9,0.9994394649439613
R0_vs_O3r,A099,10,0.9987947766524669
R0_vs_O3r,A099,11,0.9989078967222635
R0_vs_O3r,A099,12,0.9990089063522407
R0_vs_O3r,A099,13,0.9987892774301913
R0_vs_O3r,A099,14,0.9985279073215614
R0_vs_O3r,A099,15,0.9984162502959611
R0_vs_O3r,A099,16,0.9986459515192322
R0_vs_O3r,A099,17,0.9988012809189823
R0_vs_O3r,A099,18,0.9990432501460867
R0_vs_O3r,A099,19,0.9989073187440871
R0_vs_O3r,A099,20,0.9980556093104043
R0_vs_O3r,A099,21,0.9975944478492191
R0_vs_O3r,A099,22,0.9986396914298173
R0_vs_O3r,A099,23,0.9984422755695235
R0_vs_O3r,A099,24,0.997749013508927
R0_vs_O3r,A099,25,0.9977110051512327
R0_vs_O3r,A099,26,0.9986006788160988
R0_vs_O3r,A099,27,0.9983371727366785
R0_vs_O3r,A099,28,0.9987845968149148
R0_vs_O3r,A100,0,0.8350525061167009
R0_vs_O3r,A100,1,0.9959947582357435
R0_vs_O3r,A100,2,0.9985074809535434
R0_vs_O3r,A100,3,0.9994315125188751
R0_vs_O3r,A100,4,0.9989781432037795
R0_vs_O3r,A100,5,0.9990238968719184
R0_vs_O3r,A100,6,0.9994052073988979
R0_vs_O3r,A100,7,0.999354155242199
R0_vs_O3r,A100,8,0.9990297997290467
R0_vs_O3r,A100,9,0.9990107116886368
R0_vs_O3r,A100,10,0.9989790417487433
R0_vs_O3r,A100,11,0.9990778072895681
R0_vs_O3r,A100,12,0.9988229040790497
R0_vs_O3r,A100,13,0.9990671387077456
R0_vs_O3r,A100,14,0.9988935330298931
R0_vs_O3r,A100,15,0.9991222280939811
R0_vs_O3r,A100,16,0.998793734524937
R0_vs_O3r,A100,17,0.9983601433576658
R0_vs_O3r,A100,18,0.9975209790730107
R0_vs_O3r,A100,19,0.9979568371754999
R0_vs_O3r,A100,20,0.9985307564776726
R0_vs_O3r,A100,21,0.9980346374886815
R0_vs_O3r,A100,22,0.9988546490458416
O0_vs_O3r,A001,0,0.9658916011089675
O0_vs_O3r,A001,1,0.9966613769893105
O0_vs_O3r,A001,2,0.9987234901254934
O0_vs_O3r,A001,3,0.9993503956597961
O0_vs_O3r,A001,4,0.9993987364810528
O0_vs_O3r,A001,5,0.9990154732899421
O0_vs_O3r,A001,6,0.9992406212118317
O0_vs_O3r,A001,7,0.9991762508674635
O0_vs_O3r,A001,8,0.998972425161975
O0_vs_O3r,A001,9,0.9987747847436084
O0_vs_O3r,A001,10,0.9986267270166491
O0_vs_O3r,A001,11,0.9982023799518622
O0_vs_O3r,A001,12,0.9984005778313092
O0_vs_O3r,A001,13,0.9991066435116498
O0_vs_O3r,A001,14,0.9983785035323164
O0_vs_O3r,A001,15,0.9989711282387034
O0_vs_O3r,A002,0,0.9658916011089675
O0_vs_O3r,A002,1,0.9966613769893105
O0_vs_O3r,A002,2,0.9987234901254934
O0_vs_O3r,A002,3,0.9993503956597961
O0_vs_O3r,A002,4,0.9991900900722717
O0_vs_O3r,A002,5,0.9994485299496838
O0_vs_O3r,A002,6,0.9990131447511963
O0_vs_O3r,A002,7,0.9992059862284322
O0_vs_O3r,A002,8,0.9993074470682993
O0_vs_O3r,A002,9,0.9990073808195018
O0_vs_O3r,A002,10,0.9988850377855668
O0_vs_O3r,A002,11,0.998656110815369
O0_vs_O3r,A002,12,0.998025434492205
O0_vs_O3r,A002,13,0.9984115553906548
O0_vs_O3r,A002,14,0.999046158830206
O0_vs_O3r,A002,15,0.9981020331602793
O0_vs_O3r,A002,16,0.9990618072255746
O0_vs_O3r,A003,0,0.9658916011089675
O0_vs_O3r,A003,1,0.9966613769893105
O0_vs_O3r,A003,2,0.9987234901254934
O0_vs_O3r,A003,3,0.9993503956597961
O0_vs_O3r,A003,4,0.9987710257894602
O0_vs_O3r,A003,5,0.9993249546959115
O0_vs_O3r,A003,6,0.9992896323647642
O0_vs_O3r,A003,7,0.9993788063489385
O0_vs_O3r,A003,8,0.9992823559987369
O0_vs_O3r,A003,9,0.9989421622807763
O0_vs_O3r,A003,10,0.9987188513549984
O0_vs_O3r,A003,11,0.9982136900059689
O0_vs_O3r,A003,12,0.9982875480039076
O0_vs_O3r,A003,13,0.9989934621631678
O0_vs_O3r,A003,14,0.9983451437936897
O0_vs_O3r,A003,15,0.9989657865899401
O0_vs_O3r,A004,0,0.9658916011089675
O0_vs_O3r,A004,1,0.9966613769893105
O0_vs_O3r,A004,2,0.9987234901254934
O0_vs_O3r,A004,3,0.9993503940470819
O0_vs_O3r,A004,4,0.9991158012677999
O0_vs_O3r,A004,5,0.9990487343324321
O0_vs_O3r,A004,6,0.9992814321074983
O0_vs_O3r,A004,7,0.9991847379087392
O0_vs_O3r,A004,8,0.9990462238602675
O0_vs_O3r,A004,9,0.9992550797403081
O0_vs_O3r,A004,10,0.9992925579127528
O0_vs_O3r,A004,11,0.9989250708094733
O0_vs_O3r,A004,12,0.9984822700984608
O0_vs_O3r,A004,13,0.9980720155821621
O0_vs_O3r,A004,14,0.9983087912893915
O0_vs_O3r,A004,15,0.9982437408901935
O0_vs_O3r,A004,16,0.9982669104643381
O0_vs_O3r,A004,17,0.9987943216126572
O0_vs_O3r,A005,0,0.9658916011089675
O0_vs_O3r,A005,1,0.9966613769893105
O0_vs_O3r,A005,2,0.9987234901254934
O0_vs_O3r,A005,3,0.9993503940470819
O0_vs_O3r,A005,4,0.9994354028296135
O0_vs_O3r,A005,5,0.999397039882853
O0_vs_O3r,A005,6,0.9989102709548765
O0_vs_O3r,A005,7,0.999301874838279
O0_vs_O3r,A005,8,0.9993036174057766
O0_vs_O3r,A005,9,0.9991399658992272
O0_vs_O3r,A005,10,0.9991953042955491
O0_vs_O3r,A005,11,0.9990274407818454
O0_vs_O3r,A005,12,0.9987547609945558
O0_vs_O3r,A005,13,0.9980930011367467
O0_vs_O3r,A005,14,0.9983665179806887
O0_vs_O3r,A005,15,0.998710517520753
O0_vs_O3r,A005,16,0.9981374899218374
O0_vs_O3r,A005,17,0.9988597198099195
O0_vs_O3r,A006,0,0.9658916011089675
O0_vs_O3r,A006,1,0.9966613769893105
O0_vs_O3r,A006,2,0.9987234901254934
O0_vs_O3r,A006,3,0.9993503940470819
O0_vs_O3r,A006,4,0.9992043302549672
O0_vs_O3r,A006,5,0.9989745149995554
O0_vs_O3r,A006,6,0.9990880719330695
O0_vs_O3r,A006,7,0.9992111538033654
O0_vs_O3r,A006,8,0.9988181905842375
O0_vs_O3r,A006,9,0.9990914164517259
O0_vs_O3r,A006,10,0.9991858093300455
O0_vs_O3r,A006,11,0.9990937464182752
O0_vs_O3r,A006,12,0.9987540183922191
O0_vs_O3r,A006,13,0.9986465070546272
O0_vs_O3r,A006,14,0.997918908268983
O0_vs_O3r,A006,15,0.9984030439103658
O0_vs_O3r,A006,16,0.9988545294542679
O0_vs_O3r,A006,17,0.9983537497242957
O0_vs_O3r,A006,18,0.9989938480472123
O0_vs_O3r,A007,0,0.9658916011089675
O0_vs_O3r,A007,1,0.9966613769893105
O0_vs_O3r,A007,2,0.9987234901254934
O0_vs_O3r,A007,3,0.9993503956597961
O0_vs_O3r,A007,4,0.9994512159271829
O0_vs_O3r,A007,5,0.9985367291758689
O0_vs_O3r,A007,6,0.9988356358559741
O0_vs_O3r,A007,7,0.9986905114434024
O0_vs_O3r,A007,8,0.9989225764196088
O0_vs_O3r,A007,9,0.9988337356979825
O0_vs_O3r,A007,10,0.9986781048469678
O0_vs_O3r,A007,11,0.99809636651453
O0_vs_O3r,A007,12,0.9984945542947927
O0_vs_O3r,A007,13,0.9981920299669067
O0_vs_O3r,A007,14,0.9982600344509552
O0_vs_O3r,A007,15,0.9990601334075068
O0_vs_O3r,A008,0,0.9658916011089675
O0_vs_O3r,A008,1,0.9966613769893105
O0_vs_O3r,A008,2,0.9987234901254934
O0_vs_O3r,A008,3,0.9993503956597961
O0_vs_O3r,A008,4,0.9992865874983913
O0_vs_O3r,A008,5,0.9991080175399542
O0_vs_O3r,A008,6,0.9989560319632942
O0_vs_O3r,A008,7,0.9991815344451869
O0_vs_O3r,A008,8,0.9993839222995052
O0_vs_O3r,A008,9,0.9990385063318911
O0_vs_O3r,A008,10,0.9988258354810511
O0_vs_O3r,A008,11,0.9985891004612371
O0_vs_O3r,A008,12,0.9981601191652091
O0_vs_O3r,A008,13,0.9985482958988742
O0_vs_O3r,A008,14,0.9989100812333193
O0_vs_O3r,A008,15,0.9983106353223519
O0_vs_O3r,A008,16,0.9990007589704365
O0_vs_O3r,A009,0,0.9658916011089675
O0_vs_O3r,A009,1,0.9966613769893105
O0_vs_O3r,A009,2,0.9987234901254934
O0_vs_O3r,A009,3,0.9993503940470819
O0_vs_O3r,A009,4,0.999383178612509
O0_vs_O3r,A009,5,0.9992380742286954
O0_vs_O3r,A009,6,0.9993626390942354
O0_vs_O3r,A009,7,0.9991328043944865
O0_vs_O3r,A009,8,0.9992664642275253
O0_vs_O3r,A009,9,0.9990176717574603
O0_vs_O3r,A009,10,0.9993583130441963
O0_vs_O3r,A009,11,0.999511965825663
O0_vs_O3r,A009,12,0.9989589910301298
O0_vs_O3r,A009,13,0.9987628843107875
O0_vs_O3r,A009,14,0.9981033128878349
O0_vs_O3r,A009,15,0.998436770161904
O0_vs_O3r,A009,16,0.9988457853948308
O0_vs_O3r,A009,17,0.9984292830029078
O0_vs_O3r,A009,18,0.9989194004990054
O0_vs_O3r,A010,0,0.9658916011089675
O0_vs_O3r,A010,1,0.9966613769893105
O0_vs_O3r,A010,2,0.9987234901254934
O0_vs_O3r,A010,3,0.9993503956597961
O0_vs_O3r,A010,4,0.9993080594525716
O0_vs_O3r,A010,5,0.9994288360776739
O0_vs_O3r,A010,6,0.999444033764622
O0_vs_O3r,A010,7,0.9991086432088453
O0_vs_O3r,A010,8,0.9993169963006977
O0_vs_O3r,A010,9,0.9992487591950143
O0_vs_O3r,A010,10,0.998797529501831
O0_vs_O3r,A010,11,0.9986991353642638
O0_vs_O3r,A010,12,0.9982169035694773
O0_vs_O3r,A010,13,0.9983512646357069
O0_vs_O3r,A010,14,0.9988774372224821
O0_vs_O3r,A010,15,0.9983805481869704
O0_vs_O3r,A010,16,0.9988778845390647
O0_vs_O3r,A011,0,0.9658916011089675
O0_vs_O3r,A011,1,0.9966613769893105
O0_vs_O3r,A011,2,0.9987234901254934
O0_vs_O3r,A011,3,0.9993503940470819
O0_vs_O3r,A011,4,0.9990956284249348
O0_vs_O3r,A011,5,0.9990269360664871
O0_vs_O3r,A011,6,0.999193927967148
O0_vs_O3r,A011,7,0.9993740652701305
O0_vs_O3r,A011,8,0.9990618938101147
O0_vs_O3r,A011,9,0.999003725182667
O0_vs_O3r,A011,10,0.9992179532223019
O0_vs_O3r,A011,11,0.9989215914306689
O0_vs_O3r,A011,12,0.998696280023708
O0_vs_O3r,A011,13,0.9983773275431187
O0_vs_O3r,A011,14,0.9989360607588562
O0_vs_O3r,A011,15,0.9987847590478101
O0_vs_O3r,A011,16,0.9988860283500266
O0_vs_O3r,A011,17,0.9992436281774623
O0_vs_O3r,A011,18,0.999080396962856
O0_vs_O3r,A011,19,0.9993022541543436
O0_vs_O3r,A011,20,0.9989943588117105
O0_vs_O3r,A011,21,0.9989848410860775
O0_vs_O3r,A011,22,0.9986202950904115
O0_vs_O3r,A011,23,0.9977829681291467
O0_vs_O3r,A011,24,0.9984948635582872
O0_vs_O3r,A011,25,0.9990829450361924
O0_vs_O3r,A011,26,0.9981520516637381
O0_vs_O3r,A011,27,0.9990893705962716
O0_vs_O3r,A012,0,0.9658916011089675
O0_vs_O3r,A012,1,0.9966613769893105
O0_vs_O3r,A012,2,0.9987234901254934
O0_vs_O3r,A012,3,0.9993503940470819
O0_vs_O3r,A012,4,0.9989915633519629
O0_vs_O3r,A012,5,0.9989897638273336
O0_vs_O3r,A012,6,0.9992393556071525
O0_vs_O3r,A012,7,0.9992129892882617
O0_vs_O3r,A012,8,0.9993610016080361
O0_vs_O3r,A012,9,0.9993533865143186
O0_vs_O3r,A012,10,0.9988738666061359
O0_vs_O3r,A012,11,0.9991078660784098
O0_vs_O3r,A012,12,0.9987422000689319
O0_vs_O3r,A012,13,0.9986406261246596
O0_vs_O3r,A012,14,0.9987772905158067
O0_vs_O3r,A012,15,0.9986269344470015
O0_vs_O3r,A012,16,0.9990936547188934
O0_vs_O3r,A012,17,0.9989016342654307
O0_vs_O3r,A012,18,0.9990446705094523
O0_vs_O3r,A012,19,0.9991323748605548
O0_vs_O3r,A012,20,0.9987832079194343
O0_vs_O3r,A012,21,0.9987168193894378
O0_vs_O3r,A012,22,0.9977825269109581
O0_vs_O3r,A012,23,0.9986770681219133
O0_vs_O3r,A012,24,0.9985919236854781
O0_vs_O3r,A012,25,0.9983643252477337
O0_vs_O3r,A012,26,0.9991890681268447
O0_vs_O3r,A013,0,0.9658916011089675
O0_vs_O3r,A013,1,0.9966613769893105
O0_vs_O3r,A013,2,0.9987234901254934
O0_vs_O3r,A013,3,0.9993503940470819
O0_vs_O3r,A013,4,0.999303308866551
O0_vs_O3r,A013,5,0.9991211991389775
O0_vs_O3r,A013,6,0.9990752533167582
O0_vs_O3r,A013,7,0.9993636385049102
O0_vs_O3r,A013,8,0.9990091433743897
O0_vs_O3r,A013,9,0.9988438027424649
O0_vs_O3r,A013,10,0.9991459502866513
O0_vs_O3r,A013,11,0.998878362350904
O0_vs_O3r,A013,12,0.9989526897423611
O0_vs_O3r,A013,13,0.9992857038592421
O0_vs_O3r,A013,14,0.9988458988296062
O0_vs_O3r,A013,15,0.9990371295896602
O0_vs_O3r,A013,16,0.9988281188135381
O0_vs_O3r,A013,17,0.9986483973130249
O0_vs_O3r,A013,18,0.998028186067056
O0_vs_O3r,A013,19,0.9984893482587395
O0_vs_O3r,A013,20,0.9988897091119936
O0_vs_O3r,A013,21,0.9981644721726646
O0_vs_O3r,A013,22,0.9989839762863937
O0_vs_O3r,A014,0,0.9658916011089675
O0_vs_O3r,A014,1,0.9966613769893105
O0_vs_O3r,A014,2,0.9987234901254934
O0_vs_O3r,A014,3,0.9993503940470819
O0_vs_O3r,A014,4,0.9992572950197861
O0_vs_O3r,A014,5,0.9986739499588904
O0_vs_O3r,A014,6,0.9990546509255881
O0_vs_O3r,A014,7,0.9990036669473612
O0_vs_O3r,A014,8,0.9991450623477179
O0_vs_O3r,A014,9,0.9992591115666352
O0_vs_O3r,A014,10,0.9989538459523762
O0_vs_O3r,A014,11,0.9990974179651996
O0_vs_O3r,A014,12,0.9992658604018319
O0_vs_O3r,A014,13,0.9991535829426711
O0_vs_O3r,A014,14,0.9994129705062823
O0_vs_O3r,A014,15,0.9990685661736275
O0_vs_O3r,A014,16,0.9990154516535802
O0_vs_O3r,A014,17,0.9988484768853985
O0_vs_O3r,A014,18,0.9989083759284343
O0_vs_O3r,A014,19,0.9986889540053174
O0_vs_O3r,A014,20,0.997921765870799
O0_vs_O3r,A014,21,0.9983161594859029
O0_vs_O3r,A014,22,0.9988319656721608
O0_vs_O3r,A014,23,0.9982304484901834
O0_vs_O3r,A014,24,0.9991284351945169
O0_vs_O3r,A015,0,0.9658916011089675
O0_vs_O3r,A015,1,0.9966613769893105
O0_vs_O3r,A015,2,0.9987234901254934
O0_vs_O3r,A015,3,0.9993503940470819
O0_vs_O3r,A015,4,0.9992825401051669
O0_vs_O3r,A015,5,0.9989801405174497
O0_vs_O3r,A015,6,0.9993491630837774
O0_vs_O3r,A015,7,0.9995293298889505
O0_vs_O3r,A015,8,0.9991390912894027
O0_vs_O3r,A015,9,0.9989228361279486
O0_vs_O3r,A015,10,0.9988100187892216
O0_vs_O3r,A015,11,0.9984798767192736
O0_vs_O3r,A015,12,0.9992651431590939
O0_vs_O3r,A015,13,0.9990040914986363
O0_vs_O3r,A015,14,0.9988416091601985
O0_vs_O3r,A015,15,0.9991154256296696
O0_vs_O3r,A015,16,0.9988341060387356
O0_vs_O3r,A015,17,0.9986676077667863
O0_vs_O3r,A015,18,0.9980510158710134
O0_vs_O3r,A015,19,0.9982783406699786
O0_vs_O3r,A015,20,0.9982331158388481
O0_vs_O3r,A015,21,0.9981431016142085
O0_vs_O3r,A015,22,0.9989801254786821
O0_vs_O3r,A016,0,0.9658916011089675
O0_vs_O3r,A016,1,0.9966613769893105
O0_vs_O3r,A016,2,0.9987234901254934
O0_vs_O3r,A016,3,0.9993503940470819
O0_vs_O3r,A016,4,0.9989768029675774
O0_vs_O3r,A016,5,0.9990671386479344
O0_vs_O3r,A016,6,0.9991511001204242
O0_vs_O3r,A016,7,0.9990436846960384
O0_vs_O3r,A016,8,0.998962571268807
O0_vs_O3r,A016,9,0.9990493279857524
O0_vs_O3r,A016,10,0.9988321952931883
O0_vs_O3r,A016,11,0.9988498843156032
O0_vs_O3r,A016,12,0.9987413179160062
O0_vs_O3r,A016,13,0.999023360170011
O0_vs_O3r,A016,14,0.9989548529118272
O0_vs_O3r,A016,15,0.9992245059695648
O0_vs_O3r,A016,16,0.998995116235419
O0_vs_O3r,A016,17,0.9992572224139876
O0_vs_O3r,A016,18,0.9989658823703998
O0_vs_O3r,A016,19,0.9986334146333306
O0_vs_O3r,A016,20,0.9979405168634771
O0_vs_O3r,A016,21,0.9985054000987845
O0_vs_O3r,A016,22,0.9986887668389353
O0_vs_O3r,A016,23,0.9983246148701826
O0_vs_O3r,A016,24,0.9988774479867835
O0_vs_O3r,A017,0,0.9658916011089675
O0_vs_O3r,A017,1,0.9966613769893105
O0_vs_O3r,A017,2,0.9987234901254934
O0_vs_O3r,A017,3,0.9993503940470819
O0_vs_O3r,A017,4,0.9993938157216693
O0_vs_O3r,A017,5,0.9992701843699135
O0_vs_O3r,A017,6,0.9993459282425362
O0_vs_O3r,A017,7,0.9994757705444581
O0_vs_O3r,A017,8,0.9992261267399626
O0_vs_O3r,A017,9,0.9990799698501824
O0_vs_O3r,A017,10,0.998854240136397
O0_vs_O3r,A017,11,0.9990259261335523
O0_vs_O3r,A017,12,0.9988796017802485
O0_vs_O3r,A017,13,0.9990130405676504
O0_vs_O3r,A017,14,0.9992225765941909
O0_vs_O3r,A017,15,0.9987380907087766
O0_vs_O3r,A017,16,0.9988939735368607
O0_vs_O3r,A017,17,0.9979424278215612
O0_vs_O3r,A017,18,0.9985008918641126
O0_vs_O3r,A017,19,0.9991182991024029
O0_vs_O3r,A017,20,0.998286598521528
O0_vs_O3r,A017,21,0.999283772012852
O0_vs_O3r,A018,0,0.9658916011089675
O0_vs_O3r,A018,1,0.9966613769893105
O0_vs_O3r,A018,2,0.9987234901254934
O0_vs_O3r,A018,3,0.9993503940470819
O0_vs_O3r,A018,4,0.9991916126326771
O0_vs_O3r,A018,5,0.9990102182420622
O0_vs_O3r,A018,6,0.9991681975660852
O0_vs_O3r,A018,7,0.999371241198648
O0_vs_O3r,A018,8,0.9991322774212377
O0_vs_O3r,A018,9,0.9991380524340959
O0_vs_O3r,A018,10,0.9990867465521108
O0_vs_O3r,A018,11,0.9987927407752354
O0_vs_O3r,A018,12,0.9987921436380257
O0_vs_O3r,A018,13,0.9989827686360776
O0_vs_O3r,A018,14,0.9987464898988088
O0_vs_O3r,A018,15,0.998628361678805
O0_vs_O3r,A018,16,0.9979141835517444
O0_vs_O3r,A018,17,0.9985093662731064
O0_vs_O3r,A018,18,0.9980018898950378
O0_vs_O3r,A018,19,0.9981423187305782
O0_vs_O3r,A018,20,0.999134882177601
O0_vs_O3r,A019,0,0.9658916011089675
O0_vs_O3r,A019,1,0.9966613769893105
O0_vs_O3r,A019,2,0.9987234901254934
O0_vs_O3r,A019,3,0.9993503940470819
O0_vs_O3r,A019,4,0.9993725135459368
O0_vs_O3r,A019,5,0.9989983125553762
O0_vs_O3r,A019,6,0.999258391642264
O0_vs_O3r,A019,7,0.9994922742272496
O0_vs_O3r,A019,8,0.9989895110041704
O0_vs_O3r,A019,9,0.999019273430247
O0_vs_O3r,A019,10,0.9990118344796561
O0_vs_O3r,A019,11,0.9987811060333295
O0_vs_O3r,A019,12,0.9993359451233297
O0_vs_O3r,A019,13,0.9986407638160387
O0_vs_O3r,A019,14,0.9990320913123766
O0_vs_O3r,A019,15,0.9984573983111323
O0_vs_O3r,A019,16,0.9988928998522608
O0_vs_O3r,A019,17,0.9986435608593245
O0_vs_O3r,A019,18,0.9987531166168195
O0_vs_O3r,A019,19,0.9979886921526052
O0_vs_O3r,A019,20,0.9983202552041175
O0_vs_O3r,A019,21,0.999084475828185
O0_vs_O3r,A019,22,0.9982669640772385
O0_vs_O3r,A019,23,0.9990236775324906
O0_vs_O3r,A020,0,0.9658916011089675
O0_vs_O3r,A020,1,0.9966613769893105
O0_vs_O3r,A020,2,0.9987234901254934
O0_vs_O3r,A020,3,0.9993503940470819
O0_vs_O3r,A020,4,0.9994033389780834
O0_vs_O3r,A020,5,0.9988846580564581
O0_vs_O3r,A020,6,0.9992455557693231
O0_vs_O3r,A020,7,0.9993789874956351
O0_vs_O3r,A020,8,0.9991737768424774
O0_vs_O3r,A020,9,0.9989404463555471
O0_vs_O3r,A020,10,0.9990551699074679
O0_vs_O3r,A020,11,0.9991424120267448
O0_vs_O3r,A020,12,0.9989396090107713
O0_vs_O3r,A020,13,0.9986405389483652
O0_vs_O3r,A020,14,0.9989636826528681
O0_vs_O3r,A020,15,0.9988935551111543
O0_vs_O3r,A020,16,0.9988556775157108
O0_vs_O3r,A020,17,0.9990176184996151
O0_vs_O3r,A020,18,0.9988558522407879
O0_vs_O3r,A020,19,0.9985863448432288
O0_vs_O3r,A020,20,0.9979508088974164
O0_vs_O3r,A020,21,0.9983688873833206
O0_vs_O3r,A020,22,0.9986057242015963
O0_vs_O3r,A020,23,0.9983354605938227
O0_vs_O3r,A020,24,0.9990768442351018
O0_vs_O3r,A021,0,0.9658916011089675
O0_vs_O3r,A021,1,0.9966613769893105
O0_vs_O3r,A021,2,0.9987234901254934
O0_vs_O3r,A021,3,0.9993503940470819
O0_vs_O3r,A021,4,0.9993987291985144
O0_vs_O3r,A021,5,0.9990579516636542
O0_vs_O3r,A021,6,0.9986109741278307
O0_vs_O3r,A021,7,0.9993671464463508
O0_vs_O3r,A021,8,0.999395685986924
O0_vs_O3r,A021,9,0.9990982014932261
O0_vs_O3r,A021,10,0.9993611073128803
O0_vs_O3r,A021,11,0.9993820400234181
O0_vs_O3r,A021,12,0.9991030414403681
O0_vs_O3r,A021,13,0.9988243300505627
O0_vs_O3r,A021,14,0.9989870963637274
O0_vs_O3r,A021,15,0.9989769720177676
O0_vs_O3r,A021,16,0.9990233448310316
O0_vs_O3r,A021,17,0.9990817702427247
O0_vs_O3r,A021,18,0.9990801336839716
O0_vs_O3r,A021,19,0.9988600569707338
O0_vs_O3r,A021,20,0.9988447210326312
O0_vs_O3r,A021,21,0.9986336014624821
O0_vs_O3r,A021,22,0.9976959170150618
O0_vs_O3r,A021,23,0.9984631525449779
O0_vs_O3r,A021,24,0.9988301211113844
O0_vs_O3r,A021,25,0.9983592067682836
O0_vs_O3r,A021,26,0.9990353942295588
O0_vs_O3r,A022,0,0.9658916011089675
O0_vs_O3r,A022,1,0.9966613769893105
O0_vs_O3r,A022,2,0.9987234901254934
O0_vs_O3r,A022,3,0.9993503940470819
O0_vs_O3r,A022,4,0.9991185551001632
O0_vs_O3r,A022,5,0.9985021584021763
O0_vs_O3r,A022,6,0.9990898893733233
O0_vs_O3r,A022,7,0.9990978217425664
O0_vs_O3r,A022,8,0.9993763622977868
O0_vs_O3r,A022,9,0.9991553879982034
O0_vs_O3r,A022,10,0.9986181862942416
O0_vs_O3r,A022,11,0.9989022352748688
O0_vs_O3r,A022,12,0.9988190866528733
O0_vs_O3r,A022,13,0.9990040679888862
O0_vs_O3r,A022,14,0.9990808870037118
O0_vs_O3r,A022,15,0.998564200818683
O0_vs_O3r,A022,16,0.9991373937344198
O0_vs_O3r,A022,17,0.9987210197309899
O0_vs_O3r,A022,18,0.9986337410297084
O0_vs_O3r,A022,19,0.9979838146748804
O0_vs_O3r,A022,20,0.998550517920548
O0_vs_O3r,A022,21,0.998960992744385
O0_vs_O3r,A022,22,0.9983411439830956
O0_vs_O3r,A022,23,0.9989692118740283
O0_vs_O3r,A023,0,0.9658916011089675
O0_vs_O3r,A023,1,0.9966613769893105
O0_vs_O3r,A023,2,0.9987234901254934
O0_vs_O3r,A023,3,0.9993503940470819
O0_vs_O3r,A023,4,0.9990519074734928
O0_vs_O3r,A023,5,0.999262990911603
O0_vs_O3r,A023,6,0.9993385013936869
O0_vs_O3r,A023,7,0.9988697234599464
O0_vs_O3r,A023,8,0.9987664178043211
O0_vs_O3r,A023,9,0.999079525100989
O0_vs_O3r,A023,10,0.9992177979941819
O0_vs_O3r,A023,11,0.9989038940716771
O0_vs_O3r,A023,12,0.9986814771568392
O0_vs_O3r,A023,13,0.9984888780211366
O0_vs_O3r,A023,14,0.9983588925607833
O0_vs_O3r,A023,15,0.9987020192962022
O0_vs_O3r,A023,16,0.9979777054736536
O0_vs_O3r,A023,17,0.9986597022137434
O0_vs_O3r,A023,18,0.9987643769168123
O0_vs_O3r,A023,19,0.9981277919274295
O0_vs_O3r,A023,20,0.9991626747063842
O0_vs_O3r,A024,0,0.9658916011089675
O0_vs_O3r,A024,1,0.9966613769893105
O0_vs_O3r,A024,2,0.9987234901254934
O0_vs_O3r,A024,3,0.9993503940470819
O0_vs_O3r,A024,4,0.9990174953989354
O0_vs_O3r,A024,5,0.9995611515295435
O0_vs_O3r,A024,6,0.9991845373516172
O0_vs_O3r,A024,7,0.9995932922136473
O0_vs_O3r,A024,8,0.999388340895556
O0_vs_O3r,A024,9,0.9991137316028257
O0_vs_O3r,A024,10,0.9987657883292155
O0_vs_O3r,A024,11,0.9991168298778464
O0_vs_O3r,A024,12,0.9993739398934312
O0_vs_O3r,A024,13,0.9992259529949783
O0_vs_O3r,A024,14,0.9993305300048355
O0_vs_O3r,A024,15,0.9988161711243002
O0_vs_O3r,A024,16,0.9990826015474749
O0_vs_O3r,A024,17,0.9990433272506883
O0_vs_O3r,A024,18,0.9992019766294911
O0_vs_O3r,A024,19,0.9992516421069312
O0_vs_O3r,A024,20,0.9987366334872348
O0_vs_O3r,A024,21,0.9988063046479649
O0_vs_O3r,A024,22,0.9977496537554912
O0_vs_O3r,A024,23,0.9985749192507514
O0_vs_O3r,A024,24,0.9989168622175815
O0_vs_O3r,A024,25,0.9983467282118372
O0_vs_O3r,A024,26,0.9990337874633846
O0_vs_O3r,A025,0,0.9658916011089675
O0_vs_O3r,A025,1,0.9966613769893105
O0_vs_O3r,A025,2,0.9987234901254934
O0_vs_O3r,A025,3,0.9993503940470819
O0_vs_O3r,A025,4,0.9993051713223052
O0_vs_O3r,A025,5,0.998910493849132
O0_vs_O3r,A025,6,0.9991652477885715
O0_vs_O3r,A025,7,0.9992807847955923
O0_vs_O3r,A025,8,0.9990388831434514
O0_vs_O3r,A025,9,0.9988485471688422
O0_vs_O3r,A025,10,0.999092632404208
O0_vs_O3r,A025,11,0.998974268330672
O0_vs_O3r,A025,12,0.9987693118771155
O0_vs_O3r,A025,13,0.9991756094563747
O0_vs_O3r,A025,14,0.9992177291950981
O0_vs_O3r,A025,15,0.9987731628700148
O0_vs_O3r,A025,16,0.9985663492458153
O0_vs_O3r,A025,17,0.9979443782032286
O0_vs_O3r,A025,18,0.9985855610862243
O0_vs_O3r,A025,19,0.9990009080897937
O0_vs_O3r,A025,20,0.9980479116940718
O0_vs_O3r,A025,21,0.999122786361386
O0_vs_O3r,A026,0,0.9658916011089675
O0_vs_O3r,A026,1,0.9966613769893105
O0_vs_O3r,A026,2,0.9987234901254934
O0_vs_O3r,A026,3,0.9993503940470819
O0_vs_O3r,A026,4,0.9989511240223174
O0_vs_O3r,A026,5,0.9986562339397627
O0_vs_O3r,A026,6,0.9992496507111733
O0_vs_O3r,A026,7,0.9987501541004088
O0_vs_O3r,A026,8,0.9990771557694201
O0_vs_O3r,A026,9,0.9991610639728622
O0_vs_O3r,A026,10,0.9988739848648185
O0_vs_O3r,A026,11,0.9990590836670207
O0_vs_O3r,A026,12,0.9994023878480647
O0_vs_O3r,A026,13,0.9990019907983381
O0_vs_O3r,A026,14,0.9988600527361567
O0_vs_O3r,A026,15,0.9990894013080651
O0_vs_O3r,A026,16,0.9990831065897543
O0_vs_O3r,A026,17,0.9988624864741208
O0_vs_O3r,A026,18,0.9979909683068913
O0_vs_O3r,A026,19,0.9985031683789858
O0_vs_O3r,A026,20,0.9985854311134706
O0_vs_O3r,A026,21,0.9982794724840175
O0_vs_O3r,A026,22,0.9992494316389783
O0_vs_O3r,A027,0,0.9658916011089675
O0_vs_O3r,A027,1,0.9966613769893105
O0_vs_O3r,A027,2,0.9987234901254934
O0_vs_O3r,A027,3,0.9994306523145687
O0_vs_O3r,A027,4,0.9993273618112521
O0_vs_O3r,A027,5,0.9995538985312457
O0_vs_O3r,A027,6,0.9995586498483733
O0_vs_O3r,A027,7,0.9989500882091936
O0_vs_O3r,A027,8,0.9992306562139591
O0_vs_O3r,A027,9,0.9991052211291893
O0_vs_O3r,A027,10,0.9987948905582846
O0_vs_O3r,A027,11,0.9990523212749193
O0_vs_O3r,A027,12,0.9992192889778916
O0_vs_O3r,A027,13,0.999034993305517
O0_vs_O3r,A027,14,0.9990791222681934
O0_vs_O3r,A027,15,0.9973378268683615
O0_vs_O3r,A027,16,0.9989223047093918
O0_vs_O3r,A027,17,0.9989667491150827
O0_vs_O3r,A027,18,0.9989570917411095
O0_vs_O3r,A027,19,0.9979669715972699
O0_vs_O3r,A027,20,0.9986886624417012
O0_vs_O3r,A027,21,0.9989126048535044
O0_vs_O3r,A027,22,0.9982094729417129
O0_vs_O3r,A027,23,0.9992164170529277
O0_vs_O3r,A028,0,0.9658916011089675
O0_vs_O3r,A028,1,0.9966613769893105
O0_vs_O3r,A028,2,0.9987234901254934
O0_vs_O3r,A028,3,0.9993503940470819
O0_vs_O3r,A028,4,0.9991924247322435
O0_vs_O3r,A028,5,0.9980138286022052
O0_vs_O3r,A028,6,0.9988546390228261
O0_vs_O3r,A028,7,0.9993931472228054
O0_vs_O3r,A028,8,0.9992160317829782
O0_vs_O3r,A028,9,0.999069625672331
O0_vs_O3r,A028,10,0.9994023460044557
O0_vs_O3r,A028,11,0.9991639515133018
O0_vs_O3r,A028,12,0.9991669032640552
O0_vs_O3r,A028,13,0.9991284936129315
O0_vs_O3r,A028,14,0.9989998697470948
O0_vs_O3r,A028,15,0.9986427308383286
O0_vs_O3r,A028,16,0.9979716342632367
O0_vs_O3r,A028,17,0.9985464696161762
O0_vs_O3r,A028,18,0.9986759424813064
O0_vs_O3r,A028,19,0.9982269944746928
O0_vs_O3r,A028,20,0.9990510453560937
O0_vs_O3r,A029,0,0.9658916011089675
O0_vs_O3r,A029,1,0.9966613769893105
O0_vs_O3r,A029,2,0.9987234901254934
O0_vs_O3r,A029,3,0.9993503940470819
O0_vs_O3r,A029,4,0.9987599896008471
O0_vs_O3r,A029,5,0.9993484087575837
O0_vs_O3r,A029,6,0.9988811569484218
O0_vs_O3r,A029,7,0.9993578647940774
O0_vs_O3r,A029,8,0.9991224555432613
O0_vs_O3r,A029,9,0.9989000423084572
O0_vs_O3r,A029,10,0.9993296757665284
O0_vs_O3r,A029,11,0.9989602959631898
O0_vs_O3r,A029,12,0.9987362295305409
O0_vs_O3r,A029,13,0.9989318367713771
O0_vs_O3r,A029,14,0.9988881408556757
O0_vs_O3r,A029,15,0.9989777907971166
O0_vs_O3r,A029,16,0.9988230931635699
O0_vs_O3r,A029,17,0.9988986608005359
O0_vs_O3r,A029,18,0.9987696303677897
O0_vs_O3r,A029,19,0.9979398579903562
O0_vs_O3r,A029,20,0.9985025866172782
O0_vs_O3r,A029,21,0.9987759831809883
O0_vs_O3r,A029,22,0.9983646098785897
O0_vs_O3r,A029,23,0.9990774113854757
O0_vs_O3r,A030,0,0.9658916011089675
O0_vs_O3r,A030,1,0.9966613769893105
O0_vs_O3r,A030,2,0.9987234901254934
O0_vs_O3r,A030,3,0.9993503940470819
O0_vs_O3r,A030,4,0.9990897295965391
O0_vs_O3r,A030,5,0.9991447032822603
O0_vs_O3r,A030,6,0.9992606960880572
O0_vs_O3r,A030,7,0.999270828125033
O0_vs_O3r,A030,8,0.9989103935626694
O0_vs_O3r,A030,9,0.9993548409372603
O0_vs_O3r,A030,10,0.9990627513527257
O0_vs_O3r,A030,11,0.9989543657142903
O0_vs_O3r,A030,12,0.9993345157906515
O0_vs_O3r,A030,13,0.9992600961945475
O0_vs_O3r,A030,14,0.9988460695411934
O0_vs_O3r,A030,15,0.998645927122715
O0_vs_O3r,A030,16,0.9979136754307775
O0_vs_O3r,A030,17,0.9986186839874712
O0_vs_O3r,A030,18,0.998700650424065
O0_vs_O3r,A030,19,0.9980472871272544
O0_vs_O3r,A030,20,0.9991397681765206
O0_vs_O3r,A031,0,0.9658916011089675
O0_vs_O3r,A031,1,0.9966613769893105
O0_vs_O3r,A031,2,0.9987234901254934
O0_vs_O3r,A031,3,0.9991270345043759
O0_vs_O3r,A031,4,0.9992007841281471
O0_vs_O3r,A031,5,0.9991476362704393
O0_vs_O3r,A031,6,0.9992372747935466
O0_vs_O3r,A031,7,0.9988091959821482
O0_vs_O3r,A031,8,0.9991919263385859
O0_vs_O3r,A031,9,0.9990956764513631
O0_vs_O3r,A031,10,0.9989186350334178
O0_vs_O3r,A031,11,0.998783605823278
O0_vs_O3r,A031,12,0.9987360067268043
O0_vs_O3r,A031,13,0.998556357096606
O0_vs_O3r,A031,14,0.9979639232539412
O0_vs_O3r,A031,15,0.9984259549198071
O0_vs_O3r,A031,16,0.9985277805600739
O0_vs_O3r,A031,17,0.9984778491769166
O0_vs_O3r,A031,18,0.9991240807533321
O0_vs_O3r,A032,0,0.9658916011089675
O0_vs_O3r,A032,1,0.9966613769893105
O0_vs_O3r,A032,2,0.9987234901254934
O0_vs_O3r,A032,3,0.9993281217616145
O0_vs_O3r,A032,4,0.9993066794762838
O0_vs_O3r,A032,5,0.998917836307036
O0_vs_O3r,A032,6,0.9987118508221252
O0_vs_O3r,A032,7,0.9987434102010544
O0_vs_O3r,A032,8,0.9991964743419577
O0_vs_O3r,A032,9,0.9990825662479288
O0_vs_O3r,A032,10,0.9989522808330903
O0_vs_O3r,A032,11,0.9986721506983607
O0_vs_O3r,A032,12,0.9981367161731951
O0_vs_O3r,A032,13,0.9983732938269838
O0_vs_O3r,A032,14,0.9985627441485274
O0_vs_O3r,A032,15,0.9983128460087501
O0_vs_O3r,A032,16,0.9989487650749749
O0_vs_O3r,A033,0,0.9658916011089675
O0_vs_O3r,A033,1,0.9966613769893105
O0_vs_O3r,A033,2,0.9987234901254934
O0_vs_O3r,A033,3,0.9994102301007394
O0_vs_O3r,A033,4,0.9993127401494593
O0_vs_O3r,A033,5,0.999309270928174
O0_vs_O3r,A033,6,0.9988507237928702
O0_vs_O3r,A033,7,0.999081840264711
O0_vs_O3r,A033,8,0.9990554212489552
O0_vs_O3r,A033,9,0.9989861412183999
O0_vs_O3r,A033,10,0.9991615462959335
O0_vs_O3r,A033,11,0.9987590372232077
O0_vs_O3r,A033,12,0.9991263404388195
O0_vs_O3r,A033,13,0.9993235313697238
O0_vs_O3r,A033,14,0.9989624737840831
O0_vs_O3r,A033,15,0.9986865959565474
O0_vs_O3r,A033,16,0.998592521821699
O0_vs_O3r,A033,17,0.9978405359090807
O0_vs_O3r,A033,18,0.9983998653521703
O0_vs_O3r,A033,19,0.9987395821430605
O0_vs_O3r,A033,20,0.9981597312073397
O0_vs_O3r,A033,21,0.9990784985442297
O0_vs_O3r,A034,0,0.9658916011089675
O0_vs_O3r,A034,1,0.9966613769893105
O0_vs_O3r,A034,2,0.9987234901254934
O0_vs_O3r,A034,3,0.9992952765801881
O0_vs_O3r,A034,4,0.9991497958943928
O0_vs_O3r,A034,5,0.9991807077740995
O0_vs_O3r,A034,6,0.9989876398271264
O0_vs_O3r,A034,7,0.999289198456745
O0_vs_O3r,A034,8,0.9992576762580064
O0_vs_O3r,A034,9,0.9989854212948915
O0_vs_O3r,A034,10,0.998670778737483
O0_vs_O3r,A034,11,0.9989096663093473
O0_vs_O3r,A034,12,0.9987555594371295
O0_vs_O3r,A034,13,0.9980512099081061
O0_vs_O3r,A034,14,0.9985751297861309
O0_vs_O3r,A034,15,0.9985674100255589
O0_vs_O3r,A034,16,0.9983805156726272
O0_vs_O3r,A034,17,0.9991328061016538
O0_vs_O3r,A035,0,0.9658916011089675
O0_vs_O3r,A035,1,0.9966613769893105
O0_vs_O3r,A035,2,0.9987234901254934
O0_vs_O3r,A035,3,0.9993925992273154
O0_vs_O3r,A035,4,0.9990224192491496
O0_vs_O3r,A035,5,0.9992185808528401
O0_vs_O3r,A035,6,0.9988910227539296
O0_vs_O3r,A035,7,0.9990246076903129
O0_vs_O3r,A035,8,0.9987843486236743
O0_vs_O3r,A035,9,0.9988113181494724
O0_vs_O3r,A035,10,0.9989226629963766
O0_vs_O3r,A035,11,0.9981174212964813
O0_vs_O3r,A035,12,0.9979610958574359
O0_vs_O3r,A035,13,0.9985798075541356
O0_vs_O3r,A035,14,0.997969145006431
O0_vs_O3r,A035,15,0.9990013864759555
O0_vs_O3r,A036,0,0.9658916011089675
O0_vs_O3r,A036,1,0.9966613769893105
O0_vs_O3r,A036,2,0.9987234901254934
O0_vs_O3r,A036,3,0.9994744424169569
O0_vs_O3r,A036,4,0.9990774367247554
O0_vs_O3r,A036,5,0.999489061625067
O0_vs_O3r,A036,6,0.9992350735989487
O0_vs_O3r,A036,7,0.9991440027525362
O0_vs_O3r,A036,8,0.9990764945397449
O0_vs_O3r,A036,9,0.9991911455521597
O0_vs_O3r,A036,10,0.9993713698482414
O0_vs_O3r,A036,11,0.998840657419015
O0_vs_O3r,A036,12,0.9987218296263
O0_vs_O3r,A036,13,0.9980562301221022
O0_vs_O3r,A036,14,0.9983601509461201
O0_vs_O3r,A036,15,0.9983293250844624
O0_vs_O3r,A036,16,0.9984575199082679
O0_vs_O3r,A036,17,0.9990480419063972
O0_vs_O3r,A037,0,0.9658916011089675
O0_vs_O3r,A037,1,0.9966613769893105
O0_vs_O3r,A037,2,0.9987234901254934
O0_vs_O3r,A037,3,0.9992448412132243
O0_vs_O3r,A037,4,0.9988572535941749
O0_vs_O3r,A037,5,0.9991137268592091
O0_vs_O3r,A037,6,0.9991581736271803
O0_vs_O3r,A037,7,0.9989812743900726
O0_vs_O3r,A037,8,0.9990472815347854
O0_vs_O3r,A037,9,0.9992118003164241
O0_vs_O3r,A037,10,0.9986515187547804
O0_vs_O3r,A037,11,0.9986391530036182
O0_vs_O3r,A037,12,0.9986960888702596
O0_vs_O3r,A037,13,0.9979483631440548
O0_vs_O3r,A037,14,0.997766081997993
O0_vs_O3r,A037,15,0.9975879333765875
O0_vs_O3r,A037,16,0.9980112057999093
O0_vs_O3r,A037,17,0.9988608321374596
O0_vs_O3r,A038,0,0.9658916011089675
O0_vs_O3r,A038,1,0.9966613769893105
O0_vs_O3r,A038,2,0.9987234901254934
O0_vs_O3r,A038,3,0.9993278068066189
O0_vs_O3r,A038,4,0.9994326338114073
O0_vs_O3r,A038,5,0.9993604636987697
O0_vs_O3r,A038,6,0.998927576141246
O0_vs_O3r,A038,7,0.9993616708623002
O0_vs_O3r,A038,8,0.9991441265985342
O0_vs_O3r,A038,9,0.9991086594293798
O0_vs_O3r,A038,10,0.9990564715498452
O0_vs_O3r,A038,11,0.998667970169864
O0_vs_O3r,A038,12,0.9986699821482997
O0_vs_O3r,A038,13,0.9980653965660168
O0_vs_O3r,A038,14,0.9984993326836634
O0_vs_O3r,A038,15,0.998900843989678
O0_vs_O3r,A038,16,0.9982943983748502
O0_vs_O3r,A038,17,0.9990318436998663
O0_vs_O3r,A039,0,0.9658916011089675
O0_vs_O3r,A039,1,0.9966613769893105
O0_vs_O3r,A039,2,0.9987234901254934
O0_vs_O3r,A039,3,0.9992207829467509
O0_vs_O3r,A039,4,0.9992883398871184
O0_vs_O3r,A039,5,0.9991081418589817
O0_vs_O3r,A039,6,0.9991915131463762
O0_vs_O3r,A039,7,0.9991916889127643
O0_vs_O3r,A039,8,0.9992198231342098
O0_vs_O3r,A039,9,0.9989249366101254
O0_vs_O3r,A039,10,0.9991899568154858
O0_vs_O3r,A039,11,0.999331098991157
O0_vs_O3r,A039,12,0.9995354785995672
O0_vs_O3r,A039,13,0.9989363061873777
O0_vs_O3r,A039,14,0.9987214268590678
O0_vs_O3r,A039,15,0.9980266119717826
O0_vs_O3r,A039,16,0.9977980844662002
O0_vs_O3r,A039,17,0.9985298440291904
O0_vs_O3r,A039,18,0.9983771740853359
O0_vs_O3r,A039,19,0.9992384841866504
O0_vs_O3r,A040,0,0.9658916011089675
O0_vs_O3r,A040,1,0.9966613769893105
O0_vs_O3r,A040,2,0.9987234901254934
O0_vs_O3r,A040,3,0.9993475728691976
O0_vs_O3r,A040,4,0.9992377610999351
O0_vs_O3r,A040,5,0.9992203154965869
O0_vs_O3r,A040,6,0.999063315336672
O0_vs_O3r,A040,7,0.9988072706751145
O0_vs_O3r,A040,8,0.9988589032757059
O0_vs_O3r,A040,9,0.9990734982852676
O0_vs_O3r,A040,10,0.9984458258713346
O0_vs_O3r,A040,11,0.998866554523749
O0_vs_O3r,A040,12,0.9986679544264722
O0_vs_O3r,A040,13,0.998110953252885
O0_vs_O3r,A040,14,0.9986161174067197
O0_vs_O3r,A040,15,0.9968073417804543
O0_vs_O3r,A040,16,0.9982165186991888
O0_vs_O3r,A040,17,0.9990658869413117
O0_vs_O3r,A041,0,0.9658916011089675
O0_vs_O3r,A041,1,0.9966613769893105
O0_vs_O3r,A041,2,0.9987234901254934
O0_vs_O3r,A041,3,0.9993503940470819
O0_vs_O3r,A041,4,0.999434046162704
O0_vs_O3r,A041,5,0.9992594424460736
O0_vs_O3r,A041,6,0.9992423997069705
O0_vs_O3r,A041,7,0.9993847319151906
O0_vs_O3r,A041,8,0.9992953840801451
O0_vs_O3r,A041,9,0.9989430365296055
O0_vs_O3r,A041,10,0.9990227215895263
O0_vs_O3r,A041,11,0.9990727735036229
O0_vs_O3r,A041,12,0.9994337698654845
O0_vs_O3r,A041,13,0.9990260251817069
O0_vs_O3r,A041,14,0.998994161725498
O0_vs_O3r,A041,15,0.9994139146407451
O0_vs_O3r,A041,16,0.9995252555992337
O0_vs_O3r,A041,17,0.9990070564489308
O0_vs_O3r,A041,18,0.9988895077664902
O0_vs_O3r,A041,19,0.9985936199898726
O0_vs_O3r,A041,20,0.9977474878799434
O0_vs_O3r,A041,21,0.9984224622787107
O0_vs_O3r,A041,22,0.998944804412156
O0_vs_O3r,A041,23,0.9986323631816999
O0_vs_O3r,A041,24,0.999024376684219
O0_vs_O3r,A042,0,0.9658916011089675
O0_vs_O3r,A042,1,0.9966613769893105
O0_vs_O3r,A042,2,0.9987234901254934
O0_vs_O3r,A042,3,0.9992202677986013
O0_vs_O3r,A042,4,0.999385533707556
O0_vs_O3r,A042,5,0.9992433498731434
O0_vs_O3r,A042,6,0.9994114546466715
O0_vs_O3r,A042,7,0.999517648116801
O0_vs_O3r,A042,8,0.999110440118686
O0_vs_O3r,A042,9,0.9989889085408141
O0_vs_O3r,A042,10,0.9991045434699702
O0_vs_O3r,A042,11,0.9992595931939307
O0_vs_O3r,A042,12,0.9988816721325561
O0_vs_O3r,A042,13,0.9991227197461023
O0_vs_O3r,A042,14,0.9992614866426485
O0_vs_O3r,A042,15,0.9987576989810353
O0_vs_O3r,A042,16,0.9987126140799969
O0_vs_O3r,A042,17,0.9979171322615098
O0_vs_O3r,A042,18,0.9985033900802311
O0_vs_O3r,A042,19,0.9986444129312472
O0_vs_O3r,A042,20,0.998360999736679
O0_vs_O3r,A042,21,0.9989793731261849
O0_vs_O3r,A043,0,0.9658916011089675
O0_vs_O3r,A043,1,0.9966613769893105
O0_vs_O3r,A043,2,0.9987234901254934
O0_vs_O3r,A043,3,0.9993503940470819
O0_vs_O3r,A043,4,0.9991538448510692
O0_vs_O3r,A043,5,0.9993974070571635
O0_vs_O3r,A043,6,0.999136057156843
O0_vs_O3r,A043,7,0.9992928763102952
O0_vs_O3r,A043,8,0.9990698821570136
O0_vs_O3r,A043,9,0.9992294632990296
O0_vs_O3r,A043,10,0.9989501922115023
O0_vs_O3r,A043,11,0.9991422502526944
O0_vs_O3r,A043,12,0.998740546377028
O0_vs_O3r,A043,13,0.9991102789127643
O0_vs_O3r,A043,14,0.9989136048543963
O0_vs_O3r,A043,15,0.9988460401859341
O0_vs_O3r,A043,16,0.9987906431233322
O0_vs_O3r,A043,17,0.9985479938214372
O0_vs_O3r,A043,18,0.9979021725296758
O0_vs_O3r,A043,19,0.9982435955851797
O0_vs_O3r,A043,20,0.9988991517204643
O0_vs_O3r,A043,21,0.998162214551439
O0_vs_O3r,A043,22,0.9990116711965835
O0_vs_O3r,A044,0,0.9658916011089675
O0_vs_O3r,A044,1,0.9966613769893105
O0_vs_O3r,A044,2,0.9987234901254934
O0_vs_O3r,A044,3,0.9992952765801881
O0_vs_O3r,A044,4,0.9992289559613791
O0_vs_O3r,A044,5,0.9990344770467995
O0_vs_O3r,A044,6,0.9991922213873415
O0_vs_O3r,A044,7,0.999122106271347
O0_vs_O3r,A044,8,0.9985792325601721
O0_vs_O3r,A044,9,0.9991216612807817
O0_vs_O3r,A044,10,0.9988588445721683
O0_vs_O3r,A044,11,0.9987603390334489
O0_vs_O3r,A044,12,0.9986521997426767
O0_vs_O3r,A044,13,0.9981182436075309
O0_vs_O3r,A044,14,0.9985539709778914
O0_vs_O3r,A044,15,0.9987801985168426
O0_vs_O3r,A044,16,0.9983388046274899
O0_vs_O3r,A044,17,0.9988988286317451
O0_vs_O3r,A045,0,0.9658916011089675
O0_vs_O3r,A045,1,0.9966613769893105
O0_vs_O3r,A045,2,0.9987234901254934
O0_vs_O3r,A045,3,0.9993503940470819
O0_vs_O3r,A045,4,0.9992194348257518
O0_vs_O3r,A045,5,0.999468529652965
O0_vs_O3r,A045,6,0.9993384188941331
O0_vs_O3r,A045,7,0.998938488982343
O0_vs_O3r,A045,8,0.9992407235697409
O0_vs_O3r,A045,9,0.9993715425598942
O0_vs_O3r,A045,10,0.9990425651099175
O0_vs_O3r,A045,11,0.9990548595807094
O0_vs_O3r,A045,12,0.9987378389834421
O0_vs_O3r,A045,13,0.9988442073471259
O0_vs_O3r,A045,14,0.9979874587925539
O0_vs_O3r,A045,15,0.9984864950903722
O0_vs_O3r,A045,16,0.9989650451223572
O0_vs_O3r,A045,17,0.9981650827442856
O0_vs_O3r,A045,18,0.9990725303084735
O0_vs_O3r,A046,0,0.9658916011089675
O0_vs_O3r,A046,1,0.9966613769893105
O0_vs_O3r,A046,2,0.9987234901254934
O0_vs_O3r,A046,3,0.9993503956597961
O0_vs_O3r,A046,4,0.9993632291687042
O0_vs_O3r,A046,5,0.9991367769667517
O0_vs_O3r,A046,6,0.9987918730546609
O0_vs_O3r,A046,7,0.9989423715324321
O0_vs_O3r,A046,8,0.9991510042571589
O0_vs_O3r,A046,9,0.9989250763034047
O0_vs_O3r,A046,10,0.9987125060178873
O0_vs_O3r,A046,11,0.9985680427395478
O0_vs_O3r,A046,12,0.9979727500358642
O0_vs_O3r,A046,13,0.998162420976885
O0_vs_O3r,A046,14,0.9988700988342357
O0_vs_O3r,A046,15,0.9981548647540205
O0_vs_O3r,A046,16,0.9989593146479022
O0_vs_O3r,A047,0,0.9658916011089675
O0_vs_O3r,A047,1,0.9966613769893105
O0_vs_O3r,A047,2,0.9987234901254934
O0_vs_O3r,A047,3,0.9993503940470819
O0_vs_O3r,A047,4,0.9991660119685354
O0_vs_O3r,A047,5,0.9991771746547375
O0_vs_O3r,A047,6,0.9993463006405872
O0_vs_O3r,A047,7,0.9990108694561622
O0_vs_O3r,A047,8,0.9993673560905625
O0_vs_O3r,A047,9,0.9991139977207957
O0_vs_O3r,A047,10,0.999187620668879
O0_vs_O3r,A047,11,0.9994466363875572
O0_vs_O3r,A047,12,0.9990515726465509
O0_vs_O3r,A047,13,0.9986084060240927
O0_vs_O3r,A047,14,0.9980308107746427
O0_vs_O3r,A047,15,0.9984806845514598
O0_vs_O3r,A047,16,0.9983752738855644
O0_vs_O3r,A047,17,0.9982564712938987
O0_vs_O3r,A047,18,0.9990697776008278
O0_vs_O3r,A048,0,0.9658916011089675
O0_vs_O3r,A048,1,0.9966613769893105
O0_vs_O3r,A048,2,0.9987234901254934
O0_vs_O3r,A048,3,0.9993503940470819
O0_vs_O3r,A048,4,0.9988645332455096
O0_vs_O3r,A048,5,0.9992123990094136
O0_vs_O3r,A048,6,0.9991636616358335
O0_vs_O3r,A048,7,0.9990697067239795
O0_vs_O3r,A048,8,0.9990972409194896
O0_vs_O3r,A048,9,0.9988878063273747
O0_vs_O3r,A048,10,0.9992806462065775
O0_vs_O3r,A048,11,0.9991402589150713
O0_vs_O3r,A048,12,0.9989537710439731
O0_vs_O3r,A048,13,0.9986301721105484
O0_vs_O3r,A048,14,0.9986310590014496
O0_vs_O3r,A048,15,0.9981080045444568
O0_vs_O3r,A048,16,0.9984888535518868
O0_vs_O3r,A048,17,0.9988324286600615
O0_vs_O3r,A048,18,0.9983000539854341
O0_vs_O3r,A048,19,0.9990185329438724
O0_vs_O3r,A049,0,0.9658916011089675
O0_vs_O3r,A049,1,0.9966613769893105
O0_vs_O3r,A049,2,0.9987234901254934
O0_vs_O3r,A049,3,0.9993503940470819
O0_vs_O3r,A049,4,0.9989924849903838
O0_vs_O3r,A049,5,0.9986745004515137
O0_vs_O3r,A049,6,0.9983623626947526
O0_vs_O3r,A049,7,0.9987005552369544
O0_vs_O3r,A049,8,0.9992122036701981
O0_vs_O3r,A049,9,0.9993962615438178
O0_vs_O3r,A049,10,0.9993433528026214
O0_vs_O3r,A049,11,0.9991625085036137
O0_vs_O3r,A049,12,0.9986874503096281
O0_vs_O3r,A049,13,0.9990351100515596
O0_vs_O3r,A049,14,0.9991279932166539
O0_vs_O3r,A049,15,0.9991894509204654
O0_vs_O3r,A049,16,0.9989492392548609
O0_vs_O3r,A049,17,0.9992668081659903
O0_vs_O3r,A049,18,0.9987902256485953
O0_vs_O3r,A049,19,0.9986169371830367
O0_vs_O3r,A049,20,0.9978217085070431
O0_vs_O3r,A049,21,0.9983285816133824
O0_vs_O3r,A049,22,0.998696326974683
O0_vs_O3r,A049,23,0.9982377920002649
O0_vs_O3r,A049,24,0.9990505566529004
O0_vs_O3r,A050,0,0.9658916011089675
O0_vs_O3r,A050,1,0.9966613769893105
O0_vs_O3r,A050,2,0.9987234901254934
O0_vs_O3r,A050,3,0.9993503940470819
O0_vs_O3r,A050,4,0.99918708936401
O0_vs_O3r,A050,5,0.9991060119091215
O0_vs_O3r,A050,6,0.9993653268418183
O0_vs_O3r,A050,7,0.9995140851070681
O0_vs_O3r,A050,8,0.9990511127706898
O0_vs_O3r,A050,9,0.999271767005673
O0_vs_O3r,A050,10,0.9992978569527997
O0_vs_O3r,A050,11,0.9992328924568608
O0_vs_O3r,A050,12,0.9990663675868721
O0_vs_O3r,A050,13,0.9990397196441194
O0_vs_O3r,A050,14,0.9985838383541578
O0_vs_O3r,A050,15,0.9988041782821668
O0_vs_O3r,A050,16,0.9980658144220974
O0_vs_O3r,A050,17,0.9986027779783184
O0_vs_O3r,A050,18,0.998272673399525
O0_vs_O3r,A050,19,0.9981352580259906
O0_vs_O3r,A050,20,0.9991782929653525
O0_vs_O3r,A051,0,0.9658916011089675
O0_vs_O3r,A051,1,0.9966613769893105
O0_vs_O3r,A051,2,0.9987234901254934
O0_vs_O3r,A051,3,0.9993503940470819
O0_vs_O3r,A051,4,0.9993064993079296
O0_vs_O3r,A051,5,0.9994164059542218
O0_vs_O3r,A051,6,0.9990486853981884
O0_vs_O3r,A051,7,0.9995197742770664
O0_vs_O3r,A051,8,0.9996427672818288
O0_vs_O3r,A051,9,0.9992819761451318
O0_vs_O3r,A051,10,0.9990771681767612
O0_vs_O3r,A051,11,0.9990365567382259
O0_vs_O3r,A051,12,0.9995040602602364
O0_vs_O3r,A051,13,0.9988901046951186
O0_vs_O3r,A051,14,0.9989999334607637
O0_vs_O3r,A051,15,0.99784912455148
O0_vs_O3r,A051,16,0.9982256567050575
O0_vs_O3r,A051,17,0.9989986357776363
O0_vs_O3r,A051,18,0.9982705477151013
O0_vs_O3r,A051,19,0.9991940137884248
O0_vs_O3r,A052,0,0.9658916011089675
O0_vs_O3r,A052,1,0.9966613769893105
O0_vs_O3r,A052,2,0.9987234901254934
O0_vs_O3r,A052,3,0.9992202677986013
O0_vs_O3r,A052,4,0.9992927552806179
O0_vs_O3r,A052,5,0.9988520368062846
O0_vs_O3r,A052,6,0.9995159073496152
O0_vs_O3r,A052,7,0.9991751027527875
O0_vs_O3r,A052,8,0.9993962065128141
O0_vs_O3r,A052,9,0.9991515899449481
O0_vs_O3r,A052,10,0.9993310454960601
O0_vs_O3r,A052,11,0.9983983953752269
O0_vs_O3r,A052,12,0.9991081537847691
O0_vs_O3r,A052,13,0.999510879028546
O0_vs_O3r,A052,14,0.9991854289761668
O0_vs_O3r,A052,15,0.9989778564633729
O0_vs_O3r,A052,16,0.9990050975550501
O0_vs_O3r,A052,17,0.9979193881260087
O0_vs_O3r,A052,18,0.9982621874520915
O0_vs_O3r,A052,19,0.9981969908282027
O0_vs_O3r,A052,20,0.9982612156107149
O0_vs_O3r,A052,21,0.9992021909921938
O0_vs_O3r,A053,0,0.9658916011089675
O0_vs_O3r,A053,1,0.9966613769893105
O0_vs_O3r,A053,2,0.9987234901254934
O0_vs_O3r,A053,3,0.9993503940470819
O0_vs_O3r,A053,4,0.9990974857472265
O0_vs_O3r,A053,5,0.9991773356443258
O0_vs_O3r,A053,6,0.9995251600779469
O0_vs_O3r,A053,7,0.9996232547128905
O0_vs_O3r,A053,8,0.9993020383678957
O0_vs_O3r,A053,9,0.9990748515276986
O0_vs_O3r,A053,10,0.9990350955897526
O0_vs_O3r,A053,11,0.9992777767836176
O0_vs_O3r,A053,12,0.9992494131984134
O0_vs_O3r,A053,13,0.9990402437533497
O0_vs_O3r,A053,14,0.9988488694208295
O0_vs_O3r,A053,15,0.998684996160686
O0_vs_O3r,A053,16,0.9979366215314187
O0_vs_O3r,A053,17,0.9983514272513542
O0_vs_O3r,A053,18,0.9986308294799472
O0_vs_O3r,A053,19,0.9982820767511654
O0_vs_O3r,A053,20,0.9990164451116952
O0_vs_O3r,A054,0,0.9658916011089675
O0_vs_O3r,A054,1,0.9966613769893105
O0_vs_O3r,A054,2,0.9987234901254934
O0_vs_O3r,A054,3,0.9993503940470819
O0_vs_O3r,A054,4,0.999385471002915
O0_vs_O3r,A054,5,0.9993624588847468
O0_vs_O3r,A054,6,0.999529011453375
O0_vs_O3r,A054,7,0.9996409340473972
O0_vs_O3r,A054,8,0.9995601457908088
O0_vs_O3r,A054,9,0.9994341175579972
O0_vs_O3r,A054,10,0.999302655325929
O0_vs_O3r,A054,11,0.9992890657385718
O0_vs_O3r,A054,12,0.9990401573138648
O0_vs_O3r,A054,13,0.9993319115055237
O0_vs_O3r,A054,14,0.9993945751608088
O0_vs_O3r,A054,15,0.999066430050674
O0_vs_O3r,A054,16,0.9989445101236342
O0_vs_O3r,A054,17,0.9989592994028236
O0_vs_O3r,A054,18,0.9979566255968432
O0_vs_O3r,A054,19,0.9984240999324392
O0_vs_O3r,A054,20,0.9991173662847327
O0_vs_O3r,A054,21,0.9983399296165791
O0_vs_O3r,A054,22,0.9994193492549623
O0_vs_O3r,A055,0,0.9658916011089675
O0_vs_O3r,A055,1,0.9966613769893105
O0_vs_O3r,A055,2,0.9987234901254934
O0_vs_O3r,A055,3,0.9993503940470819
O0_vs_O3r,A055,4,0.9994331600909229
O0_vs_O3r,A055,5,0.9994835557052457
O0_vs_O3r,A055,6,0.9991579004588041
O0_vs_O3r,A055,7,0.9994791300406967
O0_vs_O3r,A055,8,0.99965616986533
O0_vs_O3r,A055,9,0.9994254051078623
O0_vs_O3r,A055,10,0.9990899078815005
O0_vs_O3r,A055,11,0.9992563245363469
O0_vs_O3r,A055,12,0.9992452535503338
O0_vs_O3r,A055,13,0.9991155729513596
O0_vs_O3r,A055,14,0.9990254872239993
O0_vs_O3r,A055,15,0.9988104879908846
O0_vs_O3r,A055,16,0.9977725647966428
O0_vs_O3r,A055,17,0.9982533660520893
O0_vs_O3r,A055,18,0.9985992473924604
O0_vs_O3r,A055,19,0.9981368923886008
O0_vs_O3r,A055,20,0.9993582581452854
O0_vs_O3r,A056,0,0.9658916011089675
O0_vs_O3r,A056,1,0.9966613769893105
O0_vs_O3r,A056,2,0.9987234901254934
O0_vs_O3r,A056,3,0.9992202677986013
O0_vs_O3r,A056,4,0.9992724435375543
O0_vs_O3r,A056,5,0.9988320005981594
O0_vs_O3r,A056,6,0.9983916618398427
O0_vs_O3r,A056,7,0.9994166928583228
O0_vs_O3r,A056,8,0.9991801883165924
O0_vs_O3r,A056,9,0.9991524351027072
O0_vs_O3r,A056,10,0.9992113273455386
O0_vs_O3r,A056,11,0.9992574976364479
O0_vs_O3r,A056,12,0.9991911970842332
O0_vs_O3r,A056,13,0.9993061498306259
O0_vs_O3r,A056,14,0.9994105074268625
O0_vs_O3r,A056,15,0.9990323486726274
O0_vs_O3r,A056,16,0.9988167040508606
O0_vs_O3r,A056,17,0.9988392612491399
O0_vs_O3r,A056,18,0.9979588980268831
O0_vs_O3r,A056,19,0.9982327882964227
O0_vs_O3r,A056,20,0.9986613785054749
O0_vs_O3r,A056,21,0.9983951227823509
O0_vs_O3r,A056,22,0.9990133442874568
O0_vs_O3r,A057,0,0.9658916011089675
O0_vs_O3r,A057,1,0.9966613769893105
O0_vs_O3r,A057,2,0.9987234901254934
O0_vs_O3r,A057,3,0.9993503940470819
O0_vs_O3r,A057,4,0.9990145940148932
O0_vs_O3r,A057,5,0.9985030539411477
O0_vs_O3r,A057,6,0.9990729659281493
O0_vs_O3r,A057,7,0.9987727350298339
O0_vs_O3r,A057,8,0.9988642970335215
O0_vs_O3r,A057,9,0.9994543735986313
O0_vs_O3r,A057,10,0.9994628258287175
O0_vs_O3r,A057,11,0.9993171544855354
O0_vs_O3r,A057,12,0.9990044200738369
O0_vs_O3r,A057,13,0.9986512952344203
O0_vs_O3r,A057,14,0.9982122258198394
O0_vs_O3r,A057,15,0.9985587761108157
O0_vs_O3r,A057,16,0.9985091262262429
O0_vs_O3r,A057,17,0.9984368603506381
O0_vs_O3r,A057,18,0.9993170350681707
O0_vs_O3r,A058,0,0.9658916011089675
O0_vs_O3r,A058,1,0.9966613769893105
O0_vs_O3r,A058,2,0.9987234901254934
O0_vs_O3r,A058,3,0.9993503940470819
O0_vs_O3r,A058,4,0.9991870554057384
O0_vs_O3r,A058,5,0.9993850833539252
O0_vs_O3r,A058,6,0.9991156615751463
O0_vs_O3r,A058,7,0.9993600102317047
O0_vs_O3r,A058,8,0.9991868331317921
O0_vs_O3r,A058,9,0.999083384582113
O0_vs_O3r,A058,10,0.9991834884478671
O0_vs_O3r,A058,11,0.9992440331685625
O0_vs_O3r,A058,12,0.9988888866156515
O0_vs_O3r,A058,13,0.9989841607373984
O0_vs_O3r,A058,14,0.9981391450747732
O0_vs_O3r,A058,15,0.9984458119004156
O0_vs_O3r,A058,16,0.9984970036734561
O0_vs_O3r,A058,17,0.998218975884664
O0_vs_O3r,A058,18,0.9991321107862422
O0_vs_O3r,A059,0,0.9658916011089675
O0_vs_O3r,A059,1,0.9966613769893105
O0_vs_O3r,A059,2,0.9987234901254934
O0_vs_O3r,A059,3,0.9993503940470819
O0_vs_O3r,A059,4,0.9992223109930536
O0_vs_O3r,A059,5,0.9993155811799936
O0_vs_O3r,A059,6,0.9994217595731459
O0_vs_O3r,A059,7,0.9989962372090351
O0_vs_O3r,A059,8,0.9988688548953909
O0_vs_O3r,A059,9,0.9991843861612655
O0_vs_O3r,A059,10,0.9990039300175014
O0_vs_O3r,A059,11,0.999053406786746
O0_vs_O3r,A059,12,0.998816604989733
O0_vs_O3r,A059,13,0.9988530124340698
O0_vs_O3r,A059,14,0.9988828020120167
O0_vs_O3r,A059,15,0.9985926332095875
O0_vs_O3r,A059,16,0.998161133600281
O0_vs_O3r,A059,17,0.9981374223161853
O0_vs_O3r,A059,18,0.998404104811774
O0_vs_O3r,A059,19,0.9985621366419928
O0_vs_O3r,A059,20,0.9991739586916469
O0_vs_O3r,A060,0,0.9658916011089675
O0_vs_O3r,A060,1,0.9966613769893105
O0_vs_O3r,A060,2,0.9987234901254934
O0_vs_O3r,A060,3,0.9992202677986013
O0_vs_O3r,A060,4,0.9992731751016495
O0_vs_O3r,A060,5,0.9989104033641074
O0_vs_O3r,A060,6,0.9995159460509249
O0_vs_O3r,A060,7,0.9990004745039588
O0_vs_O3r,A060,8,0.9993972444241342
O0_vs_O3r,A060,9,0.9993903929383483
O0_vs_O3r,A060,10,0.9993760310681906
O0_vs_O3r,A060,11,0.9990487885092043
O0_vs_O3r,A060,12,0.999239354365455
O0_vs_O3r,A060,13,0.9988814663764995
O0_vs_O3r,A060,14,0.9987310587902601
O0_vs_O3r,A060,15,0.9981986591677866
O0_vs_O3r,A060,16,0.9982860810476911
O0_vs_O3r,A060,17,0.9989553515240728
O0_vs_O3r,A060,18,0.9981875081759574
O0_vs_O3r,A060,19,0.9994188799341869
O0_vs_O3r,A061,0,0.9658916011089675
O0_vs_O3r,A061,1,0.9966613769893105
O0_vs_O3r,A061,2,0.9987234901254934
O0_vs_O3r,A061,3,0.9993503940470819
O0_vs_O3r,A061,4,0.9991526199730246
O0_vs_O3r,A061,5,0.9988636701238947
O0_vs_O3r,A061,6,0.9994633370888152
O0_vs_O3r,A061,7,0.9990486215962385
O0_vs_O3r,A061,8,0.9990177929225547
O0_vs_O3r,A061,9,0.9990594478644486
O0_vs_O3r,A061,10,0.9993316825131139
O0_vs_O3r,A061,11,0.9994343192475628
O0_vs_O3r,A061,12,0.99915298768417
O0_vs_O3r,A061,13,0.9991555922240362
O0_vs_O3r,A061,14,0.998904572955932
O0_vs_O3r,A061,15,0.9992263335506547
O0_vs_O3r,A061,16,0.9981161692352752
O0_vs_O3r,A061,17,0.9989069805756245
O0_vs_O3r,A061,18,0.9988071233321156
O0_vs_O3r,A061,19,0.9985690867817191
O0_vs_O3r,A061,20,0.9978293299010426
O0_vs_O3r,A061,21,0.9984837454555395
O0_vs_O3r,A061,22,0.9982981943743491
O0_vs_O3r,A061,23,0.9983258073949061
O0_vs_O3r,A061,24,0.9992339396137269
O0_vs_O3r,A062,0,0.9658916011089675
O0_vs_O3r,A062,1,0.9966613769893105
O0_vs_O3r,A062,2,0.9987234901254934
O0_vs_O3r,A062,3,0.9993503940470819
O0_vs_O3r,A062,4,0.9992438940311793
O0_vs_O3r,A062,5,0.9995351113708075
O0_vs_O3r,A062,6,0.9994232562380093
O0_vs_O3r,A062,7,0.9986675709072035
O0_vs_O3r,A062,8,0.9991158795581359
O0_vs_O3r,A062,9,0.9992615878677685
O0_vs_O3r,A062,10,0.9989179565769876
O0_vs_O3r,A062,11,0.9990344059098316
O0_vs_O3r,A062,12,0.9992595997042708
O0_vs_O3r,A062,13,0.9992153892661562
O0_vs_O3r,A062,14,0.9990907150774582
O0_vs_O3r,A062,15,0.998243825219088
O0_vs_O3r,A062,16,0.9989331629542827
O0_vs_O3r,A062,17,0.9990793128069315
O0_vs_O3r,A062,18,0.9978768163362814
O0_vs_O3r,A062,19,0.9983546641686784
O0_vs_O3r,A062,20,0.9988249129588588
O0_vs_O3r,A062,21,0.9979335792446805
O0_vs_O3r,A062,22,0.9992308583523631
O0_vs_O3r,A063,0,0.9658916011089675
O0_vs_O3r,A063,1,0.9966613769893105
O0_vs_O3r,A063,2,0.9987234901254934
O0_vs_O3r,A063,3,0.9993503940470819
O0_vs_O3r,A063,4,0.9991386292955906
O0_vs_O3r,A063,5,0.998451849367038
O0_vs_O3r,A063,6,0.9990664142509184
O0_vs_O3r,A063,7,0.9990519101375618
O0_vs_O3r,A063,8,0.9990773428546208
O0_vs_O3r,A063,9,0.9991140419367387
O0_vs_O3r,A063,10,0.9992796810095621
O0_vs_O3r,A063,11,0.9991274225795791
O0_vs_O3r,A063,12,0.998907354130717
O0_vs_O3r,A063,13,0.998971048616231
O0_vs_O3r,A063,14,0.9979840984152988
O0_vs_O3r,A063,15,0.9985488976891648
O0_vs_O3r,A063,16,0.9987062245561844
O0_vs_O3r,A063,17,0.9981305288454635
O0_vs_O3r,A063,18,0.9991984939316706
O0_vs_O3r,A064,0,0.9658916011089675
O0_vs_O3r,A064,1,0.9966613769893105
O0_vs_O3r,A064,2,0.9987234901254934
O0_vs_O3r,A064,3,0.9993503956597961
O0_vs_O3r,A064,4,0.9994033357613958
O0_vs_O3r,A064,5,0.9992930786291947
O0_vs_O3r,A064,6,0.9993042519099341
O0_vs_O3r,A064,7,0.9992654988386589
O0_vs_O3r,A064,8,0.9993869690784273
O0_vs_O3r,A064,9,0.9990277032666731
O0_vs_O3r,A064,10,0.9990561624267688
O0_vs_O3r,A064,11,0.9988673014820804
O0_vs_O3r,A064,12,0.9981130799681358
O0_vs_O3r,A064,13,0.9982876280445058
O0_vs_O3r,A064,14,0.9985602300230397
O0_vs_O3r,A064,15,0.9982396494393694
O0_vs_O3r,A064,16,0.9991736366538597
O0_vs_O3r,A065,0,0.9658916011089675
O0_vs_O3r,A065,1,0.9966613769893105
O0_vs_O3r,A065,2,0.9987234901254934
O0_vs_O3r,A065,3,0.9993503940470819
O0_vs_O3r,A065,4,0.99927118311827
O0_vs_O3r,A065,5,0.9990811094954756
O0_vs_O3r,A065,6,0.999441608983519
O0_vs_O3r,A065,7,0.9995393995410362
O0_vs_O3r,A065,8,0.9987959788983648
O0_vs_O3r,A065,9,0.9989364057168321
O0_vs_O3r,A065,10,0.9991179995889837
O0_vs_O3r,A065,11,0.9989588460911877
O0_vs_O3r,A065,12,0.9990546090326531
O0_vs_O3r,A065,13,0.998369593140473
O0_vs_O3r,A065,14,0.9988010242103161
O0_vs_O3r,A065,15,0.9985643295805677
O0_vs_O3r,A065,16,0.9978582994502304
O0_vs_O3r,A065,17,0.9983237063385523
O0_vs_O3r,A065,18,0.9988225959277807
O0_vs_O3r,A065,19,0.9979493056206276
O0_vs_O3r,A065,20,0.9991673561453404
O0_vs_O3r,A066,0,0.9658916011089675
O0_vs_O3r,A066,1,0.9966613769893105
O0_vs_O3r,A066,2,0.9987234901254934
O0_vs_O3r,A066,3,0.9993503940470819
O0_vs_O3r,A066,4,0.9993580346014023
O0_vs_O3r,A066,5,0.9991312889313325
O0_vs_O3r,A066,6,0.9993604065288658
O0_vs_O3r,A066,7,0.9994866387054533
O0_vs_O3r,A066,8,0.9996047024004581
O0_vs_O3r,A066,9,0.99936952873088
O0_vs_O3r,A066,10,0.9990670214155886
O0_vs_O3r,A066,11,0.9991874515340474
O0_vs_O3r,A066,12,0.9994211213645157
O0_vs_O3r,A066,13,0.9994128158154676
O0_vs_O3r,A066,14,0.9989592555744737
O0_vs_O3r,A066,15,0.999282017150035
O0_vs_O3r,A066,16,0.9987721302855681
O0_vs_O3r,A066,17,0.9988467846120088
O0_vs_O3r,A066,18,0.997920621749666
O0_vs_O3r,A066,19,0.9984175723474401
O0_vs_O3r,A066,20,0.9985860233248086
O0_vs_O3r,A066,21,0.9982021136039461
O0_vs_O3r,A066,22,0.9991713508902317
O0_vs_O3r,A067,0,0.9658916011089675
O0_vs_O3r,A067,1,0.9966613769893105
O0_vs_O3r,A067,2,0.9987234901254934
O0_vs_O3r,A067,3,0.9993503940470819
O0_vs_O3r,A067,4,0.9991609513090876
O0_vs_O3r,A067,5,0.9994328202168729
O0_vs_O3r,A067,6,0.9990367873884703
O0_vs_O3r,A067,7,0.9995313524289542
O0_vs_O3r,A067,8,0.9994937614723605
O0_vs_O3r,A067,9,0.9991250382394937
O0_vs_O3r,A067,10,0.9989491992781163
O0_vs_O3r,A067,11,0.999112812879837
O0_vs_O3r,A067,12,0.9989030512657844
O0_vs_O3r,A067,13,0.9989692011771617
O0_vs_O3r,A067,14,0.9987977267268259
O0_vs_O3r,A067,15,0.997922220037819
O0_vs_O3r,A067,16,0.99814310698533
O0_vs_O3r,A067,17,0.9987713405747618
O0_vs_O3r,A067,18,0.9979240537919251
O0_vs_O3r,A067,19,0.9991410087444154
O0_vs_O3r,A068,0,0.9658916011089675
O0_vs_O3r,A068,1,0.9966613769893105
O0_vs_O3r,A068,2,0.9987234901254934
O0_vs_O3r,A068,3,0.9993503940470819
O0_vs_O3r,A068,4,0.9992232328959592
O0_vs_O3r,A068,5,0.9991298956970059
O0_vs_O3r,A068,6,0.9993626031659427
O0_vs_O3r,A068,7,0.9989348961945655
O0_vs_O3r,A068,8,0.9989944987427896
O0_vs_O3r,A068,9,0.9989041746486066
O0_vs_O3r,A068,10,0.9989529731649206
O0_vs_O3r,A068,11,0.9988736710452919
O0_vs_O3r,A068,12,0.998988974064683
O0_vs_O3r,A068,13,0.9979963798415918
O0_vs_O3r,A068,14,0.9984934561546701
O0_vs_O3r,A068,15,0.9987752661418938
O0_vs_O3r,A068,16,0.9982779246812434
O0_vs_O3r,A068,17,0.9991723660420152
O0_vs_O3r,A069,0,0.9658916011089675
O0_vs_O3r,A069,1,0.9966613769893105
O0_vs_O3r,A069,2,0.9987234901254934
O0_vs_O3r,A069,3,0.9993503940470819
O0_vs_O3r,A069,4,0.9993872695062964
O0_vs_O3r,A069,5,0.9993668079878605
O0_vs_O3r,A069,6,0.9989897647727163
O0_vs_O3r,A069,7,0.9995752213881905
O0_vs_O3r,A069,8,0.9990778212719811
O0_vs_O3r,A069,9,0.9991346643478153
O0_vs_O3r,A069,10,0.9990163978032237
O0_vs_O3r,A069,11,0.9989593267788968
O0_vs_O3r,A069,12,0.9989608635733435
O0_vs_O3r,A069,13,0.999008582905432
O0_vs_O3r,A069,14,0.9987647726473472
O0_vs_O3r,A069,15,0.9980030261046082
O0_vs_O3r,A069,16,0.9981528513917933
O0_vs_O3r,A069,17,0.9988089267164737
O0_vs_O3r,A069,18,0.9979132403273864
O0_vs_O3r,A069,19,0.9990636297927434
O0_vs_O3r,A070,0,0.9658916011089675
O0_vs_O3r,A070,1,0.9966613769893105
O0_vs_O3r,A070,2,0.9987234901254934
O0_vs_O3r,A070,3,0.9993503940470819
O0_vs_O3r,A070,4,0.999303308866551
O0_vs_O3r,A070,5,0.9992745512162605
O0_vs_O3r,A070,6,0.999001128351037
O0_vs_O3r,A070,7,0.9995061740269159
O0_vs_O3r,A070,8,0.9993242533378772
O0_vs_O3r,A070,9,0.9993026197323839
O0_vs_O3r,A070,10,0.9991990806332222
O0_vs_O3r,A070,11,0.9991446130013492
O0_vs_O3r,A070,12,0.998894751984156
O0_vs_O3r,A070,13,0.9981351632282415
O0_vs_O3r,A070,14,0.9983447662219441
O0_vs_O3r,A070,15,0.9987985246860049
O0_vs_O3r,A070,16,0.9980913930528944
O0_vs_O3r,A070,17,0.999062513166974
O0_vs_O3r,A071,0,0.9658916011089675
O0_vs_O3r,A071,1,0.9966613769893105
O0_vs_O3r,A071,2,0.9987234901254934
O0_vs_O3r,A071,3,0.9992202677986013
O0_vs_O3r,A071,4,0.9991697063348043
O0_vs_O3r,A071,5,0.9992291070555692
O0_vs_O3r,A071,6,0.999224450995597
O0_vs_O3r,A071,7,0.9994005411661059
O0_vs_O3r,A071,8,0.9992449438431393
O0_vs_O3r,A071,9,0.999501434899737
O0_vs_O3r,A071,10,0.9996474565540913
O0_vs_O3r,A071,11,0.9992170715929143
O0_vs_O3r,A071,12,0.9990961982403869
O0_vs_O3r,A071,13,0.999482565336691
O0_vs_O3r,A071,14,0.9995317150104579
O0_vs_O3r,A071,15,0.9990312627544449
O0_vs_O3r,A071,16,0.9991650295730444
O0_vs_O3r,A071,17,0.9990129905303631
O0_vs_O3r,A071,18,0.9991661755196558
O0_vs_O3r,A071,19,0.9990038860010706
O0_vs_O3r,A071,20,0.9988519813279202
O0_vs_O3r,A071,21,0.9992428960611383
O0_vs_O3r,A071,22,0.9991949265996519
O0_vs_O3r,A071,23,0.999152362249695
O0_vs_O3r,A071,24,0.9989691108768824
O0_vs_O3r,A071,25,0.9986141997919091
O0_vs_O3r,A071,26,0.998806377181715
O0_vs_O3r,A071,27,0.9992313832314873
O0_vs_O3r,A071,28,0.999292652910838
O0_vs_O3r,A071,29,0.9989057121765993
O0_vs_O3r,A071,30,0.9988070672698528
O0_vs_O3r,A071,31,0.9993415723502315
O0_vs_O3r,A071,32,0.9994499282382004
O0_vs_O3r,A071,33,0.9991497441836655
O0_vs_O3r,A071,34,0.9991339597265628
O0_vs_O3r,A071,35,0.9993412583835081
O0_vs_O3r,A071,36,0.9990312800841274
O0_vs_O3r,A071,37,0.9989742550388806
O0_vs_O3r,A071,38,0.9988260430560186
O0_vs_O3r,A071,39,0.999198909337269
O0_vs_O3r,A071,40,0.9992087457878175
O0_vs_O3r,A071,41,0.9990356201514505
O0_vs_O3r,A071,42,0.998765799319
O0_vs_O3r,A071,43,0.9988832250736481
O0_vs_O3r,A071,44,0.9992402859891578
O0_vs_O3r,A071,45,0.999016754215233
O0_vs_O3r,A071,46,0.999302091086218
O0_vs_O3r,A071,47,0.9992133275441634
O0_vs_O3r,A071,48,0.998974207904167
O0_vs_O3r,A071,49,0.9990771815069477
O0_vs_O3r,A071,50,0.9991923150595037
O0_vs_O3r,A071,51,0.9988636053298273
O0_vs_O3r,A071,52,0.9986797556899006
O0_vs_O3r,A071,53,0.999174954285126
O0_vs_O3r,A071,54,0.9988660320796888
O0_vs_O3r,A071,55,0.9987775482991089
O0_vs_O3r,A071,56,0.9989983828155773
O0_vs_O3r,A071,57,0.9980337848683564
O0_vs_O3r,A071,58,0.9988609566972007
O0_vs_O3r,A071,59,0.9989025375567349
O0_vs_O3r,A071,60,0.9978718941495234
O0_vs_O3r,A071,61,0.9985602645813101
O0_vs_O3r,A071,62,0.9972750130782985
O0_vs_O3r,A071,63,0.998416849233338
O0_vs_O3r,A071,64,0.9992769377114458
O0_vs_O3r,A072,0,0.9658916011089675
O0_vs_O3r,A072,1,0.9966613769893105
O0_vs_O3r,A072,2,0.9987234901254934
O0_vs_O3r,A072,3,0.9993503940470819
O0_vs_O3r,A072,4,0.9993967344353265
O0_vs_O3r,A072,5,0.9992558472985466
O0_vs_O3r,A072,6,0.9993030990462529
O0_vs_O3r,A072,7,0.9989021159263963
O0_vs_O3r,A072,8,0.9993550576100716
O0_vs_O3r,A072,9,0.9995846440666067
O0_vs_O3r,A072,10,0.9991957985747472
O0_vs_O3r,A072,11,0.9994455100230303
O0_vs_O3r,A072,12,0.9993895803961763
O0_vs_O3r,A072,13,0.9991139362148477
O0_vs_O3r,A072,14,0.9990680664938588
O0_vs_O3r,A072,15,0.99915286358705
O0_vs_O3r,A072,16,0.999131161225235
O0_vs_O3r,A072,17,0.9992163671371422
O0_vs_O3r,A072,18,0.9992331810948228
O0_vs_O3r,A072,19,0.9993699029959467
O0_vs_O3r,A072,20,0.9988469874985771
O0_vs_O3r,A072,21,0.9991540082427656
O0_vs_O3r,A072,22,0.9984111374935332
O0_vs_O3r,A072,23,0.9986988630581703
O0_vs_O3r,A072,24,0.9989240170715752
O0_vs_O3r,A072,25,0.9988807847930735
O0_vs_O3r,A072,26,0.999080036228454
O0_vs_O3r,A072,27,0.998778087792839
O0_vs_O3r,A072,28,0.9988876064432193
O0_vs_O3r,A072,29,0.9989477259646321
O0_vs_O3r,A072,30,0.9993240203501778
O0_vs_O3r,A072,31,0.999026099808353
O0_vs_O3r,A072,32,0.9991248827665439
O0_vs_O3r,A072,33,0.9989366203223928
O0_vs_O3r,A072,34,0.9986477936993794
O0_vs_O3r,A072,35,0.9975804832589056
O0_vs_O3r,A072,36,0.9983318924462009
O0_vs_O3r,A072,37,0.9991540711907313
O0_vs_O3r,A072,38,0.9982441331264336
O0_vs_O3r,A072,39,0.9993173702264184
O0_vs_O3r,A073,0,0.9658916011089675
O0_vs_O3r,A073,1,0.9966613769893105
O0_vs_O3r,A073,2,0.9987234901254934
O0_vs_O3r,A073,3,0.9993503940470819
O0_vs_O3r,A073,4,0.9993671897413365
O0_vs_O3r,A073,5,0.9991906051616761
O0_vs_O3r,A073,6,0.9991774710788764
O0_vs_O3r,A073,7,0.9990983518607698
O0_vs_O3r,A073,8,0.9989095523376332
O0_vs_O3r,A073,9,0.99931759695806
O0_vs_O3r,A073,10,0.998957909832687
O0_vs_O3r,A073,11,0.9992472022142074
O0_vs_O3r,A073,12,0.9994063677526209
O0_vs_O3r,A073,13,0.9993486554310608
O0_vs_O3r,A073,14,0.998901530618993
O0_vs_O3r,A073,15,0.9989578844098935
O0_vs_O3r,A073,16,0.9989312279939232
O0_vs_O3r,A073,17,0.9987954272654984
O0_vs_O3r,A073,18,0.9989938234408302
O0_vs_O3r,A073,19,0.9992846464158964
O0_vs_O3r,A073,20,0.9990985169051539
O0_vs_O3r,A073,21,0.9990086294798985
O0_vs_O3r,A073,22,0.9991893903434927
O0_vs_O3r,A073,23,0.9989220441456305
O0_vs_O3r,A073,24,0.9989246626164151
O0_vs_O3r,A073,25,0.9985174085663988
O0_vs_O3r,A073,26,0.9990728933518798
O0_vs_O3r,A073,27,0.9991115782666374
O0_vs_O3r,A073,28,0.9989843618550671
O0_vs_O3r,A073,29,0.9990460412032843
O0_vs_O3r,A073,30,0.9987983284105222
O0_vs_O3r,A073,31,0.9988346295544265
O0_vs_O3r,A073,32,0.9990776019320629
O0_vs_O3r,A073,33,0.9990825078574833
O0_vs_O3r,A073,34,0.99893044350861
O0_vs_O3r,A073,35,0.9989520904365734
O0_vs_O3r,A073,36,0.9989802510409934
O0_vs_O3r,A073,37,0.998766158544322
O0_vs_O3r,A073,38,0.997813237729404
O0_vs_O3r,A073,39,0.9984589289279235
O0_vs_O3r,A073,40,0.9987868105031892
O0_vs_O3r,A073,41,0.9984232165707309
O0_vs_O3r,A073,42,0.9991178860562948
O0_vs_O3r,A074,0,0.9658916011089675
O0_vs_O3r,A074,1,0.9966613769893105
O0_vs_O3r,A074,2,0.9987234901254934
O0_vs_O3r,A074,3,0.9993503940470819
O0_vs_O3r,A074,4,0.9993013691784539
O0_vs_O3r,A074,5,0.9990312397342254
O0_vs_O3r,A074,6,0.9992510400153776
O0_vs_O3r,A074,7,0.9993086360857298
O0_vs_O3r,A074,8,0.9995649508388271
O0_vs_O3r,A074,9,0.9991975772181125
O0_vs_O3r,A074,10,0.9991275907491619
O0_vs_O3r,A074,11,0.9990712468918883
O0_vs_O3r,A074,12,0.9989200558900149
O0_vs_O3r,A074,13,0.9988179788798315
O0_vs_O3r,A074,14,0.9991269523758893
O0_vs_O3r,A074,15,0.9991630824592872
O0_vs_O3r,A074,16,0.9988388686808363
O0_vs_O3r,A074,17,0.9988462265618377
O0_vs_O3r,A074,18,0.9989083511841005
O0_vs_O3r,A074,19,0.998656286067021
O0_vs_O3r,A074,20,0.9989459998502774
O0_vs_O3r,A074,21,0.998721209314479
O0_vs_O3r,A074,22,0.999169180230433
O0_vs_O3r,A074,23,0.9991002131900917
O0_vs_O3r,A074,24,0.9991789903971308
O0_vs_O3r,A074,25,0.9987922750748633
O0_vs_O3r,A074,26,0.9989893299429464
O0_vs_O3r,A074,27,0.9988507835773467
O0_vs_O3r,A074,28,0.9990120531428178
O0_vs_O3r,A074,29,0.998788553766445
O0_vs_O3r,A074,30,0.9989218456674004
O0_vs_O3r,A074,31,0.9990760874312301
O0_vs_O3r,A074,32,0.998615001436233
O0_vs_O3r,A074,33,0.9987299752005901
O0_vs_O3r,A074,34,0.9978071704826098
O0_vs_O3r,A074,35,0.9984129408074008
O0_vs_O3r,A074,36,0.9988640070416064
O0_vs_O3r,A074,37,0.9982698586142151
O0_vs_O3r,A074,38,0.9991868312250659
O0_vs_O3r,A075,0,0.9658916011089675
O0_vs_O3r,A075,1,0.9966613769893105
O0_vs_O3r,A075,2,0.9987234901254934
O0_vs_O3r,A075,3,0.9992202677986013
O0_vs_O3r,A075,4,0.9990906000878738
O0_vs_O3r,A075,5,0.99918131235099
O0_vs_O3r,A075,6,0.9991036485115251
O0_vs_O3r,A075,7,0.9995480163676017
O0_vs_O3r,A075,8,0.9996607174588596
O0_vs_O3r,A075,9,0.9993647174379444
O0_vs_O3r,A075,10,0.9992340256120383
O0_vs_O3r,A075,11,0.9991932978769084
O0_vs_O3r,A075,12,0.9990497241252764
O0_vs_O3r,A075,13,0.9988652296805017
O0_vs_O3r,A075,14,0.9990117148387848
O0_vs_O3r,A075,15,0.998963589867898
O0_vs_O3r,A075,16,0.9995208122355624
O0_vs_O3r,A075,17,0.998998465794872
O0_vs_O3r,A075,18,0.9987992345678798
O0_vs_O3r,A075,19,0.999234895243612
O0_vs_O3r,A075,20,0.9990503746126037
O0_vs_O3r,A075,21,0.9989335171209326
O0_vs_O3r,A075,22,0.998819138859624
O0_vs_O3r,A075,23,0.999092552990854
O0_vs_O3r,A075,24,0.998859990389029
O0_vs_O3r,A075,25,0.9988610630396616
O0_vs_O3r,A075,26,0.9989889085614982
O0_vs_O3r,A075,27,0.9990243102524992
O0_vs_O3r,A075,28,0.9991346000389433
O0_vs_O3r,A075,29,0.9993408786961255
O0_vs_O3r,A075,30,0.9991574106980913
O0_vs_O3r,A075,31,0.9989099769012423
O0_vs_O3r,A075,32,0.9988291821301686
O0_vs_O3r,A075,33,0.997564584532064
O0_vs_O3r,A075,34,0.9981534905622814
O0_vs_O3r,A075,35,0.9987608503025825
O0_vs_O3r,A075,36,0.9981991341271678
O0_vs_O3r,A075,37,0.9991613788606563
O0_vs_O3r,A076,0,0.9658916011089675
O0_vs_O3r,A076,1,0.9966613769893105
O0_vs_O3r,A076,2,0.9987234901254934
O0_vs_O3r,A076,3,0.9993503940470819
O0_vs_O3r,A076,4,0.9994698460719768
O0_vs_O3r,A076,5,0.999377694023195
O0_vs_O3r,A076,6,0.9989770151397073
O0_vs_O3r,A076,7,0.9992771381579897
O0_vs_O3r,A076,8,0.9993942142444134
O0_vs_O3r,A076,9,0.9993865461296609
O0_vs_O3r,A076,10,0.9988871023237412
O0_vs_O3r,A076,11,0.99907071217629
O0_vs_O3r,A076,12,0.9987240144926114
O0_vs_O3r,A076,13,0.9986237047448642
O0_vs_O3r,A076,14,0.9981410574092157
O0_vs_O3r,A076,15,0.9989210277439988
O0_vs_O3r,A076,16,0.998836049103397
O0_vs_O3r,A076,17,0.9985978342677362
O0_vs_O3r,A076,18,0.9991594807091527
O0_vs_O3r,A076,19,0.9993349250227272
O0_vs_O3r,A076,20,0.9991321658114338
O0_vs_O3r,A076,21,0.9991293268577973
O0_vs_O3r,A076,22,0.9990680786379178
O0_vs_O3r,A076,23,0.9989568107853768
O0_vs_O3r,A076,24,0.9991455657051562
O0_vs_O3r,A076,25,0.9992946511450481
O0_vs_O3r,A076,26,0.9991053081684261
O0_vs_O3r,A076,27,0.9994046687177544
O0_vs_O3r,A076,28,0.9990992767787747
O0_vs_O3r,A076,29,0.9985082331875277
O0_vs_O3r,A076,30,0.99894519712397
O0_vs_O3r,A076,31,0.9992151245932647
O0_vs_O3r,A076,32,0.9987370711407738
O0_vs_O3r,A076,33,0.998826266357188
O0_vs_O3r,A076,34,0.9978897048169744
O0_vs_O3r,A076,35,0.9984775238870642
O0_vs_O3r,A076,36,0.9988315178761201
O0_vs_O3r,A076,37,0.9982500085048811
O0_vs_O3r,A076,38,0.9990183360326556
O0_vs_O3r,A077,0,0.9658916011089675
O0_vs_O3r,A077,1,0.9966613769893105
O0_vs_O3r,A077,2,0.9987234901254934
O0_vs_O3r,A077,3,0.9993503940470819
O0_vs_O3r,A077,4,0.9993606472162186
O0_vs_O3r,A077,5,0.9995112875103961
O0_vs_O3r,A077,6,0.9992252948801695
O0_vs_O3r,A077,7,0.9992970586444881
O0_vs_O3r,A077,8,0.9994179799224497
O0_vs_O3r,A077,9,0.9990826756053226
O0_vs_O3r,A077,10,0.999117291326008
O0_vs_O3r,A077,11,0.9993189174779044
O0_vs_O3r,A077,12,0.998945036052943
O0_vs_O3r,A077,13,0.9992461669849303
O0_vs_O3r,A077,14,0.9992490614375408
O0_vs_O3r,A077,15,0.9991953834759503
O0_vs_O3r,A077,16,0.9991593748570897
O0_vs_O3r,A077,17,0.9989363055935032
O0_vs_O3r,A077,18,0.9990989177009093
O0_vs_O3r,A077,19,0.9989289881887196
O0_vs_O3r,A077,20,0.999295028646683
O0_vs_O3r,A077,21,0.9993478420778718
O0_vs_O3r,A077,22,0.9988742688477601
O0_vs_O3r,A077,23,0.9991635986924534
O0_vs_O3r,A077,24,0.9994725494957453
O0_vs_O3r,A077,25,0.9985894345459044
O0_vs_O3r,A077,26,0.9991624229319839
O0_vs_O3r,A077,27,0.9989858854545889
O0_vs_O3r,A077,28,0.9988063654311872
O0_vs_O3r,A077,29,0.9987496744225808
O0_vs_O3r,A077,30,0.9991915310157851
O0_vs_O3r,A077,31,0.9992211973902574
O0_vs_O3r,A077,32,0.9989310960145855
O0_vs_O3r,A077,33,0.9988840421003501
O0_vs_O3r,A077,34,0.9978192414330497
O0_vs_O3r,A077,35,0.9984482764363539
O0_vs_O3r,A077,36,0.9985953964266208
O0_vs_O3r,A077,37,0.9981529707332149
O0_vs_O3r,A077,38,0.9992042205799301
O0_vs_O3r,A078,0,0.9658916011089675
O0_vs_O3r,A078,1,0.9966613769893105
O0_vs_O3r,A078,2,0.9987234901254934
O0_vs_O3r,A078,3,0.9993503940470819
O0_vs_O3r,A078,4,0.9993967344353265
O0_vs_O3r,A078,5,0.9990058626857985
O0_vs_O3r,A078,6,0.9995169046115537
O0_vs_O3r,A078,7,0.9994741427002353
O0_vs_O3r,A078,8,0.9994833633446499
O0_vs_O3r,A078,9,0.9991894220732068
O0_vs_O3r,A078,10,0.9990742556896625
O0_vs_O3r,A078,11,0.9990328960204414
O0_vs_O3r,A078,12,0.9992478008291766
O0_vs_O3r,A078,13,0.998920777731269
O0_vs_O3r,A078,14,0.9991094558515867
O0_vs_O3r,A078,15,0.9992015533311264
O0_vs_O3r,A078,16,0.9989070336866884
O0_vs_O3r,A078,17,0.9989218113430749
O0_vs_O3r,A078,18,0.9989824418975579
O0_vs_O3r,A078,19,0.9985852808597785
O0_vs_O3r,A078,20,0.9987478641338742
O0_vs_O3r,A078,21,0.9991730314952227
O0_vs_O3r,A078,22,0.999008561353798
O0_vs_O3r,A078,23,0.9988083405935966
O0_vs_O3r,A078,24,0.99891132752365
O0_vs_O3r,A078,25,0.9992985772134926
O0_vs_O3r,A078,26,0.999294298973935
O0_vs_O3r,A078,27,0.9992372609430229
O0_vs_O3r,A078,28,0.9991511418238517
O0_vs_O3r,A078,29,0.9988322692472864
O0_vs_O3r,A078,30,0.9987114229817962
O0_vs_O3r,A078,31,0.9978927827792136
O0_vs_O3r,A078,32,0.9984231164813516
O0_vs_O3r,A078,33,0.9983912236486211
O0_vs_O3r,A078,34,0.9984544609941102
O0_vs_O3r,A078,35,0.9995727668166091
O0_vs_O3r,A079,0,0.9658916011089675
O0_vs_O3r,A079,1,0.9966613769893105
O0_vs_O3r,A079,2,0.9987234901254934
O0_vs_O3r,A079,3,0.9993503940470819
O0_vs_O3r,A079,4,0.9993119380611911
O0_vs_O3r,A079,5,0.9990739680215044
O0_vs_O3r,A079,6,0.9995604738042118
O0_vs_O3r,A079,7,0.9994555110615632
O0_vs_O3r,A079,8,0.9992753254602046
O0_vs_O3r,A079,9,0.9988046406754825
O0_vs_O3r,A079,10,0.9992094247499141
O0_vs_O3r,A079,11,0.9991057868969475
O0_vs_O3r,A079,12,0.99967886340634
O0_vs_O3r,A079,13,0.9990652224503341
O0_vs_O3r,A079,14,0.9990999189049672
O0_vs_O3r,A079,15,0.9984086367955596
O0_vs_O3r,A079,16,0.9986914157092044
O0_vs_O3r,A079,17,0.9988911009976773
O0_vs_O3r,A079,18,0.9987432952869026
O0_vs_O3r,A079,19,0.9987639064192588
O0_vs_O3r,A079,20,0.9987909685757795
O0_vs_O3r,A079,21,0.9987525977852103
O0_vs_O3r,A079,22,0.9988694192957547
O0_vs_O3r,A079,23,0.9992857217254103
O0_vs_O3r,A079,24,0.9990659329873238
O0_vs_O3r,A079,25,0.9992214995377732
O0_vs_O3r,A079,26,0.99891591923384
O0_vs_O3r,A079,27,0.9990578808470865
O0_vs_O3r,A079,28,0.9992167309457105
O0_vs_O3r,A079,29,0.9989274385378116
O0_vs_O3r,A079,30,0.9989017599833028
O0_vs_O3r,A079,31,0.9986412969283684
O0_vs_O3r,A079,32,0.99792854508368
O0_vs_O3r,A079,33,0.9984749955838597
O0_vs_O3r,A079,34,0.9974590650541765
O0_vs_O3r,A079,35,0.9982853568264197
O0_vs_O3r,A079,36,0.9991417504089753
O0_vs_O3r,A080,0,0.9658916011089675
O0_vs_O3r,A080,1,0.9966613769893105
O0_vs_O3r,A080,2,0.9987234901254934
O0_vs_O3r,A080,3,0.9993503940470819
O0_vs_O3r,A080,4,0.9993286294377983
O0_vs_O3r,A080,5,0.9992036083804882
O0_vs_O3r,A080,6,0.9991608332732126
O0_vs_O3r,A080,7,0.999661710710252
O0_vs_O3r,A080,8,0.9989893773776475
O0_vs_O3r,A080,9,0.9992250135575926
O0_vs_O3r,A080,10,0.9991916745493179
O0_vs_O3r,A080,11,0.9992337646547336
O0_vs_O3r,A080,12,0.9987730226378885
O0_vs_O3r,A080,13,0.9990185010355438
O0_vs_O3r,A080,14,0.9987501724044467
O0_vs_O3r,A080,15,0.9986057349087859
O0_vs_O3r,A080,16,0.9984877969831484
O0_vs_O3r,A080,17,0.9989484602068375
O0_vs_O3r,A080,18,0.9988313741556019
O0_vs_O3r,A080,19,0.9988419872400822
O0_vs_O3r,A080,20,0.9990193563602991
O0_vs_O3r,A080,21,0.9988925220684164
O0_vs_O3r,A080,22,0.9989228704391884
O0_vs_O3r,A080,23,0.9987905397624924
O0_vs_O3r,A080,24,0.9988767795910624
O0_vs_O3r,A080,25,0.9992110001045423
O0_vs_O3r,A080,26,0.999075986437068
O0_vs_O3r,A080,27,0.9989112212488445
O0_vs_O3r,A080,28,0.9987371305561272
O0_vs_O3r,A080,29,0.9987374240291657
O0_vs_O3r,A080,30,0.9977393843627249
O0_vs_O3r,A080,31,0.9986246351291145
O0_vs_O3r,A080,32,0.9985655607635819
O0_vs_O3r,A080,33,0.9983277182960969
O0_vs_O3r,A080,34,0.9992151668083701
O0_vs_O3r,A081,0,0.9658916011089675
O0_vs_O3r,A081,1,0.9966613769893105
O0_vs_O3r,A081,2,0.9987234901254934
O0_vs_O3r,A081,3,0.9993503940470819
O0_vs_O3r,A081,4,0.9993723869571733
O0_vs_O3r,A081,5,0.999286055458501
O0_vs_O3r,A081,6,0.9990005054807408
O0_vs_O3r,A081,7,0.9994043951218665
O0_vs_O3r,A081,8,0.9992521150744529
O0_vs_O3r,A081,9,0.9990823581526665
O0_vs_O3r,A081,10,0.9995137946387688
O0_vs_O3r,A081,11,0.9993988810524492
O0_vs_O3r,A081,12,0.9989995747414353
O0_vs_O3r,A081,13,0.9993343926140061
O0_vs_O3r,A081,14,0.9991046332634774
O0_vs_O3r,A081,15,0.9990381397696393
O0_vs_O3r,A081,16,0.9993841373934734
O0_vs_O3r,A081,17,0.9991986345128226
O0_vs_O3r,A081,18,0.9990877691953395
O0_vs_O3r,A081,19,0.9991053640874434
O0_vs_O3r,A081,20,0.9985933185236351
O0_vs_O3r,A081,21,0.9977353934790236
O0_vs_O3r,A081,22,0.998231226763208
O0_vs_O3r,A081,23,0.9982493556925339
O0_vs_O3r,A081,24,0.9984041321568007
O0_vs_O3r,A081,25,0.9990207164273817
O0_vs_O3r,A082,0,0.9658916011089675
O0_vs_O3r,A082,1,0.9966613769893105
O0_vs_O3r,A082,2,0.9987234901254934
O0_vs_O3r,A082,3,0.9993503940470819
O0_vs_O3r,A082,4,0.9991727901369999
O0_vs_O3r,A082,5,0.9991464312580799
O0_vs_O3r,A082,6,0.9994048796666022
O0_vs_O3r,A082,7,0.999294526847184
O0_vs_O3r,A082,8,0.999727833912539
O0_vs_O3r,A082,9,0.9998427430253097
O0_vs_O3r,A082,10,0.9995529498221224
O0_vs_O3r,A082,11,0.9996947563257733
O0_vs_O3r,A082,12,0.9990959715629336
O0_vs_O3r,A082,13,0.9992121039769621
O0_vs_O3r,A082,14,0.9995924318134901
O0_vs_O3r,A082,15,0.999182996414233
O0_vs_O3r,A082,16,0.9990654311197895
O0_vs_O3r,A082,17,0.9993065353367603
O0_vs_O3r,A082,18,0.9993737098143194
O0_vs_O3r,A082,19,0.9991101457784686
O0_vs_O3r,A082,20,0.998995920566692
O0_vs_O3r,A082,21,0.9985699972665061
O0_vs_O3r,A082,22,0.9977916872921557
O0_vs_O3r,A082,23,0.9982445079330616
O0_vs_O3r,A082,24,0.9987198555952893
O0_vs_O3r,A082,25,0.9984487362753564
O0_vs_O3r,A082,26,0.9989967619846777
O0_vs_O3r,A083,0,0.9658916011089675
O0_vs_O3r,A083,1,0.9966613769893105
O0_vs_O3r,A083,2,0.9987234901254934
O0_vs_O3r,A083,3,0.9993503940470819
O0_vs_O3r,A083,4,0.9994222010458538
O0_vs_O3r,A083,5,0.9989849593620155
O0_vs_O3r,A083,6,0.9989067853137967
O0_vs_O3r,A083,7,0.9981407311615702
O0_vs_O3r,A083,8,0.998900088064182
O0_vs_O3r,A083,9,0.999165776231591
O0_vs_O3r,A083,10,0.9995034462277361
O0_vs_O3r,A083,11,0.9993096070583423
O0_vs_O3r,A083,12,0.9995507195974483
O0_vs_O3r,A083,13,0.9992487383857083
O0_vs_O3r,A083,14,0.9992037523649759
O0_vs_O3r,A083,15,0.9988928214781562
O0_vs_O3r,A083,16,0.9992523293836555
O0_vs_O3r,A083,17,0.9990679043726846
O0_vs_O3r,A083,18,0.9987920605705176
O0_vs_O3r,A083,19,0.9991328734687401
O0_vs_O3r,A083,20,0.9987890314558218
O0_vs_O3r,A083,21,0.9986777086457284
O0_vs_O3r,A083,22,0.9984860055881472
O0_vs_O3r,A083,23,0.9978491727073612
O0_vs_O3r,A083,24,0.998228033051446
O0_vs_O3r,A083,25,0.9987752026225841
O0_vs_O3r,A083,26,0.998361127167286
O0_vs_O3r,A083,27,0.9992234878496973
O0_vs_O3r,A084,0,0.9658916011089675
O0_vs_O3r,A084,1,0.9966613769893105
O0_vs_O3r,A084,2,0.9987234901254934
O0_vs_O3r,A084,3,0.9993503940470819
O0_vs_O3r,A084,4,0.9994698460719768
O0_vs_O3r,A084,5,0.9991063503683723
O0_vs_O3r,A084,6,0.9993310638478076
O0_vs_O3r,A084,7,0.9994910417224152
O0_vs_O3r,A084,8,0.9993068523214844
O0_vs_O3r,A084,9,0.9990188807177784
O0_vs_O3r,A084,10,0.9991557859863941
O0_vs_O3r,A084,11,0.9993550820040957
O0_vs_O3r,A084,12,0.9994603122994073
O0_vs_O3r,A084,13,0.999326829014821
O0_vs_O3r,A084,14,0.9991194699161665
O0_vs_O3r,A084,15,0.9992884653296906
O0_vs_O3r,A084,16,0.999209958829179
O0_vs_O3r,A084,17,0.9990978021319388
O0_vs_O3r,A084,18,0.9993152855233143
O0_vs_O3r,A084,19,0.9987647716223081
O0_vs_O3r,A084,20,0.998012527048699
O0_vs_O3r,A084,21,0.9985153606085997
O0_vs_O3r,A084,22,0.9988951607141708
O0_vs_O3r,A084,23,0.9983977205057287
O0_vs_O3r,A084,24,0.9989680236577879
O0_vs_O3r,A085,0,0.9658916011089675
O0_vs_O3r,A085,1,0.9966613769893105
O0_vs_O3r,A085,2,0.9987234901254934
O0_vs_O3r,A085,3,0.9993503940470819
O0_vs_O3r,A085,4,0.9991995916977165
O0_vs_O3r,A085,5,0.9990000634724089
O0_vs_O3r,A085,6,0.9992358540394488
O0_vs_O3r,A085,7,0.9994180678419963
O0_vs_O3r,A085,8,0.9992541091791489
O0_vs_O3r,A085,9,0.9995630879940669
O0_vs_O3r,A085,10,0.9994594694938405
O0_vs_O3r,A085,11,0.9993679721447779
O0_vs_O3r,A085,12,0.9994771155054424
O0_vs_O3r,A085,13,0.9995794845602259
O0_vs_O3r,A085,14,0.999283572267501
O0_vs_O3r,A085,15,0.9992560102129506
O0_vs_O3r,A085,16,0.9994621786119987
O0_vs_O3r,A085,17,0.9993267327925196
O0_vs_O3r,A085,18,0.9993300219324218
O0_vs_O3r,A085,19,0.9986380096595066
O0_vs_O3r,A085,20,0.9980683335831279
O0_vs_O3r,A085,21,0.9982487244347492
O0_vs_O3r,A085,22,0.9989720269041735
O0_vs_O3r,A085,23,0.9987360876197018
O0_vs_O3r,A085,24,0.9994536916625465
O0_vs_O3r,A086,0,0.9658916011089675
O0_vs_O3r,A086,1,0.9966613769893105
O0_vs_O3r,A086,2,0.9987234901254934
O0_vs_O3r,A086,3,0.9993503940470819
O0_vs_O3r,A086,4,0.999329126343804
O0_vs_O3r,A086,5,0.9991099701561819
O0_vs_O3r,A086,6,0.9990927721350703
O0_vs_O3r,A086,7,0.9994931696520178
O0_vs_O3r,A086,8,0.9994922131591293
O0_vs_O3r,A086,9,0.9994735634316929
O0_vs_O3r,A086,10,0.9993664667589833
O0_vs_O3r,A086,11,0.999565961560116
O0_vs_O3r,A086,12,0.999703980126336
O0_vs_O3r,A086,13,0.9995817236945679
O0_vs_O3r,A086,14,0.999477125978836
O0_vs_O3r,A086,15,0.999452825561178
O0_vs_O3r,A086,16,0.9987468692197616
O0_vs_O3r,A086,17,0.9981363839788031
O0_vs_O3r,A086,18,0.9985149963249096
O0_vs_O3r,A086,19,0.9989497081787914
O0_vs_O3r,A086,20,0.998097624834562
O0_vs_O3r,A086,21,0.9989518477073807
O0_vs_O3r,A087,0,0.9658916011089675
O0_vs_O3r,A087,1,0.9966613769893105
O0_vs_O3r,A087,2,0.9987234901254934
O0_vs_O3r,A087,3,0.9993503940470819
O0_vs_O3r,A087,4,0.9992700357180124
O0_vs_O3r,A087,5,0.9990705491921935
O0_vs_O3r,A087,6,0.9993377443140803
O0_vs_O3r,A087,7,0.9990714846579438
O0_vs_O3r,A087,8,0.9988914141560183
O0_vs_O3r,A087,9,0.9985298837771803
O0_vs_O3r,A087,10,0.9992387011486259
O0_vs_O3r,A087,11,0.9990340243109637
O0_vs_O3r,A087,12,0.9991762505999056
O0_vs_O3r,A087,13,0.9990479605721115
O0_vs_O3r,A087,14,0.9994264009574224
O0_vs_O3r,A087,15,0.9992616947386032
O0_vs_O3r,A087,16,0.9985930092768713
O0_vs_O3r,A087,17,0.997911653925556
O0_vs_O3r,A087,18,0.9983313745683492
O0_vs_O3r,A087,19,0.9980924428111556
O0_vs_O3r,A087,20,0.9982128455008797
O0_vs_O3r,A087,21,0.9990018026159898
O0_vs_O3r,A088,0,0.9658916011089675
O0_vs_O3r,A088,1,0.9966613769893105
O0_vs_O3r,A088,2,0.9987234901254934
O0_vs_O3r,A088,3,0.9993503940470819
O0_vs_O3r,A088,4,0.9992572950197861
O0_vs_O3r,A088,5,0.9991350983904388
O0_vs_O3r,A088,6,0.999387868594985
O0_vs_O3r,A088,7,0.9991045562078481
O0_vs_O3r,A088,8,0.9992315341995547
O0_vs_O3r,A088,9,0.9997294173691785
O0_vs_O3r,A088,10,0.9997203109327591
O0_vs_O3r,A088,11,0.9993404991095534
O0_vs_O3r,A088,12,0.9991751073573005
O0_vs_O3r,A088,13,0.9988472873139871
O0_vs_O3r,A088,14,0.9992293836488308
O0_vs_O3r,A088,15,0.9991650259765421
O0_vs_O3r,A088,16,0.9989179691923207
O0_vs_O3r,A088,17,0.9989552470850859
O0_vs_O3r,A088,18,0.9987788610748484
O0_vs_O3r,A088,19,0.9977530106215768
O0_vs_O3r,A088,20,0.9980239684716118
O0_vs_O3r,A088,21,0.9988991604378095
O0_vs_O3r,A088,22,0.998336743333403
O0_vs_O3r,A088,23,0.9992263558493443
O0_vs_O3r,A089,0,0.9658916011089675
O0_vs_O3r,A089,1,0.9966613769893105
O0_vs_O3r,A089,2,0.9987234901254934
O0_vs_O3r,A089,3,0.9993503940470819
O0_vs_O3r,A089,4,0.999292251921567
O0_vs_O3r,A089,5,0.9991134687183931
O0_vs_O3r,A089,6,0.9993149325913928
O0_vs_O3r,A089,7,0.9990899222856466
O0_vs_O3r,A089,8,0.9991982175926647
O0_vs_O3r,A089,9,0.9990197766397627
O0_vs_O3r,A089,10,0.9990128590519418
O0_vs_O3r,A089,11,0.9992123411064991
O0_vs_O3r,A089,12,0.999359337000181
O0_vs_O3r,A089,13,0.9994183713593225
O0_vs_O3r,A089,14,0.9991818121115499
O0_vs_O3r,A089,15,0.9994984993791709
O0_vs_O3r,A089,16,0.9992230844997987
O0_vs_O3r,A089,17,0.9989483968890013
O0_vs_O3r,A089,18,0.9992458366721432
O0_vs_O3r,A089,19,0.9990159765590765
O0_vs_O3r,A089,20,0.9985340409261046
O0_vs_O3r,A089,21,0.9979137985309929
O0_vs_O3r,A089,22,0.9980664893339679
O0_vs_O3r,A089,23,0.9987771277501876
O0_vs_O3r,A089,24,0.9983890335997154
O0_vs_O3r,A089,25,0.9989773867156098
O0_vs_O3r,A090,0,0.9658916011089675
O0_vs_O3r,A090,1,0.9966613769893105
O0_vs_O3r,A090,2,0.9987234901254934
O0_vs_O3r,A090,3,0.9993503940470819
O0_vs_O3r,A090,4,0.9989013630723627
O0_vs_O3r,A090,5,0.9988879273183382
O0_vs_O3r,A090,6,0.9992390387717768
O0_vs_O3r,A090,7,0.9991799356447821
O0_vs_O3r,A090,8,0.9987835988285834
O0_vs_O3r,A090,9,0.9990405899162264
O0_vs_O3r,A090,10,0.9986234219480931
O0_vs_O3r,A090,11,0.9990923125835534
O0_vs_O3r,A090,12,0.9993982966146332
O0_vs_O3r,A090,13,0.9992103128973374
O0_vs_O3r,A090,14,0.9996362381709849
O0_vs_O3r,A090,15,0.9991672843926238
O0_vs_O3r,A090,16,0.9992700425965916
O0_vs_O3r,A090,17,0.9991043589026104
O0_vs_O3r,A090,18,0.9992979425617501
O0_vs_O3r,A090,19,0.9993448939098745
O0_vs_O3r,A090,20,0.9991970184001983
O0_vs_O3r,A090,21,0.999258534980918
O0_vs_O3r,A090,22,0.9991971871072328
O0_vs_O3r,A090,23,0.9986311500072582
O0_vs_O3r,A090,24,0.99802061189658
O0_vs_O3r,A090,25,0.9984548866272388
O0_vs_O3r,A090,26,0.9989556731919045
O0_vs_O3r,A090,27,0.998156437828411
O0_vs_O3r,A090,28,0.9987775668321729
O0_vs_O3r,A091,0,0.9658916011089675
O0_vs_O3r,A091,1,0.9966613769893105
O0_vs_O3r,A091,2,0.9987234901254934
O0_vs_O3r,A091,3,0.9995577845213466
O0_vs_O3r,A091,4,0.9992681633690573
O0_vs_O3r,A091,5,0.999255425786767
O0_vs_O3r,A091,6,0.9987466688200736
O0_vs_O3r,A091,7,0.9989635195584551
O0_vs_O3r,A091,8,0.9992528558467282
O0_vs_O3r,A091,9,0.9989910948219436
O0_vs_O3r,A091,10,0.9987966486418186
O0_vs_O3r,A091,11,0.9988849971870054
O0_vs_O3r,A091,12,0.9987402513458595
O0_vs_O3r,A091,13,0.9990224295196143
O0_vs_O3r,A091,14,0.9984283387076038
O0_vs_O3r,A091,15,0.9989894713997818
O0_vs_O3r,A091,16,0.9985191191219284
O0_vs_O3r,A091,17,0.9978433231629733
O0_vs_O3r,A091,18,0.9981678484031333
O0_vs_O3r,A091,19,0.9988831206437015
O0_vs_O3r,A091,20,0.9984719393711341
O0_vs_O3r,A091,21,0.998664163062559
O0_vs_O3r,A092,0,0.9658916011089675
O0_vs_O3r,A092,1,0.9966613769893105
O0_vs_O3r,A092,2,0.9987234901254934
O0_vs_O3r,A092,3,0.9995577845213466
O0_vs_O3r,A092,4,0.9992643279722643
O0_vs_O3r,A092,5,0.9991775116136833
O0_vs_O3r,A092,6,0.9991090787805241
O0_vs_O3r,A092,7,0.9991157904103952
O0_vs_O3r,A092,8,0.9986940760098378
O0_vs_O3r,A092,9,0.9991853280925821
O0_vs_O3r,A092,10,0.9991764048889378
O0_vs_O3r,A092,11,0.999291108463519
O0_vs_O3r,A092,12,0.9992422393957762
O0_vs_O3r,A092,13,0.9990525369534673
O0_vs_O3r,A092,14,0.9988881234745723
O0_vs_O3r,A092,15,0.9989491550395402
O0_vs_O3r,A092,16,0.9991790820487778
O0_vs_O3r,A092,17,0.9991240077000123
O0_vs_O3r,A092,18,0.999193407607804
O0_vs_O3r,A092,19,0.9984370109743883
O0_vs_O3r,A092,20,0.9988948871549509
O0_vs_O3r,A092,21,0.9985423229322012
O0_vs_O3r,A092,22,0.9988264891718628
O0_vs_O3r,A092,23,0.9989397848160089
O0_vs_O3r,A092,24,0.9993438263979995
O0_vs_O3r,A092,25,0.9992033990231873
O0_vs_O3r,A092,26,0.998964539003166
O0_vs_O3r,A092,27,0.9991371782764574
O0_vs_O3r,A092,28,0.9984990372863132
O0_vs_O3r,A092,29,0.9977195814680301
O0_vs_O3r,A092,30,0.9980893275192129
O0_vs_O3r,A092,31,0.9972371394346888
O0_vs_O3r,A092,32,0.9986384813785969
O0_vs_O3r,A092,33,0.9992148859339041
O0_vs_O3r,A093,0,0.9658916011089675
O0_vs_O3r,A093,1,0.9966613769893105
O0_vs_O3r,A093,2,0.9987234901254934
O0_vs_O3r,A093,3,0.9995571742239746
O0_vs_O3r,A093,4,0.9994837827026697
O0_vs_O3r,A093,5,0.9989395922420701
O0_vs_O3r,A093,6,0.9988213502280067
O0_vs_O3r,A093,7,0.9993174760773835
O0_vs_O3r,A093,8,0.9994209019952641
O0_vs_O3r,A093,9,0.9994227960874814
O0_vs_O3r,A093,10,0.9991555842482812
O0_vs_O3r,A093,11,0.9994745301348005
O0_vs_O3r,A093,12,0.9991609936917327
O0_vs_O3r,A093,13,0.9989659692261067
O0_vs_O3r,A093,14,0.999235291273205
O0_vs_O3r,A093,15,0.9990792103262949
O0_vs_O3r,A093,16,0.9989180173306663
O0_vs_O3r,A093,17,0.9986112789763154
O0_vs_O3r,A093,18,0.9979060395180418
O0_vs_O3r,A093,19,0.9982424601675134
O0_vs_O3r,A093,20,0.9983158605734206
O0_vs_O3r,A093,21,0.9986585564996715
O0_vs_O3r,A093,22,0.9987871099536229
O0_vs_O3r,A094,0,0.9658916011089675
O0_vs_O3r,A094,1,0.9966613769893105
O0_vs_O3r,A094,2,0.9987234901254934
O0_vs_O3r,A094,3,0.9995876237277875
O0_vs_O3r,A094,4,0.999189655705798
O0_vs_O3r,A094,5,0.999234473206921
O0_vs_O3r,A094,6,0.999397994721663
O0_vs_O3r,A094,7,0.9992702542633397
O0_vs_O3r,A094,8,0.9990204543927481
O0_vs_O3r,A094,9,0.9993644032117621
O0_vs_O3r,A094,10,0.9991114163974001
O0_vs_O3r,A094,11,0.9990520860191029
O0_vs_O3r,A094,12,0.9990285832441713
O0_vs_O3r,A094,13,0.9992874310810512
O0_vs_O3r,A094,14,0.9992310197213025
O0_vs_O3r,A094,15,0.9991839017795163
O0_vs_O3r,A094,16,0.9992418011183647
O0_vs_O3r,A094,17,0.9990836829206116
O0_vs_O3r,A094,18,0.9988131140578493
O0_vs_O3r,A094,19,0.9979210803301983
O0_vs_O3r,A094,20,0.9982188361931128
O0_vs_O3r,A094,21,0.9986160269557658
O0_vs_O3r,A094,22,0.9986677900625347
O0_vs_O3r,A094,23,0.999027908011336
O0_vs_O3r,A095,0,0.9658916011089675
O0_vs_O3r,A095,1,0.9966613769893105
O0_vs_O3r,A095,2,0.9987234901254934
O0_vs_O3r,A095,3,0.9995577845213466
O0_vs_O3r,A095,4,0.9992741822986988
O0_vs_O3r,A095,5,0.998778248833957
O0_vs_O3r,A095,6,0.9991280230033839
O0_vs_O3r,A095,7,0.9988505658292632
O0_vs_O3r,A095,8,0.9992907565558722
O0_vs_O3r,A095,9,0.999298537540432
O0_vs_O3r,A095,10,0.9987306933335057
O0_vs_O3r,A095,11,0.999452366392391
O0_vs_O3r,A095,12,0.9993218223305113
O0_vs_O3r,A095,13,0.9991601192727263
O0_vs_O3r,A095,14,0.9992732383377687
O0_vs_O3r,A095,15,0.9986919819223264
O0_vs_O3r,A095,16,0.9988379870972971
O0_vs_O3r,A095,17,0.9989457646076623
O0_vs_O3r,A095,18,0.9988370658751491
O0_vs_O3r,A095,19,0.9995305359542102
O0_vs_O3r,A095,20,0.9991162357940658
O0_vs_O3r,A095,21,0.9994611810587858
O0_vs_O3r,A095,22,0.9985642585538003
O0_vs_O3r,A095,23,0.998526697602599
O0_vs_O3r,A095,24,0.9991814822886079
O0_vs_O3r,A095,25,0.9988954764707646
O0_vs_O3r,A095,26,0.998853660494542
O0_vs_O3r,A095,27,0.9986199686989585
O0_vs_O3r,A095,28,0.9978047114580216
O0_vs_O3r,A095,29,0.9980911329581004
O0_vs_O3r,A095,30,0.9982459395042971
O0_vs_O3r,A095,31,0.998645438722824
O0_vs_O3r,A095,32,0.999240582260873
O0_vs_O3r,A096,0,0.9658916011089675
O0_vs_O3r,A096,1,0.9966613769893105
O0_vs_O3r,A096,2,0.9987234901254934
O0_vs_O3r,A096,3,0.9995571742239746
O0_vs_O3r,A096,4,0.9993515258363576
O0_vs_O3r,A096,5,0.9992178792644486
O0_vs_O3r,A096,6,0.9993254367988109
O0_vs_O3r,A096,7,0.9989123929119209
O0_vs_O3r,A096,8,0.9991959657670653
O0_vs_O3r,A096,9,0.9990239328657158
O0_vs_O3r,A096,10,0.9993318257279458
O0_vs_O3r,A096,11,0.9994790397626768
O0_vs_O3r,A096,12,0.9992973487549732
O0_vs_O3r,A096,13,0.9990519781863522
O0_vs_O3r,A096,14,0.998842155722903
O0_vs_O3r,A096,15,0.9990374530776528
O0_vs_O3r,A096,16,0.9989244778690125
O0_vs_O3r,A096,17,0.9987368047530037
O0_vs_O3r,A096,18,0.997871350616708
O0_vs_O3r,A096,19,0.9979489642698735
O0_vs_O3r,A096,20,0.9987091894237567
O0_vs_O3r,A096,21,0.9987793656421473
O0_vs_O3r,A096,22,0.9990188219479007
O0_vs_O3r,A097,0,0.9658916011089675
O0_vs_O3r,A097,1,0.9966613769893105
O0_vs_O3r,A097,2,0.9987234901254934
O0_vs_O3r,A097,3,0.9995577845213466
O0_vs_O3r,A097,4,0.9991366387490299
O0_vs_O3r,A097,5,0.9985797069073714
O0_vs_O3r,A097,6,0.9988399260338117
O0_vs_O3r,A097,7,0.9991240869213602
O0_vs_O3r,A097,8,0.9989161296842622
O0_vs_O3r,A097,9,0.9992116987271771
O0_vs_O3r,A097,10,0.9994809874604893
O0_vs_O3r,A097,11,0.9991573301033053
O0_vs_O3r,A097,12,0.9994953812724953
O0_vs_O3r,A097,13,0.9991339217102932
O0_vs_O3r,A097,14,0.9988319991160292
O0_vs_O3r,A097,15,0.9992661302260056
O0_vs_O3r,A097,16,0.999252013882561
O0_vs_O3r,A097,17,0.9991072673047627
O0_vs_O3r,A097,18,0.9991002447573963
O0_vs_O3r,A097,19,0.9984772936599513
O0_vs_O3r,A097,20,0.998553134080932
O0_vs_O3r,A097,21,0.9978329505406294
O0_vs_O3r,A097,22,0.9978905429634746
O0_vs_O3r,A097,23,0.9981708840881822
O0_vs_O3r,A097,24,0.9986582144393834
O0_vs_O3r,A097,25,0.999284491631202
O0_vs_O3r,A098,0,0.9658916011089675
O0_vs_O3r,A098,1,0.9966613769893105
O0_vs_O3r,A098,2,0.9987234901254934
O0_vs_O3r,A098,3,0.9995876237277875
O0_vs_O3r,A098,4,0.9994455620653016
O0_vs_O3r,A098,5,0.9993067481664303
O0_vs_O3r,A098,6,0.9992575957542104
O0_vs_O3r,A098,7,0.9990814153807238
O0_vs_O3r,A098,8,0.9993609226119622
O0_vs_O3r,A098,9,0.999246837971046
O0_vs_O3r,A098,10,0.9994246019022276
O0_vs_O3r,A098,11,0.998921902170871
O0_vs_O3r,A098,12,0.9992595301082852
O0_vs_O3r,A098,13,0.999286967250578
O0_vs_O3r,A098,14,0.9993138410085618
O0_vs_O3r,A098,15,0.999155371360738
O0_vs_O3r,A098,16,0.9990878220686746
O0_vs_O3r,A098,17,0.9991576585088824
O0_vs_O3r,A098,18,0.9989576197737264
O0_vs_O3r,A098,19,0.9991988783572016
O0_vs_O3r,A098,20,0.9990455451421584
O0_vs_O3r,A098,21,0.9990750576358186
O0_vs_O3r,A098,22,0.9988078013479434
O0_vs_O3r,A098,23,0.9979066889271944
O0_vs_O3r,A098,24,0.9976362332351301
O0_vs_O3r,A098,25,0.9986935737661355
O0_vs_O3r,A098,26,0.9986723612710376
O0_vs_O3r,A098,27,0.9989765175412809
O0_vs_O3r,A099,0,0.9658916011089675
O0_vs_O3r,A099,1,0.9966613769893105
O0_vs_O3r,A099,2,0.9987234901254934
O0_vs_O3r,A099,3,0.9995577845213466
O0_vs_O3r,A099,4,0.999344132270011
O0_vs_O3r,A099,5,0.9985660211519243
O0_vs_O3r,A099,6,0.9992256182470084
O0_vs_O3r,A099,7,0.9991223483031615
O0_vs_O3r,A099,8,0.9994670413824528
O0_vs_O3r,A099,9,0.9995753719494244
O0_vs_O3r,A099,10,0.9988952998539584
O0_vs_O3r,A099,11,0.9990278518385296
O0_vs_O3r,A099,12,0.9990374229610394
O0_vs_O3r,A099,13,0.9990443182429976
O0_vs_O3r,A099,14,0.9988530274652854
O0_vs_O3r,A099,15,0.9987836648757399
O0_vs_O3r,A099,16,0.998909466090515
O0_vs_O3r,A099,17,0.9989041741401292
O0_vs_O3r,A099,18,0.9992344726984034
O0_vs_O3r,A099,19,0.9988965558171121
O0_vs_O3r,A099,20,0.9982149062626847
O0_vs_O3r,A099,21,0.9979267801832561
O0_vs_O3r,A099,22,0.9987034434219059
O0_vs_O3r,A099,23,0.9987294448660877
O0_vs_O3r,A099,24,0.9980752017182895
O0_vs_O3r,A099,25,0.9978938215831858
O0_vs_O3r,A099,26,0.9987837391555529
O0_vs_O3r,A099,27,0.9985359743526677
O0_vs_O3r,A099,28,0.9990042453624679
O0_vs_O3r,A100,0,0.9658916011089675
O0_vs_O3r,A100,1,0.9966613769893105
O0_vs_O3r,A100,2,0.9987234901254934
O0_vs_O3r,A100,3,0.9995571742239746
O0_vs_O3r,A100,4,0.9992338846285046
O0_vs_O3r,A100,5,0.9989382336125834
O0_vs_O3r,A100,6,0.9995142335105126
O0_vs_O3r,A100,7,0.9994342228619999
O0_vs_O3r,A100,8,0.9991038378763909
O0_vs_O3r,A100,9,0.9991315869629825
O0_vs_O3r,A100,10,0.9989952113935195
O0_vs_O3r,A100,11,0.9991834169469864
O0_vs_O3r,A100,12,0.9988827907558475
O0_vs_O3r,A100,13,0.9992493910742816
O0_vs_O3r,A100,14,0.9990360208238322
O0_vs_O3r,A100,15,0.9993133297894927
O0_vs_O3r,A100,16,0.9989845102091631
O0_vs_O3r,A100,17,0.9985845329343147
O0_vs_O3r,A100,18,0.9978523377091646
O0_vs_O3r,A100,19,0.9982413500209646
O0_vs_O3r,A100,20,0.9987166173769608
O0_vs_O3r,A100,21,0.998625955206575
O0_vs_O3r,A100,22,0.99887081055816
