pair,pid,embeds.cosine,embeds.inf_a,embeds.inf_b,embeds.max_abs,embeds.mean_abs,embeds.mean_rel_elementwise_sym,embeds.median_abs,embeds.n,embeds.nan_a,embeds.nan_b,embeds.norm_ratio,embeds.rel_l2,embeds.rmse,embeds.shape,embeds.sign_agreement,prenorm.bf16_exact_match,prenorm.cosine,prenorm.inf_a,prenorm.inf_b,prenorm.max_abs,prenorm.mean_abs,prenorm.mean_rel_elementwise_sym,prenorm.median_abs,prenorm.n,prenorm.nan_a,prenorm.nan_b,prenorm.norm_ratio,prenorm.rel_l2,prenorm.rmse,prenorm.shape,prenorm.sign_agreement,prompt_embeds.bf16_exact_match,prompt_embeds.cosine,prompt_embeds.inf_a,prompt_embeds.inf_b,prompt_embeds.max_abs,prompt_embeds.mean_abs,prompt_embeds.mean_rel_elementwise_sym,prompt_embeds.median_abs,prompt_embeds.n,prompt_embeds.nan_a,prompt_embeds.nan_b,prompt_embeds.norm_ratio,prompt_embeds.per_token_cos,prompt_embeds.rel_l2,prompt_embeds.rmse,prompt_embeds.shape,prompt_embeds.sign_agreement
R0_vs_O3r,A001,0.9995564935487856,0,0,0.0027260184288024902,0.00043349634256628633,0.07782505958689766,0.00023120641708374023,122880,0,0,1.0006751672827332,0.02980046367726252,0.0006714865796497209,"[30, 4096]",0.9733235677083333,0.02784830704331398,0.9957818719513195,0,0,329.82373046875,0.7370237174568804,0.0993231645759968,0.43748337030410767,122880,0,0,0.9624933472965111,0.09760424871294934,1.8872886285310777,"[30, 4096]",0.9752034505208333,0.0305633544921875,0.9919552666144337,0,0,214.08065795898438,0.6507258499714226,0.09461339194849684,0.39345383644104004,65536,0,0,0.9956793626704271,"{""min"": 0.8735134511424013, ""p1"": 0.8918361330668745, ""p5"": 0.965126860764767, ""p25"": 0.998178683289114, ""median"": 0.9985804869280652, ""p75"": 0.9990006833376908, ""p95"": 0.9992659747565467, ""p99"": 0.999305617297966, ""max"": 0.9993155279333208}",0.12664366516853992,1.5807704469894999,"[16, 4096]",0.9763336181640625
R0_vs_O3r,A002,0.9995967042107942,0,0,0.0027260184288024902,0.0003999785995626054,0.07269930620546827,0.00020823627710342407,126976,0,0,1.0006730985494532,0.02841808501097704,0.0006394449324537718,"[31, 4096]",0.9750189012096774,0.028241558000445366,0.9957758729333225,0,0,329.82373046875,0.7207894380229728,0.09899773542561711,0.4246448278427124,126976,0,0,0.9625673540865165,0.09763819236281301,1.8574441753732025,"[31, 4096]",0.9750819052419355,0.031120749190449715,0.9919445927363363,0,0,214.08065795898438,0.6261985090910885,0.09429700777001036,0.3767404556274414,69632,0,0,0.9959694664239673,"{""min"": 0.8735134511424013, ""p1"": 0.8930576451951726, ""p5"": 0.9712344214062579, ""p25"": 0.9981247335215582, ""median"": 0.9987971634888111, ""p75"": 0.9990826647334249, ""p95"": 0.999206895083507, ""p99"": 0.999214611239515, ""max"": 0.999216540278517}",0.1267364373388534,1.535437800743557,"[17, 4096]",0.9760454963235294
R0_vs_O3r,A003,0.9995468553243786,0,0,0.0027260184288024902,0.0004250261828777487,0.07825676345132729,0.0002185441553592682,122880,0,0,1.000704935213359,0.03012349847170677,0.0006661991677940446,"[30, 4096]",0.9728271484375,0.02845865860581398,0.9957230799203035,0,0,329.82373046875,0.7313169278679804,0.0994664824614883,0.4314882755279541,122880,0,0,0.9625613280875817,0.09815930877221758,1.8838573107108718,"[30, 4096]",0.9751708984375,0.031707763671875,0.9914762758191418,0,0,214.08065795898438,0.6400256194922349,0.09488211298379341,0.3852550983428955,65536,0,0,0.9983279066334155,"{""min"": 0.8735134511424013, ""p1"": 0.8918361330668745, ""p5"": 0.965126860764767, ""p25"": 0.9980099857329441, ""median"": 0.9986878646801978, ""p75"": 0.9990781727225636, ""p95"": 0.9992321365971327, ""p99"": 0.9992363260327293, ""max"": 0.9992373733916284}",0.13046738800412755,1.5730774633121336,"[16, 4096]",0.9762725830078125
R0_vs_O3r,A004,0.9995615310049443,0,0,0.0027260184288024902,0.00043552260687818034,0.07731589110621782,0.00023695826530456543,131072,0,0,1.0007375578396802,0.029633237659228137,0.0006687867248029174,"[32, 4096]",0.9738998413085938,0.02754974365234375,0.9958189601375503,0,0,329.82373046875,0.7271501911326368,0.09888639968308893,0.4383659362792969,131072,0,0,0.9639480656978535,0.0967489149445777,1.8364477443487754,"[32, 4096]",0.9752883911132812,0.02973090298473835,0.9926718917395142,0,0,214.08065795898438,0.642761566226707,0.09436022909749396,0.39974445104599,73728,0,0,0.9978190872848238,"{""min"": 0.8735134511424013, ""p1"": 0.8942791573234709, ""p5"": 0.977341982047749, ""p25"": 0.9980885952133777, ""median"": 0.9987854708707636, ""p75"": 0.9990814589524915, ""p95"": 0.9991999739824771, ""p99"": 0.9992054594342236, ""max"": 0.9992068307971602}",0.12095044014916666,1.5100938610063508,"[18, 4096]",0.9763590494791666
R0_vs_O3r,A005,0.9995723510662052,0,0,0.0027260184288024902,0.00041819010029087167,0.07468232070977522,0.0002202056348323822,131072,0,0,1.000685801422711,0.029263539698329122,0.0006535018359036441,"[32, 4096]",0.974578857421875,0.02913665771484375,0.9958530474854246,0,0,329.82373046875,0.7175865689247303,0.09774035638860809,0.427606463432312,131072,0,0,0.9632096950352385,0.09665555479732973,1.8371833030269475,"[32, 4096]",0.9758377075195312,0.0325520820915699,0.9927267542816786,0,0,214.08065795898438,0.6257595711904287,0.09232281879619467,0.38253021240234375,73728,0,0,0.9945382836839992,"{""min"": 0.8735134511424013, ""p1"": 0.8942791573234709, ""p5"": 0.977341982047749, ""p25"": 0.9982545033427538, ""median"": 0.9987606344911576, ""p75"": 0.9991394674316741, ""p95"": 0.999307944601673, ""p99"": 0.9993483710103853, ""max"": 0.9993584776125634}",0.12040296081134685,1.5116836074243107,"[18, 4096]",0.9773356119791666
R0_vs_O3r,A006,0.99958569035859,0,0,0.0027260184288024902,0.00042169525871334673,0.07377812196695949,0.00022978335618972778,135168,0,0,1.0006667602122175,0.028803061336775477,0.0006520581331324238,"[33, 4096]",0.9754083806818182,0.028557054698467255,0.9953929137357963,0,0,278.0806579589844,0.7334935889334839,0.09898301250634144,0.4433155059814453,135168,0,0,0.9707163733031651,0.09900443895242672,1.8449268086490582,"[33, 4096]",0.9751864346590909,0.03159693628549576,0.9908309067705316,0,0,278.0806579589844,0.6410838716347873,0.09287179350020663,0.4006218910217285,77824,0,0,0.9949507262489656,"{""min"": 0.8350525061167009, ""p1"": 0.8640221114981286, ""p5"": 0.9799005330238392, ""p25"": 0.9980996302831067, ""median"": 0.998574584750443, ""p75"": 0.998955678612802, ""p95"": 0.999104836425325, ""p99"": 0.9991298818653697, ""max"": 0.9991361432253808}",0.13517058519079012,1.6721846396857023,"[19, 4096]",0.9765239514802632
R0_vs_O3r,A007,0.9995793945668601,0,0,0.0027260184288024902,0.00041481792857969897,0.07550617092836426,0.00022172927856445312,122880,0,0,1.000707475808266,0.02902251754478317,0.000652532212057814,"[30, 4096]",0.9739013671875,0.02769368514418602,0.9957711847992538,0,0,329.82373046875,0.7459947730904484,0.10040349611022106,0.4457007646560669,122880,0,0,0.9626153837143367,0.09766808418860899,1.9013840602826422,"[30, 4096]",0.9745930989583333,0.0302734375,0.9921138186063213,0,0,214.08065795898438,0.6675465792843625,0.0966390135751673,0.405689001083374,65536,0,0,0.9942948483573151,"{""min"": 0.8735134511424013, ""p1"": 0.8918361330668745, ""p5"": 0.965126860764767, ""p25"": 0.9979392022342922, ""median"": 0.998514790705014, ""p75"": 0.9987990330732606, ""p95"": 0.999240713792646, ""p99"": 0.9994020548928005, ""max"": 0.9994423901678392}",0.1253591951998664,1.6121308224022917,"[16, 4096]",0.975189208984375
R0_vs_O3r,A008,0.9995690343331737,0,0,0.0027260184288024902,0.0004247600852550242,0.0756634927960576,0.00022592023015022278,126976,0,0,1.0007094883806216,0.029377648607086384,0.0006614014160290831,"[31, 4096]",0.9744833669354839,0.028076171875,0.9958677122740462,0,0,329.82373046875,0.7284084806838843,0.09839816771663325,0.43173718452453613,126976,0,0,0.9626079462083577,0.09671458881059031,1.863022056835903,"[31, 4096]",0.9753339213709677,0.030819162726402283,0.9926470481356748,0,0,214.08065795898438,0.6400920574727506,0.09320367841833385,0.38751935958862305,69632,0,0,0.9927698564320935,"{""min"": 0.8735134511424013, ""p1"": 0.8930576451951726, ""p5"": 0.9712344214062579, ""p25"": 0.9984044035084024, ""median"": 0.9986064331159379, ""p75"": 0.9990416131806155, ""p95"": 0.9993000647254678, ""p99"": 0.9993542485385022, ""max"": 0.9993677944917608}",0.12104483842530835,1.5477117642372806,"[17, 4096]",0.9765050551470589
R0_vs_O3r,A009,0.9995830061781212,0,0,0.0027260184288024902,0.00041651889041256226,0.0731059950110618,0.0002240389585494995,135168,0,0,1.0006685091255978,0.028896229452283595,0.0006478021341430058,"[33, 4096]",0.9756821141098485,0.029060132801532745,0.9955085441273028,0,0,278.0806579589844,0.7280329912090647,0.09778581016894172,0.43284082412719727,135168,0,0,0.9704404625581288,0.09793440295982261,1.8458069011449445,"[33, 4096]",0.9757191051136364,0.032470703125,0.9915697348162915,0,0,278.0806579589844,0.6315996755871119,0.09079244207209135,0.3859543800354004,77824,0,0,0.9919658212020908,"{""min"": 0.8350525061167009, ""p1"": 0.8640221114981286, ""p5"": 0.9799005330238392, ""p25"": 0.9982490961571961, ""median"": 0.9988365347182209, ""p75"": 0.9991272584833366, ""p95"": 0.9993250050061895, ""p99"": 0.9993548008371024, ""max"": 0.9993622497948306}",0.12957475788429973,1.673870681152414,"[19, 4096]",0.9774491159539473
R0_vs_O3r,A010,0.9995590219230353,0,0,0.0027260184288024902,0.00042235418760033246,0.07577259040889783,0.00021972507238388062,126976,0,0,1.000732216093981,0.029717639153000314,0.0006605591495672217,"[31, 4096]",0.9741683467741935,0.02860383130609989,0.9958221777699813,0,0,329.82373046875,0.7213986539063626,0.09937457764392402,0.42731809616088867,126976,0,0,0.9628608740269428,0.09708057378226129,1.8581002025494993,"[31, 4096]",0.9744833669354839,0.03178136423230171,0.9923489916005397,0,0,214.08065795898438,0.627309432172564,0.09498419063868764,0.3804969787597656,69632,0,0,0.995480766297016,"{""min"": 0.8735134511424013, ""p1"": 0.8930576451951726, ""p5"": 0.9712344214062579, ""p25"": 0.9980300930299156, ""median"": 0.998661107543385, ""p75"": 0.9991734883342482, ""p95"": 0.9993331504607246, ""p99"": 0.9993554084011559, ""max"": 0.9993609728862637}",0.12350419783206597,1.536884540036871,"[17, 4096]",0.9749540441176471
R0_vs_O3r,A011,0.9995573789557175,0,0,0.0027260184288024902,0.0004541645280531676,0.0811929890931484,0.0002518594264984131,172032,0,0,1.0007091526343042,0.02977201299516229,0.0006890476282724632,"[42, 4096]",0.9720575241815477,0.0292852483689785,0.9957511169545088,0,0,278.0806579589844,0.6727684268629067,0.09465304883593902,0.4204963445663452,172032,0,0,0.9723528467569598,0.09501153683676757,1.663816638234246,"[42, 4096]",0.9770624069940477,0.0317121222615242,0.9933861014425122,0,0,278.0806579589844,0.5796992519463596,0.08834116838943205,0.38492417335510254,114688,0,0,0.9918451583417388,"{""min"": 0.8350525061167009, ""p1"": 0.8785069141888424, ""p5"": 0.9964194413228309, ""p25"": 0.9983496083459142, ""median"": 0.9986682073063173, ""p75"": 0.9989130686186929, ""p95"": 0.9991241930546514, ""p99"": 0.9992311319700934, ""max"": 0.9992662647934802}",0.11483217304609192,1.4276844275005722,"[28, 4096]",0.9789079938616071
R0_vs_O3r,A012,0.9995545612198323,0,0,0.0027260184288024902,0.0004406609146804485,0.08093708638726496,0.00023564323782920837,167936,0,0,1.0006703286867047,0.029865098052225286,0.0006808337895557471,"[41, 4096]",0.9715129573170732,0.02824290283024311,0.995698817280429,0,0,278.0806579589844,0.6751538739263196,0.09412807966250067,0.41829848289489746,167936,0,0,0.9727558493051258,0.0954476036675171,1.6824087815265127,"[41, 4096]",0.977294921875,0.03021918423473835,0.993187180198586,0,0,278.0806579589844,0.5798745910087072,0.08731021962804394,0.3794279098510742,110592,0,0,0.9936970927416557,"{""min"": 0.8350525061167009, ""p1"": 0.876897491667652, ""p5"": 0.9963778405407696, ""p25"": 0.9984166882109162, ""median"": 0.9987007581421425, ""p75"": 0.9989438081293698, ""p95"": 0.9992385636719994, ""p99"": 0.9993128636072134, ""max"": 0.9993261353321694}",0.11653104779406712,1.4511092421712206,"[27, 4096]",0.9793294270833334
R0_vs_O3r,A013,0.9995087676420322,0,0,0.0027260184288024902,0.00046736677303842216,0.08318830910120488,0.0002489238977432251,151552,0,0,1.000726014643505,0.0313640733478521,0.0007027638038253437,"[37, 4096]",0.9718644425675675,0.02842588722705841,0.9955298721751411,0,0,278.0806579589844,0.701071554957535,0.09799615816423456,0.42904090881347656,151552,0,0,0.9709251617975657,0.09759951526371365,1.7548027161362134,"[37, 4096]",0.9762193834459459,0.030857251957058907,0.9919393800417851,0,0,278.0806579589844,0.6049979417254255,0.09234706590744941,0.3880281448364258,94208,0,0,0.9921403596675312,"{""min"": 0.8350525061167009, ""p1"": 0.8704598015828903, ""p5"": 0.9961448188231171, ""p25"": 0.9984604816569709, ""median"": 0.9986362166728165, ""p75"": 0.9988119220314411, ""p95"": 0.9991585129918837, ""p99"": 0.9991912781143597, ""max"": 0.9992002639200628}",0.1267134827677396,1.5427138768434565,"[23, 4096]",0.9779530400815217
R0_vs_O3r,A014,0.9995336870679483,0,0,0.0027260184288024902,0.0004547724979369004,0.08401110626661834,0.0002430155873298645,159744,0,0,1.0006739000884195,0.03055664415613448,0.0006966949858317644,"[39, 4096]",0.9703400440705128,0.029209235683083534,0.9957374978411045,0,0,278.0806579589844,0.6883142756010691,0.09527917270095589,0.4226059317588806,159744,0,0,0.9721489969143451,0.0952011174782557,1.7173054230712872,"[39, 4096]",0.9767753405448718,0.03188476711511612,0.9932340963204561,0,0,278.0806579589844,0.5927824749879074,0.0885604959652775,0.38379669189453125,102400,0,0,0.9921154127275637,"{""min"": 0.8350525061167009, ""p1"": 0.8736786466252711, ""p5"": 0.9962927456921514, ""p25"": 0.9985651529978371, ""median"": 0.9987187327233306, ""p75"": 0.9990066475590134, ""p95"": 0.99919868692119, ""p99"": 0.9992758996417671, ""max"": 0.9993002226728261}",0.11613475517461459,1.4942596023065247,"[25, 4096]",0.978681640625
R0_vs_O3r,A015,0.9994815852510078,0,0,0.0027260184288024902,0.0004861733009911896,0.08963165976445503,0.00025922060012817383,151552,0,0,1.0007768217719837,0.032221706686287994,0.0007282070367327129,"[37, 4096]",0.9683277027027027,0.02835330367088318,0.9956009038296227,0,0,278.0806579589844,0.7086275309933675,0.0979616519561457,0.43328630924224854,151552,0,0,0.9710508899186506,0.09685836812927578,1.7636998120533258,"[37, 4096]",0.9759224556587838,0.030740488320589066,0.9924525093449628,0,0,278.0806579589844,0.6171532075221995,0.09229155592052389,0.39490389823913574,94208,0,0,0.9908107015677039,"{""min"": 0.8350525061167009, ""p1"": 0.8704598015828903, ""p5"": 0.9961463345974191, ""p25"": 0.9979233052169032, ""median"": 0.9985747876405824, ""p75"": 0.9988897970120193, ""p95"": 0.9992598950195791, ""p99"": 0.9994002912747809, ""max"": 0.9994386063908888}",0.12264058148779372,1.5589501100476726,"[23, 4096]",0.9774753736413043
R0_vs_O3r,A016,0.9995737895419143,0,0,0.0027260184288024902,0.00043385456533192506,0.08094981311218777,0.0002393573522567749,159744,0,0,1.0006482819241695,0.029212904591904048,0.0006728194498156715,"[39, 4096]",0.9712352263621795,0.028539413586258888,0.9956839314991818,0,0,278.0806579589844,0.6998594591490334,0.09698286870371334,0.434298038482666,159744,0,0,0.9716619450604888,0.09586743131425748,1.7311088425962382,"[39, 4096]",0.9762056790865384,0.030839843675494194,0.993054978327447,0,0,278.0806579589844,0.6107929613227315,0.09121826172957917,0.3995201587677002,102400,0,0,0.9905330293632711,"{""min"": 0.8350525061167009, ""p1"": 0.8736786466252711, ""p5"": 0.9961479833586749, ""p25"": 0.9982382905588388, ""median"": 0.9985333396502032, ""p75"": 0.9988535561688935, ""p95"": 0.9990751518142215, ""p99"": 0.9991247804849355, ""max"": 0.9991361432253808}",0.11767824882131568,1.5189034257716305,"[25, 4096]",0.97779296875
R0_vs_O3r,A017,0.9995046974830357,0,0,0.0027260184288024902,0.00045878242862171546,0.08738145397317384,0.00023743882775306702,147456,0,0,1.000731873307161,0.03149389893056744,0.0007068823127041413,"[36, 4096]",0.9686075846354166,0.0285373255610466,0.9954786453485152,0,0,278.0806579589844,0.6903077566063681,0.09711406170388108,0.4107351303100586,147456,0,0,0.9705359552983099,0.09820592875191948,1.7694109315314084,"[36, 4096]",0.9761081271701388,0.031150124967098236,0.9914286261149825,0,0,278.0806579589844,0.5830174710947837,0.09064685841519897,0.360349178314209,90112,0,0,0.9925576418350219,"{""min"": 0.8350525061167009, ""p1"": 0.8688503790616998, ""p5"": 0.9960630308150915, ""p25"": 0.9984031373362763, ""median"": 0.9988812402527032, ""p75"": 0.999106744066718, ""p95"": 0.9991863451700593, ""p99"": 0.9992881347202769, ""max"": 0.9993151065311305}",0.13065433018562453,1.5596219946346812,"[22, 4096]",0.9778497869318182
R0_vs_O3r,A018,0.9995368506901127,0,0,0.0027260184288024902,0.0004381618226683973,0.08023816432612833,0.00022929906845092773,143360,0,0,1.0006938559305167,0.030453616757592426,0.0006783010860904356,"[35, 4096]",0.9723214285714286,0.02795061469078064,0.9954427452013616,0,0,278.0806579589844,0.7143156609170547,0.0984110433452505,0.4312080144882202,143360,0,0,0.9701971475660842,0.09864624283741893,1.8029770013727324,"[35, 4096]",0.9758928571428571,0.03029668889939785,0.9912717284346881,0,0,278.0806579589844,0.6179215837310905,0.09250053242278225,0.38871097564697266,86016,0,0,0.9912857187064594,"{""min"": 0.8350525061167009, ""p1"": 0.8672409565405094, ""p5"": 0.9959947582357435, ""p25"": 0.9980855501695103, ""median"": 0.9984482462363786, ""p75"": 0.99890684306926, ""p95"": 0.9991361432253808, ""p99"": 0.9992478574182468, ""max"": 0.9992757859664634}",0.13183459561827024,1.6121462714359958,"[21, 4096]",0.9775739397321429
R0_vs_O3r,A019,0.9995676277139098,0,0,0.0027260184288024902,0.00044040359598272375,0.07812398453961844,0.000244140625,155648,0,0,1.0006661152482685,0.02942387298180422,0.0006719143117195778,"[38, 4096]",0.973388671875,0.029194079339504242,0.9956244882748664,0,0,278.0806579589844,0.6886861177603063,0.0962475005753119,0.4195406436920166,155648,0,0,0.9710670991537581,0.0966175124284195,1.7390929716910632,"[38, 4096]",0.976427580180921,0.0319722481071949,0.9925629496008909,0,0,278.0806579589844,0.5893907333811512,0.08981373690235463,0.37638962268829346,98304,0,0,0.9906358577468904,"{""min"": 0.8350525061167009, ""p1"": 0.8720692241040807, ""p5"": 0.9961845427892803, ""p25"": 0.9980454993790256, ""median"": 0.9985179288651926, ""p75"": 0.9989302001220386, ""p95"": 0.9992525777898846, ""p99"": 0.9994153746388114, ""max"": 0.9994578647709577}",0.12174770947575513,1.523876650299586,"[24, 4096]",0.97821044921875
R0_vs_O3r,A020,0.9995368161107946,0,0,0.0027260184288024902,0.00046097578527993534,0.08449077054161708,0.0002489238977432251,159744,0,0,1.0006547093709859,0.03045329086381214,0.0007000567425821202,"[39, 4096]",0.9701522435897436,0.029503455385565758,0.9956711485868581,0,0,278.0806579589844,0.683616852355697,0.09487736724080426,0.4193105697631836,159744,0,0,0.9713005966059227,0.09608791638693719,1.7199487743357598,"[39, 4096]",0.9769193209134616,0.032343748956918716,0.9928557429895983,0,0,278.0806579589844,0.585454494725127,0.08793367944744096,0.37910938262939453,102400,0,0,0.9904574483882478,"{""min"": 0.8350525061167009, ""p1"": 0.8736786466252711, ""p5"": 0.9963313619126721, ""p25"": 0.9983705896471143, ""median"": 0.998626314641657, ""p75"": 0.9988102817607754, ""p95"": 0.9991674404418999, ""p99"": 0.9992826613261755, ""max"": 0.9993165760356952}",0.11934498493681048,1.4989949021402778,"[25, 4096]",0.97890625
R0_vs_O3r,A021,0.9995384554325902,0,0,0.0027260184288024902,0.0004588351709194618,0.08140350050274857,0.00025060027837753296,167936,0,0,1.000646623223938,0.03039908135596778,0.0007006051712502869,"[41, 4096]",0.9718642816310976,0.029308784753084183,0.9958275503085248,0,0,278.0806579589844,0.6759319385225642,0.0951618268850489,0.41878998279571533,167936,0,0,0.9732069784721832,0.09401691505641671,1.681572629050626,"[41, 4096]",0.9765982278963414,0.03183774650096893,0.9937652763560902,0,0,278.0806579589844,0.5810560965067082,0.0888799839289505,0.38030099868774414,110592,0,0,0.9932521816077681,"{""min"": 0.8350525061167009, ""p1"": 0.876897491667652, ""p5"": 0.9962715931866527, ""p25"": 0.9984656447303887, ""median"": 0.998771717692079, ""p75"": 0.9989286210128587, ""p95"": 0.9992915601554514, ""p99"": 0.9993221755070428, ""max"": 0.9993313841821702}",0.11149367145773252,1.4496367619932433,"[27, 4096]",0.978271484375
R0_vs_O3r,A022,0.9995822998170698,0,0,0.0027260184288024902,0.0004329140880671682,0.07437847736027436,0.000240325927734375,155648,0,0,1.0006322181464031,0.0289193399114721,0.0006552818681415082,"[38, 4096]",0.9755602384868421,0.02900776080787182,0.9956120949140747,0,0,278.0806579589844,0.6940770405543797,0.0969766440549475,0.4270162582397461,155648,0,0,0.9712160635506486,0.09670430604214197,1.7379108611086065,"[38, 4096]",0.976087068256579,0.03167724609375,0.9925050922907943,0,0,278.0806579589844,0.597926361138434,0.09096821407844434,0.3876974582672119,98304,0,0,0.9913192283158443,"{""min"": 0.8350525061167009, ""p1"": 0.8720692241040807, ""p5"": 0.9962548730396938, ""p25"": 0.9981385760723634, ""median"": 0.9985735845740114, ""p75"": 0.9988349150977801, ""p95"": 0.9991345969126292, ""p99"": 0.9992709784165232, ""max"": 0.9993112538632282}",0.1222090342413714,1.5217398673460794,"[24, 4096]",0.9776713053385416
R0_vs_O3r,A023,0.9996039314413518,0,0,0.0027260184288024902,0.00042185533580517843,0.07257743950981477,0.00023776665329933167,143360,0,0,1.000602673975066,0.02815986032711215,0.0006480399784663791,"[35, 4096]",0.9756975446428572,0.02872488833963871,0.9955186205206132,0,0,278.0806579589844,0.7203100364667729,0.09811115931925964,0.43561840057373047,143360,0,0,0.9707297718300444,0.09776074476056452,1.8035722709504423,"[35, 4096]",0.9755929129464286,0.0315871462225914,0.9918357864961962,0,0,278.0806579589844,0.6279122096472877,0.09200072571279742,0.39386630058288574,86016,0,0,0.9917641653975173,"{""min"": 0.8350525061167009, ""p1"": 0.8672409565405094, ""p5"": 0.9959947582357435, ""p25"": 0.9982354254596184, ""median"": 0.9986070447104026, ""p75"": 0.9989719740336392, ""p95"": 0.9991504938023261, ""p99"": 0.9993024385863195, ""max"": 0.9993404247823179}",0.12752167562831793,1.6132556262442908,"[21, 4096]",0.9770740327380952
R0_vs_O3r,A024,0.9994742259787242,0,0,0.0027260184288024902,0.0004890092096923958,0.08897725218923572,0.00025850534439086914,167936,0,0,1.0007289940163828,0.032447589233394934,0.0007374452944320756,"[41, 4096]",0.9686606802591463,0.028999142348766327,0.9959358799312715,0,0,278.0806579589844,0.6810623325210122,0.0954566937227427,0.4257570505142212,167936,0,0,0.9731304589831161,0.09290753623978229,1.682128655932862,"[41, 4096]",0.976782822027439,0.03136754781007767,0.9941746943632569,0,0,278.0806579589844,0.5888466948006479,0.08932774468248554,0.390061616897583,110592,0,0,0.991729769054033,"{""min"": 0.8350525061167009, ""p1"": 0.876897491667652, ""p5"": 0.9964531178089698, ""p25"": 0.9985211400378018, ""median"": 0.9989488110529241, ""p75"": 0.9991038856969636, ""p95"": 0.9994038153182425, ""p99"": 0.9994905165154319, ""max"": 0.9995050035453354}",0.10780841686757273,1.4506160207199035,"[27, 4096]",0.9785517939814815
R0_vs_O3r,A025,0.9995491919598882,0,0,0.0027260184288024902,0.0004392090642871456,0.07678860407133632,0.00023510679602622986,147456,0,0,1.0006555009635543,0.030043914058354743,0.0006841854545377119,"[36, 4096]",0.9741143120659722,0.02875434048473835,0.9956049078886591,0,0,278.0806579589844,0.7074455674194016,0.09671663277544601,0.4290773868560791,147456,0,0,0.9700488685936446,0.09707717822672424,1.7868081377131955,"[36, 4096]",0.9762776692708334,0.03150523826479912,0.9923332217428297,0,0,278.0806579589844,0.6110611615161112,0.08999652016866887,0.3869638442993164,90112,0,0,0.9879077332297542,"{""min"": 0.8350525061167009, ""p1"": 0.8688503790616998, ""p5"": 0.9960582736548316, ""p25"": 0.998239793482641, ""median"": 0.9986353619040375, ""p75"": 0.9989733986276046, ""p95"": 0.9991350643060546, ""p99"": 0.9992359933797849, ""max"": 0.9992625358258923}",0.1236703762995616,1.5917473932295976,"[22, 4096]",0.9781272194602273
R0_vs_O3r,A026,0.9996045887285672,0,0,0.0027260184288024902,0.0004136327912001926,0.07471607534208896,0.0002261921763420105,151552,0,0,1.0006116944521677,0.028136816712816957,0.0006508609439895371,"[37, 4096]",0.9742464632601351,0.02859744429588318,0.9956723694731003,0,0,278.0806579589844,0.7039829955875403,0.09654098680614785,0.4305553436279297,151552,0,0,0.9712282185153677,0.09609396018412014,1.7626484941334017,"[37, 4096]",0.9764965160472973,0.03113323636353016,0.9928237333605715,0,0,278.0806579589844,0.6096815636084775,0.09000613807052735,0.3906996250152588,94208,0,0,0.9904568015934252,"{""min"": 0.8350525061167009, ""p1"": 0.8704598015828903, ""p5"": 0.99612783204659, ""p25"": 0.998382817985294, ""median"": 0.9988162966163431, ""p75"": 0.99900121143599, ""p95"": 0.9991568978266048, ""p99"": 0.9991642938016773, ""max"": 0.9991657294168302}",0.11961035424229817,1.5570361290111272,"[23, 4096]",0.9783988620923914
R0_vs_O3r,A027,0.9994603170970193,0,0,0.0027260184288024902,0.00048496150427461925,0.08741467642317176,0.0002450980246067047,155648,0,0,1.0006897172600724,0.03287226753794734,0.0007496634065844053,"[38, 4096]",0.9693989000822368,0.02900776080787182,0.995758600649732,0,0,278.0806579589844,0.6896447217667102,0.09610170306607317,0.4225592613220215,155648,0,0,0.9721269452626748,0.094990864657719,1.7344010617929568,"[38, 4096]",0.9763569078947368,0.03167724609375,0.9932841045109536,0,0,278.0806579589844,0.5909085230579573,0.08958289084605993,0.3808882236480713,98304,0,0,0.9921549789847249,"{""min"": 0.8350525061167009, ""p1"": 0.8720692241040807, ""p5"": 0.9962288508447906, ""p25"": 0.9984413035004372, ""median"": 0.9988484998789885, ""p75"": 0.9989970363355662, ""p95"": 0.9994272254291359, ""p99"": 0.9994588246846662, ""max"": 0.9994605368474596}",0.11570636391455427,1.5153864040853808,"[24, 4096]",0.9780985514322916
R0_vs_O3r,A028,0.9995423234290425,0,0,0.0027260184288024902,0.00044388093848673246,0.0780272759065425,0.00023552775382995605,143360,0,0,1.0006777980397095,0.0302726440315965,0.0006916977428904051,"[35, 4096]",0.9736746651785714,0.02756696380674839,0.99555498333739,0,0,278.0806579589844,0.7192489476184813,0.09819719860714977,0.43396830558776855,143360,0,0,0.97040837405316,0.09748141930943728,1.8071941030461829,"[35, 4096]",0.9755998883928572,0.02965727262198925,0.9920462866983287,0,0,278.0806579589844,0.6261437282334684,0.09214412452594764,0.3910224437713623,86016,0,0,0.9899771254804594,"{""min"": 0.8350525061167009, ""p1"": 0.8672409565405094, ""p5"": 0.9959947582357435, ""p25"": 0.998202287111008, ""median"": 0.9987396002000123, ""p75"": 0.9989445307391143, ""p95"": 0.9991746690489256, ""p99"": 0.9992859798512495, ""max"": 0.9993138075518304}",0.12589061313776895,1.6199968204232567,"[21, 4096]",0.9770856584821429
R0_vs_O3r,A029,0.9995021346661016,0,0,0.0027260184288024902,0.0004725772232632153,0.08294092348459428,0.0002548210322856903,155648,0,0,1.0007003046664213,0.031574014778853236,0.0007227192534382564,"[38, 4096]",0.9714676706414473,0.02887926623225212,0.9957469192917777,0,0,278.0806579589844,0.6989154419174347,0.0968297608058826,0.42976808547973633,155648,0,0,0.9709597169310726,0.09540690814508164,1.7491462935080342,"[38, 4096]",0.9764083059210527,0.0314737968146801,0.993229773228405,0,0,278.0806579589844,0.6055871632966046,0.09073564893409158,0.38987112045288086,98304,0,0,0.9881989678572081,"{""min"": 0.8350525061167009, ""p1"": 0.8720692241040807, ""p5"": 0.9961832041085595, ""p25"": 0.9982195585496798, ""median"": 0.9986978948015017, ""p75"": 0.9989257066327439, ""p95"": 0.9991993257847346, ""p99"": 0.9992167499911806, ""max"": 0.9992200868097435}",0.11627521909390075,1.5419873537685236,"[24, 4096]",0.978179931640625
R0_vs_O3r,A030,0.999549069291424,0,0,0.0027260184288024902,0.00044265318616193585,0.07737683031333992,0.0002393573522567749,143360,0,0,1.0006411751442366,0.03004747533223988,0.0006871525925334658,"[35, 4096]",0.9738071986607143,0.02958286739885807,0.9956019001869513,0,0,278.0806579589844,0.7187776111671286,0.0979936218397578,0.43598413467407227,143360,0,0,0.9712431605096803,0.09679981685311968,1.8032427806474756,"[35, 4096]",0.9755719866071428,0.0330171138048172,0.9923735115631757,0,0,278.0806579589844,0.6253581674812138,0.09180482991362769,0.3939061164855957,86016,0,0,0.9921120929833734,"{""min"": 0.8350525061167009, ""p1"": 0.8672409565405094, ""p5"": 0.9959947582357435, ""p25"": 0.9982678499159702, ""median"": 0.9985627856718671, ""p75"": 0.9991361432253808, ""p95"": 0.9992140215839878, ""p99"": 0.9992758148496497, ""max"": 0.9992912631660651}",0.12326752162449377,1.612641631393048,"[21, 4096]",0.9770391555059523
R0_vs_O3r,A031,0.9995970412789466,0,0,0.0027260184288024902,0.000409132197334698,0.07232490303400896,0.00021829083561897278,135168,0,0,1.0006589915587973,0.028405682614096976,0.0006441855736542089,"[33, 4096]",0.9758892637310606,0.027388138696551323,0.9954276834519361,0,0,278.0806579589844,0.7397852957183204,0.09987433752672771,0.4472222328186035,135168,0,0,0.9699420041152403,0.09885973330312155,1.8525427807021695,"[33, 4096]",0.9751864346590909,0.02956671454012394,0.9910585410659585,0,0,278.0806579589844,0.6520115728926612,0.09441988432508804,0.4071768522262573,77824,0,0,0.9910465888153426,"{""min"": 0.8350525061167009, ""p1"": 0.8640221114981286, ""p5"": 0.9799005330238392, ""p25"": 0.9981661172668075, ""median"": 0.9985074809535434, ""p75"": 0.9988933029868384, ""p95"": 0.9990710907086081, ""p99"": 0.9990798854834199, ""max"": 0.9990820841771229}",0.13342776443855525,1.6867455762625805,"[19, 4096]",0.9765239514802632
R0_vs_O3r,A032,0.9995650535481286,0,0,0.0027260184288024902,0.00041992608443721226,0.07604063526338985,0.00021829456090927124,126976,0,0,1.0006671091069428,0.02951132412790167,0.000659673107898096,"[31, 4096]",0.9741368447580645,0.028210055083036423,0.9957709937895468,0,0,329.82373046875,0.7291426805418122,0.09957003477298468,0.43538427352905273,126976,0,0,0.9626094767260703,0.09767197213801693,1.8626716970488,"[31, 4096]",0.9748928931451613,0.031063303351402283,0.9919992023399002,0,0,214.08065795898438,0.6414308925077956,0.0953406124622688,0.39400815963745117,69632,0,0,0.995435500406822,"{""min"": 0.8735134511424013, ""p1"": 0.8930576451951726, ""p5"": 0.9712344214062579, ""p25"": 0.9980960252475396, ""median"": 0.9985955749865137, ""p75"": 0.9988557081091735, ""p95"": 0.9991786211293441, ""p99"": 0.9992425952909804, ""max"": 0.9992585888313894}",0.12629089714388372,1.546942594780978,"[17, 4096]",0.9757008272058824
R0_vs_O3r,A033,0.9996052599748441,0,0,0.0027260184288024902,0.00041095906864383223,0.07089278474881158,0.0002238154411315918,147456,0,0,1.0006268007785564,0.028113480329533418,0.0006391113708083745,"[36, 4096]",0.9766031901041666,0.0284559465944767,0.9954418601576679,0,0,278.0806579589844,0.7019910057009232,0.09745851853171886,0.4271879196166992,147456,0,0,0.9716672108950564,0.09828904818647223,1.7696337409507685,"[36, 4096]",0.9761691623263888,0.031016957014799118,0.9913917496177779,0,0,278.0806579589844,0.602135515067692,0.09121051504256986,0.38472557067871094,90112,0,0,0.9968084021724004,"{""min"": 0.8350525061167009, ""p1"": 0.8688503790616998, ""p5"": 0.9960673973845362, ""p25"": 0.9983579433784913, ""median"": 0.998621282136746, ""p75"": 0.9990149864698719, ""p95"": 0.9992078511308851, ""p99"": 0.9992561359352984, ""max"": 0.9992689380577824}",0.13104098181370186,1.5600356060162992,"[22, 4096]",0.9779496626420454
R0_vs_O3r,A034,0.9994964082871942,0,0,0.0027260184288024902,0.00045632873748502334,0.08686173592814071,0.00022982805967330933,131072,0,0,1.0007315346727823,0.03175618614045656,0.0007240476914743431,"[32, 4096]",0.9685745239257812,0.027496337890625,0.9957334456593299,0,0,329.82373046875,0.727825964484623,0.10012519125515205,0.4385204315185547,131072,0,0,0.9631966870683147,0.09784449833796298,1.8390475452967037,"[32, 4096]",0.9750289916992188,0.0296359583735466,0.9919724390415824,0,0,214.08065795898438,0.6439629410746824,0.09656252522560611,0.4001046419143677,73728,0,0,0.9975411604135572,"{""min"": 0.8735134511424013, ""p1"": 0.8942791573234709, ""p5"": 0.977341982047749, ""p25"": 0.9977002489938074, ""median"": 0.9987065163508204, ""p75"": 0.9990132284900453, ""p95"": 0.9992292518695018, ""p99"": 0.999258710115928, ""max"": 0.9992660746775346}",0.12657681793919934,1.515708126390347,"[18, 4096]",0.9758978949652778
R0_vs_O3r,A035,0.9995696208244893,0,0,0.0027260184288024902,0.00041982865951316247,0.0763299787231751,0.00021828711032867432,122880,0,0,1.0006892081181524,0.029356883357998922,0.0006631011622470128,"[30, 4096]",0.9737060546875,0.02749837189912796,0.9957411072518361,0,0,329.82373046875,0.7451285458280229,0.10115319019130745,0.4473496675491333,122880,0,0,0.9630492433958627,0.09781822576220309,1.8916282310513326,"[30, 4096]",0.9740966796875,0.0299072265625,0.9918759463042156,0,0,214.08065795898438,0.6659224031673148,0.09804468997720428,0.41028499603271484,65536,0,0,0.9980619691134974,"{""min"": 0.8735134511424013, ""p1"": 0.8918361330668745, ""p5"": 0.965126860764767, ""p25"": 0.997753560912086, ""median"": 0.9985237039142503, ""p75"": 0.9989807736692042, ""p95"": 0.9991973770881433, ""p99"": 0.9992585951153713, ""max"": 0.9992738996221783}",0.12735923217934625,1.590466386218137,"[16, 4096]",0.9742584228515625
R0_vs_O3r,A036,0.9995774741209915,0,0,0.0027260184288024902,0.00041669666300947483,0.07487798609335747,0.00022067874670028687,131072,0,0,1.0007151434998522,0.029088958756113257,0.0006532793156536522,"[32, 4096]",0.9743804931640625,0.02854156494140625,0.9958483972422958,0,0,329.82373046875,0.7282358028255658,0.09781096244263382,0.4411294460296631,131072,0,0,0.9641882979678523,0.09637599076543338,1.8383987306602545,"[32, 4096]",0.97613525390625,0.031494140625,0.9929171916743711,0,0,214.08065795898438,0.6446915425696917,0.09244834067001818,0.4036445617675781,73728,0,0,0.9974434925853998,"{""min"": 0.8735134511424013, ""p1"": 0.8942791573234709, ""p5"": 0.977341982047749, ""p25"": 0.9980091480215646, ""median"": 0.9985406556727127, ""p75"": 0.9990999541807293, ""p95"": 0.9993405372792087, ""p99"": 0.9993696639546706, ""max"": 0.9993769456235362}",0.1188946503313638,1.5143082184487957,"[18, 4096]",0.9778645833333334
R0_vs_O3r,A037,0.9995600957942333,0,0,0.0027260184288024902,0.00042564431444702677,0.076496802013486,0.00022286176681518555,131072,0,0,1.0007316357132594,0.029681431933201975,0.0006627959272621708,"[32, 4096]",0.9741668701171875,0.0276947021484375,0.995768438600611,0,0,329.82373046875,0.7279203645289272,0.09880468566600409,0.4387335777282715,131072,0,0,0.9627432269659373,0.09765183710722519,1.840741768884638,"[32, 4096]",0.97528076171875,0.02998860739171505,0.9921225536971119,0,0,214.08065795898438,0.6441307633756677,0.09421495973378755,0.40109410881996155,73728,0,0,0.9948205446243609,"{""min"": 0.8735134511424013, ""p1"": 0.8942791573234709, ""p5"": 0.977341982047749, ""p25"": 0.9977726071444148, ""median"": 0.9985019370593401, ""p75"": 0.9989513930348153, ""p95"": 0.9991181120266158, ""p99"": 0.9991553612560911, ""max"": 0.9991646735634598}",0.1253001101378829,1.5193598905579744,"[18, 4096]",0.9763454861111112
R0_vs_O3r,A038,0.999594120249944,0,0,0.0027260184288024902,0.00040564297422918116,0.07320550881726685,0.00021204352378845215,131072,0,0,1.000670491975837,0.028508829120703915,0.0006447219245248337,"[32, 4096]",0.97503662109375,0.028717041015625,0.9959538950150948,0,0,329.82373046875,0.7205767839836312,0.09715351832075207,0.42971271276474,131072,0,0,0.9627639656575151,0.09579880174105924,1.8424896947655909,"[32, 4096]",0.9760208129882812,0.0318060964345932,0.9932756054816366,0,0,214.08065795898438,0.6310755090729193,0.0912795511200062,0.3862285614013672,73728,0,0,0.9901559727686495,"{""min"": 0.8735134511424013, ""p1"": 0.8942791573234709, ""p5"": 0.977341982047749, ""p25"": 0.9983533190101971, ""median"": 0.9987701408228151, ""p75"": 0.9988902353628457, ""p95"": 0.9992427970128862, ""p99"": 0.9992913584069335, ""max"": 0.9993034987554453}",0.11581581784606625,1.5231217410648847,"[18, 4096]",0.9776611328125
R0_vs_O3r,A039,0.9995725569958399,0,0,0.0027260184288024902,0.00042207260554171037,0.07857940032598376,0.00022499263286590576,139264,0,0,1.000696498198191,0.029256905930480557,0.0006644942515202729,"[34, 4096]",0.9719022863051471,0.029253792017698288,0.9955858792292075,0,0,278.0806579589844,0.7219344647319839,0.09698260932735492,0.4320852756500244,139264,0,0,0.970960986839816,0.09703165671364065,1.830463716541035,"[34, 4096]",0.97607421875,0.03262939304113388,0.9922584273742673,0,0,278.0806579589844,0.626053846357172,0.0897766690462363,0.3869795799255371,81920,0,0,0.9914385139712792,"{""min"": 0.8350525061167009, ""p1"": 0.865631534019319, ""p5"": 0.9879476456297913, ""p25"": 0.9981401852075196, ""median"": 0.9986627386041124, ""p75"": 0.9989928236943533, ""p95"": 0.9992368352598036, ""p99"": 0.9994443354379365, ""max"": 0.9994962104824697}",0.12419293684721089,1.6541497430149534,"[20, 4096]",0.97796630859375
R0_vs_O3r,A040,0.9995947647451233,0,0,0.0027260184288024902,0.0004086234319657933,0.07319950510916488,0.00021829083561897278,131072,0,0,1.000690711041806,0.028486968817810706,0.0006460248716470133,"[32, 4096]",0.9752655029296875,0.0279998779296875,0.9957708054783488,0,0,329.82373046875,0.7350426982649196,0.09902141744793853,0.44508981704711914,131072,0,0,0.9643885043397433,0.09708425094603716,1.8540218586983608,"[32, 4096]",0.9753189086914062,0.0305311419069767,0.9926694415997748,0,0,214.08065795898438,0.656792690017432,0.09460026067944877,0.4097161293029785,73728,0,0,0.9979149449343595,"{""min"": 0.8735134511424013, ""p1"": 0.8942791573234709, ""p5"": 0.977341982047749, ""p25"": 0.9979925234744473, ""median"": 0.9985319073879125, ""p75"": 0.9988178411281667, ""p95"": 0.9990372146107861, ""p99"": 0.9991769581930222, ""max"": 0.9992118940885812}",0.12097477017636847,1.547799835550217,"[18, 4096]",0.9764133029513888
R0_vs_O3r,A041,0.9996102771700172,0,0,0.0027260184288024902,0.0004145083454111442,0.0690857974218595,0.00022977590560913086,159744,0,0,1.0005344254969857,0.027931126475886584,0.0006370109181410633,"[39, 4096]",0.9778645833333334,0.030480017885565758,0.9956790900735636,0,0,278.0806579589844,0.6685967563664749,0.09428871138014548,0.4028165340423584,159744,0,0,0.9718905261082156,0.09585950847888662,1.7113225562012102,"[39, 4096]",0.9769068008814102,0.033867187798023224,0.992880698337877,0,0,278.0806579589844,0.5620231449819403,0.08701537630481332,0.35714173316955566,102400,0,0,0.9926328014196019,"{""min"": 0.8350525061167009, ""p1"": 0.8736786466252711, ""p5"": 0.9962317884339962, ""p25"": 0.9982295470851495, ""median"": 0.998811918508314, ""p75"": 0.9990802558309976, ""p95"": 0.9992051386233705, ""p99"": 0.9992657062556807, ""max"": 0.9992831634565501}",0.11911330874831692,1.4835132087311933,"[25, 4096]",0.97888671875
R0_vs_O3r,A042,0.9995796898253974,0,0,0.0027260184288024902,0.0004315702710250156,0.07369215475206944,0.00023780018091201782,147456,0,0,1.0006130161833038,0.029008816796353056,0.0006581506888587335,"[36, 4096]",0.9757419162326388,0.0290256068110466,0.9955087865238634,0,0,278.0806579589844,0.6958418313639514,0.09693569004629346,0.41741859912872314,147456,0,0,0.972051320747617,0.09753209038275006,1.7695631253672828,"[36, 4096]",0.9759046766493056,0.031949128955602646,0.9918653550960276,0,0,278.0806579589844,0.5920732297890109,0.09035497752096472,0.3709843158721924,90112,0,0,0.9967924548227437,"{""min"": 0.8350525061167009, ""p1"": 0.8688503790616998, ""p5"": 0.99607409049889, ""p25"": 0.9983775754147064, ""median"": 0.998604440952046, ""p75"": 0.9990081282555501, ""p95"": 0.9993351200476026, ""p99"": 0.9993927762215442, ""max"": 0.9994072051254306}",0.12738678766633474,1.559904525292054,"[22, 4096]",0.9775168678977273
R0_vs_O3r,A043,0.9996072160575972,0,0,0.0027260184288024902,0.0004150911511905596,0.07091815271363165,0.00023121386766433716,151552,0,0,1.000574632008445,0.028041923956875013,0.0006384847490317267,"[37, 4096]",0.9765559016047297,0.02874920889735222,0.9955692537435188,0,0,278.0806579589844,0.7023318881020296,0.09659646931767847,0.4299025535583496,151552,0,0,0.9716649542339743,0.09702204149375258,1.7589558331697057,"[37, 4096]",0.9762259818412162,0.03137737885117531,0.9923133331260935,0,0,278.0806579589844,0.6070254341752646,0.09009539254559835,0.3903985023498535,94208,0,0,0.9934157955611826,"{""min"": 0.8350525061167009, ""p1"": 0.8704598015828903, ""p5"": 0.9960768665704526, ""p25"": 0.9982109392040437, ""median"": 0.9986934917362146, ""p75"": 0.9990099972180403, ""p95"": 0.9991459077285888, ""p99"": 0.9993204113521416, ""max"": 0.9993693243128151}",0.1237556638041414,1.5503038033459264,"[23, 4096]",0.9779636548913043
R0_vs_O3r,A044,0.9995169943409972,0,0,0.0027260184288024902,0.00044347654510090706,0.08024727951976729,0.00022582709789276123,131072,0,0,1.0007163826647194,0.03110010540000605,0.0007005977359485726,"[32, 4096]",0.9722366333007812,0.02862548828125,0.9958196821904959,0,0,329.82373046875,0.7174989684316415,0.09715365266343991,0.43115234375,131072,0,0,0.9628550493906459,0.0971072993015852,1.835303620855317,"[32, 4096]",0.9759674072265625,0.0316433385014534,0.9924158223812024,0,0,214.08065795898438,0.6256038369804932,0.09127978995145132,0.3900250196456909,73728,0,0,0.9945774758294749,"{""min"": 0.8735134511424013, ""p1"": 0.8942791573234709, ""p5"": 0.977341982047749, ""p25"": 0.9982793050986286, ""median"": 0.9985051269591578, ""p75"": 0.9989666956391705, ""p95"": 0.9992326514660883, ""p99"": 0.9992775212170399, ""max"": 0.9992887386547779}",0.12294514318618996,1.5076190290011198,"[18, 4096]",0.9775661892361112
R0_vs_O3r,A045,0.9995775261681829,0,0,0.0027260184288024902,0.0004145449814986381,0.07337191505763396,0.00021829083561897278,135168,0,0,1.00070358925694,0.029086718576955453,0.0006487155365934501,"[33, 4096]",0.9752826112689394,0.028690222650766373,0.9954223914282107,0,0,278.0806579589844,0.7299913571680945,0.0985452160455244,0.4374730587005615,135168,0,0,0.9709643094614104,0.09865323317984268,1.8446939794551533,"[33, 4096]",0.9754009824810606,0.03182822838425636,0.9910792357051456,0,0,278.0806579589844,0.6350010480422689,0.09211141017352442,0.3913860321044922,77824,0,0,0.9952535186276128,"{""min"": 0.8350525061167009, ""p1"": 0.8640221114981286, ""p5"": 0.9799005330238392, ""p25"": 0.998380083833325, ""median"": 0.9986145936529299, ""p75"": 0.9989918503320869, ""p95"": 0.9992192257421494, ""p99"": 0.9993346215700769, ""max"": 0.9993634705270588}",0.13333931600252721,1.671738446198987,"[19, 4096]",0.9768965871710527
R0_vs_O3r,A046,0.9995937227216338,0,0,0.0027260184288024902,0.0004079392940492389,0.07338390121918845,0.00021661818027496338,126976,0,0,1.0006837879346702,0.028523284131993207,0.0006441904217391041,"[31, 4096]",0.9748377646169355,0.02729649655520916,0.9957571897993536,0,0,329.82373046875,0.7376534740561188,0.1001929696102856,0.4486449360847473,126976,0,0,0.9629299111968176,0.0976997911120709,1.8624232833058918,"[31, 4096]",0.9746014994959677,0.029397403821349144,0.991981457715099,0,0,214.08065795898438,0.65695057479859,0.09647655245969994,0.41313958168029785,69632,0,0,0.9969279530496777,"{""min"": 0.8735134511424013, ""p1"": 0.8930576451951726, ""p5"": 0.9712344214062579, ""p25"": 0.9980037908728504, ""median"": 0.9984568362420531, ""p75"": 0.9988776244813934, ""p95"": 0.9992012332603977, ""p99"": 0.9992900170240759, ""max"": 0.9993122129649955}",0.12648025682106306,1.5463970905438356,"[17, 4096]",0.9751694623161765
R0_vs_O3r,A047,0.9995731598110719,0,0,0.0027260184288024902,0.0004229485987597207,0.07502786358472216,0.00022403523325920105,135168,0,0,1.000706585295612,0.02923666941766869,0.0006572322033407872,"[33, 4096]",0.9746537642045454,0.028719814494252205,0.9954663498584987,0,0,278.0806579589844,0.7360957628688166,0.09916033959553183,0.44152402877807617,135168,0,0,0.9707555635607664,0.09827191490374218,1.8468917294567886,"[33, 4096]",0.9750754616477273,0.03187962621450424,0.9913687191340607,0,0,278.0806579589844,0.6456034368908915,0.09317978265511623,0.39867162704467773,77824,0,0,0.9935797153472982,"{""min"": 0.8350525061167009, ""p1"": 0.8640221114981286, ""p5"": 0.9799005330238392, ""p25"": 0.9981311937953747, ""median"": 0.9987545705671483, ""p75"": 0.9990729603995858, ""p95"": 0.9993093315565064, ""p99"": 0.9993324847850095, ""max"": 0.9993382730921353}",0.13112189453614356,1.6759477168067214,"[19, 4096]",0.976331208881579
R0_vs_O3r,A048,0.9995592426771789,0,0,0.0027260184288024902,0.0004349421022411929,0.07585629655394921,0.00023265182971954346,139264,0,0,1.0006487911941497,0.029707027697090594,0.0006665731192502422,"[34, 4096]",0.9746740004595589,0.02804744988679886,0.9953899997330713,0,0,278.0806579589844,0.7211717108613598,0.0990504172117549,0.4323306083679199,139264,0,0,0.9707698996524426,0.09901968369660863,1.8225161477184992,"[34, 4096]",0.9756218405330882,0.03057861328125,0.9909080534056229,0,0,278.0806579589844,0.6247571647771111,0.09329194244971624,0.3873034715652466,81920,0,0,0.9946804395377612,"{""min"": 0.8350525061167009, ""p1"": 0.865631534019319, ""p5"": 0.9879476456297913, ""p25"": 0.9983297641507962, ""median"": 0.9985119221468701, ""p75"": 0.998810820282993, ""p95"": 0.9991393095417545, ""p99"": 0.9991874375506342, ""max"": 0.9991994695528541}",0.13459368704738509,1.6391633375667345,"[20, 4096]",0.977197265625
R0_vs_O3r,A049,0.9996273390752605,0,0,0.0027260184288024902,0.0004103893275220262,0.06894420353272764,0.00023599714040756226,159744,0,0,1.000408405895835,0.027309211608770825,0.0006282701695685345,"[39, 4096]",0.9777331229967948,0.02864583395421505,0.9957919126201557,0,0,278.0806579589844,0.6980046638008133,0.09557141827680765,0.43134498596191406,159744,0,0,0.9709180625629511,0.09495880779032619,1.7433356732730623,"[39, 4096]",0.9766501402243589,0.031005859375,0.9935437606167936,0,0,278.0806579589844,0.6078994805795083,0.08901639906360631,0.39450716972351074,102400,0,0,0.9866953558804712,"{""min"": 0.8350525061167009, ""p1"": 0.8736786466252711, ""p5"": 0.9962694272038785, ""p25"": 0.9982702782709223, ""median"": 0.9984643215534139, ""p75"": 0.9988129042516987, ""p95"": 0.9991221058729871, ""p99"": 0.9992251863328688, ""max"": 0.9992533052089176}",0.11365604421618962,1.5405644000481185,"[25, 4096]",0.978486328125
R0_vs_O3r,A050,0.9995032150521658,0,0,0.0027260184288024902,0.00045912031815272973,0.08456986747265029,0.00023695826530456543,143360,0,0,1.0007175943964088,0.031540415621481334,0.0007166088805912401,"[35, 4096]",0.9699428013392857,0.02868303656578064,0.9955233750015522,0,0,278.0806579589844,0.7176740136952763,0.09760288718234109,0.43597495555877686,143360,0,0,0.9714012729278861,0.097545300419707,1.8033587232711688,"[35, 4096]",0.9758161272321428,0.031517393887043,0.9919612057975791,0,0,278.0806579589844,0.62351883836146,0.09115360548459983,0.39434242248535156,86016,0,0,0.9937639791858922,"{""min"": 0.8350525061167009, ""p1"": 0.8672409565405094, ""p5"": 0.9959947582357435, ""p25"": 0.9981843100435864, ""median"": 0.9985912198179911, ""p75"": 0.9990421644853348, ""p95"": 0.9991602634680661, ""p99"": 0.9991659007716627, ""max"": 0.9991673100975618}",0.1265551902708973,1.6128577006988762,"[21, 4096]",0.9774460565476191
R0_vs_O3r,A051,0.9995871976417116,0,0,0.0027260184288024902,0.0004179478230158191,0.073776505059159,0.00022466108202934265,139264,0,0,1.0006353396445729,0.028749485429286566,0.0006495094007494872,"[34, 4096]",0.9751335592830882,0.029562557116150856,0.9955763598185,0,0,278.0806579589844,0.7093198142894621,0.09702133816006216,0.4175231456756592,139264,0,0,0.9711885851528649,0.09706943557931158,1.8142156386886048,"[34, 4096]",0.9757367302389706,0.03315429762005806,0.9920429098631479,0,0,278.0806579589844,0.604608940604885,0.08984250806183862,0.3654792308807373,81920,0,0,0.9935923095075762,"{""min"": 0.8350525061167009, ""p1"": 0.865631534019319, ""p5"": 0.9879476456297913, ""p25"": 0.9984010637953709, ""median"": 0.9987951187566115, ""p75"": 0.9991512144970461, ""p95"": 0.9994860060591586, ""p99"": 0.9996268029471549, ""max"": 0.999662002169154}",0.12590975192381604,1.6234343271804617,"[20, 4096]",0.977392578125
R0_vs_O3r,A052,0.9995387872675224,0,0,0.0027260184288024902,0.00044082098768032866,0.07865940605155614,0.00023695826530456543,147456,0,0,1.0006743735867916,0.030389180707268783,0.000685319095261802,"[36, 4096]",0.9731309678819444,0.0290256068110466,0.9956216562503285,0,0,278.0806579589844,0.7012130472921854,0.09696542493562034,0.4230513572692871,147456,0,0,0.9715724310086501,0.09651882117016129,1.773788431015407,"[36, 4096]",0.9759182400173612,0.031949128955602646,0.9924762981651762,0,0,278.0806579589844,0.6008624922170301,0.09040363461259047,0.3774654269218445,90112,0,0,0.9931255126372814,"{""min"": 0.8350525061167009, ""p1"": 0.8688503790616998, ""p5"": 0.9960825655941097, ""p25"": 0.9985095686262139, ""median"": 0.9988833792867877, ""p75"": 0.999054877033135, ""p95"": 0.9993313691959825, ""p99"": 0.9993616019760121, ""max"": 0.9993687780230633}",0.12243863385295936,1.567737651652372,"[22, 4096]",0.9775390625
R0_vs_O3r,A053,0.9995448039303058,0,0,0.0027260184288024902,0.0004397632973190671,0.08059749529852395,0.0002351701259613037,143360,0,0,1.0007370401791644,0.030192819729193944,0.0006807877877126745,"[35, 4096]",0.9719656808035714,0.02829938568174839,0.9956034311416178,0,0,278.0806579589844,0.7161874428051566,0.09762477924841788,0.43436431884765625,143360,0,0,0.9718394764594618,0.09663608767522831,1.7954652910702131,"[35, 4096]",0.9760881696428572,0.03087797574698925,0.9923773572972479,0,0,278.0806579589844,0.6210412202112604,0.09119009226139446,0.39118659496307373,86016,0,0,0.9944803254193525,"{""min"": 0.8350525061167009, ""p1"": 0.8672409565405094, ""p5"": 0.9959947582357435, ""p25"": 0.9984784970002928, ""median"": 0.9987338527408333, ""p75"": 0.9990182168981558, ""p95"": 0.9994963328008497, ""p99"": 0.9995271503741281, ""max"": 0.9995348547674476}",0.12325422182891946,1.598112899777852,"[21, 4096]",0.9778994605654762
R0_vs_O3r,A054,0.9994938226647632,0,0,0.0027260184288024902,0.00048108310473351693,0.08583257006081182,0.00026109442114830017,151552,0,0,1.000706456265798,0.031836597419164114,0.0007146809697405836,"[37, 4096]",0.9692250844594594,0.02993691898882389,0.995865060205213,0,0,278.0806579589844,0.6913684010250034,0.09500172933551702,0.41858476400375366,151552,0,0,0.9728248835795038,0.0937210307316959,1.7467242711114388,"[37, 4096]",0.9763975401182432,0.03328804299235344,0.9937378574752385,0,0,278.0806579589844,0.5893885201817877,0.0875299412699473,0.37433862686157227,94208,0,0,0.993351136075272,"{""min"": 0.8350525061167009, ""p1"": 0.8704598015828903, ""p5"": 0.9961629473073322, ""p25"": 0.9986196679529387, ""median"": 0.9991102276162318, ""p75"": 0.9992953222784903, ""p95"": 0.9994650031169573, ""p99"": 0.9995187955761214, ""max"": 0.9995334517033766}",0.11173728193384543,1.5278943365264586,"[23, 4096]",0.9782396399456522
R0_vs_O3r,A055,0.9995521319957961,0,0,0.0027260184288024902,0.00043919099624482833,0.08079579765301122,0.00023456662893295288,143360,0,0,1.000678108331761,0.02994667336062213,0.0006805196455803265,"[35, 4096]",0.9716448102678571,0.02848074771463871,0.9956120285693241,0,0,278.0806579589844,0.7092694819424651,0.09786481304204468,0.42392420768737793,143360,0,0,0.9713243393602037,0.09667771415995836,1.796965669414081,"[35, 4096]",0.9757533482142857,0.03118024580180645,0.9923694835138814,0,0,278.0806579589844,0.6095112854401079,0.09159014858410583,0.3777446746826172,86016,0,0,0.9926979116933197,"{""min"": 0.8350525061167009, ""p1"": 0.8672409565405094, ""p5"": 0.9959947582357435, ""p25"": 0.9982252960848695, ""median"": 0.9988661944968833, ""p75"": 0.9991376098331096, ""p95"": 0.9993790001096203, ""p99"": 0.9995300093374432, ""max"": 0.9995677616443989}",0.12330010565875438,1.6009210421279243,"[21, 4096]",0.9773414248511905
R0_vs_O3r,A056,0.9996232183883244,0,0,0.0027260184288024902,0.0004037655337777176,0.07050548363631452,0.00022229552268981934,151552,0,0,1.0006266906415338,0.027466856673659494,0.0006304979928367765,"[37, 4096]",0.976635082347973,0.029910525307059288,0.9956524380492628,0,0,278.0806579589844,0.7017798776781805,0.09524047905508931,0.4277915954589844,151552,0,0,0.9719180665777161,0.09612254155872187,1.7598167927039934,"[37, 4096]",0.976536106418919,0.03324558585882187,0.9927805883988268,0,0,278.0806579589844,0.6061374174064638,0.08791401690578098,0.3871421813964844,94208,0,0,0.9928677425629628,"{""min"": 0.8350525061167009, ""p1"": 0.8704598015828903, ""p5"": 0.9961589463930667, ""p25"": 0.9983555249788878, ""median"": 0.9988050681149355, ""p75"": 0.9990507433634102, ""p95"": 0.9992693022405719, ""p99"": 0.999319218419795, ""max"": 0.9993302670878047}",0.11994461594555965,1.5518748208777382,"[23, 4096]",0.9784625509510869
R0_vs_O3r,A057,0.9995733580881957,0,0,0.0027260184288024902,0.0004232368107681616,0.07533681787750046,0.00022583454847335815,135168,0,0,1.0007099089146128,0.0292300110856698,0.0006571869891109568,"[33, 4096]",0.9743726325757576,0.028394294902682304,0.9955031798247154,0,0,278.0806579589844,0.7339132040008487,0.09836562930836977,0.4389653205871582,135168,0,0,0.970312093465986,0.09802045598145663,1.8500478245058678,"[33, 4096]",0.9756673177083334,0.031314246356487274,0.9915761822774487,0,0,278.0806579589844,0.6418126767517893,0.09179949636688745,0.39405274391174316,77824,0,0,0.9912838093178084,"{""min"": 0.8350525061167009, ""p1"": 0.8640221114981286, ""p5"": 0.9799005330238392, ""p25"": 0.9981943019624113, ""median"": 0.9985074809535434, ""p75"": 0.9990535031890828, ""p95"": 0.9992926809491104, ""p99"": 0.9993697895664434, ""max"": 0.9993890667207767}",0.12952513355340556,1.6819827694292795,"[19, 4096]",0.9773591694078947
R0_vs_O3r,A058,0.9995304321880889,0,0,0.0027260184288024902,0.0004334005224694865,0.07798346981209098,0.00022211670875549316,135168,0,0,1.0007140770169751,0.03066457475611292,0.0006859222080395766,"[33, 4096]",0.9730557528409091,0.028801195323467255,0.9954093034271696,0,0,278.0806579589844,0.7252587774859091,0.09815116249109226,0.4322013854980469,135168,0,0,0.9706920548360574,0.09884968906653178,1.839085142231694,"[33, 4096]",0.9754305752840909,0.032020971179008484,0.9908385099562281,0,0,278.0806579589844,0.6267813043837362,0.09142700136845805,0.38537871837615967,77824,0,0,0.9951629350502532,"{""min"": 0.8350525061167009, ""p1"": 0.8640221114981286, ""p5"": 0.9799005330238392, ""p25"": 0.9983009632782968, ""median"": 0.9987554703640463, ""p75"": 0.9989721812782679, ""p95"": 0.9992788269831336, ""p99"": 0.9992969718255508, ""max"": 0.999301508036155}",0.1351212338609874,1.6609705872311447,"[19, 4096]",0.9769479851973685
R0_vs_O3r,A059,0.9995904760216457,0,0,0.0027260184288024902,0.0004253380616449119,0.07405147563935492,0.00023473799228668213,143360,0,0,1.0006482738808282,0.028635627863383636,0.0006522520128746977,"[35, 4096]",0.9754673549107142,0.02852260135114193,0.9954714967487642,0,0,278.0806579589844,0.7098476301010773,0.09878051573531661,0.42626601457595825,143360,0,0,0.9714602800529032,0.09804609981019774,1.795749055199227,"[35, 4096]",0.9754185267857143,0.03125,0.9915578920220206,0,0,278.0806579589844,0.6104748657044616,0.09311631973955906,0.37994903326034546,86016,0,0,0.9955112505043091,"{""min"": 0.8350525061167009, ""p1"": 0.8672409565405094, ""p5"": 0.9959947582357435, ""p25"": 0.9983791643075248, ""median"": 0.9986183141572698, ""p75"": 0.999135312863991, ""p95"": 0.9991777481599237, ""p99"": 0.9991798917117422, ""max"": 0.9991804275996967}",0.12972500072128137,1.5986441974753145,"[21, 4096]",0.9767833891369048
R0_vs_O3r,A060,0.9996237941640306,0,0,0.0027260184288024902,0.00039191286140628697,0.07005319956744872,0.000208243727684021,139264,0,0,1.000613013299354,0.027445376579789377,0.0006272068770788405,"[34, 4096]",0.9763111787683824,0.029397403821349144,0.995591029122439,0,0,278.0806579589844,0.7198232926547301,0.09712718875306839,0.43113136291503906,139264,0,0,0.9708256434502867,0.09701457137157996,1.8173601429875075,"[34, 4096]",0.9757223690257353,0.03287353366613388,0.9921131028358835,0,0,278.0806579589844,0.6224648538258407,0.09002245406994921,0.3851360082626343,81920,0,0,0.9919803522231639,"{""min"": 0.8350525061167009, ""p1"": 0.865631534019319, ""p5"": 0.9879476456297913, ""p25"": 0.998390553808912, ""median"": 0.9988943291058474, ""p75"": 0.9991837998548552, ""p95"": 0.9993690374941103, ""p99"": 0.9994106666850653, ""max"": 0.999421073982804}",0.12534595647280045,1.6294023979009107,"[20, 4096]",0.9773681640625
R0_vs_O3r,A061,0.9996020869615185,0,0,0.0027260184288024902,0.0004137907683052151,0.07120126135510729,0.00023217499256134033,159744,0,0,1.0006761110826476,0.028228022778597865,0.0006507783198444589,"[39, 4096]",0.9760929987980769,0.029872795566916466,0.9957321380798763,0,0,278.0806579589844,0.6918583971695252,0.09605844541294575,0.42261457443237305,159744,0,0,0.9708305977716705,0.09559077311435366,1.7310247081289472,"[39, 4096]",0.976493639823718,0.03291992098093033,0.993187256942623,0,0,278.0806579589844,0.598311304634699,0.08977616139598174,0.3816828727722168,102400,0,0,0.9877491747319425,"{""min"": 0.8350525061167009, ""p1"": 0.8736786466252711, ""p5"": 0.9961600874162285, ""p25"": 0.9982564154529823, ""median"": 0.9987461617896272, ""p75"": 0.9990245291462754, ""p95"": 0.9992353614716829, ""p99"": 0.9992734971452244, ""max"": 0.9992798850182733}",0.11665609879006873,1.5187538354164265,"[25, 4096]",0.9782421875
R0_vs_O3r,A062,0.9995900916040095,0,0,0.0027260184288024902,0.00041894197625584346,0.07333213306161332,0.0002288222312927246,151552,0,0,1.0006393170792256,0.028648728439242585,0.0006595488981807636,"[37, 4096]",0.975124049831081,0.029290277510881424,0.9956657388016411,0,0,278.0806579589844,0.7005136358773696,0.09663387223138797,0.4263225793838501,151552,0,0,0.9715780979338613,0.09607263408045885,1.7639236597399353,"[37, 4096]",0.9766548775337838,0.032247792929410934,0.9928438246444927,0,0,278.0806579589844,0.6041004197268984,0.09015556245026145,0.38432955741882324,94208,0,0,0.9914334727856877,"{""min"": 0.8350525061167009, ""p1"": 0.8704598015828903, ""p5"": 0.9960339829004718, ""p25"": 0.9983569096329542, ""median"": 0.9989139491820859, ""p75"": 0.999061673248939, ""p95"": 0.9993553675497695, ""p99"": 0.9993982754778977, ""max"": 0.9994061023402313}",0.11942834235499533,1.5593574807297674,"[23, 4096]",0.978653617527174
R0_vs_O3r,A063,0.9996254772265473,0,0,0.0027260184288024902,0.00039582452189168896,0.07059740926550094,0.00021547824144363403,135168,0,0,1.000553364225547,0.027381859941947116,0.0006272080883651269,"[33, 4096]",0.9759410511363636,0.02874200977385044,0.9953895053993793,0,0,278.0806579589844,0.7295008142461457,0.09933738037942459,0.43597865104675293,135168,0,0,0.9703138400182485,0.09913890021119877,1.8524037669233537,"[33, 4096]",0.9749127012310606,0.031918175518512726,0.9908612136008373,0,0,278.0806579589844,0.6341490524409892,0.09348727454293002,0.3915083408355713,77824,0,0,0.9929274104362233,"{""min"": 0.8350525061167009, ""p1"": 0.8640221114981286, ""p5"": 0.9799005330238392, ""p25"": 0.9982689743813278, ""median"": 0.998672053380475, ""p75"": 0.9988593083173645, ""p95"": 0.9990322747673617, ""p99"": 0.999115369533777, ""max"": 0.9991361432253808}",0.1349011658616723,1.6864803877544827,"[19, 4096]",0.9760485197368421
R0_vs_O3r,A064,0.9995902002502522,0,0,0.0027260184288024902,0.00040884107292802057,0.07412423281321061,0.0002182796597480774,126976,0,0,1.0006730650775908,0.028646189273541324,0.0006447010218001178,"[31, 4096]",0.9744439894153226,0.028745589777827263,0.9958121536302925,0,0,329.82373046875,0.7234845380670806,0.09777290294848993,0.43035292625427246,126976,0,0,0.9626777209685011,0.09724219922448923,1.8608900087659375,"[31, 4096]",0.9756095640120968,0.03203986585140228,0.9922746813653732,0,0,214.08065795898438,0.6311131032891675,0.09206348972348428,0.3860647678375244,69632,0,0,0.9947607683006977,"{""min"": 0.8735134511424013, ""p1"": 0.8930576451951726, ""p5"": 0.9712344214062579, ""p25"": 0.9980494454333786, ""median"": 0.9989248450851855, ""p75"": 0.9991692167721309, ""p95"": 0.9993185669077614, ""p99"": 0.9994082282861759, ""max"": 0.9994306436307796}",0.1240852019762882,1.543027441374609,"[17, 4096]",0.9770076976102942
R0_vs_O3r,A065,0.9995945376570369,0,0,0.0027260184288024902,0.00041236546495773446,0.07671048966317415,0.00022163987159729004,143360,0,0,1.0006490822494427,0.0284933738000988,0.0006529116593696803,"[35, 4096]",0.9727678571428572,0.02875279076397419,0.9955413526303127,0,0,278.0806579589844,0.7066370383831132,0.09757333471477775,0.42323923110961914,143360,0,0,0.9710358240290885,0.09745735546911574,1.7950059140506631,"[35, 4096]",0.9758510044642857,0.0316336490213871,0.991903204785039,0,0,278.0806579589844,0.6051238795078548,0.09110435137199425,0.3766975402832031,86016,0,0,0.9930805700843035,"{""min"": 0.8350525061167009, ""p1"": 0.8672409565405094, ""p5"": 0.9959947582357435, ""p25"": 0.9981267276551968, ""median"": 0.9987674434156485, ""p75"": 0.9990851946478015, ""p95"": 0.9993567033153591, ""p99"": 0.9994616232125392, ""max"": 0.9994878531868342}",0.1270016477303239,1.597252601761765,"[21, 4096]",0.9775041852678571
R0_vs_O3r,A066,0.9996011774083465,0,0,0.0027260184288024902,0.0004220762132324642,0.07188261588827426,0.00023934245109558105,151552,0,0,1.0005306165166472,0.02825508769945255,0.0006452735642715626,"[37, 4096]",0.976489917652027,0.029013143852353096,0.9957681913122691,0,0,278.0806579589844,0.6979732623935765,0.09568093404004438,0.4255845546722412,151552,0,0,0.9726898858933064,0.0947539833025683,1.753750856213454,"[37, 4096]",0.9768264358108109,0.031801968812942505,0.993356595525388,0,0,278.0806579589844,0.6000137319486226,0.08862257492505651,0.38359594345092773,94208,0,0,0.9938182836365947,"{""min"": 0.8350525061167009, ""p1"": 0.8704598015828903, ""p5"": 0.996153132710546, ""p25"": 0.9984319019748736, ""median"": 0.9987598754019441, ""p75"": 0.9991993614442305, ""p95"": 0.9993507441605879, ""p99"": 0.9994746654326199, ""max"": 0.9995088330014101}",0.11507774451266375,1.5407885005469564,"[23, 4096]",0.9789296025815217
R0_vs_O3r,A067,0.9995794441020774,0,0,0.0027260184288024902,0.0004238602198256558,0.07451329394818897,0.00023265182971954346,139264,0,0,1.0006773388315813,0.029019653709489095,0.00065308288776541,"[34, 4096]",0.9747673483455882,0.028492646291851997,0.9954879240975559,0,0,278.0806579589844,0.7092599346588566,0.09862145755472565,0.41962623596191406,139264,0,0,0.9702936203347369,0.09817609646971724,1.8189362520006613,"[34, 4096]",0.9755572150735294,0.03133545070886612,0.991420307229503,0,0,278.0806579589844,0.6045071452328556,0.09256271103276653,0.3684563636779785,81920,0,0,0.9917801302065449,"{""min"": 0.8350525061167009, ""p1"": 0.865631534019319, ""p5"": 0.9879476456297913, ""p25"": 0.9982278591702186, ""median"": 0.9986959427428755, ""p75"": 0.9990940128004514, ""p95"": 0.9993166342914466, ""p99"": 0.9994370865142734, ""max"": 0.9994671995699802}",0.13071305935342722,1.632389418451898,"[20, 4096]",0.97708740234375
R0_vs_O3r,A068,0.9996062302911821,0,0,0.0027260184288024902,0.0003963302630296539,0.07174112296638922,0.00021062791347503662,131072,0,0,1.000638637995602,0.028079355917119502,0.0006320260767601922,"[32, 4096]",0.9752349853515625,0.028076171875,0.9958538172693416,0,0,329.82373046875,0.7187607102583797,0.09772851480388033,0.43162059783935547,131072,0,0,0.9627193254871901,0.09681461240815845,1.841398171313152,"[32, 4096]",0.9758148193359375,0.0306667760014534,0.9926758560700124,0,0,214.08065795898438,0.627846933561361,0.09230176709001199,0.3890042304992676,73728,0,0,0.9924472322387498,"{""min"": 0.8735134511424013, ""p1"": 0.8942791573234709, ""p5"": 0.977341982047749, ""p25"": 0.9983072995475039, ""median"": 0.9987912500144986, ""p75"": 0.9989836090932078, ""p95"": 0.999129232710939, ""p99"": 0.9991646375689313, ""max"": 0.9991734887834294}",0.12080851395710417,1.5207732588284395,"[18, 4096]",0.977294921875
R0_vs_O3r,A069,0.9996151769014582,0,0,0.0027260184288024902,0.00039570081972830365,0.07039485913664555,0.0002130270004272461,139264,0,0,1.0006359452588018,0.027758603644755648,0.0006262521661222301,"[34, 4096]",0.9764547909007353,0.028068991377949715,0.9955280511612339,0,0,278.0806579589844,0.7258461218226758,0.09872108115565385,0.44107091426849365,139264,0,0,0.9711338567209661,0.09756524008838426,1.8260543364873445,"[34, 4096]",0.9756002987132353,0.03061523474752903,0.9919023895401676,0,0,278.0806579589844,0.6327036634113483,0.09273207115434448,0.4007275104522705,81920,0,0,0.9931813729554524,"{""min"": 0.8350525061167009, ""p1"": 0.865631534019319, ""p5"": 0.9879476456297913, ""p25"": 0.9983976950127494, ""median"": 0.9986914706634241, ""p75"": 0.9988863600720252, ""p95"": 0.999285974487757, ""p99"": 0.9994640563146461, ""max"": 0.9995085767713683}",0.12700899740995364,1.6458439507162168,"[20, 4096]",0.97716064453125
R0_vs_O3r,A070,0.9996024521542373,0,0,0.0027260184288024902,0.00040110737331389146,0.0721476775352873,0.00021541863679885864,131072,0,0,1.0006789015800113,0.028215180144787133,0.0006353151651526973,"[32, 4096]",0.9753646850585938,0.0284576416015625,0.9958410618946437,0,0,329.82373046875,0.7167162425207607,0.0985908989334809,0.42847537994384766,131072,0,0,0.9644218413995242,0.09637295710451094,1.8312589965730763,"[32, 4096]",0.975433349609375,0.0313449427485466,0.9928524263029711,0,0,214.08065795898438,0.6242123242500384,0.09383489443152414,0.3859102725982666,73728,0,0,0.9993977231469862,"{""min"": 0.8735134511424013, ""p1"": 0.8942791573234709, ""p5"": 0.977341982047749, ""p25"": 0.998074907514762, ""median"": 0.9988662108201839, ""p75"": 0.9992020370915563, ""p95"": 0.9992813032390845, ""p99"": 0.9993832301091463, ""max"": 0.9994087118266618}",0.11952782310022991,1.4988498678927717,"[18, 4096]",0.9766167534722222
R0_vs_O3r,A071,0.9995820592985005,0,0,0.0027260184288024902,0.0004407392681128794,0.08050678393225436,0.00023935362696647644,323584,0,0,1.0005159681093518,0.02892367394086138,0.0006810736187253546,"[79, 4096]",0.9714231853243671,0.03338545933365822,0.9971076381573198,0,0,208.811279296875,0.5147180674533196,0.08448961366291359,0.3508416414260864,323584,0,0,0.9934075578521697,0.07609236835975008,1.0969088115838015,"[79, 4096]",0.9804749307753164,0.0351637601852417,0.9967229784745575,0,0,208.811279296875,0.44615322620237957,0.07985603222261196,0.3275885581970215,266240,0,0,1.0006002315318794,"{""min"": 0.8676503654192368, ""p1"": 0.9502315219957028, ""p5"": 0.9973992166834607, ""p25"": 0.9986582887037946, ""median"": 0.998836787218264, ""p75"": 0.9990974597771473, ""p95"": 0.9993905476337216, ""p99"": 0.9995114523888363, ""max"": 0.9995736150829535}",0.08098356173988806,0.9135439117583657,"[65, 4096]",0.9820012019230769
R0_vs_O3r,A072,0.9995956875780545,0,0,0.0027260184288024902,0.00042136820442701046,0.0764868683142829,0.00023265182971954346,221184,0,0,1.0005548668395414,0.028449629175324995,0.0006645076837721038,"[54, 4096]",0.9729908130787037,0.03177445009350777,0.9960964900832607,0,0,278.0806579589844,0.5953328640011764,0.0895503903681912,0.3792731761932373,221184,0,0,0.9758022752481085,0.09057393443802604,1.4775854775874677,"[54, 4096]",0.9786603009259259,0.03434448316693306,0.9949438970927608,0,0,278.0806579589844,0.5030819945579879,0.08334614359192458,0.3450000286102295,163840,0,0,0.995258573609334,"{""min"": 0.8350525061167009, ""p1"": 0.8978199844431275, ""p5"": 0.9970786722301114, ""p25"": 0.9984937415381427, ""median"": 0.9989279781023459, ""p75"": 0.9991460055298755, ""p95"": 0.9993284265672223, ""p99"": 0.9994608860377252, ""max"": 0.9995220086349068}",0.10043276686012562,1.2114030378245104,"[40, 4096]",0.980511474609375
R0_vs_O3r,A073,0.999599866675042,0,0,0.0027260184288024902,0.00041375065098579576,0.07491555069628358,0.00022618472576141357,233472,0,0,1.0005087264236565,0.028300752097439822,0.0006605516191374337,"[57, 4096]",0.9735899808114035,0.03133566305041313,0.9960453957406885,0,0,278.0806579589844,0.5896235871507024,0.08848306728624684,0.38327938318252563,233472,0,0,0.9763966498007532,0.09099254277570044,1.4448875187563939,"[57, 4096]",0.9789610745614035,0.03358352929353714,0.9948514441039682,0,0,278.0806579589844,0.5019499905545587,0.08236417439792391,0.35309839248657227,176128,0,0,0.9966926426744251,"{""min"": 0.8350525061167009, ""p1"": 0.9026482520066987, ""p5"": 0.9973325011395043, ""p25"": 0.9985762154673687, ""median"": 0.9988076463287093, ""p75"": 0.998963794199156, ""p95"": 0.9992226210173172, ""p99"": 0.9993226813638615, ""max"": 0.9993361042483722}",0.10136071318033055,1.1793061808749679,"[43, 4096]",0.9807810228924418
R0_vs_O3r,A074,0.9995953020510087,0,0,0.0027260184288024902,0.0004273783086078628,0.07980112541130895,0.00023803859949111938,217088,0,0,1.0005786424413863,0.028463996133297313,0.0006653531283865415,"[53, 4096]",0.9712789283608491,0.03058667480945587,0.9959936379939762,0,0,278.0806579589844,0.6182963146552453,0.0905781756951994,0.40025806427001953,217088,0,0,0.9755963650286804,0.0917208908588713,1.5013671978999614,"[53, 4096]",0.9781977815448113,0.0327962227165699,0.9946513634396608,0,0,278.0806579589844,0.5319233282816407,0.0845837942471853,0.3696681261062622,159744,0,0,0.9953321673539997,"{""min"": 0.8350525061167009, ""p1"": 0.896210561921937, ""p5"": 0.9966764162952569, ""p25"": 0.9985172117250127, ""median"": 0.9987444199127019, ""p75"": 0.99896797100683, ""p95"": 0.9992291201940499, ""p99"": 0.9994152974517484, ""max"": 0.9994922013313147}",0.10329147448649034,1.2431494204818323,"[39, 4096]",0.9799303886217948
R0_vs_O3r,A075,0.9996315674961889,0,0,0.0027260184288024902,0.000403446989307755,0.07379777775125397,0.00022431835532188416,212992,0,0,1.000494217460153,0.0271564620315872,0.0006380158303627094,"[52, 4096]",0.9741633488581731,0.03146127611398697,0.9960648032742595,0,0,278.0806579589844,0.6157314795750958,0.09048654881903234,0.394517183303833,212992,0,0,0.9766415933113332,0.09073129980042341,1.504407673314518,"[52, 4096]",0.9784311147836539,0.03405119106173515,0.9948993561943708,0,0,278.0806579589844,0.526140580635815,0.08430066322064056,0.3620471954345703,155648,0,0,0.9975562834390179,"{""min"": 0.8350525061167009, ""p1"": 0.8946011394007467, ""p5"": 0.9971270313274422, ""p25"": 0.9986137741363674, ""median"": 0.998859219803568, ""p75"": 0.9990048869672773, ""p95"": 0.9994224933395788, ""p99"": 0.9995364036896641, ""max"": 0.9995704978444503}",0.10090753344725982,1.2406759884950938,"[38, 4096]",0.9802952816611842
R0_vs_O3r,A076,0.9996280572489896,0,0,0.0027260184288024902,0.00040761019755027863,0.07371475570509066,0.00022689998149871826,217088,0,0,1.000542151251214,0.027287043234019082,0.0006397282488927721,"[53, 4096]",0.9744066922169812,0.03034253418445587,0.9960437887469381,0,0,278.0806579589844,0.6185364164229437,0.09162826700248788,0.4023408889770508,217088,0,0,0.9759776742301194,0.09110115175148589,1.497442258522769,"[53, 4096]",0.9779628537735849,0.032464444637298584,0.9948164061209666,0,0,278.0806579589844,0.5322496204274872,0.08601084140837223,0.3723907470703125,159744,0,0,0.9958579579744625,"{""min"": 0.8350525061167009, ""p1"": 0.896210561921937, ""p5"": 0.9971920123578996, ""p25"": 0.9984888195067061, ""median"": 0.9988113922634592, ""p75"": 0.9990419254344551, ""p95"": 0.999276167723206, ""p99"": 0.9993516750703699, ""max"": 0.999368084797589}",0.10169268873831312,1.236699298921426,"[39, 4096]",0.9796111278044872
R0_vs_O3r,A077,0.9995700369122572,0,0,0.0027260184288024902,0.00043451042081457826,0.07934369986964873,0.00023689866065979004,217088,0,0,1.0005500362543174,0.029337718144718018,0.0006742715391062621,"[53, 4096]",0.9719975309551887,0.031084168702363968,0.9960173067712678,0,0,278.0806579589844,0.595379260739719,0.08967796077613097,0.3761866092681885,217088,0,0,0.9750881050684215,0.09158360167644153,1.4956129359992099,"[53, 4096]",0.9783451872051887,0.03347230702638626,0.9946697430419167,0,0,278.0806579589844,0.5007796396272076,0.08336042525460509,0.3410515785217285,159744,0,0,0.9943029481644172,"{""min"": 0.8350525061167009, ""p1"": 0.896210561921937, ""p5"": 0.9964852567192012, ""p25"": 0.9986181739233579, ""median"": 0.998871229476826, ""p75"": 0.9990771573063479, ""p95"": 0.9993405115285316, ""p99"": 0.9994036053353306, ""max"": 0.9994116597918886}",0.10311273837605804,1.233687324059231,"[39, 4096]",0.9801307091346154
R0_vs_O3r,A078,0.9995885600643629,0,0,0.0027260184288024902,0.00042500519197346875,0.0776224541665627,0.00023073703050613403,204800,0,0,1.0005479545468017,0.02869897256395523,0.0006624433862720413,"[50, 4096]",0.972841796875,0.031000977382063866,0.9960002264811811,0,0,278.0806579589844,0.617322737456634,0.09080272733523692,0.3892338275909424,204800,0,0,0.9754467320155674,0.09168421338585908,1.5290811390425894,"[50, 4096]",0.9778857421875,0.0335557721555233,0.9945987590526755,0,0,278.0806579589844,0.523373388863547,0.08439613973768073,0.3547697067260742,147456,0,0,0.9960220947437888,"{""min"": 0.8350525061167009, ""p1"": 0.8913822943583658, ""p5"": 0.9972831859953728, ""p25"": 0.9985045857556158, ""median"": 0.9989159722484259, ""p75"": 0.9990757056237525, ""p95"": 0.9994010741065831, ""p99"": 0.9994369943583262, ""max"": 0.9994433667258795}",0.10380430807710851,1.2661004407412686,"[36, 4096]",0.9796413845486112
R0_vs_O3r,A079,0.9995824187367961,0,0,0.0027260184288024902,0.00041857379579489455,0.07740427066025161,0.00022080540657043457,208896,0,0,1.0005666516043934,0.02891291868066052,0.0006645805854410259,"[51, 4096]",0.9722589231004902,0.030527152121067047,0.9960982939712252,0,0,278.0806579589844,0.634021613248086,0.09245192794028405,0.4069148302078247,208896,0,0,0.9744440859763749,0.09086855050841124,1.5352620454296453,"[51, 4096]",0.9778550091911765,0.03283361345529556,0.9949143179062394,0,0,278.0806579589844,0.5489299297813075,0.08684251320943638,0.3759021759033203,151552,0,0,0.9914260168918625,"{""min"": 0.8350525061167009, ""p1"": 0.8929917168795563, ""p5"": 0.9967628184047871, ""p25"": 0.9983826302506579, ""median"": 0.9986231762593325, ""p75"": 0.9989962235740181, ""p95"": 0.9993074909974183, ""p99"": 0.9995707255301662, ""max"": 0.9996418502003133}",0.10078525819349729,1.2841278689783764,"[37, 4096]",0.9795515730574325
R0_vs_O3r,A080,0.999544446849519,0,0,0.0027260184288024902,0.00043241308823817977,0.0840918590270849,0.00022067874670028687,200704,0,0,1.0005803464592113,0.030198871838046825,0.0006902836662815401,"[49, 4096]",0.9687749123086735,0.029740314930677414,0.9957857929499353,0,0,278.0806579589844,0.6181332787448494,0.09287112191029459,0.38964009284973145,200704,0,0,0.9737109951526496,0.09432895237867486,1.5426682686283393,"[49, 4096]",0.9772500797193877,0.03186383843421936,0.9936763701186497,0,0,278.0806579589844,0.5218238795643888,0.08710884678283122,0.35363006591796875,143360,0,0,0.9947190228581939,"{""min"": 0.8350525061167009, ""p1"": 0.8897728718371753, ""p5"": 0.9968387419537603, ""p25"": 0.9984288912768002, ""median"": 0.9986741664727263, ""p75"": 0.9988514326442106, ""p95"": 0.9992341516972005, ""p99"": 0.9994955943522954, ""max"": 0.9995897641885013}",0.11228694756097045,1.280796172179571,"[35, 4096]",0.9788016183035714
R0_vs_O3r,A081,0.9996112117869448,0,0,0.0027260184288024902,0.00040406098837593164,0.06929981495233661,0.0002225935459136963,163840,0,0,1.000592628027327,0.02789961375491358,0.000638689313862477,"[40, 4096]",0.977001953125,0.02978515625,0.9957809311098276,0,0,278.0806579589844,0.672629085049266,0.09459070556943343,0.4090588092803955,163840,0,0,0.9723540702667292,0.0947056231013071,1.6930753946981765,"[40, 4096]",0.976690673828125,0.032667893916368484,0.9934263501948891,0,0,278.0806579589844,0.5723257126241011,0.08775972640661524,0.36633431911468506,106496,0,0,0.9922861306905462,"{""min"": 0.8350525061167009, ""p1"": 0.8752880691464615, ""p5"": 0.9963241818854186, ""p25"": 0.9984644667366694, ""median"": 0.9989217478650085, ""p75"": 0.9991941170211829, ""p95"": 0.9993485122650138, ""p99"": 0.9994902635638444, ""max"": 0.9995332266825075}",0.11447876151924664,1.460559520475402,"[26, 4096]",0.9784780649038461
R0_vs_O3r,A082,0.9996755820534701,0,0,0.0027260184288024902,0.0003763599166665322,0.06273381513799013,0.00022286176681518555,167936,0,0,1.000512711022665,0.025483944572371395,0.0005866385861435743,"[41, 4096]",0.9801233803353658,0.031494140625,0.9963711818672509,0,0,278.0806579589844,0.6787118298177186,0.09264053586239923,0.4252288341522217,167936,0,0,0.9773602429926952,0.0872117179130758,1.6744788310969545,"[41, 4096]",0.9773544683689024,0.03515625,0.9957429010503681,0,0,278.0806579589844,0.5852774129178686,0.08505135682048247,0.3898499011993408,110592,0,0,0.9965963280563193,"{""min"": 0.8350525061167009, ""p1"": 0.876897491667652, ""p5"": 0.9963589172165722, ""p25"": 0.9984564310706867, ""median"": 0.9990962997761866, ""p75"": 0.9992809464286114, ""p95"": 0.9996882722003667, ""p99"": 0.9997890817568048, ""max"": 0.9998167426995551}",0.09217810664931031,1.4371134757162827,"[27, 4096]",0.9794198495370371
R0_vs_O3r,A083,0.9996127843449345,0,0,0.0027260184288024902,0.00041538290578760746,0.0694634214659908,0.00023972243070602417,172032,0,0,1.00054244423839,0.02784143749315666,0.000643002769784652,"[42, 4096]",0.9773530505952381,0.0307035893201828,0.9959995315752982,0,0,278.0806579589844,0.6667501809142344,0.09293542666530044,0.4138514995574951,172032,0,0,0.9738806628998216,0.0920552956286019,1.6605965467685169,"[42, 4096]",0.977294921875,0.0338396355509758,0.9944515024613523,0,0,278.0806579589844,0.5706718830233513,0.08576473513347418,0.37546300888061523,114688,0,0,0.9928783516730477,"{""min"": 0.8350525061167009, ""p1"": 0.8785069141888424, ""p5"": 0.9964476385450233, ""p25"": 0.9983829717781461, ""median"": 0.9986387635441238, ""p75"": 0.9991570730058117, ""p95"": 0.9994879071147276, ""p99"": 0.9995376558351053, ""max"": 0.9995533978285404}",0.10520781366306461,1.4220497363802924,"[28, 4096]",0.9792567661830357
R0_vs_O3r,A084,0.9995689687715328,0,0,0.0027260184288024902,0.00044288926069268014,0.0750594828261196,0.00024449825286865234,159744,0,0,1.0006260594285639,0.0293767613883961,0.0006713432495182457,"[39, 4096]",0.9749661959134616,0.029453376308083534,0.9957770672676919,0,0,278.0806579589844,0.6796812446142818,0.09442300461442378,0.41564011573791504,159744,0,0,0.9722052616215011,0.09478218358518663,1.709983675096467,"[39, 4096]",0.9770883413461539,0.03226562589406967,0.9933587193080283,0,0,278.0806579589844,0.5793149466485192,0.08722487375028745,0.37252092361450195,102400,0,0,0.9922676925115861,"{""min"": 0.8350525061167009, ""p1"": 0.8736786466252711, ""p5"": 0.9963309139016421, ""p25"": 0.9985074809535434, ""median"": 0.9990078759800248, ""p75"": 0.9991581402989593, ""p95"": 0.9993811769738942, ""p99"": 0.9993852701997334, ""max"": 0.9993855292045007}",0.11506365679129489,1.4811028032327762,"[25, 4096]",0.979169921875
R0_vs_O3r,A085,0.9996442743145516,0,0,0.0027260184288024902,0.0003907348503815182,0.06609431762196984,0.00022212788462638855,159744,0,0,1.0006049192962347,0.026687968617225805,0.00061558685581805,"[39, 4096]",0.9777894631410257,0.030386118218302727,0.9961199953773956,0,0,278.0806579589844,0.6856336729228459,0.0940495561391161,0.42093324661254883,159744,0,0,0.9745255996195862,0.0906160732843937,1.7135740020885033,"[39, 4096]",0.9775954026442307,0.033720701932907104,0.9948602710582153,0,0,278.0806579589844,0.5886007348098792,0.08664229412880746,0.3802793622016907,102400,0,0,0.993540553066887,"{""min"": 0.8350525061167009, ""p1"": 0.8736786466252711, ""p5"": 0.9963114679898557, ""p25"": 0.99853811022924, ""median"": 0.999139677976649, ""p75"": 0.9993674174146692, ""p95"": 0.999496734680222, ""p99"": 0.9995908339669072, ""max"": 0.999615064452853}",0.10126590109978731,1.4875619491443048,"[25, 4096]",0.9799609375
R0_vs_O3r,A086,0.9996134242309304,0,0,0.0027260184288024902,0.00039795348590764153,0.06865572416900345,0.00021350383758544922,147456,0,0,1.0006292203769944,0.027821465438138345,0.0006418605169918332,"[36, 4096]",0.9767862955729166,0.02992757223546505,0.9959002854266187,0,0,278.0806579589844,0.6969656440625032,0.0952537234879573,0.4173088073730469,147456,0,0,0.971630267897232,0.09365711525589923,1.7767140269567143,"[36, 4096]",0.9767930772569444,0.033425070345401764,0.9938088931801,0,0,278.0806579589844,0.5939121960230047,0.08760266860732369,0.36997222900390625,90112,0,0,0.9894268284246626,"{""min"": 0.8350525061167009, ""p1"": 0.8688503790616998, ""p5"": 0.9960532046628033, ""p25"": 0.9985163053098141, ""median"": 0.9990663312823331, ""p75"": 0.9993738763470722, ""p95"": 0.9994842665839165, ""p99"": 0.9995798472032691, ""max"": 0.9996052396431536}",0.11118941643729087,1.5731493262342793,"[22, 4096]",0.9789706143465909
R0_vs_O3r,A087,0.999643876572578,0,0,0.0027260184288024902,0.0003963582197520231,0.06577131194454956,0.00022642314434051514,147456,0,0,1.0006205670041173,0.026703444630765533,0.0006159868136458398,"[36, 4096]",0.9787122938368056,0.02954779751598835,0.9958199463712356,0,0,278.0806579589844,0.7231348596374624,0.09735172821853724,0.4388296604156494,147456,0,0,0.9721533359790618,0.09435434731184193,1.7898356121439942,"[36, 4096]",0.9760267469618056,0.032803621143102646,0.9936080931725807,0,0,278.0806579589844,0.6367345487820288,0.09103576725736362,0.39946651458740234,90112,0,0,0.9909436273511051,"{""min"": 0.8350525061167009, ""p1"": 0.8688503790616998, ""p5"": 0.9960629562578591, ""p25"": 0.9981701853502627, ""median"": 0.9987927948732911, ""p75"": 0.9991523626010985, ""p95"": 0.9992996648130124, ""p99"": 0.9993535659119623, ""max"": 0.9993670477249571}",0.11291614835825088,1.5973035505159432,"[22, 4096]",0.9777166193181818
R0_vs_O3r,A088,0.9995827741716865,0,0,0.0027260184288024902,0.0004298174213114467,0.07306707331622586,0.0002400726079940796,155648,0,0,1.0006046799430102,0.02890193541341512,0.0006641157374493546,"[38, 4096]",0.9756823087993421,0.028994912281632423,0.9957679971964128,0,0,278.0806579589844,0.6815554654730429,0.09652986626119386,0.41012877225875854,155648,0,0,0.971623177173867,0.09502140860546436,1.728391238327194,"[38, 4096]",0.9765111019736842,0.0316569022834301,0.9932243258431064,0,0,278.0806579589844,0.5781005339263174,0.09026081590500103,0.3637523651123047,98304,0,0,0.9910834211160896,"{""min"": 0.8350525061167009, ""p1"": 0.8720692241040807, ""p5"": 0.9961938863656793, ""p25"": 0.9985309982158389, ""median"": 0.9988668767622644, ""p75"": 0.9991093381079352, ""p95"": 0.9995984381342892, ""p99"": 0.9996666459092041, ""max"": 0.9996713553280059}",0.11623262032044822,1.5044751799829745,"[24, 4096]",0.9783426920572916
R0_vs_O3r,A089,0.9996200296129343,0,0,0.0027260184288024902,0.0004138253720157081,0.06963673677198792,0.0002398267388343811,163840,0,0,1.0005712526432264,0.027580812567619968,0.0006433627538160468,"[40, 4096]",0.97723388671875,0.03163452073931694,0.9959670461056328,0,0,278.0806579589844,0.6849027604911498,0.09292445273082497,0.42394542694091797,163840,0,0,0.9738031532937087,0.09241688815470693,1.704601904823721,"[40, 4096]",0.977301025390625,0.03551306948065758,0.9943458532072131,0,0,278.0806579589844,0.5912082902269993,0.08519626050106378,0.38581180572509766,106496,0,0,0.9928930538863029,"{""min"": 0.8350525061167009, ""p1"": 0.8752880691464615, ""p5"": 0.9963557232561885, ""p25"": 0.9985010063408154, ""median"": 0.9988139124075309, ""p75"": 0.9990977159256272, ""p95"": 0.9993263538235092, ""p99"": 0.9993581279823969, ""max"": 0.9993619143501586}",0.10619997568496775,1.4810420111164149,"[26, 4096]",0.9794170673076923
R0_vs_O3r,A090,0.999542714618066,0,0,0.0027260184288024902,0.00046322498610871387,0.07935872243273248,0.00026042014360427856,176128,0,0,1.0005760534051094,0.030256064565588388,0.0006962167004458236,"[43, 4096]",0.9720430595930233,0.030307503417134285,0.99615213644121,0,0,278.0806579589844,0.6706327646949598,0.09326071254304918,0.4210643768310547,176128,0,0,0.9729336678507027,0.09066431683579858,1.6582491983100767,"[43, 4096]",0.9772438226744186,0.03314419463276863,0.9949481612327031,0,0,278.0806579589844,0.5797418623496297,0.08649432079813014,0.3859105110168457,118784,0,0,0.988264105219824,"{""min"": 0.8350525061167009, ""p1"": 0.8801163367100329, ""p5"": 0.9964604552831382, ""p25"": 0.9983527135419784, ""median"": 0.998996470164845, ""p75"": 0.9991047178984883, ""p95"": 0.9993459941192933, ""p99"": 0.9994524135974403, ""max"": 0.9994855851190492}",0.10061229082197948,1.4268956249164781,"[29, 4096]",0.9791133485991379
R0_vs_O3r,A091,0.9996455276119074,0,0,0.0027260184288024902,0.0003813737842316793,0.06498062415703065,0.00020823627710342407,147456,0,0,1.000614305252406,0.02664127728971763,0.0006196357953528094,"[36, 4096]",0.9790920681423612,0.02840169332921505,0.9955138399835908,0,0,278.0806579589844,0.6980715483643709,0.09773449564256068,0.41752004623413086,147456,0,0,0.9706910699272875,0.0978180163078026,1.7727674273473235,"[36, 4096]",0.9763658311631944,0.030928177759051323,0.9917240962622854,0,0,278.0806579589844,0.5957218576078792,0.09166211395122013,0.3698708415031433,90112,0,0,0.9921899137472677,"{""min"": 0.8350525061167009, ""p1"": 0.8688503790616998, ""p5"": 0.9960714130288506, ""p25"": 0.998184530232251, ""median"": 0.9986175301036369, ""p75"": 0.9987180753300022, ""p95"": 0.9991634301167381, ""p99"": 0.9994207778045682, ""max"": 0.9994881562257711}",0.1283882154976977,1.5658467343658247,"[22, 4096]",0.978271484375
R0_vs_O3r,A092,0.9997111207379111,0,0,0.0027260184288024902,0.0003578579386858867,0.056226775910406444,0.00021338462829589844,196608,0,0,1.0004572168487147,0.02404644947506802,0.0005714400629122718,"[48, 4096]",0.9826202392578125,0.02970377542078495,0.9957471562968233,0,0,278.0806579589844,0.6311158140032754,0.09333446373695692,0.38933610916137695,196608,0,0,0.9728440695635863,0.09493235543638408,1.5674594386169152,"[48, 4096]",0.97711181640625,0.03187471255660057,0.9935026086367309,0,0,278.0806579589844,0.5373195352474474,0.08759349774025268,0.35173702239990234,139264,0,0,0.9923574699904019,"{""min"": 0.8350525061167009, ""p1"": 0.8872882988703739, ""p5"": 0.9950665683691863, ""p25"": 0.9983026388973086, ""median"": 0.9987566701651148, ""p75"": 0.9990231700488834, ""p95"": 0.9991373459196576, ""p99"": 0.9993784866426668, ""max"": 0.9994881562257711}",0.11381510433387206,1.3143608562035403,"[34, 4096]",0.9786520565257353
R0_vs_O3r,A093,0.9996580190793033,0,0,0.0027260184288024902,0.0003805200010877318,0.06365424059898375,0.00021350383758544922,151552,0,0,1.0006202239151782,0.026168124284911238,0.0006142777656834514,"[37, 4096]",0.9798550992398649,0.029211096465587616,0.9956033134002108,0,0,278.0806579589844,0.6775234903891671,0.09624140248886584,0.39836668968200684,151552,0,0,0.9706417183921624,0.09693876196788505,1.7461398888172048,"[37, 4096]",0.9760610219594594,0.032120414078235626,0.9922075474890282,0,0,278.0806579589844,0.5671162726371815,0.0895241980818563,0.3482625484466553,94208,0,0,0.9909068501584056,"{""min"": 0.8350525061167009, ""p1"": 0.8704598015828903, ""p5"": 0.9961630406622458, ""p25"": 0.998451317050002, ""median"": 0.9988385577779427, ""p75"": 0.999148066463234, ""p95"": 0.9994113118239507, ""p99"": 0.9994273200825974, ""max"": 0.9994315125188751}",0.12460286721963333,1.5268194017463093,"[23, 4096]",0.9776982846467391
R0_vs_O3r,A094,0.9996681525510765,0,0,0.0027260184288024902,0.0003725989210675164,0.062405591432366216,0.00020775943994522095,155648,0,0,1.0005649246874415,0.025775743934603017,0.0006057683882602034,"[38, 4096]",0.9801282380756579,0.02993292547762394,0.9956219312906399,0,0,278.0806579589844,0.6689814100691843,0.0948848865841917,0.39751148223876953,155648,0,0,0.9708635138625955,0.096695135175648,1.7262077383160408,"[38, 4096]",0.9768644634046053,0.03314208984375,0.9923799185897487,0,0,278.0806579589844,0.5581916128702081,0.08765626474974764,0.34836387634277344,98304,0,0,0.9910523087042088,"{""min"": 0.8350525061167009, ""p1"": 0.8720692241040807, ""p5"": 0.9962327509443546, ""p25"": 0.9985012653983811, ""median"": 0.9988890980118486, ""p75"": 0.9991154887782658, ""p95"": 0.9992832118621631, ""p99"": 0.9994676209106241, ""max"": 0.9995204289140384}",0.12322280522619139,1.5005006826900888,"[24, 4096]",0.9789021809895834
R0_vs_O3r,A095,0.999651022555884,0,0,0.0027260184288024902,0.00040753121409560413,0.06653236312075271,0.0002364814281463623,192512,0,0,1.0004599664913723,0.026428913963048733,0.000628898894582503,"[47, 4096]",0.9775806183510638,0.029868267476558685,0.9959291440449047,0,0,278.0806579589844,0.6381468509635523,0.09360628602386363,0.403092622756958,192512,0,0,0.9744932846232186,0.0926533113878282,1.5761094987397037,"[47, 4096]",0.9769884474734043,0.03217477351427078,0.9942834535069108,0,0,278.0806579589844,0.5444911248952408,0.08780666990655302,0.36786937713623047,135168,0,0,0.99474519986922,"{""min"": 0.8350525061167009, ""p1"": 0.8865540267947946, ""p5"": 0.9968909138894471, ""p25"": 0.9984214841552673, ""median"": 0.9986490963179837, ""p75"": 0.9991613888476351, ""p95"": 0.9993800395015776, ""p99"": 0.9994716608068133, ""max"": 0.9994881562257711}",0.10677372004418793,1.320670277406947,"[33, 4096]",0.9785230232007576
R0_vs_O3r,A096,0.9995782063546061,0,0,0.0027260184288024902,0.0004265736143630371,0.07381772057077139,0.0002288222312927246,151552,0,0,1.000674434159115,0.029062193590764177,0.0006755910925963069,"[37, 4096]",0.9758234797297297,0.02943544089794159,0.9956544202272709,0,0,278.0806579589844,0.6832438038388343,0.0961255801731948,0.404111385345459,151552,0,0,0.9708548274839724,0.09637061420438675,1.7484014886634462,"[37, 4096]",0.9761665962837838,0.03248131647706032,0.9925419924614428,0,0,278.0806579589844,0.5763185160127329,0.0893378752262116,0.35520362854003906,94208,0,0,0.990648585793837,"{""min"": 0.8350525061167009, ""p1"": 0.8704598015828903, ""p5"": 0.9961362104012382, ""p25"": 0.9985271577746592, ""median"": 0.9988361475972971, ""p75"": 0.9991504151657846, ""p95"": 0.999396970022438, ""p99"": 0.9994283746172486, ""max"": 0.9994315125188751}",0.12191791578549413,1.5309772749084418,"[23, 4096]",0.9778681216032609
R0_vs_O3r,A097,0.9996578648932216,0,0,0.0027260184288024902,0.00038802124683456896,0.06288346636975879,0.00021898746490478516,163840,0,0,1.0005256884849965,0.026170714069589762,0.0006175685496405632,"[40, 4096]",0.98031005859375,0.02950439415872097,0.9957313481579969,0,0,278.0806579589844,0.6618198804701023,0.09569800217446843,0.39703595638275146,163840,0,0,0.9702592041930177,0.09574921625596583,1.6968586997516486,"[40, 4096]",0.976531982421875,0.03223595395684242,0.9930160831774169,0,0,278.0806579589844,0.5556961671176955,0.0894632596451306,0.35118889808654785,106496,0,0,0.9869373169458822,"{""min"": 0.8350525061167009, ""p1"": 0.8752880691464615, ""p5"": 0.9963829081489294, ""p25"": 0.9981150779389272, ""median"": 0.9986827998112457, ""p75"": 0.9990323679783479, ""p95"": 0.9994481800476043, ""p99"": 0.9994869686839508, ""max"": 0.9994881562257711}",0.11813555751711047,1.4672985790974133,"[26, 4096]",0.9782339242788461
R0_vs_O3r,A098,0.9996118826112829,0,0,0.0027260184288024902,0.0004124863763222276,0.06857477909937147,0.00022460147738456726,172032,0,0,1.0005686734777097,0.02787471239472999,0.0006510286204731566,"[42, 4096]",0.9784226190476191,0.0309477299451828,0.9958948240745457,0,0,278.0806579589844,0.6444865931458653,0.09191662300053594,0.3899197578430176,172032,0,0,0.9721242776153811,0.09358706246323395,1.652070436343617,"[42, 4096]",0.9778180803571429,0.0342058464884758,0.993877440714468,0,0,278.0806579589844,0.5372765013707976,0.08423652963632741,0.3453037142753601,114688,0,0,0.9903113411707806,"{""min"": 0.8350525061167009, ""p1"": 0.8785069141888424, ""p5"": 0.9963815493914182, ""p25"": 0.99857025283746, ""median"": 0.9990544971086857, ""p75"": 0.999148202213361, ""p95"": 0.9993751716806333, ""p99"": 0.9994981837269918, ""max"": 0.9995204289140384}",0.11054569148010802,1.4070746980849513,"[28, 4096]",0.98004150390625
R0_vs_O3r,A099,0.999629428382127,0,0,0.0027260184288024902,0.00042637016904759653,0.06836032577414747,0.0002451017498970032,176128,0,0,1.0005304177033523,0.027236330409557797,0.0006504694604680262,"[43, 4096]",0.9782885174418605,0.029819222167134285,0.9958275043412091,0,0,278.0806579589844,0.6483759079937319,0.09408151683653353,0.3962365388870239,176128,0,0,0.9711428313515512,0.09453525627068952,1.6450137690053903,"[43, 4096]",0.9770337481831395,0.032420191913843155,0.9936001851501947,0,0,278.0806579589844,0.5467403162064298,0.08771137544019315,0.355072021484375,118784,0,0,0.987775681002313,"{""min"": 0.8350525061167009, ""p1"": 0.8801163367100329, ""p5"": 0.9966346340811337, ""p25"": 0.9984162502959611, ""median"": 0.9986459515192322, ""p75"": 0.9989078967222635, ""p95"": 0.9994303571590804, ""p99"": 0.9994745226668644, ""max"": 0.9994881562257711}",0.11310436294886374,1.403995998596617,"[29, 4096]",0.9788018588362069
R0_vs_O3r,A100,0.9996091716294728,0,0,0.0027260184288024902,0.00040370086105974987,0.06741612437306574,0.00021589547395706177,151552,0,0,1.0006153662641668,0.02797349498868053,0.000650427351228446,"[37, 4096]",0.9793404244087838,0.028643634170293808,0.9955916770613289,0,0,278.0806579589844,0.6755539420403668,0.09720583036911115,0.39865970611572266,151552,0,0,0.9707224506170955,0.09703448351047257,1.7477098282608141,"[37, 4096]",0.9759356524493243,0.03120754100382328,0.9921727398425304,0,0,278.0806579589844,0.5639478687717201,0.09107566901964223,0.3490633964538574,94208,0,0,0.9911941663115745,"{""min"": 0.8350525061167009, ""p1"": 0.8704598015828903, ""p5"": 0.9961473803194701, ""p25"": 0.9984338121556046, ""median"": 0.9988935330298931, ""p75"": 0.9990484692183961, ""p95"": 0.9994001021832281, ""p99"": 0.9994257253924801, ""max"": 0.9994315125188751}",0.12487678695226645,1.5297063098263515,"[23, 4096]",0.9774966032608695
O0_vs_O3r,A001,0.9995564935487856,0,0,0.0027260184288024902,0.00043349634256628633,0.07782505958689766,0.00023120641708374023,122880,0,0,1.0006751672827332,0.02980046367726252,0.0006714865796497209,"[30, 4096]",0.9733235677083333,0.03026529960334301,0.9974845615205687,0,0,157.94970703125,0.6666708242610184,0.09373306279433401,0.4107811450958252,122880,0,0,0.9873477279200764,0.07160520179122988,1.3497140802210885,"[30, 4096]",0.9778076171875,0.0340118408203125,0.9969827369960966,0,0,75.49481201171875,0.5553464169383915,0.08688480705729909,0.3643852472305298,65536,0,0,0.9976254075226743,"{""min"": 0.9658916011089675, ""p1"": 0.970507067491019, ""p5"": 0.9889689330192247, ""p25"": 0.998395059256561, ""median"": 0.9988729564911558, ""p75"": 0.9991240453506032, ""p95"": 0.9993624808651103, ""p99"": 0.9993914853578643, ""max"": 0.9993987364810528}",0.07762625301518723,0.9670433996140135,"[16, 4096]",0.979736328125
O0_vs_O3r,A002,0.9995967042107942,0,0,0.0027260184288024902,0.0003999785995626054,0.07269930620546827,0.00020823627710342407,126976,0,0,1.0006730985494532,0.02841808501097704,0.0006394449324537718,"[31, 4096]",0.9750189012096774,0.0317225307226181,0.9974804142991761,0,0,157.94970703125,0.65325357751047,0.09337282949101486,0.4013493061065674,126976,0,0,0.9875634661321826,0.07163217817777341,1.3282209007266674,"[31, 4096]",0.9776178175403226,0.03644875809550285,0.9969753127347012,0,0,75.49481201171875,0.5374281674122519,0.0866307496063662,0.35171961784362793,69632,0,0,0.9985448276356014,"{""min"": 0.9658916011089675, ""p1"": 0.9708147652498225, ""p5"": 0.9905074218132419, ""p25"": 0.9984115553906548, ""median"": 0.9990073808195018, ""p75"": 0.9991900900722717, ""p95"": 0.9993700225177736, ""p99"": 0.9994328284633017, ""max"": 0.9994485299496838}",0.07773473595870152,0.9393432509353556,"[17, 4096]",0.9792767693014706
O0_vs_O3r,A003,0.9995468553243786,0,0,0.0027260184288024902,0.0004250261828777487,0.07825676345132729,0.0002185441553592682,122880,0,0,1.000704935213359,0.03012349847170677,0.0006661991677940446,"[30, 4096]",0.9728271484375,0.02939453162252903,0.99746168462769,0,0,157.94970703125,0.66233684204902,0.09363846842888988,0.4059414863586426,122880,0,0,0.9877293193711498,0.0718672848602095,1.3441205315380864,"[30, 4096]",0.977783203125,0.032379150390625,0.9968701568590099,0,0,75.49481201171875,0.5472202002908944,0.08670744262209137,0.3582136034965515,65536,0,0,1.0000608528853068,"{""min"": 0.9658916011089675, ""p1"": 0.970507067491019, ""p5"": 0.9889689330192247, ""p25"": 0.9983307448462442, ""median"": 0.9988565940351182, ""p75"": 0.9992841750902437, ""p95"": 0.9993574983320817, ""p99"": 0.9993745447455671, ""max"": 0.9993788063489385}",0.07912060986256808,0.952323610191394,"[16, 4096]",0.9796905517578125
O0_vs_O3r,A004,0.9995615310049443,0,0,0.0027260184288024902,0.00043552260687818034,0.07731589110621782,0.00023695826530456543,131072,0,0,1.0007375578396802,0.029633237659228137,0.0006687867248029174,"[32, 4096]",0.9738998413085938,0.0307769775390625,0.9975075456948912,0,0,157.94970703125,0.6596683527524192,0.09331077831300261,0.41400814056396484,131072,0,0,0.9877956120731008,0.0712251215262426,1.3193262837062725,"[32, 4096]",0.9777755737304688,0.0345052070915699,0.9971412243979095,0,0,75.49481201171875,0.5552669572922847,0.08689499639460271,0.37354230880737305,73728,0,0,0.9981921322068863,"{""min"": 0.9658916011089675, ""p1"": 0.9711224630086258, ""p5"": 0.992045910607259, ""p25"": 0.9982773806706015, ""median"": 0.9988596962110653, ""p75"": 0.9991675037485044, ""p95"": 0.9993012333329022, ""p99"": 0.999340561904246, ""max"": 0.9993503940470819}",0.07556773791415106,0.9431278636502647,"[18, 4096]",0.9794650607638888
O0_vs_O3r,A005,0.9995723510662052,0,0,0.0027260184288024902,0.00041819010029087167,0.07468232070977522,0.0002202056348323822,131072,0,0,1.000685801422711,0.029263539698329122,0.0006535018359036441,"[32, 4096]",0.974578857421875,0.030914306640625,0.9975287892302692,0,0,157.94970703125,0.6522836082987737,0.09229065116776555,0.40379655361175537,131072,0,0,0.9875123115982092,0.0709693207023029,1.3157538410142615,"[32, 4096]",0.9785232543945312,0.0347493477165699,0.9972139482910239,0,0,75.49481201171875,0.5421385227080262,0.08508143702529239,0.35822319984436035,73728,0,0,0.9970280177615989,"{""min"": 0.9658916011089675, ""p1"": 0.9711224630086258, ""p5"": 0.992045910607259, ""p25"": 0.9984525178657048, ""median"": 0.9988849953823979, ""p75"": 0.9992752322025966, ""p95"": 0.9994027943248671, ""p99"": 0.9994288811286642, ""max"": 0.9994354028296135}",0.07459474447967952,0.9342134386739392,"[18, 4096]",0.9807942708333334
O0_vs_O3r,A006,0.99958569035859,0,0,0.0027260184288024902,0.00042169525871334673,0.07377812196695949,0.00022978335618972778,135168,0,0,1.0006667602122175,0.028803061336775477,0.0006520581331324238,"[33, 4096]",0.9754083806818182,0.030931876972317696,0.9975248242489956,0,0,157.94970703125,0.6468162399274716,0.09150750414353466,0.4073472023010254,135168,0,0,0.9882429214360163,0.07092516286086868,1.2982354355692831,"[33, 4096]",0.9782049005681818,0.03457802161574364,0.9972341057791354,0,0,75.49481201171875,0.5384396768836986,0.08410066662228471,0.3657853603363037,77824,0,0,0.9996142881286695,"{""min"": 0.9658916011089675, ""p1"": 0.9714301607674293, ""p5"": 0.9935843994012762, ""p25"": 0.9985247754824965, ""median"": 0.9988545294542679, ""p75"": 0.9990925814350006, ""p95"": 0.9992250778277371, ""p99"": 0.999325330803213, ""max"": 0.9993503940470819}",0.0743626488158237,0.9156426319923874,"[19, 4096]",0.9801218133223685
O0_vs_O3r,A007,0.9995793945668601,0,0,0.0027260184288024902,0.00041481792857969897,0.07550617092836426,0.00022172927856445312,122880,0,0,1.000707475808266,0.02902251754478317,0.000652532212057814,"[30, 4096]",0.9739013671875,0.03017578087747097,0.9974557599832542,0,0,157.94970703125,0.6786678581773837,0.09485315690632425,0.41917067766189575,122880,0,0,0.987011730232074,0.0720491820472056,1.3679704574189837,"[30, 4096]",0.9773193359375,0.033843994140625,0.9968787849908564,0,0,75.49481201171875,0.5778408555315764,0.08898498351728079,0.3774559497833252,65536,0,0,0.9956573203293082,"{""min"": 0.9658916011089675, ""p1"": 0.970507067491019, ""p5"": 0.9889689330192247, ""p25"": 0.9982430333299431, ""median"": 0.998684308145185, ""p75"": 0.9988573709968828, ""p95"": 0.9993756007266428, ""p99"": 0.9994360928870749, ""max"": 0.9994512159271829}",0.07895682371443852,1.0140025643617046,"[16, 4096]",0.97882080078125
O0_vs_O3r,A008,0.9995690343331737,0,0,0.0027260184288024902,0.0004247600852550242,0.0756634927960576,0.00022592023015022278,126976,0,0,1.0007094883806216,0.029377648607086384,0.0006614014160290831,"[31, 4096]",0.9744833669354839,0.030399445444345474,0.9975239534029455,0,0,157.94970703125,0.6617535321756511,0.0929425068901924,0.40713000297546387,126976,0,0,0.9866861510450616,0.07115771460149013,1.337267863557692,"[31, 4096]",0.977783203125,0.034036073833703995,0.9971612022127984,0,0,75.49481201171875,0.5529280847428762,0.08584604368721938,0.3612067699432373,69632,0,0,0.9939663800740868,"{""min"": 0.9658916011089675, ""p1"": 0.9708147652498225, ""p5"": 0.9905074218132419, ""p25"": 0.9985482958988742, ""median"": 0.9989100812333193, ""p75"": 0.9991080175399542, ""p95"": 0.9993571009877379, ""p99"": 0.9993785580371518, ""max"": 0.9993839222995052}",0.0753640742663609,0.9624652642596718,"[17, 4096]",0.9795783547794118
O0_vs_O3r,A009,0.9995830061781212,0,0,0.0027260184288024902,0.00041651889041256226,0.0731059950110618,0.0002240389585494995,135168,0,0,1.0006685091255978,0.028896229452283595,0.0006478021341430058,"[33, 4096]",0.9756821141098485,0.03186405077576637,0.997591438544084,0,0,157.94970703125,0.6406713381307562,0.0904225967191813,0.3978433609008789,135168,0,0,0.9879296102158172,0.07003336826249122,1.2965787319280142,"[33, 4096]",0.9787301728219697,0.036197058856487274,0.9974789547284123,0,0,75.49481201171875,0.5277669527104559,0.08221635372735518,0.3519022464752197,77824,0,0,0.9975772045248584,"{""min"": 0.9658916011089675, ""p1"": 0.9714301607674293, ""p5"": 0.9935843994012762, ""p25"": 0.9985801301436987, ""median"": 0.9989589910301298, ""p75"": 0.9993084291373036, ""p95"": 0.9993960573338244, ""p99"": 0.9994887841272954, ""max"": 0.999511965825663}",0.07096297997503524,0.9115563759534567,"[19, 4096]",0.9810341282894737
O0_vs_O3r,A010,0.9995590219230353,0,0,0.0027260184288024902,0.00042235418760033246,0.07577259040889783,0.00021972507238388062,126976,0,0,1.000732216093981,0.029717639153000314,0.0006605591495672217,"[31, 4096]",0.9741683467741935,0.03021830879151821,0.9975149768395438,0,0,157.94970703125,0.654477323029794,0.09377418211503759,0.4027719497680664,126976,0,0,0.9874753951365661,0.07116645404665875,1.3281568900546683,"[31, 4096]",0.9772791708669355,0.03370576724410057,0.9971357849024758,0,0,75.49481201171875,0.5396597033592544,0.08736262792076056,0.3547847270965576,69632,0,0,0.9976068726486356,"{""min"": 0.9658916011089675, ""p1"": 0.9708147652498225, ""p5"": 0.9905074218132419, ""p25"": 0.9983805481869704, ""median"": 0.9988774372224821, ""p75"": 0.9993080594525716, ""p95"": 0.9994318756150635, ""p99"": 0.9994416021347103, ""max"": 0.999444033764622}",0.07563364588983394,0.9391781920747969,"[17, 4096]",0.9786592371323529
O0_vs_O3r,A011,0.9995573789557175,0,0,0.0027260184288024902,0.0004541645280531676,0.0811929890931484,0.0002518594264984131,172032,0,0,1.0007091526343042,0.02977201299516229,0.0006890476282724632,"[42, 4096]",0.9720575241815477,0.0319359190762043,0.9977006984780404,0,0,157.94970703125,0.5940401801135522,0.08745189745262899,0.3862638473510742,172032,0,0,0.9880300283834235,0.06846048580393396,1.179839257641857,"[42, 4096]",0.9799339657738095,0.034912109375,0.9978168230053605,0,0,75.49481201171875,0.494110910998318,0.08039802578918512,0.35178446769714355,114688,0,0,0.9952648938348798,"{""min"": 0.9658916011089675, ""p1"": 0.9741994405966601, ""p5"": 0.9970539338882531, ""p25"": 0.9986772837903839, ""median"": 0.998989599948894, ""p75"": 0.9990909350534374, ""p95"": 0.9993335450846235, ""p99"": 0.9993676740399073, ""max"": 0.9993740652701305}",0.06609160362694023,0.8188797299630498,"[28, 4096]",0.9820992606026786
O0_vs_O3r,A012,0.9995545612198323,0,0,0.0027260184288024902,0.0004406609146804485,0.08093708638726496,0.00023564323782920837,167936,0,0,1.0006703286867047,0.029865098052225286,0.0006808337895557471,"[41, 4096]",0.9715129573170732,0.03183355554938316,0.9976558091406831,0,0,157.94970703125,0.5999060996408477,0.08762894044629468,0.38669562339782715,167936,0,0,0.9886971232151864,0.06901553840520823,1.1968892270044431,"[41, 4096]",0.9798256478658537,0.034866899251937866,0.9977056132824091,0,0,75.49481201171875,0.4993173343873507,0.08040561434758693,0.35064077377319336,110592,0,0,0.997476985311534,"{""min"": 0.9658916011089675, ""p1"": 0.9738917428378567, ""p5"": 0.9969977219658047, ""p25"": 0.9986588471232865, ""median"": 0.9988738666061359, ""p75"": 0.9991201204694824, ""p95"": 0.9993524887741476, ""p99"": 0.9993590216836695, ""max"": 0.9993610016080361}",0.06770200510709537,0.8398681714868897,"[27, 4096]",0.9820149739583334
O0_vs_O3r,A013,0.9995087676420322,0,0,0.0027260184288024902,0.00046736677303842216,0.08318830910120488,0.0002489238977432251,151552,0,0,1.000726014643505,0.0313640733478521,0.0007027638038253437,"[37, 4096]",0.9718644425675675,0.030814506113529205,0.9975911405275552,0,0,157.94970703125,0.6177514804696477,0.09070213919931065,0.3936570882797241,151552,0,0,0.9880269386890488,0.07002421222505939,1.2372168871222156,"[37, 4096]",0.9790830869932432,0.033755093812942505,0.9974858446215844,0,0,75.49481201171875,0.5105314226330728,0.0840932251939678,0.35347819328308105,94208,0,0,0.9972260099201599,"{""min"": 0.9658916011089675, ""p1"": 0.972660951802643, ""p5"": 0.996798057897085, ""p25"": 0.9986859437192592, ""median"": 0.9988897091119936, ""p75"": 0.9990982262278678, ""p95"": 0.9993456855290288, ""p99"": 0.9993607247241879, ""max"": 0.9993636385049102}",0.07086647510379175,0.8583865601093147,"[23, 4096]",0.981201171875
O0_vs_O3r,A014,0.9995336870679483,0,0,0.0027260184288024902,0.0004547724979369004,0.08401110626661834,0.0002430155873298645,159744,0,0,1.0006739000884195,0.03055664415613448,0.0006966949858317644,"[39, 4096]",0.9703400440705128,0.03242688253521919,0.9976905517819699,0,0,157.94970703125,0.6097973167014947,0.08842950576273514,0.38925421237945557,159744,0,0,0.9880271931317596,0.06860716715760144,1.2176961059966525,"[39, 4096]",0.9795547876602564,0.03603515774011612,0.9977932064147922,0,0,75.49481201171875,0.5067005317816802,0.08107663015333744,0.35100698471069336,102400,0,0,0.9955869863113828,"{""min"": 0.9658916011089675, ""p1"": 0.9732763473202498, ""p5"": 0.9969134547656081, ""p25"": 0.9986889540053174, ""median"": 0.9990036669473612, ""p75"": 0.9991450623477179, ""p95"": 0.999333487318032, ""p99"": 0.9993979521560742, ""max"": 0.9994129705062823}",0.06643481496649138,0.8518096616779528,"[25, 4096]",0.981767578125
O0_vs_O3r,A015,0.9994815852510078,0,0,0.0027260184288024902,0.0004861733009911896,0.08963165976445503,0.00025922060012817383,151552,0,0,1.0007768217719837,0.032221706686287994,0.0007282070367327129,"[37, 4096]",0.9683277027027027,0.03109823726117611,0.9976126523330087,0,0,157.94970703125,0.6260871866677523,0.09086474938497047,0.39929401874542236,151552,0,0,0.9879913891613946,0.0697249210119084,1.2478557452430974,"[37, 4096]",0.9787663640202703,0.03421153128147125,0.9975589969225143,0,0,75.49481201171875,0.523941036951763,0.08435481549263789,0.36277031898498535,94208,0,0,0.9963631397202569,"{""min"": 0.9658916011089675, ""p1"": 0.972660951802643, ""p5"": 0.9968003408774807, ""p25"": 0.9983791086946261, ""median"": 0.9988416091601985, ""p75"": 0.9991272584595361, ""p95"": 0.9993502709507515, ""p99"": 0.9994899640037395, ""max"": 0.9995293298889505}",0.0698389413822663,0.8828129594609427,"[23, 4096]",0.9806916610054348
O0_vs_O3r,A016,0.9995737895419143,0,0,0.0027260184288024902,0.00043385456533192506,0.08094981311218777,0.0002393573522567749,159744,0,0,1.0006482819241695,0.029212904591904048,0.0006728194498156715,"[39, 4096]",0.9712352263621795,0.031544219702482224,0.997660699591605,0,0,157.94970703125,0.6206438682620268,0.09018095303343267,0.4007161855697632,159744,0,0,0.9886845559082567,0.06894707858795598,1.22356373553475,"[39, 4096]",0.9789913862179487,0.03465820476412773,0.9977208228824295,0,0,75.49481201171875,0.5236211522161102,0.08380888789562554,0.36661016941070557,102400,0,0,0.9975429880394651,"{""min"": 0.9658916011089675, ""p1"": 0.9732763473202498, ""p5"": 0.9969172049641438, ""p25"": 0.9986887668389353, ""median"": 0.9989548529118272, ""p75"": 0.9990436846960384, ""p95"": 0.999250679125103, ""p99"": 0.9993280328551393, ""max"": 0.9993503940470819}",0.06747733850737885,0.8648270212960513,"[25, 4096]",0.980888671875
O0_vs_O3r,A017,0.9995046974830357,0,0,0.0027260184288024902,0.00045878242862171546,0.08738145397317384,0.00023743882775306702,147456,0,0,1.000731873307161,0.03149389893056744,0.0007068823127041413,"[36, 4096]",0.9686075846354166,0.0319010429084301,0.997577212029903,0,0,157.94970703125,0.6092797304909507,0.09007357963661579,0.37937498092651367,147456,0,0,0.9880723306284617,0.07021430629935783,1.2426233205300525,"[36, 4096]",0.9789835611979166,0.035666726529598236,0.9974322160240245,0,0,75.49481201171875,0.4917949200389971,0.08276426800022424,0.3319580554962158,90112,0,0,0.9982016822509854,"{""min"": 0.9658916011089675, ""p1"": 0.9723532540438395, ""p5"": 0.996725429530923, ""p25"": 0.9987271402713143, ""median"": 0.9990194833506014, ""p75"": 0.9992591699624258, ""p95"": 0.99939164463794, ""p99"": 0.9994585600316724, ""max"": 0.9994757705444581}",0.07162099214391249,0.8501064596295496,"[22, 4096]",0.9811345880681818
O0_vs_O3r,A018,0.9995368506901127,0,0,0.0027260184288024902,0.0004381618226683973,0.08023816432612833,0.00022929906845092773,143360,0,0,1.0006938559305167,0.030453616757592426,0.0006783010860904356,"[35, 4096]",0.9723214285714286,0.03046177513897419,0.9975449642355982,0,0,157.94970703125,0.632752159782675,0.0914804468986631,0.39959144592285156,143360,0,0,0.9876671683451166,0.0707220982427237,1.2697381002732582,"[35, 4096]",0.9788016183035714,0.033447265625,0.9973019872276876,0,0,75.49481201171875,0.5253211207417778,0.08476098431142731,0.35956668853759766,86016,0,0,0.9967226420857921,"{""min"": 0.9658916011089675, ""p1"": 0.9720455562850361, ""p5"": 0.9966613769893105, ""p25"": 0.9985093662731064, ""median"": 0.9987927407752354, ""p75"": 0.999134882177601, ""p95"": 0.9993503940470819, ""p99"": 0.9993670717683347, ""max"": 0.999371241198648}",0.07341036651930415,0.8928057313450698,"[21, 4096]",0.9809337797619048
O0_vs_O3r,A019,0.9995676277139098,0,0,0.0027260184288024902,0.00044040359598272375,0.07812398453961844,0.000244140625,155648,0,0,1.0006661152482685,0.02942387298180422,0.0006719143117195778,"[38, 4096]",0.973388671875,0.03217516466975212,0.9976378494612251,0,0,157.94970703125,0.6092266248474276,0.08938404187780599,0.38649630546569824,155648,0,0,0.987676641597646,0.06941143266411524,1.2283790862582027,"[38, 4096]",0.9791516755756579,0.0357869453728199,0.9976310622846687,0,0,75.49481201171875,0.5015012369744151,0.08228160918514135,0.3467979431152344,98304,0,0,0.9952534805130137,"{""min"": 0.9658916011089675, ""p1"": 0.9729686495614465, ""p5"": 0.9968604742638046, ""p25"": 0.9985949224398121, ""median"": 0.9989412054282156, ""p75"": 0.9990451874413286, ""p95"": 0.9993691956211086, ""p99"": 0.9994647292705476, ""max"": 0.9994922742272496}",0.06883252472374173,0.8575571132712072,"[24, 4096]",0.9812215169270834
O0_vs_O3r,A020,0.9995368161107946,0,0,0.0027260184288024902,0.00046097578527993534,0.08449077054161708,0.0002489238977432251,159744,0,0,1.0006547093709859,0.03045329086381214,0.0007000567425821202,"[39, 4096]",0.9701522435897436,0.03240184113383293,0.997649052275372,0,0,157.94970703125,0.6071778213822071,0.08834952376046691,0.3884185552597046,159744,0,0,0.9881161666871031,0.06918991546239063,1.217405296603243,"[39, 4096]",0.9793920272435898,0.03599609434604645,0.9976751017306393,0,0,75.49481201171875,0.5026141190835915,0.080951858229799,0.3505415916442871,102400,0,0,0.9962695561152435,"{""min"": 0.9658916011089675, ""p1"": 0.9732763473202498, ""p5"": 0.9969192633709316, ""p25"": 0.9986057242015963, ""median"": 0.9988935551111543, ""p75"": 0.9990768442351018, ""p95"": 0.9993732688059245, ""p99"": 0.9993974946222959, ""max"": 0.9994033389780834}",0.06816426442965791,0.8511609631341953,"[25, 4096]",0.981513671875
O0_vs_O3r,A021,0.9995384554325902,0,0,0.0027260184288024902,0.0004588351709194618,0.08140350050274857,0.00025060027837753296,167936,0,0,1.000646623223938,0.03039908135596778,0.0007006051712502869,"[41, 4096]",0.9718642816310976,0.03207174316048622,0.9977343964051957,0,0,157.94970703125,0.5996782529775551,0.08847813741211498,0.3873255252838135,167936,0,0,0.988949899021631,0.06784719319354658,1.194187285029375,"[41, 4096]",0.9791825457317073,0.03522858768701553,0.9979231921360389,0,0,75.49481201171875,0.49897134500975815,0.08169513566605478,0.35079097747802734,110592,0,0,0.9974640844412356,"{""min"": 0.9658916011089675, ""p1"": 0.9738917428378567, ""p5"": 0.9969717389970358, ""p25"": 0.9986785457939877, ""median"": 0.9989870963637274, ""p75"": 0.9991006214667971, ""p95"": 0.9993915921978722, ""p99"": 0.9993979379635008, ""max"": 0.9993987291985144}",0.0644167165951052,0.8340072425775702,"[27, 4096]",0.9810384114583334
O0_vs_O3r,A022,0.9995822998170698,0,0,0.0027260184288024902,0.0004329140880671682,0.07437847736027436,0.000240325927734375,155648,0,0,1.0006322181464031,0.0289193399114721,0.0006552818681415082,"[38, 4096]",0.9755602384868421,0.031005859375,0.9976178525453027,0,0,157.94970703125,0.6145229606870424,0.09000067056510141,0.3938779830932617,155648,0,0,0.9876631467152112,0.06969732025740694,1.2316995224456397,"[38, 4096]",0.9787276418585527,0.033935546875,0.9975671405479369,0,0,75.49481201171875,0.509887102053805,0.08325793794002577,0.35605859756469727,98304,0,0,0.9952789912858765,"{""min"": 0.9658916011089675, ""p1"": 0.9729686495614465, ""p5"": 0.9968597426421459, ""p25"": 0.9985607800941493, ""median"": 0.998860660963871, ""p75"": 0.9990918724656341, ""p95"": 0.9993211431397502, ""p99"": 0.9993703896001247, ""max"": 0.9993763622977868}",0.06974980807183408,0.8650651505789352,"[24, 4096]",0.9805501302083334
O0_vs_O3r,A023,0.9996039314413518,0,0,0.0027260184288024902,0.00042185533580517843,0.07257743950981477,0.00023776665329933167,143360,0,0,1.000602673975066,0.02815986032711215,0.0006480399784663791,"[35, 4096]",0.9756975446428572,0.03111746720969677,0.99756564995487,0,0,157.94970703125,0.6354032192868284,0.09084819964377683,0.39922332763671875,143360,0,0,0.9874112285262573,0.07046904501032945,1.2781084968914416,"[35, 4096]",0.9784319196428571,0.0345400869846344,0.9973794156976988,0,0,75.49481201171875,0.5297395532487004,0.08370723888661688,0.3587174415588379,86016,0,0,0.9952215505700024,"{""min"": 0.9658916011089675, ""p1"": 0.9720455562850361, ""p5"": 0.9966613769893105, ""p25"": 0.9984888780211366, ""median"": 0.9987643769168123, ""p75"": 0.999079525100989, ""p95"": 0.9993385013936869, ""p99"": 0.999348015516403, ""max"": 0.9993503940470819}",0.07238064329933419,0.9124945030830965,"[21, 4096]",0.9803176153273809
O0_vs_O3r,A024,0.9994742259787242,0,0,0.0027260184288024902,0.0004890092096923958,0.08897725218923572,0.00025850534439086914,167936,0,0,1.0007289940163828,0.032447589233394934,0.0007374452944320756,"[41, 4096]",0.9686606802591463,0.03251834213733673,0.9977962816845247,0,0,157.94970703125,0.6002036590230202,0.08808528060432519,0.38806843757629395,167936,0,0,0.9884980258134349,0.06700028222911518,1.1942084995977353,"[41, 4096]",0.9796053258384146,0.03590675815939903,0.9980644125796457,0,0,75.49481201171875,0.49976918381953844,0.0810985753282999,0.3523988723754883,110592,0,0,0.9956937356433005,"{""min"": 0.9658916011089675, ""p1"": 0.9738917428378567, ""p5"": 0.9969878600191647, ""p25"": 0.9987512109082252, ""median"": 0.9990433272506883, ""p75"": 0.9992387975509547, ""p95"": 0.9995093083393473, ""p99"": 0.9995849356357803, ""max"": 0.9995932922136473}",0.06223382079853581,0.8340533688926348,"[27, 4096]",0.9816804108796297
O0_vs_O3r,A025,0.9995491919598882,0,0,0.0027260184288024902,0.0004392090642871456,0.07678860407133632,0.00023510679602622986,147456,0,0,1.0006555009635543,0.030043914058354743,0.0006841854545377119,"[36, 4096]",0.9741143120659722,0.0322536900639534,0.9976195555809144,0,0,157.94970703125,0.6238507490272442,0.08963531742616081,0.3945004940032959,147456,0,0,0.9873014085156234,0.06972579494993493,1.2609507053577713,"[36, 4096]",0.9790920681423612,0.03624378517270088,0.9975632397666603,0,0,75.49481201171875,0.5156384049165684,0.08204711165584336,0.353177547454834,90112,0,0,0.9943019728111973,"{""min"": 0.9658916011089675, ""p1"": 0.9723532540438395, ""p5"": 0.9967255270500064, ""p25"": 0.9986200433460416, ""median"": 0.9989423810899021, ""p75"": 0.9991546324317752, ""p95"": 0.9993039519959696, ""p99"": 0.9993408972748788, ""max"": 0.9993503940470819}",0.0698442447765024,0.893176266979564,"[22, 4096]",0.9813121448863636
O0_vs_O3r,A026,0.9996045887285672,0,0,0.0027260184288024902,0.0004136327912001926,0.07471607534208896,0.0002261921763420105,151552,0,0,1.0006116944521677,0.028136816712816957,0.0006508609439895371,"[37, 4096]",0.9742464632601351,0.03142815828323364,0.9976436274656066,0,0,157.94970703125,0.6262041283045766,0.08987775537034674,0.39908337593078613,151552,0,0,0.987523962995493,0.06935128107147252,1.251116522901791,"[37, 4096]",0.9791886613175675,0.03474227339029312,0.9976447358481211,0,0,75.49481201171875,0.5241291604544803,0.08276704251259108,0.3619515895843506,94208,0,0,0.9945066955956783,"{""min"": 0.9658916011089675, ""p1"": 0.972660951802643, ""p5"": 0.9967943361210685, ""p25"": 0.9986208325266166, ""median"": 0.9988739848648185, ""p75"": 0.9990862539489097, ""p95"": 0.999340319713491, ""p99"": 0.9993909492118485, ""max"": 0.9994023878480647}",0.06866460755847156,0.8902063398048644,"[23, 4096]",0.9813710088315217
O0_vs_O3r,A027,0.9994603170970193,0,0,0.0027260184288024902,0.00048496150427461925,0.08741467642317176,0.0002450980246067047,155648,0,0,1.0006897172600724,0.03287226753794734,0.0007496634065844053,"[38, 4096]",0.9693989000822368,0.03207236900925636,0.9976930872106846,0,0,157.94970703125,0.6152440420582934,0.08992161103655401,0.3922500014305115,155648,0,0,0.9880567310855676,0.0685664866489841,1.2317446553419842,"[38, 4096]",0.9789782072368421,0.0356241874396801,0.9978021520737825,0,0,75.49481201171875,0.5110288142249525,0.08313276035315907,0.35405635833740234,98304,0,0,0.9957167108804436,"{""min"": 0.9658916011089675, ""p1"": 0.9729686495614465, ""p5"": 0.9967628444711681, ""p25"": 0.9987147832045453, ""median"": 0.9989619204280961, ""p75"": 0.9992171350341688, ""p95"": 0.9995354115987442, ""p99"": 0.9995575570454339, ""max"": 0.9995586498483733}",0.06629641303946829,0.8651668934372175,"[24, 4096]",0.9809468587239584
O0_vs_O3r,A028,0.9995423234290425,0,0,0.0027260184288024902,0.00044388093848673246,0.0780272759065425,0.00023552775382995605,143360,0,0,1.0006777980397095,0.0302726440315965,0.0006916977428904051,"[35, 4096]",0.9736746651785714,0.03065011091530323,0.9975935919364071,0,0,157.94970703125,0.6334588783925158,0.09090436494194191,0.39836812019348145,143360,0,0,0.9877204847995636,0.07003216098303093,1.2755601980149156,"[35, 4096]",0.9783203125,0.0337611623108387,0.9974860284710021,0,0,75.49481201171875,0.5264989850915126,0.08380084771689204,0.3565521240234375,86016,0,0,0.9960372949211169,"{""min"": 0.9658916011089675, ""p1"": 0.9720455562850361, ""p5"": 0.9966613769893105, ""p25"": 0.9985464696161762, ""median"": 0.9989998697470948, ""p75"": 0.9991669032640552, ""p95"": 0.9993931472228054, ""p99"": 0.9994005062481256, ""max"": 0.9994023460044557}",0.07087821833289358,0.9065320547999305,"[21, 4096]",0.9801316034226191
O0_vs_O3r,A029,0.9995021346661016,0,0,0.0027260184288024902,0.0004725772232632153,0.08294092348459428,0.0002548210322856903,155648,0,0,1.0007003046664213,0.031574014778853236,0.0007227192534382564,"[38, 4096]",0.9714676706414473,0.031185751780867577,0.997681462202374,0,0,157.94970703125,0.6207512509777547,0.09003505743158335,0.3979640007019043,155648,0,0,0.9869078819626301,0.0689040638055302,1.242841491392166,"[38, 4096]",0.9792865953947368,0.0342203788459301,0.9977432455376739,0,0,75.49481201171875,0.5197485616807663,0.0833123838119555,0.361083984375,98304,0,0,0.9921642421605079,"{""min"": 0.9658916011089675, ""p1"": 0.9729686495614465, ""p5"": 0.9968531491394673, ""p25"": 0.998733044679279, ""median"": 0.9988846489020488, ""p75"": 0.9990026959442063, ""p95"": 0.9993500962536572, ""p99"": 0.9993561465222685, ""max"": 0.9993578647940774}",0.0673761178952388,0.8899394408461417,"[24, 4096]",0.9814351399739584
O0_vs_O3r,A030,0.999549069291424,0,0,0.0027260184288024902,0.00044265318616193585,0.07737683031333992,0.0002393573522567749,143360,0,0,1.0006411751442366,0.03004747533223988,0.0006871525925334658,"[35, 4096]",0.9738071986607143,0.03181501105427742,0.9976216512385869,0,0,157.94970703125,0.6342939213645358,0.0906648991682025,0.4005851745605469,143360,0,0,0.987893735636192,0.06961087071689037,1.2748951666313886,"[35, 4096]",0.9787109375,0.0357026606798172,0.9975850907838124,0,0,75.49481201171875,0.5278907233782125,0.08340173809399302,0.36062371730804443,86016,0,0,0.9963041199240954,"{""min"": 0.9658916011089675, ""p1"": 0.9720455562850361, ""p5"": 0.9966613769893105, ""p25"": 0.998645927122715, ""median"": 0.9989543657142903, ""p75"": 0.9992600961945475, ""p95"": 0.9993503940470819, ""p99"": 0.9993539515592247, ""max"": 0.9993548409372603}",0.06946673687598354,0.9049715345137439,"[21, 4096]",0.9807826450892857
O0_vs_O3r,A031,0.9995970412789466,0,0,0.0027260184288024902,0.000409132197334698,0.07232490303400896,0.00021829083561897278,135168,0,0,1.0006589915587973,0.028405682614096976,0.0006441855736542089,"[33, 4096]",0.9758892637310606,0.030658144503831863,0.9975330785781976,0,0,157.94970703125,0.6510563209392951,0.09236614358208248,0.4103507995605469,135168,0,0,0.9873048521095723,0.07093922581335345,1.305959628828702,"[33, 4096]",0.978079131155303,0.03410258889198303,0.997239379240684,0,0,75.49481201171875,0.5458040281147604,0.08559198775239404,0.3714776039123535,77824,0,0,0.9956809424121382,"{""min"": 0.9658916011089675, ""p1"": 0.9714301607674293, ""p5"": 0.9935843994012762, ""p25"": 0.9985028148684952, ""median"": 0.998783605823278, ""p75"": 0.999125557628854, ""p95"": 0.999204433194687, ""p99"": 0.9992307064737747, ""max"": 0.9992372747935466}",0.0742701098491508,0.9345258369237853,"[19, 4096]",0.9799033717105263
O0_vs_O3r,A032,0.9995650535481286,0,0,0.0027260184288024902,0.00041992608443721226,0.07604063526338985,0.00021829456090927124,126976,0,0,1.0006671091069428,0.02951132412790167,0.000659673107898096,"[31, 4096]",0.9741368447580645,0.030115926638245583,0.9974623310115199,0,0,157.94970703125,0.6603050490901354,0.09385895091617101,0.4082658290863037,126976,0,0,0.9874260534365823,0.0719001048721493,1.3367230394757685,"[31, 4096]",0.9776650705645161,0.03351907059550285,0.9969032115482059,0,0,75.49481201171875,0.5502867332339948,0.08751720632282747,0.3624892234802246,69632,0,0,0.9977276203527967,"{""min"": 0.9658916011089675, ""p1"": 0.9708147652498225, ""p5"": 0.9905074218132419, ""p25"": 0.9983732938269838, ""median"": 0.9987234901254934, ""p75"": 0.9989522808330903, ""p95"": 0.99931096793335, ""p99"": 0.9993246909959616, ""max"": 0.9993281217616145}",0.07864265035431343,0.9610841626121468,"[17, 4096]",0.9793629365808824
O0_vs_O3r,A033,0.9996052599748441,0,0,0.0027260184288024902,0.00041095906864383223,0.07089278474881158,0.0002238154411315918,147456,0,0,1.0006268007785564,0.028113480329533418,0.0006391113708083745,"[36, 4096]",0.9766031901041666,0.0309109166264534,0.9975488262769767,0,0,157.94970703125,0.6213042526471528,0.09043498245164984,0.39439916610717773,147456,0,0,0.9885713637646039,0.07054738851713174,1.2484430164951048,"[36, 4096]",0.9789903428819444,0.03404651954770088,0.9973498724948134,0,0,75.49481201171875,0.5114714108400552,0.08335565442482541,0.3536672592163086,90112,0,0,1.0000024641589362,"{""min"": 0.9658916011089675, ""p1"": 0.9723532540438395, ""p5"": 0.996720334935299, ""p25"": 0.9986160403554111, ""median"": 0.9989065987884767, ""p75"": 0.9991152153952925, ""p95"": 0.9993229918087106, ""p99"": 0.9993920233672261, ""max"": 0.9994102301007394}",0.07280294003072464,0.8639466206431281,"[22, 4096]",0.9811456853693182
O0_vs_O3r,A034,0.9994964082871942,0,0,0.0027260184288024902,0.00045632873748502334,0.08686173592814071,0.00022982805967330933,131072,0,0,1.0007315346727823,0.03175618614045656,0.0007240476914743431,"[32, 4096]",0.9685745239257812,0.03032684326171875,0.9974795650634956,0,0,157.94970703125,0.6529792947668795,0.0935292399551501,0.4072945713996887,131072,0,0,0.9878111172141192,0.0716100283798042,1.312415838251663,"[32, 4096]",0.9779052734375,0.0337049700319767,0.9969991473674065,0,0,75.49481201171875,0.5433752986513254,0.08728337264730936,0.3650350570678711,73728,0,0,0.9991852462330666,"{""min"": 0.9658916011089675, ""p1"": 0.9711224630086258, ""p5"": 0.992045910607259, ""p25"": 0.998569339965702, ""median"": 0.9988326128732383, ""p75"": 0.9991455484462081, ""p95"": 0.9992901101752615, ""p99"": 0.9992942432992028, ""max"": 0.9992952765801881}",0.07744339337164297,0.925828598163193,"[18, 4096]",0.9796956380208334
O0_vs_O3r,A035,0.9995696208244893,0,0,0.0027260184288024902,0.00041982865951316247,0.0763299787231751,0.00021828711032867432,122880,0,0,1.0006892081181524,0.029356883357998922,0.0006631011622470128,"[30, 4096]",0.9737060546875,0.02932942658662796,0.9974573977171679,0,0,157.94970703125,0.6769113837640665,0.09532581422487026,0.4208371639251709,122880,0,0,0.9874480570530065,0.07196475970797793,1.357282094987418,"[30, 4096]",0.976904296875,0.032257080078125,0.9968746954856897,0,0,75.49481201171875,0.5745474660066066,0.08987121598955455,0.3809657096862793,65536,0,0,0.9979990479986314,"{""min"": 0.9658916011089675, ""p1"": 0.970507067491019, ""p5"": 0.9889689330192247, ""p25"": 0.9980803522239687, ""median"": 0.9987978333865734, ""p75"": 0.999006644669254, ""p95"": 0.9992620854464589, ""p99"": 0.9993664964711441, ""max"": 0.9993925992273154}",0.07900699759442667,0.9867042552920723,"[16, 4096]",0.9780426025390625
O0_vs_O3r,A036,0.9995774741209915,0,0,0.0027260184288024902,0.00041669666300947483,0.07487798609335747,0.00022067874670028687,131072,0,0,1.0007151434998522,0.029088958756113257,0.0006532793156536522,"[32, 4096]",0.9743804931640625,0.03182220458984375,0.9975468878023798,0,0,157.94970703125,0.6566685801440713,0.09182384612804417,0.41109180450439453,131072,0,0,0.9880162429440359,0.07064729171881627,1.3151162538169872,"[32, 4096]",0.978790283203125,0.0363633893430233,0.9973100034665234,0,0,75.49481201171875,0.5499340282107773,0.08425156139912102,0.37034130096435547,73728,0,0,0.9986354368694333,"{""min"": 0.9658916011089675, ""p1"": 0.9711224630086258, ""p5"": 0.992045910607259, ""p25"": 0.998384493186657, ""median"": 0.9989443496627061, ""p75"": 0.9991793598522538, ""p95"": 0.9994766352981734, ""p99"": 0.9994865763596883, ""max"": 0.999489061625067}",0.07331107528408966,0.9326160455376392,"[18, 4096]",0.9812689887152778
O0_vs_O3r,A037,0.9995600957942333,0,0,0.0027260184288024902,0.00042564431444702677,0.076496802013486,0.00022286176681518555,131072,0,0,1.0007316357132594,0.029681431933201975,0.0006627959272621708,"[32, 4096]",0.9741668701171875,0.02988433837890625,0.9974487028453948,0,0,157.94970703125,0.6602731617024347,0.09324750915852009,0.4100983142852783,131072,0,0,0.9875083081643968,0.07207563137742257,1.3245568972247854,"[32, 4096]",0.9777984619140625,0.0329182930290699,0.9968690359712137,0,0,75.49481201171875,0.5563421732034234,0.0867825178977449,0.3688969612121582,73728,0,0,0.9977021326213781,"{""min"": 0.9658916011089675, ""p1"": 0.9711224630086258, ""p5"": 0.992045910607259, ""p25"": 0.9979640738080184, ""median"": 0.9987097894978765, ""p75"": 0.9990307797486072, ""p95"": 0.9992167564509441, ""p99"": 0.9992392242607683, ""max"": 0.9992448412132243}",0.07907476950235551,0.9560728472049007,"[18, 4096]",0.9795057508680556
O0_vs_O3r,A038,0.999594120249944,0,0,0.0027260184288024902,0.00040564297422918116,0.07320550881726685,0.00021204352378845215,131072,0,0,1.000670491975837,0.028508829120703915,0.0006447219245248337,"[32, 4096]",0.97503662109375,0.03084564208984375,0.9975735201577883,0,0,157.94970703125,0.652372681416864,0.09162585159766523,0.40439140796661377,131072,0,0,0.9867824681423759,0.07045224399264272,1.3220206024348156,"[32, 4096]",0.9784393310546875,0.0346272774040699,0.9973778111775592,0,0,75.49481201171875,0.5422968749179644,0.08389957112289183,0.3586905002593994,73728,0,0,0.9935658101822146,"{""min"": 0.9658916011089675, ""p1"": 0.9711224630086258, ""p5"": 0.992045910607259, ""p25"": 0.9985414920552136, ""median"": 0.998914210065462, ""p75"": 0.9991352598062456, ""p95"": 0.9993723153046663, ""p99"": 0.9994205701100591, ""max"": 0.9994326338114073}",0.07247091224932642,0.9498115363284886,"[18, 4096]",0.9806450737847222
O0_vs_O3r,A039,0.9995725569958399,0,0,0.0027260184288024902,0.00042207260554171037,0.07857940032598376,0.00022499263286590576,139264,0,0,1.000696498198191,0.029256905930480557,0.0006644942515202729,"[34, 4096]",0.9719022863051471,0.03166647627949715,0.9976246968784683,0,0,157.94970703125,0.6390799332476116,0.09021957332662207,0.40107762813568115,139264,0,0,0.9878024901382854,0.06958045647587642,1.2902284541608218,"[34, 4096]",0.9789392807904411,0.03564453125,0.997592552699893,0,0,75.49481201171875,0.5307067836801252,0.08228152610959578,0.35834503173828125,81920,0,0,0.9961205023810835,"{""min"": 0.9658916011089675, ""p1"": 0.9717378585262327, ""p5"": 0.9951228881952933, ""p25"": 0.9984916765432268, ""median"": 0.9990222240231796, ""p75"": 0.999220063087345, ""p95"": 0.9993413179715775, ""p99"": 0.9994966464739692, ""max"": 0.9995354785995672}",0.0693632880553748,0.9195206852179102,"[20, 4096]",0.9812744140625
O0_vs_O3r,A040,0.9995947647451233,0,0,0.0027260184288024902,0.0004086234319657933,0.07319950510916488,0.00021829083561897278,131072,0,0,1.000690711041806,0.028486968817810706,0.0006460248716470133,"[32, 4096]",0.9752655029296875,0.030120849609375,0.9974609472871602,0,0,157.94970703125,0.6647795075937211,0.09338456362061615,0.417358934879303,131072,0,0,0.9880905196236698,0.07182940589757719,1.3388244433496905,"[32, 4096]",0.9775619506835938,0.0333387590944767,0.9969934209578244,0,0,75.49481201171875,0.5643534547879325,0.08702617027480458,0.37857866287231445,73728,0,0,0.9988116972186797,"{""min"": 0.9658916011089675, ""p1"": 0.9711224630086258, ""p5"": 0.992045910607259, ""p25"": 0.9982738454922253, ""median"": 0.998765380400304, ""p75"": 0.9990652440401517, ""p95"": 0.9992542328653244, ""p99"": 0.999328904868423, ""max"": 0.9993475728691976}",0.0775075783093199,0.9907727769810173,"[18, 4096]",0.9790852864583334
O0_vs_O3r,A041,0.9996102771700172,0,0,0.0027260184288024902,0.0004145083454111442,0.0690857974218595,0.00022977590560913086,159744,0,0,1.0005344254969857,0.027931126475886584,0.0006370109181410633,"[39, 4096]",0.9778645833333334,0.032733622938394547,0.9976848492764987,0,0,157.94970703125,0.5906681311605961,0.08740846013568375,0.3718113899230957,159744,0,0,0.9886696406001362,0.06860186230422985,1.2039230589140808,"[39, 4096]",0.9795422676282052,0.03651367127895355,0.9978024808387924,0,0,75.49481201171875,0.4768590023378783,0.07948379897513723,0.3276463747024536,102400,0,0,0.9981200557053981,"{""min"": 0.9658916011089675, ""p1"": 0.9732763473202498, ""p5"": 0.996878599167437, ""p25"": 0.9987234901254934, ""median"": 0.9990227215895263, ""p75"": 0.9992953840801451, ""p95"": 0.9994339909032601, ""p99"": 0.9995033653344666, ""max"": 0.9995252555992337}",0.0662594150724872,0.8207002516631063,"[25, 4096]",0.981748046875
O0_vs_O3r,A042,0.9995796898253974,0,0,0.0027260184288024902,0.0004315702710250156,0.07369215475206944,0.00023780018091201782,147456,0,0,1.0006130161833038,0.029008816796353056,0.0006581506888587335,"[36, 4096]",0.9757419162326388,0.0321112722158432,0.9975937882126099,0,0,157.94970703125,0.6170127418891348,0.08994351359405932,0.3889327049255371,147456,0,0,0.98863470545326,0.06990635796194049,1.2470634377003194,"[36, 4096]",0.9789767795138888,0.0360107421875,0.9975151304629385,0,0,75.49481201171875,0.5044489386905711,0.08255143265785912,0.3459601402282715,90112,0,0,0.9995892872816221,"{""min"": 0.9658916011089675, ""p1"": 0.9723532540438395, ""p5"": 0.9967241647529205, ""p25"": 0.9986614632184346, ""median"": 0.9989841408334995, ""p75"": 0.9992375793545079, ""p95"": 0.9994101585997157, ""p99"": 0.9994953474880738, ""max"": 0.999517648116801}",0.07048309459733017,0.8606800660139332,"[22, 4096]",0.9811234907670454
O0_vs_O3r,A043,0.9996072160575972,0,0,0.0027260184288024902,0.0004150911511905596,0.07091815271363165,0.00023121386766433716,151552,0,0,1.000574632008445,0.028041923956875013,0.0006384847490317267,"[37, 4096]",0.9765559016047297,0.0317118875682354,0.9976133956577192,0,0,157.94970703125,0.6205305943753096,0.08963045293303615,0.3957998752593994,151552,0,0,0.9883237009140927,0.06966929906856788,1.2417760971484209,"[37, 4096]",0.9789841110641891,0.03519871085882187,0.9975708345943779,0,0,75.49481201171875,0.5150021710900071,0.0823692081569175,0.35612952709198,94208,0,0,0.9976694954865638,"{""min"": 0.9658916011089675, ""p1"": 0.972660951802643, ""p5"": 0.996785456543347, ""p25"": 0.9986357419734653, ""median"": 0.9989136048543963, ""p75"": 0.9991391537047687, ""p95"": 0.9993446422734032, ""p99"": 0.9993870641949456, ""max"": 0.9993974070571635}",0.06965945521354863,0.8689127496349971,"[23, 4096]",0.9810419497282609
O0_vs_O3r,A044,0.9995169943409972,0,0,0.0027260184288024902,0.00044347654510090706,0.08024727951976729,0.00022582709789276123,131072,0,0,1.0007163826647194,0.03110010540000605,0.0007005977359485726,"[32, 4096]",0.9722366333007812,0.03150177001953125,0.997498372945605,0,0,157.94970703125,0.6512140042108285,0.09157761025235672,0.40588152408599854,131072,0,0,0.9874930108118839,0.07139400004411191,1.3156629428227695,"[32, 4096]",0.9785308837890625,0.0357937291264534,0.9970785989729742,0,0,75.49481201171875,0.5402370043294569,0.08381380873123226,0.36107730865478516,73728,0,0,0.9974151276661525,"{""min"": 0.9658916011089675, ""p1"": 0.9711224630086258, ""p5"": 0.992045910607259, ""p25"": 0.9985602863734616, ""median"": 0.9987702687751457, ""p75"": 0.9990998652222862, ""p95"": 0.9992389040542005, ""p99"": 0.9992840020749906, ""max"": 0.9992952765801881}",0.07638311804091207,0.9339858245750053,"[18, 4096]",0.9808078342013888
O0_vs_O3r,A045,0.9995775261681829,0,0,0.0027260184288024902,0.0004145449814986381,0.07337191505763396,0.00021829083561897278,135168,0,0,1.00070358925694,0.029086718576955453,0.0006487155365934501,"[33, 4096]",0.9752826112689394,0.03144975006580353,0.9975542512037969,0,0,157.94970703125,0.6419708956801707,0.09108513481937758,0.4008913040161133,135168,0,0,0.9882648192195146,0.07051105907460792,1.2953889146285797,"[33, 4096]",0.9786339962121212,0.03547748923301697,0.9973506282908964,0,0,75.49481201171875,0.5300240789804919,0.08336707779611711,0.35697031021118164,77824,0,0,0.9993855235418174,"{""min"": 0.9658916011089675, ""p1"": 0.9714301607674293, ""p5"": 0.9935843994012762, ""p25"": 0.9986049926079328, ""median"": 0.9989650451223572, ""p75"": 0.9992300791977464, ""p95"": 0.9993812412692014, ""p99"": 0.9994510719762122, ""max"": 0.999468529652965}",0.07277269437389688,0.9086135928778885,"[19, 4096]",0.9808670847039473
O0_vs_O3r,A046,0.9995937227216338,0,0,0.0027260184288024902,0.0004079392940492389,0.07338390121918845,0.00021661818027496338,126976,0,0,1.0006837879346702,0.028523284131993207,0.0006441904217391041,"[31, 4096]",0.9748377646169355,0.029761530458927155,0.9974675117042927,0,0,157.94970703125,0.6685697876220377,0.09436644440981391,0.4209322929382324,126976,0,0,0.9877369548604332,0.07178611865073732,1.3340699577503001,"[31, 4096]",0.977507560483871,0.032872818410396576,0.9969381675726681,0,0,75.49481201171875,0.5653577270274636,0.08844263563476454,0.38294458389282227,69632,0,0,0.9990635126095373,"{""min"": 0.9658916011089675, ""p1"": 0.9708147652498225, ""p5"": 0.9905074218132419, ""p25"": 0.998162420976885, ""median"": 0.9987918730546609, ""p75"": 0.9989593146479022, ""p95"": 0.9993529623615778, ""p99"": 0.9993611758072789, ""max"": 0.9993632291687042}",0.07822280440112384,0.9543382756625969,"[17, 4096]",0.9790757123161765
O0_vs_O3r,A047,0.9995731598110719,0,0,0.0027260184288024902,0.0004229485987597207,0.07502786358472216,0.00022403523325920105,135168,0,0,1.000706585295612,0.02923666941766869,0.0006572322033407872,"[33, 4096]",0.9746537642045454,0.031486742198467255,0.9975614952058288,0,0,157.94970703125,0.6470355447995231,0.09164153786872865,0.4033772945404053,135168,0,0,0.9880789283332273,0.07043424136884319,1.3005112387628825,"[33, 4096]",0.9780717329545454,0.03554173558950424,0.9973748066953219,0,0,75.49481201171875,0.538820574819367,0.08433346203972687,0.3609652519226074,77824,0,0,0.998306820616011,"{""min"": 0.9658916011089675, ""p1"": 0.9714301607674293, ""p5"": 0.9935843994012762, ""p25"": 0.998427979218512, ""median"": 0.9990515726465509, ""p75"": 0.9991823976618083, ""p95"": 0.999375284120262, ""p99"": 0.9994323659340981, ""max"": 0.9994466363875572}",0.07241797856483984,0.9212347820148045,"[19, 4096]",0.9798905222039473
O0_vs_O3r,A048,0.9995592426771789,0,0,0.0027260184288024902,0.0004349421022411929,0.07585629655394921,0.00023265182971954346,139264,0,0,1.0006487911941497,0.029707027697090594,0.0006665731192502422,"[34, 4096]",0.9746740004595589,0.03061092644929886,0.9975314283318973,0,0,157.94970703125,0.635763939338069,0.09191557532042416,0.3996729850769043,139264,0,0,0.9882807098427661,0.07082813905990029,1.2805356238704966,"[34, 4096]",0.9784940831801471,0.03385009616613388,0.99726479297175,0,0,75.49481201171875,0.5250695940339029,0.08516472949905932,0.3575901985168457,81920,0,0,0.9995365041514848,"{""min"": 0.9658916011089675, ""p1"": 0.9717378585262327, ""p5"": 0.9951228881952933, ""p25"": 0.998594842470883, ""median"": 0.9988761697864421, ""p75"": 0.999107995418385, ""p95"": 0.9992841335986028, ""p99"": 0.9993371419573861, ""max"": 0.9993503940470819}",0.07394655753108005,0.8961906742827768,"[20, 4096]",0.980517578125
O0_vs_O3r,A049,0.9996273390752605,0,0,0.0027260184288024902,0.0004103893275220262,0.06894420353272764,0.00023599714040756226,159744,0,0,1.000408405895835,0.027309211608770825,0.0006282701695685345,"[39, 4096]",0.9777331229967948,0.031719502061605453,0.9977113874393315,0,0,157.94970703125,0.6153994150371522,0.08833899615875085,0.3945860266685486,159744,0,0,0.9873651201346809,0.06840345474480064,1.2348909264135695,"[39, 4096]",0.9795109675480769,0.034931641072034836,0.997827698783147,0,0,75.49481201171875,0.5154398051853059,0.0809354351711219,0.3587982654571533,102400,0,0,0.993037193352625,"{""min"": 0.9658916011089675, ""p1"": 0.9732763473202498, ""p5"": 0.996893443292857, ""p25"": 0.9986169371830367, ""median"": 0.9987902256485953, ""p75"": 0.9991625085036137, ""p95"": 0.9993489857981899, ""p99"": 0.9993852533446012, ""max"": 0.9993962615438178}",0.06605174095668648,0.8895884990889817,"[25, 4096]",0.98169921875
O0_vs_O3r,A050,0.9995032150521658,0,0,0.0027260184288024902,0.00045912031815272973,0.08456986747265029,0.00023695826530456543,143360,0,0,1.0007175943964088,0.031540415621481334,0.0007166088805912401,"[35, 4096]",0.9699428013392857,0.03201032429933548,0.9975954279607508,0,0,157.94970703125,0.6330656352851552,0.09046826268188689,0.4011247158050537,143360,0,0,0.9886185954419681,0.06988523187252527,1.2694952434188767,"[35, 4096]",0.9786063058035714,0.0360281802713871,0.9975206331077139,0,0,75.49481201171875,0.5258435799125782,0.08307401061680031,0.3616921901702881,86016,0,0,0.9992341780839832,"{""min"": 0.9658916011089675, ""p1"": 0.9720455562850361, ""p5"": 0.9966613769893105, ""p25"": 0.9985838383541578, ""median"": 0.9990511127706898, ""p75"": 0.9992328924568608, ""p95"": 0.9993653268418183, ""p99"": 0.9994843334540181, ""max"": 0.9995140851070681}",0.07039547400772768,0.8922299536658816,"[21, 4096]",0.9806082589285714
O0_vs_O3r,A051,0.9995871976417116,0,0,0.0027260184288024902,0.0004179478230158191,0.073776505059159,0.00022466108202934265,139264,0,0,1.0006353396445729,0.028749485429286566,0.0006495094007494872,"[34, 4096]",0.9751335592830882,0.031178193166851997,0.9976288007498024,0,0,157.94970703125,0.6282660260484965,0.09035151459671795,0.38941213488578796,139264,0,0,0.9877464495129515,0.06953011419867015,1.2777251303631545,"[34, 4096]",0.9785802504595589,0.03481445461511612,0.9976052809078679,0,0,75.49481201171875,0.5123231414416296,0.08250582626875878,0.3419620990753174,81920,0,0,0.9964508083044529,"{""min"": 0.9658916011089675, ""p1"": 0.9717378585262327, ""p5"": 0.9951228881952933, ""p25"": 0.9986102545228954, ""median"": 0.9990426210682071, ""p75"": 0.9993174729927177, ""p95"": 0.9995259239273045, ""p99"": 0.999619398610924, ""max"": 0.9996427672818288}",0.06917395688932655,0.8893451336593984,"[20, 4096]",0.9806640625
O0_vs_O3r,A052,0.9995387872675224,0,0,0.0027260184288024902,0.00044082098768032866,0.07865940605155614,0.00023695826530456543,147456,0,0,1.0006743735867916,0.030389180707268783,0.000685319095261802,"[36, 4096]",0.9731309678819444,0.03192138671875,0.9976196988610315,0,0,157.94970703125,0.6274642628235496,0.09097790531345123,0.3954166769981384,147456,0,0,0.9880643732054593,0.06961494590106646,1.2580046364874484,"[36, 4096]",0.9784274631076388,0.03570001944899559,0.9975835800234306,0,0,75.49481201171875,0.5215514274923407,0.0842440736532277,0.35538411140441895,90112,0,0,0.9968217042905692,"{""min"": 0.9658916011089675, ""p1"": 0.9723532540438395, ""p5"": 0.9967242775461453, ""p25"": 0.9982962394328754, ""median"": 0.9990566256699096, ""p75"": 0.9992157485969995, ""p95"": 0.9995051454027594, ""p99"": 0.9995148514021907, ""max"": 0.9995159073496152}",0.06948079822705538,0.8863522794588483,"[22, 4096]",0.980224609375
O0_vs_O3r,A053,0.9995448039303058,0,0,0.0027260184288024902,0.0004397632973190671,0.08059749529852395,0.0002351701259613037,143360,0,0,1.0007370401791644,0.030192819729193944,0.0006807877877126745,"[35, 4096]",0.9719656808035714,0.03138253465294838,0.9976354487074475,0,0,157.94970703125,0.63394733501513,0.09061814866328086,0.4017331600189209,143360,0,0,0.988326193951419,0.06935541584046172,1.267104068440997,"[35, 4096]",0.9790736607142857,0.0349818654358387,0.9976437355727482,0,0,75.49481201171875,0.5273130794625364,0.08332382058579023,0.3621706962585449,86016,0,0,0.9978690760250274,"{""min"": 0.9658916011089675, ""p1"": 0.9720455562850361, ""p5"": 0.9966613769893105, ""p25"": 0.9986308294799472, ""median"": 0.9990350955897526, ""p75"": 0.9992494131984134, ""p95"": 0.9995251600779469, ""p99"": 0.9996036357859017, ""max"": 0.9996232547128905}",0.06860778126985576,0.8865467851235553,"[21, 4096]",0.9813871837797619
O0_vs_O3r,A054,0.9994938226647632,0,0,0.0027260184288024902,0.00048108310473351693,0.08583257006081182,0.00026109442114830017,151552,0,0,1.000706456265798,0.031836597419164114,0.0007146809697405836,"[37, 4096]",0.9692250844594594,0.03311074897646904,0.9977777437749383,0,0,157.94970703125,0.6106157846009631,0.08801139663543021,0.3853111267089844,151552,0,0,0.988887449300973,0.06722061709942466,1.232473526692682,"[37, 4096]",0.9791952597128378,0.037449050694704056,0.9980609201189213,0,0,75.49481201171875,0.49905225971388456,0.07976463933033402,0.34296488761901855,94208,0,0,0.9978079701640409,"{""min"": 0.9658916011089675, ""p1"": 0.972660951802643, ""p5"": 0.9967909018500637, ""p25"": 0.9988340001245638, ""median"": 0.9992890657385718, ""p75"": 0.9993900230818619, ""p95"": 0.9995570323570654, ""p99"": 0.9996231606309477, ""max"": 0.9996409340473972}",0.062245190296529855,0.8473383086829243,"[23, 4096]",0.9813816236413043
O0_vs_O3r,A055,0.9995521319957961,0,0,0.0027260184288024902,0.00043919099624482833,0.08079579765301122,0.00023456662893295288,143360,0,0,1.000678108331761,0.02994667336062213,0.0006805196455803265,"[35, 4096]",0.9716448102678571,0.03172433003783226,0.9976492151944328,0,0,157.94970703125,0.6269266869724691,0.09078804263230873,0.3919391632080078,143360,0,0,0.9879260887263096,0.06921403477798321,1.264874364278748,"[35, 4096]",0.9785226004464286,0.0355515256524086,0.9976769398080069,0,0,75.49481201171875,0.5156119993914346,0.0836069772008367,0.34786343574523926,86016,0,0,0.9965322624185518,"{""min"": 0.9658916011089675, ""p1"": 0.9720455562850361, ""p5"": 0.9966613769893105, ""p25"": 0.9985992473924604, ""median"": 0.9991155729513596, ""p75"": 0.9993582581452854, ""p95"": 0.9994835557052457, ""p99"": 0.9996216470333131, ""max"": 0.99965616986533}",0.0681324743544253,0.8812241092911481,"[21, 4096]",0.98046875
O0_vs_O3r,A056,0.9996232183883244,0,0,0.0027260184288024902,0.0004037655337777176,0.07050548363631452,0.00022229552268981934,151552,0,0,1.0006266906415338,0.027466856673659494,0.0006304979928367765,"[37, 4096]",0.976635082347973,0.0322529561817646,0.9976440091589104,0,0,157.94970703125,0.6241806477959766,0.08891289510176217,0.398284912109375,151552,0,0,0.9885388531955249,0.06920502044254802,1.2457064846202341,"[37, 4096]",0.9791358741554054,0.036069124937057495,0.9976724079309928,0,0,75.49481201171875,0.5208739961580369,0.08121487599356367,0.3610913157463074,94208,0,0,0.99776938513631,"{""min"": 0.9658916011089675, ""p1"": 0.972660951802643, ""p5"": 0.9967911290930678, ""p25"": 0.9985282506439128, ""median"": 0.9990133442874568, ""p75"": 0.9992157975720699, ""p95"": 0.9994000716672389, ""p99"": 0.9994153320634015, ""max"": 0.9994166928583228}",0.06818926497442876,0.8779164051742068,"[23, 4096]",0.9812860903532609
O0_vs_O3r,A057,0.9995733580881957,0,0,0.0027260184288024902,0.0004232368107681616,0.07533681787750046,0.00022583454847335815,135168,0,0,1.0007099089146128,0.0292300110856698,0.0006571869891109568,"[33, 4096]",0.9743726325757576,0.030643347650766373,0.9975695426790401,0,0,157.94970703125,0.6494283196458458,0.09118733481599575,0.40507441759109497,135168,0,0,0.9877800676695605,0.07036221528697999,1.304538579142365,"[33, 4096]",0.9785304214015151,0.03407689183950424,0.9973968472043241,0,0,75.49481201171875,0.5429764469208749,0.08354458305340133,0.3624553680419922,77824,0,0,0.9969481220196434,"{""min"": 0.9658916011089675, ""p1"": 0.9714301607674293, ""p5"": 0.9935843994012762, ""p25"": 0.9985060900836953, ""median"": 0.9987727350298339, ""p75"": 0.99919500049816, ""p95"": 0.9994552188216399, ""p99"": 0.999461304427302, ""max"": 0.9994628258287175}",0.0721091571242247,0.931072213970099,"[19, 4096]",0.9806871916118421
O0_vs_O3r,A058,0.9995304321880889,0,0,0.0027260184288024902,0.0004334005224694865,0.07798346981209098,0.00022211670875549316,135168,0,0,1.0007140770169751,0.03066457475611292,0.0006859222080395766,"[33, 4096]",0.9730557528409091,0.03138316795229912,0.9975321481403384,0,0,157.94970703125,0.6401714056049086,0.09109854410492839,0.39932310581207275,135168,0,0,0.988335588074596,0.07081094649532095,1.293909700492571,"[33, 4096]",0.9782418915719697,0.035361841320991516,0.9972634644654961,0,0,75.49481201171875,0.5268986488497734,0.08339036760786328,0.35489797592163086,77824,0,0,1.0001208293420318,"{""min"": 0.9658916011089675, ""p1"": 0.9714301607674293, ""p5"": 0.9935843994012762, ""p25"": 0.9984714077869359, ""median"": 0.999083384582113, ""p75"": 0.9991869442687653, ""p95"": 0.9993625175439268, ""p99"": 0.9993805701919255, ""max"": 0.9993850833539252}",0.07398477530082771,0.9049454873762534,"[19, 4096]",0.9801860608552632
O0_vs_O3r,A059,0.9995904760216457,0,0,0.0027260184288024902,0.0004253380616449119,0.07405147563935492,0.00023473799228668213,143360,0,0,1.0006482738808282,0.028635627863383636,0.0006522520128746977,"[35, 4096]",0.9754673549107142,0.03120814822614193,0.9975532450686482,0,0,157.94970703125,0.6297114758231536,0.09187804958498401,0.3950510025024414,143360,0,0,0.988335961689702,0.07051582493239984,1.2694697758595657,"[35, 4096]",0.9783063616071429,0.034691222012043,0.9973591067906655,0,0,75.49481201171875,0.5202533141425756,0.08542365545529552,0.3525773286819458,86016,0,0,0.9989198993508627,"{""min"": 0.9658916011089675, ""p1"": 0.9720455562850361, ""p5"": 0.9966613769893105, ""p25"": 0.9985621366419928, ""median"": 0.9988688548953909, ""p75"": 0.9991739586916469, ""p95"": 0.9993503940470819, ""p99"": 0.9994074864679331, ""max"": 0.9994217595731459}",0.07264467065891034,0.8921695587059632,"[21, 4096]",0.9801083519345238
O0_vs_O3r,A060,0.9996237941640306,0,0,0.0027260184288024902,0.00039191286140628697,0.07005319956744872,0.000208243727684021,139264,0,0,1.000613013299354,0.027445376579789377,0.0006272068770788405,"[34, 4096]",0.9763111787683824,0.031637754291296005,0.9976156113707746,0,0,157.94970703125,0.6383085197465815,0.09052750616715427,0.39864110946655273,139264,0,0,0.987588137440546,0.06973981777103358,1.284251887816995,"[34, 4096]",0.9783504710477942,0.03559570387005806,0.9975555033667579,0,0,75.49481201171875,0.5293953807283742,0.08280501193850054,0.35572218894958496,81920,0,0,0.9957872448258335,"{""min"": 0.9658916011089675, ""p1"": 0.9717378585262327, ""p5"": 0.9951228881952933, ""p25"": 0.9986141378560429, ""median"": 0.9989779130140157, ""p75"": 0.9992988890932848, ""p95"": 0.9994237332400238, ""p99"": 0.9994975034887447, ""max"": 0.9995159460509249}",0.06990096165978336,0.9051856998338026,"[20, 4096]",0.9802734375
O0_vs_O3r,A061,0.9996020869615185,0,0,0.0027260184288024902,0.0004137907683052151,0.07120126135510729,0.00023217499256134033,159744,0,0,1.0006761110826476,0.028228022778597865,0.0006507783198444589,"[39, 4096]",0.9760929987980769,0.032545823603868484,0.9976794811389498,0,0,157.94970703125,0.6108878201074475,0.08908664972358897,0.38910818099975586,159744,0,0,0.9873536522558742,0.06886418268184648,1.2261720400027407,"[39, 4096]",0.9792417868589743,0.03622070327401161,0.9977448916523151,0,0,75.49481201171875,0.5084017170949664,0.08210177473226939,0.35085439682006836,102400,0,0,0.993470595593553,"{""min"": 0.9658916011089675, ""p1"": 0.9732763473202498, ""p5"": 0.9968949675716569, ""p25"": 0.9984837454555395, ""median"": 0.9989069805756245, ""p75"": 0.9991555922240362, ""p95"": 0.9994175342074666, ""p99"": 0.9994563728069146, ""max"": 0.9994633370888152}",0.06725623233952553,0.8705708709364339,"[25, 4096]",0.981279296875
O0_vs_O3r,A062,0.9995900916040095,0,0,0.0027260184288024902,0.00041894197625584346,0.07333213306161332,0.0002288222312927246,151552,0,0,1.0006393170792256,0.028648728439242585,0.0006595488981807636,"[37, 4096]",0.975124049831081,0.0315205343067646,0.9976532628412781,0,0,157.94970703125,0.6208946082511535,0.08987342787819669,0.3935554027557373,151552,0,0,0.9878198695641096,0.06917125678701294,1.2491244591146193,"[37, 4096]",0.9791622677364865,0.034890878945589066,0.9976809358850108,0,0,75.49481201171875,0.5155877586294082,0.08276008089478448,0.3552248477935791,94208,0,0,0.9953744621881944,"{""min"": 0.9658916011089675, ""p1"": 0.972660951802643, ""p5"": 0.9967829209240076, ""p25"": 0.9985111175379409, ""median"": 0.9990344059098316, ""p75"": 0.9992373761917712, ""p95"": 0.9994159700189166, ""p99"": 0.999510503241592, ""max"": 0.9995351113708075}",0.06810337724755995,0.8856946394151575,"[23, 4096]",0.9813285495923914
O0_vs_O3r,A063,0.9996254772265473,0,0,0.0027260184288024902,0.00039582452189168896,0.07059740926550094,0.00021547824144363403,135168,0,0,1.000553364225547,0.027381859941947116,0.0006272080883651269,"[33, 4096]",0.9759410511363636,0.03103545308113098,0.9975283305118813,0,0,157.94970703125,0.6434386732022231,0.09197357534975706,0.40160107612609863,135168,0,0,0.9878061574212254,0.07093483259855451,1.3019418995300125,"[33, 4096]",0.9780643347537878,0.03475791588425636,0.9972339236972375,0,0,75.49481201171875,0.5325733767819513,0.0849101587173025,0.3580746650695801,77824,0,0,0.9977492702805223,"{""min"": 0.9658916011089675, ""p1"": 0.9714301607674293, ""p5"": 0.9935843994012762, ""p25"": 0.9985003735281014, ""median"": 0.998971048616231, ""p75"": 0.9991207322581589, ""p95"": 0.9992867523133141, ""p99"": 0.9993376657003283, ""max"": 0.9993503940470819}",0.07432877645644942,0.9247378991166455,"[19, 4096]",0.9798776726973685
O0_vs_O3r,A064,0.9995902002502522,0,0,0.0027260184288024902,0.00040884107292802057,0.07412423281321061,0.0002182796597480774,126976,0,0,1.0006730650775908,0.028646189273541324,0.0006447010218001178,"[31, 4096]",0.9744439894153226,0.030832597985863686,0.9975049744455373,0,0,157.94970703125,0.6573068554628868,0.09246909903787666,0.4062056541442871,126976,0,0,0.9875545421703564,0.07129401839473859,1.3299608475082974,"[31, 4096]",0.9781848538306451,0.034825943410396576,0.9970972369492765,0,0,75.49481201171875,0.5448194389725413,0.0849827705447613,0.3610323667526245,69632,0,0,0.9979665100601192,"{""min"": 0.9658916011089675, ""p1"": 0.9708147652498225, ""p5"": 0.9905074218132419, ""p25"": 0.9982876280445058, ""median"": 0.9990277032666731, ""p75"": 0.9992930786291947, ""p95"": 0.999390242415021, ""p99"": 0.9994007170921209, ""max"": 0.9994033357613958}",0.07614365176336416,0.9438218790838515,"[17, 4096]",0.9803107766544118
O0_vs_O3r,A065,0.9995945376570369,0,0,0.0027260184288024902,0.00041236546495773446,0.07671048966317415,0.00022163987159729004,143360,0,0,1.0006490822494427,0.0284933738000988,0.0006529116593696803,"[35, 4096]",0.9727678571428572,0.0313546322286129,0.9975792041882605,0,0,157.94970703125,0.6289808974300936,0.09112658540045156,0.39549732208251953,143360,0,0,0.9874806455009022,0.07026885696152675,1.2726846631663298,"[35, 4096]",0.9784598214285715,0.034935362637043,0.9974265910509609,0,0,75.49481201171875,0.5190356834874754,0.08417121514774141,0.3519543409347534,86016,0,0,0.9955369413676606,"{""min"": 0.9658916011089675, ""p1"": 0.9720455562850361, ""p5"": 0.9966613769893105, ""p25"": 0.998369593140473, ""median"": 0.9988225959277807, ""p75"": 0.9991179995889837, ""p95"": 0.999441608983519, ""p99"": 0.9995198414295328, ""max"": 0.9995393995410362}",0.0717200546596596,0.8997709457845504,"[21, 4096]",0.9803641183035714
O0_vs_O3r,A066,0.9996011774083465,0,0,0.0027260184288024902,0.0004220762132324642,0.07188261588827426,0.00023934245109558105,151552,0,0,1.0005306165166472,0.02825508769945255,0.0006452735642715626,"[37, 4096]",0.976489917652027,0.03210119158029556,0.9977187261612982,0,0,157.94970703125,0.620348334626485,0.08912579142427376,0.3963911533355713,151552,0,0,0.9890935331985101,0.06805686901938787,1.2387378934390831,"[37, 4096]",0.9794591955236487,0.035824984312057495,0.9979053451871116,0,0,75.49481201171875,0.5147089706245068,0.08155736138195191,0.35867881774902344,94208,0,0,0.9988127095648169,"{""min"": 0.9658916011089675, ""p1"": 0.972660951802643, ""p5"": 0.996787301465346, ""p25"": 0.998654756725151, ""median"": 0.9991312889313325, ""p75"": 0.999359220565134, ""p95"": 0.9994800869713595, ""p99"": 0.999578728387557, ""max"": 0.9996047024004581}",0.0646973365534169,0.8619081984085964,"[23, 4096]",0.9818062160326086
O0_vs_O3r,A067,0.9995794441020774,0,0,0.0027260184288024902,0.0004238602198256558,0.07451329394818897,0.00023265182971954346,139264,0,0,1.0006773388315813,0.029019653709489095,0.00065308288776541,"[34, 4096]",0.9747673483455882,0.030065199360251427,0.9975753847867028,0,0,157.94970703125,0.6289810958816467,0.09185711336064131,0.3906435966491699,139264,0,0,0.987475606419958,0.07032323364805088,1.2802280862015665,"[34, 4096]",0.9784797219669118,0.03292236477136612,0.9974046173313241,0,0,75.49481201171875,0.513538760157985,0.08506534416742853,0.3436894416809082,81920,0,0,0.9960709253570222,"{""min"": 0.9658916011089675, ""p1"": 0.9717378585262327, ""p5"": 0.9951228881952933, ""p25"": 0.9985783943404526, ""median"": 0.9989592002276391, ""p75"": 0.9991459943855834, ""p95"": 0.9994956410201902, ""p99"": 0.9995242101472014, ""max"": 0.9995313524289542}",0.07201255488064796,0.89544342169558,"[20, 4096]",0.9804931640625
O0_vs_O3r,A068,0.9996062302911821,0,0,0.0027260184288024902,0.0003963302630296539,0.07174112296638922,0.00021062791347503662,131072,0,0,1.000638637995602,0.028079355917119502,0.0006320260767601922,"[32, 4096]",0.9752349853515625,0.03044891357421875,0.9975196567547393,0,0,157.94970703125,0.6526022770201507,0.09230563427152805,0.40594542026519775,131072,0,0,0.9877791133185456,0.07105921878503955,1.317246569287511,"[32, 4096]",0.9782333374023438,0.0339219830930233,0.9971890848798806,0,0,75.49481201171875,0.542705044879363,0.08510807365420349,0.36346542835235596,73728,0,0,0.998067673139608,"{""min"": 0.9658916011089675, ""p1"": 0.9711224630086258, ""p5"": 0.992045910607259, ""p25"": 0.9985509646473759, ""median"": 0.9989195354215861, ""p75"": 0.9990960464584518, ""p95"": 0.9993522254149111, ""p99"": 0.9993605276157363, ""max"": 0.9993626031659427}",0.07493130796773535,0.9379456515578094,"[18, 4096]",0.9802788628472222
O0_vs_O3r,A069,0.9996151769014582,0,0,0.0027260184288024902,0.00039570081972830365,0.07039485913664555,0.0002130270004272461,139264,0,0,1.0006359452588018,0.027758603644755648,0.0006262521661222301,"[34, 4096]",0.9764547909007353,0.03091251105070114,0.9975951476243846,0,0,157.94970703125,0.6422015449903377,0.0916521232298334,0.4079608917236328,139264,0,0,0.9879503681858018,0.0699781623558397,1.2874343139489344,"[34, 4096]",0.9783648322610294,0.03436279296875,0.9974963034549714,0,0,75.49481201171875,0.5360135236427596,0.08471686094505505,0.36936867237091064,81920,0,0,0.9970802089578387,"{""min"": 0.9658916011089675, ""p1"": 0.9717378585262327, ""p5"": 0.9951228881952933, ""p25"": 0.9985808304420685, ""median"": 0.9989753141730299, ""p75"": 0.9990920320409397, ""p95"": 0.9993966671003911, ""p99"": 0.9995395105306306, ""max"": 0.9995752213881905}",0.0707198538481166,0.9128385911624314,"[20, 4096]",0.9802978515625
O0_vs_O3r,A070,0.9996024521542373,0,0,0.0027260184288024902,0.00040110737331389146,0.0721476775352873,0.00021541863679885864,131072,0,0,1.0006789015800113,0.028215180144787133,0.0006353151651526973,"[32, 4096]",0.9753646850585938,0.03000640869140625,0.9975296878398684,0,0,157.94970703125,0.6499615904062921,0.09297390695990475,0.4033212661743164,131072,0,0,0.9885658857390726,0.07081575831831206,1.3127617503049442,"[32, 4096]",0.9779434204101562,0.0331353098154068,0.9972636322014762,0,0,75.49481201171875,0.5380104908991699,0.08629611398909538,0.3582416772842407,73728,0,0,1.00109810781958,"{""min"": 0.9658916011089675, ""p1"": 0.9711224630086258, ""p5"": 0.992045910607259, ""p25"": 0.9984394471978315, ""median"": 0.9990318207590055, ""p75"": 0.999295602603353, ""p95"": 0.9993737610440571, ""p99"": 0.9994796914303441, ""max"": 0.9995061740269159}",0.07402669175091067,0.9267000370316149,"[18, 4096]",0.9797634548611112
O0_vs_O3r,A071,0.9995820592985005,0,0,0.0027260184288024902,0.0004407392681128794,0.08050678393225436,0.00023935362696647644,323584,0,0,1.0005159681093518,0.02892367394086138,0.0006810736187253546,"[79, 4096]",0.9714231853243671,0.03586394712328911,0.9980276603663567,0,0,157.94970703125,0.4717259936428203,0.07937816503783425,0.3237783908843994,323584,0,0,0.9920559436749802,0.06305910357671857,0.9102664008692953,"[79, 4096]",0.9824249653876582,0.03799203783273697,0.9984445751925826,0,0,75.49481201171875,0.4023349452456387,0.0746006164165488,0.3024773597717285,266240,0,0,0.9997424625949026,"{""min"": 0.9658916011089675, ""p1"": 0.985584257672387, ""p5"": 0.9979042722932899, ""p25"": 0.9988609566972007, ""median"": 0.9990771815069477, ""p75"": 0.999224450995597, ""p95"": 0.9994760379169929, ""p99"": 0.999573381966166, ""max"": 0.9996474565540913}",0.055768403063137406,0.6296413235504362,"[65, 4096]",0.9838942307692308
O0_vs_O3r,A072,0.9995956875780545,0,0,0.0027260184288024902,0.00042136820442701046,0.0764868683142829,0.00023265182971954346,221184,0,0,1.0005548668395414,0.028449629175324995,0.0006645076837721038,"[54, 4096]",0.9729908130787037,0.0345052070915699,0.9978600305196897,0,0,157.94970703125,0.5323578233935088,0.08349070250282188,0.35012102127075195,221184,0,0,0.9901664731031651,0.06583730186578052,1.0584613743043545,"[54, 4096]",0.9810158058449074,0.03748779371380806,0.9981987474338497,0,0,75.49481201171875,0.4408185101608296,0.07716657410597867,0.3179206848144531,163840,0,0,0.9985362446512392,"{""min"": 0.9658916011089675, ""p1"": 0.9778918137023013, ""p5"": 0.9975345279454259, ""p25"": 0.9988297625721426, ""median"": 0.9990969862216508, ""p75"": 0.9992676602354731, ""p95"": 0.9993991732147117, ""p99"": 0.999530381789612, ""max"": 0.9995846440666067}",0.059994787489129786,0.7212716202248445,"[40, 4096]",0.98291015625
O0_vs_O3r,A073,0.999599866675042,0,0,0.0027260184288024902,0.00041375065098579576,0.07491555069628358,0.00022618472576141357,233472,0,0,1.0005087264236565,0.028300752097439822,0.0006605516191374337,"[57, 4096]",0.9735899808114035,0.03463798761367798,0.9978376559956872,0,0,157.94970703125,0.5291011313674653,0.08281889385640415,0.35719454288482666,233472,0,0,0.9907477594887,0.06610808505403999,1.0345369266920297,"[57, 4096]",0.981214021381579,0.037455715239048004,0.9981569382646823,0,0,75.49481201171875,0.4428879635146332,0.0767172553232977,0.3287820816040039,176128,0,0,0.9999243066817377,"{""min"": 0.9658916011089675, ""p1"": 0.9788149069787115, ""p5"": 0.9978742356135367, ""p25"": 0.9988164789824743, ""median"": 0.9989802510409934, ""p75"": 0.9991147321614662, ""p95"": 0.9993502201854798, ""p99"": 0.9993899129878815, ""max"": 0.9994063677526209}",0.06071120312757099,0.7040765557059747,"[43, 4096]",0.9830407430959303
O0_vs_O3r,A074,0.9995953020510087,0,0,0.0027260184288024902,0.0004273783086078628,0.07980112541130895,0.00023803859949111938,217088,0,0,1.0005786424413863,0.028463996133297313,0.0006653531283865415,"[53, 4096]",0.9712789283608491,0.033023472875356674,0.9978078675217774,0,0,157.94970703125,0.5523632951510492,0.08448539107065545,0.36922818422317505,217088,0,0,0.9901403428454056,0.0666201954838495,1.07447911663329,"[53, 4096]",0.9803950471698113,0.03555063158273697,0.9980824509440004,0,0,75.49481201171875,0.46565827144075184,0.07835617322644878,0.3402981758117676,159744,0,0,0.998725914878032,"{""min"": 0.9658916011089675, ""p1"": 0.9775841159434978, ""p5"": 0.9976925911332799, ""p25"": 0.9987592644835176, ""median"": 0.9989218456674004, ""p75"": 0.9991453366042246, ""p95"": 0.999312811881865, ""p99"": 0.9994834192579639, ""max"": 0.9995649508388271}",0.061901818741062264,0.7424786754716732,"[39, 4096]",0.9821151342147436
O0_vs_O3r,A075,0.9996315674961889,0,0,0.0027260184288024902,0.000403446989307755,0.07379777775125397,0.00022431835532188416,212992,0,0,1.000494217460153,0.0271564620315872,0.0006380158303627094,"[52, 4096]",0.9741633488581731,0.03323129564523697,0.9978468833899621,0,0,157.94970703125,0.5499202285298173,0.0843125510301047,0.3648250102996826,212992,0,0,0.9906020854760262,0.06598548632656893,1.0786804493835036,"[52, 4096]",0.9807598407451923,0.035901520401239395,0.998179976964756,0,0,75.49481201171875,0.4600334164930054,0.07795836006979501,0.33391672372817993,155648,0,0,0.9996743220308296,"{""min"": 0.9658916011089675, ""p1"": 0.9772764181846945, ""p5"": 0.9974291034006509, ""p25"": 0.9988368841948837, ""median"": 0.999018012545642, ""p75"": 0.9991763289784066, ""p95"": 0.9995248928553683, ""p99"": 0.9996190180550942, ""max"": 0.9996607174588596}",0.06032384813502187,0.7401209477129747,"[38, 4096]",0.9826595908717105
O0_vs_O3r,A076,0.9996280572489896,0,0,0.0027260184288024902,0.00040761019755027863,0.07371475570509066,0.00022689998149871826,217088,0,0,1.000542151251214,0.027287043234019082,0.0006397282488927721,"[53, 4096]",0.9744066922169812,0.032995834946632385,0.9978430013550899,0,0,157.94970703125,0.5503370252858385,0.08525704699893374,0.37059974670410156,217088,0,0,0.9904990139055223,0.06605511939528966,1.0698392691282326,"[53, 4096]",0.9805286335495284,0.03551306948065758,0.9981680414740489,0,0,75.49481201171875,0.462904622649568,0.07940483384692958,0.3422548770904541,159744,0,0,0.9994158608652992,"{""min"": 0.9658916011089675, ""p1"": 0.9775841159434978, ""p5"": 0.997766872034208, ""p25"": 0.9987237523090524, ""median"": 0.9989770151397073, ""p75"": 0.9991873026512087, ""p95"": 0.9993952596917476, ""p99"": 0.9994450786773722, ""max"": 0.9994698460719768}",0.06051543632077983,0.7333169341603792,"[39, 4096]",0.9822966746794872
O0_vs_O3r,A077,0.9995700369122572,0,0,0.0027260184288024902,0.00043451042081457826,0.07934369986964873,0.00023689866065979004,217088,0,0,1.0005500362543174,0.029337718144718018,0.0006742715391062621,"[53, 4096]",0.9719975309551887,0.03432709351181984,0.9978383565351149,0,0,157.94970703125,0.5311984989388602,0.08371198643657123,0.346921443939209,217088,0,0,0.9896705815052214,0.06622179985653699,1.0655054417704974,"[53, 4096]",0.9806806456367925,0.03732221573591232,0.9981515586683023,0,0,75.49481201171875,0.43689585607546927,0.0773051361596164,0.3139690160751343,159744,0,0,0.997674532351558,"{""min"": 0.9658916011089675, ""p1"": 0.9775841159434978, ""p5"": 0.9977034549886757, ""p25"": 0.9988403171394736, ""median"": 0.999117291326008, ""p75"": 0.9992476142112355, ""p95"": 0.9994234368797793, ""p99"": 0.9994965670648288, ""max"": 0.9995112875103961}",0.060775763937167465,0.7246913029597671,"[39, 4096]",0.9825032552083334
O0_vs_O3r,A078,0.9995885600643629,0,0,0.0027260184288024902,0.00042500519197346875,0.0776224541665627,0.00023073703050613403,204800,0,0,1.0005479545468017,0.02869897256395523,0.0006624433862720413,"[50, 4096]",0.972841796875,0.03377441316843033,0.9978209684701146,0,0,157.94970703125,0.5501929435722559,0.08463158032746736,0.3613464832305908,204800,0,0,0.9900914589239108,0.06643086781901736,1.0915261332450967,"[50, 4096]",0.98017578125,0.03680419921875,0.9981311057008488,0,0,75.49481201171875,0.4554184756054585,0.07804844570722591,0.3281552791595459,147456,0,0,0.9990651421309559,"{""min"": 0.9658916011089675, ""p1"": 0.9766610226670875, ""p5"": 0.9975849313317378, ""p25"": 0.9987417706317789, ""median"": 0.9990072120197983, ""p75"": 0.9992398959145613, ""p95"": 0.9994917486613759, ""p99"": 0.9995532150448397, ""max"": 0.9995727668166091}",0.061116022910967724,0.7431612098033629,"[36, 4096]",0.9819539388020834
O0_vs_O3r,A079,0.9995824187367961,0,0,0.0027260184288024902,0.00041857379579489455,0.07740427066025161,0.00022080540657043457,208896,0,0,1.0005666516043934,0.02891291868066052,0.0006645805854410259,"[51, 4096]",0.9722589231004902,0.03246112912893295,0.9978470164621005,0,0,157.94970703125,0.5633472624021142,0.08573938879070729,0.3733854293823242,208896,0,0,0.988988674748342,0.06618007219400279,1.1016959563406716,"[51, 4096]",0.9804400275735294,0.034912109375,0.9981374809162227,0,0,75.49481201171875,0.4761115763700415,0.07975334749764428,0.34384846687316895,151552,0,0,0.9955164035121266,"{""min"": 0.9658916011089675, ""p1"": 0.976968720425891, ""p5"": 0.9972995274412033, ""p25"": 0.9987234901254934, ""median"": 0.99891591923384, ""p75"": 0.9992094247499141, ""p95"": 0.9994765036100929, ""p99"": 0.9996362431495739, ""max"": 0.99967886340634}",0.06106094690533254,0.7747947771605951,"[37, 4096]",0.9822701119087838
O0_vs_O3r,A080,0.999544446849519,0,0,0.0027260184288024902,0.00043241308823817977,0.0840918590270849,0.00022067874670028687,200704,0,0,1.0005803464592113,0.030198871838046825,0.0006902836662815401,"[49, 4096]",0.9687749123086735,0.031992387026548386,0.9977069470562051,0,0,157.94970703125,0.5509959228900846,0.08654107351783194,0.36066293716430664,200704,0,0,0.9897913917677711,0.06814325947084694,1.0963187460545059,"[49, 4096]",0.9798559072066326,0.03439592570066452,0.9978692201559705,0,0,75.49481201171875,0.45383480470851023,0.08053364661315802,0.3269681930541992,143360,0,0,0.999845200234414,"{""min"": 0.9658916011089675, ""p1"": 0.9763533249082841, ""p5"": 0.9974159821507006, ""p25"": 0.9987303103408103, ""median"": 0.9988925220684164, ""p75"": 0.9991762539112652, ""p95"": 0.9993351588205834, ""p99"": 0.9995558630447742, ""max"": 0.999661710710252}",0.0652757532517703,0.7407476703971154,"[35, 4096]",0.9815569196428572
O0_vs_O3r,A081,0.9996112117869448,0,0,0.0027260184288024902,0.00040406098837593164,0.06929981495233661,0.0002225935459136963,163840,0,0,1.000592628027327,0.02789961375491358,0.000638689313862477,"[40, 4096]",0.977001953125,0.03254394605755806,0.9977138019731527,0,0,157.94970703125,0.5944128212215218,0.08761174445886134,0.3768289089202881,163840,0,0,0.9884189104028076,0.06821703864564609,1.199711399818244,"[40, 4096]",0.979803466796875,0.03607647120952606,0.9978674592534748,0,0,75.49481201171875,0.486997338155561,0.08010133874773918,0.335849404335022,106496,0,0,0.9965788615960162,"{""min"": 0.9658916011089675, ""p1"": 0.9735840450790533, ""p5"": 0.9969298811117387, ""p25"": 0.9986258614240997, ""median"": 0.999085063674003, ""p75"": 0.9993223083251299, ""p95"": 0.9994030166045123, ""p99"": 0.9994864447595432, ""max"": 0.9995137946387688}",0.06528548266604293,0.8293468642328574,"[26, 4096]",0.9820650540865384
O0_vs_O3r,A082,0.9996755820534701,0,0,0.0027260184288024902,0.0003763599166665322,0.06273381513799013,0.00022286176681518555,167936,0,0,1.000512711022665,0.025483944572371395,0.0005866385861435743,"[41, 4096]",0.9801233803353658,0.03528725355863571,0.9980483409653745,0,0,157.94970703125,0.6036326732653656,0.08600950390404882,0.3918015956878662,167936,0,0,0.9895587585446061,0.06302048957238247,1.1950874191735636,"[41, 4096]",0.9799447408536586,0.04011140018701553,0.9985654716156142,0,0,75.49481201171875,0.5049762054468038,0.07794646996862101,0.35793209075927734,110592,0,0,0.9961826262349093,"{""min"": 0.9658916011089675, ""p1"": 0.9738917428378567, ""p5"": 0.997000470080164, ""p25"": 0.9987216728603914, ""median"": 0.9991464312580799, ""p75"": 0.9993620519307007, ""p95"": 0.9997179106365093, ""p99"": 0.9998128666559893, ""max"": 0.9998427430253097}",0.0535973586027761,0.8359628636870665,"[27, 4096]",0.9821958188657407
O0_vs_O3r,A083,0.9996127843449345,0,0,0.0027260184288024902,0.00041538290578760746,0.0694634214659908,0.00023972243070602417,172032,0,0,1.00054244423839,0.02784143749315666,0.000643002769784652,"[42, 4096]",0.9773530505952381,0.0326218381524086,0.9978065522362413,0,0,157.94970703125,0.5966458374861239,0.08681138143411682,0.3857545852661133,172032,0,0,0.9881859973487259,0.06689274542705906,1.1892178553085433,"[42, 4096]",0.9799455915178571,0.0359409861266613,0.998071567702712,0,0,75.49481201171875,0.4980193970571755,0.07943725176141683,0.35063743591308594,114688,0,0,0.994536542989206,"{""min"": 0.9658916011089675, ""p1"": 0.9741994405966601, ""p5"": 0.9970771054906282, ""p25"": 0.9986297828813331, ""median"": 0.9989034366889893, ""p75"": 0.9992298004837, ""p95"": 0.9994750104140773, ""p99"": 0.999537955787626, ""max"": 0.9995507195974483}",0.06217428844126031,0.8389825161539435,"[28, 4096]",0.98211669921875
O0_vs_O3r,A084,0.9995689687715328,0,0,0.0027260184288024902,0.00044288926069268014,0.0750594828261196,0.00024449825286865234,159744,0,0,1.0006260594285639,0.0293767613883961,0.0006713432495182457,"[39, 4096]",0.9749661959134616,0.032151442021131516,0.9977284676033232,0,0,157.94970703125,0.6000730038770902,0.08754356325252026,0.3822197914123535,159744,0,0,0.988442463980881,0.06800099114865896,1.2066659834068785,"[39, 4096]",0.979736328125,0.03560546785593033,0.9979157033278547,0,0,75.49481201171875,0.49153060377560903,0.07969455983740223,0.3425014019012451,102400,0,0,0.996829646860772,"{""min"": 0.9658916011089675, ""p1"": 0.9732763473202498, ""p5"": 0.9969316070011882, ""p25"": 0.9987647716223081, ""median"": 0.9991194699161665, ""p75"": 0.999326829014821, ""p95"": 0.9994679393174629, ""p99"": 0.99948595476631, ""max"": 0.9994910417224152}",0.06454013147121831,0.8269605326089264,"[25, 4096]",0.98205078125
O0_vs_O3r,A085,0.9996442743145516,0,0,0.0027260184288024902,0.0003907348503815182,0.06609431762196984,0.00022212788462638855,159744,0,0,1.0006049192962347,0.026687968617225805,0.00061558685581805,"[39, 4096]",0.9777894631410257,0.03259590268135071,0.9979017599950426,0,0,157.94970703125,0.611642023992084,0.08797658499400199,0.39340806007385254,159744,0,0,0.988785022065039,0.06538495476240329,1.2186158604257602,"[39, 4096]",0.9799616887019231,0.03629882633686066,0.9983051616548573,0,0,75.49481201171875,0.5095782751549995,0.08037007375411372,0.35608577728271484,102400,0,0,0.9957162185634673,"{""min"": 0.9658916011089675, ""p1"": 0.9732763473202498, ""p5"": 0.9969427683080739, ""p25"": 0.9987360876197018, ""median"": 0.9992560102129506, ""p75"": 0.9994180678419963, ""p95"": 0.999545893496342, ""p99"": 0.9995755493843478, ""max"": 0.9995794845602259}",0.05825381394896715,0.8538590992276912,"[25, 4096]",0.98240234375
O0_vs_O3r,A086,0.9996134242309304,0,0,0.0027260184288024902,0.00039795348590764153,0.06865572416900345,0.00021350383758544922,147456,0,0,1.0006292203769944,0.027821465438138345,0.0006418605169918332,"[36, 4096]",0.9767862955729166,0.03363037109375,0.9978012932537197,0,0,157.94970703125,0.6152983687851601,0.08833920582635546,0.3840070962905884,147456,0,0,0.9876374338535706,0.06705134763083236,1.2513758173878204,"[36, 4096]",0.9796278211805556,0.03849653899669647,0.9980943881738584,0,0,75.49481201171875,0.501643600884067,0.07992620176525282,0.3391697406768799,90112,0,0,0.9940373457860909,"{""min"": 0.9658916011089675, ""p1"": 0.9723532540438395, ""p5"": 0.9967331893815731, ""p25"": 0.9987293348990605, ""median"": 0.9992195482499929, ""p75"": 0.9994762353420502, ""p95"": 0.9995809355878453, ""p99"": 0.9996783062756647, ""max"": 0.999703980126336}",0.061838918884364685,0.8708620532064762,"[22, 4096]",0.9821888316761364
O0_vs_O3r,A087,0.999643876572578,0,0,0.0027260184288024902,0.0003963582197520231,0.06577131194454956,0.00022642314434051514,147456,0,0,1.0006205670041173,0.026703444630765533,0.0006159868136458398,"[36, 4096]",0.9787122938368056,0.0323147252202034,0.9977072609968983,0,0,157.94970703125,0.6428982550386435,0.09051497500877329,0.40599149465560913,147456,0,0,0.987134507792214,0.06849820774585129,1.2796431471801284,"[36, 4096]",0.9787122938368056,0.036343660205602646,0.9978166824027639,0,0,75.49481201171875,0.5468070511170399,0.08348655133648199,0.37012720108032227,90112,0,0,0.9925698051133416,"{""min"": 0.9658916011089675, ""p1"": 0.9723532540438395, ""p5"": 0.9967238908361228, ""p25"": 0.998381001870557, ""median"": 0.9990179134634767, ""p75"": 0.9992230885114458, ""p95"": 0.9993497615604319, ""p99"": 0.9994104395062509, ""max"": 0.9994264009574224}",0.0662525323292053,0.9356679934163467,"[22, 4096]",0.9806906960227273
O0_vs_O3r,A088,0.9995827741716865,0,0,0.0027260184288024902,0.0004298174213114467,0.07306707331622586,0.0002400726079940796,155648,0,0,1.0006046799430102,0.02890193541341512,0.0006641157374493546,"[38, 4096]",0.9756823087993421,0.03183465078473091,0.997721101807007,0,0,157.94970703125,0.6009036405138862,0.08940548011948082,0.3759796619415283,155648,0,0,0.9880626758086788,0.06816075264973576,1.2191814359634747,"[38, 4096]",0.979248046875,0.035247802734375,0.9978908212516929,0,0,75.49481201171875,0.4883231784463078,0.08231555306779316,0.33167076110839844,98304,0,0,0.9959367234553823,"{""min"": 0.9658916011089675, ""p1"": 0.9729686495614465, ""p5"": 0.9968251220341504, ""p25"": 0.9987650183375096, ""median"": 0.9991198272991435, ""p75"": 0.9992379744046125, ""p95"": 0.999670444582093, ""p99"": 0.9997273228888021, ""max"": 0.9997294173691785}",0.06494403251892447,0.8365168916829868,"[24, 4096]",0.9813741048177084
O0_vs_O3r,A089,0.9996200296129343,0,0,0.0027260184288024902,0.0004138253720157081,0.06963673677198792,0.0002398267388343811,163840,0,0,1.0005712526432264,0.027580812567619968,0.0006433627538160468,"[40, 4096]",0.97723388671875,0.03370971605181694,0.9978123415075828,0,0,157.94970703125,0.6077104079467972,0.08647230190836715,0.3906240463256836,163840,0,0,0.9891210213999808,0.06667885857128539,1.2108254200971762,"[40, 4096]",0.979888916015625,0.03786996752023697,0.998108611041206,0,0,75.49481201171875,0.5074551638867538,0.07834835020851735,0.35510683059692383,106496,0,0,0.9970848042579882,"{""min"": 0.9658916011089675, ""p1"": 0.9735840450790533, ""p5"": 0.9969744823747311, ""p25"": 0.998736899531667, ""median"": 0.9990548494627047, ""p75"": 0.9992401486290571, ""p95"": 0.9994036127695372, ""p99"": 0.9994784673742088, ""max"": 0.9994984993791709}",0.061483727487231805,0.8538341569180936,"[26, 4096]",0.9821965144230769
O0_vs_O3r,A090,0.999542714618066,0,0,0.0027260184288024902,0.00046322498610871387,0.07935872243273248,0.00026042014360427856,176128,0,0,1.0005760534051094,0.030256064565588388,0.0006962167004458236,"[43, 4096]",0.9720430595930233,0.03307821601629257,0.9978892210576723,0,0,157.94970703125,0.5963090369972379,0.08687096319489666,0.3885927200317383,176128,0,0,0.9868806098392282,0.06586571200458835,1.1876580302963284,"[43, 4096]",0.979759038880814,0.03650323301553726,0.9982214973137915,0,0,75.49481201171875,0.5009209149677566,0.0797798774643904,0.3564753532409668,118784,0,0,0.9906367234977281,"{""min"": 0.9658916011089675, ""p1"": 0.9745071383554635, ""p5"": 0.9972050709522182, ""p25"": 0.9987234901254934, ""median"": 0.9990923125835534, ""p75"": 0.9992390387717768, ""p95"": 0.9993791355876127, ""p99"": 0.9995696145352064, ""max"": 0.9996362381709849}",0.060094684410961476,0.8502288273176601,"[29, 4096]",0.9817652209051724
O0_vs_O3r,A091,0.9996455276119074,0,0,0.0027260184288024902,0.0003813737842316793,0.06498062415703065,0.00020823627710342407,147456,0,0,1.000614305252406,0.02664127728971763,0.0006196357953528094,"[36, 4096]",0.9790920681423612,0.0313856340944767,0.9975731404812098,0,0,157.94970703125,0.6184371864466508,0.09103303047998088,0.38642168045043945,147456,0,0,0.9867653823944779,0.0704601804235398,1.2561566218339972,"[36, 4096]",0.9790174696180556,0.034823331981897354,0.9973852912925104,0,0,75.49481201171875,0.5067798479665064,0.08433427847118528,0.3421354293823242,90112,0,0,0.9931455578165996,"{""min"": 0.9658916011089675, ""p1"": 0.9723532540438395, ""p5"": 0.9967204742979936, ""p25"": 0.9984837343088326, ""median"": 0.9987716587309461, ""p75"": 0.9989906889664031, ""p95"": 0.9992675264899428, ""p99"": 0.9994969640793658, ""max"": 0.9995577845213466}",0.07239168497349685,0.8820529912489566,"[22, 4096]",0.9811900745738636
O0_vs_O3r,A092,0.9997111207379111,0,0,0.0027260184288024902,0.0003578579386858867,0.056226775910406444,0.00021338462829589844,196608,0,0,1.0004572168487147,0.02404644947506802,0.0005714400629122718,"[48, 4096]",0.9826202392578125,0.0324045829474926,0.9977029732014966,0,0,157.94970703125,0.5542991990148872,0.08618927474226266,0.3578329086303711,196608,0,0,0.9882184273178313,0.06840127100802487,1.1118252026172804,"[48, 4096]",0.98004150390625,0.03504854068160057,0.9978204218754816,0,0,75.49481201171875,0.4556405734087735,0.07986030049162862,0.32239675521850586,139264,0,0,0.9954590679183609,"{""min"": 0.9658916011089675, ""p1"": 0.9760456271494807, ""p5"": 0.9970356225788064, ""p25"": 0.9986523800364071, ""median"": 0.9990085379783167, ""p75"": 0.999183766581631, ""p95"": 0.9993095597405871, ""p99"": 0.999487178340642, ""max"": 0.9995577845213466}",0.06603015735820142,0.7601543483704017,"[34, 4096]",0.9818689682904411
O0_vs_O3r,A093,0.9996580190793033,0,0,0.0027260184288024902,0.0003805200010877318,0.06365424059898375,0.00021350383758544922,151552,0,0,1.0006202239151782,0.026168124284911238,0.0006142777656834514,"[37, 4096]",0.9798550992398649,0.03185045346617699,0.9976168125805374,0,0,157.94970703125,0.6045355320115836,0.09005587690701433,0.37300676107406616,151552,0,0,0.9872867414426437,0.06976679458282968,1.2355091984555733,"[37, 4096]",0.9787399704391891,0.035421621054410934,0.9975521667297415,0,0,75.49481201171875,0.4892709838092307,0.08305358585418678,0.3255790024995804,94208,0,0,0.9945985466463234,"{""min"": 0.9658916011089675, ""p1"": 0.972660951802643, ""p5"": 0.9967858432421836, ""p25"": 0.9986349177379934, ""median"": 0.9989395922420701, ""p75"": 0.9992763836752943, ""p95"": 0.9994828574458827, ""p99"": 0.9995410280892876, ""max"": 0.9995571742239746}",0.06998855995371842,0.8544205836784574,"[23, 4096]",0.9806492017663043
O0_vs_O3r,A094,0.9996681525510765,0,0,0.0027260184288024902,0.0003725989210675164,0.062405591432366216,0.00020775943994522095,155648,0,0,1.0005649246874415,0.025775743934603017,0.0006057683882602034,"[38, 4096]",0.9801282380756579,0.032239411026239395,0.9976418446857754,0,0,157.94970703125,0.5944637547726846,0.08853248220292347,0.3697025775909424,155648,0,0,0.9872317537931096,0.06941987989299486,1.2187408175489496,"[38, 4096]",0.9794472142269737,0.035888671875,0.9976343563416731,0,0,75.49481201171875,0.4781266926894053,0.08093330636657735,0.323702335357666,98304,0,0,0.9941941526941878,"{""min"": 0.9658916011089675, ""p1"": 0.9729686495614465, ""p5"": 0.9968503324904436, ""p25"": 0.9987095651097537, ""median"": 0.9990678844698573, ""p75"": 0.9992363051847819, ""p95"": 0.9993929559951779, ""p99"": 0.9995440090563789, ""max"": 0.9995876237277875}",0.06882968870967929,0.8354996731262128,"[24, 4096]",0.981689453125
O0_vs_O3r,A095,0.999651022555884,0,0,0.0027260184288024902,0.00040753121409560413,0.06653236312075271,0.0002364814281463623,192512,0,0,1.0004599664913723,0.026428913963048733,0.000628898894582503,"[47, 4096]",0.9775806183510638,0.0320291705429554,0.9977785213346915,0,0,157.94970703125,0.5680158352126958,0.0870036736511098,0.37203216552734375,192512,0,0,0.9885664477807384,0.0672523952162389,1.1277327216356132,"[47, 4096]",0.979476604055851,0.034593988209962845,0.9980083755192808,0,0,75.49481201171875,0.4721867332781943,0.08082841486936133,0.33883553743362427,135168,0,0,0.9956009388746492,"{""min"": 0.9658916011089675, ""p1"": 0.9757379293906773, ""p5"": 0.9973473776705372, ""p25"": 0.998645438722824, ""median"": 0.998853660494542, ""p75"": 0.9992732383377687, ""p95"": 0.9994889230169556, ""p99"": 0.999549064979863, ""max"": 0.9995577845213466}",0.06312747535396304,0.7801444181653664,"[33, 4096]",0.9811197916666666
O0_vs_O3r,A096,0.9995782063546061,0,0,0.0027260184288024902,0.0004265736143630371,0.07381772057077139,0.0002288222312927246,151552,0,0,1.000674434159115,0.029062193590764177,0.0006755910925963069,"[37, 4096]",0.9758234797297297,0.031170818954706192,0.9976510690831893,0,0,157.94970703125,0.6058837409410271,0.08962015911776176,0.37593936920166016,151552,0,0,0.9873684268346423,0.06926815349625863,1.2356777029256671,"[37, 4096]",0.9788719383445946,0.034328293055295944,0.9976671926145513,0,0,75.49481201171875,0.4914398416522485,0.08235264854104131,0.3309326171875,94208,0,0,0.9945179481250058,"{""min"": 0.9658916011089675, ""p1"": 0.972660951802643, ""p5"": 0.9967823743520502, ""p25"": 0.9987301474392486, ""median"": 0.9990188219479007, ""p75"": 0.9992576140097109, ""p95"": 0.9994662883700449, ""p99"": 0.999539984642489, ""max"": 0.9995571742239746}",0.06833806056258217,0.8548124966321147,"[23, 4096]",0.9808614979619565
O0_vs_O3r,A097,0.9996578648932216,0,0,0.0027260184288024902,0.00038802124683456896,0.06288346636975879,0.00021898746490478516,163840,0,0,1.0005256884849965,0.026170714069589762,0.0006175685496405632,"[40, 4096]",0.98031005859375,0.03162841871380806,0.9976833667716966,0,0,157.94970703125,0.5884743795518261,0.08929245636975654,0.36951303482055664,163840,0,0,0.9863056030563567,0.06897356866406253,1.202456624810254,"[40, 4096]",0.979058837890625,0.03466796875,0.997743916180469,0,0,75.49481201171875,0.4778612740483368,0.08268704937988564,0.32850182056427,106496,0,0,0.9906052752695247,"{""min"": 0.9658916011089675, ""p1"": 0.9735840450790533, ""p5"": 0.9969542703771401, ""p25"": 0.9985597772875419, ""median"": 0.9990081872208293, ""p75"": 0.9991981065712091, ""p95"": 0.9994917828194938, ""p99"": 0.9995421837091337, ""max"": 0.9995577845213466}",0.06751324254482767,0.8354409572514433,"[26, 4096]",0.9809194711538461
O0_vs_O3r,A098,0.9996118826112829,0,0,0.0027260184288024902,0.0004124863763222276,0.06857477909937147,0.00022460147738456726,172032,0,0,1.0005686734777097,0.02787471239472999,0.0006510286204731566,"[42, 4096]",0.9784226190476191,0.0334937684237957,0.9977624339206288,0,0,157.94970703125,0.5757020307199431,0.08612484100634064,0.36370277404785156,172032,0,0,0.9873367600184878,0.06766697963628178,1.1761047886058213,"[42, 4096]",0.9802827380952381,0.0372488833963871,0.9979706439954595,0,0,75.49481201171875,0.46660368690790427,0.07840744111975259,0.32254457473754883,114688,0,0,0.9929864156029596,"{""min"": 0.9658916011089675, ""p1"": 0.9741994405966601, ""p5"": 0.9970025766753473, ""p25"": 0.9987867235423309, ""median"": 0.9990846187246992, ""p75"": 0.9992663893938584, ""p95"": 0.9994382260082256, ""p99"": 0.9995492670789163, ""max"": 0.9995876237277875}",0.06387046466057104,0.8107815439483931,"[28, 4096]",0.9826224190848214
O0_vs_O3r,A099,0.999629428382127,0,0,0.0027260184288024902,0.00042637016904759653,0.06836032577414747,0.0002451017498970032,176128,0,0,1.0005304177033523,0.027236330409557797,0.0006504694604680262,"[43, 4096]",0.9782885174418605,0.032260630279779434,0.9977089010840916,0,0,157.94970703125,0.5768196042795881,0.08773628906686565,0.3675103187561035,176128,0,0,0.9863966502149853,0.06859238818775612,1.1751225913635235,"[43, 4096]",0.9795716751453488,0.035290949046611786,0.9978099777525944,0,0,75.49481201171875,0.47202279059331037,0.08106294686075818,0.3287346363067627,118784,0,0,0.9904152860362193,"{""min"": 0.9658916011089675, ""p1"": 0.9745071383554635, ""p5"": 0.9971543548268607, ""p25"": 0.9985660211519243, ""median"": 0.9988952998539584, ""p75"": 0.9990443182429976, ""p95"": 0.999521487265789, ""p99"": 0.9995704474695626, ""max"": 0.9995753719494244}",0.06655771753108163,0.8239975632056447,"[29, 4096]",0.9814874057112069
O0_vs_O3r,A100,0.9996091716294728,0,0,0.0027260184288024902,0.00040370086105974987,0.06741612437306574,0.00021589547395706177,151552,0,0,1.0006153662641668,0.02797349498868053,0.000650427351228446,"[37, 4096]",0.9793404244087838,0.03132918104529381,0.9976238357136723,0,0,157.94970703125,0.5993526314018094,0.09059620722891909,0.3711721897125244,151552,0,0,0.9872904766170955,0.06966678352097451,1.2337271323886383,"[37, 4096]",0.9788983319256757,0.03458305075764656,0.9975758590303209,0,0,75.49481201171875,0.4809332741326374,0.08392281289377271,0.32431793212890625,94208,0,0,0.9946115363838547,"{""min"": 0.9658916011089675, ""p1"": 0.972660951802643, ""p5"": 0.9967804730612959, ""p25"": 0.9986712862917679, ""median"": 0.9989845102091631, ""p75"": 0.9992086507877456, ""p95"": 0.9995062324456613, ""p99"": 0.999547727267013, ""max"": 0.9995571742239746}",0.06965050386515617,0.8502680296972529,"[23, 4096]",0.9809039572010869
