pair,pid,token_index,cosine
O0_vs_O3qL,A001,0,0.9638721853924851
O0_vs_O3qL,A001,1,0.9970453954736015
O0_vs_O3qL,A001,2,0.9987272177910489
O0_vs_O3qL,A001,3,0.9994285771709301
O0_vs_O3qL,A001,4,0.9994627396705169
O0_vs_O3qL,A001,5,0.9992686986820759
O0_vs_O3qL,A001,6,0.9994359922249205
O0_vs_O3qL,A001,7,0.9993489950628398
O0_vs_O3qL,A001,8,0.9990430403838286
O0_vs_O3qL,A001,9,0.9988919606033911
O0_vs_O3qL,A001,10,0.9986587465631857
O0_vs_O3qL,A001,11,0.9983776752892871
O0_vs_O3qL,A001,12,0.9985358582836433
O0_vs_O3qL,A001,13,0.9992363286588338
O0_vs_O3qL,A001,14,0.9986346815927555
O0_vs_O3qL,A001,15,0.998918734027698
O0_vs_O3qL,A002,0,0.9638721853924851
O0_vs_O3qL,A002,1,0.9970453954736015
O0_vs_O3qL,A002,2,0.9987272177910489
O0_vs_O3qL,A002,3,0.9994285771709301
O0_vs_O3qL,A002,4,0.9993596824201157
O0_vs_O3qL,A002,5,0.9995379203058712
O0_vs_O3qL,A002,6,0.999219688641918
O0_vs_O3qL,A002,7,0.9993974373369052
O0_vs_O3qL,A002,8,0.9993911814586999
O0_vs_O3qL,A002,9,0.9990849944904249
O0_vs_O3qL,A002,10,0.9990435370682856
O0_vs_O3qL,A002,11,0.9986940470608521
O0_vs_O3qL,A002,12,0.9982186127275188
O0_vs_O3qL,A002,13,0.9985543583259907
O0_vs_O3qL,A002,14,0.9991684701739458
O0_vs_O3qL,A002,15,0.9986419186138557
O0_vs_O3qL,A002,16,0.9990315714570012
O0_vs_O3qL,A003,0,0.9638721853924851
O0_vs_O3qL,A003,1,0.9970453954736015
O0_vs_O3qL,A003,2,0.9987272177910489
O0_vs_O3qL,A003,3,0.9994285771709301
O0_vs_O3qL,A003,4,0.9988854121278794
O0_vs_O3qL,A003,5,0.9994493525018596
O0_vs_O3qL,A003,6,0.999352157100562
O0_vs_O3qL,A003,7,0.9994220352981584
O0_vs_O3qL,A003,8,0.9993272509159253
O0_vs_O3qL,A003,9,0.9990654940734958
O0_vs_O3qL,A003,10,0.9987421983559505
O0_vs_O3qL,A003,11,0.9983712570774665
O0_vs_O3qL,A003,12,0.998378275112362
O0_vs_O3qL,A003,13,0.9992105687408055
O0_vs_O3qL,A003,14,0.9985027474065361
O0_vs_O3qL,A003,15,0.9989469794523422
O0_vs_O3qL,A004,0,0.9638721853924851
O0_vs_O3qL,A004,1,0.9970453954736015
O0_vs_O3qL,A004,2,0.9987272177910489
O0_vs_O3qL,A004,3,0.9994285786656454
O0_vs_O3qL,A004,4,0.9991809949312993
O0_vs_O3qL,A004,5,0.9992045318540199
O0_vs_O3qL,A004,6,0.9993532726224919
O0_vs_O3qL,A004,7,0.9992805952814928
O0_vs_O3qL,A004,8,0.999135806197476
O0_vs_O3qL,A004,9,0.9994276226271082
O0_vs_O3qL,A004,10,0.9994219696538155
O0_vs_O3qL,A004,11,0.9990501225254528
O0_vs_O3qL,A004,12,0.9985131429030166
O0_vs_O3qL,A004,13,0.9982128014208129
O0_vs_O3qL,A004,14,0.9984695858668765
O0_vs_O3qL,A004,15,0.9986760523069418
O0_vs_O3qL,A004,16,0.9985130691829348
O0_vs_O3qL,A004,17,0.998774030291894
O0_vs_O3qL,A005,0,0.9638721853924851
O0_vs_O3qL,A005,1,0.9970453954736015
O0_vs_O3qL,A005,2,0.9987272177910489
O0_vs_O3qL,A005,3,0.9994285786656454
O0_vs_O3qL,A005,4,0.9994948463351324
O0_vs_O3qL,A005,5,0.9994516076186021
O0_vs_O3qL,A005,6,0.999121553538535
O0_vs_O3qL,A005,7,0.9994604451283783
O0_vs_O3qL,A005,8,0.9994306594287787
O0_vs_O3qL,A005,9,0.9991974334505954
O0_vs_O3qL,A005,10,0.9992281628155205
O0_vs_O3qL,A005,11,0.9991560173111825
O0_vs_O3qL,A005,12,0.9988040487466745
O0_vs_O3qL,A005,13,0.9982924764934199
O0_vs_O3qL,A005,14,0.9985483352121346
O0_vs_O3qL,A005,15,0.9989639838906691
O0_vs_O3qL,A005,16,0.9986795094349109
O0_vs_O3qL,A005,17,0.9988252035939209
O0_vs_O3qL,A006,0,0.9638721853924851
O0_vs_O3qL,A006,1,0.9970453954736015
O0_vs_O3qL,A006,2,0.9987272177910489
O0_vs_O3qL,A006,3,0.9994285786656454
O0_vs_O3qL,A006,4,0.9992951887840499
O0_vs_O3qL,A006,5,0.9991460390400287
O0_vs_O3qL,A006,6,0.9992469939313481
O0_vs_O3qL,A006,7,0.9993112381849468
O0_vs_O3qL,A006,8,0.999048064771146
O0_vs_O3qL,A006,9,0.9992873668503618
O0_vs_O3qL,A006,10,0.9992727521391841
O0_vs_O3qL,A006,11,0.9991221148105386
O0_vs_O3qL,A006,12,0.998850035239328
O0_vs_O3qL,A006,13,0.9986549271256576
O0_vs_O3qL,A006,14,0.9981017499297647
O0_vs_O3qL,A006,15,0.9985453994017615
O0_vs_O3qL,A006,16,0.9990182968535456
O0_vs_O3qL,A006,17,0.9985897743076156
O0_vs_O3qL,A006,18,0.9989486839155846
O0_vs_O3qL,A007,0,0.9638721853924851
O0_vs_O3qL,A007,1,0.9970453954736015
O0_vs_O3qL,A007,2,0.9987272177910489
O0_vs_O3qL,A007,3,0.9994285771709301
O0_vs_O3qL,A007,4,0.9995613380031254
O0_vs_O3qL,A007,5,0.9988213344554334
O0_vs_O3qL,A007,6,0.9991810231070974
O0_vs_O3qL,A007,7,0.9990984656379015
O0_vs_O3qL,A007,8,0.9991398851506103
O0_vs_O3qL,A007,9,0.9989380381009777
O0_vs_O3qL,A007,10,0.9987649456539633
O0_vs_O3qL,A007,11,0.9982930559187089
O0_vs_O3qL,A007,12,0.9986366764475189
O0_vs_O3qL,A007,13,0.998259966086981
O0_vs_O3qL,A007,14,0.9986786697978426
O0_vs_O3qL,A007,15,0.9990462743519155
O0_vs_O3qL,A008,0,0.9638721853924851
O0_vs_O3qL,A008,1,0.9970453954736015
O0_vs_O3qL,A008,2,0.9987272177910489
O0_vs_O3qL,A008,3,0.9994285771709301
O0_vs_O3qL,A008,4,0.9994217209167285
O0_vs_O3qL,A008,5,0.9992414802513906
O0_vs_O3qL,A008,6,0.9992731453788941
O0_vs_O3qL,A008,7,0.9993483598255082
O0_vs_O3qL,A008,8,0.9994784777253491
O0_vs_O3qL,A008,9,0.9990956023513097
O0_vs_O3qL,A008,10,0.9990216248607059
O0_vs_O3qL,A008,11,0.9985939774766606
O0_vs_O3qL,A008,12,0.9982965955603149
O0_vs_O3qL,A008,13,0.9987499306347614
O0_vs_O3qL,A008,14,0.999047865685984
O0_vs_O3qL,A008,15,0.9987933361900525
O0_vs_O3qL,A008,16,0.9989982458884221
O0_vs_O3qL,A009,0,0.9638721853924851
O0_vs_O3qL,A009,1,0.9970453954736015
O0_vs_O3qL,A009,2,0.9987272177910489
O0_vs_O3qL,A009,3,0.9994285786656454
O0_vs_O3qL,A009,4,0.9994948949572273
O0_vs_O3qL,A009,5,0.9993982255253893
O0_vs_O3qL,A009,6,0.9994280304187314
O0_vs_O3qL,A009,7,0.9993026659918233
O0_vs_O3qL,A009,8,0.9993650461508611
O0_vs_O3qL,A009,9,0.9992894748092093
O0_vs_O3qL,A009,10,0.9995110562776273
O0_vs_O3qL,A009,11,0.9995858281846032
O0_vs_O3qL,A009,12,0.9991379336328368
O0_vs_O3qL,A009,13,0.9988014459168192
O0_vs_O3qL,A009,14,0.9982956529942325
O0_vs_O3qL,A009,15,0.9985982435973736
O0_vs_O3qL,A009,16,0.9989777496944853
O0_vs_O3qL,A009,17,0.9987341805640412
O0_vs_O3qL,A009,18,0.9988776090909383
O0_vs_O3qL,A010,0,0.9638721853924851
O0_vs_O3qL,A010,1,0.9970453954736015
O0_vs_O3qL,A010,2,0.9987272177910489
O0_vs_O3qL,A010,3,0.9994285771709301
O0_vs_O3qL,A010,4,0.9994233029202256
O0_vs_O3qL,A010,5,0.9995167580239261
O0_vs_O3qL,A010,6,0.9995134987024948
O0_vs_O3qL,A010,7,0.9993259073264477
O0_vs_O3qL,A010,8,0.9994763340034721
O0_vs_O3qL,A010,9,0.9994002878710276
O0_vs_O3qL,A010,10,0.9989906289447551
O0_vs_O3qL,A010,11,0.9987360198222925
O0_vs_O3qL,A010,12,0.9983478593414454
O0_vs_O3qL,A010,13,0.9985152974486167
O0_vs_O3qL,A010,14,0.9990009632919737
O0_vs_O3qL,A010,15,0.9985471543291515
O0_vs_O3qL,A010,16,0.9988188887770068
O0_vs_O3qL,A011,0,0.9638721853924851
O0_vs_O3qL,A011,1,0.9970453954736015
O0_vs_O3qL,A011,2,0.9987272177910489
O0_vs_O3qL,A011,3,0.9994285786656454
O0_vs_O3qL,A011,4,0.9992403980792298
O0_vs_O3qL,A011,5,0.9992534881881787
O0_vs_O3qL,A011,6,0.9994065973995739
O0_vs_O3qL,A011,7,0.9994800356132514
O0_vs_O3qL,A011,8,0.9992076097998567
O0_vs_O3qL,A011,9,0.9991489383056292
O0_vs_O3qL,A011,10,0.9993677751722367
O0_vs_O3qL,A011,11,0.999057854509456
O0_vs_O3qL,A011,12,0.9988520940352986
O0_vs_O3qL,A011,13,0.9984105068579038
O0_vs_O3qL,A011,14,0.9990156833524758
O0_vs_O3qL,A011,15,0.9988888600114088
O0_vs_O3qL,A011,16,0.9989863887857366
O0_vs_O3qL,A011,17,0.9993204964951181
O0_vs_O3qL,A011,18,0.9991668945099949
O0_vs_O3qL,A011,19,0.9993520487260015
O0_vs_O3qL,A011,20,0.999033746984792
O0_vs_O3qL,A011,21,0.9990792075870519
O0_vs_O3qL,A011,22,0.9986628604698307
O0_vs_O3qL,A011,23,0.9979343429586959
O0_vs_O3qL,A011,24,0.9986806449220377
O0_vs_O3qL,A011,25,0.9991981402315713
O0_vs_O3qL,A011,26,0.9986092380088634
O0_vs_O3qL,A011,27,0.9990971610546667
O0_vs_O3qL,A012,0,0.9638721853924851
O0_vs_O3qL,A012,1,0.9970453954736015
O0_vs_O3qL,A012,2,0.9987272177910489
O0_vs_O3qL,A012,3,0.9994285786656454
O0_vs_O3qL,A012,4,0.9992427710553824
O0_vs_O3qL,A012,5,0.9993020873681268
O0_vs_O3qL,A012,6,0.9994107897356713
O0_vs_O3qL,A012,7,0.9993532974614722
O0_vs_O3qL,A012,8,0.9994343810934418
O0_vs_O3qL,A012,9,0.9994005260553075
O0_vs_O3qL,A012,10,0.9991003337093213
O0_vs_O3qL,A012,11,0.9992156674853203
O0_vs_O3qL,A012,12,0.9988578710692905
O0_vs_O3qL,A012,13,0.9987390130457484
O0_vs_O3qL,A012,14,0.9988994980995258
O0_vs_O3qL,A012,15,0.9988270521007544
O0_vs_O3qL,A012,16,0.9992342766210612
O0_vs_O3qL,A012,17,0.9989456679260824
O0_vs_O3qL,A012,18,0.9990599839146206
O0_vs_O3qL,A012,19,0.9990730628903441
O0_vs_O3qL,A012,20,0.9988870099916017
O0_vs_O3qL,A012,21,0.9987756678398245
O0_vs_O3qL,A012,22,0.9979702159632734
O0_vs_O3qL,A012,23,0.9987877656265011
O0_vs_O3qL,A012,24,0.9989659290269676
O0_vs_O3qL,A012,25,0.9986344640990552
O0_vs_O3qL,A012,26,0.9991288056819354
O0_vs_O3qL,A013,0,0.9638721853924851
O0_vs_O3qL,A013,1,0.9970453954736015
O0_vs_O3qL,A013,2,0.9987272177910489
O0_vs_O3qL,A013,3,0.9994285786656454
O0_vs_O3qL,A013,4,0.9993817693824594
O0_vs_O3qL,A013,5,0.99932323085412
O0_vs_O3qL,A013,6,0.999227315488674
O0_vs_O3qL,A013,7,0.9994611792892444
O0_vs_O3qL,A013,8,0.9990810808393794
O0_vs_O3qL,A013,9,0.9989349904907627
O0_vs_O3qL,A013,10,0.999292745540272
O0_vs_O3qL,A013,11,0.9989462359095428
O0_vs_O3qL,A013,12,0.9990486421810931
O0_vs_O3qL,A013,13,0.9993720587137611
O0_vs_O3qL,A013,14,0.9989172605522514
O0_vs_O3qL,A013,15,0.9991279622777349
O0_vs_O3qL,A013,16,0.9988834002859042
O0_vs_O3qL,A013,17,0.9986644692811196
O0_vs_O3qL,A013,18,0.9982190182817648
O0_vs_O3qL,A013,19,0.9986622153360811
O0_vs_O3qL,A013,20,0.9990334333818659
O0_vs_O3qL,A013,21,0.9984981577460091
O0_vs_O3qL,A013,22,0.9989437875714248
O0_vs_O3qL,A014,0,0.9638721853924851
O0_vs_O3qL,A014,1,0.9970453954736015
O0_vs_O3qL,A014,2,0.9987272177910489
O0_vs_O3qL,A014,3,0.9994285786656454
O0_vs_O3qL,A014,4,0.9993764156881365
O0_vs_O3qL,A014,5,0.9990083371573026
O0_vs_O3qL,A014,6,0.9992411887951315
O0_vs_O3qL,A014,7,0.9991267400445755
O0_vs_O3qL,A014,8,0.9992567093874725
O0_vs_O3qL,A014,9,0.9993521672387995
O0_vs_O3qL,A014,10,0.9991637994127752
O0_vs_O3qL,A014,11,0.9992018485961657
O0_vs_O3qL,A014,12,0.9994097894257052
O0_vs_O3qL,A014,13,0.9992988665129956
O0_vs_O3qL,A014,14,0.99945567721163
O0_vs_O3qL,A014,15,0.9991395097445369
O0_vs_O3qL,A014,16,0.9991491890633792
O0_vs_O3qL,A014,17,0.9990015424627127
O0_vs_O3qL,A014,18,0.9990232896460951
O0_vs_O3qL,A014,19,0.9987862490066797
O0_vs_O3qL,A014,20,0.9980652849671758
O0_vs_O3qL,A014,21,0.9984944102170926
O0_vs_O3qL,A014,22,0.9991282723171566
O0_vs_O3qL,A014,23,0.9986796820381052
O0_vs_O3qL,A014,24,0.9991237204142617
O0_vs_O3qL,A015,0,0.9638721853924851
O0_vs_O3qL,A015,1,0.9970453954736015
O0_vs_O3qL,A015,2,0.9987272177910489
O0_vs_O3qL,A015,3,0.9994285786656454
O0_vs_O3qL,A015,4,0.999432040861586
O0_vs_O3qL,A015,5,0.9992298809999515
O0_vs_O3qL,A015,6,0.9994977465991715
O0_vs_O3qL,A015,7,0.9996243920691281
O0_vs_O3qL,A015,8,0.9992969119047845
O0_vs_O3qL,A015,9,0.9989915527967103
O0_vs_O3qL,A015,10,0.9988667003385993
O0_vs_O3qL,A015,11,0.9984926051359959
O0_vs_O3qL,A015,12,0.999350426666107
O0_vs_O3qL,A015,13,0.9990619124511853
O0_vs_O3qL,A015,14,0.9989172921170621
O0_vs_O3qL,A015,15,0.9992064002610291
O0_vs_O3qL,A015,16,0.9989009096019597
O0_vs_O3qL,A015,17,0.9986776923233952
O0_vs_O3qL,A015,18,0.9982284927865301
O0_vs_O3qL,A015,19,0.9985387843255428
O0_vs_O3qL,A015,20,0.9985366203594278
O0_vs_O3qL,A015,21,0.9986081570880311
O0_vs_O3qL,A015,22,0.9989696520281636
O0_vs_O3qL,A016,0,0.9638721853924851
O0_vs_O3qL,A016,1,0.9970453954736015
O0_vs_O3qL,A016,2,0.9987272177910489
O0_vs_O3qL,A016,3,0.9994285786656454
O0_vs_O3qL,A016,4,0.9990654065721314
O0_vs_O3qL,A016,5,0.9993068900160254
O0_vs_O3qL,A016,6,0.9993277133756553
O0_vs_O3qL,A016,7,0.999269774942946
O0_vs_O3qL,A016,8,0.9990889080641171
O0_vs_O3qL,A016,9,0.9991249901747598
O0_vs_O3qL,A016,10,0.9989118739421932
O0_vs_O3qL,A016,11,0.9989282650923204
O0_vs_O3qL,A016,12,0.9988618127950041
O0_vs_O3qL,A016,13,0.99908827959616
O0_vs_O3qL,A016,14,0.9990110946986577
O0_vs_O3qL,A016,15,0.9992519208054752
O0_vs_O3qL,A016,16,0.9991358791745323
O0_vs_O3qL,A016,17,0.9994030772045419
O0_vs_O3qL,A016,18,0.9990475293490347
O0_vs_O3qL,A016,19,0.9986791366502406
O0_vs_O3qL,A016,20,0.998166108940338
O0_vs_O3qL,A016,21,0.9986992355046822
O0_vs_O3qL,A016,22,0.9987809463955931
O0_vs_O3qL,A016,23,0.9986966840044929
O0_vs_O3qL,A016,24,0.9988115779141604
O0_vs_O3qL,A017,0,0.9638721853924851
O0_vs_O3qL,A017,1,0.9970453954736015
O0_vs_O3qL,A017,2,0.9987272177910489
O0_vs_O3qL,A017,3,0.9994285786656454
O0_vs_O3qL,A017,4,0.99946596023328
O0_vs_O3qL,A017,5,0.9994216430782539
O0_vs_O3qL,A017,6,0.9994465016257026
O0_vs_O3qL,A017,7,0.9995565165840503
O0_vs_O3qL,A017,8,0.9992825572091693
O0_vs_O3qL,A017,9,0.999117698985136
O0_vs_O3qL,A017,10,0.9989813520477315
O0_vs_O3qL,A017,11,0.9990390036898299
O0_vs_O3qL,A017,12,0.9989252723859416
O0_vs_O3qL,A017,13,0.9990791434145345
O0_vs_O3qL,A017,14,0.9992883238273295
O0_vs_O3qL,A017,15,0.9987569598785458
O0_vs_O3qL,A017,16,0.9989423789024771
O0_vs_O3qL,A017,17,0.9981393176102883
O0_vs_O3qL,A017,18,0.9986517786285949
O0_vs_O3qL,A017,19,0.9992091710852898
O0_vs_O3qL,A017,20,0.998793685308736
O0_vs_O3qL,A017,21,0.9993099053013497
O0_vs_O3qL,A018,0,0.9638721853924851
O0_vs_O3qL,A018,1,0.9970453954736015
O0_vs_O3qL,A018,2,0.9987272177910489
O0_vs_O3qL,A018,3,0.9994285786656454
O0_vs_O3qL,A018,4,0.9993058934469385
O0_vs_O3qL,A018,5,0.9992057121041418
O0_vs_O3qL,A018,6,0.9993833585853643
O0_vs_O3qL,A018,7,0.999539072453775
O0_vs_O3qL,A018,8,0.9992341124171266
O0_vs_O3qL,A018,9,0.999258278667476
O0_vs_O3qL,A018,10,0.999231209183535
O0_vs_O3qL,A018,11,0.9989065509305396
O0_vs_O3qL,A018,12,0.9988619597119566
O0_vs_O3qL,A018,13,0.9990130209781953
O0_vs_O3qL,A018,14,0.9988159226533737
O0_vs_O3qL,A018,15,0.9986402796122655
O0_vs_O3qL,A018,16,0.9981026167327216
O0_vs_O3qL,A018,17,0.9987074219952204
O0_vs_O3qL,A018,18,0.998253702697249
O0_vs_O3qL,A018,19,0.9986584641223962
O0_vs_O3qL,A018,20,0.9991228606004294
O0_vs_O3qL,A019,0,0.9638721853924851
O0_vs_O3qL,A019,1,0.9970453954736015
O0_vs_O3qL,A019,2,0.9987272177910489
O0_vs_O3qL,A019,3,0.9994285786656454
O0_vs_O3qL,A019,4,0.99943137606963
O0_vs_O3qL,A019,5,0.999269365464364
O0_vs_O3qL,A019,6,0.9994085854748176
O0_vs_O3qL,A019,7,0.9995661508932495
O0_vs_O3qL,A019,8,0.9990914743250522
O0_vs_O3qL,A019,9,0.9990966588980295
O0_vs_O3qL,A019,10,0.9990581242991495
O0_vs_O3qL,A019,11,0.9989889549631652
O0_vs_O3qL,A019,12,0.9994363989536208
O0_vs_O3qL,A019,13,0.9988304968237343
O0_vs_O3qL,A019,14,0.9991210484032098
O0_vs_O3qL,A019,15,0.9986422467001967
O0_vs_O3qL,A019,16,0.9990491335090721
O0_vs_O3qL,A019,17,0.9987439949845662
O0_vs_O3qL,A019,18,0.9987824060294348
O0_vs_O3qL,A019,19,0.9981871553344243
O0_vs_O3qL,A019,20,0.99859519572395
O0_vs_O3qL,A019,21,0.9992249430337725
O0_vs_O3qL,A019,22,0.9987078425834046
O0_vs_O3qL,A019,23,0.9990138756140527
O0_vs_O3qL,A020,0,0.9638721853924851
O0_vs_O3qL,A020,1,0.9970453954736015
O0_vs_O3qL,A020,2,0.9987272177910489
O0_vs_O3qL,A020,3,0.9994285786656454
O0_vs_O3qL,A020,4,0.9994592948593147
O0_vs_O3qL,A020,5,0.9991921142710856
O0_vs_O3qL,A020,6,0.9994413202840301
O0_vs_O3qL,A020,7,0.9995216612950417
O0_vs_O3qL,A020,8,0.9993690966217559
O0_vs_O3qL,A020,9,0.9991599890504671
O0_vs_O3qL,A020,10,0.9992117928408327
O0_vs_O3qL,A020,11,0.9993522982842434
O0_vs_O3qL,A020,12,0.9990935492915873
O0_vs_O3qL,A020,13,0.9986878363735561
O0_vs_O3qL,A020,14,0.9991490135709843
O0_vs_O3qL,A020,15,0.9990338833440261
O0_vs_O3qL,A020,16,0.9989492447443917
O0_vs_O3qL,A020,17,0.9990241840689993
O0_vs_O3qL,A020,18,0.9989263198038774
O0_vs_O3qL,A020,19,0.998610910993302
O0_vs_O3qL,A020,20,0.9980885560403338
O0_vs_O3qL,A020,21,0.9986194315362377
O0_vs_O3qL,A020,22,0.9987613500952718
O0_vs_O3qL,A020,23,0.9986710216748705
O0_vs_O3qL,A020,24,0.9990476723412912
O0_vs_O3qL,A021,0,0.9638721853924851
O0_vs_O3qL,A021,1,0.9970453954736015
O0_vs_O3qL,A021,2,0.9987272177910489
O0_vs_O3qL,A021,3,0.9994285786656454
O0_vs_O3qL,A021,4,0.9994627397116349
O0_vs_O3qL,A021,5,0.9993511926366249
O0_vs_O3qL,A021,6,0.999032857072034
O0_vs_O3qL,A021,7,0.9995170938198519
O0_vs_O3qL,A021,8,0.9994963956020799
O0_vs_O3qL,A021,9,0.9992411849266493
O0_vs_O3qL,A021,10,0.9994887494846132
O0_vs_O3qL,A021,11,0.9994897682785046
O0_vs_O3qL,A021,12,0.9991533818168773
O0_vs_O3qL,A021,13,0.998897960864503
O0_vs_O3qL,A021,14,0.9990940656520368
O0_vs_O3qL,A021,15,0.9991107394964942
O0_vs_O3qL,A021,16,0.9992236190794975
O0_vs_O3qL,A021,17,0.9991826669711812
O0_vs_O3qL,A021,18,0.9991454503271524
O0_vs_O3qL,A021,19,0.9989454739557608
O0_vs_O3qL,A021,20,0.9989170895906474
O0_vs_O3qL,A021,21,0.9986908218885509
O0_vs_O3qL,A021,22,0.9978511476188062
O0_vs_O3qL,A021,23,0.9986121744730981
O0_vs_O3qL,A021,24,0.9990194042400783
O0_vs_O3qL,A021,25,0.99851441748912
O0_vs_O3qL,A021,26,0.9990076200999117
O0_vs_O3qL,A022,0,0.9638721853924851
O0_vs_O3qL,A022,1,0.9970453954736015
O0_vs_O3qL,A022,2,0.9987272177910489
O0_vs_O3qL,A022,3,0.9994285786656454
O0_vs_O3qL,A022,4,0.9993406842425826
O0_vs_O3qL,A022,5,0.9990140991051714
O0_vs_O3qL,A022,6,0.9993295107341328
O0_vs_O3qL,A022,7,0.9992141477168971
O0_vs_O3qL,A022,8,0.9994986050406185
O0_vs_O3qL,A022,9,0.999331421623601
O0_vs_O3qL,A022,10,0.9987775130894688
O0_vs_O3qL,A022,11,0.9989784058554687
O0_vs_O3qL,A022,12,0.998862332115468
O0_vs_O3qL,A022,13,0.9990995573456799
O0_vs_O3qL,A022,14,0.9992111788865479
O0_vs_O3qL,A022,15,0.9986024723085726
O0_vs_O3qL,A022,16,0.9991869024253086
O0_vs_O3qL,A022,17,0.9987337143179229
O0_vs_O3qL,A022,18,0.9986521277274095
O0_vs_O3qL,A022,19,0.9981353776524341
O0_vs_O3qL,A022,20,0.998677729865285
O0_vs_O3qL,A022,21,0.9991526928009442
O0_vs_O3qL,A022,22,0.9985129046818647
O0_vs_O3qL,A022,23,0.9989317584570967
O0_vs_O3qL,A023,0,0.9638721853924851
O0_vs_O3qL,A023,1,0.9970453954736015
O0_vs_O3qL,A023,2,0.9987272177910489
O0_vs_O3qL,A023,3,0.9994285786656454
O0_vs_O3qL,A023,4,0.9992352790398069
O0_vs_O3qL,A023,5,0.9994568855526174
O0_vs_O3qL,A023,6,0.9994769267209128
O0_vs_O3qL,A023,7,0.9991138980153685
O0_vs_O3qL,A023,8,0.9990525669046806
O0_vs_O3qL,A023,9,0.9992916532819363
O0_vs_O3qL,A023,10,0.9993435433147201
O0_vs_O3qL,A023,11,0.9990793009041783
O0_vs_O3qL,A023,12,0.998969097266132
O0_vs_O3qL,A023,13,0.9986874309364026
O0_vs_O3qL,A023,14,0.9985531021100275
O0_vs_O3qL,A023,15,0.9987391551485104
O0_vs_O3qL,A023,16,0.9981615966880013
O0_vs_O3qL,A023,17,0.9988082019369601
O0_vs_O3qL,A023,18,0.9989821554167391
O0_vs_O3qL,A023,19,0.9986063560985714
O0_vs_O3qL,A023,20,0.9991775856725303
O0_vs_O3qL,A024,0,0.9638721853924851
O0_vs_O3qL,A024,1,0.9970453954736015
O0_vs_O3qL,A024,2,0.9987272177910489
O0_vs_O3qL,A024,3,0.9994285786656454
O0_vs_O3qL,A024,4,0.9991010134351732
O0_vs_O3qL,A024,5,0.9996639872363517
O0_vs_O3qL,A024,6,0.9993378379566361
O0_vs_O3qL,A024,7,0.9996701873881779
O0_vs_O3qL,A024,8,0.9994987508256077
O0_vs_O3qL,A024,9,0.9991652593845147
O0_vs_O3qL,A024,10,0.9989497558751066
O0_vs_O3qL,A024,11,0.9992759723800647
O0_vs_O3qL,A024,12,0.9994730530259781
O0_vs_O3qL,A024,13,0.9993294373729255
O0_vs_O3qL,A024,14,0.9993930010317668
O0_vs_O3qL,A024,15,0.9988973325022209
O0_vs_O3qL,A024,16,0.9991529292651544
O0_vs_O3qL,A024,17,0.999090178712397
O0_vs_O3qL,A024,18,0.9993008892623038
O0_vs_O3qL,A024,19,0.9993023362411981
O0_vs_O3qL,A024,20,0.9988315057298225
O0_vs_O3qL,A024,21,0.9988628806334093
O0_vs_O3qL,A024,22,0.9979913665770103
O0_vs_O3qL,A024,23,0.9987289589921879
O0_vs_O3qL,A024,24,0.9990907976146304
O0_vs_O3qL,A024,25,0.9985316939189681
O0_vs_O3qL,A024,26,0.999012444087083
O0_vs_O3qL,A025,0,0.9638721853924851
O0_vs_O3qL,A025,1,0.9970453954736015
O0_vs_O3qL,A025,2,0.9987272177910489
O0_vs_O3qL,A025,3,0.9994285786656454
O0_vs_O3qL,A025,4,0.9994447443367377
O0_vs_O3qL,A025,5,0.9992142899524401
O0_vs_O3qL,A025,6,0.9993753579442801
O0_vs_O3qL,A025,7,0.9994340638322514
O0_vs_O3qL,A025,8,0.9991173687121291
O0_vs_O3qL,A025,9,0.9990835148625651
O0_vs_O3qL,A025,10,0.9992490406321636
O0_vs_O3qL,A025,11,0.9990728618766141
O0_vs_O3qL,A025,12,0.9989341911617516
O0_vs_O3qL,A025,13,0.9992709970733685
O0_vs_O3qL,A025,14,0.9992630202246899
O0_vs_O3qL,A025,15,0.9988079111790314
O0_vs_O3qL,A025,16,0.9985909960651739
O0_vs_O3qL,A025,17,0.9981312180826207
O0_vs_O3qL,A025,18,0.9987230997777143
O0_vs_O3qL,A025,19,0.9991180966625425
O0_vs_O3qL,A025,20,0.9985834566285358
O0_vs_O3qL,A025,21,0.9991572832140397
O0_vs_O3qL,A026,0,0.9638721853924851
O0_vs_O3qL,A026,1,0.9970453954736015
O0_vs_O3qL,A026,2,0.9987272177910489
O0_vs_O3qL,A026,3,0.9994285786656454
O0_vs_O3qL,A026,4,0.9992073708829665
O0_vs_O3qL,A026,5,0.9990340585235403
O0_vs_O3qL,A026,6,0.9994033373430161
O0_vs_O3qL,A026,7,0.998884798905883
O0_vs_O3qL,A026,8,0.9991346591228503
O0_vs_O3qL,A026,9,0.9991371048051257
O0_vs_O3qL,A026,10,0.9990364927645828
O0_vs_O3qL,A026,11,0.9992382468513362
O0_vs_O3qL,A026,12,0.9995250134658993
O0_vs_O3qL,A026,13,0.9990991030951012
O0_vs_O3qL,A026,14,0.9990245000753274
O0_vs_O3qL,A026,15,0.9991921888045906
O0_vs_O3qL,A026,16,0.9991933342994838
O0_vs_O3qL,A026,17,0.9989531121613731
O0_vs_O3qL,A026,18,0.998057942043606
O0_vs_O3qL,A026,19,0.9986729381570378
O0_vs_O3qL,A026,20,0.9988560170409593
O0_vs_O3qL,A026,21,0.9986177712900901
O0_vs_O3qL,A026,22,0.9992602316708373
O0_vs_O3qL,A027,0,0.9638721853924851
O0_vs_O3qL,A027,1,0.9970453954736015
O0_vs_O3qL,A027,2,0.9987272177910489
O0_vs_O3qL,A027,3,0.9994913981323801
O0_vs_O3qL,A027,4,0.9994332107894491
O0_vs_O3qL,A027,5,0.9996222038449392
O0_vs_O3qL,A027,6,0.9996126629715887
O0_vs_O3qL,A027,7,0.9992142306902653
O0_vs_O3qL,A027,8,0.9993667884306087
O0_vs_O3qL,A027,9,0.9992952582034628
O0_vs_O3qL,A027,10,0.9989325005341357
O0_vs_O3qL,A027,11,0.9992202670793329
O0_vs_O3qL,A027,12,0.9993745899915318
O0_vs_O3qL,A027,13,0.9991382317902032
O0_vs_O3qL,A027,14,0.99924147434895
O0_vs_O3qL,A027,15,0.998375788821128
O0_vs_O3qL,A027,16,0.9990975545070041
O0_vs_O3qL,A027,17,0.9991027146944435
O0_vs_O3qL,A027,18,0.9990270469390279
O0_vs_O3qL,A027,19,0.9981199416687101
O0_vs_O3qL,A027,20,0.9988178753286653
O0_vs_O3qL,A027,21,0.9991449788091753
O0_vs_O3qL,A027,22,0.9986181327055106
O0_vs_O3qL,A027,23,0.9991903359006775
O0_vs_O3qL,A028,0,0.9638721853924851
O0_vs_O3qL,A028,1,0.9970453954736015
O0_vs_O3qL,A028,2,0.9987272177910489
O0_vs_O3qL,A028,3,0.9994285786656454
O0_vs_O3qL,A028,4,0.9993580390119126
O0_vs_O3qL,A028,5,0.9985348251124899
O0_vs_O3qL,A028,6,0.9991943352137341
O0_vs_O3qL,A028,7,0.999539007856413
O0_vs_O3qL,A028,8,0.9993873993964417
O0_vs_O3qL,A028,9,0.9992174388946429
O0_vs_O3qL,A028,10,0.999480040488755
O0_vs_O3qL,A028,11,0.9993133271196392
O0_vs_O3qL,A028,12,0.9991850954689337
O0_vs_O3qL,A028,13,0.9991681517267297
O0_vs_O3qL,A028,14,0.9991783573650703
O0_vs_O3qL,A028,15,0.9986643311277014
O0_vs_O3qL,A028,16,0.9981430290429535
O0_vs_O3qL,A028,17,0.998687552116864
O0_vs_O3qL,A028,18,0.9988258176740145
O0_vs_O3qL,A028,19,0.9985543361383348
O0_vs_O3qL,A028,20,0.9990791891236847
O0_vs_O3qL,A029,0,0.9638721853924851
O0_vs_O3qL,A029,1,0.9970453954736015
O0_vs_O3qL,A029,2,0.9987272177910489
O0_vs_O3qL,A029,3,0.9994285786656454
O0_vs_O3qL,A029,4,0.9990648479345909
O0_vs_O3qL,A029,5,0.9994665432710886
O0_vs_O3qL,A029,6,0.9991642129840367
O0_vs_O3qL,A029,7,0.9994832225155146
O0_vs_O3qL,A029,8,0.999276843007838
O0_vs_O3qL,A029,9,0.9991706388998134
O0_vs_O3qL,A029,10,0.9994507026910119
O0_vs_O3qL,A029,11,0.9990578818709707
O0_vs_O3qL,A029,12,0.9989995241423865
O0_vs_O3qL,A029,13,0.9991082105399773
O0_vs_O3qL,A029,14,0.998981927632807
O0_vs_O3qL,A029,15,0.9992184259572185
O0_vs_O3qL,A029,16,0.9990562695760695
O0_vs_O3qL,A029,17,0.9990601641997134
O0_vs_O3qL,A029,18,0.9988011161951633
O0_vs_O3qL,A029,19,0.998101718838931
O0_vs_O3qL,A029,20,0.9986979044991838
O0_vs_O3qL,A029,21,0.998920389379443
O0_vs_O3qL,A029,22,0.99861509383926
O0_vs_O3qL,A029,23,0.9990543188734397
O0_vs_O3qL,A030,0,0.9638721853924851
O0_vs_O3qL,A030,1,0.9970453954736015
O0_vs_O3qL,A030,2,0.9987272177910489
O0_vs_O3qL,A030,3,0.9994285786656454
O0_vs_O3qL,A030,4,0.9991634460644421
O0_vs_O3qL,A030,5,0.9993563490644427
O0_vs_O3qL,A030,6,0.9994005692010332
O0_vs_O3qL,A030,7,0.9993692338493272
O0_vs_O3qL,A030,8,0.9991972455862846
O0_vs_O3qL,A030,9,0.9995023291546018
O0_vs_O3qL,A030,10,0.9992284169201368
O0_vs_O3qL,A030,11,0.9991251759002032
O0_vs_O3qL,A030,12,0.9994627071797362
O0_vs_O3qL,A030,13,0.9994171113468581
O0_vs_O3qL,A030,14,0.9989359527274487
O0_vs_O3qL,A030,15,0.998679300401974
O0_vs_O3qL,A030,16,0.9980825512259456
O0_vs_O3qL,A030,17,0.9987506592661061
O0_vs_O3qL,A030,18,0.9987864041042178
O0_vs_O3qL,A030,19,0.9986823338706462
O0_vs_O3qL,A030,20,0.999156308124758
O0_vs_O3qL,A031,0,0.9638721853924851
O0_vs_O3qL,A031,1,0.9970453954736015
O0_vs_O3qL,A031,2,0.9987272177910489
O0_vs_O3qL,A031,3,0.9992282867146226
O0_vs_O3qL,A031,4,0.9993014487298907
O0_vs_O3qL,A031,5,0.9991713795724305
O0_vs_O3qL,A031,6,0.9993217223799401
O0_vs_O3qL,A031,7,0.9991049674665555
O0_vs_O3qL,A031,8,0.9993700208725825
O0_vs_O3qL,A031,9,0.999275181818114
O0_vs_O3qL,A031,10,0.9991358134380584
O0_vs_O3qL,A031,11,0.9988374102214431
O0_vs_O3qL,A031,12,0.9988433829379821
O0_vs_O3qL,A031,13,0.9985795571307137
O0_vs_O3qL,A031,14,0.9981444287367522
O0_vs_O3qL,A031,15,0.9985753552324697
O0_vs_O3qL,A031,16,0.9987111486381404
O0_vs_O3qL,A031,17,0.9987615625872188
O0_vs_O3qL,A031,18,0.999116886513069
O0_vs_O3qL,A032,0,0.9638721853924851
O0_vs_O3qL,A032,1,0.9970453954736015
O0_vs_O3qL,A032,2,0.9987272177910489
O0_vs_O3qL,A032,3,0.999381874142658
O0_vs_O3qL,A032,4,0.9993529745219439
O0_vs_O3qL,A032,5,0.9991329153320277
O0_vs_O3qL,A032,6,0.9990538300047936
O0_vs_O3qL,A032,7,0.9990353691242021
O0_vs_O3qL,A032,8,0.9993476716316606
O0_vs_O3qL,A032,9,0.9991352952228157
O0_vs_O3qL,A032,10,0.9991289814091625
O0_vs_O3qL,A032,11,0.998731268813744
O0_vs_O3qL,A032,12,0.9981729710289966
O0_vs_O3qL,A032,13,0.9985256333118967
O0_vs_O3qL,A032,14,0.9985889294974309
O0_vs_O3qL,A032,15,0.9986418451373115
O0_vs_O3qL,A032,16,0.9989104372637437
O0_vs_O3qL,A033,0,0.9638721853924851
O0_vs_O3qL,A033,1,0.9970453954736015
O0_vs_O3qL,A033,2,0.9987272177910489
O0_vs_O3qL,A033,3,0.9994791775737757
O0_vs_O3qL,A033,4,0.9993437210860585
O0_vs_O3qL,A033,5,0.9993557305327289
O0_vs_O3qL,A033,6,0.9989449769691755
O0_vs_O3qL,A033,7,0.9992341785997343
O0_vs_O3qL,A033,8,0.9992486378911196
O0_vs_O3qL,A033,9,0.9991740651350189
O0_vs_O3qL,A033,10,0.9992454891251693
O0_vs_O3qL,A033,11,0.9988690443835813
O0_vs_O3qL,A033,12,0.9992534403503511
O0_vs_O3qL,A033,13,0.9993511856573489
O0_vs_O3qL,A033,14,0.999001669724411
O0_vs_O3qL,A033,15,0.9987565361614847
O0_vs_O3qL,A033,16,0.9986282766686306
O0_vs_O3qL,A033,17,0.9980152066495487
O0_vs_O3qL,A033,18,0.9985435121918225
O0_vs_O3qL,A033,19,0.9989894154153889
O0_vs_O3qL,A033,20,0.9984304807731547
O0_vs_O3qL,A033,21,0.9991172152895832
O0_vs_O3qL,A034,0,0.9638721853924851
O0_vs_O3qL,A034,1,0.9970453954736015
O0_vs_O3qL,A034,2,0.9987272177910489
O0_vs_O3qL,A034,3,0.9993713009090145
O0_vs_O3qL,A034,4,0.9992417910380069
O0_vs_O3qL,A034,5,0.9992247717036662
O0_vs_O3qL,A034,6,0.9991047185470444
O0_vs_O3qL,A034,7,0.9993799095479823
O0_vs_O3qL,A034,8,0.9993382869262408
O0_vs_O3qL,A034,9,0.999099191388944
O0_vs_O3qL,A034,10,0.9988235854091836
O0_vs_O3qL,A034,11,0.9990549073163928
O0_vs_O3qL,A034,12,0.9988464099026596
O0_vs_O3qL,A034,13,0.9981829118749824
O0_vs_O3qL,A034,14,0.9987131081299725
O0_vs_O3qL,A034,15,0.9987780190350699
O0_vs_O3qL,A034,16,0.9987306816692695
O0_vs_O3qL,A034,17,0.9991534220193837
O0_vs_O3qL,A035,0,0.9638721853924851
O0_vs_O3qL,A035,1,0.9970453954736015
O0_vs_O3qL,A035,2,0.9987272177910489
O0_vs_O3qL,A035,3,0.99946087167723
O0_vs_O3qL,A035,4,0.9992718068813787
O0_vs_O3qL,A035,5,0.9993689197670912
O0_vs_O3qL,A035,6,0.9991765615743293
O0_vs_O3qL,A035,7,0.999125344884644
O0_vs_O3qL,A035,8,0.9989751381673977
O0_vs_O3qL,A035,9,0.9990090164893883
O0_vs_O3qL,A035,10,0.9989810259036254
O0_vs_O3qL,A035,11,0.9982116290689143
O0_vs_O3qL,A035,12,0.9981323693512587
O0_vs_O3qL,A035,13,0.998763872362841
O0_vs_O3qL,A035,14,0.9982686337547638
O0_vs_O3qL,A035,15,0.9990210960245712
O0_vs_O3qL,A036,0,0.9638721853924851
O0_vs_O3qL,A036,1,0.9970453954736015
O0_vs_O3qL,A036,2,0.9987272177910489
O0_vs_O3qL,A036,3,0.9995559307150649
O0_vs_O3qL,A036,4,0.9992069688638013
O0_vs_O3qL,A036,5,0.9995375690905892
O0_vs_O3qL,A036,6,0.9992789646527311
O0_vs_O3qL,A036,7,0.9992499119335239
O0_vs_O3qL,A036,8,0.9992447033775645
O0_vs_O3qL,A036,9,0.9993404254479025
O0_vs_O3qL,A036,10,0.999444988360027
O0_vs_O3qL,A036,11,0.998913478347787
O0_vs_O3qL,A036,12,0.9987544373765936
O0_vs_O3qL,A036,13,0.9982310263620878
O0_vs_O3qL,A036,14,0.9984805548230159
O0_vs_O3qL,A036,15,0.9984225189865948
O0_vs_O3qL,A036,16,0.9987869364512068
O0_vs_O3qL,A036,17,0.9990202665642971
O0_vs_O3qL,A037,0,0.9638721853924851
O0_vs_O3qL,A037,1,0.9970453954736015
O0_vs_O3qL,A037,2,0.9987272177910489
O0_vs_O3qL,A037,3,0.9992697665306598
O0_vs_O3qL,A037,4,0.9991457430346701
O0_vs_O3qL,A037,5,0.9993206455747891
O0_vs_O3qL,A037,6,0.9993010984603768
O0_vs_O3qL,A037,7,0.9991445903627181
O0_vs_O3qL,A037,8,0.9992231410707765
O0_vs_O3qL,A037,9,0.9992704433558329
O0_vs_O3qL,A037,10,0.9988439019794276
O0_vs_O3qL,A037,11,0.9988444539389225
O0_vs_O3qL,A037,12,0.9988254033324102
O0_vs_O3qL,A037,13,0.9979814897340371
O0_vs_O3qL,A037,14,0.9979343628894285
O0_vs_O3qL,A037,15,0.9978618979669749
O0_vs_O3qL,A037,16,0.9985945893289047
O0_vs_O3qL,A037,17,0.9988497088158015
O0_vs_O3qL,A038,0,0.9638721853924851
O0_vs_O3qL,A038,1,0.9970453954736015
O0_vs_O3qL,A038,2,0.9987272177910489
O0_vs_O3qL,A038,3,0.9994053752628708
O0_vs_O3qL,A038,4,0.999578547418132
O0_vs_O3qL,A038,5,0.9995167411935282
O0_vs_O3qL,A038,6,0.9992058768944015
O0_vs_O3qL,A038,7,0.9995031711174341
O0_vs_O3qL,A038,8,0.9993808092766588
O0_vs_O3qL,A038,9,0.9992144900394286
O0_vs_O3qL,A038,10,0.9992179333720167
O0_vs_O3qL,A038,11,0.9988783804013818
O0_vs_O3qL,A038,12,0.998695373891111
O0_vs_O3qL,A038,13,0.9980973721037215
O0_vs_O3qL,A038,14,0.9986308170108394
O0_vs_O3qL,A038,15,0.9989094383939765
O0_vs_O3qL,A038,16,0.9988135738376874
O0_vs_O3qL,A038,17,0.9989781938523905
O0_vs_O3qL,A039,0,0.9638721853924851
O0_vs_O3qL,A039,1,0.9970453954736015
O0_vs_O3qL,A039,2,0.9987272177910489
O0_vs_O3qL,A039,3,0.9991752249878767
O0_vs_O3qL,A039,4,0.9993400424280231
O0_vs_O3qL,A039,5,0.9992812316285392
O0_vs_O3qL,A039,6,0.9993899452908938
O0_vs_O3qL,A039,7,0.9994026171544085
O0_vs_O3qL,A039,8,0.9994089556850074
O0_vs_O3qL,A039,9,0.9991844491042418
O0_vs_O3qL,A039,10,0.999407535101259
O0_vs_O3qL,A039,11,0.9994773833021938
O0_vs_O3qL,A039,12,0.9996539398388904
O0_vs_O3qL,A039,13,0.9991049666334684
O0_vs_O3qL,A039,14,0.9988119941729816
O0_vs_O3qL,A039,15,0.9980460439101526
O0_vs_O3qL,A039,16,0.9979040832110827
O0_vs_O3qL,A039,17,0.9987344777098852
O0_vs_O3qL,A039,18,0.9987845084017319
O0_vs_O3qL,A039,19,0.9992574561670671
O0_vs_O3qL,A040,0,0.9638721853924851
O0_vs_O3qL,A040,1,0.9970453954736015
O0_vs_O3qL,A040,2,0.9987272177910489
O0_vs_O3qL,A040,3,0.9994002285669351
O0_vs_O3qL,A040,4,0.9993823401185213
O0_vs_O3qL,A040,5,0.99943566813946
O0_vs_O3qL,A040,6,0.9992828786771389
O0_vs_O3qL,A040,7,0.9989664455315872
O0_vs_O3qL,A040,8,0.9991295634517952
O0_vs_O3qL,A040,9,0.9992398787096741
O0_vs_O3qL,A040,10,0.9986683285592375
O0_vs_O3qL,A040,11,0.9990528514091694
O0_vs_O3qL,A040,12,0.9987317293591397
O0_vs_O3qL,A040,13,0.9982229115662481
O0_vs_O3qL,A040,14,0.998798358462877
O0_vs_O3qL,A040,15,0.9981415933322193
O0_vs_O3qL,A040,16,0.998750647941444
O0_vs_O3qL,A040,17,0.9990623820681066
O0_vs_O3qL,A041,0,0.9638721853924851
O0_vs_O3qL,A041,1,0.9970453954736015
O0_vs_O3qL,A041,2,0.9987272177910489
O0_vs_O3qL,A041,3,0.9994285786656454
O0_vs_O3qL,A041,4,0.9995596831350267
O0_vs_O3qL,A041,5,0.999446245341555
O0_vs_O3qL,A041,6,0.9994817390807388
O0_vs_O3qL,A041,7,0.9995260583166942
O0_vs_O3qL,A041,8,0.9992897812892455
O0_vs_O3qL,A041,9,0.999037951156627
O0_vs_O3qL,A041,10,0.9991419463874243
O0_vs_O3qL,A041,11,0.999214069548204
O0_vs_O3qL,A041,12,0.9995012296553788
O0_vs_O3qL,A041,13,0.9991317000595512
O0_vs_O3qL,A041,14,0.9990589317831111
O0_vs_O3qL,A041,15,0.9995216389876928
O0_vs_O3qL,A041,16,0.9995782433235604
O0_vs_O3qL,A041,17,0.9990730212493804
O0_vs_O3qL,A041,18,0.9989734777617126
O0_vs_O3qL,A041,19,0.9986834530387165
O0_vs_O3qL,A041,20,0.9979901246795809
O0_vs_O3qL,A041,21,0.9985585376604168
O0_vs_O3qL,A041,22,0.9990941952246087
O0_vs_O3qL,A041,23,0.9987667459850177
O0_vs_O3qL,A041,24,0.9990081343473364
O0_vs_O3qL,A042,0,0.9638721853924851
O0_vs_O3qL,A042,1,0.9970453954736015
O0_vs_O3qL,A042,2,0.9987272177910489
O0_vs_O3qL,A042,3,0.9993670849601308
O0_vs_O3qL,A042,4,0.9994853418746494
O0_vs_O3qL,A042,5,0.9993834944863704
O0_vs_O3qL,A042,6,0.9994951431914173
O0_vs_O3qL,A042,7,0.9995506366636194
O0_vs_O3qL,A042,8,0.9991466822332917
O0_vs_O3qL,A042,9,0.9991048063477971
O0_vs_O3qL,A042,10,0.9992992620601974
O0_vs_O3qL,A042,11,0.9994123742920745
O0_vs_O3qL,A042,12,0.9990086022313984
O0_vs_O3qL,A042,13,0.9992786168738412
O0_vs_O3qL,A042,14,0.999373789138804
O0_vs_O3qL,A042,15,0.9988803571052945
O0_vs_O3qL,A042,16,0.9987393425165265
O0_vs_O3qL,A042,17,0.9981604987004874
O0_vs_O3qL,A042,18,0.9986552394573275
O0_vs_O3qL,A042,19,0.9988911903977417
O0_vs_O3qL,A042,20,0.9986907957273776
O0_vs_O3qL,A042,21,0.998951464946983
O0_vs_O3qL,A043,0,0.9638721853924851
O0_vs_O3qL,A043,1,0.9970453954736015
O0_vs_O3qL,A043,2,0.9987272177910489
O0_vs_O3qL,A043,3,0.9994285786656454
O0_vs_O3qL,A043,4,0.9992238566234478
O0_vs_O3qL,A043,5,0.9995408077046868
O0_vs_O3qL,A043,6,0.9993272230533095
O0_vs_O3qL,A043,7,0.9993717866432315
O0_vs_O3qL,A043,8,0.999264503078646
O0_vs_O3qL,A043,9,0.9992584322112454
O0_vs_O3qL,A043,10,0.9990173125781316
O0_vs_O3qL,A043,11,0.9992835771242513
O0_vs_O3qL,A043,12,0.9988855332654529
O0_vs_O3qL,A043,13,0.9991934764961755
O0_vs_O3qL,A043,14,0.9990382774125981
O0_vs_O3qL,A043,15,0.9990857613388057
O0_vs_O3qL,A043,16,0.9988807209941619
O0_vs_O3qL,A043,17,0.998568027090169
O0_vs_O3qL,A043,18,0.9981386036304813
O0_vs_O3qL,A043,19,0.9985152189322261
O0_vs_O3qL,A043,20,0.9991137043461633
O0_vs_O3qL,A043,21,0.9985808939432074
O0_vs_O3qL,A043,22,0.9990220582065886
O0_vs_O3qL,A044,0,0.9638721853924851
O0_vs_O3qL,A044,1,0.9970453954736015
O0_vs_O3qL,A044,2,0.9987272177910489
O0_vs_O3qL,A044,3,0.9993713009090145
O0_vs_O3qL,A044,4,0.9994539601257073
O0_vs_O3qL,A044,5,0.999300409626
O0_vs_O3qL,A044,6,0.9993552440203215
O0_vs_O3qL,A044,7,0.9992452714928609
O0_vs_O3qL,A044,8,0.9987997900550142
O0_vs_O3qL,A044,9,0.9992724990779323
O0_vs_O3qL,A044,10,0.9989959391230375
O0_vs_O3qL,A044,11,0.9989499181539163
O0_vs_O3qL,A044,12,0.998686624883884
O0_vs_O3qL,A044,13,0.998242822640012
O0_vs_O3qL,A044,14,0.9987073456529477
O0_vs_O3qL,A044,15,0.9990204068174274
O0_vs_O3qL,A044,16,0.9986501414014901
O0_vs_O3qL,A044,17,0.9988421995580419
O0_vs_O3qL,A045,0,0.9638721853924851
O0_vs_O3qL,A045,1,0.9970453954736015
O0_vs_O3qL,A045,2,0.9987272177910489
O0_vs_O3qL,A045,3,0.9994285786656454
O0_vs_O3qL,A045,4,0.9993884113796603
O0_vs_O3qL,A045,5,0.9994535695973379
O0_vs_O3qL,A045,6,0.9993735529086658
O0_vs_O3qL,A045,7,0.9990221363157237
O0_vs_O3qL,A045,8,0.9993654911846505
O0_vs_O3qL,A045,9,0.9994437289482593
O0_vs_O3qL,A045,10,0.999089193364323
O0_vs_O3qL,A045,11,0.9991368821776102
O0_vs_O3qL,A045,12,0.998806674206932
O0_vs_O3qL,A045,13,0.9988716945001618
O0_vs_O3qL,A045,14,0.9981011668137261
O0_vs_O3qL,A045,15,0.9986207194249601
O0_vs_O3qL,A045,16,0.9991781518075254
O0_vs_O3qL,A045,17,0.9987561675105779
O0_vs_O3qL,A045,18,0.999091879518076
O0_vs_O3qL,A046,0,0.9638721853924851
O0_vs_O3qL,A046,1,0.9970453954736015
O0_vs_O3qL,A046,2,0.9987272177910489
O0_vs_O3qL,A046,3,0.9994285771709301
O0_vs_O3qL,A046,4,0.999449291306708
O0_vs_O3qL,A046,5,0.9993485271658301
O0_vs_O3qL,A046,6,0.9990408180352707
O0_vs_O3qL,A046,7,0.9990507827335758
O0_vs_O3qL,A046,8,0.9992059384026802
O0_vs_O3qL,A046,9,0.9990203358515254
O0_vs_O3qL,A046,10,0.9987677518486577
O0_vs_O3qL,A046,11,0.9985724673543155
O0_vs_O3qL,A046,12,0.9981264289723033
O0_vs_O3qL,A046,13,0.9982826899336399
O0_vs_O3qL,A046,14,0.9989669815783438
O0_vs_O3qL,A046,15,0.9985681042289188
O0_vs_O3qL,A046,16,0.9989615348324186
O0_vs_O3qL,A047,0,0.9638721853924851
O0_vs_O3qL,A047,1,0.9970453954736015
O0_vs_O3qL,A047,2,0.9987272177910489
O0_vs_O3qL,A047,3,0.9994285786656454
O0_vs_O3qL,A047,4,0.9991829085569647
O0_vs_O3qL,A047,5,0.9994415208744791
O0_vs_O3qL,A047,6,0.9995029051066827
O0_vs_O3qL,A047,7,0.999076013802137
O0_vs_O3qL,A047,8,0.9994372313967569
O0_vs_O3qL,A047,9,0.9992067721608642
O0_vs_O3qL,A047,10,0.9993453824429789
O0_vs_O3qL,A047,11,0.9994973075823427
O0_vs_O3qL,A047,12,0.9992052843083008
O0_vs_O3qL,A047,13,0.9986468673443695
O0_vs_O3qL,A047,14,0.9981947084516604
O0_vs_O3qL,A047,15,0.99866331639792
O0_vs_O3qL,A047,16,0.9985642661522995
O0_vs_O3qL,A047,17,0.998625394480176
O0_vs_O3qL,A047,18,0.9990845110093999
O0_vs_O3qL,A048,0,0.9638721853924851
O0_vs_O3qL,A048,1,0.9970453954736015
O0_vs_O3qL,A048,2,0.9987272177910489
O0_vs_O3qL,A048,3,0.9994285786656454
O0_vs_O3qL,A048,4,0.9989465604349186
O0_vs_O3qL,A048,5,0.9993161226739176
O0_vs_O3qL,A048,6,0.9993066342096165
O0_vs_O3qL,A048,7,0.9992418572798543
O0_vs_O3qL,A048,8,0.9992588807827025
O0_vs_O3qL,A048,9,0.9990253777352902
O0_vs_O3qL,A048,10,0.9993908645603051
O0_vs_O3qL,A048,11,0.9993209004889868
O0_vs_O3qL,A048,12,0.9990615370770994
O0_vs_O3qL,A048,13,0.9987489245518224
O0_vs_O3qL,A048,14,0.9986605522259008
O0_vs_O3qL,A048,15,0.998254908777596
O0_vs_O3qL,A048,16,0.9986500065219931
O0_vs_O3qL,A048,17,0.9989861534873558
O0_vs_O3qL,A048,18,0.9986433300485946
O0_vs_O3qL,A048,19,0.999020154470922
O0_vs_O3qL,A049,0,0.9638721853924851
O0_vs_O3qL,A049,1,0.9970453954736015
O0_vs_O3qL,A049,2,0.9987272177910489
O0_vs_O3qL,A049,3,0.9994285786656454
O0_vs_O3qL,A049,4,0.9993164279650758
O0_vs_O3qL,A049,5,0.9990940956396179
O0_vs_O3qL,A049,6,0.9986854020155372
O0_vs_O3qL,A049,7,0.998991691981679
O0_vs_O3qL,A049,8,0.9993716931427836
O0_vs_O3qL,A049,9,0.9995108404156084
O0_vs_O3qL,A049,10,0.9994757835156942
O0_vs_O3qL,A049,11,0.9993478831297641
O0_vs_O3qL,A049,12,0.9989190528687298
O0_vs_O3qL,A049,13,0.99925539781999
O0_vs_O3qL,A049,14,0.999286154865255
O0_vs_O3qL,A049,15,0.9992734169577041
O0_vs_O3qL,A049,16,0.9990347986338292
O0_vs_O3qL,A049,17,0.9993239551043073
O0_vs_O3qL,A049,18,0.9988584326501443
O0_vs_O3qL,A049,19,0.9986459886476668
O0_vs_O3qL,A049,20,0.997980174250329
O0_vs_O3qL,A049,21,0.998498249360426
O0_vs_O3qL,A049,22,0.9989630540449526
O0_vs_O3qL,A049,23,0.9986047116167661
O0_vs_O3qL,A049,24,0.9990540465199297
O0_vs_O3qL,A050,0,0.9638721853924851
O0_vs_O3qL,A050,1,0.9970453954736015
O0_vs_O3qL,A050,2,0.9987272177910489
O0_vs_O3qL,A050,3,0.9994285786656454
O0_vs_O3qL,A050,4,0.999213372393135
O0_vs_O3qL,A050,5,0.9993040727237895
O0_vs_O3qL,A050,6,0.9994737980494139
O0_vs_O3qL,A050,7,0.9995693757397859
O0_vs_O3qL,A050,8,0.9992102907719757
O0_vs_O3qL,A050,9,0.9992825715490817
O0_vs_O3qL,A050,10,0.9993572777919679
O0_vs_O3qL,A050,11,0.9992568975948584
O0_vs_O3qL,A050,12,0.9992457928191069
O0_vs_O3qL,A050,13,0.9991718002283403
O0_vs_O3qL,A050,14,0.99876813950417
O0_vs_O3qL,A050,15,0.9988634815312655
O0_vs_O3qL,A050,16,0.9981793909987198
O0_vs_O3qL,A050,17,0.9987390032060475
O0_vs_O3qL,A050,18,0.9986256934946331
O0_vs_O3qL,A050,19,0.9987981905118953
O0_vs_O3qL,A050,20,0.9991091837627508
O0_vs_O3qL,A051,0,0.9638721853924851
O0_vs_O3qL,A051,1,0.9970453954736015
O0_vs_O3qL,A051,2,0.9987272177910489
O0_vs_O3qL,A051,3,0.9994285786656454
O0_vs_O3qL,A051,4,0.9993653324997548
O0_vs_O3qL,A051,5,0.9995443305979919
O0_vs_O3qL,A051,6,0.9992874905516614
O0_vs_O3qL,A051,7,0.9996273530342604
O0_vs_O3qL,A051,8,0.9997332235184484
O0_vs_O3qL,A051,9,0.9994564299344361
O0_vs_O3qL,A051,10,0.9991800639572713
O0_vs_O3qL,A051,11,0.9990827600850288
O0_vs_O3qL,A051,12,0.9995776043059428
O0_vs_O3qL,A051,13,0.9989477453346469
O0_vs_O3qL,A051,14,0.9990135601854868
O0_vs_O3qL,A051,15,0.9980536539807626
O0_vs_O3qL,A051,16,0.9983240107670688
O0_vs_O3qL,A051,17,0.9991153983108233
O0_vs_O3qL,A051,18,0.9986750439689849
O0_vs_O3qL,A051,19,0.9992257515101519
O0_vs_O3qL,A052,0,0.9638721853924851
O0_vs_O3qL,A052,1,0.9970453954736015
O0_vs_O3qL,A052,2,0.9987272177910489
O0_vs_O3qL,A052,3,0.9993670849601308
O0_vs_O3qL,A052,4,0.9993224638897643
O0_vs_O3qL,A052,5,0.9991630917012474
O0_vs_O3qL,A052,6,0.9996351725657623
O0_vs_O3qL,A052,7,0.9993230355599126
O0_vs_O3qL,A052,8,0.9994490113822525
O0_vs_O3qL,A052,9,0.9992152130255566
O0_vs_O3qL,A052,10,0.9994555456522839
O0_vs_O3qL,A052,11,0.9985593512668095
O0_vs_O3qL,A052,12,0.9991973884224777
O0_vs_O3qL,A052,13,0.9995623759950435
O0_vs_O3qL,A052,14,0.9992228219225987
O0_vs_O3qL,A052,15,0.9990752500369434
O0_vs_O3qL,A052,16,0.9990566178354667
O0_vs_O3qL,A052,17,0.9982009089963769
O0_vs_O3qL,A052,18,0.9984173165133454
O0_vs_O3qL,A052,19,0.9986023213049909
O0_vs_O3qL,A052,20,0.9987294364000608
O0_vs_O3qL,A052,21,0.99924729339295
O0_vs_O3qL,A053,0,0.9638721853924851
O0_vs_O3qL,A053,1,0.9970453954736015
O0_vs_O3qL,A053,2,0.9987272177910489
O0_vs_O3qL,A053,3,0.9994285786656454
O0_vs_O3qL,A053,4,0.9993137143334173
O0_vs_O3qL,A053,5,0.9993618609587754
O0_vs_O3qL,A053,6,0.9996341707004744
O0_vs_O3qL,A053,7,0.9996987378772949
O0_vs_O3qL,A053,8,0.9994027659098037
O0_vs_O3qL,A053,9,0.9991647399612088
O0_vs_O3qL,A053,10,0.9991591724307783
O0_vs_O3qL,A053,11,0.9993104491727984
O0_vs_O3qL,A053,12,0.9992828391518705
O0_vs_O3qL,A053,13,0.999162368552584
O0_vs_O3qL,A053,14,0.9989327159124616
O0_vs_O3qL,A053,15,0.9987086802220204
O0_vs_O3qL,A053,16,0.9981507167250581
O0_vs_O3qL,A053,17,0.9985165987384769
O0_vs_O3qL,A053,18,0.9987724114064676
O0_vs_O3qL,A053,19,0.9986487295247991
O0_vs_O3qL,A053,20,0.9990741538065474
O0_vs_O3qL,A054,0,0.9638721853924851
O0_vs_O3qL,A054,1,0.9970453954736015
O0_vs_O3qL,A054,2,0.9987272177910489
O0_vs_O3qL,A054,3,0.9994285786656454
O0_vs_O3qL,A054,4,0.9994849660161738
O0_vs_O3qL,A054,5,0.9994671824079149
O0_vs_O3qL,A054,6,0.9996013798629627
O0_vs_O3qL,A054,7,0.9997093095312684
O0_vs_O3qL,A054,8,0.9996148041772634
O0_vs_O3qL,A054,9,0.9995053467794115
O0_vs_O3qL,A054,10,0.9994412874598744
O0_vs_O3qL,A054,11,0.9993660026239662
O0_vs_O3qL,A054,12,0.9991622697160375
O0_vs_O3qL,A054,13,0.9994606675161207
O0_vs_O3qL,A054,14,0.9994753611697941
O0_vs_O3qL,A054,15,0.9991241108275306
O0_vs_O3qL,A054,16,0.9989686287256373
O0_vs_O3qL,A054,17,0.9989816487518052
O0_vs_O3qL,A054,18,0.9981803144845582
O0_vs_O3qL,A054,19,0.9985577124944301
O0_vs_O3qL,A054,20,0.9993352286414046
O0_vs_O3qL,A054,21,0.9985082372238464
O0_vs_O3qL,A054,22,0.999459859580463
O0_vs_O3qL,A055,0,0.9638721853924851
O0_vs_O3qL,A055,1,0.9970453954736015
O0_vs_O3qL,A055,2,0.9987272177910489
O0_vs_O3qL,A055,3,0.9994285786656454
O0_vs_O3qL,A055,4,0.9995211337701306
O0_vs_O3qL,A055,5,0.9995302318216144
O0_vs_O3qL,A055,6,0.9992822702262023
O0_vs_O3qL,A055,7,0.9995825993413886
O0_vs_O3qL,A055,8,0.9997344827747444
O0_vs_O3qL,A055,9,0.9995027726410541
O0_vs_O3qL,A055,10,0.9991300867660131
O0_vs_O3qL,A055,11,0.9993078225837003
O0_vs_O3qL,A055,12,0.9992981335559872
O0_vs_O3qL,A055,13,0.9992313208674991
O0_vs_O3qL,A055,14,0.9991050622469314
O0_vs_O3qL,A055,15,0.9988340173702298
O0_vs_O3qL,A055,16,0.9979435144736485
O0_vs_O3qL,A055,17,0.9984139713860024
O0_vs_O3qL,A055,18,0.9988757963479111
O0_vs_O3qL,A055,19,0.9986910983741069
O0_vs_O3qL,A055,20,0.9994007153523392
O0_vs_O3qL,A056,0,0.9638721853924851
O0_vs_O3qL,A056,1,0.9970453954736015
O0_vs_O3qL,A056,2,0.9987272177910489
O0_vs_O3qL,A056,3,0.9993670849601308
O0_vs_O3qL,A056,4,0.9993168335326222
O0_vs_O3qL,A056,5,0.9988405010560848
O0_vs_O3qL,A056,6,0.9984307601566809
O0_vs_O3qL,A056,7,0.9995136703149379
O0_vs_O3qL,A056,8,0.9992150012974085
O0_vs_O3qL,A056,9,0.9991970154195081
O0_vs_O3qL,A056,10,0.9993227599412933
O0_vs_O3qL,A056,11,0.9994245537334666
O0_vs_O3qL,A056,12,0.9992626783608235
O0_vs_O3qL,A056,13,0.999357312488358
O0_vs_O3qL,A056,14,0.9994698143578762
O0_vs_O3qL,A056,15,0.9990821789912244
O0_vs_O3qL,A056,16,0.9988988369435302
O0_vs_O3qL,A056,17,0.9988855388083032
O0_vs_O3qL,A056,18,0.9981797293003906
O0_vs_O3qL,A056,19,0.9983787248008871
O0_vs_O3qL,A056,20,0.9991528745872513
O0_vs_O3qL,A056,21,0.998771381855664
O0_vs_O3qL,A056,22,0.9990495063543463
O0_vs_O3qL,A057,0,0.9638721853924851
O0_vs_O3qL,A057,1,0.9970453954736015
O0_vs_O3qL,A057,2,0.9987272177910489
O0_vs_O3qL,A057,3,0.9994285786656454
O0_vs_O3qL,A057,4,0.9991494460502269
O0_vs_O3qL,A057,5,0.9983220894864313
O0_vs_O3qL,A057,6,0.9992472969101425
O0_vs_O3qL,A057,7,0.9991475224138376
O0_vs_O3qL,A057,8,0.9991575446176735
O0_vs_O3qL,A057,9,0.9995730368766866
O0_vs_O3qL,A057,10,0.9995791765384533
O0_vs_O3qL,A057,11,0.9993903679765722
O0_vs_O3qL,A057,12,0.999128212089667
O0_vs_O3qL,A057,13,0.9987814919504066
O0_vs_O3qL,A057,14,0.9983446114726248
O0_vs_O3qL,A057,15,0.9987023626608943
O0_vs_O3qL,A057,16,0.9989246556740858
O0_vs_O3qL,A057,17,0.9987588675709634
O0_vs_O3qL,A057,18,0.9993245467053085
O0_vs_O3qL,A058,0,0.9638721853924851
O0_vs_O3qL,A058,1,0.9970453954736015
O0_vs_O3qL,A058,2,0.9987272177910489
O0_vs_O3qL,A058,3,0.9994285786656454
O0_vs_O3qL,A058,4,0.9991521314516013
O0_vs_O3qL,A058,5,0.999443273458152
O0_vs_O3qL,A058,6,0.9991003223410593
O0_vs_O3qL,A058,7,0.9994128519883474
O0_vs_O3qL,A058,8,0.9992294247179211
O0_vs_O3qL,A058,9,0.9991264998268544
O0_vs_O3qL,A058,10,0.99926147098383
O0_vs_O3qL,A058,11,0.9993068012350454
O0_vs_O3qL,A058,12,0.9989672693767867
O0_vs_O3qL,A058,13,0.9989975034977716
O0_vs_O3qL,A058,14,0.9982123256542508
O0_vs_O3qL,A058,15,0.998524279939406
O0_vs_O3qL,A058,16,0.9987457836611874
O0_vs_O3qL,A058,17,0.9988368513130208
O0_vs_O3qL,A058,18,0.9991424897402921
O0_vs_O3qL,A059,0,0.9638721853924851
O0_vs_O3qL,A059,1,0.9970453954736015
O0_vs_O3qL,A059,2,0.9987272177910489
O0_vs_O3qL,A059,3,0.9994285786656454
O0_vs_O3qL,A059,4,0.9993590794593706
O0_vs_O3qL,A059,5,0.9993979827428611
O0_vs_O3qL,A059,6,0.9994568653662173
O0_vs_O3qL,A059,7,0.9992447278251562
O0_vs_O3qL,A059,8,0.9990716031291114
O0_vs_O3qL,A059,9,0.9993545265482264
O0_vs_O3qL,A059,10,0.9992496776973402
O0_vs_O3qL,A059,11,0.9991415420471863
O0_vs_O3qL,A059,12,0.9989486713248714
O0_vs_O3qL,A059,13,0.9989767761926178
O0_vs_O3qL,A059,14,0.9989939796166264
O0_vs_O3qL,A059,15,0.9986186899880286
O0_vs_O3qL,A059,16,0.9982923176536774
O0_vs_O3qL,A059,17,0.9982682388490853
O0_vs_O3qL,A059,18,0.9990144493777013
O0_vs_O3qL,A059,19,0.9986815756550382
O0_vs_O3qL,A059,20,0.9991820404551786
O0_vs_O3qL,A060,0,0.9638721853924851
O0_vs_O3qL,A060,1,0.9970453954736015
O0_vs_O3qL,A060,2,0.9987272177910489
O0_vs_O3qL,A060,3,0.9993670849601308
O0_vs_O3qL,A060,4,0.9994025877570735
O0_vs_O3qL,A060,5,0.9989455873727798
O0_vs_O3qL,A060,6,0.9996319133887924
O0_vs_O3qL,A060,7,0.9992279631296938
O0_vs_O3qL,A060,8,0.9995482444631936
O0_vs_O3qL,A060,9,0.9995388934399025
O0_vs_O3qL,A060,10,0.9994211686481274
O0_vs_O3qL,A060,11,0.9990090206683077
O0_vs_O3qL,A060,12,0.9993404486722951
O0_vs_O3qL,A060,13,0.9989812498407087
O0_vs_O3qL,A060,14,0.9988204097857419
O0_vs_O3qL,A060,15,0.9983632565598829
O0_vs_O3qL,A060,16,0.9985245104958638
O0_vs_O3qL,A060,17,0.9990446434271061
O0_vs_O3qL,A060,18,0.998537795224
O0_vs_O3qL,A060,19,0.9994594793046778
O0_vs_O3qL,A061,0,0.9638721853924851
O0_vs_O3qL,A061,1,0.9970453954736015
O0_vs_O3qL,A061,2,0.9987272177910489
O0_vs_O3qL,A061,3,0.9994285786656454
O0_vs_O3qL,A061,4,0.9993396779628528
O0_vs_O3qL,A061,5,0.9991941389148613
O0_vs_O3qL,A061,6,0.99958501628227
O0_vs_O3qL,A061,7,0.9992256026943083
O0_vs_O3qL,A061,8,0.9991744000016052
O0_vs_O3qL,A061,9,0.9993002950297638
O0_vs_O3qL,A061,10,0.9994631012700121
O0_vs_O3qL,A061,11,0.9995384350411706
O0_vs_O3qL,A061,12,0.9992937086316085
O0_vs_O3qL,A061,13,0.9992166029447738
O0_vs_O3qL,A061,14,0.9990348222108771
O0_vs_O3qL,A061,15,0.9993441860104839
O0_vs_O3qL,A061,16,0.9984104792459064
O0_vs_O3qL,A061,17,0.9990758793577704
O0_vs_O3qL,A061,18,0.9989839824022393
O0_vs_O3qL,A061,19,0.9986308715482896
O0_vs_O3qL,A061,20,0.9979620115140907
O0_vs_O3qL,A061,21,0.9986635278637811
O0_vs_O3qL,A061,22,0.9984325812790646
O0_vs_O3qL,A061,23,0.9987795640332184
O0_vs_O3qL,A061,24,0.9992466225893623
O0_vs_O3qL,A062,0,0.9638721853924851
O0_vs_O3qL,A062,1,0.9970453954736015
O0_vs_O3qL,A062,2,0.9987272177910489
O0_vs_O3qL,A062,3,0.9994285786656454
O0_vs_O3qL,A062,4,0.9993990848844294
O0_vs_O3qL,A062,5,0.9996533621092107
O0_vs_O3qL,A062,6,0.9995580074173246
O0_vs_O3qL,A062,7,0.9989725217409602
O0_vs_O3qL,A062,8,0.9992284189665321
O0_vs_O3qL,A062,9,0.9993784610154872
O0_vs_O3qL,A062,10,0.9990810307237782
O0_vs_O3qL,A062,11,0.9991669604017364
O0_vs_O3qL,A062,12,0.9994037891071337
O0_vs_O3qL,A062,13,0.9993339375478135
O0_vs_O3qL,A062,14,0.9991893801350573
O0_vs_O3qL,A062,15,0.9985991022315206
O0_vs_O3qL,A062,16,0.9991004614241547
O0_vs_O3qL,A062,17,0.9991685237840743
O0_vs_O3qL,A062,18,0.9981152860644957
O0_vs_O3qL,A062,19,0.9985359447991542
O0_vs_O3qL,A062,20,0.9990777769934
O0_vs_O3qL,A062,21,0.9987705835139201
O0_vs_O3qL,A062,22,0.9992713613340026
O0_vs_O3qL,A063,0,0.9638721853924851
O0_vs_O3qL,A063,1,0.9970453954736015
O0_vs_O3qL,A063,2,0.9987272177910489
O0_vs_O3qL,A063,3,0.9994285786656454
O0_vs_O3qL,A063,4,0.9992984466501488
O0_vs_O3qL,A063,5,0.9989267044746959
O0_vs_O3qL,A063,6,0.9992859741515142
O0_vs_O3qL,A063,7,0.9992237839680034
O0_vs_O3qL,A063,8,0.9991388119585978
O0_vs_O3qL,A063,9,0.9992701118862811
O0_vs_O3qL,A063,10,0.9993726778625904
O0_vs_O3qL,A063,11,0.9991895404069961
O0_vs_O3qL,A063,12,0.9989954938856979
O0_vs_O3qL,A063,13,0.9990081493491028
O0_vs_O3qL,A063,14,0.9980879505882975
O0_vs_O3qL,A063,15,0.9986647167549998
O0_vs_O3qL,A063,16,0.9989078809291558
O0_vs_O3qL,A063,17,0.998820871082186
O0_vs_O3qL,A063,18,0.999180220410413
O0_vs_O3qL,A064,0,0.9638721853924851
O0_vs_O3qL,A064,1,0.9970453954736015
O0_vs_O3qL,A064,2,0.9987272177910489
O0_vs_O3qL,A064,3,0.9994285771709301
O0_vs_O3qL,A064,4,0.9994592964096813
O0_vs_O3qL,A064,5,0.9994341198438927
O0_vs_O3qL,A064,6,0.9994010338523744
O0_vs_O3qL,A064,7,0.9994059385961342
O0_vs_O3qL,A064,8,0.9994705507660444
O0_vs_O3qL,A064,9,0.9991494735696267
O0_vs_O3qL,A064,10,0.9991457905758325
O0_vs_O3qL,A064,11,0.9988905789292564
O0_vs_O3qL,A064,12,0.9982229712010461
O0_vs_O3qL,A064,13,0.9984171595966054
O0_vs_O3qL,A064,14,0.9986922422982164
O0_vs_O3qL,A064,15,0.9988012379957906
O0_vs_O3qL,A064,16,0.9991905126400951
O0_vs_O3qL,A065,0,0.9638721853924851
O0_vs_O3qL,A065,1,0.9970453954736015
O0_vs_O3qL,A065,2,0.9987272177910489
O0_vs_O3qL,A065,3,0.9994285786656454
O0_vs_O3qL,A065,4,0.9994117161314
O0_vs_O3qL,A065,5,0.999339170189666
O0_vs_O3qL,A065,6,0.9995676971635902
O0_vs_O3qL,A065,7,0.9996287047307969
O0_vs_O3qL,A065,8,0.9989360134858036
O0_vs_O3qL,A065,9,0.999036987890147
O0_vs_O3qL,A065,10,0.9992133563632849
O0_vs_O3qL,A065,11,0.9991664584575114
O0_vs_O3qL,A065,12,0.9991453937730821
O0_vs_O3qL,A065,13,0.998704287565418
O0_vs_O3qL,A065,14,0.998956364240921
O0_vs_O3qL,A065,15,0.9985888877356044
O0_vs_O3qL,A065,16,0.9980138899292466
O0_vs_O3qL,A065,17,0.9985164124334965
O0_vs_O3qL,A065,18,0.9989833574108002
O0_vs_O3qL,A065,19,0.9987232682662835
O0_vs_O3qL,A065,20,0.9992187697714838
O0_vs_O3qL,A066,0,0.9638721853924851
O0_vs_O3qL,A066,1,0.9970453954736015
O0_vs_O3qL,A066,2,0.9987272177910489
O0_vs_O3qL,A066,3,0.9994285786656454
O0_vs_O3qL,A066,4,0.9994047377243364
O0_vs_O3qL,A066,5,0.9991915550127107
O0_vs_O3qL,A066,6,0.9995172781399762
O0_vs_O3qL,A066,7,0.9995841929744791
O0_vs_O3qL,A066,8,0.9996769603532654
O0_vs_O3qL,A066,9,0.9994833403391337
O0_vs_O3qL,A066,10,0.9992369209997805
O0_vs_O3qL,A066,11,0.9993272108831692
O0_vs_O3qL,A066,12,0.9994761193677155
O0_vs_O3qL,A066,13,0.9994701964923824
O0_vs_O3qL,A066,14,0.9990109013254658
O0_vs_O3qL,A066,15,0.9993402836487064
O0_vs_O3qL,A066,16,0.9988400360264357
O0_vs_O3qL,A066,17,0.9988848903589189
O0_vs_O3qL,A066,18,0.998129572087751
O0_vs_O3qL,A066,19,0.9985740841628948
O0_vs_O3qL,A066,20,0.9988236013748711
O0_vs_O3qL,A066,21,0.9987662680420625
O0_vs_O3qL,A066,22,0.9992054137084747
O0_vs_O3qL,A067,0,0.9638721853924851
O0_vs_O3qL,A067,1,0.9970453954736015
O0_vs_O3qL,A067,2,0.9987272177910489
O0_vs_O3qL,A067,3,0.9994285786656454
O0_vs_O3qL,A067,4,0.9992238120388148
O0_vs_O3qL,A067,5,0.999553642551218
O0_vs_O3qL,A067,6,0.9992165999542165
O0_vs_O3qL,A067,7,0.9996249878352508
O0_vs_O3qL,A067,8,0.9996086240229297
O0_vs_O3qL,A067,9,0.9992444582716715
O0_vs_O3qL,A067,10,0.999060029816111
O0_vs_O3qL,A067,11,0.9992971109414571
O0_vs_O3qL,A067,12,0.9989919279474265
O0_vs_O3qL,A067,13,0.9990417460355892
O0_vs_O3qL,A067,14,0.9988509361077699
O0_vs_O3qL,A067,15,0.998197902305945
O0_vs_O3qL,A067,16,0.9982194080472304
O0_vs_O3qL,A067,17,0.9989020697478556
O0_vs_O3qL,A067,18,0.9987143559816175
O0_vs_O3qL,A067,19,0.9992046138192121
O0_vs_O3qL,A068,0,0.9638721853924851
O0_vs_O3qL,A068,1,0.9970453954736015
O0_vs_O3qL,A068,2,0.9987272177910489
O0_vs_O3qL,A068,3,0.9994285786656454
O0_vs_O3qL,A068,4,0.9993977405913526
O0_vs_O3qL,A068,5,0.9993349271975619
O0_vs_O3qL,A068,6,0.9995096222558937
O0_vs_O3qL,A068,7,0.9990361160612797
O0_vs_O3qL,A068,8,0.9992049041453211
O0_vs_O3qL,A068,9,0.9990097463736177
O0_vs_O3qL,A068,10,0.9990197589326405
O0_vs_O3qL,A068,11,0.9989754554824937
O0_vs_O3qL,A068,12,0.9990540562901886
O0_vs_O3qL,A068,13,0.998104444947764
O0_vs_O3qL,A068,14,0.998613723896319
O0_vs_O3qL,A068,15,0.9989341560002567
O0_vs_O3qL,A068,16,0.998825215094184
O0_vs_O3qL,A068,17,0.999195748176366
O0_vs_O3qL,A069,0,0.9638721853924851
O0_vs_O3qL,A069,1,0.9970453954736015
O0_vs_O3qL,A069,2,0.9987272177910489
O0_vs_O3qL,A069,3,0.9994285786656454
O0_vs_O3qL,A069,4,0.9994423858319167
O0_vs_O3qL,A069,5,0.9995201435108243
O0_vs_O3qL,A069,6,0.9990765090603547
O0_vs_O3qL,A069,7,0.9996620405532746
O0_vs_O3qL,A069,8,0.9991198660669554
O0_vs_O3qL,A069,9,0.9992173462338568
O0_vs_O3qL,A069,10,0.999159609568095
O0_vs_O3qL,A069,11,0.9990122662735055
O0_vs_O3qL,A069,12,0.9990828229746166
O0_vs_O3qL,A069,13,0.999145021673388
O0_vs_O3qL,A069,14,0.9987837496696753
O0_vs_O3qL,A069,15,0.9980774217161854
O0_vs_O3qL,A069,16,0.9983840368908403
O0_vs_O3qL,A069,17,0.998991155376721
O0_vs_O3qL,A069,18,0.9987633847197976
O0_vs_O3qL,A069,19,0.9990573487211278
O0_vs_O3qL,A070,0,0.9638721853924851
O0_vs_O3qL,A070,1,0.9970453954736015
O0_vs_O3qL,A070,2,0.9987272177910489
O0_vs_O3qL,A070,3,0.9994285786656454
O0_vs_O3qL,A070,4,0.9993817693824594
O0_vs_O3qL,A070,5,0.9994222066311944
O0_vs_O3qL,A070,6,0.9991372999834122
O0_vs_O3qL,A070,7,0.9995645165416277
O0_vs_O3qL,A070,8,0.9994258547229765
O0_vs_O3qL,A070,9,0.9993489686471909
O0_vs_O3qL,A070,10,0.9992330601874595
O0_vs_O3qL,A070,11,0.9992076657000044
O0_vs_O3qL,A070,12,0.9988999762120951
O0_vs_O3qL,A070,13,0.9982267273332981
O0_vs_O3qL,A070,14,0.9984244144531903
O0_vs_O3qL,A070,15,0.9990083376715644
O0_vs_O3qL,A070,16,0.9987229839759971
O0_vs_O3qL,A070,17,0.9990832408630125
O0_vs_O3qL,A071,0,0.9638721853924851
O0_vs_O3qL,A071,1,0.9970453954736015
O0_vs_O3qL,A071,2,0.9987272177910489
O0_vs_O3qL,A071,3,0.9993670849601308
O0_vs_O3qL,A071,4,0.9991894875465442
O0_vs_O3qL,A071,5,0.9992661048643686
O0_vs_O3qL,A071,6,0.9993293368705861
O0_vs_O3qL,A071,7,0.9995155448352809
O0_vs_O3qL,A071,8,0.9993581794240828
O0_vs_O3qL,A071,9,0.9995906723122098
O0_vs_O3qL,A071,10,0.9996878357448907
O0_vs_O3qL,A071,11,0.9992378666643732
O0_vs_O3qL,A071,12,0.9992704558184221
O0_vs_O3qL,A071,13,0.9995457455249386
O0_vs_O3qL,A071,14,0.9996040292529769
O0_vs_O3qL,A071,15,0.9990869473048103
O0_vs_O3qL,A071,16,0.999219909186367
O0_vs_O3qL,A071,17,0.9990542518722875
O0_vs_O3qL,A071,18,0.9992368671234295
O0_vs_O3qL,A071,19,0.9990387759439666
O0_vs_O3qL,A071,20,0.9988938330515825
O0_vs_O3qL,A071,21,0.9992610977541149
O0_vs_O3qL,A071,22,0.9992489450675084
O0_vs_O3qL,A071,23,0.9992479224627222
O0_vs_O3qL,A071,24,0.999045805593463
O0_vs_O3qL,A071,25,0.9986611150461773
O0_vs_O3qL,A071,26,0.9990485949843
O0_vs_O3qL,A071,27,0.9992818193914036
O0_vs_O3qL,A071,28,0.9993441162156006
O0_vs_O3qL,A071,29,0.9989496103356315
O0_vs_O3qL,A071,30,0.9988525852906724
O0_vs_O3qL,A071,31,0.9993591732707551
O0_vs_O3qL,A071,32,0.9995398322366807
O0_vs_O3qL,A071,33,0.9992287654082468
O0_vs_O3qL,A071,34,0.9992110182396773
O0_vs_O3qL,A071,35,0.9993660281249067
O0_vs_O3qL,A071,36,0.9990922850336361
O0_vs_O3qL,A071,37,0.9990261510659476
O0_vs_O3qL,A071,38,0.9988523578115223
O0_vs_O3qL,A071,39,0.9992255301469191
O0_vs_O3qL,A071,40,0.9992744234715646
O0_vs_O3qL,A071,41,0.9991037386827217
O0_vs_O3qL,A071,42,0.998818645186906
O0_vs_O3qL,A071,43,0.9989986360559376
O0_vs_O3qL,A071,44,0.9992554800691451
O0_vs_O3qL,A071,45,0.9991098633335214
O0_vs_O3qL,A071,46,0.9993638291614962
O0_vs_O3qL,A071,47,0.9992633691197749
O0_vs_O3qL,A071,48,0.9990252202998882
O0_vs_O3qL,A071,49,0.9991249614126357
O0_vs_O3qL,A071,50,0.9991953866766073
O0_vs_O3qL,A071,51,0.9989779162029269
O0_vs_O3qL,A071,52,0.9985929127710101
O0_vs_O3qL,A071,53,0.9992080901945343
O0_vs_O3qL,A071,54,0.9988803982376775
O0_vs_O3qL,A071,55,0.9988522983257582
O0_vs_O3qL,A071,56,0.9990300847700352
O0_vs_O3qL,A071,57,0.9978172034230202
O0_vs_O3qL,A071,58,0.9989218051316284
O0_vs_O3qL,A071,59,0.9989238737195483
O0_vs_O3qL,A071,60,0.9980496813810318
O0_vs_O3qL,A071,61,0.998675992672633
O0_vs_O3qL,A071,62,0.9976401993988466
O0_vs_O3qL,A071,63,0.9987608337466701
O0_vs_O3qL,A071,64,0.999311456539801
O0_vs_O3qL,A072,0,0.9638721853924851
O0_vs_O3qL,A072,1,0.9970453954736015
O0_vs_O3qL,A072,2,0.9987272177910489
O0_vs_O3qL,A072,3,0.9994285786656454
O0_vs_O3qL,A072,4,0.9995549522043139
O0_vs_O3qL,A072,5,0.999311368930498
O0_vs_O3qL,A072,6,0.9994613968653968
O0_vs_O3qL,A072,7,0.9991000431361927
O0_vs_O3qL,A072,8,0.9994885014781599
O0_vs_O3qL,A072,9,0.9996528533531757
O0_vs_O3qL,A072,10,0.999289962376918
O0_vs_O3qL,A072,11,0.9995657487844802
O0_vs_O3qL,A072,12,0.99942501819103
O0_vs_O3qL,A072,13,0.9991433709806168
O0_vs_O3qL,A072,14,0.9990961174831269
O0_vs_O3qL,A072,15,0.999296437356906
O0_vs_O3qL,A072,16,0.9992468903279437
O0_vs_O3qL,A072,17,0.9992292411077324
O0_vs_O3qL,A072,18,0.9992439985376081
O0_vs_O3qL,A072,19,0.9994020469936082
O0_vs_O3qL,A072,20,0.9988682419500655
O0_vs_O3qL,A072,21,0.9991518846922236
O0_vs_O3qL,A072,22,0.9983973598509068
O0_vs_O3qL,A072,23,0.9987420568154671
O0_vs_O3qL,A072,24,0.9989676707934306
O0_vs_O3qL,A072,25,0.9989257674153775
O0_vs_O3qL,A072,26,0.9991240473774428
O0_vs_O3qL,A072,27,0.9988396686411958
O0_vs_O3qL,A072,28,0.9989123913279115
O0_vs_O3qL,A072,29,0.9990074488810481
O0_vs_O3qL,A072,30,0.9993551570021328
O0_vs_O3qL,A072,31,0.9990973197628514
O0_vs_O3qL,A072,32,0.9991820053731922
O0_vs_O3qL,A072,33,0.9989881713648323
O0_vs_O3qL,A072,34,0.9987184426374387
O0_vs_O3qL,A072,35,0.9977248973760693
O0_vs_O3qL,A072,36,0.9984775474032392
O0_vs_O3qL,A072,37,0.9992194172019886
O0_vs_O3qL,A072,38,0.9987522829871401
O0_vs_O3qL,A072,39,0.999382079092275
O0_vs_O3qL,A073,0,0.9638721853924851
O0_vs_O3qL,A073,1,0.9970453954736015
O0_vs_O3qL,A073,2,0.9987272177910489
O0_vs_O3qL,A073,3,0.9994285786656454
O0_vs_O3qL,A073,4,0.9994652040950056
O0_vs_O3qL,A073,5,0.9993298831014802
O0_vs_O3qL,A073,6,0.999303228186782
O0_vs_O3qL,A073,7,0.9991940046572299
O0_vs_O3qL,A073,8,0.999021848435503
O0_vs_O3qL,A073,9,0.9994534892374689
O0_vs_O3qL,A073,10,0.9990542566946723
O0_vs_O3qL,A073,11,0.9993069922204463
O0_vs_O3qL,A073,12,0.9994454888695712
O0_vs_O3qL,A073,13,0.9993941004563102
O0_vs_O3qL,A073,14,0.99892020057461
O0_vs_O3qL,A073,15,0.9989837571343302
O0_vs_O3qL,A073,16,0.9989662001886227
O0_vs_O3qL,A073,17,0.9988704571528998
O0_vs_O3qL,A073,18,0.9990088167220388
O0_vs_O3qL,A073,19,0.9992949690206037
O0_vs_O3qL,A073,20,0.9991512918530878
O0_vs_O3qL,A073,21,0.9990672546688317
O0_vs_O3qL,A073,22,0.9992156929080807
O0_vs_O3qL,A073,23,0.998998560062759
O0_vs_O3qL,A073,24,0.998990289444811
O0_vs_O3qL,A073,25,0.9986232132404957
O0_vs_O3qL,A073,26,0.9991226926735406
O0_vs_O3qL,A073,27,0.9991438963689054
O0_vs_O3qL,A073,28,0.9990698309687294
O0_vs_O3qL,A073,29,0.9991994213665091
O0_vs_O3qL,A073,30,0.9988238215729763
O0_vs_O3qL,A073,31,0.9989095381046872
O0_vs_O3qL,A073,32,0.9991371504377493
O0_vs_O3qL,A073,33,0.9991305944608186
O0_vs_O3qL,A073,34,0.9989763533322259
O0_vs_O3qL,A073,35,0.9989955362549128
O0_vs_O3qL,A073,36,0.9990538012682244
O0_vs_O3qL,A073,37,0.998771935803876
O0_vs_O3qL,A073,38,0.9978990295774944
O0_vs_O3qL,A073,39,0.9985640836011157
O0_vs_O3qL,A073,40,0.9989107201851123
O0_vs_O3qL,A073,41,0.9988603236517533
O0_vs_O3qL,A073,42,0.9991511413616746
O0_vs_O3qL,A074,0,0.9638721853924851
O0_vs_O3qL,A074,1,0.9970453954736015
O0_vs_O3qL,A074,2,0.9987272177910489
O0_vs_O3qL,A074,3,0.9994285786656454
O0_vs_O3qL,A074,4,0.9993636205624297
O0_vs_O3qL,A074,5,0.9992751725652749
O0_vs_O3qL,A074,6,0.9994429319271404
O0_vs_O3qL,A074,7,0.9994693845428235
O0_vs_O3qL,A074,8,0.9996167433222717
O0_vs_O3qL,A074,9,0.9992938171820047
O0_vs_O3qL,A074,10,0.9992687743038643
O0_vs_O3qL,A074,11,0.9991400558859216
O0_vs_O3qL,A074,12,0.9989744781385346
O0_vs_O3qL,A074,13,0.9988701787282686
O0_vs_O3qL,A074,14,0.999175359202851
O0_vs_O3qL,A074,15,0.9991658742656282
O0_vs_O3qL,A074,16,0.9988798897430059
O0_vs_O3qL,A074,17,0.9988680340976361
O0_vs_O3qL,A074,18,0.99893026207007
O0_vs_O3qL,A074,19,0.9987092080061449
O0_vs_O3qL,A074,20,0.9989844733568323
O0_vs_O3qL,A074,21,0.9987517213050404
O0_vs_O3qL,A074,22,0.9992523449239691
O0_vs_O3qL,A074,23,0.9991171043070058
O0_vs_O3qL,A074,24,0.999242477783234
O0_vs_O3qL,A074,25,0.9988315997142362
O0_vs_O3qL,A074,26,0.9990259319119008
O0_vs_O3qL,A074,27,0.9989050701467693
O0_vs_O3qL,A074,28,0.9990393398326836
O0_vs_O3qL,A074,29,0.9988952395192594
O0_vs_O3qL,A074,30,0.9990349747851718
O0_vs_O3qL,A074,31,0.9991659894360184
O0_vs_O3qL,A074,32,0.9986404188204999
O0_vs_O3qL,A074,33,0.9987252620689511
O0_vs_O3qL,A074,34,0.9979363977907451
O0_vs_O3qL,A074,35,0.9985507307444071
O0_vs_O3qL,A074,36,0.9987051262572006
O0_vs_O3qL,A074,37,0.99861283851265
O0_vs_O3qL,A074,38,0.999203021715319
O0_vs_O3qL,A075,0,0.9638721853924851
O0_vs_O3qL,A075,1,0.9970453954736015
O0_vs_O3qL,A075,2,0.9987272177910489
O0_vs_O3qL,A075,3,0.9993670849601308
O0_vs_O3qL,A075,4,0.9992074823062098
O0_vs_O3qL,A075,5,0.9992327103758764
O0_vs_O3qL,A075,6,0.9992206216253686
O0_vs_O3qL,A075,7,0.9996354474011
O0_vs_O3qL,A075,8,0.9997280949476021
O0_vs_O3qL,A075,9,0.9994094470715924
O0_vs_O3qL,A075,10,0.9993010255396723
O0_vs_O3qL,A075,11,0.9993412775230885
O0_vs_O3qL,A075,12,0.9991262848220742
O0_vs_O3qL,A075,13,0.9989699777357417
O0_vs_O3qL,A075,14,0.9990734320623902
O0_vs_O3qL,A075,15,0.999005616073271
O0_vs_O3qL,A075,16,0.9995564859721524
O0_vs_O3qL,A075,17,0.9990509125333794
O0_vs_O3qL,A075,18,0.9988139050280125
O0_vs_O3qL,A075,19,0.9992847923563299
O0_vs_O3qL,A075,20,0.9990971604420038
O0_vs_O3qL,A075,21,0.9989824116536045
O0_vs_O3qL,A075,22,0.9988824772716927
O0_vs_O3qL,A075,23,0.9991429693349366
O0_vs_O3qL,A075,24,0.9989136683665686
O0_vs_O3qL,A075,25,0.998905576999264
O0_vs_O3qL,A075,26,0.9989804030703947
O0_vs_O3qL,A075,27,0.9990636255528762
O0_vs_O3qL,A075,28,0.9991788259875206
O0_vs_O3qL,A075,29,0.9993812222970361
O0_vs_O3qL,A075,30,0.9992100302525255
O0_vs_O3qL,A075,31,0.998966584419487
O0_vs_O3qL,A075,32,0.9989002914454101
O0_vs_O3qL,A075,33,0.9977326884486262
O0_vs_O3qL,A075,34,0.9983905217277763
O0_vs_O3qL,A075,35,0.9989353227643254
O0_vs_O3qL,A075,36,0.9987092152558694
O0_vs_O3qL,A075,37,0.9992245808404479
O0_vs_O3qL,A076,0,0.9638721853924851
O0_vs_O3qL,A076,1,0.9970453954736015
O0_vs_O3qL,A076,2,0.9987272177910489
O0_vs_O3qL,A076,3,0.9994285786656454
O0_vs_O3qL,A076,4,0.9995782560179695
O0_vs_O3qL,A076,5,0.9994639752332669
O0_vs_O3qL,A076,6,0.9991085543562416
O0_vs_O3qL,A076,7,0.9993319962864633
O0_vs_O3qL,A076,8,0.9994015534331445
O0_vs_O3qL,A076,9,0.9994437705822687
O0_vs_O3qL,A076,10,0.9988760908471029
O0_vs_O3qL,A076,11,0.9990880348058981
O0_vs_O3qL,A076,12,0.9987674343295343
O0_vs_O3qL,A076,13,0.9986392363953578
O0_vs_O3qL,A076,14,0.9982953126259504
O0_vs_O3qL,A076,15,0.9990687726666387
O0_vs_O3qL,A076,16,0.9989533846849192
O0_vs_O3qL,A076,17,0.9986508150871148
O0_vs_O3qL,A076,18,0.9991976517251154
O0_vs_O3qL,A076,19,0.9993450794796805
O0_vs_O3qL,A076,20,0.9992251995839133
O0_vs_O3qL,A076,21,0.9991645227287639
O0_vs_O3qL,A076,22,0.9990868631396275
O0_vs_O3qL,A076,23,0.9990069879375655
O0_vs_O3qL,A076,24,0.9991823429662042
O0_vs_O3qL,A076,25,0.999331358060334
O0_vs_O3qL,A076,26,0.9991372021488325
O0_vs_O3qL,A076,27,0.9994284817336584
O0_vs_O3qL,A076,28,0.9991268327596277
O0_vs_O3qL,A076,29,0.9985926372817069
O0_vs_O3qL,A076,30,0.9990102071085206
O0_vs_O3qL,A076,31,0.9992631283248478
O0_vs_O3qL,A076,32,0.9987715113834316
O0_vs_O3qL,A076,33,0.9988179906673258
O0_vs_O3qL,A076,34,0.998057137872543
O0_vs_O3qL,A076,35,0.9986077672953964
O0_vs_O3qL,A076,36,0.9988917735907844
O0_vs_O3qL,A076,37,0.9983589129655294
O0_vs_O3qL,A076,38,0.999072113110115
O0_vs_O3qL,A077,0,0.9638721853924851
O0_vs_O3qL,A077,1,0.9970453954736015
O0_vs_O3qL,A077,2,0.9987272177910489
O0_vs_O3qL,A077,3,0.9994285786656454
O0_vs_O3qL,A077,4,0.9993852630148641
O0_vs_O3qL,A077,5,0.9995814258616823
O0_vs_O3qL,A077,6,0.9992794594381935
O0_vs_O3qL,A077,7,0.9994578764568294
O0_vs_O3qL,A077,8,0.9995406376128332
O0_vs_O3qL,A077,9,0.9991146495226164
O0_vs_O3qL,A077,10,0.9992198882639546
O0_vs_O3qL,A077,11,0.9994482532072845
O0_vs_O3qL,A077,12,0.9991688729513644
O0_vs_O3qL,A077,13,0.9993902356905386
O0_vs_O3qL,A077,14,0.9993058207317663
O0_vs_O3qL,A077,15,0.9992650051265148
O0_vs_O3qL,A077,16,0.9992204384831369
O0_vs_O3qL,A077,17,0.9990291657850768
O0_vs_O3qL,A077,18,0.9991638146244881
O0_vs_O3qL,A077,19,0.9988878083309961
O0_vs_O3qL,A077,20,0.9993478574064262
O0_vs_O3qL,A077,21,0.9993949391444661
O0_vs_O3qL,A077,22,0.9989912742183815
O0_vs_O3qL,A077,23,0.9992632686601343
O0_vs_O3qL,A077,24,0.9995171921337251
O0_vs_O3qL,A077,25,0.99866601016879
O0_vs_O3qL,A077,26,0.9992270258292563
O0_vs_O3qL,A077,27,0.9990494630463003
O0_vs_O3qL,A077,28,0.998875651845775
O0_vs_O3qL,A077,29,0.9987870311440581
O0_vs_O3qL,A077,30,0.9992336410027592
O0_vs_O3qL,A077,31,0.9992771842040571
O0_vs_O3qL,A077,32,0.9990432478673906
O0_vs_O3qL,A077,33,0.9989153762980839
O0_vs_O3qL,A077,34,0.997853722451186
O0_vs_O3qL,A077,35,0.9985657558749053
O0_vs_O3qL,A077,36,0.9988548373269437
O0_vs_O3qL,A077,37,0.9987294464648453
O0_vs_O3qL,A077,38,0.999174157109807
O0_vs_O3qL,A078,0,0.9638721853924851
O0_vs_O3qL,A078,1,0.9970453954736015
O0_vs_O3qL,A078,2,0.9987272177910489
O0_vs_O3qL,A078,3,0.9994285786656454
O0_vs_O3qL,A078,4,0.9995549522043139
O0_vs_O3qL,A078,5,0.9992005627414128
O0_vs_O3qL,A078,6,0.9996214242357346
O0_vs_O3qL,A078,7,0.9995913694787948
O0_vs_O3qL,A078,8,0.9996056565462871
O0_vs_O3qL,A078,9,0.9992621625849238
O0_vs_O3qL,A078,10,0.9991425838386124
O0_vs_O3qL,A078,11,0.9991821160467496
O0_vs_O3qL,A078,12,0.9993078531549723
O0_vs_O3qL,A078,13,0.9989813854601415
O0_vs_O3qL,A078,14,0.9991771907877703
O0_vs_O3qL,A078,15,0.9992638637269741
O0_vs_O3qL,A078,16,0.9989467548789461
O0_vs_O3qL,A078,17,0.9989571207724868
O0_vs_O3qL,A078,18,0.9990344008829486
O0_vs_O3qL,A078,19,0.9986492049785621
O0_vs_O3qL,A078,20,0.9987977246314268
O0_vs_O3qL,A078,21,0.9992191413761945
O0_vs_O3qL,A078,22,0.9991066002280758
O0_vs_O3qL,A078,23,0.9988591148949202
O0_vs_O3qL,A078,24,0.9989534599159998
O0_vs_O3qL,A078,25,0.9993414314900404
O0_vs_O3qL,A078,26,0.9993498874058949
O0_vs_O3qL,A078,27,0.9992693722250556
O0_vs_O3qL,A078,28,0.999180586913476
O0_vs_O3qL,A078,29,0.9988650051326737
O0_vs_O3qL,A078,30,0.9987259255355756
O0_vs_O3qL,A078,31,0.9979683829644329
O0_vs_O3qL,A078,32,0.9985006526010214
O0_vs_O3qL,A078,33,0.9985204181135616
O0_vs_O3qL,A078,34,0.9981062835258812
O0_vs_O3qL,A078,35,0.9996407754031716
O0_vs_O3qL,A079,0,0.9638721853924851
O0_vs_O3qL,A079,1,0.9970453954736015
O0_vs_O3qL,A079,2,0.9987272177910489
O0_vs_O3qL,A079,3,0.9994285786656454
O0_vs_O3qL,A079,4,0.9993910580646822
O0_vs_O3qL,A079,5,0.9993438859080407
O0_vs_O3qL,A079,6,0.9996529079433016
O0_vs_O3qL,A079,7,0.999485609217609
O0_vs_O3qL,A079,8,0.9993724408796318
O0_vs_O3qL,A079,9,0.9988963507499734
O0_vs_O3qL,A079,10,0.9993038467775205
O0_vs_O3qL,A079,11,0.9991530883916786
O0_vs_O3qL,A079,12,0.9997088137333854
O0_vs_O3qL,A079,13,0.9992849051838801
O0_vs_O3qL,A079,14,0.9992224886149038
O0_vs_O3qL,A079,15,0.9986174844773947
O0_vs_O3qL,A079,16,0.9990347950493
O0_vs_O3qL,A079,17,0.9989554032958111
O0_vs_O3qL,A079,18,0.9987982523560068
O0_vs_O3qL,A079,19,0.9988353408152264
O0_vs_O3qL,A079,20,0.9989039929348529
O0_vs_O3qL,A079,21,0.9988448030894589
O0_vs_O3qL,A079,22,0.9988848629654301
O0_vs_O3qL,A079,23,0.9993311820394954
O0_vs_O3qL,A079,24,0.9991887748533602
O0_vs_O3qL,A079,25,0.9992758461112815
O0_vs_O3qL,A079,26,0.9989699765156598
O0_vs_O3qL,A079,27,0.9991239473115141
O0_vs_O3qL,A079,28,0.9993172337359473
O0_vs_O3qL,A079,29,0.998983764983929
O0_vs_O3qL,A079,30,0.9989416597050821
O0_vs_O3qL,A079,31,0.9986607242976338
O0_vs_O3qL,A079,32,0.9978647374811339
O0_vs_O3qL,A079,33,0.99865437293502
O0_vs_O3qL,A079,34,0.9982352942010293
O0_vs_O3qL,A079,35,0.998484720216822
O0_vs_O3qL,A079,36,0.999162069441959
O0_vs_O3qL,A080,0,0.9638721853924851
O0_vs_O3qL,A080,1,0.9970453954736015
O0_vs_O3qL,A080,2,0.9987272177910489
O0_vs_O3qL,A080,3,0.9994285786656454
O0_vs_O3qL,A080,4,0.9994412420776891
O0_vs_O3qL,A080,5,0.9993714984631196
O0_vs_O3qL,A080,6,0.999310664616758
O0_vs_O3qL,A080,7,0.999737758889726
O0_vs_O3qL,A080,8,0.999098455334253
O0_vs_O3qL,A080,9,0.9992935810634344
O0_vs_O3qL,A080,10,0.9992309365806176
O0_vs_O3qL,A080,11,0.9992676594032397
O0_vs_O3qL,A080,12,0.9988200094458561
O0_vs_O3qL,A080,13,0.9990695077692664
O0_vs_O3qL,A080,14,0.9987736924312641
O0_vs_O3qL,A080,15,0.9986755439427902
O0_vs_O3qL,A080,16,0.9985470010877688
O0_vs_O3qL,A080,17,0.999012766090683
O0_vs_O3qL,A080,18,0.9988936373688997
O0_vs_O3qL,A080,19,0.9988745463835174
O0_vs_O3qL,A080,20,0.9990534263851707
O0_vs_O3qL,A080,21,0.9989146670501835
O0_vs_O3qL,A080,22,0.9989408981357032
O0_vs_O3qL,A080,23,0.9988448310732898
O0_vs_O3qL,A080,24,0.9989049088515811
O0_vs_O3qL,A080,25,0.9992402654370521
O0_vs_O3qL,A080,26,0.9991321319890425
O0_vs_O3qL,A080,27,0.9989881509564428
O0_vs_O3qL,A080,28,0.9988453909041042
O0_vs_O3qL,A080,29,0.9987561126695208
O0_vs_O3qL,A080,30,0.9977692482188584
O0_vs_O3qL,A080,31,0.9987465609900186
O0_vs_O3qL,A080,32,0.9987393384147858
O0_vs_O3qL,A080,33,0.9986791542758546
O0_vs_O3qL,A080,34,0.9991691818284943
O0_vs_O3qL,A081,0,0.9638721853924851
O0_vs_O3qL,A081,1,0.9970453954736015
O0_vs_O3qL,A081,2,0.9987272177910489
O0_vs_O3qL,A081,3,0.9994285786656454
O0_vs_O3qL,A081,4,0.9995124047969559
O0_vs_O3qL,A081,5,0.9994006298643258
O0_vs_O3qL,A081,6,0.9992003934294731
O0_vs_O3qL,A081,7,0.9995163579540712
O0_vs_O3qL,A081,8,0.9993858991888224
O0_vs_O3qL,A081,9,0.9992870319702012
O0_vs_O3qL,A081,10,0.9996390193448603
O0_vs_O3qL,A081,11,0.999495708662732
O0_vs_O3qL,A081,12,0.998948808972992
O0_vs_O3qL,A081,13,0.9994623980804661
O0_vs_O3qL,A081,14,0.9991546220478077
O0_vs_O3qL,A081,15,0.9992361405246107
O0_vs_O3qL,A081,16,0.9994013466493645
O0_vs_O3qL,A081,17,0.9992523157530653
O0_vs_O3qL,A081,18,0.9991329504138071
O0_vs_O3qL,A081,19,0.9992256206807346
O0_vs_O3qL,A081,20,0.9986923100825826
O0_vs_O3qL,A081,21,0.9979497550874227
O0_vs_O3qL,A081,22,0.9983581021839611
O0_vs_O3qL,A081,23,0.9985882479649213
O0_vs_O3qL,A081,24,0.9983431643467293
O0_vs_O3qL,A081,25,0.999008719877912
O0_vs_O3qL,A082,0,0.9638721853924851
O0_vs_O3qL,A082,1,0.9970453954736015
O0_vs_O3qL,A082,2,0.9987272177910489
O0_vs_O3qL,A082,3,0.9994285786656454
O0_vs_O3qL,A082,4,0.9992368290488389
O0_vs_O3qL,A082,5,0.9993648853487658
O0_vs_O3qL,A082,6,0.999542426076716
O0_vs_O3qL,A082,7,0.99945510659891
O0_vs_O3qL,A082,8,0.9997649858808823
O0_vs_O3qL,A082,9,0.9998780859758789
O0_vs_O3qL,A082,10,0.9996088251723234
O0_vs_O3qL,A082,11,0.9997292694737304
O0_vs_O3qL,A082,12,0.9992423709073399
O0_vs_O3qL,A082,13,0.9993248807049683
O0_vs_O3qL,A082,14,0.9996408917889286
O0_vs_O3qL,A082,15,0.9992934818936242
O0_vs_O3qL,A082,16,0.9991861118287481
O0_vs_O3qL,A082,17,0.9993666895392944
O0_vs_O3qL,A082,18,0.9993995597634588
O0_vs_O3qL,A082,19,0.9991377498963641
O0_vs_O3qL,A082,20,0.9991283068364449
O0_vs_O3qL,A082,21,0.9985924586367493
O0_vs_O3qL,A082,22,0.9979959481763391
O0_vs_O3qL,A082,23,0.9984111913392051
O0_vs_O3qL,A082,24,0.9989208161100068
O0_vs_O3qL,A082,25,0.9984170622149608
O0_vs_O3qL,A082,26,0.9990171342764602
O0_vs_O3qL,A083,0,0.9638721853924851
O0_vs_O3qL,A083,1,0.9970453954736015
O0_vs_O3qL,A083,2,0.9987272177910489
O0_vs_O3qL,A083,3,0.9994285786656454
O0_vs_O3qL,A083,4,0.9995110053860419
O0_vs_O3qL,A083,5,0.9992066276775767
O0_vs_O3qL,A083,6,0.9991565518165968
O0_vs_O3qL,A083,7,0.9984001078019709
O0_vs_O3qL,A083,8,0.999056941162209
O0_vs_O3qL,A083,9,0.9993322947124342
O0_vs_O3qL,A083,10,0.9995124815533855
O0_vs_O3qL,A083,11,0.9994198855300102
O0_vs_O3qL,A083,12,0.9996317592180115
O0_vs_O3qL,A083,13,0.9991974129083112
O0_vs_O3qL,A083,14,0.9993009809433809
O0_vs_O3qL,A083,15,0.9989632144584519
O0_vs_O3qL,A083,16,0.9993117329764136
O0_vs_O3qL,A083,17,0.9991296781458127
O0_vs_O3qL,A083,18,0.9990378181993617
O0_vs_O3qL,A083,19,0.9992321611254167
O0_vs_O3qL,A083,20,0.9988246411326055
O0_vs_O3qL,A083,21,0.9987214471627273
O0_vs_O3qL,A083,22,0.9985049218601011
O0_vs_O3qL,A083,23,0.9980430757000722
O0_vs_O3qL,A083,24,0.9983563572676789
O0_vs_O3qL,A083,25,0.9990052945405868
O0_vs_O3qL,A083,26,0.9981617040479926
O0_vs_O3qL,A083,27,0.9993235706515927
O0_vs_O3qL,A084,0,0.9638721853924851
O0_vs_O3qL,A084,1,0.9970453954736015
O0_vs_O3qL,A084,2,0.9987272177910489
O0_vs_O3qL,A084,3,0.9994285786656454
O0_vs_O3qL,A084,4,0.9995782560179695
O0_vs_O3qL,A084,5,0.9991645691264486
O0_vs_O3qL,A084,6,0.9994629961106358
O0_vs_O3qL,A084,7,0.9995471556584712
O0_vs_O3qL,A084,8,0.9993454018853857
O0_vs_O3qL,A084,9,0.9991520763855575
O0_vs_O3qL,A084,10,0.9993050412114624
O0_vs_O3qL,A084,11,0.9993767564004826
O0_vs_O3qL,A084,12,0.9995252509210439
O0_vs_O3qL,A084,13,0.9993782912429442
O0_vs_O3qL,A084,14,0.9991831817940289
O0_vs_O3qL,A084,15,0.9993883728290903
O0_vs_O3qL,A084,16,0.999304100911754
O0_vs_O3qL,A084,17,0.9992456402080401
O0_vs_O3qL,A084,18,0.9993829482341524
O0_vs_O3qL,A084,19,0.9988144966540604
O0_vs_O3qL,A084,20,0.9982078404221119
O0_vs_O3qL,A084,21,0.9986406975053275
O0_vs_O3qL,A084,22,0.9989402061040729
O0_vs_O3qL,A084,23,0.9985508935867409
O0_vs_O3qL,A084,24,0.9989233649655018
O0_vs_O3qL,A085,0,0.9638721853924851
O0_vs_O3qL,A085,1,0.9970453954736015
O0_vs_O3qL,A085,2,0.9987272177910489
O0_vs_O3qL,A085,3,0.9994285786656454
O0_vs_O3qL,A085,4,0.9992726355467154
O0_vs_O3qL,A085,5,0.9991702355512768
O0_vs_O3qL,A085,6,0.9994138363811447
O0_vs_O3qL,A085,7,0.9995358743465916
O0_vs_O3qL,A085,8,0.9994061796108256
O0_vs_O3qL,A085,9,0.9996412792846576
O0_vs_O3qL,A085,10,0.9995936420846048
O0_vs_O3qL,A085,11,0.9994885010802054
O0_vs_O3qL,A085,12,0.9995472708607178
O0_vs_O3qL,A085,13,0.9996580455717772
O0_vs_O3qL,A085,14,0.9994347707545365
O0_vs_O3qL,A085,15,0.9993353545499474
O0_vs_O3qL,A085,16,0.9995497608231103
O0_vs_O3qL,A085,17,0.9993859576854446
O0_vs_O3qL,A085,18,0.9994626452862652
O0_vs_O3qL,A085,19,0.9986779977311422
O0_vs_O3qL,A085,20,0.9982600392281809
O0_vs_O3qL,A085,21,0.9983142487084197
O0_vs_O3qL,A085,22,0.9991418135981859
O0_vs_O3qL,A085,23,0.9985638863574722
O0_vs_O3qL,A085,24,0.9995121254869315
O0_vs_O3qL,A086,0,0.9638721853924851
O0_vs_O3qL,A086,1,0.9970453954736015
O0_vs_O3qL,A086,2,0.9987272177910489
O0_vs_O3qL,A086,3,0.9994285786656454
O0_vs_O3qL,A086,4,0.9994415710251205
O0_vs_O3qL,A086,5,0.9992904627670793
O0_vs_O3qL,A086,6,0.9993605677387534
O0_vs_O3qL,A086,7,0.999632265711493
O0_vs_O3qL,A086,8,0.9995900456723285
O0_vs_O3qL,A086,9,0.9996133154155127
O0_vs_O3qL,A086,10,0.9995181844592185
O0_vs_O3qL,A086,11,0.9995943256912914
O0_vs_O3qL,A086,12,0.9997205506886025
O0_vs_O3qL,A086,13,0.999632755239578
O0_vs_O3qL,A086,14,0.9995134361235389
O0_vs_O3qL,A086,15,0.9995184571123462
O0_vs_O3qL,A086,16,0.9988241754748536
O0_vs_O3qL,A086,17,0.9983506535612043
O0_vs_O3qL,A086,18,0.9986543494506244
O0_vs_O3qL,A086,19,0.9990776800794964
O0_vs_O3qL,A086,20,0.9983796014938785
O0_vs_O3qL,A086,21,0.9989779926003145
O0_vs_O3qL,A087,0,0.9638721853924851
O0_vs_O3qL,A087,1,0.9970453954736015
O0_vs_O3qL,A087,2,0.9987272177910489
O0_vs_O3qL,A087,3,0.9994285786656454
O0_vs_O3qL,A087,4,0.9993368881594535
O0_vs_O3qL,A087,5,0.9992525983302889
O0_vs_O3qL,A087,6,0.9994875109199239
O0_vs_O3qL,A087,7,0.9992333496440731
O0_vs_O3qL,A087,8,0.9990725787667941
O0_vs_O3qL,A087,9,0.9988310429934301
O0_vs_O3qL,A087,10,0.9994338956922707
O0_vs_O3qL,A087,11,0.9991744807513862
O0_vs_O3qL,A087,12,0.9993458307151305
O0_vs_O3qL,A087,13,0.9992341300127086
O0_vs_O3qL,A087,14,0.9995281760168454
O0_vs_O3qL,A087,15,0.9993999910989217
O0_vs_O3qL,A087,16,0.998602463825913
O0_vs_O3qL,A087,17,0.9980759044400274
O0_vs_O3qL,A087,18,0.9984646430900211
O0_vs_O3qL,A087,19,0.9983370365199442
O0_vs_O3qL,A087,20,0.9987213085207467
O0_vs_O3qL,A087,21,0.9990442638730672
O0_vs_O3qL,A088,0,0.9638721853924851
O0_vs_O3qL,A088,1,0.9970453954736015
O0_vs_O3qL,A088,2,0.9987272177910489
O0_vs_O3qL,A088,3,0.9994285786656454
O0_vs_O3qL,A088,4,0.9993764156881365
O0_vs_O3qL,A088,5,0.9993887804391562
O0_vs_O3qL,A088,6,0.9995190033708284
O0_vs_O3qL,A088,7,0.999264672925455
O0_vs_O3qL,A088,8,0.9994335175627331
O0_vs_O3qL,A088,9,0.9997688210350743
O0_vs_O3qL,A088,10,0.9997585400436465
O0_vs_O3qL,A088,11,0.9994361769662997
O0_vs_O3qL,A088,12,0.999286084332007
O0_vs_O3qL,A088,13,0.9989068510878125
O0_vs_O3qL,A088,14,0.9992570960126969
O0_vs_O3qL,A088,15,0.9992084937282771
O0_vs_O3qL,A088,16,0.9989585869503135
O0_vs_O3qL,A088,17,0.9989851322917469
O0_vs_O3qL,A088,18,0.9988083685675256
O0_vs_O3qL,A088,19,0.9979100361585952
O0_vs_O3qL,A088,20,0.9981096628225526
O0_vs_O3qL,A088,21,0.9991259310727608
O0_vs_O3qL,A088,22,0.9984166566678139
O0_vs_O3qL,A088,23,0.9992652228504159
O0_vs_O3qL,A089,0,0.9638721853924851
O0_vs_O3qL,A089,1,0.9970453954736015
O0_vs_O3qL,A089,2,0.9987272177910489
O0_vs_O3qL,A089,3,0.9994285786656454
O0_vs_O3qL,A089,4,0.9994288437261678
O0_vs_O3qL,A089,5,0.9992730321415041
O0_vs_O3qL,A089,6,0.999445390593663
O0_vs_O3qL,A089,7,0.9993155044046769
O0_vs_O3qL,A089,8,0.9994088423182146
O0_vs_O3qL,A089,9,0.9991960868887109
O0_vs_O3qL,A089,10,0.9992333921673912
O0_vs_O3qL,A089,11,0.9994135401479217
O0_vs_O3qL,A089,12,0.9994262699613825
O0_vs_O3qL,A089,13,0.9993563093245326
O0_vs_O3qL,A089,14,0.999211469296267
O0_vs_O3qL,A089,15,0.9995848372564974
O0_vs_O3qL,A089,16,0.9993423699180272
O0_vs_O3qL,A089,17,0.9990774458976459
O0_vs_O3qL,A089,18,0.9993669592350936
O0_vs_O3qL,A089,19,0.9990939374520926
O0_vs_O3qL,A089,20,0.9985743055407222
O0_vs_O3qL,A089,21,0.9981434562648464
O0_vs_O3qL,A089,22,0.9982528311508709
O0_vs_O3qL,A089,23,0.9988878436863349
O0_vs_O3qL,A089,24,0.9983770087408472
O0_vs_O3qL,A089,25,0.9989859076617934
O0_vs_O3qL,A090,0,0.9638721853924851
O0_vs_O3qL,A090,1,0.9970453954736015
O0_vs_O3qL,A090,2,0.9987272177910489
O0_vs_O3qL,A090,3,0.9994285786656454
O0_vs_O3qL,A090,4,0.9991618393684505
O0_vs_O3qL,A090,5,0.9992410306388664
O0_vs_O3qL,A090,6,0.9994263717438173
O0_vs_O3qL,A090,7,0.9993366687589255
O0_vs_O3qL,A090,8,0.9989174985951764
O0_vs_O3qL,A090,9,0.9992301619730358
O0_vs_O3qL,A090,10,0.9988811311099345
O0_vs_O3qL,A090,11,0.9992312687392131
O0_vs_O3qL,A090,12,0.9994788978516884
O0_vs_O3qL,A090,13,0.9992911540609909
O0_vs_O3qL,A090,14,0.9996878253965354
O0_vs_O3qL,A090,15,0.999257983603361
O0_vs_O3qL,A090,16,0.9994020445429762
O0_vs_O3qL,A090,17,0.9991769358198817
O0_vs_O3qL,A090,18,0.9994589947158483
O0_vs_O3qL,A090,19,0.9994686872096231
O0_vs_O3qL,A090,20,0.9993033018011044
O0_vs_O3qL,A090,21,0.9993679044884483
O0_vs_O3qL,A090,22,0.9993164298703833
O0_vs_O3qL,A090,23,0.998666039139318
O0_vs_O3qL,A090,24,0.9982153251117504
O0_vs_O3qL,A090,25,0.9986264770092644
O0_vs_O3qL,A090,26,0.9991686550995793
O0_vs_O3qL,A090,27,0.9985962323469789
O0_vs_O3qL,A090,28,0.9987526127043955
O0_vs_O3qL,A091,0,0.9638721853924851
O0_vs_O3qL,A091,1,0.9970453954736015
O0_vs_O3qL,A091,2,0.9987272177910489
O0_vs_O3qL,A091,3,0.9996101601378011
O0_vs_O3qL,A091,4,0.9993458298486877
O0_vs_O3qL,A091,5,0.999310299822796
O0_vs_O3qL,A091,6,0.9989434019258708
O0_vs_O3qL,A091,7,0.9990807155361142
O0_vs_O3qL,A091,8,0.9993478911620652
O0_vs_O3qL,A091,9,0.9991440024331609
O0_vs_O3qL,A091,10,0.9989425173043309
O0_vs_O3qL,A091,11,0.9989144122596008
O0_vs_O3qL,A091,12,0.9988085761922466
O0_vs_O3qL,A091,13,0.9991561573816362
O0_vs_O3qL,A091,14,0.9985657829734125
O0_vs_O3qL,A091,15,0.9990750713048866
O0_vs_O3qL,A091,16,0.9985136623311215
O0_vs_O3qL,A091,17,0.9980469153506191
O0_vs_O3qL,A091,18,0.9982928005319482
O0_vs_O3qL,A091,19,0.9988139211249736
O0_vs_O3qL,A091,20,0.9989823821500924
O0_vs_O3qL,A091,21,0.998623896200496
O0_vs_O3qL,A092,0,0.9638721853924851
O0_vs_O3qL,A092,1,0.9970453954736015
O0_vs_O3qL,A092,2,0.9987272177910489
O0_vs_O3qL,A092,3,0.9996101601378011
O0_vs_O3qL,A092,4,0.9993238830800099
O0_vs_O3qL,A092,5,0.999205464115142
O0_vs_O3qL,A092,6,0.999193929348934
O0_vs_O3qL,A092,7,0.9992430344770215
O0_vs_O3qL,A092,8,0.9988778176918013
O0_vs_O3qL,A092,9,0.9992600116447405
O0_vs_O3qL,A092,10,0.9992506661786698
O0_vs_O3qL,A092,11,0.9993063879881801
O0_vs_O3qL,A092,12,0.9992884530490658
O0_vs_O3qL,A092,13,0.999019310292914
O0_vs_O3qL,A092,14,0.9989320127972658
O0_vs_O3qL,A092,15,0.9989862489776752
O0_vs_O3qL,A092,16,0.9992230887233173
O0_vs_O3qL,A092,17,0.9991734859661487
O0_vs_O3qL,A092,18,0.9992263219764651
O0_vs_O3qL,A092,19,0.9984859397613559
O0_vs_O3qL,A092,20,0.9989133162745889
O0_vs_O3qL,A092,21,0.9985616544648585
O0_vs_O3qL,A092,22,0.9988600442725593
O0_vs_O3qL,A092,23,0.9989536194728036
O0_vs_O3qL,A092,24,0.9994005160448328
O0_vs_O3qL,A092,25,0.9992494949845852
O0_vs_O3qL,A092,26,0.9989672028538841
O0_vs_O3qL,A092,27,0.9991852519970543
O0_vs_O3qL,A092,28,0.9985352869491485
O0_vs_O3qL,A092,29,0.997883622553055
O0_vs_O3qL,A092,30,0.9983158226873278
O0_vs_O3qL,A092,31,0.998345493649534
O0_vs_O3qL,A092,32,0.9991110786493125
O0_vs_O3qL,A092,33,0.999238638233278
O0_vs_O3qL,A093,0,0.9638721853924851
O0_vs_O3qL,A093,1,0.9970453954736015
O0_vs_O3qL,A093,2,0.9987272177910489
O0_vs_O3qL,A093,3,0.9996125710345853
O0_vs_O3qL,A093,4,0.9995324285132865
O0_vs_O3qL,A093,5,0.9990195972563055
O0_vs_O3qL,A093,6,0.999071026333294
O0_vs_O3qL,A093,7,0.9993531883156461
O0_vs_O3qL,A093,8,0.9995110877255936
O0_vs_O3qL,A093,9,0.9994404403084134
O0_vs_O3qL,A093,10,0.9991737692663075
O0_vs_O3qL,A093,11,0.9995053617697662
O0_vs_O3qL,A093,12,0.9991658572583354
O0_vs_O3qL,A093,13,0.9990312110323506
O0_vs_O3qL,A093,14,0.9993396856533179
O0_vs_O3qL,A093,15,0.9991093453473785
O0_vs_O3qL,A093,16,0.9989912120546334
O0_vs_O3qL,A093,17,0.9986291689222784
O0_vs_O3qL,A093,18,0.9980486183292296
O0_vs_O3qL,A093,19,0.9983920082089559
O0_vs_O3qL,A093,20,0.9985096322503909
O0_vs_O3qL,A093,21,0.9991068384532444
O0_vs_O3qL,A093,22,0.9987734848519143
O0_vs_O3qL,A094,0,0.9638721853924851
O0_vs_O3qL,A094,1,0.9970453954736015
O0_vs_O3qL,A094,2,0.9987272177910489
O0_vs_O3qL,A094,3,0.9996395310313572
O0_vs_O3qL,A094,4,0.9991743501977509
O0_vs_O3qL,A094,5,0.9993032680710496
O0_vs_O3qL,A094,6,0.9994344715184053
O0_vs_O3qL,A094,7,0.9993669747395011
O0_vs_O3qL,A094,8,0.999121173809573
O0_vs_O3qL,A094,9,0.9994491475185581
O0_vs_O3qL,A094,10,0.9992352736333637
O0_vs_O3qL,A094,11,0.9991308280031305
O0_vs_O3qL,A094,12,0.999118442880679
O0_vs_O3qL,A094,13,0.9993419438173484
O0_vs_O3qL,A094,14,0.9992245682056596
O0_vs_O3qL,A094,15,0.9991690583087254
O0_vs_O3qL,A094,16,0.9992485788034183
O0_vs_O3qL,A094,17,0.9991243283078869
O0_vs_O3qL,A094,18,0.9988294296832113
O0_vs_O3qL,A094,19,0.9980817295022935
O0_vs_O3qL,A094,20,0.9983723020303349
O0_vs_O3qL,A094,21,0.9986681943256209
O0_vs_O3qL,A094,22,0.9991081593190357
O0_vs_O3qL,A094,23,0.9990300133721133
O0_vs_O3qL,A095,0,0.9638721853924851
O0_vs_O3qL,A095,1,0.9970453954736015
O0_vs_O3qL,A095,2,0.9987272177910489
O0_vs_O3qL,A095,3,0.9996101601378011
O0_vs_O3qL,A095,4,0.9993478941649834
O0_vs_O3qL,A095,5,0.9989891394428909
O0_vs_O3qL,A095,6,0.9991818181954643
O0_vs_O3qL,A095,7,0.9988991300761287
O0_vs_O3qL,A095,8,0.999312670554552
O0_vs_O3qL,A095,9,0.9993266200048087
O0_vs_O3qL,A095,10,0.9988939211063417
O0_vs_O3qL,A095,11,0.9994364761365149
O0_vs_O3qL,A095,12,0.9993416279685171
O0_vs_O3qL,A095,13,0.9991947695931904
O0_vs_O3qL,A095,14,0.9993156423701769
O0_vs_O3qL,A095,15,0.9986949638839516
O0_vs_O3qL,A095,16,0.9987989951031242
O0_vs_O3qL,A095,17,0.9989922195447355
O0_vs_O3qL,A095,18,0.9989041277132
O0_vs_O3qL,A095,19,0.9995671156735605
O0_vs_O3qL,A095,20,0.9993077939770213
O0_vs_O3qL,A095,21,0.999540070195529
O0_vs_O3qL,A095,22,0.9987759677764898
O0_vs_O3qL,A095,23,0.9986381572725587
O0_vs_O3qL,A095,24,0.9992844763567291
O0_vs_O3qL,A095,25,0.9991120372035495
O0_vs_O3qL,A095,26,0.998931504039957
O0_vs_O3qL,A095,27,0.9985885559627966
O0_vs_O3qL,A095,28,0.99799595816471
O0_vs_O3qL,A095,29,0.9982952312049526
O0_vs_O3qL,A095,30,0.998534055512145
O0_vs_O3qL,A095,31,0.9990770911082412
O0_vs_O3qL,A095,32,0.9992501496298312
O0_vs_O3qL,A096,0,0.9638721853924851
O0_vs_O3qL,A096,1,0.9970453954736015
O0_vs_O3qL,A096,2,0.9987272177910489
O0_vs_O3qL,A096,3,0.9996125710345853
O0_vs_O3qL,A096,4,0.9993525208619843
O0_vs_O3qL,A096,5,0.9993388209170274
O0_vs_O3qL,A096,6,0.9993947156477692
O0_vs_O3qL,A096,7,0.9991172365165604
O0_vs_O3qL,A096,8,0.9992768548453684
O0_vs_O3qL,A096,9,0.9991618819318927
O0_vs_O3qL,A096,10,0.9994711229535025
O0_vs_O3qL,A096,11,0.9996122097857632
O0_vs_O3qL,A096,12,0.9993949465542383
O0_vs_O3qL,A096,13,0.9991507432323177
O0_vs_O3qL,A096,14,0.9989047609566889
O0_vs_O3qL,A096,15,0.9990973562362452
O0_vs_O3qL,A096,16,0.999042534313857
O0_vs_O3qL,A096,17,0.9987552250338255
O0_vs_O3qL,A096,18,0.9980592728852912
O0_vs_O3qL,A096,19,0.998170260352466
O0_vs_O3qL,A096,20,0.9989720017254815
O0_vs_O3qL,A096,21,0.9991385056170818
O0_vs_O3qL,A096,22,0.9989819105942459
O0_vs_O3qL,A097,0,0.9638721853924851
O0_vs_O3qL,A097,1,0.9970453954736015
O0_vs_O3qL,A097,2,0.9987272177910489
O0_vs_O3qL,A097,3,0.9996101601378011
O0_vs_O3qL,A097,4,0.9992167783517814
O0_vs_O3qL,A097,5,0.9986673419844646
O0_vs_O3qL,A097,6,0.999041273725434
O0_vs_O3qL,A097,7,0.9993109507296609
O0_vs_O3qL,A097,8,0.999117475180295
O0_vs_O3qL,A097,9,0.9993042088184267
O0_vs_O3qL,A097,10,0.9995455588039638
O0_vs_O3qL,A097,11,0.9992721945995195
O0_vs_O3qL,A097,12,0.9996046266157944
O0_vs_O3qL,A097,13,0.9992341620423351
O0_vs_O3qL,A097,14,0.9990141796169763
O0_vs_O3qL,A097,15,0.9993189628031715
O0_vs_O3qL,A097,16,0.9993536463727031
O0_vs_O3qL,A097,17,0.9991808614263389
O0_vs_O3qL,A097,18,0.9991298305206371
O0_vs_O3qL,A097,19,0.9986066053946816
O0_vs_O3qL,A097,20,0.9985167904485626
O0_vs_O3qL,A097,21,0.9980407268365282
O0_vs_O3qL,A097,22,0.9981387472474469
O0_vs_O3qL,A097,23,0.9983992726840489
O0_vs_O3qL,A097,24,0.9991545490069014
O0_vs_O3qL,A097,25,0.9993133013398141
O0_vs_O3qL,A098,0,0.9638721853924851
O0_vs_O3qL,A098,1,0.9970453954736015
O0_vs_O3qL,A098,2,0.9987272177910489
O0_vs_O3qL,A098,3,0.9996395310313572
O0_vs_O3qL,A098,4,0.9994930402897525
O0_vs_O3qL,A098,5,0.9994048961054638
O0_vs_O3qL,A098,6,0.9992925813414517
O0_vs_O3qL,A098,7,0.9992148543539056
O0_vs_O3qL,A098,8,0.9994055509971371
O0_vs_O3qL,A098,9,0.9993237159097911
O0_vs_O3qL,A098,10,0.9995244938547451
O0_vs_O3qL,A098,11,0.9990366569250054
O0_vs_O3qL,A098,12,0.9993125443207892
O0_vs_O3qL,A098,13,0.9993841383281006
O0_vs_O3qL,A098,14,0.9993315912381159
O0_vs_O3qL,A098,15,0.999105529248541
O0_vs_O3qL,A098,16,0.9991079173047526
O0_vs_O3qL,A098,17,0.9992133442278306
O0_vs_O3qL,A098,18,0.9991327621839119
O0_vs_O3qL,A098,19,0.9993727749205342
O0_vs_O3qL,A098,20,0.9991933314461956
O0_vs_O3qL,A098,21,0.9991858485548653
O0_vs_O3qL,A098,22,0.9987997604018961
O0_vs_O3qL,A098,23,0.998088980798528
O0_vs_O3qL,A098,24,0.9978624635065747
O0_vs_O3qL,A098,25,0.9988467064661325
O0_vs_O3qL,A098,26,0.9991436758136893
O0_vs_O3qL,A098,27,0.9989526958088016
O0_vs_O3qL,A099,0,0.9638721853924851
O0_vs_O3qL,A099,1,0.9970453954736015
O0_vs_O3qL,A099,2,0.9987272177910489
O0_vs_O3qL,A099,3,0.9996101601378011
O0_vs_O3qL,A099,4,0.9994156493410006
O0_vs_O3qL,A099,5,0.9988362562956582
O0_vs_O3qL,A099,6,0.9993379451264334
O0_vs_O3qL,A099,7,0.9992661945251463
O0_vs_O3qL,A099,8,0.999544115142335
O0_vs_O3qL,A099,9,0.9996522589644761
O0_vs_O3qL,A099,10,0.9990703150509922
O0_vs_O3qL,A099,11,0.9991326332206248
O0_vs_O3qL,A099,12,0.9992687468204418
O0_vs_O3qL,A099,13,0.9990975062427416
O0_vs_O3qL,A099,14,0.998900395630387
O0_vs_O3qL,A099,15,0.998903762582764
O0_vs_O3qL,A099,16,0.9990189984928759
O0_vs_O3qL,A099,17,0.99909599721609
O0_vs_O3qL,A099,18,0.9993909950020646
O0_vs_O3qL,A099,19,0.9990345544790399
O0_vs_O3qL,A099,20,0.9986185116817863
O0_vs_O3qL,A099,21,0.9981846424254354
O0_vs_O3qL,A099,22,0.9989605484675612
O0_vs_O3qL,A099,23,0.9987483454876841
O0_vs_O3qL,A099,24,0.9982573293717073
O0_vs_O3qL,A099,25,0.997812706450234
O0_vs_O3qL,A099,26,0.9990242321023892
O0_vs_O3qL,A099,27,0.9990316159131167
O0_vs_O3qL,A099,28,0.9990460096924734
O0_vs_O3qL,A100,0,0.9638721853924851
O0_vs_O3qL,A100,1,0.9970453954736015
O0_vs_O3qL,A100,2,0.9987272177910489
O0_vs_O3qL,A100,3,0.9996125710345853
O0_vs_O3qL,A100,4,0.9992837446372448
O0_vs_O3qL,A100,5,0.9991683487128743
O0_vs_O3qL,A100,6,0.9995756865389933
O0_vs_O3qL,A100,7,0.9994739054780652
O0_vs_O3qL,A100,8,0.9992674022736018
O0_vs_O3qL,A100,9,0.9992191278841128
O0_vs_O3qL,A100,10,0.9991501710207199
O0_vs_O3qL,A100,11,0.9993335088979882
O0_vs_O3qL,A100,12,0.9990562758917497
O0_vs_O3qL,A100,13,0.9992764886283398
O0_vs_O3qL,A100,14,0.9991812367030285
O0_vs_O3qL,A100,15,0.9994643564050607
O0_vs_O3qL,A100,16,0.999058343541694
O0_vs_O3qL,A100,17,0.9986192777034301
O0_vs_O3qL,A100,18,0.9979933184736421
O0_vs_O3qL,A100,19,0.9983693691917293
O0_vs_O3qL,A100,20,0.9988512783596372
O0_vs_O3qL,A100,21,0.9991289271541268
O0_vs_O3qL,A100,22,0.9988173906346712
R0_vs_O3qL,A001,0,0.8649684509632457
R0_vs_O3qL,A001,1,0.9960950718618808
R0_vs_O3qL,A001,2,0.9984489756042972
R0_vs_O3qL,A001,3,0.9993054331027447
R0_vs_O3qL,A001,4,0.999382676166003
R0_vs_O3qL,A001,5,0.9989195005430361
R0_vs_O3qL,A001,6,0.9994113839011365
R0_vs_O3qL,A001,7,0.9993354655174198
R0_vs_O3qL,A001,8,0.9989588559151311
R0_vs_O3qL,A001,9,0.9987924796146733
R0_vs_O3qL,A001,10,0.9983975810310022
R0_vs_O3qL,A001,11,0.998066520191116
R0_vs_O3qL,A001,12,0.9982768776621981
R0_vs_O3qL,A001,13,0.9990880435284863
R0_vs_O3qL,A001,14,0.9982523601755404
R0_vs_O3qL,A001,15,0.9984938120795326
R0_vs_O3qL,A002,0,0.8649684509632457
R0_vs_O3qL,A002,1,0.9960950718618808
R0_vs_O3qL,A002,2,0.9984489756042972
R0_vs_O3qL,A002,3,0.9993054331027447
R0_vs_O3qL,A002,4,0.9992240757981206
R0_vs_O3qL,A002,5,0.9993543044108002
R0_vs_O3qL,A002,6,0.9991505104315046
R0_vs_O3qL,A002,7,0.9993719572791321
R0_vs_O3qL,A002,8,0.9992741687057047
R0_vs_O3qL,A002,9,0.9988831914152423
R0_vs_O3qL,A002,10,0.9988945550166722
R0_vs_O3qL,A002,11,0.9983621677158597
R0_vs_O3qL,A002,12,0.9979573334109041
R0_vs_O3qL,A002,13,0.9982727299233508
R0_vs_O3qL,A002,14,0.9990074597721146
R0_vs_O3qL,A002,15,0.9982082641752021
R0_vs_O3qL,A002,16,0.999066751982179
R0_vs_O3qL,A003,0,0.8649684509632457
R0_vs_O3qL,A003,1,0.9960950718618808
R0_vs_O3qL,A003,2,0.9984489756042972
R0_vs_O3qL,A003,3,0.9993054331027447
R0_vs_O3qL,A003,4,0.9987050808772607
R0_vs_O3qL,A003,5,0.9992753672127093
R0_vs_O3qL,A003,6,0.9992987793161775
R0_vs_O3qL,A003,7,0.999274055140455
R0_vs_O3qL,A003,8,0.9992105631957371
R0_vs_O3qL,A003,9,0.9988377975708539
R0_vs_O3qL,A003,10,0.9986436836721494
R0_vs_O3qL,A003,11,0.9981129837490795
R0_vs_O3qL,A003,12,0.9981169650814727
R0_vs_O3qL,A003,13,0.9990093247693361
R0_vs_O3qL,A003,14,0.9981254404970796
R0_vs_O3qL,A003,15,0.9986581070923437
R0_vs_O3qL,A004,0,0.8649684509632457
R0_vs_O3qL,A004,1,0.9960950718618808
R0_vs_O3qL,A004,2,0.9984489756042972
R0_vs_O3qL,A004,3,0.9993054318137153
R0_vs_O3qL,A004,4,0.9989991503667673
R0_vs_O3qL,A004,5,0.9991775083379725
R0_vs_O3qL,A004,6,0.9992880529173196
R0_vs_O3qL,A004,7,0.9991066847691837
R0_vs_O3qL,A004,8,0.9990030715192888
R0_vs_O3qL,A004,9,0.9993429632827866
R0_vs_O3qL,A004,10,0.9992970498490693
R0_vs_O3qL,A004,11,0.9988959431819843
R0_vs_O3qL,A004,12,0.9983418551048829
R0_vs_O3qL,A004,13,0.9974899203782637
R0_vs_O3qL,A004,14,0.998309018163051
R0_vs_O3qL,A004,15,0.9984548894169459
R0_vs_O3qL,A004,16,0.9978862220585192
R0_vs_O3qL,A004,17,0.9987968022383683
R0_vs_O3qL,A005,0,0.8649684509632457
R0_vs_O3qL,A005,1,0.9960950718618808
R0_vs_O3qL,A005,2,0.9984489756042972
R0_vs_O3qL,A005,3,0.9993054318137153
R0_vs_O3qL,A005,4,0.9993821545291147
R0_vs_O3qL,A005,5,0.9993673001965323
R0_vs_O3qL,A005,6,0.9990927214493198
R0_vs_O3qL,A005,7,0.9994213001133114
R0_vs_O3qL,A005,8,0.9993653789420183
R0_vs_O3qL,A005,9,0.9991079128511088
R0_vs_O3qL,A005,10,0.9990692638840455
R0_vs_O3qL,A005,11,0.9990186965966841
R0_vs_O3qL,A005,12,0.9985810028285226
R0_vs_O3qL,A005,13,0.9979452965579929
R0_vs_O3qL,A005,14,0.9983666296603118
R0_vs_O3qL,A005,15,0.9988554026334102
R0_vs_O3qL,A005,16,0.9982481875705089
R0_vs_O3qL,A005,17,0.9984511911503582
R0_vs_O3qL,A006,0,0.8248044453427034
R0_vs_O3qL,A006,1,0.9963873379359508
R0_vs_O3qL,A006,2,0.99843287339011
R0_vs_O3qL,A006,3,0.9992890802975635
R0_vs_O3qL,A006,4,0.999183137817192
R0_vs_O3qL,A006,5,0.9989113372851759
R0_vs_O3qL,A006,6,0.9991619957165111
R0_vs_O3qL,A006,7,0.9991866206609569
R0_vs_O3qL,A006,8,0.9987126818750404
R0_vs_O3qL,A006,9,0.9992035693453596
R0_vs_O3qL,A006,10,0.9990238760952548
R0_vs_O3qL,A006,11,0.9989227548240923
R0_vs_O3qL,A006,12,0.9986702274274396
R0_vs_O3qL,A006,13,0.9984818595961052
R0_vs_O3qL,A006,14,0.9976721190381934
R0_vs_O3qL,A006,15,0.998167623183555
R0_vs_O3qL,A006,16,0.9988885302372073
R0_vs_O3qL,A006,17,0.9983972253778441
R0_vs_O3qL,A006,18,0.9979870309675739
R0_vs_O3qL,A007,0,0.8649684509632457
R0_vs_O3qL,A007,1,0.9960950718618808
R0_vs_O3qL,A007,2,0.9984489756042972
R0_vs_O3qL,A007,3,0.9993054331027447
R0_vs_O3qL,A007,4,0.9994200031169644
R0_vs_O3qL,A007,5,0.9986393334930614
R0_vs_O3qL,A007,6,0.9991531350388567
R0_vs_O3qL,A007,7,0.9990686158102983
R0_vs_O3qL,A007,8,0.9990649093593368
R0_vs_O3qL,A007,9,0.9988564083254702
R0_vs_O3qL,A007,10,0.9986594000821444
R0_vs_O3qL,A007,11,0.9978631667100647
R0_vs_O3qL,A007,12,0.9982062868570474
R0_vs_O3qL,A007,13,0.9982879761983138
R0_vs_O3qL,A007,14,0.9984302542035719
R0_vs_O3qL,A007,15,0.998488937958019
R0_vs_O3qL,A008,0,0.8649684509632457
R0_vs_O3qL,A008,1,0.9960950718618808
R0_vs_O3qL,A008,2,0.9984489756042972
R0_vs_O3qL,A008,3,0.9993054331027447
R0_vs_O3qL,A008,4,0.9993970893532177
R0_vs_O3qL,A008,5,0.9992229146822724
R0_vs_O3qL,A008,6,0.9991008081927285
R0_vs_O3qL,A008,7,0.9992150275020851
R0_vs_O3qL,A008,8,0.9994344975115851
R0_vs_O3qL,A008,9,0.9988416372088285
R0_vs_O3qL,A008,10,0.998658503089847
R0_vs_O3qL,A008,11,0.9985163852940975
R0_vs_O3qL,A008,12,0.9980908445089786
R0_vs_O3qL,A008,13,0.9987557214991383
R0_vs_O3qL,A008,14,0.9988782995290153
R0_vs_O3qL,A008,15,0.9984541296619784
R0_vs_O3qL,A008,16,0.9984855477271358
R0_vs_O3qL,A009,0,0.8248044453427034
R0_vs_O3qL,A009,1,0.9963873379359508
R0_vs_O3qL,A009,2,0.99843287339011
R0_vs_O3qL,A009,3,0.9992890802975635
R0_vs_O3qL,A009,4,0.999421380652733
R0_vs_O3qL,A009,5,0.9991285183444862
R0_vs_O3qL,A009,6,0.9991586054372816
R0_vs_O3qL,A009,7,0.9992478499941313
R0_vs_O3qL,A009,8,0.9992880205154638
R0_vs_O3qL,A009,9,0.9991831274033539
R0_vs_O3qL,A009,10,0.9994378793071997
R0_vs_O3qL,A009,11,0.9994812671872974
R0_vs_O3qL,A009,12,0.9989949872829307
R0_vs_O3qL,A009,13,0.9985872928302636
R0_vs_O3qL,A009,14,0.9976922231929514
R0_vs_O3qL,A009,15,0.9981483435616471
R0_vs_O3qL,A009,16,0.9989544701443375
R0_vs_O3qL,A009,17,0.9983435444763001
R0_vs_O3qL,A009,18,0.9984146988025655
R0_vs_O3qL,A010,0,0.8649684509632457
R0_vs_O3qL,A010,1,0.9960950718618808
R0_vs_O3qL,A010,2,0.9984489756042972
R0_vs_O3qL,A010,3,0.9993054331027447
R0_vs_O3qL,A010,4,0.9993757695904169
R0_vs_O3qL,A010,5,0.9994491264473031
R0_vs_O3qL,A010,6,0.9993188563613125
R0_vs_O3qL,A010,7,0.9992711089649291
R0_vs_O3qL,A010,8,0.9993888201038075
R0_vs_O3qL,A010,9,0.9991389154763858
R0_vs_O3qL,A010,10,0.9989721838288225
R0_vs_O3qL,A010,11,0.9985428000276702
R0_vs_O3qL,A010,12,0.9981896968674996
R0_vs_O3qL,A010,13,0.9982819785233898
R0_vs_O3qL,A010,14,0.9988165808014438
R0_vs_O3qL,A010,15,0.9983470120182338
R0_vs_O3qL,A010,16,0.9983799588638773
R0_vs_O3qL,A011,0,0.8248044453427034
R0_vs_O3qL,A011,1,0.9963873379359508
R0_vs_O3qL,A011,2,0.99843287339011
R0_vs_O3qL,A011,3,0.9992890802975635
R0_vs_O3qL,A011,4,0.9991942274530965
R0_vs_O3qL,A011,5,0.9990222642436196
R0_vs_O3qL,A011,6,0.999239858687561
R0_vs_O3qL,A011,7,0.9993692780039136
R0_vs_O3qL,A011,8,0.9990327259939328
R0_vs_O3qL,A011,9,0.9988029858691555
R0_vs_O3qL,A011,10,0.9990895632870623
R0_vs_O3qL,A011,11,0.9987545202534055
R0_vs_O3qL,A011,12,0.9987078319836523
R0_vs_O3qL,A011,13,0.9979696300139401
R0_vs_O3qL,A011,14,0.9985621185877795
R0_vs_O3qL,A011,15,0.9987409066112709
R0_vs_O3qL,A011,16,0.9988175891491222
R0_vs_O3qL,A011,17,0.9991445204928557
R0_vs_O3qL,A011,18,0.998832762575618
R0_vs_O3qL,A011,19,0.9991753078532252
R0_vs_O3qL,A011,20,0.9987787240959964
R0_vs_O3qL,A011,21,0.9989256168937155
R0_vs_O3qL,A011,22,0.998459607951507
R0_vs_O3qL,A011,23,0.9975624747836332
R0_vs_O3qL,A011,24,0.9979549546893149
R0_vs_O3qL,A011,25,0.9989946365823271
R0_vs_O3qL,A011,26,0.9984800744863366
R0_vs_O3qL,A011,27,0.9980643604194065
R0_vs_O3qL,A012,0,0.8248044453427034
R0_vs_O3qL,A012,1,0.9963873379359508
R0_vs_O3qL,A012,2,0.99843287339011
R0_vs_O3qL,A012,3,0.9992890802975635
R0_vs_O3qL,A012,4,0.9990739475526492
R0_vs_O3qL,A012,5,0.999174658143965
R0_vs_O3qL,A012,6,0.9993207062193377
R0_vs_O3qL,A012,7,0.9990683527342867
R0_vs_O3qL,A012,8,0.999322051355935
R0_vs_O3qL,A012,9,0.9993551310330473
R0_vs_O3qL,A012,10,0.9990964671396297
R0_vs_O3qL,A012,11,0.9990782852929041
R0_vs_O3qL,A012,12,0.9988109184663164
R0_vs_O3qL,A012,13,0.9984521411452829
R0_vs_O3qL,A012,14,0.9987429258821836
R0_vs_O3qL,A012,15,0.9987846365266072
R0_vs_O3qL,A012,16,0.9988723966737253
R0_vs_O3qL,A012,17,0.9987191501719841
R0_vs_O3qL,A012,18,0.9989275924446704
R0_vs_O3qL,A012,19,0.9990632023486037
R0_vs_O3qL,A012,20,0.9983021706410508
R0_vs_O3qL,A012,21,0.9984248226423441
R0_vs_O3qL,A012,22,0.997664229798833
R0_vs_O3qL,A012,23,0.9985764035268259
R0_vs_O3qL,A012,24,0.9988638979186842
R0_vs_O3qL,A012,25,0.9984299280000734
R0_vs_O3qL,A012,26,0.998881074530387
R0_vs_O3qL,A013,0,0.8248044453427034
R0_vs_O3qL,A013,1,0.9963873379359508
R0_vs_O3qL,A013,2,0.99843287339011
R0_vs_O3qL,A013,3,0.9992890802975635
R0_vs_O3qL,A013,4,0.9992515429441872
R0_vs_O3qL,A013,5,0.9990849531113932
R0_vs_O3qL,A013,6,0.998860438011587
R0_vs_O3qL,A013,7,0.9992102605251982
R0_vs_O3qL,A013,8,0.9988992961560145
R0_vs_O3qL,A013,9,0.9987157289062769
R0_vs_O3qL,A013,10,0.999202381659093
R0_vs_O3qL,A013,11,0.9986643301606899
R0_vs_O3qL,A013,12,0.9988911054377743
R0_vs_O3qL,A013,13,0.9992881796926792
R0_vs_O3qL,A013,14,0.9987374398606658
R0_vs_O3qL,A013,15,0.9987874159490812
R0_vs_O3qL,A013,16,0.9986096833344377
R0_vs_O3qL,A013,17,0.9984165439522092
R0_vs_O3qL,A013,18,0.9978220847858057
R0_vs_O3qL,A013,19,0.9982968719720381
R0_vs_O3qL,A013,20,0.9987878902898358
R0_vs_O3qL,A013,21,0.9982912992453594
R0_vs_O3qL,A013,22,0.9985695785674339
R0_vs_O3qL,A014,0,0.8248044453427034
R0_vs_O3qL,A014,1,0.9963873379359508
R0_vs_O3qL,A014,2,0.99843287339011
R0_vs_O3qL,A014,3,0.9992890802975635
R0_vs_O3qL,A014,4,0.9992626910672543
R0_vs_O3qL,A014,5,0.9989564310761329
R0_vs_O3qL,A014,6,0.9990865905690691
R0_vs_O3qL,A014,7,0.9989534231541979
R0_vs_O3qL,A014,8,0.9990770205473262
R0_vs_O3qL,A014,9,0.9992919689636174
R0_vs_O3qL,A014,10,0.9989023215663485
R0_vs_O3qL,A014,11,0.9990178665450083
R0_vs_O3qL,A014,12,0.9992625635908766
R0_vs_O3qL,A014,13,0.9992303327168295
R0_vs_O3qL,A014,14,0.9993496979416719
R0_vs_O3qL,A014,15,0.9989339041544262
R0_vs_O3qL,A014,16,0.9988268427385784
R0_vs_O3qL,A014,17,0.9988005686665036
R0_vs_O3qL,A014,18,0.9987916200339749
R0_vs_O3qL,A014,19,0.9986566688729374
R0_vs_O3qL,A014,20,0.9978536425997164
R0_vs_O3qL,A014,21,0.9979907843710806
R0_vs_O3qL,A014,22,0.9989593523497929
R0_vs_O3qL,A014,23,0.9984341069826276
R0_vs_O3qL,A014,24,0.9989715288826655
R0_vs_O3qL,A015,0,0.8248044453427034
R0_vs_O3qL,A015,1,0.9963873379359508
R0_vs_O3qL,A015,2,0.99843287339011
R0_vs_O3qL,A015,3,0.9992890802975635
R0_vs_O3qL,A015,4,0.9993834933264647
R0_vs_O3qL,A015,5,0.9991936667291421
R0_vs_O3qL,A015,6,0.9993854079415833
R0_vs_O3qL,A015,7,0.9995525828266855
R0_vs_O3qL,A015,8,0.9990622189374897
R0_vs_O3qL,A015,9,0.998680012908364
R0_vs_O3qL,A015,10,0.998578691394772
R0_vs_O3qL,A015,11,0.9975511141485123
R0_vs_O3qL,A015,12,0.9990877534527477
R0_vs_O3qL,A015,13,0.9988695874755001
R0_vs_O3qL,A015,14,0.9985794228378553
R0_vs_O3qL,A015,15,0.9988474330953597
R0_vs_O3qL,A015,16,0.9986300393397486
R0_vs_O3qL,A015,17,0.9985321240312034
R0_vs_O3qL,A015,18,0.9978999495913178
R0_vs_O3qL,A015,19,0.9980332055768523
R0_vs_O3qL,A015,20,0.9984518138004812
R0_vs_O3qL,A015,21,0.9984120094121193
R0_vs_O3qL,A015,22,0.9986968640588207
R0_vs_O3qL,A016,0,0.8248044453427034
R0_vs_O3qL,A016,1,0.9963873379359508
R0_vs_O3qL,A016,2,0.99843287339011
R0_vs_O3qL,A016,3,0.9992890802975635
R0_vs_O3qL,A016,4,0.9986502396924006
R0_vs_O3qL,A016,5,0.9991206180471472
R0_vs_O3qL,A016,6,0.9990406750595403
R0_vs_O3qL,A016,7,0.9992358426218216
R0_vs_O3qL,A016,8,0.9989791927466171
R0_vs_O3qL,A016,9,0.9989572596993124
R0_vs_O3qL,A016,10,0.9985186740232468
R0_vs_O3qL,A016,11,0.9982121845912153
R0_vs_O3qL,A016,12,0.9983813428846906
R0_vs_O3qL,A016,13,0.9989758668970671
R0_vs_O3qL,A016,14,0.9984015252379165
R0_vs_O3qL,A016,15,0.9991290916566555
R0_vs_O3qL,A016,16,0.9989860396949207
R0_vs_O3qL,A016,17,0.999057687930354
R0_vs_O3qL,A016,18,0.998661449228407
R0_vs_O3qL,A016,19,0.9984957741037813
R0_vs_O3qL,A016,20,0.9977175860541674
R0_vs_O3qL,A016,21,0.9983804921572581
R0_vs_O3qL,A016,22,0.9988171639285942
R0_vs_O3qL,A016,23,0.9981133165576885
R0_vs_O3qL,A016,24,0.9985780978552344
R0_vs_O3qL,A017,0,0.8248044453427034
R0_vs_O3qL,A017,1,0.9963873379359508
R0_vs_O3qL,A017,2,0.99843287339011
R0_vs_O3qL,A017,3,0.9992890802975635
R0_vs_O3qL,A017,4,0.9993611614046605
R0_vs_O3qL,A017,5,0.9992902585102611
R0_vs_O3qL,A017,6,0.999328234438955
R0_vs_O3qL,A017,7,0.9993579540427241
R0_vs_O3qL,A017,8,0.999227076838106
R0_vs_O3qL,A017,9,0.99898940496187
R0_vs_O3qL,A017,10,0.9989465677470634
R0_vs_O3qL,A017,11,0.9989304013273681
R0_vs_O3qL,A017,12,0.9987371428507543
R0_vs_O3qL,A017,13,0.99888272515355
R0_vs_O3qL,A017,14,0.998985643793388
R0_vs_O3qL,A017,15,0.9983672749567571
R0_vs_O3qL,A017,16,0.9985513591949486
R0_vs_O3qL,A017,17,0.9978037401048112
R0_vs_O3qL,A017,18,0.9982024116710788
R0_vs_O3qL,A017,19,0.9990070700773364
R0_vs_O3qL,A017,20,0.998415657210782
R0_vs_O3qL,A017,21,0.9990012203108012
R0_vs_O3qL,A018,0,0.8248044453427034
R0_vs_O3qL,A018,1,0.9963873379359508
R0_vs_O3qL,A018,2,0.99843287339011
R0_vs_O3qL,A018,3,0.9992890802975635
R0_vs_O3qL,A018,4,0.9991092220552396
R0_vs_O3qL,A018,5,0.9986083412903457
R0_vs_O3qL,A018,6,0.9992400939326725
R0_vs_O3qL,A018,7,0.9994499671896406
R0_vs_O3qL,A018,8,0.9991123318733462
R0_vs_O3qL,A018,9,0.999045198241884
R0_vs_O3qL,A018,10,0.9987093187988791
R0_vs_O3qL,A018,11,0.9985162996376874
R0_vs_O3qL,A018,12,0.9981701583504783
R0_vs_O3qL,A018,13,0.9989281079679091
R0_vs_O3qL,A018,14,0.9985037854257591
R0_vs_O3qL,A018,15,0.9982938755831241
R0_vs_O3qL,A018,16,0.9978567223887131
R0_vs_O3qL,A018,17,0.9983683623313838
R0_vs_O3qL,A018,18,0.9982731864263592
R0_vs_O3qL,A018,19,0.9984404989779742
R0_vs_O3qL,A018,20,0.9990031502992583
R0_vs_O3qL,A019,0,0.8248044453427034
R0_vs_O3qL,A019,1,0.9963873379359508
R0_vs_O3qL,A019,2,0.99843287339011
R0_vs_O3qL,A019,3,0.9992890802975635
R0_vs_O3qL,A019,4,0.999312002951096
R0_vs_O3qL,A019,5,0.9987946628860909
R0_vs_O3qL,A019,6,0.9992823798661901
R0_vs_O3qL,A019,7,0.9994873606607702
R0_vs_O3qL,A019,8,0.9989125228444714
R0_vs_O3qL,A019,9,0.9986552688533363
R0_vs_O3qL,A019,10,0.998936254877958
R0_vs_O3qL,A019,11,0.9982061815743569
R0_vs_O3qL,A019,12,0.9991952130626632
R0_vs_O3qL,A019,13,0.9985350870644398
R0_vs_O3qL,A019,14,0.9987097486747561
R0_vs_O3qL,A019,15,0.9981754008428201
R0_vs_O3qL,A019,16,0.998916006091785
R0_vs_O3qL,A019,17,0.9982031904782264
R0_vs_O3qL,A019,18,0.9985596326560588
R0_vs_O3qL,A019,19,0.9978170805072979
R0_vs_O3qL,A019,20,0.9983841010946659
R0_vs_O3qL,A019,21,0.9990775410399616
R0_vs_O3qL,A019,22,0.9984754714025907
R0_vs_O3qL,A019,23,0.9990040550802679
R0_vs_O3qL,A020,0,0.8248044453427034
R0_vs_O3qL,A020,1,0.9963873379359508
R0_vs_O3qL,A020,2,0.99843287339011
R0_vs_O3qL,A020,3,0.9992890802975635
R0_vs_O3qL,A020,4,0.9993774866066875
R0_vs_O3qL,A020,5,0.9989943856018721
R0_vs_O3qL,A020,6,0.9992649987854546
R0_vs_O3qL,A020,7,0.9993699781720168
R0_vs_O3qL,A020,8,0.9988433847364327
R0_vs_O3qL,A020,9,0.9990506074551326
R0_vs_O3qL,A020,10,0.9989667268231661
R0_vs_O3qL,A020,11,0.9992305920075377
R0_vs_O3qL,A020,12,0.9986154862879781
R0_vs_O3qL,A020,13,0.9983836980238349
R0_vs_O3qL,A020,14,0.9986407149645009
R0_vs_O3qL,A020,15,0.9988794093841209
R0_vs_O3qL,A020,16,0.9988313837999252
R0_vs_O3qL,A020,17,0.99871083137435
R0_vs_O3qL,A020,18,0.9987155655291617
R0_vs_O3qL,A020,19,0.9984624986453539
R0_vs_O3qL,A020,20,0.9978200435837892
R0_vs_O3qL,A020,21,0.9981816285283085
R0_vs_O3qL,A020,22,0.9986658832208632
R0_vs_O3qL,A020,23,0.9985928389982198
R0_vs_O3qL,A020,24,0.998644585387448
R0_vs_O3qL,A021,0,0.8248044453427034
R0_vs_O3qL,A021,1,0.9963873379359508
R0_vs_O3qL,A021,2,0.99843287339011
R0_vs_O3qL,A021,3,0.9992890802975635
R0_vs_O3qL,A021,4,0.9993577030708446
R0_vs_O3qL,A021,5,0.9991658274452346
R0_vs_O3qL,A021,6,0.9987787886985228
R0_vs_O3qL,A021,7,0.9994606287767515
R0_vs_O3qL,A021,8,0.9993471178312676
R0_vs_O3qL,A021,9,0.9989922657480904
R0_vs_O3qL,A021,10,0.9994057091178851
R0_vs_O3qL,A021,11,0.9993820447926419
R0_vs_O3qL,A021,12,0.9989950553283451
R0_vs_O3qL,A021,13,0.9985216593674738
R0_vs_O3qL,A021,14,0.9989801825867247
R0_vs_O3qL,A021,15,0.9987879588087398
R0_vs_O3qL,A021,16,0.9990016026558474
R0_vs_O3qL,A021,17,0.9990385186430208
R0_vs_O3qL,A021,18,0.9989696461302686
R0_vs_O3qL,A021,19,0.998845805322917
R0_vs_O3qL,A021,20,0.9987207392584899
R0_vs_O3qL,A021,21,0.9985049817899639
R0_vs_O3qL,A021,22,0.9973902680978918
R0_vs_O3qL,A021,23,0.9978477216494792
R0_vs_O3qL,A021,24,0.9987935380580347
R0_vs_O3qL,A021,25,0.998266191374523
R0_vs_O3qL,A021,26,0.998456162181604
R0_vs_O3qL,A022,0,0.8248044453427034
R0_vs_O3qL,A022,1,0.9963873379359508
R0_vs_O3qL,A022,2,0.99843287339011
R0_vs_O3qL,A022,3,0.9992890802975635
R0_vs_O3qL,A022,4,0.9992562679450077
R0_vs_O3qL,A022,5,0.9990083374486922
R0_vs_O3qL,A022,6,0.9990759738365281
R0_vs_O3qL,A022,7,0.9991171667596759
R0_vs_O3qL,A022,8,0.9994102742500807
R0_vs_O3qL,A022,9,0.9992434528082463
R0_vs_O3qL,A022,10,0.9980009133600964
R0_vs_O3qL,A022,11,0.9987070610096997
R0_vs_O3qL,A022,12,0.9986818793557887
R0_vs_O3qL,A022,13,0.9988850623358778
R0_vs_O3qL,A022,14,0.9989427486670382
R0_vs_O3qL,A022,15,0.9983111231242416
R0_vs_O3qL,A022,16,0.9989841006149988
R0_vs_O3qL,A022,17,0.998394495019579
R0_vs_O3qL,A022,18,0.9984691027752878
R0_vs_O3qL,A022,19,0.9979458193163211
R0_vs_O3qL,A022,20,0.9983435339135153
R0_vs_O3qL,A022,21,0.9989872015645759
R0_vs_O3qL,A022,22,0.9983001456726499
R0_vs_O3qL,A022,23,0.9977629603528698
R0_vs_O3qL,A023,0,0.8248044453427034
R0_vs_O3qL,A023,1,0.9963873379359508
R0_vs_O3qL,A023,2,0.99843287339011
R0_vs_O3qL,A023,3,0.9992890802975635
R0_vs_O3qL,A023,4,0.9991568583067447
R0_vs_O3qL,A023,5,0.9993190933159317
R0_vs_O3qL,A023,6,0.9994150289758696
R0_vs_O3qL,A023,7,0.9989445091634949
R0_vs_O3qL,A023,8,0.998965328093222
R0_vs_O3qL,A023,9,0.9991965186828377
R0_vs_O3qL,A023,10,0.9991305809874794
R0_vs_O3qL,A023,11,0.9988968564965367
R0_vs_O3qL,A023,12,0.9987607985343078
R0_vs_O3qL,A023,13,0.9982722563791078
R0_vs_O3qL,A023,14,0.9983752220103324
R0_vs_O3qL,A023,15,0.9986323899531131
R0_vs_O3qL,A023,16,0.997895363178182
R0_vs_O3qL,A023,17,0.9986487262789844
R0_vs_O3qL,A023,18,0.9987163964183194
R0_vs_O3qL,A023,19,0.9982774840683023
R0_vs_O3qL,A023,20,0.9987262560977279
R0_vs_O3qL,A024,0,0.8248044453427034
R0_vs_O3qL,A024,1,0.9963873379359508
R0_vs_O3qL,A024,2,0.99843287339011
R0_vs_O3qL,A024,3,0.9992890802975635
R0_vs_O3qL,A024,4,0.9989449278336533
R0_vs_O3qL,A024,5,0.9995650390119963
R0_vs_O3qL,A024,6,0.9991961714423884
R0_vs_O3qL,A024,7,0.999601570012719
R0_vs_O3qL,A024,8,0.9993330822966838
R0_vs_O3qL,A024,9,0.9990953320233582
R0_vs_O3qL,A024,10,0.9986788673708271
R0_vs_O3qL,A024,11,0.9992501520116129
R0_vs_O3qL,A024,12,0.9993712521112681
R0_vs_O3qL,A024,13,0.9991794557703022
R0_vs_O3qL,A024,14,0.999179784172843
R0_vs_O3qL,A024,15,0.9986754364607745
R0_vs_O3qL,A024,16,0.9989746693725845
R0_vs_O3qL,A024,17,0.9989753474130305
R0_vs_O3qL,A024,18,0.99913483710124
R0_vs_O3qL,A024,19,0.9990646761284036
R0_vs_O3qL,A024,20,0.9986408943775034
R0_vs_O3qL,A024,21,0.9986571038762353
R0_vs_O3qL,A024,22,0.9975577234803864
R0_vs_O3qL,A024,23,0.9980118250952931
R0_vs_O3qL,A024,24,0.9987729802262333
R0_vs_O3qL,A024,25,0.9983752771835546
R0_vs_O3qL,A024,26,0.9988288913773292
R0_vs_O3qL,A025,0,0.8248044453427034
R0_vs_O3qL,A025,1,0.9963873379359508
R0_vs_O3qL,A025,2,0.99843287339011
R0_vs_O3qL,A025,3,0.9992890802975635
R0_vs_O3qL,A025,4,0.999237592079995
R0_vs_O3qL,A025,5,0.9992011185383884
R0_vs_O3qL,A025,6,0.9993228273641617
R0_vs_O3qL,A025,7,0.9993965098880185
R0_vs_O3qL,A025,8,0.998997716492594
R0_vs_O3qL,A025,9,0.9989182935384483
R0_vs_O3qL,A025,10,0.9988234279918617
R0_vs_O3qL,A025,11,0.9984433882132987
R0_vs_O3qL,A025,12,0.9983870918578871
R0_vs_O3qL,A025,13,0.9989829242577158
R0_vs_O3qL,A025,14,0.9990840098375644
R0_vs_O3qL,A025,15,0.998227944304937
R0_vs_O3qL,A025,16,0.9984780875284684
R0_vs_O3qL,A025,17,0.9978734042115085
R0_vs_O3qL,A025,18,0.9984998658392521
R0_vs_O3qL,A025,19,0.9989594950684318
R0_vs_O3qL,A025,20,0.9982257107130764
R0_vs_O3qL,A025,21,0.9986816342676375
R0_vs_O3qL,A026,0,0.8248044453427034
R0_vs_O3qL,A026,1,0.9963873379359508
R0_vs_O3qL,A026,2,0.99843287339011
R0_vs_O3qL,A026,3,0.9992890802975635
R0_vs_O3qL,A026,4,0.9991871848854901
R0_vs_O3qL,A026,5,0.9990467548819508
R0_vs_O3qL,A026,6,0.9993093312742087
R0_vs_O3qL,A026,7,0.998408610244433
R0_vs_O3qL,A026,8,0.9989323155558
R0_vs_O3qL,A026,9,0.9989978647598584
R0_vs_O3qL,A026,10,0.9989646475135209
R0_vs_O3qL,A026,11,0.9990044659848445
R0_vs_O3qL,A026,12,0.9993207942328006
R0_vs_O3qL,A026,13,0.9989839830758727
R0_vs_O3qL,A026,14,0.9988523993779916
R0_vs_O3qL,A026,15,0.9989923469294433
R0_vs_O3qL,A026,16,0.999106144810721
R0_vs_O3qL,A026,17,0.9987176757525725
R0_vs_O3qL,A026,18,0.997762361551692
R0_vs_O3qL,A026,19,0.998480547564597
R0_vs_O3qL,A026,20,0.998745553279533
R0_vs_O3qL,A026,21,0.9985229335762196
R0_vs_O3qL,A026,22,0.9991010113770076
R0_vs_O3qL,A027,0,0.8248044453427034
R0_vs_O3qL,A027,1,0.9963873379359508
R0_vs_O3qL,A027,2,0.99843287339011
R0_vs_O3qL,A027,3,0.9990664196503276
R0_vs_O3qL,A027,4,0.9992211813870626
R0_vs_O3qL,A027,5,0.9995250222889693
R0_vs_O3qL,A027,6,0.9995302203925551
R0_vs_O3qL,A027,7,0.9991238285967745
R0_vs_O3qL,A027,8,0.99934461122472
R0_vs_O3qL,A027,9,0.9991346204345615
R0_vs_O3qL,A027,10,0.9986300032507596
R0_vs_O3qL,A027,11,0.9991037041733613
R0_vs_O3qL,A027,12,0.9990537409944859
R0_vs_O3qL,A027,13,0.9988965078221014
R0_vs_O3qL,A027,14,0.9991904912962466
R0_vs_O3qL,A027,15,0.9985495333352932
R0_vs_O3qL,A027,16,0.9990602951179572
R0_vs_O3qL,A027,17,0.9988636794433653
R0_vs_O3qL,A027,18,0.9988529205067925
R0_vs_O3qL,A027,19,0.9975734237088144
R0_vs_O3qL,A027,20,0.9985711802827563
R0_vs_O3qL,A027,21,0.9990590371433846
R0_vs_O3qL,A027,22,0.9984035173302115
R0_vs_O3qL,A027,23,0.9988947297494446
R0_vs_O3qL,A028,0,0.8248044453427034
R0_vs_O3qL,A028,1,0.9963873379359508
R0_vs_O3qL,A028,2,0.99843287339011
R0_vs_O3qL,A028,3,0.9992890802975635
R0_vs_O3qL,A028,4,0.9992096935236399
R0_vs_O3qL,A028,5,0.9981324002435059
R0_vs_O3qL,A028,6,0.9990918678516992
R0_vs_O3qL,A028,7,0.9993275330010073
R0_vs_O3qL,A028,8,0.9992092923225958
R0_vs_O3qL,A028,9,0.9990659844841988
R0_vs_O3qL,A028,10,0.9994031328545264
R0_vs_O3qL,A028,11,0.998875573397076
R0_vs_O3qL,A028,12,0.9989604444540392
R0_vs_O3qL,A028,13,0.9989121684439481
R0_vs_O3qL,A028,14,0.9990676639041468
R0_vs_O3qL,A028,15,0.9984603787553942
R0_vs_O3qL,A028,16,0.9976774152398361
R0_vs_O3qL,A028,17,0.9983396354378132
R0_vs_O3qL,A028,18,0.9985211613755602
R0_vs_O3qL,A028,19,0.9982555936613282
R0_vs_O3qL,A028,20,0.9987794004854882
R0_vs_O3qL,A029,0,0.8248044453427034
R0_vs_O3qL,A029,1,0.9963873379359508
R0_vs_O3qL,A029,2,0.99843287339011
R0_vs_O3qL,A029,3,0.9992890802975635
R0_vs_O3qL,A029,4,0.9989001251836965
R0_vs_O3qL,A029,5,0.9993547699071098
R0_vs_O3qL,A029,6,0.9986828582529779
R0_vs_O3qL,A029,7,0.9993327832647574
R0_vs_O3qL,A029,8,0.9991111933175081
R0_vs_O3qL,A029,9,0.9990668555780909
R0_vs_O3qL,A029,10,0.9993500044542262
R0_vs_O3qL,A029,11,0.9989201487105661
R0_vs_O3qL,A029,12,0.998801458170774
R0_vs_O3qL,A029,13,0.9990153754349657
R0_vs_O3qL,A029,14,0.9988885315646394
R0_vs_O3qL,A029,15,0.9991202180076921
R0_vs_O3qL,A029,16,0.9984828587184125
R0_vs_O3qL,A029,17,0.9987907422911272
R0_vs_O3qL,A029,18,0.99865785230563
R0_vs_O3qL,A029,19,0.9977254916612155
R0_vs_O3qL,A029,20,0.9981766360876616
R0_vs_O3qL,A029,21,0.9986225693268798
R0_vs_O3qL,A029,22,0.9984854674465683
R0_vs_O3qL,A029,23,0.9990330316184984
R0_vs_O3qL,A030,0,0.8248044453427034
R0_vs_O3qL,A030,1,0.9963873379359508
R0_vs_O3qL,A030,2,0.99843287339011
R0_vs_O3qL,A030,3,0.9992890802975635
R0_vs_O3qL,A030,4,0.9991009694177196
R0_vs_O3qL,A030,5,0.9992032509973663
R0_vs_O3qL,A030,6,0.9992784493541235
R0_vs_O3qL,A030,7,0.9993048662364293
R0_vs_O3qL,A030,8,0.9989194159610195
R0_vs_O3qL,A030,9,0.9994338320425159
R0_vs_O3qL,A030,10,0.9991947403343723
R0_vs_O3qL,A030,11,0.998795877281042
R0_vs_O3qL,A030,12,0.9993330956458147
R0_vs_O3qL,A030,13,0.9991950374211908
R0_vs_O3qL,A030,14,0.9986576794687744
R0_vs_O3qL,A030,15,0.9981505309121548
R0_vs_O3qL,A030,16,0.997691767462326
R0_vs_O3qL,A030,17,0.9985432605534992
R0_vs_O3qL,A030,18,0.9983143336692203
R0_vs_O3qL,A030,19,0.9983618907359119
R0_vs_O3qL,A030,20,0.9985390125655703
R0_vs_O3qL,A031,0,0.8248044453427034
R0_vs_O3qL,A031,1,0.9963873379359508
R0_vs_O3qL,A031,2,0.99843287339011
R0_vs_O3qL,A031,3,0.9990009704852277
R0_vs_O3qL,A031,4,0.9988689147774238
R0_vs_O3qL,A031,5,0.9989473128327793
R0_vs_O3qL,A031,6,0.9991223331308525
R0_vs_O3qL,A031,7,0.9987297091801602
R0_vs_O3qL,A031,8,0.9992358281331641
R0_vs_O3qL,A031,9,0.9990630710212444
R0_vs_O3qL,A031,10,0.998662984091673
R0_vs_O3qL,A031,11,0.9987023666972482
R0_vs_O3qL,A031,12,0.9986737145709076
R0_vs_O3qL,A031,13,0.9983719823140418
R0_vs_O3qL,A031,14,0.9977621544188745
R0_vs_O3qL,A031,15,0.9984151172018583
R0_vs_O3qL,A031,16,0.9983081951254306
R0_vs_O3qL,A031,17,0.998580639194747
R0_vs_O3qL,A031,18,0.9987378766436156
R0_vs_O3qL,A032,0,0.8649684509632457
R0_vs_O3qL,A032,1,0.9960950718618808
R0_vs_O3qL,A032,2,0.9984489756042972
R0_vs_O3qL,A032,3,0.9993113125098507
R0_vs_O3qL,A032,4,0.999175536895577
R0_vs_O3qL,A032,5,0.999075245329885
R0_vs_O3qL,A032,6,0.9989725578942584
R0_vs_O3qL,A032,7,0.9989236036147852
R0_vs_O3qL,A032,8,0.999217203657131
R0_vs_O3qL,A032,9,0.9991109172794558
R0_vs_O3qL,A032,10,0.9989275333996875
R0_vs_O3qL,A032,11,0.9985802277639969
R0_vs_O3qL,A032,12,0.9981743598835904
R0_vs_O3qL,A032,13,0.998071520656228
R0_vs_O3qL,A032,14,0.9984127989446425
R0_vs_O3qL,A032,15,0.9981653818619635
R0_vs_O3qL,A032,16,0.9985170354047365
R0_vs_O3qL,A033,0,0.8248044453427034
R0_vs_O3qL,A033,1,0.9963873379359508
R0_vs_O3qL,A033,2,0.99843287339011
R0_vs_O3qL,A033,3,0.9993480272155623
R0_vs_O3qL,A033,4,0.9990164023164289
R0_vs_O3qL,A033,5,0.9992582389532785
R0_vs_O3qL,A033,6,0.9986289746357412
R0_vs_O3qL,A033,7,0.9991089491810823
R0_vs_O3qL,A033,8,0.9989946856999544
R0_vs_O3qL,A033,9,0.9989421454525981
R0_vs_O3qL,A033,10,0.9991055682618537
R0_vs_O3qL,A033,11,0.9986537082789612
R0_vs_O3qL,A033,12,0.999124920938211
R0_vs_O3qL,A033,13,0.9991704195553583
R0_vs_O3qL,A033,14,0.9988088265243061
R0_vs_O3qL,A033,15,0.9984585481397273
R0_vs_O3qL,A033,16,0.9984190848224856
R0_vs_O3qL,A033,17,0.9975943514057217
R0_vs_O3qL,A033,18,0.9982788031512098
R0_vs_O3qL,A033,19,0.9988068174133545
R0_vs_O3qL,A033,20,0.9980062473870226
R0_vs_O3qL,A033,21,0.9987378595265632
R0_vs_O3qL,A034,0,0.8649684509632457
R0_vs_O3qL,A034,1,0.9960950718618808
R0_vs_O3qL,A034,2,0.9984489756042972
R0_vs_O3qL,A034,3,0.9992838365383916
R0_vs_O3qL,A034,4,0.999039471048694
R0_vs_O3qL,A034,5,0.999153551390819
R0_vs_O3qL,A034,6,0.9989485492979535
R0_vs_O3qL,A034,7,0.9992572126832147
R0_vs_O3qL,A034,8,0.9993025685837628
R0_vs_O3qL,A034,9,0.9990466406177072
R0_vs_O3qL,A034,10,0.9980009226574449
R0_vs_O3qL,A034,11,0.9989130518068841
R0_vs_O3qL,A034,12,0.9987104424096004
R0_vs_O3qL,A034,13,0.9979145519434164
R0_vs_O3qL,A034,14,0.9986521270954337
R0_vs_O3qL,A034,15,0.997848458036327
R0_vs_O3qL,A034,16,0.9984142154670828
R0_vs_O3qL,A034,17,0.9987470632803568
R0_vs_O3qL,A035,0,0.8649684509632457
R0_vs_O3qL,A035,1,0.9960950718618808
R0_vs_O3qL,A035,2,0.9984489756042972
R0_vs_O3qL,A035,3,0.9992814633602707
R0_vs_O3qL,A035,4,0.9992359427341649
R0_vs_O3qL,A035,5,0.9993186523704184
R0_vs_O3qL,A035,6,0.9992052104185665
R0_vs_O3qL,A035,7,0.9990622440545629
R0_vs_O3qL,A035,8,0.9987990646518083
R0_vs_O3qL,A035,9,0.9985835446360041
R0_vs_O3qL,A035,10,0.9987522843231484
R0_vs_O3qL,A035,11,0.9979255657339811
R0_vs_O3qL,A035,12,0.9978542943985111
R0_vs_O3qL,A035,13,0.9985862283322667
R0_vs_O3qL,A035,14,0.9978127645055882
R0_vs_O3qL,A035,15,0.9986691168803903
R0_vs_O3qL,A036,0,0.8649684509632457
R0_vs_O3qL,A036,1,0.9960950718618808
R0_vs_O3qL,A036,2,0.9984489756042972
R0_vs_O3qL,A036,3,0.9994795153499001
R0_vs_O3qL,A036,4,0.9991220759492269
R0_vs_O3qL,A036,5,0.9993451737236625
R0_vs_O3qL,A036,6,0.9991240363212072
R0_vs_O3qL,A036,7,0.9991276364252186
R0_vs_O3qL,A036,8,0.9990396036088808
R0_vs_O3qL,A036,9,0.9992762230749886
R0_vs_O3qL,A036,10,0.9993574151099306
R0_vs_O3qL,A036,11,0.998687165395815
R0_vs_O3qL,A036,12,0.9984983295501983
R0_vs_O3qL,A036,13,0.9976877640873156
R0_vs_O3qL,A036,14,0.9981222537501676
R0_vs_O3qL,A036,15,0.9975320730636921
R0_vs_O3qL,A036,16,0.9986298069951072
R0_vs_O3qL,A036,17,0.9981233684526485
R0_vs_O3qL,A037,0,0.8649684509632457
R0_vs_O3qL,A037,1,0.9960950718618808
R0_vs_O3qL,A037,2,0.9984489756042972
R0_vs_O3qL,A037,3,0.9987812390445306
R0_vs_O3qL,A037,4,0.99904350588802
R0_vs_O3qL,A037,5,0.9992841944309798
R0_vs_O3qL,A037,6,0.9991886203980386
R0_vs_O3qL,A037,7,0.9990816534801421
R0_vs_O3qL,A037,8,0.9991755619231124
R0_vs_O3qL,A037,9,0.9992108233371843
R0_vs_O3qL,A037,10,0.9985709877320222
R0_vs_O3qL,A037,11,0.9984656046770356
R0_vs_O3qL,A037,12,0.9986603057682846
R0_vs_O3qL,A037,13,0.9979236071947065
R0_vs_O3qL,A037,14,0.9973245620534851
R0_vs_O3qL,A037,15,0.9977482757979588
R0_vs_O3qL,A037,16,0.9983003631161731
R0_vs_O3qL,A037,17,0.9987764613999374
R0_vs_O3qL,A038,0,0.8649684509632457
R0_vs_O3qL,A038,1,0.9960950718618808
R0_vs_O3qL,A038,2,0.9984489756042972
R0_vs_O3qL,A038,3,0.9992357449584182
R0_vs_O3qL,A038,4,0.9994105896806842
R0_vs_O3qL,A038,5,0.9990436747718686
R0_vs_O3qL,A038,6,0.9991685024047571
R0_vs_O3qL,A038,7,0.9994334136459235
R0_vs_O3qL,A038,8,0.9991041257190022
R0_vs_O3qL,A038,9,0.9991258563863418
R0_vs_O3qL,A038,10,0.9990042855299265
R0_vs_O3qL,A038,11,0.9987383386075214
R0_vs_O3qL,A038,12,0.9985002226891834
R0_vs_O3qL,A038,13,0.9978264513666729
R0_vs_O3qL,A038,14,0.9984527337839922
R0_vs_O3qL,A038,15,0.998793052542817
R0_vs_O3qL,A038,16,0.9983154502698132
R0_vs_O3qL,A038,17,0.9986608365983818
R0_vs_O3qL,A039,0,0.8248044453427034
R0_vs_O3qL,A039,1,0.9963873379359508
R0_vs_O3qL,A039,2,0.99843287339011
R0_vs_O3qL,A039,3,0.9988485386938825
R0_vs_O3qL,A039,4,0.9992756922004
R0_vs_O3qL,A039,5,0.998909944973071
R0_vs_O3qL,A039,6,0.999214083586639
R0_vs_O3qL,A039,7,0.9991739005014223
R0_vs_O3qL,A039,8,0.9993342604010294
R0_vs_O3qL,A039,9,0.9988949518293061
R0_vs_O3qL,A039,10,0.9991458692664318
R0_vs_O3qL,A039,11,0.9992933123095658
R0_vs_O3qL,A039,12,0.9995953532346704
R0_vs_O3qL,A039,13,0.9990053512957808
R0_vs_O3qL,A039,14,0.9983968360191237
R0_vs_O3qL,A039,15,0.9978492796979358
R0_vs_O3qL,A039,16,0.9980375253435568
R0_vs_O3qL,A039,17,0.9986919211438894
R0_vs_O3qL,A039,18,0.9985211433767264
R0_vs_O3qL,A039,19,0.9985321777267282
R0_vs_O3qL,A040,0,0.8649684509632457
R0_vs_O3qL,A040,1,0.9960950718618808
R0_vs_O3qL,A040,2,0.9984489756042972
R0_vs_O3qL,A040,3,0.9989411382251437
R0_vs_O3qL,A040,4,0.9992400528882727
R0_vs_O3qL,A040,5,0.9989535057905651
R0_vs_O3qL,A040,6,0.9990156276151202
R0_vs_O3qL,A040,7,0.9989495493926676
R0_vs_O3qL,A040,8,0.9990466517651625
R0_vs_O3qL,A040,9,0.999085740368446
R0_vs_O3qL,A040,10,0.9981952448030063
R0_vs_O3qL,A040,11,0.9988316757287682
R0_vs_O3qL,A040,12,0.9985927821551877
R0_vs_O3qL,A040,13,0.9980274862299612
R0_vs_O3qL,A040,14,0.9985490296527391
R0_vs_O3qL,A040,15,0.9979478668517229
R0_vs_O3qL,A040,16,0.9982891864676087
R0_vs_O3qL,A040,17,0.9989793906871398
R0_vs_O3qL,A041,0,0.8248044453427034
R0_vs_O3qL,A041,1,0.9963873379359508
R0_vs_O3qL,A041,2,0.99843287339011
R0_vs_O3qL,A041,3,0.9992890802975635
R0_vs_O3qL,A041,4,0.9993850653295074
R0_vs_O3qL,A041,5,0.9992178368165878
R0_vs_O3qL,A041,6,0.9993202373766427
R0_vs_O3qL,A041,7,0.9992915557423652
R0_vs_O3qL,A041,8,0.9990529483860279
R0_vs_O3qL,A041,9,0.9989160232339561
R0_vs_O3qL,A041,10,0.9990543166406944
R0_vs_O3qL,A041,11,0.9986823938420893
R0_vs_O3qL,A041,12,0.9993772963961414
R0_vs_O3qL,A041,13,0.9988772249097425
R0_vs_O3qL,A041,14,0.998892820922136
R0_vs_O3qL,A041,15,0.9993198098772822
R0_vs_O3qL,A041,16,0.9993389536886934
R0_vs_O3qL,A041,17,0.9988189878468622
R0_vs_O3qL,A041,18,0.9988611335496341
R0_vs_O3qL,A041,19,0.9980093628228747
R0_vs_O3qL,A041,20,0.9975087388342454
R0_vs_O3qL,A041,21,0.9980735385673748
R0_vs_O3qL,A041,22,0.9988892535744281
R0_vs_O3qL,A041,23,0.9986363872953824
R0_vs_O3qL,A041,24,0.998073659643355
R0_vs_O3qL,A042,0,0.8248044453427034
R0_vs_O3qL,A042,1,0.9963873379359508
R0_vs_O3qL,A042,2,0.99843287339011
R0_vs_O3qL,A042,3,0.9991928816114892
R0_vs_O3qL,A042,4,0.9993857721896957
R0_vs_O3qL,A042,5,0.9992289694084755
R0_vs_O3qL,A042,6,0.9993990184284933
R0_vs_O3qL,A042,7,0.9994501802838698
R0_vs_O3qL,A042,8,0.9990977293312285
R0_vs_O3qL,A042,9,0.9988597009792549
R0_vs_O3qL,A042,10,0.9987373398810213
R0_vs_O3qL,A042,11,0.9992180702511864
R0_vs_O3qL,A042,12,0.9987458523670789
R0_vs_O3qL,A042,13,0.9990477546266725
R0_vs_O3qL,A042,14,0.999302291166253
R0_vs_O3qL,A042,15,0.9986601692660987
R0_vs_O3qL,A042,16,0.9984241427200298
R0_vs_O3qL,A042,17,0.9976791253127794
R0_vs_O3qL,A042,18,0.9983751575961144
R0_vs_O3qL,A042,19,0.9988705947799389
R0_vs_O3qL,A042,20,0.998376838841811
R0_vs_O3qL,A042,21,0.9983769358353919
R0_vs_O3qL,A043,0,0.8248044453427034
R0_vs_O3qL,A043,1,0.9963873379359508
R0_vs_O3qL,A043,2,0.99843287339011
R0_vs_O3qL,A043,3,0.9992890802975635
R0_vs_O3qL,A043,4,0.9989343138057651
R0_vs_O3qL,A043,5,0.999459137879378
R0_vs_O3qL,A043,6,0.9992395198657043
R0_vs_O3qL,A043,7,0.9991141301170512
R0_vs_O3qL,A043,8,0.9991689087338154
R0_vs_O3qL,A043,9,0.998973622694063
R0_vs_O3qL,A043,10,0.9988734639439711
R0_vs_O3qL,A043,11,0.9992251794028874
R0_vs_O3qL,A043,12,0.9982362952062506
R0_vs_O3qL,A043,13,0.9990724905950394
R0_vs_O3qL,A043,14,0.9988607102443771
R0_vs_O3qL,A043,15,0.9990153460661118
R0_vs_O3qL,A043,16,0.9986172561976419
R0_vs_O3qL,A043,17,0.9984014564592996
R0_vs_O3qL,A043,18,0.9977623434035302
R0_vs_O3qL,A043,19,0.9983389665909222
R0_vs_O3qL,A043,20,0.9985900129059764
R0_vs_O3qL,A043,21,0.998091137536162
R0_vs_O3qL,A043,22,0.9986853448419656
R0_vs_O3qL,A044,0,0.8649684509632457
R0_vs_O3qL,A044,1,0.9960950718618808
R0_vs_O3qL,A044,2,0.9984489756042972
R0_vs_O3qL,A044,3,0.9992838365383916
R0_vs_O3qL,A044,4,0.9993681377867556
R0_vs_O3qL,A044,5,0.9991749178652578
R0_vs_O3qL,A044,6,0.9992229844403491
R0_vs_O3qL,A044,7,0.9992640151303976
R0_vs_O3qL,A044,8,0.9984890542965641
R0_vs_O3qL,A044,9,0.9991513772265525
R0_vs_O3qL,A044,10,0.9989262697029891
R0_vs_O3qL,A044,11,0.9987185290952764
R0_vs_O3qL,A044,12,0.9985098369395228
R0_vs_O3qL,A044,13,0.9978042703116426
R0_vs_O3qL,A044,14,0.9985137569478131
R0_vs_O3qL,A044,15,0.9989820151245967
R0_vs_O3qL,A044,16,0.9983544910428999
R0_vs_O3qL,A044,17,0.9982874991430237
R0_vs_O3qL,A045,0,0.8248044453427034
R0_vs_O3qL,A045,1,0.9963873379359508
R0_vs_O3qL,A045,2,0.99843287339011
R0_vs_O3qL,A045,3,0.9992890802975635
R0_vs_O3qL,A045,4,0.9992275323558548
R0_vs_O3qL,A045,5,0.9994025839883385
R0_vs_O3qL,A045,6,0.9992132683797148
R0_vs_O3qL,A045,7,0.9988263746580317
R0_vs_O3qL,A045,8,0.9991897230148274
R0_vs_O3qL,A045,9,0.9992597282026167
R0_vs_O3qL,A045,10,0.998648760072273
R0_vs_O3qL,A045,11,0.9989699133799272
R0_vs_O3qL,A045,12,0.9985329375967128
R0_vs_O3qL,A045,13,0.998664680527271
R0_vs_O3qL,A045,14,0.9976040015468625
R0_vs_O3qL,A045,15,0.9984066086672313
R0_vs_O3qL,A045,16,0.9988953034167556
R0_vs_O3qL,A045,17,0.9984432138699698
R0_vs_O3qL,A045,18,0.9984046701414816
R0_vs_O3qL,A046,0,0.8649684509632457
R0_vs_O3qL,A046,1,0.9960950718618808
R0_vs_O3qL,A046,2,0.9984489756042972
R0_vs_O3qL,A046,3,0.9993054331027447
R0_vs_O3qL,A046,4,0.9993584244954913
R0_vs_O3qL,A046,5,0.9992391557949881
R0_vs_O3qL,A046,6,0.9989215539070986
R0_vs_O3qL,A046,7,0.9989521545152324
R0_vs_O3qL,A046,8,0.9990564193987688
R0_vs_O3qL,A046,9,0.9988417542318256
R0_vs_O3qL,A046,10,0.998486802865074
R0_vs_O3qL,A046,11,0.9983436989670926
R0_vs_O3qL,A046,12,0.997876873554431
R0_vs_O3qL,A046,13,0.9981528935093751
R0_vs_O3qL,A046,14,0.9988936657649231
R0_vs_O3qL,A046,15,0.9982269143976654
R0_vs_O3qL,A046,16,0.9979258997049025
R0_vs_O3qL,A047,0,0.8248044453427034
R0_vs_O3qL,A047,1,0.9963873379359508
R0_vs_O3qL,A047,2,0.99843287339011
R0_vs_O3qL,A047,3,0.9992890802975635
R0_vs_O3qL,A047,4,0.9989895502061991
R0_vs_O3qL,A047,5,0.9993154734587291
R0_vs_O3qL,A047,6,0.9993622399495468
R0_vs_O3qL,A047,7,0.998749977889314
R0_vs_O3qL,A047,8,0.999384030951273
R0_vs_O3qL,A047,9,0.9988612907941924
R0_vs_O3qL,A047,10,0.9992516603932035
R0_vs_O3qL,A047,11,0.9993819707055447
R0_vs_O3qL,A047,12,0.9990588511474311
R0_vs_O3qL,A047,13,0.998360575954347
R0_vs_O3qL,A047,14,0.9977794795011732
R0_vs_O3qL,A047,15,0.9983900323657032
R0_vs_O3qL,A047,16,0.9981511811794561
R0_vs_O3qL,A047,17,0.9982961746883734
R0_vs_O3qL,A047,18,0.998781269954718
R0_vs_O3qL,A048,0,0.8248044453427034
R0_vs_O3qL,A048,1,0.9963873379359508
R0_vs_O3qL,A048,2,0.99843287339011
R0_vs_O3qL,A048,3,0.9992890802975635
R0_vs_O3qL,A048,4,0.9985305198334034
R0_vs_O3qL,A048,5,0.9991712595362641
R0_vs_O3qL,A048,6,0.9990923146987063
R0_vs_O3qL,A048,7,0.9990259042223537
R0_vs_O3qL,A048,8,0.9991171825071894
R0_vs_O3qL,A048,9,0.9986975425092841
R0_vs_O3qL,A048,10,0.9993135764839427
R0_vs_O3qL,A048,11,0.9987891839341029
R0_vs_O3qL,A048,12,0.9988783858789553
R0_vs_O3qL,A048,13,0.9986078379855933
R0_vs_O3qL,A048,14,0.9984552310527144
R0_vs_O3qL,A048,15,0.9979322576538977
R0_vs_O3qL,A048,16,0.9985084383999542
R0_vs_O3qL,A048,17,0.9987677608876038
R0_vs_O3qL,A048,18,0.9983410316243698
R0_vs_O3qL,A048,19,0.9981231144029912
R0_vs_O3qL,A049,0,0.8248044453427034
R0_vs_O3qL,A049,1,0.9963873379359508
R0_vs_O3qL,A049,2,0.99843287339011
R0_vs_O3qL,A049,3,0.9992890802975635
R0_vs_O3qL,A049,4,0.9990108928906355
R0_vs_O3qL,A049,5,0.9989150989326201
R0_vs_O3qL,A049,6,0.9984589251817476
R0_vs_O3qL,A049,7,0.9984231948215595
R0_vs_O3qL,A049,8,0.9991774647786233
R0_vs_O3qL,A049,9,0.9993608240031444
R0_vs_O3qL,A049,10,0.9992507574023378
R0_vs_O3qL,A049,11,0.9992183286444374
R0_vs_O3qL,A049,12,0.9985774763272037
R0_vs_O3qL,A049,13,0.9987387611735593
R0_vs_O3qL,A049,14,0.9989605364829554
R0_vs_O3qL,A049,15,0.9988829225441488
R0_vs_O3qL,A049,16,0.9984357860805004
R0_vs_O3qL,A049,17,0.9990231096268148
R0_vs_O3qL,A049,18,0.9983357494364486
R0_vs_O3qL,A049,19,0.9985342802374937
R0_vs_O3qL,A049,20,0.9977846284932035
R0_vs_O3qL,A049,21,0.9983158246245842
R0_vs_O3qL,A049,22,0.9985893719633051
R0_vs_O3qL,A049,23,0.9983258269592781
R0_vs_O3qL,A049,24,0.998816613852675
R0_vs_O3qL,A050,0,0.8248044453427034
R0_vs_O3qL,A050,1,0.9963873379359508
R0_vs_O3qL,A050,2,0.99843287339011
R0_vs_O3qL,A050,3,0.9992890802975635
R0_vs_O3qL,A050,4,0.999075676334483
R0_vs_O3qL,A050,5,0.9989923467580893
R0_vs_O3qL,A050,6,0.9992390886090442
R0_vs_O3qL,A050,7,0.9993348936173888
R0_vs_O3qL,A050,8,0.9988149648259954
R0_vs_O3qL,A050,9,0.9991670477786254
R0_vs_O3qL,A050,10,0.9992415199334449
R0_vs_O3qL,A050,11,0.9991279269966785
R0_vs_O3qL,A050,12,0.9989142711744979
R0_vs_O3qL,A050,13,0.9989229863730142
R0_vs_O3qL,A050,14,0.9984202617882075
R0_vs_O3qL,A050,15,0.9986511758335644
R0_vs_O3qL,A050,16,0.9974433214381861
R0_vs_O3qL,A050,17,0.9985636823319967
R0_vs_O3qL,A050,18,0.9984023569558853
R0_vs_O3qL,A050,19,0.9984918821876888
R0_vs_O3qL,A050,20,0.9987753379879918
R0_vs_O3qL,A051,0,0.8248044453427034
R0_vs_O3qL,A051,1,0.9963873379359508
R0_vs_O3qL,A051,2,0.99843287339011
R0_vs_O3qL,A051,3,0.9992890802975635
R0_vs_O3qL,A051,4,0.9992849506067777
R0_vs_O3qL,A051,5,0.999269414775248
R0_vs_O3qL,A051,6,0.9991188249467512
R0_vs_O3qL,A051,7,0.9995378619227299
R0_vs_O3qL,A051,8,0.9997279297392747
R0_vs_O3qL,A051,9,0.9993756158790171
R0_vs_O3qL,A051,10,0.9988379227036612
R0_vs_O3qL,A051,11,0.9987561997546993
R0_vs_O3qL,A051,12,0.999517506712607
R0_vs_O3qL,A051,13,0.9987990455033757
R0_vs_O3qL,A051,14,0.9988149963904088
R0_vs_O3qL,A051,15,0.9976895286904292
R0_vs_O3qL,A051,16,0.998215523610533
R0_vs_O3qL,A051,17,0.9988598902812045
R0_vs_O3qL,A051,18,0.998446476110446
R0_vs_O3qL,A051,19,0.9991050893484262
R0_vs_O3qL,A052,0,0.8248044453427034
R0_vs_O3qL,A052,1,0.9963873379359508
R0_vs_O3qL,A052,2,0.99843287339011
R0_vs_O3qL,A052,3,0.9991928816114892
R0_vs_O3qL,A052,4,0.999086469281868
R0_vs_O3qL,A052,5,0.9989869848786291
R0_vs_O3qL,A052,6,0.9995163434191997
R0_vs_O3qL,A052,7,0.9991871009332973
R0_vs_O3qL,A052,8,0.9993523786281779
R0_vs_O3qL,A052,9,0.998995575095953
R0_vs_O3qL,A052,10,0.9992656032221695
R0_vs_O3qL,A052,11,0.9989163592886091
R0_vs_O3qL,A052,12,0.9989391922460658
R0_vs_O3qL,A052,13,0.9994000023332927
R0_vs_O3qL,A052,14,0.9990430906205926
R0_vs_O3qL,A052,15,0.9988572017623482
R0_vs_O3qL,A052,16,0.9988390232970663
R0_vs_O3qL,A052,17,0.9978713219265031
R0_vs_O3qL,A052,18,0.9983201044581632
R0_vs_O3qL,A052,19,0.9988449261840981
R0_vs_O3qL,A052,20,0.9984232297211205
R0_vs_O3qL,A052,21,0.9989321514755819
R0_vs_O3qL,A053,0,0.8248044453427034
R0_vs_O3qL,A053,1,0.9963873379359508
R0_vs_O3qL,A053,2,0.99843287339011
R0_vs_O3qL,A053,3,0.9992890802975635
R0_vs_O3qL,A053,4,0.9992108915952049
R0_vs_O3qL,A053,5,0.9991914287792872
R0_vs_O3qL,A053,6,0.9995348120034726
R0_vs_O3qL,A053,7,0.9996294171461286
R0_vs_O3qL,A053,8,0.9992310744824708
R0_vs_O3qL,A053,9,0.9990052598081723
R0_vs_O3qL,A053,10,0.9989037455751646
R0_vs_O3qL,A053,11,0.9991045712103854
R0_vs_O3qL,A053,12,0.9989992571954209
R0_vs_O3qL,A053,13,0.998905868644027
R0_vs_O3qL,A053,14,0.9987159375828503
R0_vs_O3qL,A053,15,0.9985340790035705
R0_vs_O3qL,A053,16,0.9977999713869571
R0_vs_O3qL,A053,17,0.9982098636754191
R0_vs_O3qL,A053,18,0.9987362291216643
R0_vs_O3qL,A053,19,0.9983156771574746
R0_vs_O3qL,A053,20,0.9985016949616702
R0_vs_O3qL,A054,0,0.8248044453427034
R0_vs_O3qL,A054,1,0.9963873379359508
R0_vs_O3qL,A054,2,0.99843287339011
R0_vs_O3qL,A054,3,0.9992890802975635
R0_vs_O3qL,A054,4,0.9993736039279824
R0_vs_O3qL,A054,5,0.9993716302508525
R0_vs_O3qL,A054,6,0.9995173437435467
R0_vs_O3qL,A054,7,0.9995701453706325
R0_vs_O3qL,A054,8,0.9994943458146899
R0_vs_O3qL,A054,9,0.9993247254571294
R0_vs_O3qL,A054,10,0.9992902188922865
R0_vs_O3qL,A054,11,0.999208206492752
R0_vs_O3qL,A054,12,0.9989894613551653
R0_vs_O3qL,A054,13,0.9993405508697487
R0_vs_O3qL,A054,14,0.9993823050894578
R0_vs_O3qL,A054,15,0.9989549113942073
R0_vs_O3qL,A054,16,0.9988194576820751
R0_vs_O3qL,A054,17,0.9987710789108288
R0_vs_O3qL,A054,18,0.9978742324197026
R0_vs_O3qL,A054,19,0.9983791923196286
R0_vs_O3qL,A054,20,0.9992934647646708
R0_vs_O3qL,A054,21,0.9982468573511404
R0_vs_O3qL,A054,22,0.9993288738702506
R0_vs_O3qL,A055,0,0.8248044453427034
R0_vs_O3qL,A055,1,0.9963873379359508
R0_vs_O3qL,A055,2,0.99843287339011
R0_vs_O3qL,A055,3,0.9992890802975635
R0_vs_O3qL,A055,4,0.9993247555780554
R0_vs_O3qL,A055,5,0.9992180828490365
R0_vs_O3qL,A055,6,0.9990518235246179
R0_vs_O3qL,A055,7,0.9995042801872182
R0_vs_O3qL,A055,8,0.9996675505564933
R0_vs_O3qL,A055,9,0.9993074462285176
R0_vs_O3qL,A055,10,0.998813587877076
R0_vs_O3qL,A055,11,0.9991683445421696
R0_vs_O3qL,A055,12,0.9991067896678021
R0_vs_O3qL,A055,13,0.9984557459355948
R0_vs_O3qL,A055,14,0.9989240682096621
R0_vs_O3qL,A055,15,0.9985787663177932
R0_vs_O3qL,A055,16,0.9976992853732362
R0_vs_O3qL,A055,17,0.9981397558660505
R0_vs_O3qL,A055,18,0.9986886865594609
R0_vs_O3qL,A055,19,0.9984495373508927
R0_vs_O3qL,A055,20,0.9989992902771891
R0_vs_O3qL,A056,0,0.8248044453427034
R0_vs_O3qL,A056,1,0.9963873379359508
R0_vs_O3qL,A056,2,0.99843287339011
R0_vs_O3qL,A056,3,0.9991928816114892
R0_vs_O3qL,A056,4,0.999136886294274
R0_vs_O3qL,A056,5,0.9987588283044926
R0_vs_O3qL,A056,6,0.9984130301110831
R0_vs_O3qL,A056,7,0.999421891792169
R0_vs_O3qL,A056,8,0.998997898720342
R0_vs_O3qL,A056,9,0.9989789822224998
R0_vs_O3qL,A056,10,0.9992082898249168
R0_vs_O3qL,A056,11,0.9993236578412704
R0_vs_O3qL,A056,12,0.9990851102234916
R0_vs_O3qL,A056,13,0.999224204232668
R0_vs_O3qL,A056,14,0.9993404889471634
R0_vs_O3qL,A056,15,0.998863598889584
R0_vs_O3qL,A056,16,0.9986316047809599
R0_vs_O3qL,A056,17,0.9985637285458462
R0_vs_O3qL,A056,18,0.9981054315230262
R0_vs_O3qL,A056,19,0.9981453761265537
R0_vs_O3qL,A056,20,0.9990719177984344
R0_vs_O3qL,A056,21,0.9985715014842854
R0_vs_O3qL,A056,22,0.9989120420119287
R0_vs_O3qL,A057,0,0.8248044453427034
R0_vs_O3qL,A057,1,0.9963873379359508
R0_vs_O3qL,A057,2,0.99843287339011
R0_vs_O3qL,A057,3,0.9992890802975635
R0_vs_O3qL,A057,4,0.9984697775655876
R0_vs_O3qL,A057,5,0.9981385189231404
R0_vs_O3qL,A057,6,0.9991404580096457
R0_vs_O3qL,A057,7,0.9989499306917641
R0_vs_O3qL,A057,8,0.9990095872694508
R0_vs_O3qL,A057,9,0.9994966546814421
R0_vs_O3qL,A057,10,0.9993854699912533
R0_vs_O3qL,A057,11,0.9993478154916786
R0_vs_O3qL,A057,12,0.998996711860472
R0_vs_O3qL,A057,13,0.9986148022538524
R0_vs_O3qL,A057,14,0.9980271854976102
R0_vs_O3qL,A057,15,0.9983751758312198
R0_vs_O3qL,A057,16,0.9989499486768694
R0_vs_O3qL,A057,17,0.998559093576446
R0_vs_O3qL,A057,18,0.9992087101777697
R0_vs_O3qL,A058,0,0.8248044453427034
R0_vs_O3qL,A058,1,0.9963873379359508
R0_vs_O3qL,A058,2,0.99843287339011
R0_vs_O3qL,A058,3,0.9992890802975635
R0_vs_O3qL,A058,4,0.9990175588585526
R0_vs_O3qL,A058,5,0.999318484709952
R0_vs_O3qL,A058,6,0.9987806317153617
R0_vs_O3qL,A058,7,0.9993447861860676
R0_vs_O3qL,A058,8,0.99901007462201
R0_vs_O3qL,A058,9,0.9989203958844244
R0_vs_O3qL,A058,10,0.9990151501950701
R0_vs_O3qL,A058,11,0.9991713908172847
R0_vs_O3qL,A058,12,0.9988112341717722
R0_vs_O3qL,A058,13,0.9987555006086289
R0_vs_O3qL,A058,14,0.9979265205149155
R0_vs_O3qL,A058,15,0.9984082495185816
R0_vs_O3qL,A058,16,0.9985355300347801
R0_vs_O3qL,A058,17,0.9985738197558511
R0_vs_O3qL,A058,18,0.9986823609774358
R0_vs_O3qL,A059,0,0.8248044453427034
R0_vs_O3qL,A059,1,0.9963873379359508
R0_vs_O3qL,A059,2,0.99843287339011
R0_vs_O3qL,A059,3,0.9992890802975635
R0_vs_O3qL,A059,4,0.9988431906148586
R0_vs_O3qL,A059,5,0.9991291393117933
R0_vs_O3qL,A059,6,0.999233635455275
R0_vs_O3qL,A059,7,0.9992833291988732
R0_vs_O3qL,A059,8,0.9988524920453549
R0_vs_O3qL,A059,9,0.9992066169166783
R0_vs_O3qL,A059,10,0.999296090136087
R0_vs_O3qL,A059,11,0.9990492368284308
R0_vs_O3qL,A059,12,0.9986874359902375
R0_vs_O3qL,A059,13,0.9987569834085585
R0_vs_O3qL,A059,14,0.9988695777338862
R0_vs_O3qL,A059,15,0.9983823995543634
R0_vs_O3qL,A059,16,0.997991280536133
R0_vs_O3qL,A059,17,0.9979502425340103
R0_vs_O3qL,A059,18,0.9990453306907696
R0_vs_O3qL,A059,19,0.9985286968473454
R0_vs_O3qL,A059,20,0.9990042308799844
R0_vs_O3qL,A060,0,0.8248044453427034
R0_vs_O3qL,A060,1,0.9963873379359508
R0_vs_O3qL,A060,2,0.99843287339011
R0_vs_O3qL,A060,3,0.9991928816114892
R0_vs_O3qL,A060,4,0.999195699306421
R0_vs_O3qL,A060,5,0.9990221254052357
R0_vs_O3qL,A060,6,0.999497655705924
R0_vs_O3qL,A060,7,0.9990714433960587
R0_vs_O3qL,A060,8,0.999492292848626
R0_vs_O3qL,A060,9,0.9994925837201386
R0_vs_O3qL,A060,10,0.9991926914083086
R0_vs_O3qL,A060,11,0.998829440496361
R0_vs_O3qL,A060,12,0.9992646750922588
R0_vs_O3qL,A060,13,0.9988126967349154
R0_vs_O3qL,A060,14,0.9986038497955261
R0_vs_O3qL,A060,15,0.9981905154202239
R0_vs_O3qL,A060,16,0.9983373782939478
R0_vs_O3qL,A060,17,0.998995810610986
R0_vs_O3qL,A060,18,0.9981821516281996
R0_vs_O3qL,A060,19,0.9992036280661027
R0_vs_O3qL,A061,0,0.8248044453427034
R0_vs_O3qL,A061,1,0.9963873379359508
R0_vs_O3qL,A061,2,0.99843287339011
R0_vs_O3qL,A061,3,0.9992890802975635
R0_vs_O3qL,A061,4,0.9992047332777557
R0_vs_O3qL,A061,5,0.9990750786411041
R0_vs_O3qL,A061,6,0.9994097229210173
R0_vs_O3qL,A061,7,0.9991260759417347
R0_vs_O3qL,A061,8,0.9989558107589261
R0_vs_O3qL,A061,9,0.9991755976302392
R0_vs_O3qL,A061,10,0.9993252427410874
R0_vs_O3qL,A061,11,0.9994033956049967
R0_vs_O3qL,A061,12,0.9991758147723198
R0_vs_O3qL,A061,13,0.9990466470866851
R0_vs_O3qL,A061,14,0.9986453999378833
R0_vs_O3qL,A061,15,0.9991904853651216
R0_vs_O3qL,A061,16,0.9972357363314464
R0_vs_O3qL,A061,17,0.9987802485305222
R0_vs_O3qL,A061,18,0.9985994507550776
R0_vs_O3qL,A061,19,0.998441397539461
R0_vs_O3qL,A061,20,0.9978577694679767
R0_vs_O3qL,A061,21,0.9985209525245138
R0_vs_O3qL,A061,22,0.9981627227143383
R0_vs_O3qL,A061,23,0.9985178029070754
R0_vs_O3qL,A061,24,0.9991685769627596
R0_vs_O3qL,A062,0,0.8248044453427034
R0_vs_O3qL,A062,1,0.9963873379359508
R0_vs_O3qL,A062,2,0.99843287339011
R0_vs_O3qL,A062,3,0.9992890802975635
R0_vs_O3qL,A062,4,0.9992158307603453
R0_vs_O3qL,A062,5,0.9995458403881459
R0_vs_O3qL,A062,6,0.9994690814047512
R0_vs_O3qL,A062,7,0.9989831705466353
R0_vs_O3qL,A062,8,0.9990662693700159
R0_vs_O3qL,A062,9,0.9992312970577513
R0_vs_O3qL,A062,10,0.9989494690733304
R0_vs_O3qL,A062,11,0.9990497065373926
R0_vs_O3qL,A062,12,0.9993000296514751
R0_vs_O3qL,A062,13,0.9992532168002727
R0_vs_O3qL,A062,14,0.9989505520594049
R0_vs_O3qL,A062,15,0.9985610322202244
R0_vs_O3qL,A062,16,0.9990843165280621
R0_vs_O3qL,A062,17,0.9990637898251125
R0_vs_O3qL,A062,18,0.9977875668241782
R0_vs_O3qL,A062,19,0.9982355542307043
R0_vs_O3qL,A062,20,0.9989244822354364
R0_vs_O3qL,A062,21,0.9980774495366841
R0_vs_O3qL,A062,22,0.9990647291961686
R0_vs_O3qL,A063,0,0.8248044453427034
R0_vs_O3qL,A063,1,0.9963873379359508
R0_vs_O3qL,A063,2,0.99843287339011
R0_vs_O3qL,A063,3,0.9992890802975635
R0_vs_O3qL,A063,4,0.9991733252295333
R0_vs_O3qL,A063,5,0.9987166490028948
R0_vs_O3qL,A063,6,0.999097261335851
R0_vs_O3qL,A063,7,0.9990525731703697
R0_vs_O3qL,A063,8,0.9989285965951207
R0_vs_O3qL,A063,9,0.9991113924104901
R0_vs_O3qL,A063,10,0.9991145670529279
R0_vs_O3qL,A063,11,0.9988312068622591
R0_vs_O3qL,A063,12,0.998792813150244
R0_vs_O3qL,A063,13,0.9987227813802864
R0_vs_O3qL,A063,14,0.9975986784378581
R0_vs_O3qL,A063,15,0.9984650530514261
R0_vs_O3qL,A063,16,0.9987400104704818
R0_vs_O3qL,A063,17,0.9983192351856313
R0_vs_O3qL,A063,18,0.9985215301220682
R0_vs_O3qL,A064,0,0.8649684509632457
R0_vs_O3qL,A064,1,0.9960950718618808
R0_vs_O3qL,A064,2,0.9984489756042972
R0_vs_O3qL,A064,3,0.9993054331027447
R0_vs_O3qL,A064,4,0.9993039475042244
R0_vs_O3qL,A064,5,0.9993330931930442
R0_vs_O3qL,A064,6,0.9993345035687501
R0_vs_O3qL,A064,7,0.9992722920905142
R0_vs_O3qL,A064,8,0.9994648061151402
R0_vs_O3qL,A064,9,0.9991180367576818
R0_vs_O3qL,A064,10,0.9989729339816149
R0_vs_O3qL,A064,11,0.9985846697270084
R0_vs_O3qL,A064,12,0.9978638124229852
R0_vs_O3qL,A064,13,0.9981441238443199
R0_vs_O3qL,A064,14,0.9985960943663471
R0_vs_O3qL,A064,15,0.9984704487619929
R0_vs_O3qL,A064,16,0.9989352862335501
R0_vs_O3qL,A065,0,0.8248044453427034
R0_vs_O3qL,A065,1,0.9963873379359508
R0_vs_O3qL,A065,2,0.99843287339011
R0_vs_O3qL,A065,3,0.9992890802975635
R0_vs_O3qL,A065,4,0.999357170680672
R0_vs_O3qL,A065,5,0.999315975575634
R0_vs_O3qL,A065,6,0.9994762371221858
R0_vs_O3qL,A065,7,0.9995634417722444
R0_vs_O3qL,A065,8,0.9987041783754679
R0_vs_O3qL,A065,9,0.9988964348949918
R0_vs_O3qL,A065,10,0.999053114912897
R0_vs_O3qL,A065,11,0.9990693320374898
R0_vs_O3qL,A065,12,0.9991625308731555
R0_vs_O3qL,A065,13,0.9983583844396848
R0_vs_O3qL,A065,14,0.9987455446728002
R0_vs_O3qL,A065,15,0.9983387399763327
R0_vs_O3qL,A065,16,0.9978153562845914
R0_vs_O3qL,A065,17,0.9982520891747257
R0_vs_O3qL,A065,18,0.9988995523641255
R0_vs_O3qL,A065,19,0.9984882243882025
R0_vs_O3qL,A065,20,0.999173780851012
R0_vs_O3qL,A066,0,0.8248044453427034
R0_vs_O3qL,A066,1,0.9963873379359508
R0_vs_O3qL,A066,2,0.99843287339011
R0_vs_O3qL,A066,3,0.9992890802975635
R0_vs_O3qL,A066,4,0.9992135088833731
R0_vs_O3qL,A066,5,0.9992118483576724
R0_vs_O3qL,A066,6,0.9994270898121846
R0_vs_O3qL,A066,7,0.9994860565780677
R0_vs_O3qL,A066,8,0.9996083547431577
R0_vs_O3qL,A066,9,0.9993130717397958
R0_vs_O3qL,A066,10,0.9986632341358582
R0_vs_O3qL,A066,11,0.9989312787891984
R0_vs_O3qL,A066,12,0.9994201678166459
R0_vs_O3qL,A066,13,0.9993651989229072
R0_vs_O3qL,A066,14,0.9988299259915886
R0_vs_O3qL,A066,15,0.9992474394085337
R0_vs_O3qL,A066,16,0.9986258197395104
R0_vs_O3qL,A066,17,0.9987778998496345
R0_vs_O3qL,A066,18,0.997764314251983
R0_vs_O3qL,A066,19,0.9981797192416538
R0_vs_O3qL,A066,20,0.9988032149659013
R0_vs_O3qL,A066,21,0.998445390990204
R0_vs_O3qL,A066,22,0.99872587642181
R0_vs_O3qL,A067,0,0.8248044453427034
R0_vs_O3qL,A067,1,0.9963873379359508
R0_vs_O3qL,A067,2,0.99843287339011
R0_vs_O3qL,A067,3,0.9992890802975635
R0_vs_O3qL,A067,4,0.9991696968224532
R0_vs_O3qL,A067,5,0.9994605679711872
R0_vs_O3qL,A067,6,0.9991675659325667
R0_vs_O3qL,A067,7,0.9995544565095146
R0_vs_O3qL,A067,8,0.9994663926702747
R0_vs_O3qL,A067,9,0.9991911719405259
R0_vs_O3qL,A067,10,0.9988805735670048
R0_vs_O3qL,A067,11,0.9990923498116068
R0_vs_O3qL,A067,12,0.9987433886539074
R0_vs_O3qL,A067,13,0.9987676606209109
R0_vs_O3qL,A067,14,0.9985104943529478
R0_vs_O3qL,A067,15,0.9979350832397736
R0_vs_O3qL,A067,16,0.9974118789827257
R0_vs_O3qL,A067,17,0.9988045938149159
R0_vs_O3qL,A067,18,0.9984207434299478
R0_vs_O3qL,A067,19,0.9989738376640662
R0_vs_O3qL,A068,0,0.8649684509632457
R0_vs_O3qL,A068,1,0.9960950718618808
R0_vs_O3qL,A068,2,0.9984489756042972
R0_vs_O3qL,A068,3,0.9993054318137153
R0_vs_O3qL,A068,4,0.9993091021726603
R0_vs_O3qL,A068,5,0.9992203596964291
R0_vs_O3qL,A068,6,0.9992544033608564
R0_vs_O3qL,A068,7,0.9988149979420409
R0_vs_O3qL,A068,8,0.9992955669221597
R0_vs_O3qL,A068,9,0.9989222673368451
R0_vs_O3qL,A068,10,0.9989007201982392
R0_vs_O3qL,A068,11,0.9988575546657897
R0_vs_O3qL,A068,12,0.9989445521816015
R0_vs_O3qL,A068,13,0.9979400754772624
R0_vs_O3qL,A068,14,0.998461955163443
R0_vs_O3qL,A068,15,0.9988107240576537
R0_vs_O3qL,A068,16,0.9984560524186603
R0_vs_O3qL,A068,17,0.9988355713021811
R0_vs_O3qL,A069,0,0.8248044453427034
R0_vs_O3qL,A069,1,0.9963873379359508
R0_vs_O3qL,A069,2,0.99843287339011
R0_vs_O3qL,A069,3,0.9992890802975635
R0_vs_O3qL,A069,4,0.9993278385358173
R0_vs_O3qL,A069,5,0.9994259296624156
R0_vs_O3qL,A069,6,0.9988237910259373
R0_vs_O3qL,A069,7,0.9995984321188288
R0_vs_O3qL,A069,8,0.9986753927852018
R0_vs_O3qL,A069,9,0.9989768309849849
R0_vs_O3qL,A069,10,0.9987264489416586
R0_vs_O3qL,A069,11,0.9987264104849477
R0_vs_O3qL,A069,12,0.9989940857164578
R0_vs_O3qL,A069,13,0.9989801366693203
R0_vs_O3qL,A069,14,0.9985511693060539
R0_vs_O3qL,A069,15,0.9976163923743854
R0_vs_O3qL,A069,16,0.9983291062174864
R0_vs_O3qL,A069,17,0.998866927307741
R0_vs_O3qL,A069,18,0.9984293376704839
R0_vs_O3qL,A069,19,0.9988046210546566
R0_vs_O3qL,A070,0,0.8649684509632457
R0_vs_O3qL,A070,1,0.9960950718618808
R0_vs_O3qL,A070,2,0.9984489756042972
R0_vs_O3qL,A070,3,0.9993054318137153
R0_vs_O3qL,A070,4,0.9992874916594311
R0_vs_O3qL,A070,5,0.9993128291100092
R0_vs_O3qL,A070,6,0.9988677007338417
R0_vs_O3qL,A070,7,0.9994821220881474
R0_vs_O3qL,A070,8,0.9993691693592116
R0_vs_O3qL,A070,9,0.999249165369361
R0_vs_O3qL,A070,10,0.9991645644261873
R0_vs_O3qL,A070,11,0.999159826242553
R0_vs_O3qL,A070,12,0.9988806511365331
R0_vs_O3qL,A070,13,0.9980917572735164
R0_vs_O3qL,A070,14,0.9979035000808345
R0_vs_O3qL,A070,15,0.9987460260863078
R0_vs_O3qL,A070,16,0.9984334690133342
R0_vs_O3qL,A070,17,0.9985627555508138
R0_vs_O3qL,A071,0,0.8592656103553727
R0_vs_O3qL,A071,1,0.9969750933300574
R0_vs_O3qL,A071,2,0.9983704444158913
R0_vs_O3qL,A071,3,0.9991902670158007
R0_vs_O3qL,A071,4,0.9988097981843101
R0_vs_O3qL,A071,5,0.9988514601655226
R0_vs_O3qL,A071,6,0.9992771364310659
R0_vs_O3qL,A071,7,0.9994261875056709
R0_vs_O3qL,A071,8,0.9992127586884294
R0_vs_O3qL,A071,9,0.9994181968373996
R0_vs_O3qL,A071,10,0.999581877870507
R0_vs_O3qL,A071,11,0.9990250211523662
R0_vs_O3qL,A071,12,0.999273816490803
R0_vs_O3qL,A071,13,0.9994836016814395
R0_vs_O3qL,A071,14,0.999484050625357
R0_vs_O3qL,A071,15,0.9989337731002288
R0_vs_O3qL,A071,16,0.9990003018658995
R0_vs_O3qL,A071,17,0.9986951182054504
R0_vs_O3qL,A071,18,0.9989260604343171
R0_vs_O3qL,A071,19,0.9986616026860238
R0_vs_O3qL,A071,20,0.998727566195182
R0_vs_O3qL,A071,21,0.9991891091328526
R0_vs_O3qL,A071,22,0.9990683511983981
R0_vs_O3qL,A071,23,0.9990392897404334
R0_vs_O3qL,A071,24,0.998394736532918
R0_vs_O3qL,A071,25,0.9984810976106366
R0_vs_O3qL,A071,26,0.998852449950844
R0_vs_O3qL,A071,27,0.9989891108317052
R0_vs_O3qL,A071,28,0.9993400182784169
R0_vs_O3qL,A071,29,0.9987087827718248
R0_vs_O3qL,A071,30,0.998528326009388
R0_vs_O3qL,A071,31,0.9992512928156658
R0_vs_O3qL,A071,32,0.9994380296337975
R0_vs_O3qL,A071,33,0.9988800715456364
R0_vs_O3qL,A071,34,0.9988087194195242
R0_vs_O3qL,A071,35,0.9991128391074868
R0_vs_O3qL,A071,36,0.9987368894360615
R0_vs_O3qL,A071,37,0.9988233173267512
R0_vs_O3qL,A071,38,0.9987482569304099
R0_vs_O3qL,A071,39,0.9990069929042601
R0_vs_O3qL,A071,40,0.9991375769393348
R0_vs_O3qL,A071,41,0.999025620366499
R0_vs_O3qL,A071,42,0.998689777741583
R0_vs_O3qL,A071,43,0.9987346564070892
R0_vs_O3qL,A071,44,0.9990760758321249
R0_vs_O3qL,A071,45,0.9989995025824926
R0_vs_O3qL,A071,46,0.9992917322978907
R0_vs_O3qL,A071,47,0.999089751846082
R0_vs_O3qL,A071,48,0.9988281597410479
R0_vs_O3qL,A071,49,0.9988821822257665
R0_vs_O3qL,A071,50,0.9989003495409112
R0_vs_O3qL,A071,51,0.9985317810290995
R0_vs_O3qL,A071,52,0.9981748042191976
R0_vs_O3qL,A071,53,0.999107774788814
R0_vs_O3qL,A071,54,0.9979814870477719
R0_vs_O3qL,A071,55,0.9986704392694394
R0_vs_O3qL,A071,56,0.9988692743924006
R0_vs_O3qL,A071,57,0.9982881917757771
R0_vs_O3qL,A071,58,0.9986845798825349
R0_vs_O3qL,A071,59,0.9987734526134544
R0_vs_O3qL,A071,60,0.9975444033688883
R0_vs_O3qL,A071,61,0.9982482537640328
R0_vs_O3qL,A071,62,0.9973410141568456
R0_vs_O3qL,A071,63,0.9984226257908163
R0_vs_O3qL,A071,64,0.9992767201156056
R0_vs_O3qL,A072,0,0.8248044453427034
R0_vs_O3qL,A072,1,0.9963873379359508
R0_vs_O3qL,A072,2,0.99843287339011
R0_vs_O3qL,A072,3,0.9992890802975635
R0_vs_O3qL,A072,4,0.9994033457755906
R0_vs_O3qL,A072,5,0.9990627332630827
R0_vs_O3qL,A072,6,0.9993545258235583
R0_vs_O3qL,A072,7,0.9988187860406681
R0_vs_O3qL,A072,8,0.9994357800672778
R0_vs_O3qL,A072,9,0.9996161986770005
R0_vs_O3qL,A072,10,0.9992783471524792
R0_vs_O3qL,A072,11,0.9994930300995868
R0_vs_O3qL,A072,12,0.9993247767711486
R0_vs_O3qL,A072,13,0.9990418912507723
R0_vs_O3qL,A072,14,0.9989762608738247
R0_vs_O3qL,A072,15,0.9991290384530532
R0_vs_O3qL,A072,16,0.9990398941265454
R0_vs_O3qL,A072,17,0.9991133015304279
R0_vs_O3qL,A072,18,0.9989773206629615
R0_vs_O3qL,A072,19,0.9993437536780464
R0_vs_O3qL,A072,20,0.9986519050879732
R0_vs_O3qL,A072,21,0.9990267055048032
R0_vs_O3qL,A072,22,0.9981421153110047
R0_vs_O3qL,A072,23,0.9984528243769125
R0_vs_O3qL,A072,24,0.9987674848947619
R0_vs_O3qL,A072,25,0.9985517511216014
R0_vs_O3qL,A072,26,0.9989862468462716
R0_vs_O3qL,A072,27,0.9985174811988506
R0_vs_O3qL,A072,28,0.9986894318710009
R0_vs_O3qL,A072,29,0.9987370500249383
R0_vs_O3qL,A072,30,0.9992441981090094
R0_vs_O3qL,A072,31,0.9989532403903236
R0_vs_O3qL,A072,32,0.9990610038266723
R0_vs_O3qL,A072,33,0.9988414806786732
R0_vs_O3qL,A072,34,0.9985073344403843
R0_vs_O3qL,A072,35,0.997405384847533
R0_vs_O3qL,A072,36,0.9982580721771122
R0_vs_O3qL,A072,37,0.9991492340148852
R0_vs_O3qL,A072,38,0.9985167704400998
R0_vs_O3qL,A072,39,0.9992853910354388
R0_vs_O3qL,A073,0,0.8248044453427034
R0_vs_O3qL,A073,1,0.9963873379359508
R0_vs_O3qL,A073,2,0.99843287339011
R0_vs_O3qL,A073,3,0.9992890802975635
R0_vs_O3qL,A073,4,0.99932954628741
R0_vs_O3qL,A073,5,0.9991662834461111
R0_vs_O3qL,A073,6,0.9991519614997263
R0_vs_O3qL,A073,7,0.9989952407305708
R0_vs_O3qL,A073,8,0.998773251090007
R0_vs_O3qL,A073,9,0.99942409846565
R0_vs_O3qL,A073,10,0.9985951775901653
R0_vs_O3qL,A073,11,0.99923600620794
R0_vs_O3qL,A073,12,0.9993482858346358
R0_vs_O3qL,A073,13,0.9992755525183841
R0_vs_O3qL,A073,14,0.9987143457131148
R0_vs_O3qL,A073,15,0.9986895071929233
R0_vs_O3qL,A073,16,0.9987590391442424
R0_vs_O3qL,A073,17,0.9986092620918604
R0_vs_O3qL,A073,18,0.9987649604133301
R0_vs_O3qL,A073,19,0.9992345976594558
R0_vs_O3qL,A073,20,0.9990141607253565
R0_vs_O3qL,A073,21,0.9988020460723845
R0_vs_O3qL,A073,22,0.9989743101194445
R0_vs_O3qL,A073,23,0.9988635790714723
R0_vs_O3qL,A073,24,0.9987724609034049
R0_vs_O3qL,A073,25,0.9984270060056449
R0_vs_O3qL,A073,26,0.9989512744699057
R0_vs_O3qL,A073,27,0.9990202396007807
R0_vs_O3qL,A073,28,0.9990471962299045
R0_vs_O3qL,A073,29,0.9990939948189906
R0_vs_O3qL,A073,30,0.9986687968922114
R0_vs_O3qL,A073,31,0.9986405344604457
R0_vs_O3qL,A073,32,0.9989325106874142
R0_vs_O3qL,A073,33,0.9989486659392603
R0_vs_O3qL,A073,34,0.9988475786942547
R0_vs_O3qL,A073,35,0.9988869340319049
R0_vs_O3qL,A073,36,0.9988878633371885
R0_vs_O3qL,A073,37,0.9985269153570046
R0_vs_O3qL,A073,38,0.9972017525037337
R0_vs_O3qL,A073,39,0.9981392794965948
R0_vs_O3qL,A073,40,0.9985229404577427
R0_vs_O3qL,A073,41,0.9985536922423436
R0_vs_O3qL,A073,42,0.9989317130875839
R0_vs_O3qL,A074,0,0.8248044453427034
R0_vs_O3qL,A074,1,0.9963873379359508
R0_vs_O3qL,A074,2,0.99843287339011
R0_vs_O3qL,A074,3,0.9992890802975635
R0_vs_O3qL,A074,4,0.9989585632935072
R0_vs_O3qL,A074,5,0.9991091647899341
R0_vs_O3qL,A074,6,0.9993414590559948
R0_vs_O3qL,A074,7,0.9994092697395641
R0_vs_O3qL,A074,8,0.9995312951665071
R0_vs_O3qL,A074,9,0.9992073569490173
R0_vs_O3qL,A074,10,0.9990921395401988
R0_vs_O3qL,A074,11,0.9990189592251733
R0_vs_O3qL,A074,12,0.9988066875385809
R0_vs_O3qL,A074,13,0.9986468838072439
R0_vs_O3qL,A074,14,0.9989833243905238
R0_vs_O3qL,A074,15,0.9989422841612305
R0_vs_O3qL,A074,16,0.9985211417569996
R0_vs_O3qL,A074,17,0.9985540929326505
R0_vs_O3qL,A074,18,0.9986214462200791
R0_vs_O3qL,A074,19,0.9984870608424995
R0_vs_O3qL,A074,20,0.9987409660131756
R0_vs_O3qL,A074,21,0.9984437571372663
R0_vs_O3qL,A074,22,0.9990126360986663
R0_vs_O3qL,A074,23,0.9987730165873364
R0_vs_O3qL,A074,24,0.9990752169348354
R0_vs_O3qL,A074,25,0.9986139919372619
R0_vs_O3qL,A074,26,0.9986546140869426
R0_vs_O3qL,A074,27,0.9986356482240909
R0_vs_O3qL,A074,28,0.9988471298404141
R0_vs_O3qL,A074,29,0.9986823050361867
R0_vs_O3qL,A074,30,0.9990088891283898
R0_vs_O3qL,A074,31,0.999005151490395
R0_vs_O3qL,A074,32,0.9983646838977898
R0_vs_O3qL,A074,33,0.9983640139405681
R0_vs_O3qL,A074,34,0.997655212224064
R0_vs_O3qL,A074,35,0.9985132981917102
R0_vs_O3qL,A074,36,0.9987576786654455
R0_vs_O3qL,A074,37,0.9983438365760893
R0_vs_O3qL,A074,38,0.9990258951169626
R0_vs_O3qL,A075,0,0.8248044453427034
R0_vs_O3qL,A075,1,0.9963873379359508
R0_vs_O3qL,A075,2,0.99843287339011
R0_vs_O3qL,A075,3,0.9991928816114892
R0_vs_O3qL,A075,4,0.9990528089804552
R0_vs_O3qL,A075,5,0.9990438064606949
R0_vs_O3qL,A075,6,0.9990646240680633
R0_vs_O3qL,A075,7,0.9995196300709096
R0_vs_O3qL,A075,8,0.9996744715936066
R0_vs_O3qL,A075,9,0.9992488348869936
R0_vs_O3qL,A075,10,0.9991463492364446
R0_vs_O3qL,A075,11,0.9992338748732835
R0_vs_O3qL,A075,12,0.9990141754149224
R0_vs_O3qL,A075,13,0.9987738854970841
R0_vs_O3qL,A075,14,0.998935541715087
R0_vs_O3qL,A075,15,0.9987622842082063
R0_vs_O3qL,A075,16,0.999423982920255
R0_vs_O3qL,A075,17,0.998867026155929
R0_vs_O3qL,A075,18,0.9986435787197377
R0_vs_O3qL,A075,19,0.9991220522795464
R0_vs_O3qL,A075,20,0.9988960606293559
R0_vs_O3qL,A075,21,0.9987820626635899
R0_vs_O3qL,A075,22,0.9987069354634446
R0_vs_O3qL,A075,23,0.9989198306866841
R0_vs_O3qL,A075,24,0.9985856566700351
R0_vs_O3qL,A075,25,0.9985875992219296
R0_vs_O3qL,A075,26,0.9988328436680293
R0_vs_O3qL,A075,27,0.9987929834390091
R0_vs_O3qL,A075,28,0.9990098107534916
R0_vs_O3qL,A075,29,0.9992158240580733
R0_vs_O3qL,A075,30,0.9990685396079192
R0_vs_O3qL,A075,31,0.9987681354924383
R0_vs_O3qL,A075,32,0.998670312237685
R0_vs_O3qL,A075,33,0.9975778733842752
R0_vs_O3qL,A075,34,0.9983330705737171
R0_vs_O3qL,A075,35,0.9987693375354443
R0_vs_O3qL,A075,36,0.9982135059085504
R0_vs_O3qL,A075,37,0.9992360379457302
R0_vs_O3qL,A076,0,0.8248044453427034
R0_vs_O3qL,A076,1,0.9963873379359508
R0_vs_O3qL,A076,2,0.99843287339011
R0_vs_O3qL,A076,3,0.9992890802975635
R0_vs_O3qL,A076,4,0.9994916727835307
R0_vs_O3qL,A076,5,0.9992792779476055
R0_vs_O3qL,A076,6,0.9987773290369584
R0_vs_O3qL,A076,7,0.9991148160669294
R0_vs_O3qL,A076,8,0.9993768992173429
R0_vs_O3qL,A076,9,0.9992684441965697
R0_vs_O3qL,A076,10,0.998693481516164
R0_vs_O3qL,A076,11,0.9988851003662832
R0_vs_O3qL,A076,12,0.9982215587930995
R0_vs_O3qL,A076,13,0.9983863281946648
R0_vs_O3qL,A076,14,0.9975374386923427
R0_vs_O3qL,A076,15,0.99885038943194
R0_vs_O3qL,A076,16,0.9987214196445917
R0_vs_O3qL,A076,17,0.9984932897624142
R0_vs_O3qL,A076,18,0.9989898642487093
R0_vs_O3qL,A076,19,0.9992764869422918
R0_vs_O3qL,A076,20,0.9990648345851144
R0_vs_O3qL,A076,21,0.9990683094523106
R0_vs_O3qL,A076,22,0.9987889320695871
R0_vs_O3qL,A076,23,0.9988515331828526
R0_vs_O3qL,A076,24,0.999019843967372
R0_vs_O3qL,A076,25,0.9992441657774322
R0_vs_O3qL,A076,26,0.9989360496462815
R0_vs_O3qL,A076,27,0.9992259372652743
R0_vs_O3qL,A076,28,0.9989545435496453
R0_vs_O3qL,A076,29,0.998320117650962
R0_vs_O3qL,A076,30,0.9988642227804498
R0_vs_O3qL,A076,31,0.9990880531726234
R0_vs_O3qL,A076,32,0.9985918773465366
R0_vs_O3qL,A076,33,0.9986630511612975
R0_vs_O3qL,A076,34,0.9973195692958169
R0_vs_O3qL,A076,35,0.9983928682270681
R0_vs_O3qL,A076,36,0.9987026506929996
R0_vs_O3qL,A076,37,0.9982911747454823
R0_vs_O3qL,A076,38,0.9986762098137947
R0_vs_O3qL,A077,0,0.8248044453427034
R0_vs_O3qL,A077,1,0.9963873379359508
R0_vs_O3qL,A077,2,0.99843287339011
R0_vs_O3qL,A077,3,0.9992890802975635
R0_vs_O3qL,A077,4,0.9990818352390728
R0_vs_O3qL,A077,5,0.9994409344440498
R0_vs_O3qL,A077,6,0.9989225903900523
R0_vs_O3qL,A077,7,0.9993760675476919
R0_vs_O3qL,A077,8,0.9995106847495516
R0_vs_O3qL,A077,9,0.9990576612426055
R0_vs_O3qL,A077,10,0.9990815897768571
R0_vs_O3qL,A077,11,0.9992321847287604
R0_vs_O3qL,A077,12,0.998898616410303
R0_vs_O3qL,A077,13,0.9992736597020755
R0_vs_O3qL,A077,14,0.9991135651190698
R0_vs_O3qL,A077,15,0.9990505202514471
R0_vs_O3qL,A077,16,0.9991352157554175
R0_vs_O3qL,A077,17,0.998837202223867
R0_vs_O3qL,A077,18,0.9990351822218269
R0_vs_O3qL,A077,19,0.9987225989801234
R0_vs_O3qL,A077,20,0.9991788416456227
R0_vs_O3qL,A077,21,0.9992990424636626
R0_vs_O3qL,A077,22,0.9988010788747621
R0_vs_O3qL,A077,23,0.9990946718480666
R0_vs_O3qL,A077,24,0.9994546092584363
R0_vs_O3qL,A077,25,0.9982002294124225
R0_vs_O3qL,A077,26,0.9990099083509134
R0_vs_O3qL,A077,27,0.9987725150273598
R0_vs_O3qL,A077,28,0.9987339998166804
R0_vs_O3qL,A077,29,0.9986005213252978
R0_vs_O3qL,A077,30,0.9987134616884982
R0_vs_O3qL,A077,31,0.9991822492263787
R0_vs_O3qL,A077,32,0.998910890471212
R0_vs_O3qL,A077,33,0.9987383578968476
R0_vs_O3qL,A077,34,0.9972342164673578
R0_vs_O3qL,A077,35,0.9983723847597398
R0_vs_O3qL,A077,36,0.9987872732197794
R0_vs_O3qL,A077,37,0.9982147104354432
R0_vs_O3qL,A077,38,0.9984828447035642
R0_vs_O3qL,A078,0,0.8248044453427034
R0_vs_O3qL,A078,1,0.9963873379359508
R0_vs_O3qL,A078,2,0.99843287339011
R0_vs_O3qL,A078,3,0.9992890802975635
R0_vs_O3qL,A078,4,0.9994033457755906
R0_vs_O3qL,A078,5,0.9990884713830296
R0_vs_O3qL,A078,6,0.9995409556876551
R0_vs_O3qL,A078,7,0.9994826759624755
R0_vs_O3qL,A078,8,0.9995175076413758
R0_vs_O3qL,A078,9,0.9991321284296613
R0_vs_O3qL,A078,10,0.9990175364148782
R0_vs_O3qL,A078,11,0.9991554565591433
R0_vs_O3qL,A078,12,0.9991465539421927
R0_vs_O3qL,A078,13,0.9987326631847886
R0_vs_O3qL,A078,14,0.9990571255358865
R0_vs_O3qL,A078,15,0.9990576294360737
R0_vs_O3qL,A078,16,0.9987824920232892
R0_vs_O3qL,A078,17,0.9985335910559517
R0_vs_O3qL,A078,18,0.9988408900039141
R0_vs_O3qL,A078,19,0.9984382009470589
R0_vs_O3qL,A078,20,0.9985881241732714
R0_vs_O3qL,A078,21,0.9990619997564119
R0_vs_O3qL,A078,22,0.9989926966622125
R0_vs_O3qL,A078,23,0.9986011262816781
R0_vs_O3qL,A078,24,0.9987544781593425
R0_vs_O3qL,A078,25,0.9992333158323887
R0_vs_O3qL,A078,26,0.9991026891330458
R0_vs_O3qL,A078,27,0.9990608439298669
R0_vs_O3qL,A078,28,0.9991081848442904
R0_vs_O3qL,A078,29,0.9986162536485795
R0_vs_O3qL,A078,30,0.9982631215563831
R0_vs_O3qL,A078,31,0.9978369011609154
R0_vs_O3qL,A078,32,0.998239046654811
R0_vs_O3qL,A078,33,0.9984809323833232
R0_vs_O3qL,A078,34,0.9982114991278921
R0_vs_O3qL,A078,35,0.9995379744651716
R0_vs_O3qL,A079,0,0.8248044453427034
R0_vs_O3qL,A079,1,0.9963873379359508
R0_vs_O3qL,A079,2,0.99843287339011
R0_vs_O3qL,A079,3,0.9992890802975635
R0_vs_O3qL,A079,4,0.9991968669785646
R0_vs_O3qL,A079,5,0.9992757081892157
R0_vs_O3qL,A079,6,0.9995222359038224
R0_vs_O3qL,A079,7,0.9993221566381622
R0_vs_O3qL,A079,8,0.9992651670646608
R0_vs_O3qL,A079,9,0.9986915132994277
R0_vs_O3qL,A079,10,0.999089659010493
R0_vs_O3qL,A079,11,0.9989658497663091
R0_vs_O3qL,A079,12,0.999676451063019
R0_vs_O3qL,A079,13,0.9991922274115864
R0_vs_O3qL,A079,14,0.9989336628254041
R0_vs_O3qL,A079,15,0.9981588414358235
R0_vs_O3qL,A079,16,0.9989250906943393
R0_vs_O3qL,A079,17,0.9987485327699107
R0_vs_O3qL,A079,18,0.9983826223800215
R0_vs_O3qL,A079,19,0.9985709431817312
R0_vs_O3qL,A079,20,0.9984518491695132
R0_vs_O3qL,A079,21,0.9985550322983706
R0_vs_O3qL,A079,22,0.9986280273488245
R0_vs_O3qL,A079,23,0.9991089326413187
R0_vs_O3qL,A079,24,0.9985711010459549
R0_vs_O3qL,A079,25,0.9990308748523635
R0_vs_O3qL,A079,26,0.9987068267777925
R0_vs_O3qL,A079,27,0.9989852819760341
R0_vs_O3qL,A079,28,0.9990852127309734
R0_vs_O3qL,A079,29,0.9988566046445355
R0_vs_O3qL,A079,30,0.9987309091618575
R0_vs_O3qL,A079,31,0.9983480005851949
R0_vs_O3qL,A079,32,0.9973971926433702
R0_vs_O3qL,A079,33,0.9983703568346689
R0_vs_O3qL,A079,34,0.9976787249986292
R0_vs_O3qL,A079,35,0.9979531071352953
R0_vs_O3qL,A079,36,0.9990555160280912
R0_vs_O3qL,A080,0,0.8248044453427034
R0_vs_O3qL,A080,1,0.9963873379359508
R0_vs_O3qL,A080,2,0.99843287339011
R0_vs_O3qL,A080,3,0.9992890802975635
R0_vs_O3qL,A080,4,0.9993592300273012
R0_vs_O3qL,A080,5,0.9992580665342058
R0_vs_O3qL,A080,6,0.9990267498168213
R0_vs_O3qL,A080,7,0.9996562655401084
R0_vs_O3qL,A080,8,0.9989692729432641
R0_vs_O3qL,A080,9,0.9987838797074433
R0_vs_O3qL,A080,10,0.9991912357024407
R0_vs_O3qL,A080,11,0.9992313070204674
R0_vs_O3qL,A080,12,0.9985221368407503
R0_vs_O3qL,A080,13,0.9988093548378508
R0_vs_O3qL,A080,14,0.9985741433888323
R0_vs_O3qL,A080,15,0.9982675087162306
R0_vs_O3qL,A080,16,0.9982445678005527
R0_vs_O3qL,A080,17,0.9987606206898163
R0_vs_O3qL,A080,18,0.9987614661084723
R0_vs_O3qL,A080,19,0.998705858547411
R0_vs_O3qL,A080,20,0.9988044066086433
R0_vs_O3qL,A080,21,0.9987649316705384
R0_vs_O3qL,A080,22,0.9987837240045183
R0_vs_O3qL,A080,23,0.9987009899624693
R0_vs_O3qL,A080,24,0.9986944753795961
R0_vs_O3qL,A080,25,0.999136161891386
R0_vs_O3qL,A080,26,0.9989241874096491
R0_vs_O3qL,A080,27,0.9985457966037592
R0_vs_O3qL,A080,28,0.9987298988762474
R0_vs_O3qL,A080,29,0.998551084417218
R0_vs_O3qL,A080,30,0.9972833330535691
R0_vs_O3qL,A080,31,0.9984799888708993
R0_vs_O3qL,A080,32,0.9985262637448263
R0_vs_O3qL,A080,33,0.9984746063232294
R0_vs_O3qL,A080,34,0.9987496319692162
R0_vs_O3qL,A081,0,0.8248044453427034
R0_vs_O3qL,A081,1,0.9963873379359508
R0_vs_O3qL,A081,2,0.99843287339011
R0_vs_O3qL,A081,3,0.9992890802975635
R0_vs_O3qL,A081,4,0.9994153048746273
R0_vs_O3qL,A081,5,0.9992359079305853
R0_vs_O3qL,A081,6,0.9991244503439176
R0_vs_O3qL,A081,7,0.9993457288678284
R0_vs_O3qL,A081,8,0.9992133118311962
R0_vs_O3qL,A081,9,0.999145372477641
R0_vs_O3qL,A081,10,0.999645897579602
R0_vs_O3qL,A081,11,0.9994482398914435
R0_vs_O3qL,A081,12,0.9986477947320728
R0_vs_O3qL,A081,13,0.9993530831592647
R0_vs_O3qL,A081,14,0.9989745445613043
R0_vs_O3qL,A081,15,0.9990201632560934
R0_vs_O3qL,A081,16,0.9992962787499701
R0_vs_O3qL,A081,17,0.9991438479462086
R0_vs_O3qL,A081,18,0.9989475428574526
R0_vs_O3qL,A081,19,0.9990884785967691
R0_vs_O3qL,A081,20,0.9985506802912002
R0_vs_O3qL,A081,21,0.9975833304592958
R0_vs_O3qL,A081,22,0.9980151395246809
R0_vs_O3qL,A081,23,0.997957655566138
R0_vs_O3qL,A081,24,0.9983220717074677
R0_vs_O3qL,A081,25,0.998606801332513
R0_vs_O3qL,A082,0,0.8248044453427034
R0_vs_O3qL,A082,1,0.9963873379359508
R0_vs_O3qL,A082,2,0.99843287339011
R0_vs_O3qL,A082,3,0.9992890802975635
R0_vs_O3qL,A082,4,0.9990425164120447
R0_vs_O3qL,A082,5,0.9992740677141214
R0_vs_O3qL,A082,6,0.9994323302690841
R0_vs_O3qL,A082,7,0.9994067015364421
R0_vs_O3qL,A082,8,0.999727256467801
R0_vs_O3qL,A082,9,0.9998570990269193
R0_vs_O3qL,A082,10,0.9996275405513678
R0_vs_O3qL,A082,11,0.9996763639215055
R0_vs_O3qL,A082,12,0.9991962934369826
R0_vs_O3qL,A082,13,0.9993833568241832
R0_vs_O3qL,A082,14,0.9996014381088745
R0_vs_O3qL,A082,15,0.9992905644194033
R0_vs_O3qL,A082,16,0.9990251433043427
R0_vs_O3qL,A082,17,0.9992236676383899
R0_vs_O3qL,A082,18,0.9993181420051268
R0_vs_O3qL,A082,19,0.9989501929267389
R0_vs_O3qL,A082,20,0.9989028828722731
R0_vs_O3qL,A082,21,0.9984215811313844
R0_vs_O3qL,A082,22,0.9971987296277309
R0_vs_O3qL,A082,23,0.9981861131606117
R0_vs_O3qL,A082,24,0.9986341761841396
R0_vs_O3qL,A082,25,0.9982555391517975
R0_vs_O3qL,A082,26,0.9987235258563102
R0_vs_O3qL,A083,0,0.8248044453427034
R0_vs_O3qL,A083,1,0.9963873379359508
R0_vs_O3qL,A083,2,0.99843287339011
R0_vs_O3qL,A083,3,0.9992890802975635
R0_vs_O3qL,A083,4,0.999469334129426
R0_vs_O3qL,A083,5,0.9987970750255776
R0_vs_O3qL,A083,6,0.9989616539504639
R0_vs_O3qL,A083,7,0.9982263186337453
R0_vs_O3qL,A083,8,0.999022247196948
R0_vs_O3qL,A083,9,0.9994003239996607
R0_vs_O3qL,A083,10,0.9995649285340745
R0_vs_O3qL,A083,11,0.9995336484939072
R0_vs_O3qL,A083,12,0.9995844971276598
R0_vs_O3qL,A083,13,0.9992173375912373
R0_vs_O3qL,A083,14,0.999282108816917
R0_vs_O3qL,A083,15,0.9986773018576572
R0_vs_O3qL,A083,16,0.9992109411765028
R0_vs_O3qL,A083,17,0.9987019085209129
R0_vs_O3qL,A083,18,0.998823908497601
R0_vs_O3qL,A083,19,0.9991320374473702
R0_vs_O3qL,A083,20,0.9985795575612213
R0_vs_O3qL,A083,21,0.998558321043278
R0_vs_O3qL,A083,22,0.9981463606510028
R0_vs_O3qL,A083,23,0.9975226809801714
R0_vs_O3qL,A083,24,0.9981003705091401
R0_vs_O3qL,A083,25,0.9989316894547271
R0_vs_O3qL,A083,26,0.9977891885110952
R0_vs_O3qL,A083,27,0.9990983704630687
R0_vs_O3qL,A084,0,0.8248044453427034
R0_vs_O3qL,A084,1,0.9963873379359508
R0_vs_O3qL,A084,2,0.99843287339011
R0_vs_O3qL,A084,3,0.9992890802975635
R0_vs_O3qL,A084,4,0.9994916727835307
R0_vs_O3qL,A084,5,0.9990218425355305
R0_vs_O3qL,A084,6,0.9993745450432525
R0_vs_O3qL,A084,7,0.999339617386432
R0_vs_O3qL,A084,8,0.9992554544495288
R0_vs_O3qL,A084,9,0.9989233933100948
R0_vs_O3qL,A084,10,0.998989151323056
R0_vs_O3qL,A084,11,0.9991681651131226
R0_vs_O3qL,A084,12,0.9994384346216407
R0_vs_O3qL,A084,13,0.9991476832128605
R0_vs_O3qL,A084,14,0.9990736344879451
R0_vs_O3qL,A084,15,0.9991914216601834
R0_vs_O3qL,A084,16,0.9991108099056635
R0_vs_O3qL,A084,17,0.9991406122265535
R0_vs_O3qL,A084,18,0.9992422168493642
R0_vs_O3qL,A084,19,0.9986020052594881
R0_vs_O3qL,A084,20,0.9978807274749246
R0_vs_O3qL,A084,21,0.9982581617090478
R0_vs_O3qL,A084,22,0.9986501072673248
R0_vs_O3qL,A084,23,0.9984252053639754
R0_vs_O3qL,A084,24,0.9980494548330153
R0_vs_O3qL,A085,0,0.8248044453427034
R0_vs_O3qL,A085,1,0.9963873379359508
R0_vs_O3qL,A085,2,0.99843287339011
R0_vs_O3qL,A085,3,0.9992890802975635
R0_vs_O3qL,A085,4,0.9990534272397318
R0_vs_O3qL,A085,5,0.9989535852153033
R0_vs_O3qL,A085,6,0.9992747129927567
R0_vs_O3qL,A085,7,0.9994150899597759
R0_vs_O3qL,A085,8,0.9993568429903228
R0_vs_O3qL,A085,9,0.9996457274364655
R0_vs_O3qL,A085,10,0.9995549659282824
R0_vs_O3qL,A085,11,0.9994735962498316
R0_vs_O3qL,A085,12,0.9994467115908521
R0_vs_O3qL,A085,13,0.9995966660955552
R0_vs_O3qL,A085,14,0.9993200630751796
R0_vs_O3qL,A085,15,0.9992328765965699
R0_vs_O3qL,A085,16,0.9995081058432113
R0_vs_O3qL,A085,17,0.9993052843053796
R0_vs_O3qL,A085,18,0.9994698071544034
R0_vs_O3qL,A085,19,0.9984269481371761
R0_vs_O3qL,A085,20,0.9978512199830611
R0_vs_O3qL,A085,21,0.997608970488743
R0_vs_O3qL,A085,22,0.998979348657716
R0_vs_O3qL,A085,23,0.9985045992444119
R0_vs_O3qL,A085,24,0.9993760108745802
R0_vs_O3qL,A086,0,0.8248044453427034
R0_vs_O3qL,A086,1,0.9963873379359508
R0_vs_O3qL,A086,2,0.99843287339011
R0_vs_O3qL,A086,3,0.9992890802975635
R0_vs_O3qL,A086,4,0.9992619096305663
R0_vs_O3qL,A086,5,0.999188182561923
R0_vs_O3qL,A086,6,0.9990949144142535
R0_vs_O3qL,A086,7,0.9995552736120268
R0_vs_O3qL,A086,8,0.9995049450405658
R0_vs_O3qL,A086,9,0.999560154817543
R0_vs_O3qL,A086,10,0.9994595922747269
R0_vs_O3qL,A086,11,0.9995041964862473
R0_vs_O3qL,A086,12,0.9996091094241637
R0_vs_O3qL,A086,13,0.9995411493118909
R0_vs_O3qL,A086,14,0.9994052840998033
R0_vs_O3qL,A086,15,0.9993475557638046
R0_vs_O3qL,A086,16,0.9986244788623079
R0_vs_O3qL,A086,17,0.9980379387202426
R0_vs_O3qL,A086,18,0.9983639142880988
R0_vs_O3qL,A086,19,0.9989385257960739
R0_vs_O3qL,A086,20,0.9982133276526369
R0_vs_O3qL,A086,21,0.9987556393391941
R0_vs_O3qL,A087,0,0.8248044453427034
R0_vs_O3qL,A087,1,0.9963873379359508
R0_vs_O3qL,A087,2,0.99843287339011
R0_vs_O3qL,A087,3,0.9992890802975635
R0_vs_O3qL,A087,4,0.9992480624030408
R0_vs_O3qL,A087,5,0.999158930861102
R0_vs_O3qL,A087,6,0.9993589738697632
R0_vs_O3qL,A087,7,0.999057008917261
R0_vs_O3qL,A087,8,0.9990398580619898
R0_vs_O3qL,A087,9,0.9988988667742364
R0_vs_O3qL,A087,10,0.9993596040375166
R0_vs_O3qL,A087,11,0.9989349447299029
R0_vs_O3qL,A087,12,0.9993624757289533
R0_vs_O3qL,A087,13,0.9990302217948654
R0_vs_O3qL,A087,14,0.9994746670467726
R0_vs_O3qL,A087,15,0.9993628622288282
R0_vs_O3qL,A087,16,0.9983828020812804
R0_vs_O3qL,A087,17,0.9976382315635454
R0_vs_O3qL,A087,18,0.9982259995695415
R0_vs_O3qL,A087,19,0.9980681501598808
R0_vs_O3qL,A087,20,0.9984135104922056
R0_vs_O3qL,A087,21,0.9987162915951102
R0_vs_O3qL,A088,0,0.8248044453427034
R0_vs_O3qL,A088,1,0.9963873379359508
R0_vs_O3qL,A088,2,0.99843287339011
R0_vs_O3qL,A088,3,0.9992890802975635
R0_vs_O3qL,A088,4,0.9992626910672543
R0_vs_O3qL,A088,5,0.9992872503828631
R0_vs_O3qL,A088,6,0.9993748310347047
R0_vs_O3qL,A088,7,0.9991360059825548
R0_vs_O3qL,A088,8,0.999247898512141
R0_vs_O3qL,A088,9,0.9996930283860979
R0_vs_O3qL,A088,10,0.9997018777742677
R0_vs_O3qL,A088,11,0.9993866967667129
R0_vs_O3qL,A088,12,0.999170312612611
R0_vs_O3qL,A088,13,0.998577265705485
R0_vs_O3qL,A088,14,0.999063840655194
R0_vs_O3qL,A088,15,0.9987616118189387
R0_vs_O3qL,A088,16,0.9985965318207466
R0_vs_O3qL,A088,17,0.998825340739147
R0_vs_O3qL,A088,18,0.9986221264871055
R0_vs_O3qL,A088,19,0.9975260010372555
R0_vs_O3qL,A088,20,0.9976697609501834
R0_vs_O3qL,A088,21,0.9988549112465475
R0_vs_O3qL,A088,22,0.9982121203457988
R0_vs_O3qL,A088,23,0.9989836442178098
R0_vs_O3qL,A089,0,0.8248044453427034
R0_vs_O3qL,A089,1,0.9963873379359508
R0_vs_O3qL,A089,2,0.99843287339011
R0_vs_O3qL,A089,3,0.9992890802975635
R0_vs_O3qL,A089,4,0.9993021262394183
R0_vs_O3qL,A089,5,0.9990264940910093
R0_vs_O3qL,A089,6,0.9993515415661274
R0_vs_O3qL,A089,7,0.9990819176016195
R0_vs_O3qL,A089,8,0.9992100645899574
R0_vs_O3qL,A089,9,0.9990725922804594
R0_vs_O3qL,A089,10,0.9990350175693544
R0_vs_O3qL,A089,11,0.9993430367377514
R0_vs_O3qL,A089,12,0.9993000422864012
R0_vs_O3qL,A089,13,0.99934901540954
R0_vs_O3qL,A089,14,0.9989078413230967
R0_vs_O3qL,A089,15,0.9994490786666527
R0_vs_O3qL,A089,16,0.9991212699102048
R0_vs_O3qL,A089,17,0.9988125686954116
R0_vs_O3qL,A089,18,0.9990234928172997
R0_vs_O3qL,A089,19,0.9986714122066116
R0_vs_O3qL,A089,20,0.9983283124952393
R0_vs_O3qL,A089,21,0.9978100231011123
R0_vs_O3qL,A089,22,0.9980431420367945
R0_vs_O3qL,A089,23,0.9988408374103102
R0_vs_O3qL,A089,24,0.9979505424324226
R0_vs_O3qL,A089,25,0.9984700336605443
R0_vs_O3qL,A090,0,0.8248044453427034
R0_vs_O3qL,A090,1,0.9963873379359508
R0_vs_O3qL,A090,2,0.99843287339011
R0_vs_O3qL,A090,3,0.9992890802975635
R0_vs_O3qL,A090,4,0.998882742472571
R0_vs_O3qL,A090,5,0.9991287922163642
R0_vs_O3qL,A090,6,0.9992006379528601
R0_vs_O3qL,A090,7,0.9992780656443088
R0_vs_O3qL,A090,8,0.9987313658178553
R0_vs_O3qL,A090,9,0.9991773062930926
R0_vs_O3qL,A090,10,0.9986081932978451
R0_vs_O3qL,A090,11,0.9991323655416965
R0_vs_O3qL,A090,12,0.9994177162837454
R0_vs_O3qL,A090,13,0.9990905454111326
R0_vs_O3qL,A090,14,0.999538575934521
R0_vs_O3qL,A090,15,0.9991186439101182
R0_vs_O3qL,A090,16,0.9993010382921959
R0_vs_O3qL,A090,17,0.9990958283359235
R0_vs_O3qL,A090,18,0.9994132323383663
R0_vs_O3qL,A090,19,0.9992203614588784
R0_vs_O3qL,A090,20,0.9992004188374833
R0_vs_O3qL,A090,21,0.9993797345495381
R0_vs_O3qL,A090,22,0.9991586035558628
R0_vs_O3qL,A090,23,0.9983858717342711
R0_vs_O3qL,A090,24,0.9979870700124452
R0_vs_O3qL,A090,25,0.998476906106096
R0_vs_O3qL,A090,26,0.9989838122953071
R0_vs_O3qL,A090,27,0.9983692068014722
R0_vs_O3qL,A090,28,0.9977948927481624
R0_vs_O3qL,A091,0,0.8248044453427034
R0_vs_O3qL,A091,1,0.9963873379359508
R0_vs_O3qL,A091,2,0.99843287339011
R0_vs_O3qL,A091,3,0.9995359294514434
R0_vs_O3qL,A091,4,0.9992371622583535
R0_vs_O3qL,A091,5,0.999142845580452
R0_vs_O3qL,A091,6,0.9987964668086592
R0_vs_O3qL,A091,7,0.9989057811784092
R0_vs_O3qL,A091,8,0.9992025876567942
R0_vs_O3qL,A091,9,0.9988854171261116
R0_vs_O3qL,A091,10,0.9987830133099896
R0_vs_O3qL,A091,11,0.9986673839114262
R0_vs_O3qL,A091,12,0.9986119186924262
R0_vs_O3qL,A091,13,0.9991052043061179
R0_vs_O3qL,A091,14,0.9981761112200861
R0_vs_O3qL,A091,15,0.9988099733211988
R0_vs_O3qL,A091,16,0.9983772541331535
R0_vs_O3qL,A091,17,0.9978395761906521
R0_vs_O3qL,A091,18,0.9976192698183318
R0_vs_O3qL,A091,19,0.9989645307347862
R0_vs_O3qL,A091,20,0.9987210620512949
R0_vs_O3qL,A091,21,0.9980507560751558
R0_vs_O3qL,A092,0,0.8248044453427034
R0_vs_O3qL,A092,1,0.9963873379359508
R0_vs_O3qL,A092,2,0.99843287339011
R0_vs_O3qL,A092,3,0.9995359294514434
R0_vs_O3qL,A092,4,0.9991862199916471
R0_vs_O3qL,A092,5,0.9991398188907429
R0_vs_O3qL,A092,6,0.9990606845852222
R0_vs_O3qL,A092,7,0.9989617134993007
R0_vs_O3qL,A092,8,0.9983655368299684
R0_vs_O3qL,A092,9,0.9989739147638629
R0_vs_O3qL,A092,10,0.9990749169944556
R0_vs_O3qL,A092,11,0.9992082767558912
R0_vs_O3qL,A092,12,0.9988779612740177
R0_vs_O3qL,A092,13,0.9988794677580095
R0_vs_O3qL,A092,14,0.9987470064755204
R0_vs_O3qL,A092,15,0.9987799010654765
R0_vs_O3qL,A092,16,0.9991515192928817
R0_vs_O3qL,A092,17,0.9990815097674214
R0_vs_O3qL,A092,18,0.9990962677491741
R0_vs_O3qL,A092,19,0.9983733795408858
R0_vs_O3qL,A092,20,0.9986159621092179
R0_vs_O3qL,A092,21,0.9982703875272361
R0_vs_O3qL,A092,22,0.9985838958045437
R0_vs_O3qL,A092,23,0.9986191133338308
R0_vs_O3qL,A092,24,0.9990444885819821
R0_vs_O3qL,A092,25,0.9991030770338255
R0_vs_O3qL,A092,26,0.9985516105521871
R0_vs_O3qL,A092,27,0.9989890818342795
R0_vs_O3qL,A092,28,0.9982677836169545
R0_vs_O3qL,A092,29,0.9976050714250129
R0_vs_O3qL,A092,30,0.9982141055409866
R0_vs_O3qL,A092,31,0.9959739141912601
R0_vs_O3qL,A092,32,0.9988860694961399
R0_vs_O3qL,A092,33,0.9991371562536494
R0_vs_O3qL,A093,0,0.8248044453427034
R0_vs_O3qL,A093,1,0.9963873379359508
R0_vs_O3qL,A093,2,0.99843287339011
R0_vs_O3qL,A093,3,0.9995158907462376
R0_vs_O3qL,A093,4,0.9994212481928375
R0_vs_O3qL,A093,5,0.9988139929870606
R0_vs_O3qL,A093,6,0.9989473972537873
R0_vs_O3qL,A093,7,0.9992203167946069
R0_vs_O3qL,A093,8,0.9993907027386817
R0_vs_O3qL,A093,9,0.9993800017946036
R0_vs_O3qL,A093,10,0.9989841352603672
R0_vs_O3qL,A093,11,0.99933395907816
R0_vs_O3qL,A093,12,0.9989212293772577
R0_vs_O3qL,A093,13,0.9988701979177883
R0_vs_O3qL,A093,14,0.9992606634567754
R0_vs_O3qL,A093,15,0.9990754672908941
R0_vs_O3qL,A093,16,0.9988257415909875
R0_vs_O3qL,A093,17,0.9984639587583778
R0_vs_O3qL,A093,18,0.9977994897709591
R0_vs_O3qL,A093,19,0.9982736532785232
R0_vs_O3qL,A093,20,0.9986250184188419
R0_vs_O3qL,A093,21,0.9988209931884067
R0_vs_O3qL,A093,22,0.9989564296253376
R0_vs_O3qL,A094,0,0.8248044453427034
R0_vs_O3qL,A094,1,0.9963873379359508
R0_vs_O3qL,A094,2,0.99843287339011
R0_vs_O3qL,A094,3,0.9995270678558472
R0_vs_O3qL,A094,4,0.9986152999997037
R0_vs_O3qL,A094,5,0.9992405168074846
R0_vs_O3qL,A094,6,0.9993383764150489
R0_vs_O3qL,A094,7,0.9992178177794323
R0_vs_O3qL,A094,8,0.9988878701866469
R0_vs_O3qL,A094,9,0.9993248996823698
R0_vs_O3qL,A094,10,0.9990456893826388
R0_vs_O3qL,A094,11,0.9990014988627081
R0_vs_O3qL,A094,12,0.9989868810305195
R0_vs_O3qL,A094,13,0.9992877383357853
R0_vs_O3qL,A094,14,0.9990694852618873
R0_vs_O3qL,A094,15,0.9991250263481297
R0_vs_O3qL,A094,16,0.9991120148521357
R0_vs_O3qL,A094,17,0.9989288962390274
R0_vs_O3qL,A094,18,0.9986188665409143
R0_vs_O3qL,A094,19,0.9977274959700551
R0_vs_O3qL,A094,20,0.9981185373453866
R0_vs_O3qL,A094,21,0.998769402665458
R0_vs_O3qL,A094,22,0.9987601187695131
R0_vs_O3qL,A094,23,0.9984673417960546
R0_vs_O3qL,A095,0,0.8248044453427034
R0_vs_O3qL,A095,1,0.9963873379359508
R0_vs_O3qL,A095,2,0.99843287339011
R0_vs_O3qL,A095,3,0.9995359294514434
R0_vs_O3qL,A095,4,0.9993127960860153
R0_vs_O3qL,A095,5,0.9985720916741941
R0_vs_O3qL,A095,6,0.9989474270469308
R0_vs_O3qL,A095,7,0.9985273434964809
R0_vs_O3qL,A095,8,0.9992028243354726
R0_vs_O3qL,A095,9,0.9992522992660425
R0_vs_O3qL,A095,10,0.9986288998183128
R0_vs_O3qL,A095,11,0.9992384799479875
R0_vs_O3qL,A095,12,0.9991758161783963
R0_vs_O3qL,A095,13,0.9990680113207863
R0_vs_O3qL,A095,14,0.9991825649819792
R0_vs_O3qL,A095,15,0.9983636027823081
R0_vs_O3qL,A095,16,0.9984444247640212
R0_vs_O3qL,A095,17,0.9987679165800644
R0_vs_O3qL,A095,18,0.9987515545707556
R0_vs_O3qL,A095,19,0.9994654500791015
R0_vs_O3qL,A095,20,0.9990933539339781
R0_vs_O3qL,A095,21,0.9994120798575512
R0_vs_O3qL,A095,22,0.9986437148369885
R0_vs_O3qL,A095,23,0.99838931532628
R0_vs_O3qL,A095,24,0.9990992392759123
R0_vs_O3qL,A095,25,0.99870018410603
R0_vs_O3qL,A095,26,0.9986586103479131
R0_vs_O3qL,A095,27,0.9983879691828219
R0_vs_O3qL,A095,28,0.997684785119711
R0_vs_O3qL,A095,29,0.9982844044762952
R0_vs_O3qL,A095,30,0.9984737817042888
R0_vs_O3qL,A095,31,0.9988341401498569
R0_vs_O3qL,A095,32,0.9991343723509006
R0_vs_O3qL,A096,0,0.8248044453427034
R0_vs_O3qL,A096,1,0.9963873379359508
R0_vs_O3qL,A096,2,0.99843287339011
R0_vs_O3qL,A096,3,0.9995158907462376
R0_vs_O3qL,A096,4,0.9992590326796762
R0_vs_O3qL,A096,5,0.9992179519215229
R0_vs_O3qL,A096,6,0.99922591858213
R0_vs_O3qL,A096,7,0.9989118416429352
R0_vs_O3qL,A096,8,0.9990038011384434
R0_vs_O3qL,A096,9,0.9990265293655686
R0_vs_O3qL,A096,10,0.9993153717922765
R0_vs_O3qL,A096,11,0.9995036647175246
R0_vs_O3qL,A096,12,0.999286553084322
R0_vs_O3qL,A096,13,0.999018619535706
R0_vs_O3qL,A096,14,0.9988245252020166
R0_vs_O3qL,A096,15,0.9989839639498684
R0_vs_O3qL,A096,16,0.9987708873655964
R0_vs_O3qL,A096,17,0.9983470936485809
R0_vs_O3qL,A096,18,0.997478038954838
R0_vs_O3qL,A096,19,0.9978620347735865
R0_vs_O3qL,A096,20,0.9987675679137521
R0_vs_O3qL,A096,21,0.9989900255822468
R0_vs_O3qL,A096,22,0.9988778056587108
R0_vs_O3qL,A097,0,0.8248044453427034
R0_vs_O3qL,A097,1,0.9963873379359508
R0_vs_O3qL,A097,2,0.99843287339011
R0_vs_O3qL,A097,3,0.9995359294514434
R0_vs_O3qL,A097,4,0.9988463784727298
R0_vs_O3qL,A097,5,0.9986232752047104
R0_vs_O3qL,A097,6,0.9989848195091389
R0_vs_O3qL,A097,7,0.9991483283173497
R0_vs_O3qL,A097,8,0.9988629768637004
R0_vs_O3qL,A097,9,0.9991204687671447
R0_vs_O3qL,A097,10,0.9994105553252745
R0_vs_O3qL,A097,11,0.9990499526492603
R0_vs_O3qL,A097,12,0.999557112763144
R0_vs_O3qL,A097,13,0.9992861605638471
R0_vs_O3qL,A097,14,0.9988514284229796
R0_vs_O3qL,A097,15,0.9990755355206489
R0_vs_O3qL,A097,16,0.9993004715573661
R0_vs_O3qL,A097,17,0.9991481909074081
R0_vs_O3qL,A097,18,0.9990715961695237
R0_vs_O3qL,A097,19,0.997914742061072
R0_vs_O3qL,A097,20,0.9983417770841728
R0_vs_O3qL,A097,21,0.9978526375837037
R0_vs_O3qL,A097,22,0.9980156348657594
R0_vs_O3qL,A097,23,0.997956149630356
R0_vs_O3qL,A097,24,0.9987745238100101
R0_vs_O3qL,A097,25,0.9986221234359056
R0_vs_O3qL,A098,0,0.8248044453427034
R0_vs_O3qL,A098,1,0.9963873379359508
R0_vs_O3qL,A098,2,0.99843287339011
R0_vs_O3qL,A098,3,0.9995270678558472
R0_vs_O3qL,A098,4,0.999323408637153
R0_vs_O3qL,A098,5,0.9992557068637801
R0_vs_O3qL,A098,6,0.9992125092501868
R0_vs_O3qL,A098,7,0.9990567337886109
R0_vs_O3qL,A098,8,0.999314779629968
R0_vs_O3qL,A098,9,0.9990562087903287
R0_vs_O3qL,A098,10,0.999499349289177
R0_vs_O3qL,A098,11,0.9987163540636615
R0_vs_O3qL,A098,12,0.9991893540249026
R0_vs_O3qL,A098,13,0.9992857879655337
R0_vs_O3qL,A098,14,0.9991197997928095
R0_vs_O3qL,A098,15,0.999140003512696
R0_vs_O3qL,A098,16,0.998999056583791
R0_vs_O3qL,A098,17,0.9991322248501382
R0_vs_O3qL,A098,18,0.9992103681851039
R0_vs_O3qL,A098,19,0.9992065669113692
R0_vs_O3qL,A098,20,0.9991839480453604
R0_vs_O3qL,A098,21,0.9991867453156736
R0_vs_O3qL,A098,22,0.9985805596006379
R0_vs_O3qL,A098,23,0.9977699411672493
R0_vs_O3qL,A098,24,0.997359890785453
R0_vs_O3qL,A098,25,0.9986228535280134
R0_vs_O3qL,A098,26,0.9989483092358801
R0_vs_O3qL,A098,27,0.9988324445037348
R0_vs_O3qL,A099,0,0.8248044453427034
R0_vs_O3qL,A099,1,0.9963873379359508
R0_vs_O3qL,A099,2,0.99843287339011
R0_vs_O3qL,A099,3,0.9995359294514434
R0_vs_O3qL,A099,4,0.9992642908482198
R0_vs_O3qL,A099,5,0.9988169770990861
R0_vs_O3qL,A099,6,0.9990550627870203
R0_vs_O3qL,A099,7,0.99902423052635
R0_vs_O3qL,A099,8,0.9994724250220199
R0_vs_O3qL,A099,9,0.9995302906268079
R0_vs_O3qL,A099,10,0.9989449261540894
R0_vs_O3qL,A099,11,0.9990142152440615
R0_vs_O3qL,A099,12,0.9992115546169901
R0_vs_O3qL,A099,13,0.9988323254893203
R0_vs_O3qL,A099,14,0.9986217353976039
R0_vs_O3qL,A099,15,0.9986393923133747
R0_vs_O3qL,A099,16,0.998760285300441
R0_vs_O3qL,A099,17,0.9989754453271136
R0_vs_O3qL,A099,18,0.9992245754486233
R0_vs_O3qL,A099,19,0.9989919359203762
R0_vs_O3qL,A099,20,0.9984657887985149
R0_vs_O3qL,A099,21,0.9978526718345377
R0_vs_O3qL,A099,22,0.998828977910275
R0_vs_O3qL,A099,23,0.9985089126391093
R0_vs_O3qL,A099,24,0.9979598967279786
R0_vs_O3qL,A099,25,0.9976052108201963
R0_vs_O3qL,A099,26,0.9987884484444112
R0_vs_O3qL,A099,27,0.9988559556675173
R0_vs_O3qL,A099,28,0.9988134840055203
R0_vs_O3qL,A100,0,0.8248044453427034
R0_vs_O3qL,A100,1,0.9963873379359508
R0_vs_O3qL,A100,2,0.99843287339011
R0_vs_O3qL,A100,3,0.9995158907462376
R0_vs_O3qL,A100,4,0.9990818567694274
R0_vs_O3qL,A100,5,0.9990925542360378
R0_vs_O3qL,A100,6,0.9993853424444631
R0_vs_O3qL,A100,7,0.9994060516362814
R0_vs_O3qL,A100,8,0.9991802843577327
R0_vs_O3qL,A100,9,0.9990728095044148
R0_vs_O3qL,A100,10,0.9990612862966786
R0_vs_O3qL,A100,11,0.9991899840862933
R0_vs_O3qL,A100,12,0.9989412813127053
R0_vs_O3qL,A100,13,0.9990702530269847
R0_vs_O3qL,A100,14,0.9990370105806959
R0_vs_O3qL,A100,15,0.9993047081698234
R0_vs_O3qL,A100,16,0.9989236695801365
R0_vs_O3qL,A100,17,0.9983717965544934
R0_vs_O3qL,A100,18,0.9976551331978196
R0_vs_O3qL,A100,19,0.9980942772455504
R0_vs_O3qL,A100,20,0.9986846835679662
R0_vs_O3qL,A100,21,0.9987756963585381
R0_vs_O3qL,A100,22,0.9988486720367606
O0_vs_O3q,A001,0,0.963293790277183
O0_vs_O3q,A001,1,0.9966942688230616
O0_vs_O3q,A001,2,0.9986995313619561
O0_vs_O3q,A001,3,0.9993386610900551
O0_vs_O3q,A001,4,0.9993927759529154
O0_vs_O3q,A001,5,0.9990275672182686
O0_vs_O3q,A001,6,0.9992423240341944
O0_vs_O3q,A001,7,0.9991887821757659
O0_vs_O3q,A001,8,0.9989680266637171
O0_vs_O3q,A001,9,0.9987652903417646
O0_vs_O3q,A001,10,0.9986076214096078
O0_vs_O3q,A001,11,0.99820114007539
O0_vs_O3q,A001,12,0.9984066171765484
O0_vs_O3q,A001,13,0.9991124781457774
O0_vs_O3q,A001,14,0.9984134377230787
O0_vs_O3q,A001,15,0.9989386598463837
O0_vs_O3q,A002,0,0.963293790277183
O0_vs_O3q,A002,1,0.9966942688230616
O0_vs_O3q,A002,2,0.9986995313619561
O0_vs_O3q,A002,3,0.9993386610900551
O0_vs_O3q,A002,4,0.9991745179359748
O0_vs_O3q,A002,5,0.9994434605858826
O0_vs_O3q,A002,6,0.9990085751352628
O0_vs_O3q,A002,7,0.9992037498634361
O0_vs_O3q,A002,8,0.9993074529633771
O0_vs_O3q,A002,9,0.9990141711101733
O0_vs_O3q,A002,10,0.9988721562052527
O0_vs_O3q,A002,11,0.9986375086071035
O0_vs_O3q,A002,12,0.9980419850335396
O0_vs_O3q,A002,13,0.9984278650832699
O0_vs_O3q,A002,14,0.9990254219708551
O0_vs_O3q,A002,15,0.9981269411674987
O0_vs_O3q,A002,16,0.9990462821178747
O0_vs_O3q,A003,0,0.963293790277183
O0_vs_O3q,A003,1,0.9966942688230616
O0_vs_O3q,A003,2,0.9986995313619561
O0_vs_O3q,A003,3,0.9993386610900551
O0_vs_O3q,A003,4,0.9987487782695731
O0_vs_O3q,A003,5,0.9993133078315818
O0_vs_O3q,A003,6,0.999275224927898
O0_vs_O3q,A003,7,0.9993657398038843
O0_vs_O3q,A003,8,0.9992840653706014
O0_vs_O3q,A003,9,0.9989252989112857
O0_vs_O3q,A003,10,0.9986902914631285
O0_vs_O3q,A003,11,0.9982113836505468
O0_vs_O3q,A003,12,0.998309892814855
O0_vs_O3q,A003,13,0.9989838351304213
O0_vs_O3q,A003,14,0.9983686843088394
O0_vs_O3q,A003,15,0.9989529640211495
O0_vs_O3q,A004,0,0.963293790277183
O0_vs_O3q,A004,1,0.9966942688230616
O0_vs_O3q,A004,2,0.9986995313619561
O0_vs_O3q,A004,3,0.9993386568900359
O0_vs_O3q,A004,4,0.9990987850907452
O0_vs_O3q,A004,5,0.9990235286577565
O0_vs_O3q,A004,6,0.9992765094716692
O0_vs_O3q,A004,7,0.999178026945191
O0_vs_O3q,A004,8,0.9990261001677081
O0_vs_O3q,A004,9,0.999250655217856
O0_vs_O3q,A004,10,0.9993008284874924
O0_vs_O3q,A004,11,0.9989129282943942
O0_vs_O3q,A004,12,0.9984647158570434
O0_vs_O3q,A004,13,0.9980685288531734
O0_vs_O3q,A004,14,0.9983125633167275
O0_vs_O3q,A004,15,0.9983573740404769
O0_vs_O3q,A004,16,0.9983057692172945
O0_vs_O3q,A004,17,0.9987797681471595
O0_vs_O3q,A005,0,0.963293790277183
O0_vs_O3q,A005,1,0.9966942688230616
O0_vs_O3q,A005,2,0.9986995313619561
O0_vs_O3q,A005,3,0.9993386568900359
O0_vs_O3q,A005,4,0.9994308749487538
O0_vs_O3q,A005,5,0.9993932238277142
O0_vs_O3q,A005,6,0.9989017268159507
O0_vs_O3q,A005,7,0.9992906955737141
O0_vs_O3q,A005,8,0.9992939661803841
O0_vs_O3q,A005,9,0.9991255491298013
O0_vs_O3q,A005,10,0.9991812035861755
O0_vs_O3q,A005,11,0.9990106859390971
O0_vs_O3q,A005,12,0.9987341334323729
O0_vs_O3q,A005,13,0.9981031984334519
O0_vs_O3q,A005,14,0.998385126466132
O0_vs_O3q,A005,15,0.9988425879155245
O0_vs_O3q,A005,16,0.9981592482752107
O0_vs_O3q,A005,17,0.9988395568197579
O0_vs_O3q,A006,0,0.963293790277183
O0_vs_O3q,A006,1,0.9966942688230616
O0_vs_O3q,A006,2,0.9986995313619561
O0_vs_O3q,A006,3,0.9993386568900359
O0_vs_O3q,A006,4,0.999191323826023
O0_vs_O3q,A006,5,0.9989639579786048
O0_vs_O3q,A006,6,0.9990850234682842
O0_vs_O3q,A006,7,0.9992007556604464
O0_vs_O3q,A006,8,0.9988247110373585
O0_vs_O3q,A006,9,0.9990778623600408
O0_vs_O3q,A006,10,0.9991814330844503
O0_vs_O3q,A006,11,0.9990779323254547
O0_vs_O3q,A006,12,0.9987362880443168
O0_vs_O3q,A006,13,0.9986250671213238
O0_vs_O3q,A006,14,0.9979351284060455
O0_vs_O3q,A006,15,0.9984195044549646
O0_vs_O3q,A006,16,0.9988609092957808
O0_vs_O3q,A006,17,0.9983829378311733
O0_vs_O3q,A006,18,0.9989542371524728
O0_vs_O3q,A007,0,0.963293790277183
O0_vs_O3q,A007,1,0.9966942688230616
O0_vs_O3q,A007,2,0.9986995313619561
O0_vs_O3q,A007,3,0.9993386610900551
O0_vs_O3q,A007,4,0.9994404275972787
O0_vs_O3q,A007,5,0.9985107090740528
O0_vs_O3q,A007,6,0.9988456598129634
O0_vs_O3q,A007,7,0.9987056365149487
O0_vs_O3q,A007,8,0.9989050713404195
O0_vs_O3q,A007,9,0.9988221726851105
O0_vs_O3q,A007,10,0.9986773036964107
O0_vs_O3q,A007,11,0.9980994629034459
O0_vs_O3q,A007,12,0.9985045790043784
O0_vs_O3q,A007,13,0.9981097550482694
O0_vs_O3q,A007,14,0.9982745899993978
O0_vs_O3q,A007,15,0.9990362546004764
O0_vs_O3q,A008,0,0.963293790277183
O0_vs_O3q,A008,1,0.9966942688230616
O0_vs_O3q,A008,2,0.9986995313619561
O0_vs_O3q,A008,3,0.9993386610900551
O0_vs_O3q,A008,4,0.999272032819411
O0_vs_O3q,A008,5,0.9990881618213714
O0_vs_O3q,A008,6,0.9989553138417205
O0_vs_O3q,A008,7,0.9991669283549635
O0_vs_O3q,A008,8,0.9993695830005199
O0_vs_O3q,A008,9,0.999019502073158
O0_vs_O3q,A008,10,0.9988138033126044
O0_vs_O3q,A008,11,0.998561397588331
O0_vs_O3q,A008,12,0.9981636034248028
O0_vs_O3q,A008,13,0.9985609812560955
O0_vs_O3q,A008,14,0.9989161641959984
O0_vs_O3q,A008,15,0.9983330503733068
O0_vs_O3q,A008,16,0.9989891744830849
O0_vs_O3q,A009,0,0.963293790277183
O0_vs_O3q,A009,1,0.9966942688230616
O0_vs_O3q,A009,2,0.9986995313619561
O0_vs_O3q,A009,3,0.9993386568900359
O0_vs_O3q,A009,4,0.9993786033506099
O0_vs_O3q,A009,5,0.9992394514003912
O0_vs_O3q,A009,6,0.9993574065703665
O0_vs_O3q,A009,7,0.999146643808746
O0_vs_O3q,A009,8,0.9992683177213476
O0_vs_O3q,A009,9,0.9990235535719036
O0_vs_O3q,A009,10,0.9993586809634726
O0_vs_O3q,A009,11,0.99951608340317
O0_vs_O3q,A009,12,0.9989592516138619
O0_vs_O3q,A009,13,0.9987467439972397
O0_vs_O3q,A009,14,0.9981071722934838
O0_vs_O3q,A009,15,0.9984492512722177
O0_vs_O3q,A009,16,0.9988682952893946
O0_vs_O3q,A009,17,0.9984532491695158
O0_vs_O3q,A009,18,0.9988865596441059
O0_vs_O3q,A010,0,0.963293790277183
O0_vs_O3q,A010,1,0.9966942688230616
O0_vs_O3q,A010,2,0.9986995313619561
O0_vs_O3q,A010,3,0.9993386610900551
O0_vs_O3q,A010,4,0.9992968742476259
O0_vs_O3q,A010,5,0.9994293370613228
O0_vs_O3q,A010,6,0.9994460323774945
O0_vs_O3q,A010,7,0.9991132108643176
O0_vs_O3q,A010,8,0.9993108027685454
O0_vs_O3q,A010,9,0.9992519256839153
O0_vs_O3q,A010,10,0.9987913183128371
O0_vs_O3q,A010,11,0.9986788472862208
O0_vs_O3q,A010,12,0.9982249766451488
O0_vs_O3q,A010,13,0.998371947462517
O0_vs_O3q,A010,14,0.9988996286175669
O0_vs_O3q,A010,15,0.9984013228424886
O0_vs_O3q,A010,16,0.9988493516663159
O0_vs_O3q,A011,0,0.963293790277183
O0_vs_O3q,A011,1,0.9966942688230616
O0_vs_O3q,A011,2,0.9986995313619561
O0_vs_O3q,A011,3,0.9993386568900359
O0_vs_O3q,A011,4,0.9990596006148078
O0_vs_O3q,A011,5,0.9990159709833898
O0_vs_O3q,A011,6,0.9992013117485476
O0_vs_O3q,A011,7,0.9993820451271902
O0_vs_O3q,A011,8,0.9990621620927032
O0_vs_O3q,A011,9,0.9990023022264801
O0_vs_O3q,A011,10,0.9992203458378215
O0_vs_O3q,A011,11,0.9989341059358278
O0_vs_O3q,A011,12,0.998695162539945
O0_vs_O3q,A011,13,0.9983141781151484
O0_vs_O3q,A011,14,0.9989367282408091
O0_vs_O3q,A011,15,0.9987711908252721
O0_vs_O3q,A011,16,0.9988738514034584
O0_vs_O3q,A011,17,0.9992484918588762
O0_vs_O3q,A011,18,0.9990870485528872
O0_vs_O3q,A011,19,0.9992838929491212
O0_vs_O3q,A011,20,0.9989856804273627
O0_vs_O3q,A011,21,0.9989665252486294
O0_vs_O3q,A011,22,0.9986023253608376
O0_vs_O3q,A011,23,0.9977916875264561
O0_vs_O3q,A011,24,0.998509478461074
O0_vs_O3q,A011,25,0.9990596061921807
O0_vs_O3q,A011,26,0.9982046281376307
O0_vs_O3q,A011,27,0.999079463716619
O0_vs_O3q,A012,0,0.963293790277183
O0_vs_O3q,A012,1,0.9966942688230616
O0_vs_O3q,A012,2,0.9986995313619561
O0_vs_O3q,A012,3,0.9993386568900359
O0_vs_O3q,A012,4,0.9989934901534392
O0_vs_O3q,A012,5,0.9990005683143938
O0_vs_O3q,A012,6,0.9992458659842396
O0_vs_O3q,A012,7,0.9992268581617962
O0_vs_O3q,A012,8,0.9993437914330231
O0_vs_O3q,A012,9,0.9993415465482284
O0_vs_O3q,A012,10,0.9988803360610974
O0_vs_O3q,A012,11,0.9990998931983585
O0_vs_O3q,A012,12,0.9987330164857047
O0_vs_O3q,A012,13,0.9986416380336594
O0_vs_O3q,A012,14,0.9987697310626004
O0_vs_O3q,A012,15,0.9986246695309194
O0_vs_O3q,A012,16,0.9990963008658268
O0_vs_O3q,A012,17,0.9988882165587496
O0_vs_O3q,A012,18,0.9990405129492603
O0_vs_O3q,A012,19,0.9991190049365584
O0_vs_O3q,A012,20,0.998775236023504
O0_vs_O3q,A012,21,0.998695856777608
O0_vs_O3q,A012,22,0.9978030015842003
O0_vs_O3q,A012,23,0.9987204042331953
O0_vs_O3q,A012,24,0.9986020445820611
O0_vs_O3q,A012,25,0.9983950517118811
O0_vs_O3q,A012,26,0.9991687397061759
O0_vs_O3q,A013,0,0.963293790277183
O0_vs_O3q,A013,1,0.9966942688230616
O0_vs_O3q,A013,2,0.9986995313619561
O0_vs_O3q,A013,3,0.9993386568900359
O0_vs_O3q,A013,4,0.9992957471577756
O0_vs_O3q,A013,5,0.999115428787859
O0_vs_O3q,A013,6,0.9990713536648046
O0_vs_O3q,A013,7,0.9993624232991187
O0_vs_O3q,A013,8,0.9990083283432543
O0_vs_O3q,A013,9,0.9988394198294409
O0_vs_O3q,A013,10,0.9991541644698735
O0_vs_O3q,A013,11,0.9988714355147822
O0_vs_O3q,A013,12,0.9989332645411274
O0_vs_O3q,A013,13,0.9992903466694084
O0_vs_O3q,A013,14,0.9988228092833743
O0_vs_O3q,A013,15,0.9990355913022064
O0_vs_O3q,A013,16,0.9988082086332326
O0_vs_O3q,A013,17,0.9986184619382513
O0_vs_O3q,A013,18,0.9980385790167319
O0_vs_O3q,A013,19,0.9984977215164625
O0_vs_O3q,A013,20,0.9988942463214355
O0_vs_O3q,A013,21,0.9981985270147641
O0_vs_O3q,A013,22,0.9989535432342529
O0_vs_O3q,A014,0,0.963293790277183
O0_vs_O3q,A014,1,0.9966942688230616
O0_vs_O3q,A014,2,0.9986995313619561
O0_vs_O3q,A014,3,0.9993386568900359
O0_vs_O3q,A014,4,0.9992436672737054
O0_vs_O3q,A014,5,0.9986616308038696
O0_vs_O3q,A014,6,0.9990356358874405
O0_vs_O3q,A014,7,0.9989905704268808
O0_vs_O3q,A014,8,0.9991468399924136
O0_vs_O3q,A014,9,0.9992551813351255
O0_vs_O3q,A014,10,0.9989562419788591
O0_vs_O3q,A014,11,0.9990907563725517
O0_vs_O3q,A014,12,0.9992752814833865
O0_vs_O3q,A014,13,0.9991547855746581
O0_vs_O3q,A014,14,0.9993966147897893
O0_vs_O3q,A014,15,0.9990624585161177
O0_vs_O3q,A014,16,0.999011434732015
O0_vs_O3q,A014,17,0.9988542644200623
O0_vs_O3q,A014,18,0.9989103067585865
O0_vs_O3q,A014,19,0.9986837179209731
O0_vs_O3q,A014,20,0.9979337989713672
O0_vs_O3q,A014,21,0.9983438298153974
O0_vs_O3q,A014,22,0.9989520338270594
O0_vs_O3q,A014,23,0.9982745813809648
O0_vs_O3q,A014,24,0.9991217783673475
O0_vs_O3q,A015,0,0.963293790277183
O0_vs_O3q,A015,1,0.9966942688230616
O0_vs_O3q,A015,2,0.9986995313619561
O0_vs_O3q,A015,3,0.9993386568900359
O0_vs_O3q,A015,4,0.9992717839801301
O0_vs_O3q,A015,5,0.9989658577823483
O0_vs_O3q,A015,6,0.9993482248498299
O0_vs_O3q,A015,7,0.9995238433676443
O0_vs_O3q,A015,8,0.9991352502692895
O0_vs_O3q,A015,9,0.9989073191708541
O0_vs_O3q,A015,10,0.9987892327921116
O0_vs_O3q,A015,11,0.9984356740920783
O0_vs_O3q,A015,12,0.9992563060447445
O0_vs_O3q,A015,13,0.9989798521410639
O0_vs_O3q,A015,14,0.9988166492706636
O0_vs_O3q,A015,15,0.9991116760632944
O0_vs_O3q,A015,16,0.9988061618956358
O0_vs_O3q,A015,17,0.9986321060480972
O0_vs_O3q,A015,18,0.9980495841363001
O0_vs_O3q,A015,19,0.9983116397842366
O0_vs_O3q,A015,20,0.9983880182807822
O0_vs_O3q,A015,21,0.9981858276456019
O0_vs_O3q,A015,22,0.9989610155063834
O0_vs_O3q,A016,0,0.963293790277183
O0_vs_O3q,A016,1,0.9966942688230616
O0_vs_O3q,A016,2,0.9986995313619561
O0_vs_O3q,A016,3,0.9993386568900359
O0_vs_O3q,A016,4,0.9989663382818139
O0_vs_O3q,A016,5,0.9990634530004688
O0_vs_O3q,A016,6,0.9991421876292403
O0_vs_O3q,A016,7,0.9991010013120437
O0_vs_O3q,A016,8,0.998958840973412
O0_vs_O3q,A016,9,0.9990371574455198
O0_vs_O3q,A016,10,0.9988066966493814
O0_vs_O3q,A016,11,0.9988832122432967
O0_vs_O3q,A016,12,0.9987165688746283
O0_vs_O3q,A016,13,0.999012501028271
O0_vs_O3q,A016,14,0.9989232573435121
O0_vs_O3q,A016,15,0.9992156931939071
O0_vs_O3q,A016,16,0.9989823921834862
O0_vs_O3q,A016,17,0.9992407030900516
O0_vs_O3q,A016,18,0.9989390770336504
O0_vs_O3q,A016,19,0.9986339654435945
O0_vs_O3q,A016,20,0.997973583653014
O0_vs_O3q,A016,21,0.998543271618682
O0_vs_O3q,A016,22,0.9987155784331496
O0_vs_O3q,A016,23,0.9983428841125828
O0_vs_O3q,A016,24,0.9988671966961411
O0_vs_O3q,A017,0,0.963293790277183
O0_vs_O3q,A017,1,0.9966942688230616
O0_vs_O3q,A017,2,0.9986995313619561
O0_vs_O3q,A017,3,0.9993386568900359
O0_vs_O3q,A017,4,0.9993949849258305
O0_vs_O3q,A017,5,0.9992623327256287
O0_vs_O3q,A017,6,0.9993333568964246
O0_vs_O3q,A017,7,0.9994712823670536
O0_vs_O3q,A017,8,0.9992153742761819
O0_vs_O3q,A017,9,0.9990589509040424
O0_vs_O3q,A017,10,0.9988410454206812
O0_vs_O3q,A017,11,0.9990003537904679
O0_vs_O3q,A017,12,0.9988564061971978
O0_vs_O3q,A017,13,0.9989982792545479
O0_vs_O3q,A017,14,0.999223222178421
O0_vs_O3q,A017,15,0.9987126424327526
O0_vs_O3q,A017,16,0.9988717245722577
O0_vs_O3q,A017,17,0.9979534571483645
O0_vs_O3q,A017,18,0.9985056704824355
O0_vs_O3q,A017,19,0.9991147375854436
O0_vs_O3q,A017,20,0.9982969626017308
O0_vs_O3q,A017,21,0.9992888070000941
O0_vs_O3q,A018,0,0.963293790277183
O0_vs_O3q,A018,1,0.9966942688230616
O0_vs_O3q,A018,2,0.9986995313619561
O0_vs_O3q,A018,3,0.9993386568900359
O0_vs_O3q,A018,4,0.999186947577134
O0_vs_O3q,A018,5,0.9990017765256576
O0_vs_O3q,A018,6,0.9991717026165466
O0_vs_O3q,A018,7,0.9993762812353676
O0_vs_O3q,A018,8,0.9991215221093698
O0_vs_O3q,A018,9,0.9991325593715864
O0_vs_O3q,A018,10,0.9990831170540482
O0_vs_O3q,A018,11,0.9987788167958844
O0_vs_O3q,A018,12,0.9987875262540041
O0_vs_O3q,A018,13,0.998979071957913
O0_vs_O3q,A018,14,0.99872564232184
O0_vs_O3q,A018,15,0.9985987467431982
O0_vs_O3q,A018,16,0.9979116384260526
O0_vs_O3q,A018,17,0.9985306952190801
O0_vs_O3q,A018,18,0.9980364926950672
O0_vs_O3q,A018,19,0.9981657968551026
O0_vs_O3q,A018,20,0.9991171459865369
O0_vs_O3q,A019,0,0.963293790277183
O0_vs_O3q,A019,1,0.9966942688230616
O0_vs_O3q,A019,2,0.9986995313619561
O0_vs_O3q,A019,3,0.9993386568900359
O0_vs_O3q,A019,4,0.9993595022210624
O0_vs_O3q,A019,5,0.9989875237223652
O0_vs_O3q,A019,6,0.9992541379661171
O0_vs_O3q,A019,7,0.9994851780214957
O0_vs_O3q,A019,8,0.9989747366894108
O0_vs_O3q,A019,9,0.9989998933385318
O0_vs_O3q,A019,10,0.9990032027327297
O0_vs_O3q,A019,11,0.9987749420942784
O0_vs_O3q,A019,12,0.9993281139792936
O0_vs_O3q,A019,13,0.9986333828618523
O0_vs_O3q,A019,14,0.99901252147725
O0_vs_O3q,A019,15,0.998442529385241
O0_vs_O3q,A019,16,0.9988824401466072
O0_vs_O3q,A019,17,0.9986280232538866
O0_vs_O3q,A019,18,0.9987349761686607
O0_vs_O3q,A019,19,0.9980014038535937
O0_vs_O3q,A019,20,0.9983577614879943
O0_vs_O3q,A019,21,0.9990940242205736
O0_vs_O3q,A019,22,0.9982774957329442
O0_vs_O3q,A019,23,0.9990050464243004
O0_vs_O3q,A020,0,0.963293790277183
O0_vs_O3q,A020,1,0.9966942688230616
O0_vs_O3q,A020,2,0.9986995313619561
O0_vs_O3q,A020,3,0.9993386568900359
O0_vs_O3q,A020,4,0.999393900428904
O0_vs_O3q,A020,5,0.9988816472649316
O0_vs_O3q,A020,6,0.9992440129434833
O0_vs_O3q,A020,7,0.9993698940602934
O0_vs_O3q,A020,8,0.9991732678222913
O0_vs_O3q,A020,9,0.9989379169098163
O0_vs_O3q,A020,10,0.9990634632884169
O0_vs_O3q,A020,11,0.9991688373340434
O0_vs_O3q,A020,12,0.9989317462579923
O0_vs_O3q,A020,13,0.9986185249787066
O0_vs_O3q,A020,14,0.9989898806354445
O0_vs_O3q,A020,15,0.9988914624707182
O0_vs_O3q,A020,16,0.9988398935633918
O0_vs_O3q,A020,17,0.9990113032817228
O0_vs_O3q,A020,18,0.9988353128234315
O0_vs_O3q,A020,19,0.9985603684966007
O0_vs_O3q,A020,20,0.997955712557253
O0_vs_O3q,A020,21,0.9984182744163463
O0_vs_O3q,A020,22,0.9986132215804318
O0_vs_O3q,A020,23,0.9983632459961214
O0_vs_O3q,A020,24,0.9990614563865231
O0_vs_O3q,A021,0,0.963293790277183
O0_vs_O3q,A021,1,0.9966942688230616
O0_vs_O3q,A021,2,0.9986995313619561
O0_vs_O3q,A021,3,0.9993386568900359
O0_vs_O3q,A021,4,0.9993927717613177
O0_vs_O3q,A021,5,0.9990644981960627
O0_vs_O3q,A021,6,0.9986364411576736
O0_vs_O3q,A021,7,0.9993563323789695
O0_vs_O3q,A021,8,0.9993931090877097
O0_vs_O3q,A021,9,0.9990886338567746
O0_vs_O3q,A021,10,0.9993475979923367
O0_vs_O3q,A021,11,0.9993827930264284
O0_vs_O3q,A021,12,0.9990817466628543
O0_vs_O3q,A021,13,0.9988086672515897
O0_vs_O3q,A021,14,0.9989686985336648
O0_vs_O3q,A021,15,0.9989677695401553
O0_vs_O3q,A021,16,0.9990346098155185
O0_vs_O3q,A021,17,0.9990756204757526
O0_vs_O3q,A021,18,0.9990610967999533
O0_vs_O3q,A021,19,0.99883021018468
O0_vs_O3q,A021,20,0.9988173859419398
O0_vs_O3q,A021,21,0.9986111284394144
O0_vs_O3q,A021,22,0.9976988264779783
O0_vs_O3q,A021,23,0.9984959726556818
O0_vs_O3q,A021,24,0.9988111904158129
O0_vs_O3q,A021,25,0.9983925810887918
O0_vs_O3q,A021,26,0.9990027026304655
O0_vs_O3q,A022,0,0.963293790277183
O0_vs_O3q,A022,1,0.9966942688230616
O0_vs_O3q,A022,2,0.9986995313619561
O0_vs_O3q,A022,3,0.9993386568900359
O0_vs_O3q,A022,4,0.9991150666365982
O0_vs_O3q,A022,5,0.9985295887373696
O0_vs_O3q,A022,6,0.9990932654895818
O0_vs_O3q,A022,7,0.9990798242499979
O0_vs_O3q,A022,8,0.9993684001462186
O0_vs_O3q,A022,9,0.9991659352379179
O0_vs_O3q,A022,10,0.9986341956196001
O0_vs_O3q,A022,11,0.9988914016968116
O0_vs_O3q,A022,12,0.998786655063533
O0_vs_O3q,A022,13,0.9989851257552959
O0_vs_O3q,A022,14,0.9990748080960543
O0_vs_O3q,A022,15,0.998540341317634
O0_vs_O3q,A022,16,0.9991209497224606
O0_vs_O3q,A022,17,0.9986990396083699
O0_vs_O3q,A022,18,0.998602827026581
O0_vs_O3q,A022,19,0.9979549075759241
O0_vs_O3q,A022,20,0.9985244871938194
O0_vs_O3q,A022,21,0.9989532494096488
O0_vs_O3q,A022,22,0.9983727752953325
O0_vs_O3q,A022,23,0.9989410734001721
O0_vs_O3q,A023,0,0.963293790277183
O0_vs_O3q,A023,1,0.9966942688230616
O0_vs_O3q,A023,2,0.9986995313619561
O0_vs_O3q,A023,3,0.9993386568900359
O0_vs_O3q,A023,4,0.9990413850102382
O0_vs_O3q,A023,5,0.9992553267092268
O0_vs_O3q,A023,6,0.9993337299434485
O0_vs_O3q,A023,7,0.9988731946489966
O0_vs_O3q,A023,8,0.9987933071345597
O0_vs_O3q,A023,9,0.9990874752047956
O0_vs_O3q,A023,10,0.9992225821530616
O0_vs_O3q,A023,11,0.9989145956759549
O0_vs_O3q,A023,12,0.9986878950982213
O0_vs_O3q,A023,13,0.9984801444218154
O0_vs_O3q,A023,14,0.9983670785521701
O0_vs_O3q,A023,15,0.9986751598499446
O0_vs_O3q,A023,16,0.9979845094578038
O0_vs_O3q,A023,17,0.9986751651965928
O0_vs_O3q,A023,18,0.9988127710003833
O0_vs_O3q,A023,19,0.9981406981742101
O0_vs_O3q,A023,20,0.9991480917572927
O0_vs_O3q,A024,0,0.963293790277183
O0_vs_O3q,A024,1,0.9966942688230616
O0_vs_O3q,A024,2,0.9986995313619561
O0_vs_O3q,A024,3,0.9993386568900359
O0_vs_O3q,A024,4,0.9990160460435576
O0_vs_O3q,A024,5,0.999558863195176
O0_vs_O3q,A024,6,0.9991772535644161
O0_vs_O3q,A024,7,0.9995898916061433
O0_vs_O3q,A024,8,0.9994017400652724
O0_vs_O3q,A024,9,0.9991191987532765
O0_vs_O3q,A024,10,0.9987729879594607
O0_vs_O3q,A024,11,0.9991185585622848
O0_vs_O3q,A024,12,0.9993673890355919
O0_vs_O3q,A024,13,0.9992146212076743
O0_vs_O3q,A024,14,0.9993284113694992
O0_vs_O3q,A024,15,0.9987908430129351
O0_vs_O3q,A024,16,0.9990652472227893
O0_vs_O3q,A024,17,0.9990339589454246
O0_vs_O3q,A024,18,0.999198011866826
O0_vs_O3q,A024,19,0.9991857227410857
O0_vs_O3q,A024,20,0.9987086542254514
O0_vs_O3q,A024,21,0.9987971830267602
O0_vs_O3q,A024,22,0.9977377842856816
O0_vs_O3q,A024,23,0.9985759269909422
O0_vs_O3q,A024,24,0.9989317872900804
O0_vs_O3q,A024,25,0.9983718149875396
O0_vs_O3q,A024,26,0.999010742037709
O0_vs_O3q,A025,0,0.963293790277183
O0_vs_O3q,A025,1,0.9966942688230616
O0_vs_O3q,A025,2,0.9986995313619561
O0_vs_O3q,A025,3,0.9993386568900359
O0_vs_O3q,A025,4,0.9992979292118569
O0_vs_O3q,A025,5,0.9989046040494349
O0_vs_O3q,A025,6,0.9991609895438442
O0_vs_O3q,A025,7,0.9992849942145549
O0_vs_O3q,A025,8,0.9990271063632142
O0_vs_O3q,A025,9,0.9988530163589954
O0_vs_O3q,A025,10,0.9990963964336664
O0_vs_O3q,A025,11,0.998979246986087
O0_vs_O3q,A025,12,0.9987646907857508
O0_vs_O3q,A025,13,0.9991623127635606
O0_vs_O3q,A025,14,0.9992187665455753
O0_vs_O3q,A025,15,0.9987576823050401
O0_vs_O3q,A025,16,0.9985504206074924
O0_vs_O3q,A025,17,0.9979347585498862
O0_vs_O3q,A025,18,0.9985917604113316
O0_vs_O3q,A025,19,0.9989943405372219
O0_vs_O3q,A025,20,0.9980607209329636
O0_vs_O3q,A025,21,0.9991184238238874
O0_vs_O3q,A026,0,0.963293790277183
O0_vs_O3q,A026,1,0.9966942688230616
O0_vs_O3q,A026,2,0.9986995313619561
O0_vs_O3q,A026,3,0.9993386568900359
O0_vs_O3q,A026,4,0.9989250307058211
O0_vs_O3q,A026,5,0.9986346309043332
O0_vs_O3q,A026,6,0.9992382010955458
O0_vs_O3q,A026,7,0.9987470702545878
O0_vs_O3q,A026,8,0.9990556961363863
O0_vs_O3q,A026,9,0.9991484303057566
O0_vs_O3q,A026,10,0.9988563864570283
O0_vs_O3q,A026,11,0.999063019984893
O0_vs_O3q,A026,12,0.999414815912699
O0_vs_O3q,A026,13,0.9990014057900205
O0_vs_O3q,A026,14,0.9988597552767476
O0_vs_O3q,A026,15,0.9990758391896086
O0_vs_O3q,A026,16,0.9990727038301217
O0_vs_O3q,A026,17,0.9988473313507608
O0_vs_O3q,A026,18,0.9979897874151257
O0_vs_O3q,A026,19,0.9985195093781755
O0_vs_O3q,A026,20,0.9985800139935872
O0_vs_O3q,A026,21,0.9982931140870679
O0_vs_O3q,A026,22,0.999232128512265
O0_vs_O3q,A027,0,0.963293790277183
O0_vs_O3q,A027,1,0.9966942688230616
O0_vs_O3q,A027,2,0.9986995313619561
O0_vs_O3q,A027,3,0.9994294211786197
O0_vs_O3q,A027,4,0.9993091365361488
O0_vs_O3q,A027,5,0.9995388797883595
O0_vs_O3q,A027,6,0.9995478517148169
O0_vs_O3q,A027,7,0.998956401983455
O0_vs_O3q,A027,8,0.9992287239344274
O0_vs_O3q,A027,9,0.9991109561431322
O0_vs_O3q,A027,10,0.9987819718247989
O0_vs_O3q,A027,11,0.9990528681162294
O0_vs_O3q,A027,12,0.9992238780204535
O0_vs_O3q,A027,13,0.9990255690141984
O0_vs_O3q,A027,14,0.9990676850538047
O0_vs_O3q,A027,15,0.9982219227304665
O0_vs_O3q,A027,16,0.9989225646397132
O0_vs_O3q,A027,17,0.9989566936575801
O0_vs_O3q,A027,18,0.9989437355003136
O0_vs_O3q,A027,19,0.9979734194503821
O0_vs_O3q,A027,20,0.9987016979971555
O0_vs_O3q,A027,21,0.9989132784659334
O0_vs_O3q,A027,22,0.9982326427269294
O0_vs_O3q,A027,23,0.9991922251383087
O0_vs_O3q,A028,0,0.963293790277183
O0_vs_O3q,A028,1,0.9966942688230616
O0_vs_O3q,A028,2,0.9986995313619561
O0_vs_O3q,A028,3,0.9993386568900359
O0_vs_O3q,A028,4,0.9991841394307169
O0_vs_O3q,A028,5,0.9980622475768158
O0_vs_O3q,A028,6,0.9988689390038212
O0_vs_O3q,A028,7,0.9993950952706202
O0_vs_O3q,A028,8,0.99921409900503
O0_vs_O3q,A028,9,0.9990649195097601
O0_vs_O3q,A028,10,0.9993929226599956
O0_vs_O3q,A028,11,0.999157612697319
O0_vs_O3q,A028,12,0.999147877173343
O0_vs_O3q,A028,13,0.9991149294784925
O0_vs_O3q,A028,14,0.9989906615614662
O0_vs_O3q,A028,15,0.9986098554654274
O0_vs_O3q,A028,16,0.9979567968563342
O0_vs_O3q,A028,17,0.9985592007276545
O0_vs_O3q,A028,18,0.9986746612051182
O0_vs_O3q,A028,19,0.9982552274110849
O0_vs_O3q,A028,20,0.999036033943044
O0_vs_O3q,A029,0,0.963293790277183
O0_vs_O3q,A029,1,0.9966942688230616
O0_vs_O3q,A029,2,0.9986995313619561
O0_vs_O3q,A029,3,0.9993386568900359
O0_vs_O3q,A029,4,0.9987460939856992
O0_vs_O3q,A029,5,0.9993401189149824
O0_vs_O3q,A029,6,0.9988800784082694
O0_vs_O3q,A029,7,0.9993310589857295
O0_vs_O3q,A029,8,0.9991020107630649
O0_vs_O3q,A029,9,0.9988850920299406
O0_vs_O3q,A029,10,0.9993135609917658
O0_vs_O3q,A029,11,0.9989509760730771
O0_vs_O3q,A029,12,0.998723270235239
O0_vs_O3q,A029,13,0.9989137333051311
O0_vs_O3q,A029,14,0.9988777712344612
O0_vs_O3q,A029,15,0.9989572779698621
O0_vs_O3q,A029,16,0.9988062189787549
O0_vs_O3q,A029,17,0.9988845964459191
O0_vs_O3q,A029,18,0.9987476519083902
O0_vs_O3q,A029,19,0.997928010108732
O0_vs_O3q,A029,20,0.9985096523262991
O0_vs_O3q,A029,21,0.9987700232532893
O0_vs_O3q,A029,22,0.9983774437743858
O0_vs_O3q,A029,23,0.9990530562780277
O0_vs_O3q,A030,0,0.963293790277183
O0_vs_O3q,A030,1,0.9966942688230616
O0_vs_O3q,A030,2,0.9986995313619561
O0_vs_O3q,A030,3,0.9993386568900359
O0_vs_O3q,A030,4,0.9990746396556688
O0_vs_O3q,A030,5,0.9991533583088503
O0_vs_O3q,A030,6,0.999249661842306
O0_vs_O3q,A030,7,0.9992568633529135
O0_vs_O3q,A030,8,0.9989138624894958
O0_vs_O3q,A030,9,0.9993592328804577
O0_vs_O3q,A030,10,0.9990606800931564
O0_vs_O3q,A030,11,0.9989658315604129
O0_vs_O3q,A030,12,0.9993296753179203
O0_vs_O3q,A030,13,0.9992973922336843
O0_vs_O3q,A030,14,0.9988411211586282
O0_vs_O3q,A030,15,0.9986275223005245
O0_vs_O3q,A030,16,0.9979317842602009
O0_vs_O3q,A030,17,0.998640682106254
O0_vs_O3q,A030,18,0.9987191973801329
O0_vs_O3q,A030,19,0.9980700546175494
O0_vs_O3q,A030,20,0.9991274693833931
O0_vs_O3q,A031,0,0.963293790277183
O0_vs_O3q,A031,1,0.9966942688230616
O0_vs_O3q,A031,2,0.9986995313619561
O0_vs_O3q,A031,3,0.9991221675423377
O0_vs_O3q,A031,4,0.9991853562253453
O0_vs_O3q,A031,5,0.9991140475365616
O0_vs_O3q,A031,6,0.9992265962222081
O0_vs_O3q,A031,7,0.9988204984616675
O0_vs_O3q,A031,8,0.9991975702481924
O0_vs_O3q,A031,9,0.9991419547377468
O0_vs_O3q,A031,10,0.9989485358381831
O0_vs_O3q,A031,11,0.9987777260943667
O0_vs_O3q,A031,12,0.998731288463068
O0_vs_O3q,A031,13,0.9985273722430371
O0_vs_O3q,A031,14,0.9979450761791503
O0_vs_O3q,A031,15,0.9984495545850971
O0_vs_O3q,A031,16,0.9985381515986651
O0_vs_O3q,A031,17,0.9985121686547241
O0_vs_O3q,A031,18,0.999119373546781
O0_vs_O3q,A032,0,0.963293790277183
O0_vs_O3q,A032,1,0.9966942688230616
O0_vs_O3q,A032,2,0.9986995313619561
O0_vs_O3q,A032,3,0.9993268414021722
O0_vs_O3q,A032,4,0.9992942498276167
O0_vs_O3q,A032,5,0.9988981999657293
O0_vs_O3q,A032,6,0.9987089781517867
O0_vs_O3q,A032,7,0.9987325385828963
O0_vs_O3q,A032,8,0.999208051575802
O0_vs_O3q,A032,9,0.9990796327271622
O0_vs_O3q,A032,10,0.9989480294334548
O0_vs_O3q,A032,11,0.9986572164033616
O0_vs_O3q,A032,12,0.9981436486325823
O0_vs_O3q,A032,13,0.9983800538603443
O0_vs_O3q,A032,14,0.9985586985017442
O0_vs_O3q,A032,15,0.9983242626587178
O0_vs_O3q,A032,16,0.9989394870266444
O0_vs_O3q,A033,0,0.963293790277183
O0_vs_O3q,A033,1,0.9966942688230616
O0_vs_O3q,A033,2,0.9986995313619561
O0_vs_O3q,A033,3,0.9993979587162575
O0_vs_O3q,A033,4,0.9993139947659836
O0_vs_O3q,A033,5,0.9993094996512816
O0_vs_O3q,A033,6,0.9988766867166927
O0_vs_O3q,A033,7,0.9990753679425598
O0_vs_O3q,A033,8,0.9990426230452545
O0_vs_O3q,A033,9,0.9989820847392555
O0_vs_O3q,A033,10,0.9991583588749329
O0_vs_O3q,A033,11,0.9987426213298584
O0_vs_O3q,A033,12,0.9991145815421288
O0_vs_O3q,A033,13,0.9993123489974929
O0_vs_O3q,A033,14,0.9989415872302282
O0_vs_O3q,A033,15,0.9986647918704298
O0_vs_O3q,A033,16,0.9985675753735654
O0_vs_O3q,A033,17,0.9978484549312773
O0_vs_O3q,A033,18,0.9984246117964123
O0_vs_O3q,A033,19,0.9987385494363491
O0_vs_O3q,A033,20,0.9981851206569871
O0_vs_O3q,A033,21,0.9990846878921843
O0_vs_O3q,A034,0,0.963293790277183
O0_vs_O3q,A034,1,0.9966942688230616
O0_vs_O3q,A034,2,0.9986995313619561
O0_vs_O3q,A034,3,0.9992771772487571
O0_vs_O3q,A034,4,0.9991505607861979
O0_vs_O3q,A034,5,0.9991796510596136
O0_vs_O3q,A034,6,0.9989799740575376
O0_vs_O3q,A034,7,0.9992845760111079
O0_vs_O3q,A034,8,0.99926050922268
O0_vs_O3q,A034,9,0.9989615827865085
O0_vs_O3q,A034,10,0.9986597175213529
O0_vs_O3q,A034,11,0.9989020170721944
O0_vs_O3q,A034,12,0.9987492755492497
O0_vs_O3q,A034,13,0.9980460040865263
O0_vs_O3q,A034,14,0.9985755247550291
O0_vs_O3q,A034,15,0.9986511897681412
O0_vs_O3q,A034,16,0.998388875527832
O0_vs_O3q,A034,17,0.9991326415034224
O0_vs_O3q,A035,0,0.963293790277183
O0_vs_O3q,A035,1,0.9966942688230616
O0_vs_O3q,A035,2,0.9986995313619561
O0_vs_O3q,A035,3,0.9993807350111734
O0_vs_O3q,A035,4,0.9990107406289633
O0_vs_O3q,A035,5,0.9992142736927567
O0_vs_O3q,A035,6,0.998922772609131
O0_vs_O3q,A035,7,0.9990255400995633
O0_vs_O3q,A035,8,0.9987817787881584
O0_vs_O3q,A035,9,0.9988051150859037
O0_vs_O3q,A035,10,0.9989014338212612
O0_vs_O3q,A035,11,0.9981175639660245
O0_vs_O3q,A035,12,0.9980221157201068
O0_vs_O3q,A035,13,0.9985780459022577
O0_vs_O3q,A035,14,0.9980079171908691
O0_vs_O3q,A035,15,0.9990014185214591
O0_vs_O3q,A036,0,0.963293790277183
O0_vs_O3q,A036,1,0.9966942688230616
O0_vs_O3q,A036,2,0.9986995313619561
O0_vs_O3q,A036,3,0.9994567428968759
O0_vs_O3q,A036,4,0.9990523234384957
O0_vs_O3q,A036,5,0.9994879297979603
O0_vs_O3q,A036,6,0.9992229560268606
O0_vs_O3q,A036,7,0.9991273798624231
O0_vs_O3q,A036,8,0.9990638352826223
O0_vs_O3q,A036,9,0.9991877411676896
O0_vs_O3q,A036,10,0.9993733861965415
O0_vs_O3q,A036,11,0.9988263772458862
O0_vs_O3q,A036,12,0.9987049724717039
O0_vs_O3q,A036,13,0.998057225380648
O0_vs_O3q,A036,14,0.9983668531238346
O0_vs_O3q,A036,15,0.9983019460670014
O0_vs_O3q,A036,16,0.9984789166728345
O0_vs_O3q,A036,17,0.9990357539312477
O0_vs_O3q,A037,0,0.963293790277183
O0_vs_O3q,A037,1,0.9966942688230616
O0_vs_O3q,A037,2,0.9986995313619561
O0_vs_O3q,A037,3,0.9992393385709125
O0_vs_O3q,A037,4,0.998845465387254
O0_vs_O3q,A037,5,0.999110509803263
O0_vs_O3q,A037,6,0.9991430228523461
O0_vs_O3q,A037,7,0.9989790769041758
O0_vs_O3q,A037,8,0.9990451443673818
O0_vs_O3q,A037,9,0.9992179770741032
O0_vs_O3q,A037,10,0.9986547562988006
O0_vs_O3q,A037,11,0.9986277940593244
O0_vs_O3q,A037,12,0.9986841524483088
O0_vs_O3q,A037,13,0.9979501941372405
O0_vs_O3q,A037,14,0.9978591199855273
O0_vs_O3q,A037,15,0.9975688307385145
O0_vs_O3q,A037,16,0.9980235051822784
O0_vs_O3q,A037,17,0.9988544079013626
O0_vs_O3q,A038,0,0.963293790277183
O0_vs_O3q,A038,1,0.9966942688230616
O0_vs_O3q,A038,2,0.9986995313619561
O0_vs_O3q,A038,3,0.9993129177495748
O0_vs_O3q,A038,4,0.9994129866825212
O0_vs_O3q,A038,5,0.9993516646582667
O0_vs_O3q,A038,6,0.998928802225753
O0_vs_O3q,A038,7,0.9993576886237766
O0_vs_O3q,A038,8,0.9991698049173585
O0_vs_O3q,A038,9,0.9991138553414488
O0_vs_O3q,A038,10,0.9990794169495175
O0_vs_O3q,A038,11,0.9986721677644096
O0_vs_O3q,A038,12,0.998641717755973
O0_vs_O3q,A038,13,0.9980696075910088
O0_vs_O3q,A038,14,0.9984963654042646
O0_vs_O3q,A038,15,0.9988784380428274
O0_vs_O3q,A038,16,0.9982942559527472
O0_vs_O3q,A038,17,0.9989975926124419
O0_vs_O3q,A039,0,0.963293790277183
O0_vs_O3q,A039,1,0.9966942688230616
O0_vs_O3q,A039,2,0.9986995313619561
O0_vs_O3q,A039,3,0.999199326245466
O0_vs_O3q,A039,4,0.9992710050143772
O0_vs_O3q,A039,5,0.9990985966865108
O0_vs_O3q,A039,6,0.9991958100653576
O0_vs_O3q,A039,7,0.9991910985104508
O0_vs_O3q,A039,8,0.9992288669478305
O0_vs_O3q,A039,9,0.9989336176992192
O0_vs_O3q,A039,10,0.9991987064185329
O0_vs_O3q,A039,11,0.9993355742088419
O0_vs_O3q,A039,12,0.9995341572716958
O0_vs_O3q,A039,13,0.998931259622386
O0_vs_O3q,A039,14,0.9986998109669556
O0_vs_O3q,A039,15,0.998048293335079
O0_vs_O3q,A039,16,0.9978504734129123
O0_vs_O3q,A039,17,0.9985437134662615
O0_vs_O3q,A039,18,0.9983984247110512
O0_vs_O3q,A039,19,0.9992391582262565
O0_vs_O3q,A040,0,0.963293790277183
O0_vs_O3q,A040,1,0.9966942688230616
O0_vs_O3q,A040,2,0.9986995313619561
O0_vs_O3q,A040,3,0.9993472374277771
O0_vs_O3q,A040,4,0.9992300781786383
O0_vs_O3q,A040,5,0.9992107378431115
O0_vs_O3q,A040,6,0.999055033875666
O0_vs_O3q,A040,7,0.9987862133628072
O0_vs_O3q,A040,8,0.9988552048773216
O0_vs_O3q,A040,9,0.999058754025964
O0_vs_O3q,A040,10,0.9983713762826448
O0_vs_O3q,A040,11,0.9988543793464905
O0_vs_O3q,A040,12,0.9986488749288459
O0_vs_O3q,A040,13,0.9981022912997728
O0_vs_O3q,A040,14,0.9986187687049921
O0_vs_O3q,A040,15,0.9969406569442714
O0_vs_O3q,A040,16,0.9982182399418678
O0_vs_O3q,A040,17,0.999070574980677
O0_vs_O3q,A041,0,0.963293790277183
O0_vs_O3q,A041,1,0.9966942688230616
O0_vs_O3q,A041,2,0.9986995313619561
O0_vs_O3q,A041,3,0.9993386568900359
O0_vs_O3q,A041,4,0.9994306299620328
O0_vs_O3q,A041,5,0.9992587896031522
O0_vs_O3q,A041,6,0.9992472935887502
O0_vs_O3q,A041,7,0.999382228306761
O0_vs_O3q,A041,8,0.9992871334961687
O0_vs_O3q,A041,9,0.998926061384809
O0_vs_O3q,A041,10,0.9990144563464226
O0_vs_O3q,A041,11,0.999058711926831
O0_vs_O3q,A041,12,0.9994234520024299
O0_vs_O3q,A041,13,0.999006584256877
O0_vs_O3q,A041,14,0.9989702183982808
O0_vs_O3q,A041,15,0.9994016378109529
O0_vs_O3q,A041,16,0.9995176017210347
O0_vs_O3q,A041,17,0.9989978167222365
O0_vs_O3q,A041,18,0.9988769194981219
O0_vs_O3q,A041,19,0.9985849992115818
O0_vs_O3q,A041,20,0.9977570225620211
O0_vs_O3q,A041,21,0.9984376181207448
O0_vs_O3q,A041,22,0.9989521342627489
O0_vs_O3q,A041,23,0.9986504037442506
O0_vs_O3q,A041,24,0.99900919929237
O0_vs_O3q,A042,0,0.963293790277183
O0_vs_O3q,A042,1,0.9966942688230616
O0_vs_O3q,A042,2,0.9986995313619561
O0_vs_O3q,A042,3,0.9992022305958634
O0_vs_O3q,A042,4,0.9993817380439908
O0_vs_O3q,A042,5,0.9992367456604356
O0_vs_O3q,A042,6,0.9994193834633454
O0_vs_O3q,A042,7,0.9995172767846137
O0_vs_O3q,A042,8,0.999106675848228
O0_vs_O3q,A042,9,0.9989752465183745
O0_vs_O3q,A042,10,0.9990950901399409
O0_vs_O3q,A042,11,0.9992523114002041
O0_vs_O3q,A042,12,0.9988636868718686
O0_vs_O3q,A042,13,0.9991160936094824
O0_vs_O3q,A042,14,0.9992565180101495
O0_vs_O3q,A042,15,0.9987462448280143
O0_vs_O3q,A042,16,0.9986823688516473
O0_vs_O3q,A042,17,0.9979218075016723
O0_vs_O3q,A042,18,0.9985080097247753
O0_vs_O3q,A042,19,0.9986652419181001
O0_vs_O3q,A042,20,0.9983710559942413
O0_vs_O3q,A042,21,0.9989589526732041
O0_vs_O3q,A043,0,0.963293790277183
O0_vs_O3q,A043,1,0.9966942688230616
O0_vs_O3q,A043,2,0.9986995313619561
O0_vs_O3q,A043,3,0.9993386568900359
O0_vs_O3q,A043,4,0.9991382608796517
O0_vs_O3q,A043,5,0.9993995091097736
O0_vs_O3q,A043,6,0.9991461567463701
O0_vs_O3q,A043,7,0.9992899553534823
O0_vs_O3q,A043,8,0.9990616431821242
O0_vs_O3q,A043,9,0.9992203938558556
O0_vs_O3q,A043,10,0.9989363478863645
O0_vs_O3q,A043,11,0.9991549054200828
O0_vs_O3q,A043,12,0.9987277827500628
O0_vs_O3q,A043,13,0.9991040173053014
O0_vs_O3q,A043,14,0.9989020547164823
O0_vs_O3q,A043,15,0.9988451243005695
O0_vs_O3q,A043,16,0.9987665087365108
O0_vs_O3q,A043,17,0.9985160590849688
O0_vs_O3q,A043,18,0.9978988597277357
O0_vs_O3q,A043,19,0.9982750132490046
O0_vs_O3q,A043,20,0.9989118865848777
O0_vs_O3q,A043,21,0.9981639263817103
O0_vs_O3q,A043,22,0.9990039229470681
O0_vs_O3q,A044,0,0.963293790277183
O0_vs_O3q,A044,1,0.9966942688230616
O0_vs_O3q,A044,2,0.9986995313619561
O0_vs_O3q,A044,3,0.9992771772487571
O0_vs_O3q,A044,4,0.9992229647670944
O0_vs_O3q,A044,5,0.9990444621122431
O0_vs_O3q,A044,6,0.9991904351020595
O0_vs_O3q,A044,7,0.9991165585177348
O0_vs_O3q,A044,8,0.9985867249595961
O0_vs_O3q,A044,9,0.9991227295206857
O0_vs_O3q,A044,10,0.9988697116216302
O0_vs_O3q,A044,11,0.9987604866110492
O0_vs_O3q,A044,12,0.9986241975146171
O0_vs_O3q,A044,13,0.998112140941935
O0_vs_O3q,A044,14,0.9985569532000649
O0_vs_O3q,A044,15,0.9988462609042748
O0_vs_O3q,A044,16,0.99834997351986
O0_vs_O3q,A044,17,0.9988767739680414
O0_vs_O3q,A045,0,0.963293790277183
O0_vs_O3q,A045,1,0.9966942688230616
O0_vs_O3q,A045,2,0.9986995313619561
O0_vs_O3q,A045,3,0.9993386568900359
O0_vs_O3q,A045,4,0.9992142558948679
O0_vs_O3q,A045,5,0.9994582685675694
O0_vs_O3q,A045,6,0.9993317484864173
O0_vs_O3q,A045,7,0.9989145992810978
O0_vs_O3q,A045,8,0.9992350741951425
O0_vs_O3q,A045,9,0.9993660688817743
O0_vs_O3q,A045,10,0.9990323633848793
O0_vs_O3q,A045,11,0.9990411051391782
O0_vs_O3q,A045,12,0.9987105621125691
O0_vs_O3q,A045,13,0.9988140305844472
O0_vs_O3q,A045,14,0.9979874149997341
O0_vs_O3q,A045,15,0.9984857331646729
O0_vs_O3q,A045,16,0.9989682668836393
O0_vs_O3q,A045,17,0.9981739328261374
O0_vs_O3q,A045,18,0.9990777434321547
O0_vs_O3q,A046,0,0.963293790277183
O0_vs_O3q,A046,1,0.9966942688230616
O0_vs_O3q,A046,2,0.9986995313619561
O0_vs_O3q,A046,3,0.9993386610900551
O0_vs_O3q,A046,4,0.9993614790604151
O0_vs_O3q,A046,5,0.9991356356927862
O0_vs_O3q,A046,6,0.9987851452615726
O0_vs_O3q,A046,7,0.9989238074572957
O0_vs_O3q,A046,8,0.9991316174719101
O0_vs_O3q,A046,9,0.9989157390161075
O0_vs_O3q,A046,10,0.9986871260435888
O0_vs_O3q,A046,11,0.9985336041975801
O0_vs_O3q,A046,12,0.9979527211911308
O0_vs_O3q,A046,13,0.9981865812569426
O0_vs_O3q,A046,14,0.9988381266017196
O0_vs_O3q,A046,15,0.9981707155575514
O0_vs_O3q,A046,16,0.9989493435059945
O0_vs_O3q,A047,0,0.963293790277183
O0_vs_O3q,A047,1,0.9966942688230616
O0_vs_O3q,A047,2,0.9986995313619561
O0_vs_O3q,A047,3,0.9993386568900359
O0_vs_O3q,A047,4,0.9991659477421941
O0_vs_O3q,A047,5,0.9991855107803754
O0_vs_O3q,A047,6,0.9993469596708552
O0_vs_O3q,A047,7,0.9990102739950486
O0_vs_O3q,A047,8,0.9993704544889412
O0_vs_O3q,A047,9,0.9991077519237677
O0_vs_O3q,A047,10,0.9991913546922282
O0_vs_O3q,A047,11,0.9994351043311417
O0_vs_O3q,A047,12,0.999043015337204
O0_vs_O3q,A047,13,0.9985803122234639
O0_vs_O3q,A047,14,0.9980344588959746
O0_vs_O3q,A047,15,0.9984919375390339
O0_vs_O3q,A047,16,0.9983988356766106
O0_vs_O3q,A047,17,0.9982704169520084
O0_vs_O3q,A047,18,0.9990657275256989
O0_vs_O3q,A048,0,0.963293790277183
O0_vs_O3q,A048,1,0.9966942688230616
O0_vs_O3q,A048,2,0.9986995313619561
O0_vs_O3q,A048,3,0.9993386568900359
O0_vs_O3q,A048,4,0.9988331966665338
O0_vs_O3q,A048,5,0.9991960517633397
O0_vs_O3q,A048,6,0.999152998453797
O0_vs_O3q,A048,7,0.9990678538240056
O0_vs_O3q,A048,8,0.9990943125038904
O0_vs_O3q,A048,9,0.998879968276809
O0_vs_O3q,A048,10,0.9992732911311298
O0_vs_O3q,A048,11,0.9991442335483453
O0_vs_O3q,A048,12,0.9989549494772322
O0_vs_O3q,A048,13,0.9986284916156711
O0_vs_O3q,A048,14,0.9986060342305569
O0_vs_O3q,A048,15,0.998117610673217
O0_vs_O3q,A048,16,0.9984944474736299
O0_vs_O3q,A048,17,0.9988449849991377
O0_vs_O3q,A048,18,0.9983126237598247
O0_vs_O3q,A048,19,0.9990070219713046
O0_vs_O3q,A049,0,0.963293790277183
O0_vs_O3q,A049,1,0.9966942688230616
O0_vs_O3q,A049,2,0.9986995313619561
O0_vs_O3q,A049,3,0.9993386568900359
O0_vs_O3q,A049,4,0.9989781698491517
O0_vs_O3q,A049,5,0.9986980244316849
O0_vs_O3q,A049,6,0.9983582345532176
O0_vs_O3q,A049,7,0.9987333953349352
O0_vs_O3q,A049,8,0.9991900214820798
O0_vs_O3q,A049,9,0.9993748509518824
O0_vs_O3q,A049,10,0.9993158333705741
O0_vs_O3q,A049,11,0.9991359302963958
O0_vs_O3q,A049,12,0.9986685925996502
O0_vs_O3q,A049,13,0.99901324080633
O0_vs_O3q,A049,14,0.999083332486634
O0_vs_O3q,A049,15,0.9991579028264925
O0_vs_O3q,A049,16,0.9989098876284419
O0_vs_O3q,A049,17,0.9992397682810237
O0_vs_O3q,A049,18,0.998771044295583
O0_vs_O3q,A049,19,0.9985903712977795
O0_vs_O3q,A049,20,0.9978252521273516
O0_vs_O3q,A049,21,0.9983492419655025
O0_vs_O3q,A049,22,0.9987194259803044
O0_vs_O3q,A049,23,0.9982604563654681
O0_vs_O3q,A049,24,0.999041183547876
O0_vs_O3q,A050,0,0.963293790277183
O0_vs_O3q,A050,1,0.9966942688230616
O0_vs_O3q,A050,2,0.9986995313619561
O0_vs_O3q,A050,3,0.9993386568900359
O0_vs_O3q,A050,4,0.9991788638341439
O0_vs_O3q,A050,5,0.9991031470885621
O0_vs_O3q,A050,6,0.9993572704867864
O0_vs_O3q,A050,7,0.9995165470552615
O0_vs_O3q,A050,8,0.9990428158251174
O0_vs_O3q,A050,9,0.999258016947022
O0_vs_O3q,A050,10,0.9992927669762484
O0_vs_O3q,A050,11,0.9992166925435397
O0_vs_O3q,A050,12,0.9990645677402956
O0_vs_O3q,A050,13,0.9990328276714661
O0_vs_O3q,A050,14,0.9985714907136323
O0_vs_O3q,A050,15,0.9987846877971304
O0_vs_O3q,A050,16,0.9980676316643613
O0_vs_O3q,A050,17,0.9986128078305472
O0_vs_O3q,A050,18,0.998305891896667
O0_vs_O3q,A050,19,0.9981246088721862
O0_vs_O3q,A050,20,0.9991365212241411
O0_vs_O3q,A051,0,0.963293790277183
O0_vs_O3q,A051,1,0.9966942688230616
O0_vs_O3q,A051,2,0.9986995313619561
O0_vs_O3q,A051,3,0.9993386568900359
O0_vs_O3q,A051,4,0.999302059625508
O0_vs_O3q,A051,5,0.9994122903587407
O0_vs_O3q,A051,6,0.999040775832046
O0_vs_O3q,A051,7,0.9995121858251549
O0_vs_O3q,A051,8,0.9996419587379323
O0_vs_O3q,A051,9,0.9992802664922016
O0_vs_O3q,A051,10,0.9990682410222739
O0_vs_O3q,A051,11,0.9990146398752175
O0_vs_O3q,A051,12,0.9995001903189108
O0_vs_O3q,A051,13,0.9988636671951345
O0_vs_O3q,A051,14,0.9989738673775416
O0_vs_O3q,A051,15,0.9978574524503421
O0_vs_O3q,A051,16,0.9982400468582295
O0_vs_O3q,A051,17,0.9989974843740137
O0_vs_O3q,A051,18,0.9982713422933631
O0_vs_O3q,A051,19,0.9991971536343007
O0_vs_O3q,A052,0,0.963293790277183
O0_vs_O3q,A052,1,0.9966942688230616
O0_vs_O3q,A052,2,0.9986995313619561
O0_vs_O3q,A052,3,0.9992022305958634
O0_vs_O3q,A052,4,0.9992787955330172
O0_vs_O3q,A052,5,0.998849035034691
O0_vs_O3q,A052,6,0.9995093159820957
O0_vs_O3q,A052,7,0.9991698129994694
O0_vs_O3q,A052,8,0.9993849020716833
O0_vs_O3q,A052,9,0.9991312655845362
O0_vs_O3q,A052,10,0.9993317428168746
O0_vs_O3q,A052,11,0.9984728115444208
O0_vs_O3q,A052,12,0.9990934139418793
O0_vs_O3q,A052,13,0.9994972235089413
O0_vs_O3q,A052,14,0.9991688735054309
O0_vs_O3q,A052,15,0.998963352838532
O0_vs_O3q,A052,16,0.9989902558138389
O0_vs_O3q,A052,17,0.9979222808127384
O0_vs_O3q,A052,18,0.998287316509867
O0_vs_O3q,A052,19,0.9982737467455415
O0_vs_O3q,A052,20,0.998250731915254
O0_vs_O3q,A052,21,0.999208613672038
O0_vs_O3q,A053,0,0.963293790277183
O0_vs_O3q,A053,1,0.9966942688230616
O0_vs_O3q,A053,2,0.9986995313619561
O0_vs_O3q,A053,3,0.9993386568900359
O0_vs_O3q,A053,4,0.9990886006916776
O0_vs_O3q,A053,5,0.9991703522512754
O0_vs_O3q,A053,6,0.999518726771989
O0_vs_O3q,A053,7,0.9996223705137003
O0_vs_O3q,A053,8,0.9992960455421702
O0_vs_O3q,A053,9,0.9990618673774792
O0_vs_O3q,A053,10,0.9990366109856647
O0_vs_O3q,A053,11,0.9992603209992944
O0_vs_O3q,A053,12,0.9992520961453828
O0_vs_O3q,A053,13,0.9990234190679521
O0_vs_O3q,A053,14,0.9988225239939991
O0_vs_O3q,A053,15,0.9986552075065697
O0_vs_O3q,A053,16,0.997954961937007
O0_vs_O3q,A053,17,0.9983784696495759
O0_vs_O3q,A053,18,0.9986448406981719
O0_vs_O3q,A053,19,0.9982953450503791
O0_vs_O3q,A053,20,0.999039787692169
O0_vs_O3q,A054,0,0.963293790277183
O0_vs_O3q,A054,1,0.9966942688230616
O0_vs_O3q,A054,2,0.9986995313619561
O0_vs_O3q,A054,3,0.9993386568900359
O0_vs_O3q,A054,4,0.9993715508824998
O0_vs_O3q,A054,5,0.9993492930366376
O0_vs_O3q,A054,6,0.9995214641541993
O0_vs_O3q,A054,7,0.9996374413419157
O0_vs_O3q,A054,8,0.9995492707161613
O0_vs_O3q,A054,9,0.9994208348885424
O0_vs_O3q,A054,10,0.9993014116035416
O0_vs_O3q,A054,11,0.9992843924177565
O0_vs_O3q,A054,12,0.9990331666433979
O0_vs_O3q,A054,13,0.9993183169145546
O0_vs_O3q,A054,14,0.9993891099289454
O0_vs_O3q,A054,15,0.9990563872128619
O0_vs_O3q,A054,16,0.9989118411098282
O0_vs_O3q,A054,17,0.9989298639942276
O0_vs_O3q,A054,18,0.9979648771825231
O0_vs_O3q,A054,19,0.9984247819587029
O0_vs_O3q,A054,20,0.9991217041045766
O0_vs_O3q,A054,21,0.9983397236174106
O0_vs_O3q,A054,22,0.9994265713023364
O0_vs_O3q,A055,0,0.963293790277183
O0_vs_O3q,A055,1,0.9966942688230616
O0_vs_O3q,A055,2,0.9986995313619561
O0_vs_O3q,A055,3,0.9993386568900359
O0_vs_O3q,A055,4,0.9994265501657049
O0_vs_O3q,A055,5,0.99948303969914
O0_vs_O3q,A055,6,0.9991481961128102
O0_vs_O3q,A055,7,0.999466723510425
O0_vs_O3q,A055,8,0.9996502236770309
O0_vs_O3q,A055,9,0.9994148362743789
O0_vs_O3q,A055,10,0.9990656632656866
O0_vs_O3q,A055,11,0.9992422658927019
O0_vs_O3q,A055,12,0.9992336466440358
O0_vs_O3q,A055,13,0.9991009904554117
O0_vs_O3q,A055,14,0.9990043053204842
O0_vs_O3q,A055,15,0.9987792750196129
O0_vs_O3q,A055,16,0.9977707940049632
O0_vs_O3q,A055,17,0.998261324390832
O0_vs_O3q,A055,18,0.9986497498598755
O0_vs_O3q,A055,19,0.9981411294036363
O0_vs_O3q,A055,20,0.9993555911141555
O0_vs_O3q,A056,0,0.963293790277183
O0_vs_O3q,A056,1,0.9966942688230616
O0_vs_O3q,A056,2,0.9986995313619561
O0_vs_O3q,A056,3,0.9992022305958634
O0_vs_O3q,A056,4,0.9992670099345665
O0_vs_O3q,A056,5,0.9987906934332624
O0_vs_O3q,A056,6,0.9984054962211306
O0_vs_O3q,A056,7,0.9994054152756606
O0_vs_O3q,A056,8,0.9991617562823556
O0_vs_O3q,A056,9,0.9991390112305814
O0_vs_O3q,A056,10,0.9992018636914801
O0_vs_O3q,A056,11,0.999254489549926
O0_vs_O3q,A056,12,0.999174112949876
O0_vs_O3q,A056,13,0.9992869261250926
O0_vs_O3q,A056,14,0.9994003876978312
O0_vs_O3q,A056,15,0.9990114818882843
O0_vs_O3q,A056,16,0.9987976343274617
O0_vs_O3q,A056,17,0.9988150411101968
O0_vs_O3q,A056,18,0.9979836097817307
O0_vs_O3q,A056,19,0.9982680771646455
O0_vs_O3q,A056,20,0.9987131282687748
O0_vs_O3q,A056,21,0.9984014911212261
O0_vs_O3q,A056,22,0.9990234653196911
O0_vs_O3q,A057,0,0.963293790277183
O0_vs_O3q,A057,1,0.9966942688230616
O0_vs_O3q,A057,2,0.9986995313619561
O0_vs_O3q,A057,3,0.9993386568900359
O0_vs_O3q,A057,4,0.999004731903061
O0_vs_O3q,A057,5,0.9984760551545862
O0_vs_O3q,A057,6,0.9990701089936047
O0_vs_O3q,A057,7,0.9987689102412817
O0_vs_O3q,A057,8,0.9988699361802621
O0_vs_O3q,A057,9,0.9994514169501167
O0_vs_O3q,A057,10,0.9994682096902427
O0_vs_O3q,A057,11,0.9993071876572108
O0_vs_O3q,A057,12,0.9989992401191313
O0_vs_O3q,A057,13,0.9986543481539952
O0_vs_O3q,A057,14,0.9982266076393802
O0_vs_O3q,A057,15,0.9985677697721171
O0_vs_O3q,A057,16,0.9985064485170734
O0_vs_O3q,A057,17,0.9984490480188518
O0_vs_O3q,A057,18,0.9993185227355267
O0_vs_O3q,A058,0,0.963293790277183
O0_vs_O3q,A058,1,0.9966942688230616
O0_vs_O3q,A058,2,0.9986995313619561
O0_vs_O3q,A058,3,0.9993386568900359
O0_vs_O3q,A058,4,0.9991862214647615
O0_vs_O3q,A058,5,0.9993781265891994
O0_vs_O3q,A058,6,0.9991049189677329
O0_vs_O3q,A058,7,0.9993437976623882
O0_vs_O3q,A058,8,0.9991705951873483
O0_vs_O3q,A058,9,0.9990657094646238
O0_vs_O3q,A058,10,0.999170458679507
O0_vs_O3q,A058,11,0.9992384638240721
O0_vs_O3q,A058,12,0.9988699840599597
O0_vs_O3q,A058,13,0.9989519677505986
O0_vs_O3q,A058,14,0.9981196925595294
O0_vs_O3q,A058,15,0.9984405362010423
O0_vs_O3q,A058,16,0.9985030533441097
O0_vs_O3q,A058,17,0.9982152057798969
O0_vs_O3q,A058,18,0.9991297074283291
O0_vs_O3q,A059,0,0.963293790277183
O0_vs_O3q,A059,1,0.9966942688230616
O0_vs_O3q,A059,2,0.9986995313619561
O0_vs_O3q,A059,3,0.9993386568900359
O0_vs_O3q,A059,4,0.9992114927378091
O0_vs_O3q,A059,5,0.999312193757486
O0_vs_O3q,A059,6,0.9994259706670306
O0_vs_O3q,A059,7,0.9989960894485274
O0_vs_O3q,A059,8,0.9988548382337307
O0_vs_O3q,A059,9,0.9991714529895999
O0_vs_O3q,A059,10,0.9989978680793113
O0_vs_O3q,A059,11,0.9990361281303185
O0_vs_O3q,A059,12,0.9987986535398167
O0_vs_O3q,A059,13,0.9988500092502458
O0_vs_O3q,A059,14,0.9988627270227395
O0_vs_O3q,A059,15,0.9985617894670601
O0_vs_O3q,A059,16,0.9981632407887295
O0_vs_O3q,A059,17,0.9981425572127762
O0_vs_O3q,A059,18,0.9984073933083284
O0_vs_O3q,A059,19,0.998574189983575
O0_vs_O3q,A059,20,0.9991750606931236
O0_vs_O3q,A060,0,0.963293790277183
O0_vs_O3q,A060,1,0.9966942688230616
O0_vs_O3q,A060,2,0.9986995313619561
O0_vs_O3q,A060,3,0.9992022305958634
O0_vs_O3q,A060,4,0.9992572493395615
O0_vs_O3q,A060,5,0.9989017710248359
O0_vs_O3q,A060,6,0.9995094973227281
O0_vs_O3q,A060,7,0.9989989114904895
O0_vs_O3q,A060,8,0.9993939067198214
O0_vs_O3q,A060,9,0.9993966828452301
O0_vs_O3q,A060,10,0.9993765312581481
O0_vs_O3q,A060,11,0.9990518064956562
O0_vs_O3q,A060,12,0.9992275283420435
O0_vs_O3q,A060,13,0.9988645790507963
O0_vs_O3q,A060,14,0.9987177642330635
O0_vs_O3q,A060,15,0.9982148015460853
O0_vs_O3q,A060,16,0.9983103304951629
O0_vs_O3q,A060,17,0.9989567150722832
O0_vs_O3q,A060,18,0.998178224634753
O0_vs_O3q,A060,19,0.9994201491570904
O0_vs_O3q,A061,0,0.963293790277183
O0_vs_O3q,A061,1,0.9966942688230616
O0_vs_O3q,A061,2,0.9986995313619561
O0_vs_O3q,A061,3,0.9993386568900359
O0_vs_O3q,A061,4,0.999128459496808
O0_vs_O3q,A061,5,0.9988681886992549
O0_vs_O3q,A061,6,0.9994568026889401
O0_vs_O3q,A061,7,0.9990445186980176
O0_vs_O3q,A061,8,0.9990326758826961
O0_vs_O3q,A061,9,0.9990789459214862
O0_vs_O3q,A061,10,0.9993334259159612
O0_vs_O3q,A061,11,0.9994347749773602
O0_vs_O3q,A061,12,0.999141702818876
O0_vs_O3q,A061,13,0.9991447717469825
O0_vs_O3q,A061,14,0.9988954260109036
O0_vs_O3q,A061,15,0.9992143563640635
O0_vs_O3q,A061,16,0.9982284462491746
O0_vs_O3q,A061,17,0.998905179726336
O0_vs_O3q,A061,18,0.9988035364990063
O0_vs_O3q,A061,19,0.9985553953981358
O0_vs_O3q,A061,20,0.9978208252780971
O0_vs_O3q,A061,21,0.9984922492020869
O0_vs_O3q,A061,22,0.9982580336724222
O0_vs_O3q,A061,23,0.9983341435222646
O0_vs_O3q,A061,24,0.9992208911661753
O0_vs_O3q,A062,0,0.963293790277183
O0_vs_O3q,A062,1,0.9966942688230616
O0_vs_O3q,A062,2,0.9986995313619561
O0_vs_O3q,A062,3,0.9993386568900359
O0_vs_O3q,A062,4,0.9992392703944082
O0_vs_O3q,A062,5,0.9995294579841499
O0_vs_O3q,A062,6,0.9994122917004822
O0_vs_O3q,A062,7,0.998630887723326
O0_vs_O3q,A062,8,0.9990968867398531
O0_vs_O3q,A062,9,0.9992442898767131
O0_vs_O3q,A062,10,0.9989112065517719
O0_vs_O3q,A062,11,0.9990202976117496
O0_vs_O3q,A062,12,0.9992498713047964
O0_vs_O3q,A062,13,0.9991988046227711
O0_vs_O3q,A062,14,0.9990786652382181
O0_vs_O3q,A062,15,0.9983642808446694
O0_vs_O3q,A062,16,0.9989224757920885
O0_vs_O3q,A062,17,0.9990697240899408
O0_vs_O3q,A062,18,0.9978982858062658
O0_vs_O3q,A062,19,0.9983851575060845
O0_vs_O3q,A062,20,0.9988268837643742
O0_vs_O3q,A062,21,0.9979260936863729
O0_vs_O3q,A062,22,0.999229977772053
O0_vs_O3q,A063,0,0.963293790277183
O0_vs_O3q,A063,1,0.9966942688230616
O0_vs_O3q,A063,2,0.9986995313619561
O0_vs_O3q,A063,3,0.9993386568900359
O0_vs_O3q,A063,4,0.9991231952541649
O0_vs_O3q,A063,5,0.9984821388308077
O0_vs_O3q,A063,6,0.9990773507250938
O0_vs_O3q,A063,7,0.9990352050101504
O0_vs_O3q,A063,8,0.999056665340847
O0_vs_O3q,A063,9,0.9991054935483747
O0_vs_O3q,A063,10,0.9992658698383408
O0_vs_O3q,A063,11,0.9991113095386274
O0_vs_O3q,A063,12,0.9988862702069032
O0_vs_O3q,A063,13,0.9989524599817822
O0_vs_O3q,A063,14,0.9979696981802476
O0_vs_O3q,A063,15,0.9985442655088854
O0_vs_O3q,A063,16,0.9986941178043913
O0_vs_O3q,A063,17,0.9981144599810899
O0_vs_O3q,A063,18,0.9991808880937886
O0_vs_O3q,A064,0,0.963293790277183
O0_vs_O3q,A064,1,0.9966942688230616
O0_vs_O3q,A064,2,0.9986995313619561
O0_vs_O3q,A064,3,0.9993386610900551
O0_vs_O3q,A064,4,0.9993939005145895
O0_vs_O3q,A064,5,0.999283931160189
O0_vs_O3q,A064,6,0.9992939732899364
O0_vs_O3q,A064,7,0.9992610160409444
O0_vs_O3q,A064,8,0.9993770741934299
O0_vs_O3q,A064,9,0.999008207856087
O0_vs_O3q,A064,10,0.9990385441354809
O0_vs_O3q,A064,11,0.9988407809372508
O0_vs_O3q,A064,12,0.9980961174431862
O0_vs_O3q,A064,13,0.9983067717056693
O0_vs_O3q,A064,14,0.9985284940204364
O0_vs_O3q,A064,15,0.9982256914244896
O0_vs_O3q,A064,16,0.999166720605319
O0_vs_O3q,A065,0,0.963293790277183
O0_vs_O3q,A065,1,0.9966942688230616
O0_vs_O3q,A065,2,0.9986995313619561
O0_vs_O3q,A065,3,0.9993386568900359
O0_vs_O3q,A065,4,0.99925365641074
O0_vs_O3q,A065,5,0.9990854791282239
O0_vs_O3q,A065,6,0.9994327137908321
O0_vs_O3q,A065,7,0.9995279996544745
O0_vs_O3q,A065,8,0.9987878915418137
O0_vs_O3q,A065,9,0.998951639225809
O0_vs_O3q,A065,10,0.9990974529087461
O0_vs_O3q,A065,11,0.9989611447102922
O0_vs_O3q,A065,12,0.9990173550639427
O0_vs_O3q,A065,13,0.9983514924221981
O0_vs_O3q,A065,14,0.9987946271764323
O0_vs_O3q,A065,15,0.998577777957213
O0_vs_O3q,A065,16,0.9978664533353057
O0_vs_O3q,A065,17,0.998381331834959
O0_vs_O3q,A065,18,0.9988388516969212
O0_vs_O3q,A065,19,0.9979428839409885
O0_vs_O3q,A065,20,0.9991708320872859
O0_vs_O3q,A066,0,0.963293790277183
O0_vs_O3q,A066,1,0.9966942688230616
O0_vs_O3q,A066,2,0.9986995313619561
O0_vs_O3q,A066,3,0.9993386568900359
O0_vs_O3q,A066,4,0.9993594944328046
O0_vs_O3q,A066,5,0.9991159514105223
O0_vs_O3q,A066,6,0.9993489872017985
O0_vs_O3q,A066,7,0.9994754444990862
O0_vs_O3q,A066,8,0.9996018937283265
O0_vs_O3q,A066,9,0.9993610466113946
O0_vs_O3q,A066,10,0.9990578598557693
O0_vs_O3q,A066,11,0.9991748298902345
O0_vs_O3q,A066,12,0.9994145593793358
O0_vs_O3q,A066,13,0.9994019773154653
O0_vs_O3q,A066,14,0.9989381384153221
O0_vs_O3q,A066,15,0.9992733306694722
O0_vs_O3q,A066,16,0.9987412900501678
O0_vs_O3q,A066,17,0.998824305636227
O0_vs_O3q,A066,18,0.9979254944633916
O0_vs_O3q,A066,19,0.9984328254619301
O0_vs_O3q,A066,20,0.9986100907984707
O0_vs_O3q,A066,21,0.9982133535243329
O0_vs_O3q,A066,22,0.9991692434772984
O0_vs_O3q,A067,0,0.963293790277183
O0_vs_O3q,A067,1,0.9966942688230616
O0_vs_O3q,A067,2,0.9986995313619561
O0_vs_O3q,A067,3,0.9993386568900359
O0_vs_O3q,A067,4,0.9991568095220468
O0_vs_O3q,A067,5,0.99942194401753
O0_vs_O3q,A067,6,0.999025779059697
O0_vs_O3q,A067,7,0.999520816535982
O0_vs_O3q,A067,8,0.9994958633872951
O0_vs_O3q,A067,9,0.9991200713597653
O0_vs_O3q,A067,10,0.9989327451378665
O0_vs_O3q,A067,11,0.9991083570170556
O0_vs_O3q,A067,12,0.998875730996238
O0_vs_O3q,A067,13,0.9989421640990069
O0_vs_O3q,A067,14,0.9987898926468323
O0_vs_O3q,A067,15,0.9979342583523981
O0_vs_O3q,A067,16,0.998183338411005
O0_vs_O3q,A067,17,0.9988072276912574
O0_vs_O3q,A067,18,0.9979232002806308
O0_vs_O3q,A067,19,0.999153135488947
O0_vs_O3q,A068,0,0.963293790277183
O0_vs_O3q,A068,1,0.9966942688230616
O0_vs_O3q,A068,2,0.9986995313619561
O0_vs_O3q,A068,3,0.9993386568900359
O0_vs_O3q,A068,4,0.9992256919595113
O0_vs_O3q,A068,5,0.9991309397445969
O0_vs_O3q,A068,6,0.9993590616799516
O0_vs_O3q,A068,7,0.9989134703426149
O0_vs_O3q,A068,8,0.998991717533936
O0_vs_O3q,A068,9,0.9988875707208598
O0_vs_O3q,A068,10,0.998935690234078
O0_vs_O3q,A068,11,0.9988538281826623
O0_vs_O3q,A068,12,0.998979953972573
O0_vs_O3q,A068,13,0.9979837970115631
O0_vs_O3q,A068,14,0.9985068975626606
O0_vs_O3q,A068,15,0.9987682565591111
O0_vs_O3q,A068,16,0.9982738401262505
O0_vs_O3q,A068,17,0.9991659646858453
O0_vs_O3q,A069,0,0.963293790277183
O0_vs_O3q,A069,1,0.9966942688230616
O0_vs_O3q,A069,2,0.9986995313619561
O0_vs_O3q,A069,3,0.9993386568900359
O0_vs_O3q,A069,4,0.9993816066981092
O0_vs_O3q,A069,5,0.9993604186983207
O0_vs_O3q,A069,6,0.9989820481635542
O0_vs_O3q,A069,7,0.9995745312996067
O0_vs_O3q,A069,8,0.9990714967707428
O0_vs_O3q,A069,9,0.9991267610099291
O0_vs_O3q,A069,10,0.9989950740765176
O0_vs_O3q,A069,11,0.9989422730352145
O0_vs_O3q,A069,12,0.9989530932970799
O0_vs_O3q,A069,13,0.9989896683118882
O0_vs_O3q,A069,14,0.9987415945930658
O0_vs_O3q,A069,15,0.9979818790583675
O0_vs_O3q,A069,16,0.9981627374577857
O0_vs_O3q,A069,17,0.9988168679690849
O0_vs_O3q,A069,18,0.9979067175812549
O0_vs_O3q,A069,19,0.9990510590028892
O0_vs_O3q,A070,0,0.963293790277183
O0_vs_O3q,A070,1,0.9966942688230616
O0_vs_O3q,A070,2,0.9986995313619561
O0_vs_O3q,A070,3,0.9993386568900359
O0_vs_O3q,A070,4,0.9992957471577756
O0_vs_O3q,A070,5,0.9992663113464068
O0_vs_O3q,A070,6,0.998987616265621
O0_vs_O3q,A070,7,0.9994995954135585
O0_vs_O3q,A070,8,0.9993173695784439
O0_vs_O3q,A070,9,0.9992941654745187
O0_vs_O3q,A070,10,0.9991828096054939
O0_vs_O3q,A070,11,0.999121644625726
O0_vs_O3q,A070,12,0.9988620536483093
O0_vs_O3q,A070,13,0.9981288141487631
O0_vs_O3q,A070,14,0.9983494788141603
O0_vs_O3q,A070,15,0.9988435034423964
O0_vs_O3q,A070,16,0.998100857855477
O0_vs_O3q,A070,17,0.9990502808085663
O0_vs_O3q,A071,0,0.963293790277183
O0_vs_O3q,A071,1,0.9966942688230616
O0_vs_O3q,A071,2,0.9986995313619561
O0_vs_O3q,A071,3,0.9992022305958634
O0_vs_O3q,A071,4,0.9991687408055684
O0_vs_O3q,A071,5,0.9992575648204769
O0_vs_O3q,A071,6,0.9991886049914762
O0_vs_O3q,A071,7,0.9993977030879361
O0_vs_O3q,A071,8,0.9992406758772236
O0_vs_O3q,A071,9,0.9994917082099755
O0_vs_O3q,A071,10,0.9996427157101572
O0_vs_O3q,A071,11,0.9992043063509033
O0_vs_O3q,A071,12,0.9991626083457757
O0_vs_O3q,A071,13,0.9994769529300799
O0_vs_O3q,A071,14,0.9995255385234038
O0_vs_O3q,A071,15,0.9990159368103468
O0_vs_O3q,A071,16,0.9991442790894175
O0_vs_O3q,A071,17,0.999002399294028
O0_vs_O3q,A071,18,0.9991554097481248
O0_vs_O3q,A071,19,0.9989852661565046
O0_vs_O3q,A071,20,0.9988335169932452
O0_vs_O3q,A071,21,0.999235737716202
O0_vs_O3q,A071,22,0.9991869887947507
O0_vs_O3q,A071,23,0.9991470638461689
O0_vs_O3q,A071,24,0.9989541319734484
O0_vs_O3q,A071,25,0.9985889877870534
O0_vs_O3q,A071,26,0.9987905984957174
O0_vs_O3q,A071,27,0.9992189505179491
O0_vs_O3q,A071,28,0.9993093456991267
O0_vs_O3q,A071,29,0.998893396530856
O0_vs_O3q,A071,30,0.9987847119160052
O0_vs_O3q,A071,31,0.9993348066581595
O0_vs_O3q,A071,32,0.9994542247747905
O0_vs_O3q,A071,33,0.9991387871826803
O0_vs_O3q,A071,34,0.9991215354521121
O0_vs_O3q,A071,35,0.9993251728317001
O0_vs_O3q,A071,36,0.9990236383784326
O0_vs_O3q,A071,37,0.9989491943558627
O0_vs_O3q,A071,38,0.998793359524134
O0_vs_O3q,A071,39,0.9991849400187123
O0_vs_O3q,A071,40,0.9991958706368955
O0_vs_O3q,A071,41,0.9990192992968661
O0_vs_O3q,A071,42,0.9987395844854052
O0_vs_O3q,A071,43,0.9988740840854743
O0_vs_O3q,A071,44,0.9992158332918658
O0_vs_O3q,A071,45,0.9990098303218595
O0_vs_O3q,A071,46,0.9993036453106611
O0_vs_O3q,A071,47,0.9992049244425484
O0_vs_O3q,A071,48,0.9989688495142846
O0_vs_O3q,A071,49,0.9990609340613666
O0_vs_O3q,A071,50,0.9991182226367556
O0_vs_O3q,A071,51,0.9988342822252397
O0_vs_O3q,A071,52,0.9985465883320064
O0_vs_O3q,A071,53,0.9991438548659817
O0_vs_O3q,A071,54,0.9988238090956819
O0_vs_O3q,A071,55,0.9987534038346422
O0_vs_O3q,A071,56,0.9989678140935631
O0_vs_O3q,A071,57,0.9976411017535445
O0_vs_O3q,A071,58,0.9988301247631416
O0_vs_O3q,A071,59,0.9988801214278356
O0_vs_O3q,A071,60,0.997873794119166
O0_vs_O3q,A071,61,0.9985305607175535
O0_vs_O3q,A071,62,0.9974424717239062
O0_vs_O3q,A071,63,0.9984431900586856
O0_vs_O3q,A071,64,0.9992907669796971
O0_vs_O3q,A072,0,0.963293790277183
O0_vs_O3q,A072,1,0.9966942688230616
O0_vs_O3q,A072,2,0.9986995313619561
O0_vs_O3q,A072,3,0.9993386568900359
O0_vs_O3q,A072,4,0.9994030961648616
O0_vs_O3q,A072,5,0.9992457202380922
O0_vs_O3q,A072,6,0.9992953343080976
O0_vs_O3q,A072,7,0.9989053090594956
O0_vs_O3q,A072,8,0.9993402488006925
O0_vs_O3q,A072,9,0.9995771817268799
O0_vs_O3q,A072,10,0.9991610784599333
O0_vs_O3q,A072,11,0.9994470147593355
O0_vs_O3q,A072,12,0.999381459228133
O0_vs_O3q,A072,13,0.9991220675424402
O0_vs_O3q,A072,14,0.9990445980683561
O0_vs_O3q,A072,15,0.9991423360745166
O0_vs_O3q,A072,16,0.9991210083118204
O0_vs_O3q,A072,17,0.9991965131242958
O0_vs_O3q,A072,18,0.9992175743190055
O0_vs_O3q,A072,19,0.9993666697554641
O0_vs_O3q,A072,20,0.998813502301232
O0_vs_O3q,A072,21,0.9990991928566255
O0_vs_O3q,A072,22,0.9984084040982077
O0_vs_O3q,A072,23,0.9986756311837378
O0_vs_O3q,A072,24,0.9989065730057743
O0_vs_O3q,A072,25,0.9988607991541548
O0_vs_O3q,A072,26,0.9990560096806442
O0_vs_O3q,A072,27,0.9987437459546296
O0_vs_O3q,A072,28,0.9988550554950967
O0_vs_O3q,A072,29,0.9989212042762711
O0_vs_O3q,A072,30,0.9993060270423894
O0_vs_O3q,A072,31,0.9990174718221111
O0_vs_O3q,A072,32,0.9991112266692428
O0_vs_O3q,A072,33,0.9989027463994145
O0_vs_O3q,A072,34,0.9986330810273298
O0_vs_O3q,A072,35,0.9975728897978702
O0_vs_O3q,A072,36,0.9983593664588952
O0_vs_O3q,A072,37,0.9991509637614705
O0_vs_O3q,A072,38,0.9982695269891546
O0_vs_O3q,A072,39,0.9993209849143103
O0_vs_O3q,A073,0,0.963293790277183
O0_vs_O3q,A073,1,0.9966942688230616
O0_vs_O3q,A073,2,0.9986995313619561
O0_vs_O3q,A073,3,0.9993386568900359
O0_vs_O3q,A073,4,0.9993672407510672
O0_vs_O3q,A073,5,0.9991913842132972
O0_vs_O3q,A073,6,0.99916921071474
O0_vs_O3q,A073,7,0.9990935296444573
O0_vs_O3q,A073,8,0.9988931256048187
O0_vs_O3q,A073,9,0.9993166660134047
O0_vs_O3q,A073,10,0.9989378031624682
O0_vs_O3q,A073,11,0.9992247416694869
O0_vs_O3q,A073,12,0.9993919748852046
O0_vs_O3q,A073,13,0.9993429881571394
O0_vs_O3q,A073,14,0.9988882930482411
O0_vs_O3q,A073,15,0.9989511973058485
O0_vs_O3q,A073,16,0.9989139640458039
O0_vs_O3q,A073,17,0.9987708784824537
O0_vs_O3q,A073,18,0.9989659459023216
O0_vs_O3q,A073,19,0.9992743934195447
O0_vs_O3q,A073,20,0.9990863203125077
O0_vs_O3q,A073,21,0.9990107143318671
O0_vs_O3q,A073,22,0.9991779232854414
O0_vs_O3q,A073,23,0.9989308044356594
O0_vs_O3q,A073,24,0.9989117224674765
O0_vs_O3q,A073,25,0.9984835471402274
O0_vs_O3q,A073,26,0.9990595311917883
O0_vs_O3q,A073,27,0.9990897098825688
O0_vs_O3q,A073,28,0.9989823366865737
O0_vs_O3q,A073,29,0.9990483377131658
O0_vs_O3q,A073,30,0.9987636375365333
O0_vs_O3q,A073,31,0.9988173453130411
O0_vs_O3q,A073,32,0.9990611936650771
O0_vs_O3q,A073,33,0.9990649083409032
O0_vs_O3q,A073,34,0.9989249168872352
O0_vs_O3q,A073,35,0.998950275115684
O0_vs_O3q,A073,36,0.9989605408207554
O0_vs_O3q,A073,37,0.9987315853983642
O0_vs_O3q,A073,38,0.9978089013412859
O0_vs_O3q,A073,39,0.9984573171429316
O0_vs_O3q,A073,40,0.9987875330480694
O0_vs_O3q,A073,41,0.9984443840653152
O0_vs_O3q,A073,42,0.9991328812400195
O0_vs_O3q,A074,0,0.963293790277183
O0_vs_O3q,A074,1,0.9966942688230616
O0_vs_O3q,A074,2,0.9986995313619561
O0_vs_O3q,A074,3,0.9993386568900359
O0_vs_O3q,A074,4,0.9992940844202985
O0_vs_O3q,A074,5,0.999019603271941
O0_vs_O3q,A074,6,0.999250583368789
O0_vs_O3q,A074,7,0.9993141051831752
O0_vs_O3q,A074,8,0.9995646665091792
O0_vs_O3q,A074,9,0.9991915722930444
O0_vs_O3q,A074,10,0.9991248394154668
O0_vs_O3q,A074,11,0.9990506160125491
O0_vs_O3q,A074,12,0.9989086190610161
O0_vs_O3q,A074,13,0.9987879007260764
O0_vs_O3q,A074,14,0.9991121106291344
O0_vs_O3q,A074,15,0.9991622810226432
O0_vs_O3q,A074,16,0.9988033309553181
O0_vs_O3q,A074,17,0.9988082831924286
O0_vs_O3q,A074,18,0.9988871529785035
O0_vs_O3q,A074,19,0.9986222041795483
O0_vs_O3q,A074,20,0.9989281400905001
O0_vs_O3q,A074,21,0.9986928248521115
O0_vs_O3q,A074,22,0.9991627550763653
O0_vs_O3q,A074,23,0.9990778503251677
O0_vs_O3q,A074,24,0.9991663578893057
O0_vs_O3q,A074,25,0.9987568887753346
O0_vs_O3q,A074,26,0.9989787093398009
O0_vs_O3q,A074,27,0.9988319457273398
O0_vs_O3q,A074,28,0.9989926844790814
O0_vs_O3q,A074,29,0.9987836262360719
O0_vs_O3q,A074,30,0.9989175421345705
O0_vs_O3q,A074,31,0.9990633121100418
O0_vs_O3q,A074,32,0.998578695762088
O0_vs_O3q,A074,33,0.9986883022904913
O0_vs_O3q,A074,34,0.9977956524048799
O0_vs_O3q,A074,35,0.9984091381332009
O0_vs_O3q,A074,36,0.9987992494328691
O0_vs_O3q,A074,37,0.9982817380947636
O0_vs_O3q,A074,38,0.9991839209183755
O0_vs_O3q,A075,0,0.963293790277183
O0_vs_O3q,A075,1,0.9966942688230616
O0_vs_O3q,A075,2,0.9986995313619561
O0_vs_O3q,A075,3,0.9992022305958634
O0_vs_O3q,A075,4,0.9990775361097918
O0_vs_O3q,A075,5,0.9991777554926987
O0_vs_O3q,A075,6,0.9990873357755119
O0_vs_O3q,A075,7,0.9995368961761335
O0_vs_O3q,A075,8,0.9996572637168905
O0_vs_O3q,A075,9,0.9993576685840876
O0_vs_O3q,A075,10,0.9992194903245857
O0_vs_O3q,A075,11,0.9991860100669814
O0_vs_O3q,A075,12,0.99902172851509
O0_vs_O3q,A075,13,0.9988385553257495
O0_vs_O3q,A075,14,0.9989995509999164
O0_vs_O3q,A075,15,0.998934727825934
O0_vs_O3q,A075,16,0.9995016529721215
O0_vs_O3q,A075,17,0.9989729765282602
O0_vs_O3q,A075,18,0.9987525083973413
O0_vs_O3q,A075,19,0.9992200189669634
O0_vs_O3q,A075,20,0.9990234853744461
O0_vs_O3q,A075,21,0.9989057840264387
O0_vs_O3q,A075,22,0.9988083383778831
O0_vs_O3q,A075,23,0.9990834317644317
O0_vs_O3q,A075,24,0.998835143518999
O0_vs_O3q,A075,25,0.9988318445140881
O0_vs_O3q,A075,26,0.9989544083066012
O0_vs_O3q,A075,27,0.9990121395569792
O0_vs_O3q,A075,28,0.9991153650245075
O0_vs_O3q,A075,29,0.9993287878355013
O0_vs_O3q,A075,30,0.9991390286732291
O0_vs_O3q,A075,31,0.9988924722389709
O0_vs_O3q,A075,32,0.9988174607435888
O0_vs_O3q,A075,33,0.9975843330823758
O0_vs_O3q,A075,34,0.9982655127833352
O0_vs_O3q,A075,35,0.9987486848345691
O0_vs_O3q,A075,36,0.9982087517338412
O0_vs_O3q,A075,37,0.9991962914462018
O0_vs_O3q,A076,0,0.963293790277183
O0_vs_O3q,A076,1,0.9966942688230616
O0_vs_O3q,A076,2,0.9986995313619561
O0_vs_O3q,A076,3,0.9993386568900359
O0_vs_O3q,A076,4,0.9994634207269135
O0_vs_O3q,A076,5,0.9993782817595142
O0_vs_O3q,A076,6,0.998963354703038
O0_vs_O3q,A076,7,0.9992577616744891
O0_vs_O3q,A076,8,0.9993821273794358
O0_vs_O3q,A076,9,0.9993742909016622
O0_vs_O3q,A076,10,0.9988511176275404
O0_vs_O3q,A076,11,0.9990458231007832
O0_vs_O3q,A076,12,0.998696342654192
O0_vs_O3q,A076,13,0.9985858452597475
O0_vs_O3q,A076,14,0.9981018388557743
O0_vs_O3q,A076,15,0.9989258269268096
O0_vs_O3q,A076,16,0.9988202045084201
O0_vs_O3q,A076,17,0.9985708534440396
O0_vs_O3q,A076,18,0.9991450813529569
O0_vs_O3q,A076,19,0.9993214350672457
O0_vs_O3q,A076,20,0.9991259193338216
O0_vs_O3q,A076,21,0.9991129005258645
O0_vs_O3q,A076,22,0.9990558276310876
O0_vs_O3q,A076,23,0.9989295265851474
O0_vs_O3q,A076,24,0.9991192913367329
O0_vs_O3q,A076,25,0.9992762164432032
O0_vs_O3q,A076,26,0.9990786958555911
O0_vs_O3q,A076,27,0.9993924179026786
O0_vs_O3q,A076,28,0.9990795178406767
O0_vs_O3q,A076,29,0.9985471895148371
O0_vs_O3q,A076,30,0.9989253002295199
O0_vs_O3q,A076,31,0.9991989456637904
O0_vs_O3q,A076,32,0.9986929628590677
O0_vs_O3q,A076,33,0.9987882931519554
O0_vs_O3q,A076,34,0.9979066220678037
O0_vs_O3q,A076,35,0.9984830731096527
O0_vs_O3q,A076,36,0.9988260097049154
O0_vs_O3q,A076,37,0.9982931146888978
O0_vs_O3q,A076,38,0.9990151815198127
O0_vs_O3q,A077,0,0.963293790277183
O0_vs_O3q,A077,1,0.9966942688230616
O0_vs_O3q,A077,2,0.9986995313619561
O0_vs_O3q,A077,3,0.9993386568900359
O0_vs_O3q,A077,4,0.9993657743683149
O0_vs_O3q,A077,5,0.999506816623235
O0_vs_O3q,A077,6,0.9992386918676294
O0_vs_O3q,A077,7,0.9992950391224785
O0_vs_O3q,A077,8,0.9994101998467559
O0_vs_O3q,A077,9,0.9990741149905462
O0_vs_O3q,A077,10,0.9991061413676223
O0_vs_O3q,A077,11,0.9993221240392113
O0_vs_O3q,A077,12,0.99895046028729
O0_vs_O3q,A077,13,0.9992358492833844
O0_vs_O3q,A077,14,0.9992323916790333
O0_vs_O3q,A077,15,0.9991885635145171
O0_vs_O3q,A077,16,0.9991547778608714
O0_vs_O3q,A077,17,0.9989243471408261
O0_vs_O3q,A077,18,0.9990830314855798
O0_vs_O3q,A077,19,0.9988907138472014
O0_vs_O3q,A077,20,0.9992837947309517
O0_vs_O3q,A077,21,0.9993334996982252
O0_vs_O3q,A077,22,0.9988649366878576
O0_vs_O3q,A077,23,0.999169006500026
O0_vs_O3q,A077,24,0.9994680659644273
O0_vs_O3q,A077,25,0.9985701621965802
O0_vs_O3q,A077,26,0.9991609278623693
O0_vs_O3q,A077,27,0.9989742917996745
O0_vs_O3q,A077,28,0.99878374917008
O0_vs_O3q,A077,29,0.9987268661847297
O0_vs_O3q,A077,30,0.9991806086647431
O0_vs_O3q,A077,31,0.9992026422394414
O0_vs_O3q,A077,32,0.9989131645518688
O0_vs_O3q,A077,33,0.99885941971466
O0_vs_O3q,A077,34,0.9978298938729734
O0_vs_O3q,A077,35,0.9984905239917444
O0_vs_O3q,A077,36,0.9986569710517545
O0_vs_O3q,A077,37,0.9981699974664937
O0_vs_O3q,A077,38,0.9991917376046073
O0_vs_O3q,A078,0,0.963293790277183
O0_vs_O3q,A078,1,0.9966942688230616
O0_vs_O3q,A078,2,0.9986995313619561
O0_vs_O3q,A078,3,0.9993386568900359
O0_vs_O3q,A078,4,0.9994030961648616
O0_vs_O3q,A078,5,0.999000704741168
O0_vs_O3q,A078,6,0.9995062590316676
O0_vs_O3q,A078,7,0.9994786494234754
O0_vs_O3q,A078,8,0.9994806671280815
O0_vs_O3q,A078,9,0.9991752735268663
O0_vs_O3q,A078,10,0.9990563854971845
O0_vs_O3q,A078,11,0.9990142446195817
O0_vs_O3q,A078,12,0.99922646606972
O0_vs_O3q,A078,13,0.9988909831675378
O0_vs_O3q,A078,14,0.9990931738912758
O0_vs_O3q,A078,15,0.9991922276578079
O0_vs_O3q,A078,16,0.998878924507066
O0_vs_O3q,A078,17,0.9988921666702881
O0_vs_O3q,A078,18,0.9989710332022286
O0_vs_O3q,A078,19,0.9985376589201159
O0_vs_O3q,A078,20,0.9987029780968878
O0_vs_O3q,A078,21,0.9991533570896696
O0_vs_O3q,A078,22,0.9990065620542654
O0_vs_O3q,A078,23,0.9987707270445194
O0_vs_O3q,A078,24,0.9988800260413692
O0_vs_O3q,A078,25,0.999291573644809
O0_vs_O3q,A078,26,0.999281780057201
O0_vs_O3q,A078,27,0.9991999139416341
O0_vs_O3q,A078,28,0.9991363791072688
O0_vs_O3q,A078,29,0.998795266429317
O0_vs_O3q,A078,30,0.998684913212252
O0_vs_O3q,A078,31,0.997917073335514
O0_vs_O3q,A078,32,0.9983590322361112
O0_vs_O3q,A078,33,0.9984349208840638
O0_vs_O3q,A078,34,0.998466490774858
O0_vs_O3q,A078,35,0.9995793937508239
O0_vs_O3q,A079,0,0.963293790277183
O0_vs_O3q,A079,1,0.9966942688230616
O0_vs_O3q,A079,2,0.9986995313619561
O0_vs_O3q,A079,3,0.9993386568900359
O0_vs_O3q,A079,4,0.9992997417072503
O0_vs_O3q,A079,5,0.9990532636605619
O0_vs_O3q,A079,6,0.9995542203350654
O0_vs_O3q,A079,7,0.9994505305362827
O0_vs_O3q,A079,8,0.9992752191710061
O0_vs_O3q,A079,9,0.9987741310534518
O0_vs_O3q,A079,10,0.9992017844657463
O0_vs_O3q,A079,11,0.9990771345587325
O0_vs_O3q,A079,12,0.9996670212705786
O0_vs_O3q,A079,13,0.9990533494146869
O0_vs_O3q,A079,14,0.9990856587184557
O0_vs_O3q,A079,15,0.9984016070096368
O0_vs_O3q,A079,16,0.9986946704600024
O0_vs_O3q,A079,17,0.9988599932080879
O0_vs_O3q,A079,18,0.9987396247535394
O0_vs_O3q,A079,19,0.9987624237918981
O0_vs_O3q,A079,20,0.9988187460331416
O0_vs_O3q,A079,21,0.9987262583753773
O0_vs_O3q,A079,22,0.998829086901422
O0_vs_O3q,A079,23,0.9992598124347913
O0_vs_O3q,A079,24,0.9990622092158244
O0_vs_O3q,A079,25,0.9992064669260634
O0_vs_O3q,A079,26,0.998889473046927
O0_vs_O3q,A079,27,0.9990257841649002
O0_vs_O3q,A079,28,0.9991650097360952
O0_vs_O3q,A079,29,0.9989084486076202
O0_vs_O3q,A079,30,0.9988692339479931
O0_vs_O3q,A079,31,0.9985963536707879
O0_vs_O3q,A079,32,0.9979229525480756
O0_vs_O3q,A079,33,0.9985050103288048
O0_vs_O3q,A079,34,0.9980120660132041
O0_vs_O3q,A079,35,0.9982784917269857
O0_vs_O3q,A079,36,0.9991362208508427
O0_vs_O3q,A080,0,0.963293790277183
O0_vs_O3q,A080,1,0.9966942688230616
O0_vs_O3q,A080,2,0.9986995313619561
O0_vs_O3q,A080,3,0.9993386568900359
O0_vs_O3q,A080,4,0.9993279843519357
O0_vs_O3q,A080,5,0.9991979849833059
O0_vs_O3q,A080,6,0.9991583022944379
O0_vs_O3q,A080,7,0.9996599317843928
O0_vs_O3q,A080,8,0.9989699928659803
O0_vs_O3q,A080,9,0.9992075879068282
O0_vs_O3q,A080,10,0.999176721912654
O0_vs_O3q,A080,11,0.9992196858716698
O0_vs_O3q,A080,12,0.998754219052297
O0_vs_O3q,A080,13,0.9990084199557776
O0_vs_O3q,A080,14,0.9987240196845852
O0_vs_O3q,A080,15,0.9986033789271251
O0_vs_O3q,A080,16,0.9984819622713585
O0_vs_O3q,A080,17,0.9989426463939657
O0_vs_O3q,A080,18,0.9988122178355865
O0_vs_O3q,A080,19,0.9988201289966375
O0_vs_O3q,A080,20,0.9990030695278653
O0_vs_O3q,A080,21,0.998867395108078
O0_vs_O3q,A080,22,0.9988967104701472
O0_vs_O3q,A080,23,0.9987627829436848
O0_vs_O3q,A080,24,0.9988484414173668
O0_vs_O3q,A080,25,0.9991944143063487
O0_vs_O3q,A080,26,0.9990718884021041
O0_vs_O3q,A080,27,0.9989212266635727
O0_vs_O3q,A080,28,0.9987178148287462
O0_vs_O3q,A080,29,0.9986938133899037
O0_vs_O3q,A080,30,0.9977392966080325
O0_vs_O3q,A080,31,0.9986465477923043
O0_vs_O3q,A080,32,0.9985621968634699
O0_vs_O3q,A080,33,0.9983272027225278
O0_vs_O3q,A080,34,0.9992004077321315
O0_vs_O3q,A081,0,0.963293790277183
O0_vs_O3q,A081,1,0.9966942688230616
O0_vs_O3q,A081,2,0.9986995313619561
O0_vs_O3q,A081,3,0.9993386568900359
O0_vs_O3q,A081,4,0.9993623181753374
O0_vs_O3q,A081,5,0.9992756088460073
O0_vs_O3q,A081,6,0.9989979829203262
O0_vs_O3q,A081,7,0.9994004239850997
O0_vs_O3q,A081,8,0.9992509546071925
O0_vs_O3q,A081,9,0.9990842248182872
O0_vs_O3q,A081,10,0.9995230211863682
O0_vs_O3q,A081,11,0.9993920807197761
O0_vs_O3q,A081,12,0.9989803549051166
O0_vs_O3q,A081,13,0.9993297446261811
O0_vs_O3q,A081,14,0.9990862213837793
O0_vs_O3q,A081,15,0.9990322423681374
O0_vs_O3q,A081,16,0.9993696244460769
O0_vs_O3q,A081,17,0.9991861295415639
O0_vs_O3q,A081,18,0.9990734207840788
O0_vs_O3q,A081,19,0.99909368049879
O0_vs_O3q,A081,20,0.9985900832740847
O0_vs_O3q,A081,21,0.9977265366792596
O0_vs_O3q,A081,22,0.9982335157640375
O0_vs_O3q,A081,23,0.9984560591976818
O0_vs_O3q,A081,24,0.9984289294690079
O0_vs_O3q,A081,25,0.9990071711871504
O0_vs_O3q,A082,0,0.963293790277183
O0_vs_O3q,A082,1,0.9966942688230616
O0_vs_O3q,A082,2,0.9986995313619561
O0_vs_O3q,A082,3,0.9993386568900359
O0_vs_O3q,A082,4,0.9991622912538479
O0_vs_O3q,A082,5,0.9991346471406893
O0_vs_O3q,A082,6,0.9994065247899113
O0_vs_O3q,A082,7,0.999290114085915
O0_vs_O3q,A082,8,0.9997199204567101
O0_vs_O3q,A082,9,0.9998429093760179
O0_vs_O3q,A082,10,0.9995452023971362
O0_vs_O3q,A082,11,0.9996930314914103
O0_vs_O3q,A082,12,0.9990889603713796
O0_vs_O3q,A082,13,0.9991972561712058
O0_vs_O3q,A082,14,0.9995877397212113
O0_vs_O3q,A082,15,0.9991738865787814
O0_vs_O3q,A082,16,0.9990586299531441
O0_vs_O3q,A082,17,0.9992986903973922
O0_vs_O3q,A082,18,0.9993580840163672
O0_vs_O3q,A082,19,0.9990915223685041
O0_vs_O3q,A082,20,0.9989786638942516
O0_vs_O3q,A082,21,0.9985296542573945
O0_vs_O3q,A082,22,0.9978129527576327
O0_vs_O3q,A082,23,0.9982585220271596
O0_vs_O3q,A082,24,0.9987874575890813
O0_vs_O3q,A082,25,0.998464384903102
O0_vs_O3q,A082,26,0.9989992888131766
O0_vs_O3q,A083,0,0.963293790277183
O0_vs_O3q,A083,1,0.9966942688230616
O0_vs_O3q,A083,2,0.9986995313619561
O0_vs_O3q,A083,3,0.9993386568900359
O0_vs_O3q,A083,4,0.9994237324911897
O0_vs_O3q,A083,5,0.9989882159866704
O0_vs_O3q,A083,6,0.9989190204631846
O0_vs_O3q,A083,7,0.9982454709972314
O0_vs_O3q,A083,8,0.9988992271547479
O0_vs_O3q,A083,9,0.9991843775734109
O0_vs_O3q,A083,10,0.9995036741816318
O0_vs_O3q,A083,11,0.99930825070273
O0_vs_O3q,A083,12,0.9995485005307965
O0_vs_O3q,A083,13,0.9992310182956322
O0_vs_O3q,A083,14,0.9992065013296371
O0_vs_O3q,A083,15,0.9988784645635227
O0_vs_O3q,A083,16,0.9992387152187733
O0_vs_O3q,A083,17,0.9990527359443567
O0_vs_O3q,A083,18,0.9987836132277992
O0_vs_O3q,A083,19,0.9991350792512608
O0_vs_O3q,A083,20,0.9987711506122743
O0_vs_O3q,A083,21,0.9986636537348779
O0_vs_O3q,A083,22,0.998451238133789
O0_vs_O3q,A083,23,0.9978754473571664
O0_vs_O3q,A083,24,0.9982418653920632
O0_vs_O3q,A083,25,0.9988036110748165
O0_vs_O3q,A083,26,0.998381625964134
O0_vs_O3q,A083,27,0.999252961853829
O0_vs_O3q,A084,0,0.963293790277183
O0_vs_O3q,A084,1,0.9966942688230616
O0_vs_O3q,A084,2,0.9986995313619561
O0_vs_O3q,A084,3,0.9993386568900359
O0_vs_O3q,A084,4,0.9994634207269135
O0_vs_O3q,A084,5,0.9990926992929174
O0_vs_O3q,A084,6,0.9993362979732424
O0_vs_O3q,A084,7,0.9994898224774295
O0_vs_O3q,A084,8,0.9993047579699088
O0_vs_O3q,A084,9,0.9990188909598904
O0_vs_O3q,A084,10,0.9991514828627757
O0_vs_O3q,A084,11,0.9993347701637483
O0_vs_O3q,A084,12,0.9994493817194392
O0_vs_O3q,A084,13,0.9993154690473276
O0_vs_O3q,A084,14,0.9991016971137496
O0_vs_O3q,A084,15,0.9992690129401397
O0_vs_O3q,A084,16,0.9991889723027356
O0_vs_O3q,A084,17,0.9990860009065637
O0_vs_O3q,A084,18,0.9993006862326073
O0_vs_O3q,A084,19,0.9987431864929301
O0_vs_O3q,A084,20,0.9980412247684949
O0_vs_O3q,A084,21,0.998519544205661
O0_vs_O3q,A084,22,0.998836449217617
O0_vs_O3q,A084,23,0.9984214106499879
O0_vs_O3q,A084,24,0.998946857911267
O0_vs_O3q,A085,0,0.963293790277183
O0_vs_O3q,A085,1,0.9966942688230616
O0_vs_O3q,A085,2,0.9986995313619561
O0_vs_O3q,A085,3,0.9993386568900359
O0_vs_O3q,A085,4,0.9991913290274684
O0_vs_O3q,A085,5,0.9989810202049282
O0_vs_O3q,A085,6,0.9992306508888209
O0_vs_O3q,A085,7,0.9994099744785587
O0_vs_O3q,A085,8,0.9992427153693865
O0_vs_O3q,A085,9,0.9995627134477677
O0_vs_O3q,A085,10,0.9994544196244458
O0_vs_O3q,A085,11,0.9993638691977554
O0_vs_O3q,A085,12,0.9994658235100756
O0_vs_O3q,A085,13,0.9995701427072059
O0_vs_O3q,A085,14,0.9992694339127459
O0_vs_O3q,A085,15,0.999245466288428
O0_vs_O3q,A085,16,0.9994507436253997
O0_vs_O3q,A085,17,0.9993105169350582
O0_vs_O3q,A085,18,0.9993204431048085
O0_vs_O3q,A085,19,0.9986039230904581
O0_vs_O3q,A085,20,0.9980749616059363
O0_vs_O3q,A085,21,0.9982010920426229
O0_vs_O3q,A085,22,0.9989570509527638
O0_vs_O3q,A085,23,0.9987476532847208
O0_vs_O3q,A085,24,0.9994546007229389
O0_vs_O3q,A086,0,0.963293790277183
O0_vs_O3q,A086,1,0.9966942688230616
O0_vs_O3q,A086,2,0.9986995313619561
O0_vs_O3q,A086,3,0.9993386568900359
O0_vs_O3q,A086,4,0.9993171136043046
O0_vs_O3q,A086,5,0.9991106455070095
O0_vs_O3q,A086,6,0.9991114881908427
O0_vs_O3q,A086,7,0.9994904287280203
O0_vs_O3q,A086,8,0.9994901755279306
O0_vs_O3q,A086,9,0.9994724888254893
O0_vs_O3q,A086,10,0.9993535835895918
O0_vs_O3q,A086,11,0.999554674406881
O0_vs_O3q,A086,12,0.9997035547032264
O0_vs_O3q,A086,13,0.999575558046617
O0_vs_O3q,A086,14,0.999475955777616
O0_vs_O3q,A086,15,0.9994448870020686
O0_vs_O3q,A086,16,0.9987448881831545
O0_vs_O3q,A086,17,0.9981457194010697
O0_vs_O3q,A086,18,0.9985186801674439
O0_vs_O3q,A086,19,0.998961624757992
O0_vs_O3q,A086,20,0.9981277082706762
O0_vs_O3q,A086,21,0.9989416691454416
O0_vs_O3q,A087,0,0.963293790277183
O0_vs_O3q,A087,1,0.9966942688230616
O0_vs_O3q,A087,2,0.9986995313619561
O0_vs_O3q,A087,3,0.9993386568900359
O0_vs_O3q,A087,4,0.9992681966376223
O0_vs_O3q,A087,5,0.9990599803101005
O0_vs_O3q,A087,6,0.9993364085850872
O0_vs_O3q,A087,7,0.9990666082829421
O0_vs_O3q,A087,8,0.9988846246007577
O0_vs_O3q,A087,9,0.9985346674305688
O0_vs_O3q,A087,10,0.9992368014807285
O0_vs_O3q,A087,11,0.9990248505538114
O0_vs_O3q,A087,12,0.9991730539803304
O0_vs_O3q,A087,13,0.9990511000916523
O0_vs_O3q,A087,14,0.9994162689423701
O0_vs_O3q,A087,15,0.9992579894537275
O0_vs_O3q,A087,16,0.9985745049003193
O0_vs_O3q,A087,17,0.9979403613685857
O0_vs_O3q,A087,18,0.9983570355277991
O0_vs_O3q,A087,19,0.9981970408340107
O0_vs_O3q,A087,20,0.9982311598531804
O0_vs_O3q,A087,21,0.9990072777007556
O0_vs_O3q,A088,0,0.963293790277183
O0_vs_O3q,A088,1,0.9966942688230616
O0_vs_O3q,A088,2,0.9986995313619561
O0_vs_O3q,A088,3,0.9993386568900359
O0_vs_O3q,A088,4,0.9992436672737054
O0_vs_O3q,A088,5,0.9991253534966275
O0_vs_O3q,A088,6,0.9993808938703147
O0_vs_O3q,A088,7,0.9991067297527787
O0_vs_O3q,A088,8,0.9992339893104939
O0_vs_O3q,A088,9,0.9997252108195267
O0_vs_O3q,A088,10,0.9997145538975647
O0_vs_O3q,A088,11,0.9993220624949886
O0_vs_O3q,A088,12,0.9991696419474753
O0_vs_O3q,A088,13,0.9988151058446323
O0_vs_O3q,A088,14,0.9992137030681267
O0_vs_O3q,A088,15,0.9991543306799747
O0_vs_O3q,A088,16,0.9988978277403138
O0_vs_O3q,A088,17,0.9989234691615594
O0_vs_O3q,A088,18,0.998743337554773
O0_vs_O3q,A088,19,0.9977707184770674
O0_vs_O3q,A088,20,0.9980273173107377
O0_vs_O3q,A088,21,0.9989917851409988
O0_vs_O3q,A088,22,0.998358695080497
O0_vs_O3q,A088,23,0.999230395501803
O0_vs_O3q,A089,0,0.963293790277183
O0_vs_O3q,A089,1,0.9966942688230616
O0_vs_O3q,A089,2,0.9986995313619561
O0_vs_O3q,A089,3,0.9993386568900359
O0_vs_O3q,A089,4,0.9992754625749645
O0_vs_O3q,A089,5,0.999110673996191
O0_vs_O3q,A089,6,0.9993036625356764
O0_vs_O3q,A089,7,0.9990767313132297
O0_vs_O3q,A089,8,0.9991937813648085
O0_vs_O3q,A089,9,0.99901803162535
O0_vs_O3q,A089,10,0.9990070517018038
O0_vs_O3q,A089,11,0.9992293485470234
O0_vs_O3q,A089,12,0.9993597232140012
O0_vs_O3q,A089,13,0.999414190970661
O0_vs_O3q,A089,14,0.9991713199329664
O0_vs_O3q,A089,15,0.9994833739659679
O0_vs_O3q,A089,16,0.9992117446399229
O0_vs_O3q,A089,17,0.9989395303931486
O0_vs_O3q,A089,18,0.9992451543099223
O0_vs_O3q,A089,19,0.9989961182505093
O0_vs_O3q,A089,20,0.9985059565330586
O0_vs_O3q,A089,21,0.997927340667315
O0_vs_O3q,A089,22,0.9981290886186911
O0_vs_O3q,A089,23,0.998782583359634
O0_vs_O3q,A089,24,0.9984160869544985
O0_vs_O3q,A089,25,0.9989761845953757
O0_vs_O3q,A090,0,0.963293790277183
O0_vs_O3q,A090,1,0.9966942688230616
O0_vs_O3q,A090,2,0.9986995313619561
O0_vs_O3q,A090,3,0.9993386568900359
O0_vs_O3q,A090,4,0.9988937929343191
O0_vs_O3q,A090,5,0.9988880659401662
O0_vs_O3q,A090,6,0.9992327781519494
O0_vs_O3q,A090,7,0.999180559516959
O0_vs_O3q,A090,8,0.9987731642807606
O0_vs_O3q,A090,9,0.9990288811758051
O0_vs_O3q,A090,10,0.9986352120906654
O0_vs_O3q,A090,11,0.9990781110285856
O0_vs_O3q,A090,12,0.9993797563754225
O0_vs_O3q,A090,13,0.9991921143480228
O0_vs_O3q,A090,14,0.9996296028620962
O0_vs_O3q,A090,15,0.9991496381551938
O0_vs_O3q,A090,16,0.9992557480991566
O0_vs_O3q,A090,17,0.9990861777696662
O0_vs_O3q,A090,18,0.9992811473755133
O0_vs_O3q,A090,19,0.999332554416795
O0_vs_O3q,A090,20,0.9991742057664467
O0_vs_O3q,A090,21,0.999239835722083
O0_vs_O3q,A090,22,0.9991803537476238
O0_vs_O3q,A090,23,0.998592558597502
O0_vs_O3q,A090,24,0.9980513236225949
O0_vs_O3q,A090,25,0.998469128736196
O0_vs_O3q,A090,26,0.9989651585391847
O0_vs_O3q,A090,27,0.9981841756972167
O0_vs_O3q,A090,28,0.9987489561361239
O0_vs_O3q,A091,0,0.963293790277183
O0_vs_O3q,A091,1,0.9966942688230616
O0_vs_O3q,A091,2,0.9986995313619561
O0_vs_O3q,A091,3,0.9995447278362438
O0_vs_O3q,A091,4,0.9992394409852002
O0_vs_O3q,A091,5,0.9992323723986485
O0_vs_O3q,A091,6,0.998712030636489
O0_vs_O3q,A091,7,0.9989490074532439
O0_vs_O3q,A091,8,0.9992379803030365
O0_vs_O3q,A091,9,0.998967320963843
O0_vs_O3q,A091,10,0.9987769334405099
O0_vs_O3q,A091,11,0.9988611610042573
O0_vs_O3q,A091,12,0.9987092724492782
O0_vs_O3q,A091,13,0.999014190545819
O0_vs_O3q,A091,14,0.9983788579531045
O0_vs_O3q,A091,15,0.9989751361369729
O0_vs_O3q,A091,16,0.9984764409911013
O0_vs_O3q,A091,17,0.9978737240612123
O0_vs_O3q,A091,18,0.998181851129087
O0_vs_O3q,A091,19,0.9986512214308235
O0_vs_O3q,A091,20,0.9984781434067518
O0_vs_O3q,A091,21,0.9986516549074097
O0_vs_O3q,A092,0,0.963293790277183
O0_vs_O3q,A092,1,0.9966942688230616
O0_vs_O3q,A092,2,0.9986995313619561
O0_vs_O3q,A092,3,0.9995447278362438
O0_vs_O3q,A092,4,0.9992328971148146
O0_vs_O3q,A092,5,0.9991587134243616
O0_vs_O3q,A092,6,0.9990821093009278
O0_vs_O3q,A092,7,0.9990891080390734
O0_vs_O3q,A092,8,0.9986844055449197
O0_vs_O3q,A092,9,0.9991711754310258
O0_vs_O3q,A092,10,0.9991630191742268
O0_vs_O3q,A092,11,0.999272223741118
O0_vs_O3q,A092,12,0.9992414871644338
O0_vs_O3q,A092,13,0.9990259306004786
O0_vs_O3q,A092,14,0.998873511300066
O0_vs_O3q,A092,15,0.9989167973693706
O0_vs_O3q,A092,16,0.9991614925694429
O0_vs_O3q,A092,17,0.9991199781260143
O0_vs_O3q,A092,18,0.9991894970995745
O0_vs_O3q,A092,19,0.9984575859852733
O0_vs_O3q,A092,20,0.9988645843674004
O0_vs_O3q,A092,21,0.9985068025767083
O0_vs_O3q,A092,22,0.9988041348159642
O0_vs_O3q,A092,23,0.998910262640241
O0_vs_O3q,A092,24,0.9993430083529672
O0_vs_O3q,A092,25,0.999190769170642
O0_vs_O3q,A092,26,0.9989459991624676
O0_vs_O3q,A092,27,0.9991232293907527
O0_vs_O3q,A092,28,0.9984478388745217
O0_vs_O3q,A092,29,0.9977368400424712
O0_vs_O3q,A092,30,0.9981347442305895
O0_vs_O3q,A092,31,0.998184743207073
O0_vs_O3q,A092,32,0.9986427868805458
O0_vs_O3q,A092,33,0.9992153146394648
O0_vs_O3q,A093,0,0.963293790277183
O0_vs_O3q,A093,1,0.9966942688230616
O0_vs_O3q,A093,2,0.9986995313619561
O0_vs_O3q,A093,3,0.9995461186790522
O0_vs_O3q,A093,4,0.9994685738134998
O0_vs_O3q,A093,5,0.9989529128128457
O0_vs_O3q,A093,6,0.9988059578245965
O0_vs_O3q,A093,7,0.9993018531208957
O0_vs_O3q,A093,8,0.9994120643103604
O0_vs_O3q,A093,9,0.9994174450028503
O0_vs_O3q,A093,10,0.9991323044532792
O0_vs_O3q,A093,11,0.9994634021661164
O0_vs_O3q,A093,12,0.9991427426261064
O0_vs_O3q,A093,13,0.9989403179016895
O0_vs_O3q,A093,14,0.9992234028831518
O0_vs_O3q,A093,15,0.9990566869299076
O0_vs_O3q,A093,16,0.9988935702211297
O0_vs_O3q,A093,17,0.9985850754678334
O0_vs_O3q,A093,18,0.9979199312638366
O0_vs_O3q,A093,19,0.9982552978832714
O0_vs_O3q,A093,20,0.9982339138511647
O0_vs_O3q,A093,21,0.9986701937035929
O0_vs_O3q,A093,22,0.9987645069429292
O0_vs_O3q,A094,0,0.963293790277183
O0_vs_O3q,A094,1,0.9966942688230616
O0_vs_O3q,A094,2,0.9986995313619561
O0_vs_O3q,A094,3,0.999578553787828
O0_vs_O3q,A094,4,0.9991687944719823
O0_vs_O3q,A094,5,0.999204483095402
O0_vs_O3q,A094,6,0.9994036739922347
O0_vs_O3q,A094,7,0.9992391528280453
O0_vs_O3q,A094,8,0.9989891919576711
O0_vs_O3q,A094,9,0.9993466820745724
O0_vs_O3q,A094,10,0.9990844897714962
O0_vs_O3q,A094,11,0.9990240208051833
O0_vs_O3q,A094,12,0.9990008076714885
O0_vs_O3q,A094,13,0.9992712813204214
O0_vs_O3q,A094,14,0.999202861094787
O0_vs_O3q,A094,15,0.9991619146298164
O0_vs_O3q,A094,16,0.999228761178079
O0_vs_O3q,A094,17,0.9990592135253545
O0_vs_O3q,A094,18,0.9987878737656739
O0_vs_O3q,A094,19,0.9979357597867168
O0_vs_O3q,A094,20,0.9982315262549166
O0_vs_O3q,A094,21,0.9984352913084339
O0_vs_O3q,A094,22,0.9986704862098267
O0_vs_O3q,A094,23,0.9990121545475776
O0_vs_O3q,A095,0,0.963293790277183
O0_vs_O3q,A095,1,0.9966942688230616
O0_vs_O3q,A095,2,0.9986995313619561
O0_vs_O3q,A095,3,0.9995447278362438
O0_vs_O3q,A095,4,0.9992557948905932
O0_vs_O3q,A095,5,0.9987659993004764
O0_vs_O3q,A095,6,0.9991131388605756
O0_vs_O3q,A095,7,0.9988279320745423
O0_vs_O3q,A095,8,0.9992641055854201
O0_vs_O3q,A095,9,0.9992786274025321
O0_vs_O3q,A095,10,0.9986939964322895
O0_vs_O3q,A095,11,0.9994362310246978
O0_vs_O3q,A095,12,0.9993263959449482
O0_vs_O3q,A095,13,0.9991388178614838
O0_vs_O3q,A095,14,0.9992667484530137
O0_vs_O3q,A095,15,0.9986538644490534
O0_vs_O3q,A095,16,0.9988059584518812
O0_vs_O3q,A095,17,0.9989133082279084
O0_vs_O3q,A095,18,0.9988045535485941
O0_vs_O3q,A095,19,0.9995261978032516
O0_vs_O3q,A095,20,0.9991242117389564
O0_vs_O3q,A095,21,0.9994519175492662
O0_vs_O3q,A095,22,0.998541734710534
O0_vs_O3q,A095,23,0.9984767416993449
O0_vs_O3q,A095,24,0.9991701957771456
O0_vs_O3q,A095,25,0.9988813186773019
O0_vs_O3q,A095,26,0.998828289497256
O0_vs_O3q,A095,27,0.9985630030863448
O0_vs_O3q,A095,28,0.9978380796703935
O0_vs_O3q,A095,29,0.9981614241736775
O0_vs_O3q,A095,30,0.9983312767181092
O0_vs_O3q,A095,31,0.9986594857937399
O0_vs_O3q,A095,32,0.999247919036917
O0_vs_O3q,A096,0,0.963293790277183
O0_vs_O3q,A096,1,0.9966942688230616
O0_vs_O3q,A096,2,0.9986995313619561
O0_vs_O3q,A096,3,0.9995461186790522
O0_vs_O3q,A096,4,0.9993440129741659
O0_vs_O3q,A096,5,0.9992011742749766
O0_vs_O3q,A096,6,0.9993096267125186
O0_vs_O3q,A096,7,0.9988957666274629
O0_vs_O3q,A096,8,0.9991790135495389
O0_vs_O3q,A096,9,0.9989970247287563
O0_vs_O3q,A096,10,0.9993211446388398
O0_vs_O3q,A096,11,0.9994643742218767
O0_vs_O3q,A096,12,0.9992918965516895
O0_vs_O3q,A096,13,0.9990212844715395
O0_vs_O3q,A096,14,0.9988295789020517
O0_vs_O3q,A096,15,0.9990167763983168
O0_vs_O3q,A096,16,0.9989151939340937
O0_vs_O3q,A096,17,0.998701887995988
O0_vs_O3q,A096,18,0.9978913782338977
O0_vs_O3q,A096,19,0.997948149491481
O0_vs_O3q,A096,20,0.9987274542684564
O0_vs_O3q,A096,21,0.9987812164081181
O0_vs_O3q,A096,22,0.999011101641049
O0_vs_O3q,A097,0,0.963293790277183
O0_vs_O3q,A097,1,0.9966942688230616
O0_vs_O3q,A097,2,0.9986995313619561
O0_vs_O3q,A097,3,0.9995447278362438
O0_vs_O3q,A097,4,0.9991285051277928
O0_vs_O3q,A097,5,0.9985523068698196
O0_vs_O3q,A097,6,0.9987947581632013
O0_vs_O3q,A097,7,0.9990953434097232
O0_vs_O3q,A097,8,0.9988949446621375
O0_vs_O3q,A097,9,0.99919753264663
O0_vs_O3q,A097,10,0.9994715814978151
O0_vs_O3q,A097,11,0.9991335975944349
O0_vs_O3q,A097,12,0.9994887506264114
O0_vs_O3q,A097,13,0.999106407662925
O0_vs_O3q,A097,14,0.9987964545737578
O0_vs_O3q,A097,15,0.999249442022535
O0_vs_O3q,A097,16,0.9992373239430854
O0_vs_O3q,A097,17,0.99908475445633
O0_vs_O3q,A097,18,0.9990945147104333
O0_vs_O3q,A097,19,0.9984486649945316
O0_vs_O3q,A097,20,0.9985239441596306
O0_vs_O3q,A097,21,0.9978702555085577
O0_vs_O3q,A097,22,0.9978948103263623
O0_vs_O3q,A097,23,0.998270589315629
O0_vs_O3q,A097,24,0.9986684105769732
O0_vs_O3q,A097,25,0.9992914752828008
O0_vs_O3q,A098,0,0.963293790277183
O0_vs_O3q,A098,1,0.9966942688230616
O0_vs_O3q,A098,2,0.9986995313619561
O0_vs_O3q,A098,3,0.999578553787828
O0_vs_O3q,A098,4,0.9994295692599681
O0_vs_O3q,A098,5,0.9992835528472356
O0_vs_O3q,A098,6,0.9992448469938802
O0_vs_O3q,A098,7,0.9990514918858634
O0_vs_O3q,A098,8,0.999343233933942
O0_vs_O3q,A098,9,0.999221498478054
O0_vs_O3q,A098,10,0.9994089762811131
O0_vs_O3q,A098,11,0.9988871135587539
O0_vs_O3q,A098,12,0.9992457238599227
O0_vs_O3q,A098,13,0.99927102602699
O0_vs_O3q,A098,14,0.9993089448643775
O0_vs_O3q,A098,15,0.9991417362057663
O0_vs_O3q,A098,16,0.99908121050854
O0_vs_O3q,A098,17,0.999150690778358
O0_vs_O3q,A098,18,0.9989560277728429
O0_vs_O3q,A098,19,0.9991904169215702
O0_vs_O3q,A098,20,0.9990306539401672
O0_vs_O3q,A098,21,0.9990679428080586
O0_vs_O3q,A098,22,0.9987605920058834
O0_vs_O3q,A098,23,0.9979391630010782
O0_vs_O3q,A098,24,0.9976248579699525
O0_vs_O3q,A098,25,0.9986916322571371
O0_vs_O3q,A098,26,0.9986824439457168
O0_vs_O3q,A098,27,0.9989544606700103
O0_vs_O3q,A099,0,0.963293790277183
O0_vs_O3q,A099,1,0.9966942688230616
O0_vs_O3q,A099,2,0.9986995313619561
O0_vs_O3q,A099,3,0.9995447278362438
O0_vs_O3q,A099,4,0.9993279526920935
O0_vs_O3q,A099,5,0.9985278712503111
O0_vs_O3q,A099,6,0.9992178697587147
O0_vs_O3q,A099,7,0.9991072234089927
O0_vs_O3q,A099,8,0.9994453837612105
O0_vs_O3q,A099,9,0.999567034648376
O0_vs_O3q,A099,10,0.9988571321249777
O0_vs_O3q,A099,11,0.9990040398889178
O0_vs_O3q,A099,12,0.9990143461727397
O0_vs_O3q,A099,13,0.9990208829583526
O0_vs_O3q,A099,14,0.9988159873814595
O0_vs_O3q,A099,15,0.9987536207458061
O0_vs_O3q,A099,16,0.9988624882098235
O0_vs_O3q,A099,17,0.9988481791132238
O0_vs_O3q,A099,18,0.9992160992509398
O0_vs_O3q,A099,19,0.9988726840836052
O0_vs_O3q,A099,20,0.9982109025378111
O0_vs_O3q,A099,21,0.9978581948294232
O0_vs_O3q,A099,22,0.9986804192256081
O0_vs_O3q,A099,23,0.9986900171087504
O0_vs_O3q,A099,24,0.9980979007279072
O0_vs_O3q,A099,25,0.997890854208993
O0_vs_O3q,A099,26,0.998815132968913
O0_vs_O3q,A099,27,0.9985377108791316
O0_vs_O3q,A099,28,0.9990541184106572
O0_vs_O3q,A100,0,0.963293790277183
O0_vs_O3q,A100,1,0.9966942688230616
O0_vs_O3q,A100,2,0.9986995313619561
O0_vs_O3q,A100,3,0.9995461186790522
O0_vs_O3q,A100,4,0.9992045598976537
O0_vs_O3q,A100,5,0.9989182880076806
O0_vs_O3q,A100,6,0.9995026656771566
O0_vs_O3q,A100,7,0.9994273224065151
O0_vs_O3q,A100,8,0.9990862955829749
O0_vs_O3q,A100,9,0.9991105721182195
O0_vs_O3q,A100,10,0.9989751424630157
O0_vs_O3q,A100,11,0.9991652226300192
O0_vs_O3q,A100,12,0.9988568194944167
O0_vs_O3q,A100,13,0.999235401102564
O0_vs_O3q,A100,14,0.9990251623411641
O0_vs_O3q,A100,15,0.9992907653024519
O0_vs_O3q,A100,16,0.9989748139684442
O0_vs_O3q,A100,17,0.998561226216354
O0_vs_O3q,A100,18,0.9978746849894027
O0_vs_O3q,A100,19,0.9982421248191033
O0_vs_O3q,A100,20,0.9987198545721054
O0_vs_O3q,A100,21,0.9986291295459877
O0_vs_O3q,A100,22,0.9988307802432119
R0_vs_O3q,A001,0,0.8659539816742694
R0_vs_O3q,A001,1,0.9957014440170191
R0_vs_O3q,A001,2,0.9984251679368958
R0_vs_O3q,A001,3,0.9991567045791557
R0_vs_O3q,A001,4,0.9993085213563636
R0_vs_O3q,A001,5,0.9985719729425164
R0_vs_O3q,A001,6,0.9992479879702817
R0_vs_O3q,A001,7,0.9992189305196307
R0_vs_O3q,A001,8,0.9989157805692652
R0_vs_O3q,A001,9,0.9986767079568163
R0_vs_O3q,A001,10,0.9983349627435969
R0_vs_O3q,A001,11,0.9978764868894525
R0_vs_O3q,A001,12,0.9980419174161789
R0_vs_O3q,A001,13,0.9989512533035967
R0_vs_O3q,A001,14,0.9982449180183962
R0_vs_O3q,A001,15,0.9985508749336718
R0_vs_O3q,A002,0,0.8659539816742694
R0_vs_O3q,A002,1,0.9957014440170191
R0_vs_O3q,A002,2,0.9984251679368958
R0_vs_O3q,A002,3,0.9991567045791557
R0_vs_O3q,A002,4,0.9990698517256751
R0_vs_O3q,A002,5,0.9991988976986781
R0_vs_O3q,A002,6,0.9989677448865559
R0_vs_O3q,A002,7,0.99920845582728
R0_vs_O3q,A002,8,0.9990825123722467
R0_vs_O3q,A002,9,0.9988045569226679
R0_vs_O3q,A002,10,0.9986988394164514
R0_vs_O3q,A002,11,0.9983078819390964
R0_vs_O3q,A002,12,0.9976929687825182
R0_vs_O3q,A002,13,0.9981352135349277
R0_vs_O3q,A002,14,0.9988608652683593
R0_vs_O3q,A002,15,0.9978089241689396
R0_vs_O3q,A002,16,0.9989615478277828
R0_vs_O3q,A003,0,0.8659539816742694
R0_vs_O3q,A003,1,0.9957014440170191
R0_vs_O3q,A003,2,0.9984251679368958
R0_vs_O3q,A003,3,0.9991567045791557
R0_vs_O3q,A003,4,0.9986488176235006
R0_vs_O3q,A003,5,0.9990433314969369
R0_vs_O3q,A003,6,0.9992201228700691
R0_vs_O3q,A003,7,0.9992128417296823
R0_vs_O3q,A003,8,0.9991455963063396
R0_vs_O3q,A003,9,0.9986833905282733
R0_vs_O3q,A003,10,0.9985709347924449
R0_vs_O3q,A003,11,0.9979195173039748
R0_vs_O3q,A003,12,0.9979540334456383
R0_vs_O3q,A003,13,0.9987971473494784
R0_vs_O3q,A003,14,0.9980620017320149
R0_vs_O3q,A003,15,0.9986788341592794
R0_vs_O3q,A004,0,0.8659539816742694
R0_vs_O3q,A004,1,0.9957014440170191
R0_vs_O3q,A004,2,0.9984251679368958
R0_vs_O3q,A004,3,0.9991567028461439
R0_vs_O3q,A004,4,0.9989688068456423
R0_vs_O3q,A004,5,0.9990805056694944
R0_vs_O3q,A004,6,0.9991921571047914
R0_vs_O3q,A004,7,0.9990168483425006
R0_vs_O3q,A004,8,0.9988571665337687
R0_vs_O3q,A004,9,0.9991867353912312
R0_vs_O3q,A004,10,0.9991487906113571
R0_vs_O3q,A004,11,0.9987704010280406
R0_vs_O3q,A004,12,0.9982995110864447
R0_vs_O3q,A004,13,0.9975812340279891
R0_vs_O3q,A004,14,0.9980961436070415
R0_vs_O3q,A004,15,0.9982274180208373
R0_vs_O3q,A004,16,0.9979040745148721
R0_vs_O3q,A004,17,0.9987700570671936
R0_vs_O3q,A005,0,0.8659539816742694
R0_vs_O3q,A005,1,0.9957014440170191
R0_vs_O3q,A005,2,0.9984251679368958
R0_vs_O3q,A005,3,0.9991567028461439
R0_vs_O3q,A005,4,0.9993578361443097
R0_vs_O3q,A005,5,0.9992997218434674
R0_vs_O3q,A005,6,0.998910628771998
R0_vs_O3q,A005,7,0.9992429961318012
R0_vs_O3q,A005,8,0.9992068732167572
R0_vs_O3q,A005,9,0.9990185275718175
R0_vs_O3q,A005,10,0.998997466105493
R0_vs_O3q,A005,11,0.9989426684571019
R0_vs_O3q,A005,12,0.9984842690072641
R0_vs_O3q,A005,13,0.9976664123917569
R0_vs_O3q,A005,14,0.9982144142883189
R0_vs_O3q,A005,15,0.9987461976064039
R0_vs_O3q,A005,16,0.9972071264970694
R0_vs_O3q,A005,17,0.9984928799307452
R0_vs_O3q,A006,0,0.8264953220042994
R0_vs_O3q,A006,1,0.9960499076819526
R0_vs_O3q,A006,2,0.9984651799002574
R0_vs_O3q,A006,3,0.9991250108075344
R0_vs_O3q,A006,4,0.9990906678374941
R0_vs_O3q,A006,5,0.9986809993730132
R0_vs_O3q,A006,6,0.9990519596146531
R0_vs_O3q,A006,7,0.9990764007413224
R0_vs_O3q,A006,8,0.9984064636629029
R0_vs_O3q,A006,9,0.9990285705024565
R0_vs_O3q,A006,10,0.9988731355708587
R0_vs_O3q,A006,11,0.9988537925145261
R0_vs_O3q,A006,12,0.9985513141807637
R0_vs_O3q,A006,13,0.9984262446761057
R0_vs_O3q,A006,14,0.9976331383004308
R0_vs_O3q,A006,15,0.9980282016966728
R0_vs_O3q,A006,16,0.9987081004867446
R0_vs_O3q,A006,17,0.9978420642891481
R0_vs_O3q,A006,18,0.9980755528771253
R0_vs_O3q,A007,0,0.8659539816742694
R0_vs_O3q,A007,1,0.9957014440170191
R0_vs_O3q,A007,2,0.9984251679368958
R0_vs_O3q,A007,3,0.9991567045791557
R0_vs_O3q,A007,4,0.9994394919212104
R0_vs_O3q,A007,5,0.9982889267468883
R0_vs_O3q,A007,6,0.9988019743435317
R0_vs_O3q,A007,7,0.9986596164955324
R0_vs_O3q,A007,8,0.9988277862764214
R0_vs_O3q,A007,9,0.9987821300980161
R0_vs_O3q,A007,10,0.9985631929689839
R0_vs_O3q,A007,11,0.9973351532049954
R0_vs_O3q,A007,12,0.998026649496274
R0_vs_O3q,A007,13,0.9980728033527239
R0_vs_O3q,A007,14,0.9977084385206285
R0_vs_O3q,A007,15,0.9985347092292612
R0_vs_O3q,A008,0,0.8659539816742694
R0_vs_O3q,A008,1,0.9957014440170191
R0_vs_O3q,A008,2,0.9984251679368958
R0_vs_O3q,A008,3,0.9991567045791557
R0_vs_O3q,A008,4,0.9992668563192981
R0_vs_O3q,A008,5,0.999116799260718
R0_vs_O3q,A008,6,0.9987171854396972
R0_vs_O3q,A008,7,0.9990224901845535
R0_vs_O3q,A008,8,0.9993536053024961
R0_vs_O3q,A008,9,0.9987518888537411
R0_vs_O3q,A008,10,0.9983899635336864
R0_vs_O3q,A008,11,0.9984623528328449
R0_vs_O3q,A008,12,0.9978678414520157
R0_vs_O3q,A008,13,0.9986297433139347
R0_vs_O3q,A008,14,0.9987398416463554
R0_vs_O3q,A008,15,0.9982917212041027
R0_vs_O3q,A008,16,0.9985267997085135
R0_vs_O3q,A009,0,0.8264953220042994
R0_vs_O3q,A009,1,0.9960499076819526
R0_vs_O3q,A009,2,0.9984651799002574
R0_vs_O3q,A009,3,0.9991250108075344
R0_vs_O3q,A009,4,0.9993165750807181
R0_vs_O3q,A009,5,0.9988945867835737
R0_vs_O3q,A009,6,0.999103881893475
R0_vs_O3q,A009,7,0.9991199476988539
R0_vs_O3q,A009,8,0.999210736688689
R0_vs_O3q,A009,9,0.9989609302384529
R0_vs_O3q,A009,10,0.9992774562374587
R0_vs_O3q,A009,11,0.999371761267181
R0_vs_O3q,A009,12,0.998824441441964
R0_vs_O3q,A009,13,0.9985193672805159
R0_vs_O3q,A009,14,0.9976473602184497
R0_vs_O3q,A009,15,0.9979992839415203
R0_vs_O3q,A009,16,0.9988410624433162
R0_vs_O3q,A009,17,0.9975501524636088
R0_vs_O3q,A009,18,0.9984653358499278
R0_vs_O3q,A010,0,0.8659539816742694
R0_vs_O3q,A010,1,0.9957014440170191
R0_vs_O3q,A010,2,0.9984251679368958
R0_vs_O3q,A010,3,0.9991567045791557
R0_vs_O3q,A010,4,0.9993200175088259
R0_vs_O3q,A010,5,0.9993626693518511
R0_vs_O3q,A010,6,0.999305138885886
R0_vs_O3q,A010,7,0.9990407473332187
R0_vs_O3q,A010,8,0.9992156792066957
R0_vs_O3q,A010,9,0.9989056959065001
R0_vs_O3q,A010,10,0.9988114338182674
R0_vs_O3q,A010,11,0.9984875283744783
R0_vs_O3q,A010,12,0.9980249813822151
R0_vs_O3q,A010,13,0.9980481426487545
R0_vs_O3q,A010,14,0.9986841872938982
R0_vs_O3q,A010,15,0.9979882302273902
R0_vs_O3q,A010,16,0.9984425048028817
R0_vs_O3q,A011,0,0.8264953220042994
R0_vs_O3q,A011,1,0.9960499076819526
R0_vs_O3q,A011,2,0.9984651799002574
R0_vs_O3q,A011,3,0.9991250108075344
R0_vs_O3q,A011,4,0.9990859110173211
R0_vs_O3q,A011,5,0.9987320263444164
R0_vs_O3q,A011,6,0.9990072630695476
R0_vs_O3q,A011,7,0.9992758007502948
R0_vs_O3q,A011,8,0.9989331820578464
R0_vs_O3q,A011,9,0.9986296709562239
R0_vs_O3q,A011,10,0.998851401585698
R0_vs_O3q,A011,11,0.9986115745914347
R0_vs_O3q,A011,12,0.9985515000490265
R0_vs_O3q,A011,13,0.997919063235168
R0_vs_O3q,A011,14,0.9984661138086197
R0_vs_O3q,A011,15,0.9986010117303
R0_vs_O3q,A011,16,0.9986915950848003
R0_vs_O3q,A011,17,0.9990482568056707
R0_vs_O3q,A011,18,0.9987264848147971
R0_vs_O3q,A011,19,0.999087652399336
R0_vs_O3q,A011,20,0.9987445693188906
R0_vs_O3q,A011,21,0.998787033673746
R0_vs_O3q,A011,22,0.9983842994980965
R0_vs_O3q,A011,23,0.9972040612540573
R0_vs_O3q,A011,24,0.9977439067622962
R0_vs_O3q,A011,25,0.9988760988293397
R0_vs_O3q,A011,26,0.9977160510297763
R0_vs_O3q,A011,27,0.9981368728660643
R0_vs_O3q,A012,0,0.8264953220042994
R0_vs_O3q,A012,1,0.9960499076819526
R0_vs_O3q,A012,2,0.9984651799002574
R0_vs_O3q,A012,3,0.9991250108075344
R0_vs_O3q,A012,4,0.9990283778109728
R0_vs_O3q,A012,5,0.99886698687708
R0_vs_O3q,A012,6,0.9991600252618171
R0_vs_O3q,A012,7,0.9989122671544232
R0_vs_O3q,A012,8,0.9992714249005681
R0_vs_O3q,A012,9,0.9993175677763514
R0_vs_O3q,A012,10,0.9989246693078176
R0_vs_O3q,A012,11,0.9989280381979074
R0_vs_O3q,A012,12,0.9986633886967891
R0_vs_O3q,A012,13,0.998351417999363
R0_vs_O3q,A012,14,0.998648429887386
R0_vs_O3q,A012,15,0.9987115860202516
R0_vs_O3q,A012,16,0.9987079173239253
R0_vs_O3q,A012,17,0.998646534687577
R0_vs_O3q,A012,18,0.9988559902669636
R0_vs_O3q,A012,19,0.9990268908189045
R0_vs_O3q,A012,20,0.9982168677517322
R0_vs_O3q,A012,21,0.9983037704282525
R0_vs_O3q,A012,22,0.9973872439313083
R0_vs_O3q,A012,23,0.9985023859102907
R0_vs_O3q,A012,24,0.9985875236249766
R0_vs_O3q,A012,25,0.9973047917420012
R0_vs_O3q,A012,26,0.9989205893834263
R0_vs_O3q,A013,0,0.8264953220042994
R0_vs_O3q,A013,1,0.9960499076819526
R0_vs_O3q,A013,2,0.9984651799002574
R0_vs_O3q,A013,3,0.9991250108075344
R0_vs_O3q,A013,4,0.99914939591077
R0_vs_O3q,A013,5,0.9988180312840864
R0_vs_O3q,A013,6,0.9986231826794669
R0_vs_O3q,A013,7,0.9990088630426135
R0_vs_O3q,A013,8,0.9988079965804466
R0_vs_O3q,A013,9,0.998594324743547
R0_vs_O3q,A013,10,0.9991516024843108
R0_vs_O3q,A013,11,0.9985463327083708
R0_vs_O3q,A013,12,0.9987668749849821
R0_vs_O3q,A013,13,0.9991955099864038
R0_vs_O3q,A013,14,0.9986161978418311
R0_vs_O3q,A013,15,0.9986497317847385
R0_vs_O3q,A013,16,0.9985212343396038
R0_vs_O3q,A013,17,0.9983817862767316
R0_vs_O3q,A013,18,0.9976198856738798
R0_vs_O3q,A013,19,0.998056999310805
R0_vs_O3q,A013,20,0.998697566927262
R0_vs_O3q,A013,21,0.9975258781344806
R0_vs_O3q,A013,22,0.9985908437567732
R0_vs_O3q,A014,0,0.8264953220042994
R0_vs_O3q,A014,1,0.9960499076819526
R0_vs_O3q,A014,2,0.9984651799002574
R0_vs_O3q,A014,3,0.9991250108075344
R0_vs_O3q,A014,4,0.999188351146148
R0_vs_O3q,A014,5,0.9987036918611105
R0_vs_O3q,A014,6,0.9988715626953079
R0_vs_O3q,A014,7,0.9988450091876592
R0_vs_O3q,A014,8,0.9990012924047683
R0_vs_O3q,A014,9,0.9991950955701636
R0_vs_O3q,A014,10,0.9986153954975995
R0_vs_O3q,A014,11,0.9988791773561803
R0_vs_O3q,A014,12,0.9991124551922711
R0_vs_O3q,A014,13,0.9990806723388319
R0_vs_O3q,A014,14,0.9992824101726364
R0_vs_O3q,A014,15,0.9988768318451399
R0_vs_O3q,A014,16,0.9986408882665645
R0_vs_O3q,A014,17,0.9986681116159993
R0_vs_O3q,A014,18,0.9986742813549924
R0_vs_O3q,A014,19,0.9985533421757696
R0_vs_O3q,A014,20,0.9975373978776118
R0_vs_O3q,A014,21,0.9977865302532113
R0_vs_O3q,A014,22,0.9987347412683176
R0_vs_O3q,A014,23,0.9975450304441869
R0_vs_O3q,A014,24,0.99897463055929
R0_vs_O3q,A015,0,0.8264953220042994
R0_vs_O3q,A015,1,0.9960499076819526
R0_vs_O3q,A015,2,0.9984651799002574
R0_vs_O3q,A015,3,0.9991250108075344
R0_vs_O3q,A015,4,0.9992534316706376
R0_vs_O3q,A015,5,0.9989472258292581
R0_vs_O3q,A015,6,0.9992193524729144
R0_vs_O3q,A015,7,0.9994352529053658
R0_vs_O3q,A015,8,0.9988400433103645
R0_vs_O3q,A015,9,0.9985891224476658
R0_vs_O3q,A015,10,0.9985046449433747
R0_vs_O3q,A015,11,0.9974982150489888
R0_vs_O3q,A015,12,0.9989256570728672
R0_vs_O3q,A015,13,0.998762805547098
R0_vs_O3q,A015,14,0.9985064700572529
R0_vs_O3q,A015,15,0.9987156441602468
R0_vs_O3q,A015,16,0.9985386067640275
R0_vs_O3q,A015,17,0.9984690525751552
R0_vs_O3q,A015,18,0.9977259000692966
R0_vs_O3q,A015,19,0.9977244219856884
R0_vs_O3q,A015,20,0.9982947586008185
R0_vs_O3q,A015,21,0.9975562939952766
R0_vs_O3q,A015,22,0.9987156551016092
R0_vs_O3q,A016,0,0.8264953220042994
R0_vs_O3q,A016,1,0.9960499076819526
R0_vs_O3q,A016,2,0.9984651799002574
R0_vs_O3q,A016,3,0.9991250108075344
R0_vs_O3q,A016,4,0.9982698236887363
R0_vs_O3q,A016,5,0.9988944648708172
R0_vs_O3q,A016,6,0.9987102047673858
R0_vs_O3q,A016,7,0.9990675650462479
R0_vs_O3q,A016,8,0.9988410736251806
R0_vs_O3q,A016,9,0.9988602164434682
R0_vs_O3q,A016,10,0.9983541744964105
R0_vs_O3q,A016,11,0.9981608397422805
R0_vs_O3q,A016,12,0.9981552530003769
R0_vs_O3q,A016,13,0.9989095093583638
R0_vs_O3q,A016,14,0.9982571038190826
R0_vs_O3q,A016,15,0.9990808600288746
R0_vs_O3q,A016,16,0.9988137286639001
R0_vs_O3q,A016,17,0.9987970411298627
R0_vs_O3q,A016,18,0.9985017505149426
R0_vs_O3q,A016,19,0.9984373728584496
R0_vs_O3q,A016,20,0.9976272027009984
R0_vs_O3q,A016,21,0.9982705153949891
R0_vs_O3q,A016,22,0.998780279849331
R0_vs_O3q,A016,23,0.996798594139371
R0_vs_O3q,A016,24,0.9985902527450037
R0_vs_O3q,A017,0,0.8264953220042994
R0_vs_O3q,A017,1,0.9960499076819526
R0_vs_O3q,A017,2,0.9984651799002574
R0_vs_O3q,A017,3,0.9991250108075344
R0_vs_O3q,A017,4,0.9993160868483493
R0_vs_O3q,A017,5,0.999163599494462
R0_vs_O3q,A017,6,0.9991689723274705
R0_vs_O3q,A017,7,0.9991863400834632
R0_vs_O3q,A017,8,0.9991518716175777
R0_vs_O3q,A017,9,0.9989263159660937
R0_vs_O3q,A017,10,0.9988410903324298
R0_vs_O3q,A017,11,0.9988900369185413
R0_vs_O3q,A017,12,0.9986955773662742
R0_vs_O3q,A017,13,0.9988047761321582
R0_vs_O3q,A017,14,0.9989112660679036
R0_vs_O3q,A017,15,0.9983654249836208
R0_vs_O3q,A017,16,0.9984219324597052
R0_vs_O3q,A017,17,0.9975666943582352
R0_vs_O3q,A017,18,0.9980703786821725
R0_vs_O3q,A017,19,0.9989696166498465
R0_vs_O3q,A017,20,0.9973804642381916
R0_vs_O3q,A017,21,0.9989796897969593
R0_vs_O3q,A018,0,0.8264953220042994
R0_vs_O3q,A018,1,0.9960499076819526
R0_vs_O3q,A018,2,0.9984651799002574
R0_vs_O3q,A018,3,0.9991250108075344
R0_vs_O3q,A018,4,0.9988968173035916
R0_vs_O3q,A018,5,0.9982703569886315
R0_vs_O3q,A018,6,0.9989800932194786
R0_vs_O3q,A018,7,0.9992803296250682
R0_vs_O3q,A018,8,0.9990313590523989
R0_vs_O3q,A018,9,0.9988660597194369
R0_vs_O3q,A018,10,0.9984503491204384
R0_vs_O3q,A018,11,0.9982891352124962
R0_vs_O3q,A018,12,0.9980670355318617
R0_vs_O3q,A018,13,0.9988997348410273
R0_vs_O3q,A018,14,0.9984438765399842
R0_vs_O3q,A018,15,0.9982609964113666
R0_vs_O3q,A018,16,0.9975916611043765
R0_vs_O3q,A018,17,0.9981372653616982
R0_vs_O3q,A018,18,0.9981005775935062
R0_vs_O3q,A018,19,0.9975125117203397
R0_vs_O3q,A018,20,0.9989564946567315
R0_vs_O3q,A019,0,0.8264953220042994
R0_vs_O3q,A019,1,0.9960499076819526
R0_vs_O3q,A019,2,0.9984651799002574
R0_vs_O3q,A019,3,0.9991250108075344
R0_vs_O3q,A019,4,0.9992587228678317
R0_vs_O3q,A019,5,0.9983608099179718
R0_vs_O3q,A019,6,0.9990943680817148
R0_vs_O3q,A019,7,0.9994472653291491
R0_vs_O3q,A019,8,0.9987426314385048
R0_vs_O3q,A019,9,0.998479297379268
R0_vs_O3q,A019,10,0.9988760432045468
R0_vs_O3q,A019,11,0.997920717624145
R0_vs_O3q,A019,12,0.9990558183093667
R0_vs_O3q,A019,13,0.9982986587462621
R0_vs_O3q,A019,14,0.9985396332319035
R0_vs_O3q,A019,15,0.9979511463975631
R0_vs_O3q,A019,16,0.9987417039386861
R0_vs_O3q,A019,17,0.9980918172481358
R0_vs_O3q,A019,18,0.9985107746903095
R0_vs_O3q,A019,19,0.9972785925071678
R0_vs_O3q,A019,20,0.9981126273310525
R0_vs_O3q,A019,21,0.9989273313813274
R0_vs_O3q,A019,22,0.9978878024902629
R0_vs_O3q,A019,23,0.9989499574957718
R0_vs_O3q,A020,0,0.8264953220042994
R0_vs_O3q,A020,1,0.9960499076819526
R0_vs_O3q,A020,2,0.9984651799002574
R0_vs_O3q,A020,3,0.9991250108075344
R0_vs_O3q,A020,4,0.9993072605975395
R0_vs_O3q,A020,5,0.9986250475710672
R0_vs_O3q,A020,6,0.9990277544620635
R0_vs_O3q,A020,7,0.9991654350962001
R0_vs_O3q,A020,8,0.9984937788302607
R0_vs_O3q,A020,9,0.9988416131570316
R0_vs_O3q,A020,10,0.9988169174021709
R0_vs_O3q,A020,11,0.9990391959000033
R0_vs_O3q,A020,12,0.9983786484761439
R0_vs_O3q,A020,13,0.9983059340025624
R0_vs_O3q,A020,14,0.9984104354946892
R0_vs_O3q,A020,15,0.9987362023147669
R0_vs_O3q,A020,16,0.9987469571627408
R0_vs_O3q,A020,17,0.9986963478190235
R0_vs_O3q,A020,18,0.9986235255134669
R0_vs_O3q,A020,19,0.9984020520128285
R0_vs_O3q,A020,20,0.9976891492864978
R0_vs_O3q,A020,21,0.9979294809906362
R0_vs_O3q,A020,22,0.9985912253095355
R0_vs_O3q,A020,23,0.9978798676380405
R0_vs_O3q,A020,24,0.9987037815126977
R0_vs_O3q,A021,0,0.8264953220042994
R0_vs_O3q,A021,1,0.9960499076819526
R0_vs_O3q,A021,2,0.9984651799002574
R0_vs_O3q,A021,3,0.9991250108075344
R0_vs_O3q,A021,4,0.9992918236384486
R0_vs_O3q,A021,5,0.998842940440251
R0_vs_O3q,A021,6,0.9983511308483886
R0_vs_O3q,A021,7,0.9993181933258464
R0_vs_O3q,A021,8,0.9992251174450183
R0_vs_O3q,A021,9,0.9987841668588338
R0_vs_O3q,A021,10,0.9992686336641329
R0_vs_O3q,A021,11,0.9992589536018605
R0_vs_O3q,A021,12,0.9989332279116361
R0_vs_O3q,A021,13,0.9984564629504499
R0_vs_O3q,A021,14,0.9988395199078197
R0_vs_O3q,A021,15,0.9986234206379119
R0_vs_O3q,A021,16,0.9987871902795693
R0_vs_O3q,A021,17,0.9988989604189176
R0_vs_O3q,A021,18,0.998868919234979
R0_vs_O3q,A021,19,0.9987450298963029
R0_vs_O3q,A021,20,0.9986380666533048
R0_vs_O3q,A021,21,0.9984318762256432
R0_vs_O3q,A021,22,0.9969022543247692
R0_vs_O3q,A021,23,0.9978072732644402
R0_vs_O3q,A021,24,0.998541247041729
R0_vs_O3q,A021,25,0.9981115955546757
R0_vs_O3q,A021,26,0.998468047553807
R0_vs_O3q,A022,0,0.8264953220042994
R0_vs_O3q,A022,1,0.9960499076819526
R0_vs_O3q,A022,2,0.9984651799002574
R0_vs_O3q,A022,3,0.9991250108075344
R0_vs_O3q,A022,4,0.9991057663893398
R0_vs_O3q,A022,5,0.9985625606703128
R0_vs_O3q,A022,6,0.9988095544527787
R0_vs_O3q,A022,7,0.9989877000268542
R0_vs_O3q,A022,8,0.9992959329444152
R0_vs_O3q,A022,9,0.9991305228718853
R0_vs_O3q,A022,10,0.9977995586242081
R0_vs_O3q,A022,11,0.9986024501694946
R0_vs_O3q,A022,12,0.9986064168499519
R0_vs_O3q,A022,13,0.9987743074671124
R0_vs_O3q,A022,14,0.998768200866377
R0_vs_O3q,A022,15,0.9982622853742951
R0_vs_O3q,A022,16,0.9989225628645255
R0_vs_O3q,A022,17,0.9984319202162077
R0_vs_O3q,A022,18,0.9984322407756178
R0_vs_O3q,A022,19,0.9977129070126141
R0_vs_O3q,A022,20,0.9981664034254066
R0_vs_O3q,A022,21,0.9987817323175109
R0_vs_O3q,A022,22,0.9978418743981794
R0_vs_O3q,A022,23,0.9978810303175746
R0_vs_O3q,A023,0,0.8264953220042994
R0_vs_O3q,A023,1,0.9960499076819526
R0_vs_O3q,A023,2,0.9984651799002574
R0_vs_O3q,A023,3,0.9991250108075344
R0_vs_O3q,A023,4,0.9989754089198365
R0_vs_O3q,A023,5,0.9991428562940429
R0_vs_O3q,A023,6,0.9993389122107326
R0_vs_O3q,A023,7,0.9986802474904518
R0_vs_O3q,A023,8,0.9987953800503112
R0_vs_O3q,A023,9,0.9989804208249002
R0_vs_O3q,A023,10,0.9989911942142319
R0_vs_O3q,A023,11,0.998730544026722
R0_vs_O3q,A023,12,0.9985061578521371
R0_vs_O3q,A023,13,0.9980323610183229
R0_vs_O3q,A023,14,0.9982268869643965
R0_vs_O3q,A023,15,0.9985707212139875
R0_vs_O3q,A023,16,0.997575576915433
R0_vs_O3q,A023,17,0.9985102970442468
R0_vs_O3q,A023,18,0.9985409152553022
R0_vs_O3q,A023,19,0.9977099243522959
R0_vs_O3q,A023,20,0.9986979277488044
R0_vs_O3q,A024,0,0.8264953220042994
R0_vs_O3q,A024,1,0.9960499076819526
R0_vs_O3q,A024,2,0.9984651799002574
R0_vs_O3q,A024,3,0.9991250108075344
R0_vs_O3q,A024,4,0.998845758216353
R0_vs_O3q,A024,5,0.9994478176098469
R0_vs_O3q,A024,6,0.998995016010476
R0_vs_O3q,A024,7,0.9994997293207968
R0_vs_O3q,A024,8,0.9992366770181035
R0_vs_O3q,A024,9,0.999060128591991
R0_vs_O3q,A024,10,0.9985160753519918
R0_vs_O3q,A024,11,0.9991860266875664
R0_vs_O3q,A024,12,0.9992888609024432
R0_vs_O3q,A024,13,0.9990712200908026
R0_vs_O3q,A024,14,0.9991181563644056
R0_vs_O3q,A024,15,0.9985624796727274
R0_vs_O3q,A024,16,0.9989256168893268
R0_vs_O3q,A024,17,0.9989313934931437
R0_vs_O3q,A024,18,0.9990427159661092
R0_vs_O3q,A024,19,0.9989307750564208
R0_vs_O3q,A024,20,0.9985054529375682
R0_vs_O3q,A024,21,0.9985812162615882
R0_vs_O3q,A024,22,0.9975219944273341
R0_vs_O3q,A024,23,0.9978466505282059
R0_vs_O3q,A024,24,0.9986144408520495
R0_vs_O3q,A024,25,0.9977449632432879
R0_vs_O3q,A024,26,0.9987898841884552
R0_vs_O3q,A025,0,0.8264953220042994
R0_vs_O3q,A025,1,0.9960499076819526
R0_vs_O3q,A025,2,0.9984651799002574
R0_vs_O3q,A025,3,0.9991250108075344
R0_vs_O3q,A025,4,0.9991008532898686
R0_vs_O3q,A025,5,0.9989756062020791
R0_vs_O3q,A025,6,0.9991063718162433
R0_vs_O3q,A025,7,0.9992641670391105
R0_vs_O3q,A025,8,0.9989289246256992
R0_vs_O3q,A025,9,0.9986946963843811
R0_vs_O3q,A025,10,0.9986193619465908
R0_vs_O3q,A025,11,0.9983171633854416
R0_vs_O3q,A025,12,0.9981678471412317
R0_vs_O3q,A025,13,0.9988558764915422
R0_vs_O3q,A025,14,0.999045781799179
R0_vs_O3q,A025,15,0.998212229861461
R0_vs_O3q,A025,16,0.9984203573572122
R0_vs_O3q,A025,17,0.997753258205953
R0_vs_O3q,A025,18,0.9983759924483407
R0_vs_O3q,A025,19,0.9988380599665305
R0_vs_O3q,A025,20,0.997271748628163
R0_vs_O3q,A025,21,0.9986317818601724
R0_vs_O3q,A026,0,0.8264953220042994
R0_vs_O3q,A026,1,0.9960499076819526
R0_vs_O3q,A026,2,0.9984651799002574
R0_vs_O3q,A026,3,0.9991250108075344
R0_vs_O3q,A026,4,0.9991050886986172
R0_vs_O3q,A026,5,0.998694136361707
R0_vs_O3q,A026,6,0.9991522495470406
R0_vs_O3q,A026,7,0.9982544660147897
R0_vs_O3q,A026,8,0.9988494920901068
R0_vs_O3q,A026,9,0.9989865872170791
R0_vs_O3q,A026,10,0.9988028821429682
R0_vs_O3q,A026,11,0.9988242748831374
R0_vs_O3q,A026,12,0.9991766506720113
R0_vs_O3q,A026,13,0.9989076291541046
R0_vs_O3q,A026,14,0.9986704333094242
R0_vs_O3q,A026,15,0.9988643296962025
R0_vs_O3q,A026,16,0.9989954984333999
R0_vs_O3q,A026,17,0.9985722058475535
R0_vs_O3q,A026,18,0.9977746938858857
R0_vs_O3q,A026,19,0.9983055273997058
R0_vs_O3q,A026,20,0.9984714912644249
R0_vs_O3q,A026,21,0.9973442846202106
R0_vs_O3q,A026,22,0.9990491191546124
R0_vs_O3q,A027,0,0.8264953220042994
R0_vs_O3q,A027,1,0.9960499076819526
R0_vs_O3q,A027,2,0.9984651799002574
R0_vs_O3q,A027,3,0.9991673531765101
R0_vs_O3q,A027,4,0.9991431699339889
R0_vs_O3q,A027,5,0.9994429589380622
R0_vs_O3q,A027,6,0.9994419327383186
R0_vs_O3q,A027,7,0.9988578955231424
R0_vs_O3q,A027,8,0.9992667685588137
R0_vs_O3q,A027,9,0.9989135764970855
R0_vs_O3q,A027,10,0.9984313077337088
R0_vs_O3q,A027,11,0.9989771765136726
R0_vs_O3q,A027,12,0.9988092129856829
R0_vs_O3q,A027,13,0.998863950313574
R0_vs_O3q,A027,14,0.9990266992878051
R0_vs_O3q,A027,15,0.9983668476521377
R0_vs_O3q,A027,16,0.9989022433935364
R0_vs_O3q,A027,17,0.9987064117683976
R0_vs_O3q,A027,18,0.998744716871437
R0_vs_O3q,A027,19,0.9975397369689926
R0_vs_O3q,A027,20,0.9984429132426081
R0_vs_O3q,A027,21,0.998841931784249
R0_vs_O3q,A027,22,0.9978316316285306
R0_vs_O3q,A027,23,0.9988881074931939
R0_vs_O3q,A028,0,0.8264953220042994
R0_vs_O3q,A028,1,0.9960499076819526
R0_vs_O3q,A028,2,0.9984651799002574
R0_vs_O3q,A028,3,0.9991250108075344
R0_vs_O3q,A028,4,0.9991670955505392
R0_vs_O3q,A028,5,0.997591718142911
R0_vs_O3q,A028,6,0.9987947001242643
R0_vs_O3q,A028,7,0.9991266709688766
R0_vs_O3q,A028,8,0.9989979413278705
R0_vs_O3q,A028,9,0.998882363493495
R0_vs_O3q,A028,10,0.9993044092054345
R0_vs_O3q,A028,11,0.9986264967164722
R0_vs_O3q,A028,12,0.9989234270812284
R0_vs_O3q,A028,13,0.998864181699462
R0_vs_O3q,A028,14,0.9989166379452432
R0_vs_O3q,A028,15,0.9984019511578415
R0_vs_O3q,A028,16,0.9973496484112813
R0_vs_O3q,A028,17,0.9982066724736771
R0_vs_O3q,A028,18,0.998408942028724
R0_vs_O3q,A028,19,0.9975840646374848
R0_vs_O3q,A028,20,0.998713945073044
R0_vs_O3q,A029,0,0.8264953220042994
R0_vs_O3q,A029,1,0.9960499076819526
R0_vs_O3q,A029,2,0.9984651799002574
R0_vs_O3q,A029,3,0.9991250108075344
R0_vs_O3q,A029,4,0.9989023339248739
R0_vs_O3q,A029,5,0.9992100988791618
R0_vs_O3q,A029,6,0.9982592552610303
R0_vs_O3q,A029,7,0.9991410172540598
R0_vs_O3q,A029,8,0.9989265328017011
R0_vs_O3q,A029,9,0.9988079702526271
R0_vs_O3q,A029,10,0.9991889242927529
R0_vs_O3q,A029,11,0.9988275787837542
R0_vs_O3q,A029,12,0.9985206590036394
R0_vs_O3q,A029,13,0.9988199386742048
R0_vs_O3q,A029,14,0.9987577340836333
R0_vs_O3q,A029,15,0.9988617873337549
R0_vs_O3q,A029,16,0.9981269460304232
R0_vs_O3q,A029,17,0.9986046028440146
R0_vs_O3q,A029,18,0.9985942962061027
R0_vs_O3q,A029,19,0.9972562997672852
R0_vs_O3q,A029,20,0.9979629586174131
R0_vs_O3q,A029,21,0.9984263125962077
R0_vs_O3q,A029,22,0.9977246721038178
R0_vs_O3q,A029,23,0.9989853941615564
R0_vs_O3q,A030,0,0.8264953220042994
R0_vs_O3q,A030,1,0.9960499076819526
R0_vs_O3q,A030,2,0.9984651799002574
R0_vs_O3q,A030,3,0.9991250108075344
R0_vs_O3q,A030,4,0.9990411346768521
R0_vs_O3q,A030,5,0.9991740468283205
R0_vs_O3q,A030,6,0.999152582951913
R0_vs_O3q,A030,7,0.9992012649444928
R0_vs_O3q,A030,8,0.9985759364022231
R0_vs_O3q,A030,9,0.9992927652351514
R0_vs_O3q,A030,10,0.9990698818535513
R0_vs_O3q,A030,11,0.9985944812960326
R0_vs_O3q,A030,12,0.9991903409424588
R0_vs_O3q,A030,13,0.9990338037333178
R0_vs_O3q,A030,14,0.9985502787098464
R0_vs_O3q,A030,15,0.9981009806353439
R0_vs_O3q,A030,16,0.9976875357980616
R0_vs_O3q,A030,17,0.998421970712855
R0_vs_O3q,A030,18,0.9982853795635012
R0_vs_O3q,A030,19,0.9976560947156536
R0_vs_O3q,A030,20,0.9984964806136354
R0_vs_O3q,A031,0,0.8264953220042994
R0_vs_O3q,A031,1,0.9960499076819526
R0_vs_O3q,A031,2,0.9984651799002574
R0_vs_O3q,A031,3,0.9989493335101671
R0_vs_O3q,A031,4,0.9989217043700319
R0_vs_O3q,A031,5,0.9988810768361757
R0_vs_O3q,A031,6,0.9990726038611494
R0_vs_O3q,A031,7,0.9983735072351335
R0_vs_O3q,A031,8,0.9990756474045809
R0_vs_O3q,A031,9,0.9989304055869588
R0_vs_O3q,A031,10,0.9983883976954264
R0_vs_O3q,A031,11,0.9986528871331103
R0_vs_O3q,A031,12,0.9985551832722002
R0_vs_O3q,A031,13,0.9983208059746568
R0_vs_O3q,A031,14,0.997453500326971
R0_vs_O3q,A031,15,0.9982668271337096
R0_vs_O3q,A031,16,0.9981378121021043
R0_vs_O3q,A031,17,0.9981243456266808
R0_vs_O3q,A031,18,0.9988029121252767
R0_vs_O3q,A032,0,0.8659539816742694
R0_vs_O3q,A032,1,0.9957014440170191
R0_vs_O3q,A032,2,0.9984251679368958
R0_vs_O3q,A032,3,0.9992525017689956
R0_vs_O3q,A032,4,0.9991466016973368
R0_vs_O3q,A032,5,0.9988381193041073
R0_vs_O3q,A032,6,0.9986666204275416
R0_vs_O3q,A032,7,0.9986512001286497
R0_vs_O3q,A032,8,0.9990833748088013
R0_vs_O3q,A032,9,0.9990459682851477
R0_vs_O3q,A032,10,0.9987068838852093
R0_vs_O3q,A032,11,0.9985014099115879
R0_vs_O3q,A032,12,0.9979012350676676
R0_vs_O3q,A032,13,0.9978547847255494
R0_vs_O3q,A032,14,0.9984856277675247
R0_vs_O3q,A032,15,0.9981048681113849
R0_vs_O3q,A032,16,0.9985685550961534
R0_vs_O3q,A033,0,0.8264953220042994
R0_vs_O3q,A033,1,0.9960499076819526
R0_vs_O3q,A033,2,0.9984651799002574
R0_vs_O3q,A033,3,0.9992657965925965
R0_vs_O3q,A033,4,0.9990546348198014
R0_vs_O3q,A033,5,0.9992034096757445
R0_vs_O3q,A033,6,0.9985504834280606
R0_vs_O3q,A033,7,0.9990192340069519
R0_vs_O3q,A033,8,0.9986773315771676
R0_vs_O3q,A033,9,0.9987233352785655
R0_vs_O3q,A033,10,0.9990985850825376
R0_vs_O3q,A033,11,0.9985330469725209
R0_vs_O3q,A033,12,0.9989554807566103
R0_vs_O3q,A033,13,0.9991935061209775
R0_vs_O3q,A033,14,0.9987407164141052
R0_vs_O3q,A033,15,0.9983415020731499
R0_vs_O3q,A033,16,0.9983152211133297
R0_vs_O3q,A033,17,0.9974609470354315
R0_vs_O3q,A033,18,0.998147221394706
R0_vs_O3q,A033,19,0.9984804916666098
R0_vs_O3q,A033,20,0.9977588281449975
R0_vs_O3q,A033,21,0.9987221148968012
R0_vs_O3q,A034,0,0.8659539816742694
R0_vs_O3q,A034,1,0.9957014440170191
R0_vs_O3q,A034,2,0.9984251679368958
R0_vs_O3q,A034,3,0.9992004499024718
R0_vs_O3q,A034,4,0.9990330258958509
R0_vs_O3q,A034,5,0.9991136355658324
R0_vs_O3q,A034,6,0.9988775328212036
R0_vs_O3q,A034,7,0.9991961238994533
R0_vs_O3q,A034,8,0.9992639756190479
R0_vs_O3q,A034,9,0.998920520131916
R0_vs_O3q,A034,10,0.997994753867362
R0_vs_O3q,A034,11,0.998762010819746
R0_vs_O3q,A034,12,0.9986281279281857
R0_vs_O3q,A034,13,0.9977886011661722
R0_vs_O3q,A034,14,0.9985066094641332
R0_vs_O3q,A034,15,0.9977574513253287
R0_vs_O3q,A034,16,0.9975511417075165
R0_vs_O3q,A034,17,0.998772782569863
R0_vs_O3q,A035,0,0.8659539816742694
R0_vs_O3q,A035,1,0.9957014440170191
R0_vs_O3q,A035,2,0.9984251679368958
R0_vs_O3q,A035,3,0.999265733115395
R0_vs_O3q,A035,4,0.9990694015224937
R0_vs_O3q,A035,5,0.9991638201668823
R0_vs_O3q,A035,6,0.9990341571512432
R0_vs_O3q,A035,7,0.9989663171741334
R0_vs_O3q,A035,8,0.9985865191937924
R0_vs_O3q,A035,9,0.9982976096542517
R0_vs_O3q,A035,10,0.9986912091543695
R0_vs_O3q,A035,11,0.9977746350598231
R0_vs_O3q,A035,12,0.9977147156412863
R0_vs_O3q,A035,13,0.9984162019377139
R0_vs_O3q,A035,14,0.9977474306422863
R0_vs_O3q,A035,15,0.9986667619976305
R0_vs_O3q,A036,0,0.8659539816742694
R0_vs_O3q,A036,1,0.9957014440170191
R0_vs_O3q,A036,2,0.9984251679368958
R0_vs_O3q,A036,3,0.9993395251345776
R0_vs_O3q,A036,4,0.9990131829440941
R0_vs_O3q,A036,5,0.9992686722922891
R0_vs_O3q,A036,6,0.9990991729268933
R0_vs_O3q,A036,7,0.9989633583398414
R0_vs_O3q,A036,8,0.9990339465813393
R0_vs_O3q,A036,9,0.9991357368305716
R0_vs_O3q,A036,10,0.9993295808702195
R0_vs_O3q,A036,11,0.9985912073054063
R0_vs_O3q,A036,12,0.9984182196059425
R0_vs_O3q,A036,13,0.9977097158369036
R0_vs_O3q,A036,14,0.9980056150288021
R0_vs_O3q,A036,15,0.9974060041493215
R0_vs_O3q,A036,16,0.9980358243566516
R0_vs_O3q,A036,17,0.9982361633380614
R0_vs_O3q,A037,0,0.8659539816742694
R0_vs_O3q,A037,1,0.9957014440170191
R0_vs_O3q,A037,2,0.9984251679368958
R0_vs_O3q,A037,3,0.9987839869020205
R0_vs_O3q,A037,4,0.9988317226838622
R0_vs_O3q,A037,5,0.999104214263738
R0_vs_O3q,A037,6,0.9990419978966785
R0_vs_O3q,A037,7,0.9989755532153118
R0_vs_O3q,A037,8,0.9990359222820983
R0_vs_O3q,A037,9,0.999168982734515
R0_vs_O3q,A037,10,0.9983508421775756
R0_vs_O3q,A037,11,0.9982523768637962
R0_vs_O3q,A037,12,0.9985267246776476
R0_vs_O3q,A037,13,0.997836591774075
R0_vs_O3q,A037,14,0.9972843753056873
R0_vs_O3q,A037,15,0.9974361105264072
R0_vs_O3q,A037,16,0.9977646596185712
R0_vs_O3q,A037,17,0.9987062620172501
R0_vs_O3q,A038,0,0.8659539816742694
R0_vs_O3q,A038,1,0.9957014440170191
R0_vs_O3q,A038,2,0.9984251679368958
R0_vs_O3q,A038,3,0.9991795762725924
R0_vs_O3q,A038,4,0.999201570244748
R0_vs_O3q,A038,5,0.9987771479616805
R0_vs_O3q,A038,6,0.9989128750999066
R0_vs_O3q,A038,7,0.9992963340278384
R0_vs_O3q,A038,8,0.9988459741070169
R0_vs_O3q,A038,9,0.9990324460677856
R0_vs_O3q,A038,10,0.9988356968292482
R0_vs_O3q,A038,11,0.9985326700091232
R0_vs_O3q,A038,12,0.9984268561551639
R0_vs_O3q,A038,13,0.9977813940603896
R0_vs_O3q,A038,14,0.9983256029015724
R0_vs_O3q,A038,15,0.998755160712665
R0_vs_O3q,A038,16,0.9982825890629907
R0_vs_O3q,A038,17,0.9987022929975947
R0_vs_O3q,A039,0,0.8264953220042994
R0_vs_O3q,A039,1,0.9960499076819526
R0_vs_O3q,A039,2,0.9984651799002574
R0_vs_O3q,A039,3,0.998984646298285
R0_vs_O3q,A039,4,0.9992055500939573
R0_vs_O3q,A039,5,0.9987204733935624
R0_vs_O3q,A039,6,0.9989939131848996
R0_vs_O3q,A039,7,0.9988769251962544
R0_vs_O3q,A039,8,0.999144198112236
R0_vs_O3q,A039,9,0.9985948035311265
R0_vs_O3q,A039,10,0.9988620573331761
R0_vs_O3q,A039,11,0.99912322440287
R0_vs_O3q,A039,12,0.9994910689003885
R0_vs_O3q,A039,13,0.9988999903939931
R0_vs_O3q,A039,14,0.9982193736941282
R0_vs_O3q,A039,15,0.9977831967506922
R0_vs_O3q,A039,16,0.9979150378706957
R0_vs_O3q,A039,17,0.9984713371116146
R0_vs_O3q,A039,18,0.9975239179707002
R0_vs_O3q,A039,19,0.9985998243557811
R0_vs_O3q,A040,0,0.8659539816742694
R0_vs_O3q,A040,1,0.9957014440170191
R0_vs_O3q,A040,2,0.9984251679368958
R0_vs_O3q,A040,3,0.9990282883280555
R0_vs_O3q,A040,4,0.9992053417236908
R0_vs_O3q,A040,5,0.9985100124375781
R0_vs_O3q,A040,6,0.9986949748635054
R0_vs_O3q,A040,7,0.998810051836614
R0_vs_O3q,A040,8,0.9987682834788527
R0_vs_O3q,A040,9,0.9989582470296142
R0_vs_O3q,A040,10,0.9978513250821153
R0_vs_O3q,A040,11,0.9986305044073485
R0_vs_O3q,A040,12,0.9985096376728108
R0_vs_O3q,A040,13,0.9978402600497868
R0_vs_O3q,A040,14,0.9984112698547982
R0_vs_O3q,A040,15,0.9968361742326244
R0_vs_O3q,A040,16,0.9981361656293019
R0_vs_O3q,A040,17,0.9989663120334545
R0_vs_O3q,A041,0,0.8264953220042994
R0_vs_O3q,A041,1,0.9960499076819526
R0_vs_O3q,A041,2,0.9984651799002574
R0_vs_O3q,A041,3,0.9991250108075344
R0_vs_O3q,A041,4,0.9991837291517889
R0_vs_O3q,A041,5,0.9989220509514797
R0_vs_O3q,A041,6,0.9990852079539111
R0_vs_O3q,A041,7,0.9990668662814098
R0_vs_O3q,A041,8,0.9990752078225342
R0_vs_O3q,A041,9,0.9988112007231383
R0_vs_O3q,A041,10,0.9989448023837749
R0_vs_O3q,A041,11,0.9984045280472267
R0_vs_O3q,A041,12,0.9992711979934205
R0_vs_O3q,A041,13,0.998726906947816
R0_vs_O3q,A041,14,0.998839171825634
R0_vs_O3q,A041,15,0.9991366968756463
R0_vs_O3q,A041,16,0.9992056603332176
R0_vs_O3q,A041,17,0.9987319835202809
R0_vs_O3q,A041,18,0.9987947097430637
R0_vs_O3q,A041,19,0.997835266862336
R0_vs_O3q,A041,20,0.9971972394657493
R0_vs_O3q,A041,21,0.9979434745710122
R0_vs_O3q,A041,22,0.9987473402846724
R0_vs_O3q,A041,23,0.9982484810480543
R0_vs_O3q,A041,24,0.9981164844935726
R0_vs_O3q,A042,0,0.8264953220042994
R0_vs_O3q,A042,1,0.9960499076819526
R0_vs_O3q,A042,2,0.9984651799002574
R0_vs_O3q,A042,3,0.9989931650612947
R0_vs_O3q,A042,4,0.9992674547041006
R0_vs_O3q,A042,5,0.9989606311307168
R0_vs_O3q,A042,6,0.9993465748240111
R0_vs_O3q,A042,7,0.9994056163132722
R0_vs_O3q,A042,8,0.9990613280909583
R0_vs_O3q,A042,9,0.998614366369079
R0_vs_O3q,A042,10,0.9983723127400062
R0_vs_O3q,A042,11,0.9989928100266212
R0_vs_O3q,A042,12,0.9985695390400579
R0_vs_O3q,A042,13,0.9988596375263794
R0_vs_O3q,A042,14,0.9992337123929744
R0_vs_O3q,A042,15,0.9984981240900641
R0_vs_O3q,A042,16,0.9983498175088766
R0_vs_O3q,A042,17,0.9975937729878834
R0_vs_O3q,A042,18,0.9982027809755772
R0_vs_O3q,A042,19,0.9986464375133912
R0_vs_O3q,A042,20,0.9980201428587995
R0_vs_O3q,A042,21,0.9984090150744335
R0_vs_O3q,A043,0,0.8264953220042994
R0_vs_O3q,A043,1,0.9960499076819526
R0_vs_O3q,A043,2,0.9984651799002574
R0_vs_O3q,A043,3,0.9991250108075344
R0_vs_O3q,A043,4,0.9989496205503782
R0_vs_O3q,A043,5,0.9993667797564455
R0_vs_O3q,A043,6,0.9991444354221466
R0_vs_O3q,A043,7,0.9990416630737144
R0_vs_O3q,A043,8,0.999022718595069
R0_vs_O3q,A043,9,0.9989579783422906
R0_vs_O3q,A043,10,0.9988043582158197
R0_vs_O3q,A043,11,0.9991356066864147
R0_vs_O3q,A043,12,0.997969133849644
R0_vs_O3q,A043,13,0.9989864814969941
R0_vs_O3q,A043,14,0.9986812905822268
R0_vs_O3q,A043,15,0.9988125843898605
R0_vs_O3q,A043,16,0.9984770280805898
R0_vs_O3q,A043,17,0.998352559182082
R0_vs_O3q,A043,18,0.9972748943430314
R0_vs_O3q,A043,19,0.9981024783327362
R0_vs_O3q,A043,20,0.9983432179525271
R0_vs_O3q,A043,21,0.9967986493161425
R0_vs_O3q,A043,22,0.9986565475693482
R0_vs_O3q,A044,0,0.8659539816742694
R0_vs_O3q,A044,1,0.9957014440170191
R0_vs_O3q,A044,2,0.9984251679368958
R0_vs_O3q,A044,3,0.9992004499024718
R0_vs_O3q,A044,4,0.9992775829791698
R0_vs_O3q,A044,5,0.9989033883350813
R0_vs_O3q,A044,6,0.9990178769850682
R0_vs_O3q,A044,7,0.9991895877126611
R0_vs_O3q,A044,8,0.9982713446048165
R0_vs_O3q,A044,9,0.9989921618094889
R0_vs_O3q,A044,10,0.9987971240547207
R0_vs_O3q,A044,11,0.9985408074071488
R0_vs_O3q,A044,12,0.9984371610922933
R0_vs_O3q,A044,13,0.9977865381878995
R0_vs_O3q,A044,14,0.9983522331868965
R0_vs_O3q,A044,15,0.9988279792563929
R0_vs_O3q,A044,16,0.9977946708097514
R0_vs_O3q,A044,17,0.9983785777753369
R0_vs_O3q,A045,0,0.8264953220042994
R0_vs_O3q,A045,1,0.9960499076819526
R0_vs_O3q,A045,2,0.9984651799002574
R0_vs_O3q,A045,3,0.9991250108075344
R0_vs_O3q,A045,4,0.998930840275445
R0_vs_O3q,A045,5,0.9993615386266298
R0_vs_O3q,A045,6,0.9991891230774115
R0_vs_O3q,A045,7,0.9987473325618219
R0_vs_O3q,A045,8,0.999055970752144
R0_vs_O3q,A045,9,0.9991574973817279
R0_vs_O3q,A045,10,0.998580810779435
R0_vs_O3q,A045,11,0.998867417752381
R0_vs_O3q,A045,12,0.9984184131918987
R0_vs_O3q,A045,13,0.9985953133011051
R0_vs_O3q,A045,14,0.997538190164298
R0_vs_O3q,A045,15,0.998321673968589
R0_vs_O3q,A045,16,0.9986248904514944
R0_vs_O3q,A045,17,0.9974744899546736
R0_vs_O3q,A045,18,0.9984526875480532
R0_vs_O3q,A046,0,0.8659539816742694
R0_vs_O3q,A046,1,0.9957014440170191
R0_vs_O3q,A046,2,0.9984251679368958
R0_vs_O3q,A046,3,0.9991567045791557
R0_vs_O3q,A046,4,0.9993144249912697
R0_vs_O3q,A046,5,0.9990194195415529
R0_vs_O3q,A046,6,0.9988121799833818
R0_vs_O3q,A046,7,0.9988518629518357
R0_vs_O3q,A046,8,0.9990539314606822
R0_vs_O3q,A046,9,0.9988140997583381
R0_vs_O3q,A046,10,0.9983498517695153
R0_vs_O3q,A046,11,0.9983123156352578
R0_vs_O3q,A046,12,0.9977287311229809
R0_vs_O3q,A046,13,0.9980161970498124
R0_vs_O3q,A046,14,0.9987340246208861
R0_vs_O3q,A046,15,0.9977186397013054
R0_vs_O3q,A046,16,0.998018902346877
R0_vs_O3q,A047,0,0.8264953220042994
R0_vs_O3q,A047,1,0.9960499076819526
R0_vs_O3q,A047,2,0.9984651799002574
R0_vs_O3q,A047,3,0.9991250108075344
R0_vs_O3q,A047,4,0.9990137190640012
R0_vs_O3q,A047,5,0.9990492212122527
R0_vs_O3q,A047,6,0.9991595996139133
R0_vs_O3q,A047,7,0.9986844398701045
R0_vs_O3q,A047,8,0.999336462545778
R0_vs_O3q,A047,9,0.9987600257641757
R0_vs_O3q,A047,10,0.9991103972649826
R0_vs_O3q,A047,11,0.9992984401543149
R0_vs_O3q,A047,12,0.9988742920385467
R0_vs_O3q,A047,13,0.9982804609336507
R0_vs_O3q,A047,14,0.9976001637585925
R0_vs_O3q,A047,15,0.9982835025182154
R0_vs_O3q,A047,16,0.9980371943318376
R0_vs_O3q,A047,17,0.9977982073556413
R0_vs_O3q,A047,18,0.9987554666589454
R0_vs_O3q,A048,0,0.8264953220042994
R0_vs_O3q,A048,1,0.9960499076819526
R0_vs_O3q,A048,2,0.9984651799002574
R0_vs_O3q,A048,3,0.9991250108075344
R0_vs_O3q,A048,4,0.9984881435327068
R0_vs_O3q,A048,5,0.999055319046711
R0_vs_O3q,A048,6,0.9988037215928471
R0_vs_O3q,A048,7,0.998819006729391
R0_vs_O3q,A048,8,0.9989789534495354
R0_vs_O3q,A048,9,0.9985163677955521
R0_vs_O3q,A048,10,0.9991921587625777
R0_vs_O3q,A048,11,0.9984843970778656
R0_vs_O3q,A048,12,0.9987725776177494
R0_vs_O3q,A048,13,0.9984718348863587
R0_vs_O3q,A048,14,0.9983993490792795
R0_vs_O3q,A048,15,0.9977941058259596
R0_vs_O3q,A048,16,0.9983556202675344
R0_vs_O3q,A048,17,0.9985874490626753
R0_vs_O3q,A048,18,0.9973857158572546
R0_vs_O3q,A048,19,0.9981928284577527
R0_vs_O3q,A049,0,0.8264953220042994
R0_vs_O3q,A049,1,0.9960499076819526
R0_vs_O3q,A049,2,0.9984651799002574
R0_vs_O3q,A049,3,0.9991250108075344
R0_vs_O3q,A049,4,0.9984813874656142
R0_vs_O3q,A049,5,0.9984904692176573
R0_vs_O3q,A049,6,0.9981115412653194
R0_vs_O3q,A049,7,0.9981191790764523
R0_vs_O3q,A049,8,0.9989319451113577
R0_vs_O3q,A049,9,0.999226824794139
R0_vs_O3q,A049,10,0.9990319629112379
R0_vs_O3q,A049,11,0.9989814500992931
R0_vs_O3q,A049,12,0.9982604539286312
R0_vs_O3q,A049,13,0.9983849558886473
R0_vs_O3q,A049,14,0.998701254114595
R0_vs_O3q,A049,15,0.9986824736746566
R0_vs_O3q,A049,16,0.9982612678266499
R0_vs_O3q,A049,17,0.9988877651102988
R0_vs_O3q,A049,18,0.9982474096045458
R0_vs_O3q,A049,19,0.9984790574728419
R0_vs_O3q,A049,20,0.9974683327696676
R0_vs_O3q,A049,21,0.9981336600744541
R0_vs_O3q,A049,22,0.9984170800289056
R0_vs_O3q,A049,23,0.9973934309260025
R0_vs_O3q,A049,24,0.9987724742827716
R0_vs_O3q,A050,0,0.8264953220042994
R0_vs_O3q,A050,1,0.9960499076819526
R0_vs_O3q,A050,2,0.9984651799002574
R0_vs_O3q,A050,3,0.9991250108075344
R0_vs_O3q,A050,4,0.9990374586013198
R0_vs_O3q,A050,5,0.9985769127333555
R0_vs_O3q,A050,6,0.9989901608611621
R0_vs_O3q,A050,7,0.999175953714679
R0_vs_O3q,A050,8,0.9985246162366412
R0_vs_O3q,A050,9,0.9991193050789768
R0_vs_O3q,A050,10,0.9991582266933365
R0_vs_O3q,A050,11,0.9991099910747873
R0_vs_O3q,A050,12,0.9985981254090082
R0_vs_O3q,A050,13,0.9987609704551026
R0_vs_O3q,A050,14,0.9981775819479709
R0_vs_O3q,A050,15,0.9986022115939552
R0_vs_O3q,A050,16,0.9974925127902958
R0_vs_O3q,A050,17,0.9984215227592677
R0_vs_O3q,A050,18,0.9980280590074065
R0_vs_O3q,A050,19,0.9977174936932677
R0_vs_O3q,A050,20,0.9987792452740101
R0_vs_O3q,A051,0,0.8264953220042994
R0_vs_O3q,A051,1,0.9960499076819526
R0_vs_O3q,A051,2,0.9984651799002574
R0_vs_O3q,A051,3,0.9991250108075344
R0_vs_O3q,A051,4,0.9992200026405973
R0_vs_O3q,A051,5,0.9990844345716545
R0_vs_O3q,A051,6,0.9988683702708038
R0_vs_O3q,A051,7,0.9994258767368112
R0_vs_O3q,A051,8,0.999660630951875
R0_vs_O3q,A051,9,0.9991948804923666
R0_vs_O3q,A051,10,0.9986394383604156
R0_vs_O3q,A051,11,0.9987945138865455
R0_vs_O3q,A051,12,0.9994722278770528
R0_vs_O3q,A051,13,0.9987185982486632
R0_vs_O3q,A051,14,0.9987320855962939
R0_vs_O3q,A051,15,0.9976660371546954
R0_vs_O3q,A051,16,0.9980909625776965
R0_vs_O3q,A051,17,0.9987444197534769
R0_vs_O3q,A051,18,0.9979969122704219
R0_vs_O3q,A051,19,0.9990934438553509
R0_vs_O3q,A052,0,0.8264953220042994
R0_vs_O3q,A052,1,0.9960499076819526
R0_vs_O3q,A052,2,0.9984651799002574
R0_vs_O3q,A052,3,0.9989931650612947
R0_vs_O3q,A052,4,0.9990519382678272
R0_vs_O3q,A052,5,0.9986933891877912
R0_vs_O3q,A052,6,0.9993603369607681
R0_vs_O3q,A052,7,0.9990627961889343
R0_vs_O3q,A052,8,0.9992572558508729
R0_vs_O3q,A052,9,0.9988995102470719
R0_vs_O3q,A052,10,0.9990998062013803
R0_vs_O3q,A052,11,0.9987988533880735
R0_vs_O3q,A052,12,0.9989455721374343
R0_vs_O3q,A052,13,0.9993186895700986
R0_vs_O3q,A052,14,0.9989917376388734
R0_vs_O3q,A052,15,0.9988002832230553
R0_vs_O3q,A052,16,0.9988022366000766
R0_vs_O3q,A052,17,0.9977458991203682
R0_vs_O3q,A052,18,0.998159688320563
R0_vs_O3q,A052,19,0.9985557088029432
R0_vs_O3q,A052,20,0.9977447864142585
R0_vs_O3q,A052,21,0.9989623191255259
R0_vs_O3q,A053,0,0.8264953220042994
R0_vs_O3q,A053,1,0.9960499076819526
R0_vs_O3q,A053,2,0.9984651799002574
R0_vs_O3q,A053,3,0.9991250108075344
R0_vs_O3q,A053,4,0.9990101746171661
R0_vs_O3q,A053,5,0.9989349125031384
R0_vs_O3q,A053,6,0.9994848696275882
R0_vs_O3q,A053,7,0.9995323916314046
R0_vs_O3q,A053,8,0.9991116305917467
R0_vs_O3q,A053,9,0.9988833121453973
R0_vs_O3q,A053,10,0.9987674003360051
R0_vs_O3q,A053,11,0.9990376026535434
R0_vs_O3q,A053,12,0.9989902525840606
R0_vs_O3q,A053,13,0.9987161941002236
R0_vs_O3q,A053,14,0.9985743473065687
R0_vs_O3q,A053,15,0.9984354654885649
R0_vs_O3q,A053,16,0.9974494325234692
R0_vs_O3q,A053,17,0.9980565888154898
R0_vs_O3q,A053,18,0.9986176542677573
R0_vs_O3q,A053,19,0.9979685394539041
R0_vs_O3q,A053,20,0.9985928348744436
R0_vs_O3q,A054,0,0.8264953220042994
R0_vs_O3q,A054,1,0.9960499076819526
R0_vs_O3q,A054,2,0.9984651799002574
R0_vs_O3q,A054,3,0.9991250108075344
R0_vs_O3q,A054,4,0.9993002964530566
R0_vs_O3q,A054,5,0.9992885572354575
R0_vs_O3q,A054,6,0.9994387193621966
R0_vs_O3q,A054,7,0.9995308614865556
R0_vs_O3q,A054,8,0.9994593769384859
R0_vs_O3q,A054,9,0.9992725475841541
R0_vs_O3q,A054,10,0.9991234631272026
R0_vs_O3q,A054,11,0.9990562704190807
R0_vs_O3q,A054,12,0.9988867131021394
R0_vs_O3q,A054,13,0.9991685475049731
R0_vs_O3q,A054,14,0.9993339613461326
R0_vs_O3q,A054,15,0.9988925293401256
R0_vs_O3q,A054,16,0.9987453208910464
R0_vs_O3q,A054,17,0.9987066037860799
R0_vs_O3q,A054,18,0.9976880748384662
R0_vs_O3q,A054,19,0.9981752082031723
R0_vs_O3q,A054,20,0.9991113245629637
R0_vs_O3q,A054,21,0.9978332285087127
R0_vs_O3q,A054,22,0.9992564646638623
R0_vs_O3q,A055,0,0.8264953220042994
R0_vs_O3q,A055,1,0.9960499076819526
R0_vs_O3q,A055,2,0.9984651799002574
R0_vs_O3q,A055,3,0.9991250108075344
R0_vs_O3q,A055,4,0.9993117723601183
R0_vs_O3q,A055,5,0.9992468191407519
R0_vs_O3q,A055,6,0.9989019441299274
R0_vs_O3q,A055,7,0.9993660548471283
R0_vs_O3q,A055,8,0.9995612705162309
R0_vs_O3q,A055,9,0.9991403586722906
R0_vs_O3q,A055,10,0.9988348225465746
R0_vs_O3q,A055,11,0.9991183738220439
R0_vs_O3q,A055,12,0.9990236342151616
R0_vs_O3q,A055,13,0.9982266949364025
R0_vs_O3q,A055,14,0.9988317404810269
R0_vs_O3q,A055,15,0.998558118796054
R0_vs_O3q,A055,16,0.9974553119630873
R0_vs_O3q,A055,17,0.9978631840994485
R0_vs_O3q,A055,18,0.998561949937624
R0_vs_O3q,A055,19,0.9976400324105245
R0_vs_O3q,A055,20,0.9990240170117914
R0_vs_O3q,A056,0,0.8264953220042994
R0_vs_O3q,A056,1,0.9960499076819526
R0_vs_O3q,A056,2,0.9984651799002574
R0_vs_O3q,A056,3,0.9989931650612947
R0_vs_O3q,A056,4,0.9990863508606834
R0_vs_O3q,A056,5,0.9987327300882912
R0_vs_O3q,A056,6,0.9983705745587601
R0_vs_O3q,A056,7,0.9993165743540248
R0_vs_O3q,A056,8,0.998932356001677
R0_vs_O3q,A056,9,0.9988611828945113
R0_vs_O3q,A056,10,0.9991013575405306
R0_vs_O3q,A056,11,0.999159527577011
R0_vs_O3q,A056,12,0.9989190310020765
R0_vs_O3q,A056,13,0.9991503425083993
R0_vs_O3q,A056,14,0.9992686292543336
R0_vs_O3q,A056,15,0.9987817965932497
R0_vs_O3q,A056,16,0.9985141193561423
R0_vs_O3q,A056,17,0.9984677326898008
R0_vs_O3q,A056,18,0.997893219503269
R0_vs_O3q,A056,19,0.9980317955108895
R0_vs_O3q,A056,20,0.9984110279577807
R0_vs_O3q,A056,21,0.9976407752033409
R0_vs_O3q,A056,22,0.9988991123046439
R0_vs_O3q,A057,0,0.8264953220042994
R0_vs_O3q,A057,1,0.9960499076819526
R0_vs_O3q,A057,2,0.9984651799002574
R0_vs_O3q,A057,3,0.9991250108075344
R0_vs_O3q,A057,4,0.9982356140182881
R0_vs_O3q,A057,5,0.9982651905973136
R0_vs_O3q,A057,6,0.9989747844255686
R0_vs_O3q,A057,7,0.9985006271743545
R0_vs_O3q,A057,8,0.9987855944694803
R0_vs_O3q,A057,9,0.9993835703127946
R0_vs_O3q,A057,10,0.9992036882188193
R0_vs_O3q,A057,11,0.999275752838108
R0_vs_O3q,A057,12,0.998843780849456
R0_vs_O3q,A057,13,0.998500121408156
R0_vs_O3q,A057,14,0.997957264269769
R0_vs_O3q,A057,15,0.9981518490628732
R0_vs_O3q,A057,16,0.9986848073984896
R0_vs_O3q,A057,17,0.9977108262042426
R0_vs_O3q,A057,18,0.9992113068549372
R0_vs_O3q,A058,0,0.8264953220042994
R0_vs_O3q,A058,1,0.9960499076819526
R0_vs_O3q,A058,2,0.9984651799002574
R0_vs_O3q,A058,3,0.9991250108075344
R0_vs_O3q,A058,4,0.9990361874373505
R0_vs_O3q,A058,5,0.9992657659110207
R0_vs_O3q,A058,6,0.9988816954440405
R0_vs_O3q,A058,7,0.9992874459763211
R0_vs_O3q,A058,8,0.9988890750040439
R0_vs_O3q,A058,9,0.9988435039424399
R0_vs_O3q,A058,10,0.9988865271056717
R0_vs_O3q,A058,11,0.9990649143871555
R0_vs_O3q,A058,12,0.9987155351081095
R0_vs_O3q,A058,13,0.9987180583931199
R0_vs_O3q,A058,14,0.9977536854503833
R0_vs_O3q,A058,15,0.9982888547496267
R0_vs_O3q,A058,16,0.9983306164173005
R0_vs_O3q,A058,17,0.998001664848992
R0_vs_O3q,A058,18,0.99867529706732
R0_vs_O3q,A059,0,0.8264953220042994
R0_vs_O3q,A059,1,0.9960499076819526
R0_vs_O3q,A059,2,0.9984651799002574
R0_vs_O3q,A059,3,0.9991250108075344
R0_vs_O3q,A059,4,0.9983759727110975
R0_vs_O3q,A059,5,0.9991479687476573
R0_vs_O3q,A059,6,0.9991957173888483
R0_vs_O3q,A059,7,0.9991770339526366
R0_vs_O3q,A059,8,0.9986409900783545
R0_vs_O3q,A059,9,0.999126384810434
R0_vs_O3q,A059,10,0.9991294511814308
R0_vs_O3q,A059,11,0.9989567382484618
R0_vs_O3q,A059,12,0.9985228943194627
R0_vs_O3q,A059,13,0.9986198027786726
R0_vs_O3q,A059,14,0.9987185971127381
R0_vs_O3q,A059,15,0.9983355251540633
R0_vs_O3q,A059,16,0.9978891421466183
R0_vs_O3q,A059,17,0.9978251577272194
R0_vs_O3q,A059,18,0.9984514306863337
R0_vs_O3q,A059,19,0.9981002901000549
R0_vs_O3q,A059,20,0.9990346938342185
R0_vs_O3q,A060,0,0.8264953220042994
R0_vs_O3q,A060,1,0.9960499076819526
R0_vs_O3q,A060,2,0.9984651799002574
R0_vs_O3q,A060,3,0.9989931650612947
R0_vs_O3q,A060,4,0.9990232987090258
R0_vs_O3q,A060,5,0.9989189838813127
R0_vs_O3q,A060,6,0.999324645575644
R0_vs_O3q,A060,7,0.9988641492073821
R0_vs_O3q,A060,8,0.9994117752243747
R0_vs_O3q,A060,9,0.9993704533574447
R0_vs_O3q,A060,10,0.9992487759658115
R0_vs_O3q,A060,11,0.9988049408942201
R0_vs_O3q,A060,12,0.9991567247580191
R0_vs_O3q,A060,13,0.9986967981104452
R0_vs_O3q,A060,14,0.9984750891146197
R0_vs_O3q,A060,15,0.9979071498657077
R0_vs_O3q,A060,16,0.9980626031003202
R0_vs_O3q,A060,17,0.9989186880205493
R0_vs_O3q,A060,18,0.998083102942959
R0_vs_O3q,A060,19,0.9991906191311638
R0_vs_O3q,A061,0,0.8264953220042994
R0_vs_O3q,A061,1,0.9960499076819526
R0_vs_O3q,A061,2,0.9984651799002574
R0_vs_O3q,A061,3,0.9991250108075344
R0_vs_O3q,A061,4,0.9989721035959125
R0_vs_O3q,A061,5,0.9987562258447978
R0_vs_O3q,A061,6,0.9992762741441128
R0_vs_O3q,A061,7,0.9989405077943416
R0_vs_O3q,A061,8,0.9988045625436927
R0_vs_O3q,A061,9,0.9989445225413482
R0_vs_O3q,A061,10,0.9991662566578802
R0_vs_O3q,A061,11,0.9992526169758894
R0_vs_O3q,A061,12,0.9990106856227655
R0_vs_O3q,A061,13,0.9989746372074533
R0_vs_O3q,A061,14,0.9984510391645895
R0_vs_O3q,A061,15,0.9990359851587154
R0_vs_O3q,A061,16,0.9969844431157501
R0_vs_O3q,A061,17,0.9986040993713714
R0_vs_O3q,A061,18,0.9984284883338882
R0_vs_O3q,A061,19,0.9983597085654844
R0_vs_O3q,A061,20,0.9975430275310745
R0_vs_O3q,A061,21,0.9982615261562957
R0_vs_O3q,A061,22,0.9979100556443119
R0_vs_O3q,A061,23,0.9977789404946817
R0_vs_O3q,A061,24,0.99909927192425
R0_vs_O3q,A062,0,0.8264953220042994
R0_vs_O3q,A062,1,0.9960499076819526
R0_vs_O3q,A062,2,0.9984651799002574
R0_vs_O3q,A062,3,0.9991250108075344
R0_vs_O3q,A062,4,0.9989147648160681
R0_vs_O3q,A062,5,0.9994001883276096
R0_vs_O3q,A062,6,0.9993623391979699
R0_vs_O3q,A062,7,0.9987170023692692
R0_vs_O3q,A062,8,0.9989216841772596
R0_vs_O3q,A062,9,0.9990722376114579
R0_vs_O3q,A062,10,0.9987919641201259
R0_vs_O3q,A062,11,0.9989308096998908
R0_vs_O3q,A062,12,0.999205033798544
R0_vs_O3q,A062,13,0.9991428431724225
R0_vs_O3q,A062,14,0.9988138909354511
R0_vs_O3q,A062,15,0.9983087063384564
R0_vs_O3q,A062,16,0.9989803568333974
R0_vs_O3q,A062,17,0.9989873941555122
R0_vs_O3q,A062,18,0.9976033091550296
R0_vs_O3q,A062,19,0.9979859528068863
R0_vs_O3q,A062,20,0.9986729005999775
R0_vs_O3q,A062,21,0.996367126658329
R0_vs_O3q,A062,22,0.9990230793066726
R0_vs_O3q,A063,0,0.8264953220042994
R0_vs_O3q,A063,1,0.9960499076819526
R0_vs_O3q,A063,2,0.9984651799002574
R0_vs_O3q,A063,3,0.9991250108075344
R0_vs_O3q,A063,4,0.9990015017037636
R0_vs_O3q,A063,5,0.9982499667638862
R0_vs_O3q,A063,6,0.9988665487073589
R0_vs_O3q,A063,7,0.9988316610007761
R0_vs_O3q,A063,8,0.9988387897220534
R0_vs_O3q,A063,9,0.9989432706120135
R0_vs_O3q,A063,10,0.9989448243707182
R0_vs_O3q,A063,11,0.9986887421892175
R0_vs_O3q,A063,12,0.9986807839220596
R0_vs_O3q,A063,13,0.9986558784518382
R0_vs_O3q,A063,14,0.9976279175368492
R0_vs_O3q,A063,15,0.9983241539962696
R0_vs_O3q,A063,16,0.9986543673461582
R0_vs_O3q,A063,17,0.996917797183477
R0_vs_O3q,A063,18,0.9985601861179292
R0_vs_O3q,A064,0,0.8659539816742694
R0_vs_O3q,A064,1,0.9957014440170191
R0_vs_O3q,A064,2,0.9984251679368958
R0_vs_O3q,A064,3,0.9991567045791557
R0_vs_O3q,A064,4,0.9992788542850289
R0_vs_O3q,A064,5,0.9991580074741785
R0_vs_O3q,A064,6,0.9992102074864971
R0_vs_O3q,A064,7,0.999088812179358
R0_vs_O3q,A064,8,0.9994162876399635
R0_vs_O3q,A064,9,0.9990272845958532
R0_vs_O3q,A064,10,0.998895687502494
R0_vs_O3q,A064,11,0.9985500572697352
R0_vs_O3q,A064,12,0.9978278863970212
R0_vs_O3q,A064,13,0.9980765468519701
R0_vs_O3q,A064,14,0.9985129256860048
R0_vs_O3q,A064,15,0.997434935798045
R0_vs_O3q,A064,16,0.9989136902561305
R0_vs_O3q,A065,0,0.8264953220042994
R0_vs_O3q,A065,1,0.9960499076819526
R0_vs_O3q,A065,2,0.9984651799002574
R0_vs_O3q,A065,3,0.9991250108075344
R0_vs_O3q,A065,4,0.9992570050011771
R0_vs_O3q,A065,5,0.9991446630569574
R0_vs_O3q,A065,6,0.9993479556036279
R0_vs_O3q,A065,7,0.9994769117835094
R0_vs_O3q,A065,8,0.9986586269629137
R0_vs_O3q,A065,9,0.998819916588625
R0_vs_O3q,A065,10,0.9989318928646023
R0_vs_O3q,A065,11,0.9988760198986302
R0_vs_O3q,A065,12,0.9990495770067496
R0_vs_O3q,A065,13,0.9980073427550235
R0_vs_O3q,A065,14,0.9985682477833641
R0_vs_O3q,A065,15,0.9983396205538728
R0_vs_O3q,A065,16,0.9976778003955968
R0_vs_O3q,A065,17,0.9982004049420873
R0_vs_O3q,A065,18,0.9987871967979911
R0_vs_O3q,A065,19,0.9977499156836731
R0_vs_O3q,A065,20,0.9990815049589967
R0_vs_O3q,A066,0,0.8264953220042994
R0_vs_O3q,A066,1,0.9960499076819526
R0_vs_O3q,A066,2,0.9984651799002574
R0_vs_O3q,A066,3,0.9991250108075344
R0_vs_O3q,A066,4,0.9991949975040215
R0_vs_O3q,A066,5,0.9991799511601392
R0_vs_O3q,A066,6,0.9992139482969197
R0_vs_O3q,A066,7,0.9993415821789519
R0_vs_O3q,A066,8,0.9995056813477543
R0_vs_O3q,A066,9,0.9991379186885901
R0_vs_O3q,A066,10,0.9983612156866896
R0_vs_O3q,A066,11,0.9986479497930397
R0_vs_O3q,A066,12,0.9993198860404711
R0_vs_O3q,A066,13,0.9992947443234419
R0_vs_O3q,A066,14,0.9987474990626515
R0_vs_O3q,A066,15,0.999196848836628
R0_vs_O3q,A066,16,0.9985113643871661
R0_vs_O3q,A066,17,0.9987233192762288
R0_vs_O3q,A066,18,0.9975834015088094
R0_vs_O3q,A066,19,0.9979909676878159
R0_vs_O3q,A066,20,0.9986133388133515
R0_vs_O3q,A066,21,0.9978333771254094
R0_vs_O3q,A066,22,0.9987262260754257
R0_vs_O3q,A067,0,0.8264953220042994
R0_vs_O3q,A067,1,0.9960499076819526
R0_vs_O3q,A067,2,0.9984651799002574
R0_vs_O3q,A067,3,0.9991250108075344
R0_vs_O3q,A067,4,0.9991105489372238
R0_vs_O3q,A067,5,0.9992927972363553
R0_vs_O3q,A067,6,0.9989911955528762
R0_vs_O3q,A067,7,0.9994532401246472
R0_vs_O3q,A067,8,0.9993135464913547
R0_vs_O3q,A067,9,0.999077251818566
R0_vs_O3q,A067,10,0.9987064778123739
R0_vs_O3q,A067,11,0.9988565466484653
R0_vs_O3q,A067,12,0.9985981977982462
R0_vs_O3q,A067,13,0.9986089945048857
R0_vs_O3q,A067,14,0.9984378820435811
R0_vs_O3q,A067,15,0.9976070638601868
R0_vs_O3q,A067,16,0.9976121537067127
R0_vs_O3q,A067,17,0.9987042982760437
R0_vs_O3q,A067,18,0.997272836323675
R0_vs_O3q,A067,19,0.99892325533671
R0_vs_O3q,A068,0,0.8659539816742694
R0_vs_O3q,A068,1,0.9957014440170191
R0_vs_O3q,A068,2,0.9984251679368958
R0_vs_O3q,A068,3,0.9991567028461439
R0_vs_O3q,A068,4,0.9990920961891763
R0_vs_O3q,A068,5,0.99901335655941
R0_vs_O3q,A068,6,0.999006894395864
R0_vs_O3q,A068,7,0.9986311879288067
R0_vs_O3q,A068,8,0.9991178875759336
R0_vs_O3q,A068,9,0.9987983411795937
R0_vs_O3q,A068,10,0.9988074472501637
R0_vs_O3q,A068,11,0.998737038449323
R0_vs_O3q,A068,12,0.998880813352398
R0_vs_O3q,A068,13,0.9976454121190684
R0_vs_O3q,A068,14,0.9982759676684475
R0_vs_O3q,A068,15,0.9986239826971924
R0_vs_O3q,A068,16,0.9972528977770906
R0_vs_O3q,A068,17,0.9988504328178954
R0_vs_O3q,A069,0,0.8264953220042994
R0_vs_O3q,A069,1,0.9960499076819526
R0_vs_O3q,A069,2,0.9984651799002574
R0_vs_O3q,A069,3,0.9991250108075344
R0_vs_O3q,A069,4,0.9992250144727438
R0_vs_O3q,A069,5,0.9992660330735574
R0_vs_O3q,A069,6,0.9987524000584456
R0_vs_O3q,A069,7,0.999506804501861
R0_vs_O3q,A069,8,0.9986156706833211
R0_vs_O3q,A069,9,0.9988818043169819
R0_vs_O3q,A069,10,0.998470387679307
R0_vs_O3q,A069,11,0.9986574946627388
R0_vs_O3q,A069,12,0.9988862626480257
R0_vs_O3q,A069,13,0.9988283104473291
R0_vs_O3q,A069,14,0.9985128664391084
R0_vs_O3q,A069,15,0.9976017208904382
R0_vs_O3q,A069,16,0.9980999483283831
R0_vs_O3q,A069,17,0.9987171855345649
R0_vs_O3q,A069,18,0.9971544855654425
R0_vs_O3q,A069,19,0.9987922483649592
R0_vs_O3q,A070,0,0.8659539816742694
R0_vs_O3q,A070,1,0.9957014440170191
R0_vs_O3q,A070,2,0.9984251679368958
R0_vs_O3q,A070,3,0.9991567028461439
R0_vs_O3q,A070,4,0.9992042230507212
R0_vs_O3q,A070,5,0.9992442118399194
R0_vs_O3q,A070,6,0.998857933001621
R0_vs_O3q,A070,7,0.9994017515915984
R0_vs_O3q,A070,8,0.9992103880084721
R0_vs_O3q,A070,9,0.9992156260749094
R0_vs_O3q,A070,10,0.9991011969452894
R0_vs_O3q,A070,11,0.9990751604878955
R0_vs_O3q,A070,12,0.9988351936248077
R0_vs_O3q,A070,13,0.9978817011046837
R0_vs_O3q,A070,14,0.9978980000904394
R0_vs_O3q,A070,15,0.9985739395881339
R0_vs_O3q,A070,16,0.9979556635934949
R0_vs_O3q,A070,17,0.9985630212393873
R0_vs_O3q,A071,0,0.8594479979378893
R0_vs_O3q,A071,1,0.9966946894276985
R0_vs_O3q,A071,2,0.9983501427287029
R0_vs_O3q,A071,3,0.9990486810323663
R0_vs_O3q,A071,4,0.9989111809811518
R0_vs_O3q,A071,5,0.9988768885710515
R0_vs_O3q,A071,6,0.9991658716655885
R0_vs_O3q,A071,7,0.9992848325337829
R0_vs_O3q,A071,8,0.9991694841007442
R0_vs_O3q,A071,9,0.9993911883600837
R0_vs_O3q,A071,10,0.9995636856563873
R0_vs_O3q,A071,11,0.9989266939178321
R0_vs_O3q,A071,12,0.9992143457640155
R0_vs_O3q,A071,13,0.9994290983110576
R0_vs_O3q,A071,14,0.9994694978642573
R0_vs_O3q,A071,15,0.9988579957264547
R0_vs_O3q,A071,16,0.9989285027696696
R0_vs_O3q,A071,17,0.9986459475072377
R0_vs_O3q,A071,18,0.9986976568465653
R0_vs_O3q,A071,19,0.9986230230925245
R0_vs_O3q,A071,20,0.9986590781960369
R0_vs_O3q,A071,21,0.9991636602889118
R0_vs_O3q,A071,22,0.9989900798903287
R0_vs_O3q,A071,23,0.9988390943950768
R0_vs_O3q,A071,24,0.9982807868053598
R0_vs_O3q,A071,25,0.9984281795471784
R0_vs_O3q,A071,26,0.9984292050179558
R0_vs_O3q,A071,27,0.9989009560895832
R0_vs_O3q,A071,28,0.9993150214810558
R0_vs_O3q,A071,29,0.9986916734468765
R0_vs_O3q,A071,30,0.9984782561749762
R0_vs_O3q,A071,31,0.9992487257728789
R0_vs_O3q,A071,32,0.9992836542181411
R0_vs_O3q,A071,33,0.9986999863936509
R0_vs_O3q,A071,34,0.9988181652263572
R0_vs_O3q,A071,35,0.999080724204506
R0_vs_O3q,A071,36,0.9986665701814168
R0_vs_O3q,A071,37,0.9987722320285211
R0_vs_O3q,A071,38,0.9987136829040945
R0_vs_O3q,A071,39,0.9989781821267549
R0_vs_O3q,A071,40,0.9991171573201679
R0_vs_O3q,A071,41,0.9989390266823593
R0_vs_O3q,A071,42,0.9986267998091628
R0_vs_O3q,A071,43,0.9986729880509074
R0_vs_O3q,A071,44,0.9990528829611239
R0_vs_O3q,A071,45,0.9989542104574537
R0_vs_O3q,A071,46,0.9992418345871553
R0_vs_O3q,A071,47,0.9990026619649107
R0_vs_O3q,A071,48,0.9988107874334198
R0_vs_O3q,A071,49,0.9988456903065069
R0_vs_O3q,A071,50,0.9988242403851562
R0_vs_O3q,A071,51,0.9986533766216452
R0_vs_O3q,A071,52,0.9981545014746004
R0_vs_O3q,A071,53,0.9990564997853605
R0_vs_O3q,A071,54,0.9979119244700776
R0_vs_O3q,A071,55,0.9985823427574004
R0_vs_O3q,A071,56,0.9987936359697438
R0_vs_O3q,A071,57,0.9980917762002163
R0_vs_O3q,A071,58,0.9985692744557987
R0_vs_O3q,A071,59,0.9987357036696449
R0_vs_O3q,A071,60,0.9973483869126585
R0_vs_O3q,A071,61,0.9981264098475086
R0_vs_O3q,A071,62,0.9971999953426833
R0_vs_O3q,A071,63,0.9977071398799158
R0_vs_O3q,A071,64,0.9992608922170745
R0_vs_O3q,A072,0,0.8264953220042994
R0_vs_O3q,A072,1,0.9960499076819526
R0_vs_O3q,A072,2,0.9984651799002574
R0_vs_O3q,A072,3,0.9991250108075344
R0_vs_O3q,A072,4,0.9991847610799037
R0_vs_O3q,A072,5,0.9990044712185883
R0_vs_O3q,A072,6,0.9992763304300152
R0_vs_O3q,A072,7,0.9986227968598882
R0_vs_O3q,A072,8,0.9993086015018726
R0_vs_O3q,A072,9,0.9995166331955124
R0_vs_O3q,A072,10,0.999178895427134
R0_vs_O3q,A072,11,0.9993650264084648
R0_vs_O3q,A072,12,0.9992700261265927
R0_vs_O3q,A072,13,0.9990374540800542
R0_vs_O3q,A072,14,0.9989206618782048
R0_vs_O3q,A072,15,0.9989048644200066
R0_vs_O3q,A072,16,0.9988278539199227
R0_vs_O3q,A072,17,0.9990486564432649
R0_vs_O3q,A072,18,0.9989563664595794
R0_vs_O3q,A072,19,0.9992921855961091
R0_vs_O3q,A072,20,0.9985821940982927
R0_vs_O3q,A072,21,0.9989563595965917
R0_vs_O3q,A072,22,0.9981249900848088
R0_vs_O3q,A072,23,0.9983689673652096
R0_vs_O3q,A072,24,0.9987023994126635
R0_vs_O3q,A072,25,0.9984024459063101
R0_vs_O3q,A072,26,0.9989253173478021
R0_vs_O3q,A072,27,0.998417398499066
R0_vs_O3q,A072,28,0.9986192269347268
R0_vs_O3q,A072,29,0.9985950267737222
R0_vs_O3q,A072,30,0.9991914561724956
R0_vs_O3q,A072,31,0.9988833147075472
R0_vs_O3q,A072,32,0.998993329316565
R0_vs_O3q,A072,33,0.9987533162866369
R0_vs_O3q,A072,34,0.9984092831941482
R0_vs_O3q,A072,35,0.9971356845043094
R0_vs_O3q,A072,36,0.9981185297350933
R0_vs_O3q,A072,37,0.9990870478600558
R0_vs_O3q,A072,38,0.9979385851024605
R0_vs_O3q,A072,39,0.9991980631410865
R0_vs_O3q,A073,0,0.8264953220042994
R0_vs_O3q,A073,1,0.9960499076819526
R0_vs_O3q,A073,2,0.9984651799002574
R0_vs_O3q,A073,3,0.9991250108075344
R0_vs_O3q,A073,4,0.9991424128175513
R0_vs_O3q,A073,5,0.999017405927911
R0_vs_O3q,A073,6,0.9990456355059615
R0_vs_O3q,A073,7,0.9987913618789014
R0_vs_O3q,A073,8,0.9986619843565583
R0_vs_O3q,A073,9,0.9993348224727906
R0_vs_O3q,A073,10,0.9984372953427114
R0_vs_O3q,A073,11,0.9991588582463293
R0_vs_O3q,A073,12,0.9992864099929701
R0_vs_O3q,A073,13,0.9992166415595384
R0_vs_O3q,A073,14,0.9987480263427893
R0_vs_O3q,A073,15,0.9987210856938344
R0_vs_O3q,A073,16,0.998628014136085
R0_vs_O3q,A073,17,0.9985828000563896
R0_vs_O3q,A073,18,0.9987264557326259
R0_vs_O3q,A073,19,0.9992005322212953
R0_vs_O3q,A073,20,0.9989440953641614
R0_vs_O3q,A073,21,0.9987435382650293
R0_vs_O3q,A073,22,0.9989056404906232
R0_vs_O3q,A073,23,0.9988251295163199
R0_vs_O3q,A073,24,0.9987947339205114
R0_vs_O3q,A073,25,0.9983307351280861
R0_vs_O3q,A073,26,0.9989197062108014
R0_vs_O3q,A073,27,0.9989812544775943
R0_vs_O3q,A073,28,0.9989652913677544
R0_vs_O3q,A073,29,0.9989471218697504
R0_vs_O3q,A073,30,0.9986065426366199
R0_vs_O3q,A073,31,0.9985079289384039
R0_vs_O3q,A073,32,0.9988372443521996
R0_vs_O3q,A073,33,0.998876544337644
R0_vs_O3q,A073,34,0.9987997797503845
R0_vs_O3q,A073,35,0.9988397581792762
R0_vs_O3q,A073,36,0.9987872887290321
R0_vs_O3q,A073,37,0.9984745760191102
R0_vs_O3q,A073,38,0.9973172696987805
R0_vs_O3q,A073,39,0.998032495635422
R0_vs_O3q,A073,40,0.9985033983967381
R0_vs_O3q,A073,41,0.9975461407484478
R0_vs_O3q,A073,42,0.9989222781537318
R0_vs_O3q,A074,0,0.8264953220042994
R0_vs_O3q,A074,1,0.9960499076819526
R0_vs_O3q,A074,2,0.9984651799002574
R0_vs_O3q,A074,3,0.9991250108075344
R0_vs_O3q,A074,4,0.9990078649958638
R0_vs_O3q,A074,5,0.9987804325084397
R0_vs_O3q,A074,6,0.9992200861697004
R0_vs_O3q,A074,7,0.9992944738579789
R0_vs_O3q,A074,8,0.9994954667944507
R0_vs_O3q,A074,9,0.9990977517984638
R0_vs_O3q,A074,10,0.9989926261039419
R0_vs_O3q,A074,11,0.9989856847841798
R0_vs_O3q,A074,12,0.9987312986354793
R0_vs_O3q,A074,13,0.9985548760126379
R0_vs_O3q,A074,14,0.9989153130020446
R0_vs_O3q,A074,15,0.9989535605472097
R0_vs_O3q,A074,16,0.9985175133538211
R0_vs_O3q,A074,17,0.9984834960376688
R0_vs_O3q,A074,18,0.9985977752076619
R0_vs_O3q,A074,19,0.9984038095159288
R0_vs_O3q,A074,20,0.998690976281179
R0_vs_O3q,A074,21,0.9984008623164522
R0_vs_O3q,A074,22,0.9989125159005571
R0_vs_O3q,A074,23,0.998903185917294
R0_vs_O3q,A074,24,0.9989809418003541
R0_vs_O3q,A074,25,0.9985459803688622
R0_vs_O3q,A074,26,0.9986108083484441
R0_vs_O3q,A074,27,0.9985723732822466
R0_vs_O3q,A074,28,0.9988638584720453
R0_vs_O3q,A074,29,0.9985352497174763
R0_vs_O3q,A074,30,0.9989482601337588
R0_vs_O3q,A074,31,0.9987616571153882
R0_vs_O3q,A074,32,0.9983252937062964
R0_vs_O3q,A074,33,0.998334610352358
R0_vs_O3q,A074,34,0.9975420269600592
R0_vs_O3q,A074,35,0.998386796663513
R0_vs_O3q,A074,36,0.9988274669118634
R0_vs_O3q,A074,37,0.9967564510491793
R0_vs_O3q,A074,38,0.9990217622367892
R0_vs_O3q,A075,0,0.8264953220042994
R0_vs_O3q,A075,1,0.9960499076819526
R0_vs_O3q,A075,2,0.9984651799002574
R0_vs_O3q,A075,3,0.9989931650612947
R0_vs_O3q,A075,4,0.9989456454434923
R0_vs_O3q,A075,5,0.9989688862506814
R0_vs_O3q,A075,6,0.9989360449214544
R0_vs_O3q,A075,7,0.9994649324922578
R0_vs_O3q,A075,8,0.9995668281700545
R0_vs_O3q,A075,9,0.9992354293741027
R0_vs_O3q,A075,10,0.9990813118470396
R0_vs_O3q,A075,11,0.999149629302463
R0_vs_O3q,A075,12,0.9989185881239583
R0_vs_O3q,A075,13,0.9986520915634256
R0_vs_O3q,A075,14,0.9988759826243401
R0_vs_O3q,A075,15,0.998667495534914
R0_vs_O3q,A075,16,0.999390492914707
R0_vs_O3q,A075,17,0.998799698308856
R0_vs_O3q,A075,18,0.998603915535847
R0_vs_O3q,A075,19,0.999061190274742
R0_vs_O3q,A075,20,0.9988382458980488
R0_vs_O3q,A075,21,0.9987113801760003
R0_vs_O3q,A075,22,0.9986648248337788
R0_vs_O3q,A075,23,0.9988704536395292
R0_vs_O3q,A075,24,0.9984506233657063
R0_vs_O3q,A075,25,0.9984907090804341
R0_vs_O3q,A075,26,0.9988117649919137
R0_vs_O3q,A075,27,0.9987616788053356
R0_vs_O3q,A075,28,0.99896155553642
R0_vs_O3q,A075,29,0.9991553386192457
R0_vs_O3q,A075,30,0.9989730885688137
R0_vs_O3q,A075,31,0.9986947823975447
R0_vs_O3q,A075,32,0.9985695745114065
R0_vs_O3q,A075,33,0.9973562326529278
R0_vs_O3q,A075,34,0.998213421959231
R0_vs_O3q,A075,35,0.9985203545419613
R0_vs_O3q,A075,36,0.997762707848244
R0_vs_O3q,A075,37,0.9991826930574199
R0_vs_O3q,A076,0,0.8264953220042994
R0_vs_O3q,A076,1,0.9960499076819526
R0_vs_O3q,A076,2,0.9984651799002574
R0_vs_O3q,A076,3,0.9991250108075344
R0_vs_O3q,A076,4,0.999361508650835
R0_vs_O3q,A076,5,0.99909794022705
R0_vs_O3q,A076,6,0.9985290528563008
R0_vs_O3q,A076,7,0.9991046182810449
R0_vs_O3q,A076,8,0.9993160633934206
R0_vs_O3q,A076,9,0.9991830434685458
R0_vs_O3q,A076,10,0.9986796755373079
R0_vs_O3q,A076,11,0.9988557252575159
R0_vs_O3q,A076,12,0.9982059086264053
R0_vs_O3q,A076,13,0.9983137274959382
R0_vs_O3q,A076,14,0.9973508112005957
R0_vs_O3q,A076,15,0.998711178390718
R0_vs_O3q,A076,16,0.9984957881847557
R0_vs_O3q,A076,17,0.9984374196987819
R0_vs_O3q,A076,18,0.9989420896027934
R0_vs_O3q,A076,19,0.9992550573788938
R0_vs_O3q,A076,20,0.9989886007707964
R0_vs_O3q,A076,21,0.9990150583077638
R0_vs_O3q,A076,22,0.99880218943359
R0_vs_O3q,A076,23,0.9988094749244634
R0_vs_O3q,A076,24,0.9989910845801399
R0_vs_O3q,A076,25,0.9991719805098079
R0_vs_O3q,A076,26,0.9989057818323288
R0_vs_O3q,A076,27,0.9992116909133697
R0_vs_O3q,A076,28,0.9988744464681373
R0_vs_O3q,A076,29,0.9982703229372296
R0_vs_O3q,A076,30,0.998787649509495
R0_vs_O3q,A076,31,0.9990346244239662
R0_vs_O3q,A076,32,0.9985111673990353
R0_vs_O3q,A076,33,0.998612146173954
R0_vs_O3q,A076,34,0.9973998290022271
R0_vs_O3q,A076,35,0.9982750680523246
R0_vs_O3q,A076,36,0.9986309481669106
R0_vs_O3q,A076,37,0.9973848157692511
R0_vs_O3q,A076,38,0.9986211056744101
R0_vs_O3q,A077,0,0.8264953220042994
R0_vs_O3q,A077,1,0.9960499076819526
R0_vs_O3q,A077,2,0.9984651799002574
R0_vs_O3q,A077,3,0.9991250108075344
R0_vs_O3q,A077,4,0.9991432551401183
R0_vs_O3q,A077,5,0.9993260082022332
R0_vs_O3q,A077,6,0.9989094338360054
R0_vs_O3q,A077,7,0.99926936929545
R0_vs_O3q,A077,8,0.9993872769950969
R0_vs_O3q,A077,9,0.9989933275002416
R0_vs_O3q,A077,10,0.9989470198362359
R0_vs_O3q,A077,11,0.9990650536967629
R0_vs_O3q,A077,12,0.9985896717549817
R0_vs_O3q,A077,13,0.999122594616782
R0_vs_O3q,A077,14,0.9990120075636185
R0_vs_O3q,A077,15,0.9990117824041445
R0_vs_O3q,A077,16,0.9990604842506112
R0_vs_O3q,A077,17,0.9987246067841601
R0_vs_O3q,A077,18,0.9990133566394105
R0_vs_O3q,A077,19,0.99871945219238
R0_vs_O3q,A077,20,0.9990749594165076
R0_vs_O3q,A077,21,0.9992465715302435
R0_vs_O3q,A077,22,0.9986531633411432
R0_vs_O3q,A077,23,0.9989971603843927
R0_vs_O3q,A077,24,0.9994082264253206
R0_vs_O3q,A077,25,0.9980826464546565
R0_vs_O3q,A077,26,0.998940531834801
R0_vs_O3q,A077,27,0.9987601331740373
R0_vs_O3q,A077,28,0.9986505610528981
R0_vs_O3q,A077,29,0.9985196144080721
R0_vs_O3q,A077,30,0.9987649309039025
R0_vs_O3q,A077,31,0.9991219091938351
R0_vs_O3q,A077,32,0.9987901755123174
R0_vs_O3q,A077,33,0.9986874912615629
R0_vs_O3q,A077,34,0.997275212982494
R0_vs_O3q,A077,35,0.9982955882027089
R0_vs_O3q,A077,36,0.9985968492101114
R0_vs_O3q,A077,37,0.9965515252184982
R0_vs_O3q,A077,38,0.99854113825245
R0_vs_O3q,A078,0,0.8264953220042994
R0_vs_O3q,A078,1,0.9960499076819526
R0_vs_O3q,A078,2,0.9984651799002574
R0_vs_O3q,A078,3,0.9991250108075344
R0_vs_O3q,A078,4,0.9991847610799037
R0_vs_O3q,A078,5,0.9989857883835462
R0_vs_O3q,A078,6,0.999429204848239
R0_vs_O3q,A078,7,0.9993928767137429
R0_vs_O3q,A078,8,0.9993914067575868
R0_vs_O3q,A078,9,0.999063634686055
R0_vs_O3q,A078,10,0.9989261380695711
R0_vs_O3q,A078,11,0.998988279968769
R0_vs_O3q,A078,12,0.9990506991078832
R0_vs_O3q,A078,13,0.9986530764266631
R0_vs_O3q,A078,14,0.9989677810907355
R0_vs_O3q,A078,15,0.9989823546094454
R0_vs_O3q,A078,16,0.9987407037757748
R0_vs_O3q,A078,17,0.998454479714054
R0_vs_O3q,A078,18,0.998778766010835
R0_vs_O3q,A078,19,0.9983405266958835
R0_vs_O3q,A078,20,0.9985170884807741
R0_vs_O3q,A078,21,0.9989698205900523
R0_vs_O3q,A078,22,0.9988898603062105
R0_vs_O3q,A078,23,0.9984966956188366
R0_vs_O3q,A078,24,0.9986497451794529
R0_vs_O3q,A078,25,0.9991736891620162
R0_vs_O3q,A078,26,0.9989765872291914
R0_vs_O3q,A078,27,0.9989897019548989
R0_vs_O3q,A078,28,0.9990686766977697
R0_vs_O3q,A078,29,0.9985616986223493
R0_vs_O3q,A078,30,0.9982444214691382
R0_vs_O3q,A078,31,0.9977347228863573
R0_vs_O3q,A078,32,0.9980140847621336
R0_vs_O3q,A078,33,0.9983333697648055
R0_vs_O3q,A078,34,0.998080337574832
R0_vs_O3q,A078,35,0.9994313213958611
R0_vs_O3q,A079,0,0.8264953220042994
R0_vs_O3q,A079,1,0.9960499076819526
R0_vs_O3q,A079,2,0.9984651799002574
R0_vs_O3q,A079,3,0.9991250108075344
R0_vs_O3q,A079,4,0.9991596922131585
R0_vs_O3q,A079,5,0.9990575879430853
R0_vs_O3q,A079,6,0.999440504845563
R0_vs_O3q,A079,7,0.9992726708802335
R0_vs_O3q,A079,8,0.9991787989789616
R0_vs_O3q,A079,9,0.9985833906484693
R0_vs_O3q,A079,10,0.998935076806693
R0_vs_O3q,A079,11,0.9988868255231816
R0_vs_O3q,A079,12,0.9996280681030453
R0_vs_O3q,A079,13,0.9989801329222378
R0_vs_O3q,A079,14,0.9987507047107889
R0_vs_O3q,A079,15,0.9979436360931702
R0_vs_O3q,A079,16,0.9985756236443523
R0_vs_O3q,A079,17,0.9985914874378845
R0_vs_O3q,A079,18,0.9983651233078219
R0_vs_O3q,A079,19,0.9985099056077349
R0_vs_O3q,A079,20,0.9983292775062422
R0_vs_O3q,A079,21,0.9983969069233424
R0_vs_O3q,A079,22,0.9985495173038184
R0_vs_O3q,A079,23,0.998986908954785
R0_vs_O3q,A079,24,0.9982864526712802
R0_vs_O3q,A079,25,0.9989102416354504
R0_vs_O3q,A079,26,0.9985836280492854
R0_vs_O3q,A079,27,0.9988411839924355
R0_vs_O3q,A079,28,0.9988641317552974
R0_vs_O3q,A079,29,0.9987626589394816
R0_vs_O3q,A079,30,0.9986241263939923
R0_vs_O3q,A079,31,0.9983466269356895
R0_vs_O3q,A079,32,0.9974915948600455
R0_vs_O3q,A079,33,0.9982580693620743
R0_vs_O3q,A079,34,0.9975723070658065
R0_vs_O3q,A079,35,0.9980142632534754
R0_vs_O3q,A079,36,0.9990297125840956
R0_vs_O3q,A080,0,0.8264953220042994
R0_vs_O3q,A080,1,0.9960499076819526
R0_vs_O3q,A080,2,0.9984651799002574
R0_vs_O3q,A080,3,0.9991250108075344
R0_vs_O3q,A080,4,0.9993116093395047
R0_vs_O3q,A080,5,0.9990349513923414
R0_vs_O3q,A080,6,0.9988148589861474
R0_vs_O3q,A080,7,0.9995873495871916
R0_vs_O3q,A080,8,0.998830816859117
R0_vs_O3q,A080,9,0.9986195220184737
R0_vs_O3q,A080,10,0.9991102149086044
R0_vs_O3q,A080,11,0.9991869355458136
R0_vs_O3q,A080,12,0.9984302594254469
R0_vs_O3q,A080,13,0.998741075705408
R0_vs_O3q,A080,14,0.9985135219529094
R0_vs_O3q,A080,15,0.9982262773209989
R0_vs_O3q,A080,16,0.9981842939035517
R0_vs_O3q,A080,17,0.9986922513173434
R0_vs_O3q,A080,18,0.9986885686349308
R0_vs_O3q,A080,19,0.9986465562266509
R0_vs_O3q,A080,20,0.9987440275425645
R0_vs_O3q,A080,21,0.9987255449468381
R0_vs_O3q,A080,22,0.9987538952431937
R0_vs_O3q,A080,23,0.9986127689252927
R0_vs_O3q,A080,24,0.9986651109416285
R0_vs_O3q,A080,25,0.9990856787595879
R0_vs_O3q,A080,26,0.9988547058424952
R0_vs_O3q,A080,27,0.9984444877209364
R0_vs_O3q,A080,28,0.9986339354874791
R0_vs_O3q,A080,29,0.9984905523449153
R0_vs_O3q,A080,30,0.997197955082378
R0_vs_O3q,A080,31,0.9983836033150306
R0_vs_O3q,A080,32,0.9983806174873756
R0_vs_O3q,A080,33,0.9974633404974279
R0_vs_O3q,A080,34,0.9987977210437905
R0_vs_O3q,A081,0,0.8264953220042994
R0_vs_O3q,A081,1,0.9960499076819526
R0_vs_O3q,A081,2,0.9984651799002574
R0_vs_O3q,A081,3,0.9991250108075344
R0_vs_O3q,A081,4,0.9992994874586795
R0_vs_O3q,A081,5,0.9992095613161944
R0_vs_O3q,A081,6,0.9989897952929742
R0_vs_O3q,A081,7,0.9992842877258262
R0_vs_O3q,A081,8,0.9990592322603459
R0_vs_O3q,A081,9,0.9989338771740933
R0_vs_O3q,A081,10,0.9995401543940471
R0_vs_O3q,A081,11,0.9993549697121615
R0_vs_O3q,A081,12,0.9986962287831003
R0_vs_O3q,A081,13,0.999209763927074
R0_vs_O3q,A081,14,0.998885774852853
R0_vs_O3q,A081,15,0.9987825506846476
R0_vs_O3q,A081,16,0.9992814704131137
R0_vs_O3q,A081,17,0.999080100985916
R0_vs_O3q,A081,18,0.9989034434387714
R0_vs_O3q,A081,19,0.998946449780141
R0_vs_O3q,A081,20,0.998443268898542
R0_vs_O3q,A081,21,0.9973137977967191
R0_vs_O3q,A081,22,0.9978712849518102
R0_vs_O3q,A081,23,0.9978089056676077
R0_vs_O3q,A081,24,0.9979336831773499
R0_vs_O3q,A081,25,0.9985407209072751
R0_vs_O3q,A082,0,0.8264953220042994
R0_vs_O3q,A082,1,0.9960499076819526
R0_vs_O3q,A082,2,0.9984651799002574
R0_vs_O3q,A082,3,0.9991250108075344
R0_vs_O3q,A082,4,0.9989368897626439
R0_vs_O3q,A082,5,0.9991179181673753
R0_vs_O3q,A082,6,0.9993097969885305
R0_vs_O3q,A082,7,0.999238873251264
R0_vs_O3q,A082,8,0.9996982914467895
R0_vs_O3q,A082,9,0.9998180171238612
R0_vs_O3q,A082,10,0.9995740943310205
R0_vs_O3q,A082,11,0.9996352265761794
R0_vs_O3q,A082,12,0.9990849466060409
R0_vs_O3q,A082,13,0.9993079367949613
R0_vs_O3q,A082,14,0.9995563041370925
R0_vs_O3q,A082,15,0.9992048410599028
R0_vs_O3q,A082,16,0.9989210466654689
R0_vs_O3q,A082,17,0.9991859400094711
R0_vs_O3q,A082,18,0.9992254305160603
R0_vs_O3q,A082,19,0.9989216957520439
R0_vs_O3q,A082,20,0.9987181560096204
R0_vs_O3q,A082,21,0.9983574145213701
R0_vs_O3q,A082,22,0.9972331543890491
R0_vs_O3q,A082,23,0.9981005854997673
R0_vs_O3q,A082,24,0.9985080816008078
R0_vs_O3q,A082,25,0.9980523480812875
R0_vs_O3q,A082,26,0.9986987478958983
R0_vs_O3q,A083,0,0.8264953220042994
R0_vs_O3q,A083,1,0.9960499076819526
R0_vs_O3q,A083,2,0.9984651799002574
R0_vs_O3q,A083,3,0.9991250108075344
R0_vs_O3q,A083,4,0.9993876230659343
R0_vs_O3q,A083,5,0.9984799199613845
R0_vs_O3q,A083,6,0.9986952537226637
R0_vs_O3q,A083,7,0.998062533069106
R0_vs_O3q,A083,8,0.9988854393712449
R0_vs_O3q,A083,9,0.999315602646132
R0_vs_O3q,A083,10,0.9995526322196824
R0_vs_O3q,A083,11,0.9994670850136078
R0_vs_O3q,A083,12,0.9994931495892835
R0_vs_O3q,A083,13,0.9992159061121202
R0_vs_O3q,A083,14,0.9992319204008081
R0_vs_O3q,A083,15,0.998582744572959
R0_vs_O3q,A083,16,0.9991038757521203
R0_vs_O3q,A083,17,0.998564791329211
R0_vs_O3q,A083,18,0.9985271907646964
R0_vs_O3q,A083,19,0.9990405300480572
R0_vs_O3q,A083,20,0.9985290685974156
R0_vs_O3q,A083,21,0.9984837220886631
R0_vs_O3q,A083,22,0.9980796079384537
R0_vs_O3q,A083,23,0.9973220128810134
R0_vs_O3q,A083,24,0.9979615540156944
R0_vs_O3q,A083,25,0.9988409556618814
R0_vs_O3q,A083,26,0.9980897188859388
R0_vs_O3q,A083,27,0.9991066856036923
R0_vs_O3q,A084,0,0.8264953220042994
R0_vs_O3q,A084,1,0.9960499076819526
R0_vs_O3q,A084,2,0.9984651799002574
R0_vs_O3q,A084,3,0.9991250108075344
R0_vs_O3q,A084,4,0.999361508650835
R0_vs_O3q,A084,5,0.9990155488861012
R0_vs_O3q,A084,6,0.9992417005824665
R0_vs_O3q,A084,7,0.9993746140868831
R0_vs_O3q,A084,8,0.9992074435879893
R0_vs_O3q,A084,9,0.9988678231126995
R0_vs_O3q,A084,10,0.9987256931262295
R0_vs_O3q,A084,11,0.9991342188826068
R0_vs_O3q,A084,12,0.9993728322759599
R0_vs_O3q,A084,13,0.9990778826392107
R0_vs_O3q,A084,14,0.9989832447610238
R0_vs_O3q,A084,15,0.9990070837162993
R0_vs_O3q,A084,16,0.9989813585858662
R0_vs_O3q,A084,17,0.9990438056604845
R0_vs_O3q,A084,18,0.9991442289605948
R0_vs_O3q,A084,19,0.998525351461617
R0_vs_O3q,A084,20,0.9977099832762418
R0_vs_O3q,A084,21,0.9981091624868326
R0_vs_O3q,A084,22,0.9985505717699353
R0_vs_O3q,A084,23,0.9980227200628217
R0_vs_O3q,A084,24,0.9981409618029612
R0_vs_O3q,A085,0,0.8264953220042994
R0_vs_O3q,A085,1,0.9960499076819526
R0_vs_O3q,A085,2,0.9984651799002574
R0_vs_O3q,A085,3,0.9991250108075344
R0_vs_O3q,A085,4,0.9989949433522053
R0_vs_O3q,A085,5,0.9986577795157504
R0_vs_O3q,A085,6,0.9991044409832108
R0_vs_O3q,A085,7,0.9993061178456775
R0_vs_O3q,A085,8,0.9991815391265984
R0_vs_O3q,A085,9,0.9996063132484441
R0_vs_O3q,A085,10,0.9994057583880176
R0_vs_O3q,A085,11,0.9993799422668379
R0_vs_O3q,A085,12,0.9994108530016457
R0_vs_O3q,A085,13,0.9995035702680888
R0_vs_O3q,A085,14,0.9991475870975688
R0_vs_O3q,A085,15,0.9991279852403998
R0_vs_O3q,A085,16,0.9994092850361697
R0_vs_O3q,A085,17,0.9992094307275365
R0_vs_O3q,A085,18,0.9993556310978565
R0_vs_O3q,A085,19,0.9983428936826441
R0_vs_O3q,A085,20,0.9976843081771422
R0_vs_O3q,A085,21,0.9975096793997722
R0_vs_O3q,A085,22,0.9987674579154271
R0_vs_O3q,A085,23,0.9985486029375934
R0_vs_O3q,A085,24,0.9993559338917314
R0_vs_O3q,A086,0,0.8264953220042994
R0_vs_O3q,A086,1,0.9960499076819526
R0_vs_O3q,A086,2,0.9984651799002574
R0_vs_O3q,A086,3,0.9991250108075344
R0_vs_O3q,A086,4,0.999099163498395
R0_vs_O3q,A086,5,0.999017870029604
R0_vs_O3q,A086,6,0.9987918368197607
R0_vs_O3q,A086,7,0.9993949471419131
R0_vs_O3q,A086,8,0.9993868625389377
R0_vs_O3q,A086,9,0.9994336097890427
R0_vs_O3q,A086,10,0.9993103341860597
R0_vs_O3q,A086,11,0.9994711040744463
R0_vs_O3q,A086,12,0.9996106564721993
R0_vs_O3q,A086,13,0.9994760759896747
R0_vs_O3q,A086,14,0.9993389182806391
R0_vs_O3q,A086,15,0.9992476812835268
R0_vs_O3q,A086,16,0.9985318702042493
R0_vs_O3q,A086,17,0.9978254031700994
R0_vs_O3q,A086,18,0.9982638992358837
R0_vs_O3q,A086,19,0.9988083439019583
R0_vs_O3q,A086,20,0.9972178301871605
R0_vs_O3q,A086,21,0.9987051898453486
R0_vs_O3q,A087,0,0.8264953220042994
R0_vs_O3q,A087,1,0.9960499076819526
R0_vs_O3q,A087,2,0.9984651799002574
R0_vs_O3q,A087,3,0.9991250108075344
R0_vs_O3q,A087,4,0.9992067911801966
R0_vs_O3q,A087,5,0.9989447009989947
R0_vs_O3q,A087,6,0.9992997085486993
R0_vs_O3q,A087,7,0.9988732048606503
R0_vs_O3q,A087,8,0.9988837541807871
R0_vs_O3q,A087,9,0.9986893687287481
R0_vs_O3q,A087,10,0.9991526090807574
R0_vs_O3q,A087,11,0.9987548945878506
R0_vs_O3q,A087,12,0.9992233337195388
R0_vs_O3q,A087,13,0.9988238233503387
R0_vs_O3q,A087,14,0.9993567916893042
R0_vs_O3q,A087,15,0.9992323740883279
R0_vs_O3q,A087,16,0.9983634055773316
R0_vs_O3q,A087,17,0.9973863401310997
R0_vs_O3q,A087,18,0.9981280696318078
R0_vs_O3q,A087,19,0.9979385839590698
R0_vs_O3q,A087,20,0.9979165760239689
R0_vs_O3q,A087,21,0.9987036963325053
R0_vs_O3q,A088,0,0.8264953220042994
R0_vs_O3q,A088,1,0.9960499076819526
R0_vs_O3q,A088,2,0.9984651799002574
R0_vs_O3q,A088,3,0.9991250108075344
R0_vs_O3q,A088,4,0.999188351146148
R0_vs_O3q,A088,5,0.9990884571727402
R0_vs_O3q,A088,6,0.9991961992894164
R0_vs_O3q,A088,7,0.9989628800038494
R0_vs_O3q,A088,8,0.9990227314952299
R0_vs_O3q,A088,9,0.9996639976264426
R0_vs_O3q,A088,10,0.9996438076991216
R0_vs_O3q,A088,11,0.999283206757687
R0_vs_O3q,A088,12,0.9990430251500942
R0_vs_O3q,A088,13,0.9985010442588859
R0_vs_O3q,A088,14,0.99904917471933
R0_vs_O3q,A088,15,0.9987043966225363
R0_vs_O3q,A088,16,0.9985353903316078
R0_vs_O3q,A088,17,0.9987948225939137
R0_vs_O3q,A088,18,0.998523420214128
R0_vs_O3q,A088,19,0.9973384502956198
R0_vs_O3q,A088,20,0.997638571467782
R0_vs_O3q,A088,21,0.998726282904917
R0_vs_O3q,A088,22,0.9979771842318141
R0_vs_O3q,A088,23,0.9989153603807484
R0_vs_O3q,A089,0,0.8264953220042994
R0_vs_O3q,A089,1,0.9960499076819526
R0_vs_O3q,A089,2,0.9984651799002574
R0_vs_O3q,A089,3,0.9991250108075344
R0_vs_O3q,A089,4,0.9991975020430491
R0_vs_O3q,A089,5,0.9988269765119338
R0_vs_O3q,A089,6,0.9992537971914229
R0_vs_O3q,A089,7,0.9987903987590493
R0_vs_O3q,A089,8,0.9989498664794771
R0_vs_O3q,A089,9,0.9989114898781907
R0_vs_O3q,A089,10,0.9987326698296223
R0_vs_O3q,A089,11,0.9991581312420335
R0_vs_O3q,A089,12,0.9992338674723578
R0_vs_O3q,A089,13,0.9993640534273422
R0_vs_O3q,A089,14,0.9988811074735469
R0_vs_O3q,A089,15,0.9993294625821366
R0_vs_O3q,A089,16,0.9989707851731336
R0_vs_O3q,A089,17,0.9986314116132047
R0_vs_O3q,A089,18,0.9988549077131512
R0_vs_O3q,A089,19,0.9985516669962298
R0_vs_O3q,A089,20,0.9982484130801402
R0_vs_O3q,A089,21,0.9974546670332318
R0_vs_O3q,A089,22,0.9979168220240874
R0_vs_O3q,A089,23,0.9987227426692832
R0_vs_O3q,A089,24,0.9980832077619041
R0_vs_O3q,A089,25,0.9984877098315054
R0_vs_O3q,A090,0,0.8264953220042994
R0_vs_O3q,A090,1,0.9960499076819526
R0_vs_O3q,A090,2,0.9984651799002574
R0_vs_O3q,A090,3,0.9991250108075344
R0_vs_O3q,A090,4,0.9985906814481075
R0_vs_O3q,A090,5,0.9988072188461482
R0_vs_O3q,A090,6,0.9989963009012081
R0_vs_O3q,A090,7,0.9991455122442529
R0_vs_O3q,A090,8,0.9985631175352112
R0_vs_O3q,A090,9,0.9989925992939149
R0_vs_O3q,A090,10,0.9983260968715921
R0_vs_O3q,A090,11,0.9989857791138508
R0_vs_O3q,A090,12,0.9993479345235009
R0_vs_O3q,A090,13,0.9989639443901586
R0_vs_O3q,A090,14,0.9994821831574712
R0_vs_O3q,A090,15,0.9990066122637009
R0_vs_O3q,A090,16,0.9991560694266669
R0_vs_O3q,A090,17,0.9989976313172451
R0_vs_O3q,A090,18,0.999272068406702
R0_vs_O3q,A090,19,0.999064058776031
R0_vs_O3q,A090,20,0.9990758310761714
R0_vs_O3q,A090,21,0.9992942432169554
R0_vs_O3q,A090,22,0.9989773413705505
R0_vs_O3q,A090,23,0.9982878271181209
R0_vs_O3q,A090,24,0.9978670410996902
R0_vs_O3q,A090,25,0.9983625570489402
R0_vs_O3q,A090,26,0.9987579389710017
R0_vs_O3q,A090,27,0.9971937671218158
R0_vs_O3q,A090,28,0.9979014498732719
R0_vs_O3q,A091,0,0.8264953220042994
R0_vs_O3q,A091,1,0.9960499076819526
R0_vs_O3q,A091,2,0.9984651799002574
R0_vs_O3q,A091,3,0.9994816629956924
R0_vs_O3q,A091,4,0.9991428481592188
R0_vs_O3q,A091,5,0.9990207495191216
R0_vs_O3q,A091,6,0.9985663130322628
R0_vs_O3q,A091,7,0.9987067540926525
R0_vs_O3q,A091,8,0.9990722735527171
R0_vs_O3q,A091,9,0.9986574051053294
R0_vs_O3q,A091,10,0.9986084599954783
R0_vs_O3q,A091,11,0.9986099421100877
R0_vs_O3q,A091,12,0.9985280044817313
R0_vs_O3q,A091,13,0.9990028386390725
R0_vs_O3q,A091,14,0.9979657606066031
R0_vs_O3q,A091,15,0.998697983575769
R0_vs_O3q,A091,16,0.9983091759137284
R0_vs_O3q,A091,17,0.9975480209222491
R0_vs_O3q,A091,18,0.9975662801309569
R0_vs_O3q,A091,19,0.99881496938434
R0_vs_O3q,A091,20,0.9984258947141045
R0_vs_O3q,A091,21,0.9981037621425094
R0_vs_O3q,A092,0,0.8264953220042994
R0_vs_O3q,A092,1,0.9960499076819526
R0_vs_O3q,A092,2,0.9984651799002574
R0_vs_O3q,A092,3,0.9994816629956924
R0_vs_O3q,A092,4,0.9991353256898222
R0_vs_O3q,A092,5,0.9990999191731097
R0_vs_O3q,A092,6,0.998945742694308
R0_vs_O3q,A092,7,0.9987411817730498
R0_vs_O3q,A092,8,0.9981118862302483
R0_vs_O3q,A092,9,0.9988708032243426
R0_vs_O3q,A092,10,0.9990104221863327
R0_vs_O3q,A092,11,0.9991085977141472
R0_vs_O3q,A092,12,0.9988671951065937
R0_vs_O3q,A092,13,0.9988864663783762
R0_vs_O3q,A092,14,0.9986856710031485
R0_vs_O3q,A092,15,0.9987032859225912
R0_vs_O3q,A092,16,0.9990916319403457
R0_vs_O3q,A092,17,0.9990172231292335
R0_vs_O3q,A092,18,0.999075598834037
R0_vs_O3q,A092,19,0.9981924403977174
R0_vs_O3q,A092,20,0.998537750784318
R0_vs_O3q,A092,21,0.9982267689711063
R0_vs_O3q,A092,22,0.9983931457070705
R0_vs_O3q,A092,23,0.9984113153428491
R0_vs_O3q,A092,24,0.9989798127492583
R0_vs_O3q,A092,25,0.9990676161442151
R0_vs_O3q,A092,26,0.998541613650621
R0_vs_O3q,A092,27,0.998942730966743
R0_vs_O3q,A092,28,0.998149987776908
R0_vs_O3q,A092,29,0.9974742777027996
R0_vs_O3q,A092,30,0.9979600915788519
R0_vs_O3q,A092,31,0.9958665665403623
R0_vs_O3q,A092,32,0.9984350834048582
R0_vs_O3q,A092,33,0.9991051270629014
R0_vs_O3q,A093,0,0.8264953220042994
R0_vs_O3q,A093,1,0.9960499076819526
R0_vs_O3q,A093,2,0.9984651799002574
R0_vs_O3q,A093,3,0.9994198669767473
R0_vs_O3q,A093,4,0.9994025465763176
R0_vs_O3q,A093,5,0.9987716897051219
R0_vs_O3q,A093,6,0.9988240140293558
R0_vs_O3q,A093,7,0.9990978830706027
R0_vs_O3q,A093,8,0.9993995279359659
R0_vs_O3q,A093,9,0.9992771386017019
R0_vs_O3q,A093,10,0.9988389088207668
R0_vs_O3q,A093,11,0.9993169799517642
R0_vs_O3q,A093,12,0.9989617223166359
R0_vs_O3q,A093,13,0.9987559318733977
R0_vs_O3q,A093,14,0.9991797182080449
R0_vs_O3q,A093,15,0.9990213594371604
R0_vs_O3q,A093,16,0.9987523887924702
R0_vs_O3q,A093,17,0.9984329919226722
R0_vs_O3q,A093,18,0.9976884606384807
R0_vs_O3q,A093,19,0.9981097802542424
R0_vs_O3q,A093,20,0.9983688245350943
R0_vs_O3q,A093,21,0.9981996332582797
R0_vs_O3q,A093,22,0.9989269571164507
R0_vs_O3q,A094,0,0.8264953220042994
R0_vs_O3q,A094,1,0.9960499076819526
R0_vs_O3q,A094,2,0.9984651799002574
R0_vs_O3q,A094,3,0.9995141626477784
R0_vs_O3q,A094,4,0.9987542203471809
R0_vs_O3q,A094,5,0.9991626777627282
R0_vs_O3q,A094,6,0.9992663133794917
R0_vs_O3q,A094,7,0.999081931464265
R0_vs_O3q,A094,8,0.9987195635363033
R0_vs_O3q,A094,9,0.9991812926752105
R0_vs_O3q,A094,10,0.9988681348225682
R0_vs_O3q,A094,11,0.9988733515599426
R0_vs_O3q,A094,12,0.9988489983314515
R0_vs_O3q,A094,13,0.999226118316698
R0_vs_O3q,A094,14,0.9990507616436757
R0_vs_O3q,A094,15,0.9990971985874677
R0_vs_O3q,A094,16,0.9990094739537295
R0_vs_O3q,A094,17,0.9988694455657744
R0_vs_O3q,A094,18,0.9986076426007371
R0_vs_O3q,A094,19,0.9976042514493573
R0_vs_O3q,A094,20,0.9979703182714817
R0_vs_O3q,A094,21,0.9986146895153355
R0_vs_O3q,A094,22,0.99816381537774
R0_vs_O3q,A094,23,0.9984551606228621
R0_vs_O3q,A095,0,0.8264953220042994
R0_vs_O3q,A095,1,0.9960499076819526
R0_vs_O3q,A095,2,0.9984651799002574
R0_vs_O3q,A095,3,0.9994816629956924
R0_vs_O3q,A095,4,0.999263850248311
R0_vs_O3q,A095,5,0.9982619496480113
R0_vs_O3q,A095,6,0.9988622432144881
R0_vs_O3q,A095,7,0.9985034637643423
R0_vs_O3q,A095,8,0.9991363256645931
R0_vs_O3q,A095,9,0.9992018387518684
R0_vs_O3q,A095,10,0.9984274744815396
R0_vs_O3q,A095,11,0.9992893057749074
R0_vs_O3q,A095,12,0.9991818277565424
R0_vs_O3q,A095,13,0.9990009734352532
R0_vs_O3q,A095,14,0.9990835763663978
R0_vs_O3q,A095,15,0.9982547550271725
R0_vs_O3q,A095,16,0.998567346092149
R0_vs_O3q,A095,17,0.9986701353059549
R0_vs_O3q,A095,18,0.9986375420132798
R0_vs_O3q,A095,19,0.9994361243716933
R0_vs_O3q,A095,20,0.9988670396337476
R0_vs_O3q,A095,21,0.9993338594583698
R0_vs_O3q,A095,22,0.9984150693056697
R0_vs_O3q,A095,23,0.9982966320907692
R0_vs_O3q,A095,24,0.9990558449789935
R0_vs_O3q,A095,25,0.99853823102084
R0_vs_O3q,A095,26,0.9986196583235938
R0_vs_O3q,A095,27,0.9983607401250634
R0_vs_O3q,A095,28,0.9975211449837024
R0_vs_O3q,A095,29,0.998108547546942
R0_vs_O3q,A095,30,0.9982501755703553
R0_vs_O3q,A095,31,0.998446743043731
R0_vs_O3q,A095,32,0.9991338311984806
R0_vs_O3q,A096,0,0.8264953220042994
R0_vs_O3q,A096,1,0.9960499076819526
R0_vs_O3q,A096,2,0.9984651799002574
R0_vs_O3q,A096,3,0.9994198669767473
R0_vs_O3q,A096,4,0.999152925920172
R0_vs_O3q,A096,5,0.9991828426579673
R0_vs_O3q,A096,6,0.9991235477044965
R0_vs_O3q,A096,7,0.998658403189688
R0_vs_O3q,A096,8,0.9988247282196558
R0_vs_O3q,A096,9,0.9989687075768642
R0_vs_O3q,A096,10,0.9992098782372388
R0_vs_O3q,A096,11,0.9994077337825522
R0_vs_O3q,A096,12,0.9991805093940258
R0_vs_O3q,A096,13,0.9988757213163804
R0_vs_O3q,A096,14,0.9987497356726004
R0_vs_O3q,A096,15,0.9989270890465796
R0_vs_O3q,A096,16,0.9985715896482661
R0_vs_O3q,A096,17,0.9983473772085446
R0_vs_O3q,A096,18,0.9974377287976178
R0_vs_O3q,A096,19,0.9975895167279544
R0_vs_O3q,A096,20,0.9985558125917607
R0_vs_O3q,A096,21,0.998544091753018
R0_vs_O3q,A096,22,0.9989048253033539
R0_vs_O3q,A097,0,0.8264953220042994
R0_vs_O3q,A097,1,0.9960499076819526
R0_vs_O3q,A097,2,0.9984651799002574
R0_vs_O3q,A097,3,0.9994816629956924
R0_vs_O3q,A097,4,0.9986528962917701
R0_vs_O3q,A097,5,0.9985296705997061
R0_vs_O3q,A097,6,0.9987464108937386
R0_vs_O3q,A097,7,0.9989197208407585
R0_vs_O3q,A097,8,0.9986084547614446
R0_vs_O3q,A097,9,0.9989770841732141
R0_vs_O3q,A097,10,0.999333267842904
R0_vs_O3q,A097,11,0.9988695564876278
R0_vs_O3q,A097,12,0.9994780264992799
R0_vs_O3q,A097,13,0.9992008652190747
R0_vs_O3q,A097,14,0.9986235174313375
R0_vs_O3q,A097,15,0.9989690099395395
R0_vs_O3q,A097,16,0.9991892433411801
R0_vs_O3q,A097,17,0.9991034986466414
R0_vs_O3q,A097,18,0.9990320650559892
R0_vs_O3q,A097,19,0.9976858954534659
R0_vs_O3q,A097,20,0.998256410238968
R0_vs_O3q,A097,21,0.9975891735537741
R0_vs_O3q,A097,22,0.9977352565455253
R0_vs_O3q,A097,23,0.9978437430267628
R0_vs_O3q,A097,24,0.998055895431294
R0_vs_O3q,A097,25,0.9986454830596245
R0_vs_O3q,A098,0,0.8264953220042994
R0_vs_O3q,A098,1,0.9960499076819526
R0_vs_O3q,A098,2,0.9984651799002574
R0_vs_O3q,A098,3,0.9995141626477784
R0_vs_O3q,A098,4,0.9992152686560005
R0_vs_O3q,A098,5,0.999092995053482
R0_vs_O3q,A098,6,0.9991455497945168
R0_vs_O3q,A098,7,0.9989429552503072
R0_vs_O3q,A098,8,0.999241799159249
R0_vs_O3q,A098,9,0.9989143991070007
R0_vs_O3q,A098,10,0.9994237032928522
R0_vs_O3q,A098,11,0.9985465234647428
R0_vs_O3q,A098,12,0.9990881235251737
R0_vs_O3q,A098,13,0.999154740278514
R0_vs_O3q,A098,14,0.9991747952565369
R0_vs_O3q,A098,15,0.9991371777761525
R0_vs_O3q,A098,16,0.9989536233563828
R0_vs_O3q,A098,17,0.9990898664800638
R0_vs_O3q,A098,18,0.999093289369103
R0_vs_O3q,A098,19,0.9990049380081367
R0_vs_O3q,A098,20,0.9990748511107262
R0_vs_O3q,A098,21,0.9991140844515305
R0_vs_O3q,A098,22,0.9985799252392507
R0_vs_O3q,A098,23,0.997493146431284
R0_vs_O3q,A098,24,0.9970866944595913
R0_vs_O3q,A098,25,0.9984626177818978
R0_vs_O3q,A098,26,0.9984284247561149
R0_vs_O3q,A098,27,0.9988396797954388
R0_vs_O3q,A099,0,0.8264953220042994
R0_vs_O3q,A099,1,0.9960499076819526
R0_vs_O3q,A099,2,0.9984651799002574
R0_vs_O3q,A099,3,0.9994816629956924
R0_vs_O3q,A099,4,0.9991632761384951
R0_vs_O3q,A099,5,0.998569643649272
R0_vs_O3q,A099,6,0.998923104874615
R0_vs_O3q,A099,7,0.9988184616694736
R0_vs_O3q,A099,8,0.9993903234131997
R0_vs_O3q,A099,9,0.9994280631456486
R0_vs_O3q,A099,10,0.9987520462983789
R0_vs_O3q,A099,11,0.9988833664331772
R0_vs_O3q,A099,12,0.9989874588104468
R0_vs_O3q,A099,13,0.9987636729609054
R0_vs_O3q,A099,14,0.9984876568998272
R0_vs_O3q,A099,15,0.9983843630276981
R0_vs_O3q,A099,16,0.9985901717427614
R0_vs_O3q,A099,17,0.9987414495908735
R0_vs_O3q,A099,18,0.9990217415435162
R0_vs_O3q,A099,19,0.9988731636815993
R0_vs_O3q,A099,20,0.9980446114653936
R0_vs_O3q,A099,21,0.9975174328973687
R0_vs_O3q,A099,22,0.9986079860796209
R0_vs_O3q,A099,23,0.9984088632240752
R0_vs_O3q,A099,24,0.9977675569222234
R0_vs_O3q,A099,25,0.9976960742909632
R0_vs_O3q,A099,26,0.9986453520236241
R0_vs_O3q,A099,27,0.998336885157028
R0_vs_O3q,A099,28,0.998835413509233
R0_vs_O3q,A100,0,0.8264953220042994
R0_vs_O3q,A100,1,0.9960499076819526
R0_vs_O3q,A100,2,0.9984651799002574
R0_vs_O3q,A100,3,0.9994198669767473
R0_vs_O3q,A100,4,0.9989371494739537
R0_vs_O3q,A100,5,0.999002572851859
R0_vs_O3q,A100,6,0.9994044143898757
R0_vs_O3q,A100,7,0.9993467327621248
R0_vs_O3q,A100,8,0.9990155378261922
R0_vs_O3q,A100,9,0.9989818852860269
R0_vs_O3q,A100,10,0.9989494808245982
R0_vs_O3q,A100,11,0.999061431193983
R0_vs_O3q,A100,12,0.9987982975613444
R0_vs_O3q,A100,13,0.999051439886256
R0_vs_O3q,A100,14,0.9988796010352464
R0_vs_O3q,A100,15,0.9990965082845167
R0_vs_O3q,A100,16,0.9987842219967847
R0_vs_O3q,A100,17,0.9983313447483448
R0_vs_O3q,A100,18,0.9975348159779391
R0_vs_O3q,A100,19,0.9979494682012156
R0_vs_O3q,A100,20,0.9985381959061597
R0_vs_O3q,A100,21,0.9980279924204185
R0_vs_O3q,A100,22,0.9988104983947034
