pair,pid,token_index,cosine
O3p_vs_O3r,A001,0,0.9999211868588908
O3p_vs_O3r,A001,1,0.9999846603027892
O3p_vs_O3r,A001,2,0.9999932111727967
O3p_vs_O3r,A001,3,0.9999931596602061
O3p_vs_O3r,A001,4,0.9999970891646406
O3p_vs_O3r,A001,5,0.9999953283213514
O3p_vs_O3r,A001,6,0.9999972091831567
O3p_vs_O3r,A001,7,0.9999964020420781
O3p_vs_O3r,A001,8,0.999995215452144
O3p_vs_O3r,A001,9,0.9999930994933206
O3p_vs_O3r,A001,10,0.9999919466796663
O3p_vs_O3r,A001,11,0.9999865783710982
O3p_vs_O3r,A001,12,0.999993116597815
O3p_vs_O3r,A001,13,0.9999973808257194
O3p_vs_O3r,A001,14,0.9999966762441345
O3p_vs_O3r,A001,15,0.9999942455482174
O3p_vs_O3r,A002,0,0.9999211868588908
O3p_vs_O3r,A002,1,0.9999846603027892
O3p_vs_O3r,A002,2,0.9999932111727967
O3p_vs_O3r,A002,3,0.9999931596602061
O3p_vs_O3r,A002,4,0.9999957159578319
O3p_vs_O3r,A002,5,0.9999959275194797
O3p_vs_O3r,A002,6,0.9999948389392426
O3p_vs_O3r,A002,7,0.9999961920721904
O3p_vs_O3r,A002,8,0.9999964663833096
O3p_vs_O3r,A002,9,0.9999985262403891
O3p_vs_O3r,A002,10,0.9999937597817852
O3p_vs_O3r,A002,11,0.9999898081411827
O3p_vs_O3r,A002,12,0.9999815419011582
O3p_vs_O3r,A002,13,0.999989164817829
O3p_vs_O3r,A002,14,0.9999915175864191
O3p_vs_O3r,A002,15,0.9999955829711926
O3p_vs_O3r,A002,16,0.9999945000292283
O3p_vs_O3r,A003,0,0.9999211868588908
O3p_vs_O3r,A003,1,0.9999846603027892
O3p_vs_O3r,A003,2,0.9999932111727967
O3p_vs_O3r,A003,3,0.9999931596602061
O3p_vs_O3r,A003,4,0.9999882944309768
O3p_vs_O3r,A003,5,0.9999916754185597
O3p_vs_O3r,A003,6,0.9999919962075692
O3p_vs_O3r,A003,7,0.9999957346791456
O3p_vs_O3r,A003,8,0.9999969905422053
O3p_vs_O3r,A003,9,0.9999945673332915
O3p_vs_O3r,A003,10,0.9999905438328807
O3p_vs_O3r,A003,11,0.9999849279011152
O3p_vs_O3r,A003,12,0.9999914009752002
O3p_vs_O3r,A003,13,0.9999961252752044
O3p_vs_O3r,A003,14,0.9999955451057347
O3p_vs_O3r,A003,15,0.9999960985605019
O3p_vs_O3r,A004,0,0.9999211868588908
O3p_vs_O3r,A004,1,0.9999846603027892
O3p_vs_O3r,A004,2,0.9999932111727967
O3p_vs_O3r,A004,3,0.9999931594805362
O3p_vs_O3r,A004,4,0.9999950424881886
O3p_vs_O3r,A004,5,0.9999910589041637
O3p_vs_O3r,A004,6,0.9999910809439215
O3p_vs_O3r,A004,7,0.999993680980684
O3p_vs_O3r,A004,8,0.9999936106759468
O3p_vs_O3r,A004,9,0.999996408784048
O3p_vs_O3r,A004,10,0.9999950388285324
O3p_vs_O3r,A004,11,0.9999945191243086
O3p_vs_O3r,A004,12,0.9999895112681941
O3p_vs_O3r,A004,13,0.9999869660464392
O3p_vs_O3r,A004,14,0.999994221006611
O3p_vs_O3r,A004,15,0.999986947386397
O3p_vs_O3r,A004,16,0.9999963038472947
O3p_vs_O3r,A004,17,0.9999960131996507
O3p_vs_O3r,A005,0,0.9999211868588908
O3p_vs_O3r,A005,1,0.9999846603027892
O3p_vs_O3r,A005,2,0.9999932111727967
O3p_vs_O3r,A005,3,0.9999931594805362
O3p_vs_O3r,A005,4,0.9999918310340425
O3p_vs_O3r,A005,5,0.9999958356154487
O3p_vs_O3r,A005,6,0.9999915808709544
O3p_vs_O3r,A005,7,0.9999958796026942
O3p_vs_O3r,A005,8,0.9999961555214867
O3p_vs_O3r,A005,9,0.999995671633145
O3p_vs_O3r,A005,10,0.9999958457851559
O3p_vs_O3r,A005,11,0.9999935371185446
O3p_vs_O3r,A005,12,0.999988977057535
O3p_vs_O3r,A005,13,0.9999816086242296
O3p_vs_O3r,A005,14,0.9999930254399328
O3p_vs_O3r,A005,15,0.9999892960299278
O3p_vs_O3r,A005,16,0.9999960415274919
O3p_vs_O3r,A005,17,0.9999969086705841
O3p_vs_O3r,A006,0,0.9999211868588908
O3p_vs_O3r,A006,1,0.9999846603027892
O3p_vs_O3r,A006,2,0.9999932111727967
O3p_vs_O3r,A006,3,0.9999931594805362
O3p_vs_O3r,A006,4,0.9999938594335492
O3p_vs_O3r,A006,5,0.9999940389693694
O3p_vs_O3r,A006,6,0.9999956344424178
O3p_vs_O3r,A006,7,0.9999954713295212
O3p_vs_O3r,A006,8,0.9999951972723906
O3p_vs_O3r,A006,9,0.9999956531702854
O3p_vs_O3r,A006,10,0.9999934428265703
O3p_vs_O3r,A006,11,0.9999928790852411
O3p_vs_O3r,A006,12,0.9999930264016524
O3p_vs_O3r,A006,13,0.9999918670088657
O3p_vs_O3r,A006,14,0.9999836574994052
O3p_vs_O3r,A006,15,0.9999915643883578
O3p_vs_O3r,A006,16,0.999996446144747
O3p_vs_O3r,A006,17,0.9999966858844538
O3p_vs_O3r,A006,18,0.999992765007594
O3p_vs_O3r,A007,0,0.9999211868588908
O3p_vs_O3r,A007,1,0.9999846603027892
O3p_vs_O3r,A007,2,0.9999932111727967
O3p_vs_O3r,A007,3,0.9999931596602061
O3p_vs_O3r,A007,4,0.9999974105662525
O3p_vs_O3r,A007,5,0.9999907829928828
O3p_vs_O3r,A007,6,0.9999937557092726
O3p_vs_O3r,A007,7,0.9999969482135765
O3p_vs_O3r,A007,8,0.9999931447390955
O3p_vs_O3r,A007,9,0.9999935408499311
O3p_vs_O3r,A007,10,0.9999917069966716
O3p_vs_O3r,A007,11,0.9999893913927549
O3p_vs_O3r,A007,12,0.9999945467969682
O3p_vs_O3r,A007,13,0.9999947285018534
O3p_vs_O3r,A007,14,0.9999971963776713
O3p_vs_O3r,A007,15,0.9999975418758639
O3p_vs_O3r,A008,0,0.9999211868588908
O3p_vs_O3r,A008,1,0.9999846603027892
O3p_vs_O3r,A008,2,0.9999932111727967
O3p_vs_O3r,A008,3,0.9999931596602061
O3p_vs_O3r,A008,4,0.9999947334421547
O3p_vs_O3r,A008,5,0.9999915483376652
O3p_vs_O3r,A008,6,0.9999945482388932
O3p_vs_O3r,A008,7,0.9999955883008591
O3p_vs_O3r,A008,8,0.9999968684384105
O3p_vs_O3r,A008,9,0.9999941389957063
O3p_vs_O3r,A008,10,0.9999932312446848
O3p_vs_O3r,A008,11,0.9999906695562374
O3p_vs_O3r,A008,12,0.9999842422237748
O3p_vs_O3r,A008,13,0.9999938644076339
O3p_vs_O3r,A008,14,0.9999923441734869
O3p_vs_O3r,A008,15,0.999996899834904
O3p_vs_O3r,A008,16,0.9999956933715033
O3p_vs_O3r,A009,0,0.9999211868588908
O3p_vs_O3r,A009,1,0.9999846603027892
O3p_vs_O3r,A009,2,0.9999932111727967
O3p_vs_O3r,A009,3,0.9999931594805362
O3p_vs_O3r,A009,4,0.9999966606768027
O3p_vs_O3r,A009,5,0.9999928879908521
O3p_vs_O3r,A009,6,0.9999951749006772
O3p_vs_O3r,A009,7,0.9999968655145397
O3p_vs_O3r,A009,8,0.999996665036803
O3p_vs_O3r,A009,9,0.9999957734573944
O3p_vs_O3r,A009,10,0.9999976011229577
O3p_vs_O3r,A009,11,0.9999978327725718
O3p_vs_O3r,A009,12,0.9999952926680334
O3p_vs_O3r,A009,13,0.9999912395366941
O3p_vs_O3r,A009,14,0.999982964082648
O3p_vs_O3r,A009,15,0.9999931564833366
O3p_vs_O3r,A009,16,0.9999959736039568
O3p_vs_O3r,A009,17,0.9999969365941679
O3p_vs_O3r,A009,18,0.9999958114420593
O3p_vs_O3r,A010,0,0.9999211868588908
O3p_vs_O3r,A010,1,0.9999846603027892
O3p_vs_O3r,A010,2,0.9999932111727967
O3p_vs_O3r,A010,3,0.9999931596602061
O3p_vs_O3r,A010,4,0.9999950816429347
O3p_vs_O3r,A010,5,0.9999955273553839
O3p_vs_O3r,A010,6,0.9999969796566252
O3p_vs_O3r,A010,7,0.9999957604849636
O3p_vs_O3r,A010,8,0.9999963972970998
O3p_vs_O3r,A010,9,0.9999952625284126
O3p_vs_O3r,A010,10,0.9999941723768149
O3p_vs_O3r,A010,11,0.9999889043854718
O3p_vs_O3r,A010,12,0.9999824342931979
O3p_vs_O3r,A010,13,0.9999934116320291
O3p_vs_O3r,A010,14,0.9999950693998217
O3p_vs_O3r,A010,15,0.9999964644794807
O3p_vs_O3r,A010,16,0.999995478401574
O3p_vs_O3r,A011,0,0.9999211868588908
O3p_vs_O3r,A011,1,0.9999846603027892
O3p_vs_O3r,A011,2,0.9999932111727967
O3p_vs_O3r,A011,3,0.9999931594805362
O3p_vs_O3r,A011,4,0.9999908971400316
O3p_vs_O3r,A011,5,0.9999957298819978
O3p_vs_O3r,A011,6,0.99999615962532
O3p_vs_O3r,A011,7,0.9999960382393427
O3p_vs_O3r,A011,8,0.9999936363074742
O3p_vs_O3r,A011,9,0.9999964346914944
O3p_vs_O3r,A011,10,0.9999960976011756
O3p_vs_O3r,A011,11,0.9999958375647457
O3p_vs_O3r,A011,12,0.9999948147693715
O3p_vs_O3r,A011,13,0.9999381653731938
O3p_vs_O3r,A011,14,0.999993724883715
O3p_vs_O3r,A011,15,0.9999933279549338
O3p_vs_O3r,A011,16,0.9999927046052098
O3p_vs_O3r,A011,17,0.9999966778029727
O3p_vs_O3r,A011,18,0.9999946290162217
O3p_vs_O3r,A011,19,0.999995225509425
O3p_vs_O3r,A011,20,0.9999952097545737
O3p_vs_O3r,A011,21,0.9999950861437991
O3p_vs_O3r,A011,22,0.9999902835530304
O3p_vs_O3r,A011,23,0.9999863535390724
O3p_vs_O3r,A011,24,0.9999926908083502
O3p_vs_O3r,A011,25,0.9999880897933424
O3p_vs_O3r,A011,26,0.9999962484656261
O3p_vs_O3r,A011,27,0.9999949023138306
O3p_vs_O3r,A012,0,0.9999211868588908
O3p_vs_O3r,A012,1,0.9999846603027892
O3p_vs_O3r,A012,2,0.9999932111727967
O3p_vs_O3r,A012,3,0.9999931594805362
O3p_vs_O3r,A012,4,0.9999949580088903
O3p_vs_O3r,A012,5,0.9999959208421365
O3p_vs_O3r,A012,6,0.9999975548990321
O3p_vs_O3r,A012,7,0.9999971357700217
O3p_vs_O3r,A012,8,0.9999950039345458
O3p_vs_O3r,A012,9,0.9999970585248366
O3p_vs_O3r,A012,10,0.9999953958990077
O3p_vs_O3r,A012,11,0.9999965773669208
O3p_vs_O3r,A012,12,0.9999936512643025
O3p_vs_O3r,A012,13,0.9999940742113361
O3p_vs_O3r,A012,14,0.999993596296598
O3p_vs_O3r,A012,15,0.9999925360517464
O3p_vs_O3r,A012,16,0.9999945790979512
O3p_vs_O3r,A012,17,0.9999946532441445
O3p_vs_O3r,A012,18,0.9999960443283273
O3p_vs_O3r,A012,19,0.999989659553985
O3p_vs_O3r,A012,20,0.9999930500849007
O3p_vs_O3r,A012,21,0.9999920521396124
O3p_vs_O3r,A012,22,0.999985957223983
O3p_vs_O3r,A012,23,0.9999943326102078
O3p_vs_O3r,A012,24,0.9999953411513455
O3p_vs_O3r,A012,25,0.9999963563503481
O3p_vs_O3r,A012,26,0.9999924157257128
O3p_vs_O3r,A013,0,0.9999211868588908
O3p_vs_O3r,A013,1,0.9999846603027892
O3p_vs_O3r,A013,2,0.9999932111727967
O3p_vs_O3r,A013,3,0.9999931594805362
O3p_vs_O3r,A013,4,0.9999959614121156
O3p_vs_O3r,A013,5,0.9999952190300998
O3p_vs_O3r,A013,6,0.9999944187699678
O3p_vs_O3r,A013,7,0.9999961325063981
O3p_vs_O3r,A013,8,0.9999945872819374
O3p_vs_O3r,A013,9,0.9999954479593035
O3p_vs_O3r,A013,10,0.9999949017115273
O3p_vs_O3r,A013,11,0.9999938709052686
O3p_vs_O3r,A013,12,0.9999927318933286
O3p_vs_O3r,A013,13,0.9999946031639457
O3p_vs_O3r,A013,14,0.99999271777867
O3p_vs_O3r,A013,15,0.9999944370870014
O3p_vs_O3r,A013,16,0.9999927977174963
O3p_vs_O3r,A013,17,0.9999894363826978
O3p_vs_O3r,A013,18,0.9999873641528922
O3p_vs_O3r,A013,19,0.9999936013522662
O3p_vs_O3r,A013,20,0.9999973241032591
O3p_vs_O3r,A013,21,0.9999966972322164
O3p_vs_O3r,A013,22,0.9999931929439293
O3p_vs_O3r,A014,0,0.9999211868588908
O3p_vs_O3r,A014,1,0.9999846603027892
O3p_vs_O3r,A014,2,0.9999932111727967
O3p_vs_O3r,A014,3,0.9999931594805362
O3p_vs_O3r,A014,4,0.999995378790726
O3p_vs_O3r,A014,5,0.9999932069170248
O3p_vs_O3r,A014,6,0.9999935845728306
O3p_vs_O3r,A014,7,0.9999938081256338
O3p_vs_O3r,A014,8,0.9999967364287194
O3p_vs_O3r,A014,9,0.9999951486947801
O3p_vs_O3r,A014,10,0.9999939605629163
O3p_vs_O3r,A014,11,0.9999925435579317
O3p_vs_O3r,A014,12,0.999993582156525
O3p_vs_O3r,A014,13,0.9999913505101699
O3p_vs_O3r,A014,14,0.9999958460243836
O3p_vs_O3r,A014,15,0.9999912021847124
O3p_vs_O3r,A014,16,0.9999907045218647
O3p_vs_O3r,A014,17,0.9999917992990751
O3p_vs_O3r,A014,18,0.9999926667866632
O3p_vs_O3r,A014,19,0.9999895223912034
O3p_vs_O3r,A014,20,0.9999886346342554
O3p_vs_O3r,A014,21,0.9999948716243761
O3p_vs_O3r,A014,22,0.9999522234549669
O3p_vs_O3r,A014,23,0.999996897114674
O3p_vs_O3r,A014,24,0.9999967972984898
O3p_vs_O3r,A015,0,0.9999211868588908
O3p_vs_O3r,A015,1,0.9999846603027892
O3p_vs_O3r,A015,2,0.9999932111727967
O3p_vs_O3r,A015,3,0.9999931594805362
O3p_vs_O3r,A015,4,0.9999966201023848
O3p_vs_O3r,A015,5,0.999992700598126
O3p_vs_O3r,A015,6,0.9999972830265901
O3p_vs_O3r,A015,7,0.9999974923761815
O3p_vs_O3r,A015,8,0.9999955364534228
O3p_vs_O3r,A015,9,0.9999968983932863
O3p_vs_O3r,A015,10,0.9999919764294933
O3p_vs_O3r,A015,11,0.9999702554491727
O3p_vs_O3r,A015,12,0.9999933233287722
O3p_vs_O3r,A015,13,0.9999918807815374
O3p_vs_O3r,A015,14,0.9999940068763362
O3p_vs_O3r,A015,15,0.9999958782001356
O3p_vs_O3r,A015,16,0.9999943971425048
O3p_vs_O3r,A015,17,0.9999903694328476
O3p_vs_O3r,A015,18,0.9999873278572848
O3p_vs_O3r,A015,19,0.9999943297561136
O3p_vs_O3r,A015,20,0.9999420906987209
O3p_vs_O3r,A015,21,0.9999959340539055
O3p_vs_O3r,A015,22,0.999992008916014
O3p_vs_O3r,A016,0,0.9999211868588908
O3p_vs_O3r,A016,1,0.9999846603027892
O3p_vs_O3r,A016,2,0.9999932111727967
O3p_vs_O3r,A016,3,0.9999931594805362
O3p_vs_O3r,A016,4,0.9999939241982999
O3p_vs_O3r,A016,5,0.9999937857387527
O3p_vs_O3r,A016,6,0.9999926683007142
O3p_vs_O3r,A016,7,0.9999956116978151
O3p_vs_O3r,A016,8,0.9999926127007518
O3p_vs_O3r,A016,9,0.99999675121706
O3p_vs_O3r,A016,10,0.9999888907281703
O3p_vs_O3r,A016,11,0.9999952797880132
O3p_vs_O3r,A016,12,0.9999906146775227
O3p_vs_O3r,A016,13,0.9999939689986068
O3p_vs_O3r,A016,14,0.9999923061162284
O3p_vs_O3r,A016,15,0.9999959883340975
O3p_vs_O3r,A016,16,0.9999940663182069
O3p_vs_O3r,A016,17,0.9999966925438941
O3p_vs_O3r,A016,18,0.9999941172767085
O3p_vs_O3r,A016,19,0.999988949179572
O3p_vs_O3r,A016,20,0.9999893830129285
O3p_vs_O3r,A016,21,0.9999898451439032
O3p_vs_O3r,A016,22,0.9999936814908568
O3p_vs_O3r,A016,23,0.9999962596984975
O3p_vs_O3r,A016,24,0.9999856042754612
O3p_vs_O3r,A017,0,0.9999211868588908
O3p_vs_O3r,A017,1,0.9999846603027892
O3p_vs_O3r,A017,2,0.9999932111727967
O3p_vs_O3r,A017,3,0.9999931594805362
O3p_vs_O3r,A017,4,0.999998008400939
O3p_vs_O3r,A017,5,0.9999945230401964
O3p_vs_O3r,A017,6,0.9999951843693173
O3p_vs_O3r,A017,7,0.9999973756711232
O3p_vs_O3r,A017,8,0.9999971004556374
O3p_vs_O3r,A017,9,0.9999953952491661
O3p_vs_O3r,A017,10,0.9999946917564804
O3p_vs_O3r,A017,11,0.9999912498675085
O3p_vs_O3r,A017,12,0.999993666633115
O3p_vs_O3r,A017,13,0.9999942315273297
O3p_vs_O3r,A017,14,0.9999968364607432
O3p_vs_O3r,A017,15,0.9999933258130352
O3p_vs_O3r,A017,16,0.9999916999928696
O3p_vs_O3r,A017,17,0.9999854568530154
O3p_vs_O3r,A017,18,0.999993535822695
O3p_vs_O3r,A017,19,0.999995719142775
O3p_vs_O3r,A017,20,0.9999968708519296
O3p_vs_O3r,A017,21,0.9999900821173326
O3p_vs_O3r,A018,0,0.9999211868588908
O3p_vs_O3r,A018,1,0.9999846603027892
O3p_vs_O3r,A018,2,0.9999932111727967
O3p_vs_O3r,A018,3,0.9999931594805362
O3p_vs_O3r,A018,4,0.9999956094225956
O3p_vs_O3r,A018,5,0.9999945817679537
O3p_vs_O3r,A018,6,0.9999955453602346
O3p_vs_O3r,A018,7,0.9999969836252206
O3p_vs_O3r,A018,8,0.9999949080284909
O3p_vs_O3r,A018,9,0.9999944974834749
O3p_vs_O3r,A018,10,0.9999956695410317
O3p_vs_O3r,A018,11,0.9999923470191432
O3p_vs_O3r,A018,12,0.9999929851653769
O3p_vs_O3r,A018,13,0.9999932370974967
O3p_vs_O3r,A018,14,0.9999927002075738
O3p_vs_O3r,A018,15,0.9999901162608271
O3p_vs_O3r,A018,16,0.9999875805655286
O3p_vs_O3r,A018,17,0.9999947266877202
O3p_vs_O3r,A018,18,0.999993280843442
O3p_vs_O3r,A018,19,0.9999965670099383
O3p_vs_O3r,A018,20,0.999995297488423
O3p_vs_O3r,A019,0,0.9999211868588908
O3p_vs_O3r,A019,1,0.9999846603027892
O3p_vs_O3r,A019,2,0.9999932111727967
O3p_vs_O3r,A019,3,0.9999931594805362
O3p_vs_O3r,A019,4,0.9999947064632403
O3p_vs_O3r,A019,5,0.9999934919086064
O3p_vs_O3r,A019,6,0.99999426812422
O3p_vs_O3r,A019,7,0.9999947916471467
O3p_vs_O3r,A019,8,0.9999935615851586
O3p_vs_O3r,A019,9,0.9999953076832898
O3p_vs_O3r,A019,10,0.9999931791653016
O3p_vs_O3r,A019,11,0.9999828937850153
O3p_vs_O3r,A019,12,0.9999867033741285
O3p_vs_O3r,A019,13,0.9999875065632935
O3p_vs_O3r,A019,14,0.9999853251411908
O3p_vs_O3r,A019,15,0.9999890449963516
O3p_vs_O3r,A019,16,0.9999930158927831
O3p_vs_O3r,A019,17,0.999991752088436
O3p_vs_O3r,A019,18,0.9999887776920693
O3p_vs_O3r,A019,19,0.9999887413307368
O3p_vs_O3r,A019,20,0.9999935398462648
O3p_vs_O3r,A019,21,0.9999953151055627
O3p_vs_O3r,A019,22,0.9999972169104674
O3p_vs_O3r,A019,23,0.9999972368717699
O3p_vs_O3r,A020,0,0.9999211868588908
O3p_vs_O3r,A020,1,0.9999846603027892
O3p_vs_O3r,A020,2,0.9999932111727967
O3p_vs_O3r,A020,3,0.9999931594805362
O3p_vs_O3r,A020,4,0.9999954705543143
O3p_vs_O3r,A020,5,0.9999933445011232
O3p_vs_O3r,A020,6,0.9999937391010005
O3p_vs_O3r,A020,7,0.9999945338389156
O3p_vs_O3r,A020,8,0.9999947213177713
O3p_vs_O3r,A020,9,0.9999915338084846
O3p_vs_O3r,A020,10,0.9999954781530778
O3p_vs_O3r,A020,11,0.9999928973887062
O3p_vs_O3r,A020,12,0.9999937614106503
O3p_vs_O3r,A020,13,0.9999868720565621
O3p_vs_O3r,A020,14,0.9999915013508643
O3p_vs_O3r,A020,15,0.9999948277583408
O3p_vs_O3r,A020,16,0.9999924718153863
O3p_vs_O3r,A020,17,0.9999954268720208
O3p_vs_O3r,A020,18,0.9999925531346172
O3p_vs_O3r,A020,19,0.9999896883783681
O3p_vs_O3r,A020,20,0.9999881554454801
O3p_vs_O3r,A020,21,0.9999922039783796
O3p_vs_O3r,A020,22,0.9999839422537891
O3p_vs_O3r,A020,23,0.9999966134736151
O3p_vs_O3r,A020,24,0.9999928280429635
O3p_vs_O3r,A021,0,0.9999211868588908
O3p_vs_O3r,A021,1,0.9999846603027892
O3p_vs_O3r,A021,2,0.9999932111727967
O3p_vs_O3r,A021,3,0.9999931594805362
O3p_vs_O3r,A021,4,0.9999970897836515
O3p_vs_O3r,A021,5,0.9999951103814557
O3p_vs_O3r,A021,6,0.9999948405098013
O3p_vs_O3r,A021,7,0.9999965988974653
O3p_vs_O3r,A021,8,0.999997057579549
O3p_vs_O3r,A021,9,0.9999931858880724
O3p_vs_O3r,A021,10,0.999993752970139
O3p_vs_O3r,A021,11,0.999995671273107
O3p_vs_O3r,A021,12,0.999993719266077
O3p_vs_O3r,A021,13,0.9999932541868519
O3p_vs_O3r,A021,14,0.9999933172005283
O3p_vs_O3r,A021,15,0.9999927398801182
O3p_vs_O3r,A021,16,0.9999934764077341
O3p_vs_O3r,A021,17,0.99999410575428
O3p_vs_O3r,A021,18,0.9999939613519397
O3p_vs_O3r,A021,19,0.9999928732184197
O3p_vs_O3r,A021,20,0.9999926560433011
O3p_vs_O3r,A021,21,0.9999906404713743
O3p_vs_O3r,A021,22,0.999983682853886
O3p_vs_O3r,A021,23,0.9999907804662898
O3p_vs_O3r,A021,24,0.9999965605401157
O3p_vs_O3r,A021,25,0.9999963122132403
O3p_vs_O3r,A021,26,0.9999966833050564
O3p_vs_O3r,A022,0,0.9999211868588908
O3p_vs_O3r,A022,1,0.9999846603027892
O3p_vs_O3r,A022,2,0.9999932111727967
O3p_vs_O3r,A022,3,0.9999931594805362
O3p_vs_O3r,A022,4,0.999994574946001
O3p_vs_O3r,A022,5,0.999995259261609
O3p_vs_O3r,A022,6,0.9999949987339352
O3p_vs_O3r,A022,7,0.9999948122700131
O3p_vs_O3r,A022,8,0.9999959388768145
O3p_vs_O3r,A022,9,0.999990869109842
O3p_vs_O3r,A022,10,0.9999962167242056
O3p_vs_O3r,A022,11,0.9999932885301375
O3p_vs_O3r,A022,12,0.9999918195864486
O3p_vs_O3r,A022,13,0.999994493884331
O3p_vs_O3r,A022,14,0.9999937963835216
O3p_vs_O3r,A022,15,0.9999929473918133
O3p_vs_O3r,A022,16,0.9999931555213813
O3p_vs_O3r,A022,17,0.9999926669880611
O3p_vs_O3r,A022,18,0.9999917260870677
O3p_vs_O3r,A022,19,0.9999890758718637
O3p_vs_O3r,A022,20,0.9999940622726896
O3p_vs_O3r,A022,21,0.9999971195086078
O3p_vs_O3r,A022,22,0.9999962941726181
O3p_vs_O3r,A022,23,0.9999925706762217
O3p_vs_O3r,A023,0,0.9999211868588908
O3p_vs_O3r,A023,1,0.9999846603027892
O3p_vs_O3r,A023,2,0.9999932111727967
O3p_vs_O3r,A023,3,0.9999931594805362
O3p_vs_O3r,A023,4,0.999994818744479
O3p_vs_O3r,A023,5,0.9999964291031395
O3p_vs_O3r,A023,6,0.9999960109863606
O3p_vs_O3r,A023,7,0.9999947097231513
O3p_vs_O3r,A023,8,0.999995223870694
O3p_vs_O3r,A023,9,0.9999951116696452
O3p_vs_O3r,A023,10,0.9999955352147785
O3p_vs_O3r,A023,11,0.9999958373003014
O3p_vs_O3r,A023,12,0.9999951354827368
O3p_vs_O3r,A023,13,0.9999937210711847
O3p_vs_O3r,A023,14,0.999992499525659
O3p_vs_O3r,A023,15,0.9999886601144292
O3p_vs_O3r,A023,16,0.9999851629314263
O3p_vs_O3r,A023,17,0.9999909266406998
O3p_vs_O3r,A023,18,0.9999904891565714
O3p_vs_O3r,A023,19,0.9999965392576889
O3p_vs_O3r,A023,20,0.9999938472033814
O3p_vs_O3r,A024,0,0.9999211868588908
O3p_vs_O3r,A024,1,0.9999846603027892
O3p_vs_O3r,A024,2,0.9999932111727967
O3p_vs_O3r,A024,3,0.9999931594805362
O3p_vs_O3r,A024,4,0.9999944544909996
O3p_vs_O3r,A024,5,0.9999978092338693
O3p_vs_O3r,A024,6,0.9999941171187862
O3p_vs_O3r,A024,7,0.9999950784079854
O3p_vs_O3r,A024,8,0.9999959576868352
O3p_vs_O3r,A024,9,0.9999972348256656
O3p_vs_O3r,A024,10,0.9999936437087857
O3p_vs_O3r,A024,11,0.9999914198740035
O3p_vs_O3r,A024,12,0.9999941865961098
O3p_vs_O3r,A024,13,0.9999946849124687
O3p_vs_O3r,A024,14,0.9999960672648892
O3p_vs_O3r,A024,15,0.9999905937144115
O3p_vs_O3r,A024,16,0.9999848389544416
O3p_vs_O3r,A024,17,0.9999936258960324
O3p_vs_O3r,A024,18,0.9999927827757799
O3p_vs_O3r,A024,19,0.9995701365529478
O3p_vs_O3r,A024,20,0.9999710832122742
O3p_vs_O3r,A024,21,0.9999794122082865
O3p_vs_O3r,A024,22,0.999980839910256
O3p_vs_O3r,A024,23,0.9999843154576994
O3p_vs_O3r,A024,24,0.9999956735410052
O3p_vs_O3r,A024,25,0.999996237427838
O3p_vs_O3r,A024,26,0.9999891000199919
O3p_vs_O3r,A025,0,0.9999211868588908
O3p_vs_O3r,A025,1,0.9999846603027892
O3p_vs_O3r,A025,2,0.9999932111727967
O3p_vs_O3r,A025,3,0.9999931594805362
O3p_vs_O3r,A025,4,0.9999958032442829
O3p_vs_O3r,A025,5,0.9999936961382339
O3p_vs_O3r,A025,6,0.9999954805930091
O3p_vs_O3r,A025,7,0.9999933820514683
O3p_vs_O3r,A025,8,0.9999930921197082
O3p_vs_O3r,A025,9,0.9999948180160962
O3p_vs_O3r,A025,10,0.9999936409718326
O3p_vs_O3r,A025,11,0.9999917702817371
O3p_vs_O3r,A025,12,0.9999933401811641
O3p_vs_O3r,A025,13,0.9999941463908943
O3p_vs_O3r,A025,14,0.9999907684686583
O3p_vs_O3r,A025,15,0.9999930290720408
O3p_vs_O3r,A025,16,0.9999891267356666
O3p_vs_O3r,A025,17,0.9999878834914461
O3p_vs_O3r,A025,18,0.9999908718027056
O3p_vs_O3r,A025,19,0.9999953825842505
O3p_vs_O3r,A025,20,0.9999964800787312
O3p_vs_O3r,A025,21,0.9999936665963107
O3p_vs_O3r,A026,0,0.9999211868588908
O3p_vs_O3r,A026,1,0.9999846603027892
O3p_vs_O3r,A026,2,0.9999932111727967
O3p_vs_O3r,A026,3,0.9999931594805362
O3p_vs_O3r,A026,4,0.9999903142993719
O3p_vs_O3r,A026,5,0.999993836775255
O3p_vs_O3r,A026,6,0.9999951848993731
O3p_vs_O3r,A026,7,0.9999922590784474
O3p_vs_O3r,A026,8,0.9999947190045602
O3p_vs_O3r,A026,9,0.9999929940300897
O3p_vs_O3r,A026,10,0.999991114407872
O3p_vs_O3r,A026,11,0.9999941627013254
O3p_vs_O3r,A026,12,0.999990079261635
O3p_vs_O3r,A026,13,0.9999921430104005
O3p_vs_O3r,A026,14,0.9999930838878152
O3p_vs_O3r,A026,15,0.9999944550509393
O3p_vs_O3r,A026,16,0.9999942493714082
O3p_vs_O3r,A026,17,0.9999892330495246
O3p_vs_O3r,A026,18,0.9999828715891318
O3p_vs_O3r,A026,19,0.9999919851529561
O3p_vs_O3r,A026,20,0.9999952775220482
O3p_vs_O3r,A026,21,0.9999963470431609
O3p_vs_O3r,A026,22,0.9999963230674714
O3p_vs_O3r,A027,0,0.9999211868588908
O3p_vs_O3r,A027,1,0.9999846603027892
O3p_vs_O3r,A027,2,0.9999932111727967
O3p_vs_O3r,A027,3,0.9999962739082208
O3p_vs_O3r,A027,4,0.9999964560202964
O3p_vs_O3r,A027,5,0.9999974443975512
O3p_vs_O3r,A027,6,0.9999977598142441
O3p_vs_O3r,A027,7,0.9999949808478935
O3p_vs_O3r,A027,8,0.9999946957643302
O3p_vs_O3r,A027,9,0.999994588860932
O3p_vs_O3r,A027,10,0.9999929910889351
O3p_vs_O3r,A027,11,0.9999949186017596
O3p_vs_O3r,A027,12,0.9999960364796996
O3p_vs_O3r,A027,13,0.999995319006478
O3p_vs_O3r,A027,14,0.9999948147258955
O3p_vs_O3r,A027,15,0.9986680976304367
O3p_vs_O3r,A027,16,0.9999883781311515
O3p_vs_O3r,A027,17,0.999992539344894
O3p_vs_O3r,A027,18,0.9999914492818905
O3p_vs_O3r,A027,19,0.9999865659873437
O3p_vs_O3r,A027,20,0.9999948155368339
O3p_vs_O3r,A027,21,0.9999959736292775
O3p_vs_O3r,A027,22,0.9999960822960058
O3p_vs_O3r,A027,23,0.9999940665234057
O3p_vs_O3r,A028,0,0.9999211868588908
O3p_vs_O3r,A028,1,0.9999846603027892
O3p_vs_O3r,A028,2,0.9999932111727967
O3p_vs_O3r,A028,3,0.9999931594805362
O3p_vs_O3r,A028,4,0.9999941923116579
O3p_vs_O3r,A028,5,0.999994557040441
O3p_vs_O3r,A028,6,0.9999947588960865
O3p_vs_O3r,A028,7,0.999996221705053
O3p_vs_O3r,A028,8,0.9999943285204979
O3p_vs_O3r,A028,9,0.9999922711543201
O3p_vs_O3r,A028,10,0.9999962507351507
O3p_vs_O3r,A028,11,0.9999938081048794
O3p_vs_O3r,A028,12,0.9999922604986702
O3p_vs_O3r,A028,13,0.9999916727826936
O3p_vs_O3r,A028,14,0.999990468819657
O3p_vs_O3r,A028,15,0.9999853594265037
O3p_vs_O3r,A028,16,0.9999836378707218
O3p_vs_O3r,A028,17,0.999992652559503
O3p_vs_O3r,A028,18,0.9999904630733268
O3p_vs_O3r,A028,19,0.9999957350398905
O3p_vs_O3r,A028,20,0.9999962570879559
O3p_vs_O3r,A029,0,0.9999211868588908
O3p_vs_O3r,A029,1,0.9999846603027892
O3p_vs_O3r,A029,2,0.9999932111727967
O3p_vs_O3r,A029,3,0.9999931594805362
O3p_vs_O3r,A029,4,0.9999938009437875
O3p_vs_O3r,A029,5,0.999994467654565
O3p_vs_O3r,A029,6,0.9999837335446468
O3p_vs_O3r,A029,7,0.9999932151239823
O3p_vs_O3r,A029,8,0.9999953713983231
O3p_vs_O3r,A029,9,0.9999954128370071
O3p_vs_O3r,A029,10,0.9999956690047737
O3p_vs_O3r,A029,11,0.999992801907994
O3p_vs_O3r,A029,12,0.9999933359651402
O3p_vs_O3r,A029,13,0.999995003285474
O3p_vs_O3r,A029,14,0.9999946790281803
O3p_vs_O3r,A029,15,0.9999966288229382
O3p_vs_O3r,A029,16,0.9999953156282443
O3p_vs_O3r,A029,17,0.9999938268531259
O3p_vs_O3r,A029,18,0.999990154694597
O3p_vs_O3r,A029,19,0.999984899486676
O3p_vs_O3r,A029,20,0.9999891047102866
O3p_vs_O3r,A029,21,0.9999912069872903
O3p_vs_O3r,A029,22,0.9999970424444667
O3p_vs_O3r,A029,23,0.9999942476918502
O3p_vs_O3r,A030,0,0.9999211868588908
O3p_vs_O3r,A030,1,0.9999846603027892
O3p_vs_O3r,A030,2,0.9999932111727967
O3p_vs_O3r,A030,3,0.9999931594805362
O3p_vs_O3r,A030,4,0.999995680092749
O3p_vs_O3r,A030,5,0.9999955010662139
O3p_vs_O3r,A030,6,0.9999960266615476
O3p_vs_O3r,A030,7,0.9999952817227913
O3p_vs_O3r,A030,8,0.9999914704744325
O3p_vs_O3r,A030,9,0.9999956973797213
O3p_vs_O3r,A030,10,0.9999940954513798
O3p_vs_O3r,A030,11,0.999992347928499
O3p_vs_O3r,A030,12,0.9999957403152211
O3p_vs_O3r,A030,13,0.9999942150338756
O3p_vs_O3r,A030,14,0.9999933302270878
O3p_vs_O3r,A030,15,0.9999909299756832
O3p_vs_O3r,A030,16,0.9999811251936154
O3p_vs_O3r,A030,17,0.9999932111146244
O3p_vs_O3r,A030,18,0.9999932863826844
O3p_vs_O3r,A030,19,0.9999964939423789
O3p_vs_O3r,A030,20,0.9999965019223921
O3p_vs_O3r,A031,0,0.9999211868588908
O3p_vs_O3r,A031,1,0.9999846603027892
O3p_vs_O3r,A031,2,0.9999932111727967
O3p_vs_O3r,A031,3,0.9999927266779463
O3p_vs_O3r,A031,4,0.9999927051312357
O3p_vs_O3r,A031,5,0.9999897120849522
O3p_vs_O3r,A031,6,0.9999921534094899
O3p_vs_O3r,A031,7,0.9999952042957659
O3p_vs_O3r,A031,8,0.9999954035655478
O3p_vs_O3r,A031,9,0.9999961682448543
O3p_vs_O3r,A031,10,0.9999959592442353
O3p_vs_O3r,A031,11,0.9999957449503595
O3p_vs_O3r,A031,12,0.999993652817386
O3p_vs_O3r,A031,13,0.9999915204338553
O3p_vs_O3r,A031,14,0.9999871517213977
O3p_vs_O3r,A031,15,0.9999916430651365
O3p_vs_O3r,A031,16,0.9999926094996321
O3p_vs_O3r,A031,17,0.9999966286239059
O3p_vs_O3r,A031,18,0.9999884732563445
O3p_vs_O3r,A032,0,0.9999211868588908
O3p_vs_O3r,A032,1,0.9999846603027892
O3p_vs_O3r,A032,2,0.9999932111727967
O3p_vs_O3r,A032,3,0.9999914156943843
O3p_vs_O3r,A032,4,0.9999957037246965
O3p_vs_O3r,A032,5,0.999995803497503
O3p_vs_O3r,A032,6,0.9999954696765886
O3p_vs_O3r,A032,7,0.9999954486428081
O3p_vs_O3r,A032,8,0.9999969175017485
O3p_vs_O3r,A032,9,0.9999940143723961
O3p_vs_O3r,A032,10,0.9999939952189364
O3p_vs_O3r,A032,11,0.9999898358602656
O3p_vs_O3r,A032,12,0.9999868821756027
O3p_vs_O3r,A032,13,0.9999947625123261
O3p_vs_O3r,A032,14,0.9999961728107403
O3p_vs_O3r,A032,15,0.9999967522461017
O3p_vs_O3r,A032,16,0.9999961126024608
O3p_vs_O3r,A033,0,0.9999211868588908
O3p_vs_O3r,A033,1,0.9999846603027892
O3p_vs_O3r,A033,2,0.9999932111727967
O3p_vs_O3r,A033,3,0.9999973710061272
O3p_vs_O3r,A033,4,0.999994047612279
O3p_vs_O3r,A033,5,0.999995572024772
O3p_vs_O3r,A033,6,0.9999972545369846
O3p_vs_O3r,A033,7,0.9999948637298505
O3p_vs_O3r,A033,8,0.9999943056685939
O3p_vs_O3r,A033,9,0.9999950145277566
O3p_vs_O3r,A033,10,0.9999959848825849
O3p_vs_O3r,A033,11,0.9999919008918953
O3p_vs_O3r,A033,12,0.9999946134762974
O3p_vs_O3r,A033,13,0.9999941007964798
O3p_vs_O3r,A033,14,0.999994496161377
O3p_vs_O3r,A033,15,0.9999887506863647
O3p_vs_O3r,A033,16,0.9999901523375414
O3p_vs_O3r,A033,17,0.9999882329744962
O3p_vs_O3r,A033,18,0.9999950650801197
O3p_vs_O3r,A033,19,0.999990115465569
O3p_vs_O3r,A033,20,0.9999960718019493
O3p_vs_O3r,A033,21,0.9999962442457941
O3p_vs_O3r,A034,0,0.9999211868588908
O3p_vs_O3r,A034,1,0.9999846603027892
O3p_vs_O3r,A034,2,0.9999932111727967
O3p_vs_O3r,A034,3,0.9999921765836652
O3p_vs_O3r,A034,4,0.999993762179255
O3p_vs_O3r,A034,5,0.9999954720620621
O3p_vs_O3r,A034,6,0.9999932445722991
O3p_vs_O3r,A034,7,0.9999959268451647
O3p_vs_O3r,A034,8,0.9999957993803743
O3p_vs_O3r,A034,9,0.9999944969394335
O3p_vs_O3r,A034,10,0.999972463051633
O3p_vs_O3r,A034,11,0.9999937339785253
O3p_vs_O3r,A034,12,0.9999895760435319
O3p_vs_O3r,A034,13,0.999981329828647
O3p_vs_O3r,A034,14,0.9999929163714462
O3p_vs_O3r,A034,15,0.999980055255273
O3p_vs_O3r,A034,16,0.9999958507759393
O3p_vs_O3r,A034,17,0.9999967613620876
O3p_vs_O3r,A035,0,0.9999211868588908
O3p_vs_O3r,A035,1,0.9999846603027892
O3p_vs_O3r,A035,2,0.9999932111727967
O3p_vs_O3r,A035,3,0.9999917535694571
O3p_vs_O3r,A035,4,0.9999913870206221
O3p_vs_O3r,A035,5,0.9999956162663872
O3p_vs_O3r,A035,6,0.9999954423409512
O3p_vs_O3r,A035,7,0.9999939538120738
O3p_vs_O3r,A035,8,0.999993620886908
O3p_vs_O3r,A035,9,0.9999921443804252
O3p_vs_O3r,A035,10,0.9999828673592075
O3p_vs_O3r,A035,11,0.9999876182286417
O3p_vs_O3r,A035,12,0.9999915431085046
O3p_vs_O3r,A035,13,0.9999953674994445
O3p_vs_O3r,A035,14,0.9999953166676551
O3p_vs_O3r,A035,15,0.9999957660844851
O3p_vs_O3r,A036,0,0.9999211868588908
O3p_vs_O3r,A036,1,0.9999846603027892
O3p_vs_O3r,A036,2,0.9999932111727967
O3p_vs_O3r,A036,3,0.999995222660089
O3p_vs_O3r,A036,4,0.9999940111781864
O3p_vs_O3r,A036,5,0.9999954115991998
O3p_vs_O3r,A036,6,0.9999957944825816
O3p_vs_O3r,A036,7,0.999993311912877
O3p_vs_O3r,A036,8,0.9999943521899157
O3p_vs_O3r,A036,9,0.9999951376083769
O3p_vs_O3r,A036,10,0.9999927658452196
O3p_vs_O3r,A036,11,0.9999933554718635
O3p_vs_O3r,A036,12,0.9999909615433019
O3p_vs_O3r,A036,13,0.9999806117304242
O3p_vs_O3r,A036,14,0.9999909898023274
O3p_vs_O3r,A036,15,0.9999876389309303
O3p_vs_O3r,A036,16,0.9999965568961419
O3p_vs_O3r,A036,17,0.9999922047443787
O3p_vs_O3r,A037,0,0.9999211868588908
O3p_vs_O3r,A037,1,0.9999846603027892
O3p_vs_O3r,A037,2,0.9999932111727967
O3p_vs_O3r,A037,3,0.9999942255535903
O3p_vs_O3r,A037,4,0.9999878381973529
O3p_vs_O3r,A037,5,0.9999906632004883
O3p_vs_O3r,A037,6,0.9999911304410064
O3p_vs_O3r,A037,7,0.9999939100546161
O3p_vs_O3r,A037,8,0.9999950360836531
O3p_vs_O3r,A037,9,0.9999972513575657
O3p_vs_O3r,A037,10,0.9999935846729752
O3p_vs_O3r,A037,11,0.9999927415239892
O3p_vs_O3r,A037,12,0.9999858907574525
O3p_vs_O3r,A037,13,0.9999801547288054
O3p_vs_O3r,A037,14,0.9999829478617722
O3p_vs_O3r,A037,15,0.9999855689977879
O3p_vs_O3r,A037,16,0.9999946669491967
O3p_vs_O3r,A037,17,0.9999889270472154
O3p_vs_O3r,A038,0,0.9999211868588908
O3p_vs_O3r,A038,1,0.9999846603027892
O3p_vs_O3r,A038,2,0.9999932111727967
O3p_vs_O3r,A038,3,0.9999915480482475
O3p_vs_O3r,A038,4,0.9999950124803877
O3p_vs_O3r,A038,5,0.9999972823715555
O3p_vs_O3r,A038,6,0.9999954445623137
O3p_vs_O3r,A038,7,0.9999975457436835
O3p_vs_O3r,A038,8,0.9999935547815125
O3p_vs_O3r,A038,9,0.999995085601364
O3p_vs_O3r,A038,10,0.9999934349118094
O3p_vs_O3r,A038,11,0.999991169951174
O3p_vs_O3r,A038,12,0.9999909547520736
O3p_vs_O3r,A038,13,0.9999772069112225
O3p_vs_O3r,A038,14,0.9999937783005646
O3p_vs_O3r,A038,15,0.9999923469389579
O3p_vs_O3r,A038,16,0.999996738558857
O3p_vs_O3r,A038,17,0.9999934964970295
O3p_vs_O3r,A039,0,0.9999211868588908
O3p_vs_O3r,A039,1,0.9999846603027892
O3p_vs_O3r,A039,2,0.9999932111727967
O3p_vs_O3r,A039,3,0.9999953597655658
O3p_vs_O3r,A039,4,0.9999951601135928
O3p_vs_O3r,A039,5,0.9999946216466266
O3p_vs_O3r,A039,6,0.9999956830694873
O3p_vs_O3r,A039,7,0.9999964812825184
O3p_vs_O3r,A039,8,0.99999690576658
O3p_vs_O3r,A039,9,0.9999947956029236
O3p_vs_O3r,A039,10,0.999995302435161
O3p_vs_O3r,A039,11,0.9999947254108447
O3p_vs_O3r,A039,12,0.999996294449886
O3p_vs_O3r,A039,13,0.9999943312560291
O3p_vs_O3r,A039,14,0.9999909775015756
O3p_vs_O3r,A039,15,0.9999866538179722
O3p_vs_O3r,A039,16,0.9999910050727028
O3p_vs_O3r,A039,17,0.9999842505841371
O3p_vs_O3r,A039,18,0.9999962754496681
O3p_vs_O3r,A039,19,0.9999960675963183
O3p_vs_O3r,A040,0,0.9999211868588908
O3p_vs_O3r,A040,1,0.9999846603027892
O3p_vs_O3r,A040,2,0.9999932111727967
O3p_vs_O3r,A040,3,0.9999924760351365
O3p_vs_O3r,A040,4,0.9999942263942505
O3p_vs_O3r,A040,5,0.9999960732467138
O3p_vs_O3r,A040,6,0.9999942007486349
O3p_vs_O3r,A040,7,0.9999935631581004
O3p_vs_O3r,A040,8,0.999992142582149
O3p_vs_O3r,A040,9,0.9999951711299413
O3p_vs_O3r,A040,10,0.9999918414132244
O3p_vs_O3r,A040,11,0.9999914429533766
O3p_vs_O3r,A040,12,0.9999874759917899
O3p_vs_O3r,A040,13,0.9999811027590725
O3p_vs_O3r,A040,14,0.9999900050193024
O3p_vs_O3r,A040,15,0.9999482793416052
O3p_vs_O3r,A040,16,0.9999963169557075
O3p_vs_O3r,A040,17,0.9999928290872346
O3p_vs_O3r,A041,0,0.9999211868588908
O3p_vs_O3r,A041,1,0.9999846603027892
O3p_vs_O3r,A041,2,0.9999932111727967
O3p_vs_O3r,A041,3,0.9999931594805362
O3p_vs_O3r,A041,4,0.9999951579018053
O3p_vs_O3r,A041,5,0.9999946442527549
O3p_vs_O3r,A041,6,0.9999972804926767
O3p_vs_O3r,A041,7,0.9999965153013326
O3p_vs_O3r,A041,8,0.9999970280295968
O3p_vs_O3r,A041,9,0.9999963950873629
O3p_vs_O3r,A041,10,0.9999948043024522
O3p_vs_O3r,A041,11,0.9999937862038986
O3p_vs_O3r,A041,12,0.9999962016198111
O3p_vs_O3r,A041,13,0.9999944528436542
O3p_vs_O3r,A041,14,0.9999937840596993
O3p_vs_O3r,A041,15,0.9999971108569264
O3p_vs_O3r,A041,16,0.9999959581458557
O3p_vs_O3r,A041,17,0.999992470652352
O3p_vs_O3r,A041,18,0.9999934600010822
O3p_vs_O3r,A041,19,0.9999887142680639
O3p_vs_O3r,A041,20,0.9999871007572193
O3p_vs_O3r,A041,21,0.9999945522235199
O3p_vs_O3r,A041,22,0.9999968828318581
O3p_vs_O3r,A041,23,0.9999972023243688
O3p_vs_O3r,A041,24,0.9999958604136835
O3p_vs_O3r,A042,0,0.9999211868588908
O3p_vs_O3r,A042,1,0.9999846603027892
O3p_vs_O3r,A042,2,0.9999932111727967
O3p_vs_O3r,A042,3,0.9999898183891187
O3p_vs_O3r,A042,4,0.9999939956764364
O3p_vs_O3r,A042,5,0.9999923108729805
O3p_vs_O3r,A042,6,0.9999957267259658
O3p_vs_O3r,A042,7,0.9999967170183565
O3p_vs_O3r,A042,8,0.9999941401857871
O3p_vs_O3r,A042,9,0.9999932107328581
O3p_vs_O3r,A042,10,0.9999940117012477
O3p_vs_O3r,A042,11,0.9999949795995954
O3p_vs_O3r,A042,12,0.9999945553216809
O3p_vs_O3r,A042,13,0.9999951261863856
O3p_vs_O3r,A042,14,0.9999943815921677
O3p_vs_O3r,A042,15,0.9999948099625136
O3p_vs_O3r,A042,16,0.9999901802067824
O3p_vs_O3r,A042,17,0.9999860352019792
O3p_vs_O3r,A042,18,0.9999950430857317
O3p_vs_O3r,A042,19,0.9999973238154827
O3p_vs_O3r,A042,20,0.9999974119645237
O3p_vs_O3r,A042,21,0.9999947506993964
O3p_vs_O3r,A043,0,0.9999211868588908
O3p_vs_O3r,A043,1,0.9999846603027892
O3p_vs_O3r,A043,2,0.9999932111727967
O3p_vs_O3r,A043,3,0.9999931594805362
O3p_vs_O3r,A043,4,0.9999949847552388
O3p_vs_O3r,A043,5,0.9999971391959609
O3p_vs_O3r,A043,6,0.9999958393233015
O3p_vs_O3r,A043,7,0.9999951979911108
O3p_vs_O3r,A043,8,0.9999934924632479
O3p_vs_O3r,A043,9,0.9999974932999608
O3p_vs_O3r,A043,10,0.9999947351549091
O3p_vs_O3r,A043,11,0.999995377841493
O3p_vs_O3r,A043,12,0.9999936599569175
O3p_vs_O3r,A043,13,0.9999952753010326
O3p_vs_O3r,A043,14,0.9999958343391481
O3p_vs_O3r,A043,15,0.9999952804875255
O3p_vs_O3r,A043,16,0.999992589015696
O3p_vs_O3r,A043,17,0.9999898704095164
O3p_vs_O3r,A043,18,0.9999896329753047
O3p_vs_O3r,A043,19,0.9999943449650093
O3p_vs_O3r,A043,20,0.9999580657612122
O3p_vs_O3r,A043,21,0.9999964465761715
O3p_vs_O3r,A043,22,0.999995801332115
O3p_vs_O3r,A044,0,0.9999211868588908
O3p_vs_O3r,A044,1,0.9999846603027892
O3p_vs_O3r,A044,2,0.9999932111727967
O3p_vs_O3r,A044,3,0.9999921765836652
O3p_vs_O3r,A044,4,0.9999927207036371
O3p_vs_O3r,A044,5,0.9999963637171795
O3p_vs_O3r,A044,6,0.999996819468137
O3p_vs_O3r,A044,7,0.9999972768767625
O3p_vs_O3r,A044,8,0.9999922840622559
O3p_vs_O3r,A044,9,0.9999955894921453
O3p_vs_O3r,A044,10,0.9999957844472916
O3p_vs_O3r,A044,11,0.9999921172633237
O3p_vs_O3r,A044,12,0.9999903467089307
O3p_vs_O3r,A044,13,0.9999804769346305
O3p_vs_O3r,A044,14,0.9999911875901666
O3p_vs_O3r,A044,15,0.9999860446562069
O3p_vs_O3r,A044,16,0.9999964253324343
O3p_vs_O3r,A044,17,0.9999956481528557
O3p_vs_O3r,A045,0,0.9999211868588908
O3p_vs_O3r,A045,1,0.9999846603027892
O3p_vs_O3r,A045,2,0.9999932111727967
O3p_vs_O3r,A045,3,0.9999931594805362
O3p_vs_O3r,A045,4,0.9999941129989345
O3p_vs_O3r,A045,5,0.9999966378330911
O3p_vs_O3r,A045,6,0.9999892817264598
O3p_vs_O3r,A045,7,0.999993248131556
O3p_vs_O3r,A045,8,0.9999931752983433
O3p_vs_O3r,A045,9,0.9999922734770403
O3p_vs_O3r,A045,10,0.9999932082652193
O3p_vs_O3r,A045,11,0.9999957370347715
O3p_vs_O3r,A045,12,0.9999905140256349
O3p_vs_O3r,A045,13,0.9999930727800593
O3p_vs_O3r,A045,14,0.9999807120625384
O3p_vs_O3r,A045,15,0.9999928757435819
O3p_vs_O3r,A045,16,0.9999937914827737
O3p_vs_O3r,A045,17,0.9999968741378259
O3p_vs_O3r,A045,18,0.9999931318335185
O3p_vs_O3r,A046,0,0.9999211868588908
O3p_vs_O3r,A046,1,0.9999846603027892
O3p_vs_O3r,A046,2,0.9999932111727967
O3p_vs_O3r,A046,3,0.9999931596602061
O3p_vs_O3r,A046,4,0.9999905307539954
O3p_vs_O3r,A046,5,0.9999943290906349
O3p_vs_O3r,A046,6,0.9999937483743753
O3p_vs_O3r,A046,7,0.9999938168955335
O3p_vs_O3r,A046,8,0.9999955839529707
O3p_vs_O3r,A046,9,0.9999948426437483
O3p_vs_O3r,A046,10,0.9999916029924495
O3p_vs_O3r,A046,11,0.9999910564910726
O3p_vs_O3r,A046,12,0.9999840933468737
O3p_vs_O3r,A046,13,0.9999938422286538
O3p_vs_O3r,A046,14,0.9999947238243505
O3p_vs_O3r,A046,15,0.999996517612995
O3p_vs_O3r,A046,16,0.9999962960624202
O3p_vs_O3r,A047,0,0.9999211868588908
O3p_vs_O3r,A047,1,0.9999846603027892
O3p_vs_O3r,A047,2,0.9999932111727967
O3p_vs_O3r,A047,3,0.9999931594805362
O3p_vs_O3r,A047,4,0.9999944202730384
O3p_vs_O3r,A047,5,0.9999966613383485
O3p_vs_O3r,A047,6,0.9999966545715022
O3p_vs_O3r,A047,7,0.9999945721942625
O3p_vs_O3r,A047,8,0.9999975531702299
O3p_vs_O3r,A047,9,0.9999955316750299
O3p_vs_O3r,A047,10,0.999996467140833
O3p_vs_O3r,A047,11,0.9999969170324312
O3p_vs_O3r,A047,12,0.9999949283365204
O3p_vs_O3r,A047,13,0.9999910485686214
O3p_vs_O3r,A047,14,0.999984765694005
O3p_vs_O3r,A047,15,0.9999936740408321
O3p_vs_O3r,A047,16,0.9999877594026781
O3p_vs_O3r,A047,17,0.9999964339431989
O3p_vs_O3r,A047,18,0.9999962088270246
O3p_vs_O3r,A048,0,0.9999211868588908
O3p_vs_O3r,A048,1,0.9999846603027892
O3p_vs_O3r,A048,2,0.9999932111727967
O3p_vs_O3r,A048,3,0.9999931594805362
O3p_vs_O3r,A048,4,0.9999912719408047
O3p_vs_O3r,A048,5,0.9999936315467467
O3p_vs_O3r,A048,6,0.9999921271868204
O3p_vs_O3r,A048,7,0.9999952371892353
O3p_vs_O3r,A048,8,0.9999955746843222
O3p_vs_O3r,A048,9,0.999994512127408
O3p_vs_O3r,A048,10,0.9999951398321296
O3p_vs_O3r,A048,11,0.9999957516928664
O3p_vs_O3r,A048,12,0.9999941952776313
O3p_vs_O3r,A048,13,0.9999937988467651
O3p_vs_O3r,A048,14,0.999991614457017
O3p_vs_O3r,A048,15,0.999983658428585
O3p_vs_O3r,A048,16,0.9999946509958955
O3p_vs_O3r,A048,17,0.9999938978890217
O3p_vs_O3r,A048,18,0.9999961329285517
O3p_vs_O3r,A048,19,0.999994654349008
O3p_vs_O3r,A049,0,0.9999211868588908
O3p_vs_O3r,A049,1,0.9999846603027892
O3p_vs_O3r,A049,2,0.9999932111727967
O3p_vs_O3r,A049,3,0.9999931594805362
O3p_vs_O3r,A049,4,0.9999948151944656
O3p_vs_O3r,A049,5,0.9999949213739799
O3p_vs_O3r,A049,6,0.9999937402408973
O3p_vs_O3r,A049,7,0.9999362384488663
O3p_vs_O3r,A049,8,0.9999906738857889
O3p_vs_O3r,A049,9,0.9999955943056655
O3p_vs_O3r,A049,10,0.9999928285007588
O3p_vs_O3r,A049,11,0.9999933204216821
O3p_vs_O3r,A049,12,0.9999900234622207
O3p_vs_O3r,A049,13,0.9999937055661235
O3p_vs_O3r,A049,14,0.9999916674060513
O3p_vs_O3r,A049,15,0.9999914609341892
O3p_vs_O3r,A049,16,0.9999904757429041
O3p_vs_O3r,A049,17,0.9999882491243908
O3p_vs_O3r,A049,18,0.9999897959789119
O3p_vs_O3r,A049,19,0.9999914924004726
O3p_vs_O3r,A049,20,0.9999845023468138
O3p_vs_O3r,A049,21,0.9999945379287802
O3p_vs_O3r,A049,22,0.999985912983538
O3p_vs_O3r,A049,23,0.9999969464807861
O3p_vs_O3r,A049,24,0.999993433298143
O3p_vs_O3r,A050,0,0.9999211868588908
O3p_vs_O3r,A050,1,0.9999846603027892
O3p_vs_O3r,A050,2,0.9999932111727967
O3p_vs_O3r,A050,3,0.9999931594805362
O3p_vs_O3r,A050,4,0.9999938706017895
O3p_vs_O3r,A050,5,0.9999935144128249
O3p_vs_O3r,A050,6,0.9999944154452304
O3p_vs_O3r,A050,7,0.9999961067481337
O3p_vs_O3r,A050,8,0.9999943096193928
O3p_vs_O3r,A050,9,0.9999958750214826
O3p_vs_O3r,A050,10,0.9999952978315994
O3p_vs_O3r,A050,11,0.9999947902725924
O3p_vs_O3r,A050,12,0.9999953330206932
O3p_vs_O3r,A050,13,0.9999949429765167
O3p_vs_O3r,A050,14,0.9999936586761621
O3p_vs_O3r,A050,15,0.9999917435031254
O3p_vs_O3r,A050,16,0.9999851174164024
O3p_vs_O3r,A050,17,0.9999947747125497
O3p_vs_O3r,A050,18,0.9999959410937473
O3p_vs_O3r,A050,19,0.9999965645589143
O3p_vs_O3r,A050,20,0.9999889177479557
O3p_vs_O3r,A051,0,0.9999211868588908
O3p_vs_O3r,A051,1,0.9999846603027892
O3p_vs_O3r,A051,2,0.9999932111727967
O3p_vs_O3r,A051,3,0.9999931594805362
O3p_vs_O3r,A051,4,0.9999941057720638
O3p_vs_O3r,A051,5,0.9999966010108912
O3p_vs_O3r,A051,6,0.9999925036605266
O3p_vs_O3r,A051,7,0.9999975598251365
O3p_vs_O3r,A051,8,0.9999980147381007
O3p_vs_O3r,A051,9,0.9999955943046802
O3p_vs_O3r,A051,10,0.9999961886116259
O3p_vs_O3r,A051,11,0.9999938797498031
O3p_vs_O3r,A051,12,0.9999974312244022
O3p_vs_O3r,A051,13,0.9999936722688851
O3p_vs_O3r,A051,14,0.9999933096046639
O3p_vs_O3r,A051,15,0.9999822742319334
O3p_vs_O3r,A051,16,0.9999920100312363
O3p_vs_O3r,A051,17,0.9999939657670375
O3p_vs_O3r,A051,18,0.9999971809533066
O3p_vs_O3r,A051,19,0.9999933422960965
O3p_vs_O3r,A052,0,0.9999211868588908
O3p_vs_O3r,A052,1,0.9999846603027892
O3p_vs_O3r,A052,2,0.9999932111727967
O3p_vs_O3r,A052,3,0.9999898183891187
O3p_vs_O3r,A052,4,0.9999949503681673
O3p_vs_O3r,A052,5,0.9999919029819662
O3p_vs_O3r,A052,6,0.9999961414375217
O3p_vs_O3r,A052,7,0.9999947972014963
O3p_vs_O3r,A052,8,0.9999953747807465
O3p_vs_O3r,A052,9,0.9999928417330084
O3p_vs_O3r,A052,10,0.9999965053732779
O3p_vs_O3r,A052,11,0.9999827034690866
O3p_vs_O3r,A052,12,0.9999919877590704
O3p_vs_O3r,A052,13,0.9999975324094763
O3p_vs_O3r,A052,14,0.9999960330205765
O3p_vs_O3r,A052,15,0.9999917098263783
O3p_vs_O3r,A052,16,0.9999916375944511
O3p_vs_O3r,A052,17,0.9999843498732336
O3p_vs_O3r,A052,18,0.9999915170784741
O3p_vs_O3r,A052,19,0.9999955618858697
O3p_vs_O3r,A052,20,0.999997335480032
O3p_vs_O3r,A052,21,0.9999959464690158
O3p_vs_O3r,A053,0,0.9999211868588908
O3p_vs_O3r,A053,1,0.9999846603027892
O3p_vs_O3r,A053,2,0.9999932111727967
O3p_vs_O3r,A053,3,0.9999931594805362
O3p_vs_O3r,A053,4,0.9999948852580814
O3p_vs_O3r,A053,5,0.9999921268302383
O3p_vs_O3r,A053,6,0.9999966586530259
O3p_vs_O3r,A053,7,0.9999967041693095
O3p_vs_O3r,A053,8,0.999995353505996
O3p_vs_O3r,A053,9,0.9999940997057705
O3p_vs_O3r,A053,10,0.9999943521805824
O3p_vs_O3r,A053,11,0.9999836740315315
O3p_vs_O3r,A053,12,0.9999897409232428
O3p_vs_O3r,A053,13,0.999994455539502
O3p_vs_O3r,A053,14,0.9999908473570238
O3p_vs_O3r,A053,15,0.9999900920926041
O3p_vs_O3r,A053,16,0.9999877625392348
O3p_vs_O3r,A053,17,0.9999920486436586
O3p_vs_O3r,A053,18,0.9999967623433381
O3p_vs_O3r,A053,19,0.9999962325908421
O3p_vs_O3r,A053,20,0.9999937566375684
O3p_vs_O3r,A054,0,0.9999211868588908
O3p_vs_O3r,A054,1,0.9999846603027892
O3p_vs_O3r,A054,2,0.9999932111727967
O3p_vs_O3r,A054,3,0.9999931594805362
O3p_vs_O3r,A054,4,0.9999947321021685
O3p_vs_O3r,A054,5,0.9999941416008852
O3p_vs_O3r,A054,6,0.9999904700829868
O3p_vs_O3r,A054,7,0.9999965128019629
O3p_vs_O3r,A054,8,0.9999964648037465
O3p_vs_O3r,A054,9,0.999994846513976
O3p_vs_O3r,A054,10,0.999994352401745
O3p_vs_O3r,A054,11,0.9999953140952036
O3p_vs_O3r,A054,12,0.99999317726634
O3p_vs_O3r,A054,13,0.9999954971335606
O3p_vs_O3r,A054,14,0.9999962118971447
O3p_vs_O3r,A054,15,0.9999951779255037
O3p_vs_O3r,A054,16,0.9999941102618393
O3p_vs_O3r,A054,17,0.9999919626070815
O3p_vs_O3r,A054,18,0.9999838874758824
O3p_vs_O3r,A054,19,0.9999924283270498
O3p_vs_O3r,A054,20,0.999997532179745
O3p_vs_O3r,A054,21,0.9999970195993554
O3p_vs_O3r,A054,22,0.9999955468381867
O3p_vs_O3r,A055,0,0.9999211868588908
O3p_vs_O3r,A055,1,0.9999846603027892
O3p_vs_O3r,A055,2,0.9999932111727967
O3p_vs_O3r,A055,3,0.9999931594805362
O3p_vs_O3r,A055,4,0.9999953875190157
O3p_vs_O3r,A055,5,0.9999946001351739
O3p_vs_O3r,A055,6,0.9999934294728603
O3p_vs_O3r,A055,7,0.9999968266939073
O3p_vs_O3r,A055,8,0.9999980631418919
O3p_vs_O3r,A055,9,0.9999965170301807
O3p_vs_O3r,A055,10,0.9999934833150744
O3p_vs_O3r,A055,11,0.9999954426686923
O3p_vs_O3r,A055,12,0.9999961859654585
O3p_vs_O3r,A055,13,0.9999937849453043
O3p_vs_O3r,A055,14,0.9999939701451961
O3p_vs_O3r,A055,15,0.9999886905614518
O3p_vs_O3r,A055,16,0.999988475045306
O3p_vs_O3r,A055,17,0.9999938832553084
O3p_vs_O3r,A055,18,0.9999965681666578
O3p_vs_O3r,A055,19,0.9999969831110206
O3p_vs_O3r,A055,20,0.9999967563435717
O3p_vs_O3r,A056,0,0.9999211868588908
O3p_vs_O3r,A056,1,0.9999846603027892
O3p_vs_O3r,A056,2,0.9999932111727967
O3p_vs_O3r,A056,3,0.9999898183891187
O3p_vs_O3r,A056,4,0.9999926174033846
O3p_vs_O3r,A056,5,0.9999878700358066
O3p_vs_O3r,A056,6,0.9999951396588999
O3p_vs_O3r,A056,7,0.9999956283673154
O3p_vs_O3r,A056,8,0.9999955537146987
O3p_vs_O3r,A056,9,0.9999956751010377
O3p_vs_O3r,A056,10,0.9999948694187732
O3p_vs_O3r,A056,11,0.9999956798068931
O3p_vs_O3r,A056,12,0.9999936887433487
O3p_vs_O3r,A056,13,0.9999942119977289
O3p_vs_O3r,A056,14,0.9999952908106112
O3p_vs_O3r,A056,15,0.9999943487980385
O3p_vs_O3r,A056,16,0.9999932872906346
O3p_vs_O3r,A056,17,0.9999904365200961
O3p_vs_O3r,A056,18,0.9999847440183584
O3p_vs_O3r,A056,19,0.9999928184298308
O3p_vs_O3r,A056,20,0.9999963040417451
O3p_vs_O3r,A056,21,0.999996899871839
O3p_vs_O3r,A056,22,0.999995601282729
O3p_vs_O3r,A057,0,0.9999211868588908
O3p_vs_O3r,A057,1,0.9999846603027892
O3p_vs_O3r,A057,2,0.9999932111727967
O3p_vs_O3r,A057,3,0.9999931594805362
O3p_vs_O3r,A057,4,0.9999913415272499
O3p_vs_O3r,A057,5,0.999994659406286
O3p_vs_O3r,A057,6,0.999995010860641
O3p_vs_O3r,A057,7,0.999992569391376
O3p_vs_O3r,A057,8,0.9999928642464763
O3p_vs_O3r,A057,9,0.9999960026466971
O3p_vs_O3r,A057,10,0.9999951452769201
O3p_vs_O3r,A057,11,0.999996968982934
O3p_vs_O3r,A057,12,0.9999940366257255
O3p_vs_O3r,A057,13,0.9999919118043299
O3p_vs_O3r,A057,14,0.9999814978146988
O3p_vs_O3r,A057,15,0.9999918522759133
O3p_vs_O3r,A057,16,0.9999946587337641
O3p_vs_O3r,A057,17,0.9999968506664583
O3p_vs_O3r,A057,18,0.9999970489932933
O3p_vs_O3r,A058,0,0.9999211868588908
O3p_vs_O3r,A058,1,0.9999846603027892
O3p_vs_O3r,A058,2,0.9999932111727967
O3p_vs_O3r,A058,3,0.9999931594805362
O3p_vs_O3r,A058,4,0.9999940782774086
O3p_vs_O3r,A058,5,0.9999966649690409
O3p_vs_O3r,A058,6,0.999992905762017
O3p_vs_O3r,A058,7,0.9999975066185817
O3p_vs_O3r,A058,8,0.9999952273409681
O3p_vs_O3r,A058,9,0.9999955026979168
O3p_vs_O3r,A058,10,0.9999960504307466
O3p_vs_O3r,A058,11,0.999995029475185
O3p_vs_O3r,A058,12,0.999993517834772
O3p_vs_O3r,A058,13,0.999992516690019
O3p_vs_O3r,A058,14,0.9999787749127867
O3p_vs_O3r,A058,15,0.9999924401286441
O3p_vs_O3r,A058,16,0.9999934000278569
O3p_vs_O3r,A058,17,0.9999970341087763
O3p_vs_O3r,A058,18,0.9999983950981737
O3p_vs_O3r,A059,0,0.9999211868588908
O3p_vs_O3r,A059,1,0.9999846603027892
O3p_vs_O3r,A059,2,0.9999932111727967
O3p_vs_O3r,A059,3,0.9999931594805362
O3p_vs_O3r,A059,4,0.9999933485417356
O3p_vs_O3r,A059,5,0.999995003428317
O3p_vs_O3r,A059,6,0.9999972001732659
O3p_vs_O3r,A059,7,0.9999917604318848
O3p_vs_O3r,A059,8,0.9999935368683684
O3p_vs_O3r,A059,9,0.9999951454439806
O3p_vs_O3r,A059,10,0.9999960066884928
O3p_vs_O3r,A059,11,0.9999942070378552
O3p_vs_O3r,A059,12,0.9999935737909584
O3p_vs_O3r,A059,13,0.9999951200868296
O3p_vs_O3r,A059,14,0.999994988123313
O3p_vs_O3r,A059,15,0.9999924633305983
O3p_vs_O3r,A059,16,0.9999857791582664
O3p_vs_O3r,A059,17,0.9999936777043964
O3p_vs_O3r,A059,18,0.9999965146958334
O3p_vs_O3r,A059,19,0.9999966874431528
O3p_vs_O3r,A059,20,0.9999963914761472
O3p_vs_O3r,A060,0,0.9999211868588908
O3p_vs_O3r,A060,1,0.9999846603027892
O3p_vs_O3r,A060,2,0.9999932111727967
O3p_vs_O3r,A060,3,0.9999898183891187
O3p_vs_O3r,A060,4,0.9999939015344387
O3p_vs_O3r,A060,5,0.9999889592510014
O3p_vs_O3r,A060,6,0.9999965941162363
O3p_vs_O3r,A060,7,0.9999945369564333
O3p_vs_O3r,A060,8,0.9999965838456573
O3p_vs_O3r,A060,9,0.9999962819033162
O3p_vs_O3r,A060,10,0.9999954998489423
O3p_vs_O3r,A060,11,0.9999931245365217
O3p_vs_O3r,A060,12,0.9999942974742689
O3p_vs_O3r,A060,13,0.9999926979125874
O3p_vs_O3r,A060,14,0.9999903328511014
O3p_vs_O3r,A060,15,0.9999856022138504
O3p_vs_O3r,A060,16,0.9999928929827324
O3p_vs_O3r,A060,17,0.9999972736859019
O3p_vs_O3r,A060,18,0.9999959468063409
O3p_vs_O3r,A060,19,0.9999845275328398
O3p_vs_O3r,A061,0,0.9999211868588908
O3p_vs_O3r,A061,1,0.9999846603027892
O3p_vs_O3r,A061,2,0.9999932111727967
O3p_vs_O3r,A061,3,0.9999931594805362
O3p_vs_O3r,A061,4,0.9999939785984834
O3p_vs_O3r,A061,5,0.9999934188712173
O3p_vs_O3r,A061,6,0.9999974036958909
O3p_vs_O3r,A061,7,0.9999950170937771
O3p_vs_O3r,A061,8,0.999994769218318
O3p_vs_O3r,A061,9,0.9999918401742386
O3p_vs_O3r,A061,10,0.9999945122699745
O3p_vs_O3r,A061,11,0.9999957699374429
O3p_vs_O3r,A061,12,0.999993383338263
O3p_vs_O3r,A061,13,0.9999942091584637
O3p_vs_O3r,A061,14,0.9999918090388082
O3p_vs_O3r,A061,15,0.9999947718524854
O3p_vs_O3r,A061,16,0.9999824377115977
O3p_vs_O3r,A061,17,0.9999938273137777
O3p_vs_O3r,A061,18,0.999990635960412
O3p_vs_O3r,A061,19,0.9999912670702317
O3p_vs_O3r,A061,20,0.9999846052179329
O3p_vs_O3r,A061,21,0.9999941749873957
O3p_vs_O3r,A061,22,0.9999930412023416
O3p_vs_O3r,A061,23,0.9999972679917145
O3p_vs_O3r,A061,24,0.9999981269380515
O3p_vs_O3r,A062,0,0.9999211868588908
O3p_vs_O3r,A062,1,0.9999846603027892
O3p_vs_O3r,A062,2,0.9999932111727967
O3p_vs_O3r,A062,3,0.9999931594805362
O3p_vs_O3r,A062,4,0.9999946494689231
O3p_vs_O3r,A062,5,0.9999975161451472
O3p_vs_O3r,A062,6,0.9999973696916403
O3p_vs_O3r,A062,7,0.9999968791530626
O3p_vs_O3r,A062,8,0.9999949879648232
O3p_vs_O3r,A062,9,0.9999944525188841
O3p_vs_O3r,A062,10,0.9999906782570805
O3p_vs_O3r,A062,11,0.9999940267973066
O3p_vs_O3r,A062,12,0.9999957158408161
O3p_vs_O3r,A062,13,0.999995182451179
O3p_vs_O3r,A062,14,0.9999936935364
O3p_vs_O3r,A062,15,0.9999887086875783
O3p_vs_O3r,A062,16,0.9999922502787338
O3p_vs_O3r,A062,17,0.9999920668367642
O3p_vs_O3r,A062,18,0.9999823290503239
O3p_vs_O3r,A062,19,0.9999930036892197
O3p_vs_O3r,A062,20,0.9999939353077457
O3p_vs_O3r,A062,21,0.9999970659833589
O3p_vs_O3r,A062,22,0.9999973448896776
O3p_vs_O3r,A063,0,0.9999211868588908
O3p_vs_O3r,A063,1,0.9999846603027892
O3p_vs_O3r,A063,2,0.9999932111727967
O3p_vs_O3r,A063,3,0.9999931594805362
O3p_vs_O3r,A063,4,0.9999950551565245
O3p_vs_O3r,A063,5,0.9999956357952914
O3p_vs_O3r,A063,6,0.9999950897832676
O3p_vs_O3r,A063,7,0.9999950162485525
O3p_vs_O3r,A063,8,0.9999916423979693
O3p_vs_O3r,A063,9,0.9999955574058591
O3p_vs_O3r,A063,10,0.9999948473392521
O3p_vs_O3r,A063,11,0.999994301590684
O3p_vs_O3r,A063,12,0.9999916537873892
O3p_vs_O3r,A063,13,0.9999907214795452
O3p_vs_O3r,A063,14,0.9999838405074897
O3p_vs_O3r,A063,15,0.9999948059684481
O3p_vs_O3r,A063,16,0.9999944188412454
O3p_vs_O3r,A063,17,0.9999972474176467
O3p_vs_O3r,A063,18,0.9999971327067223
O3p_vs_O3r,A064,0,0.9999211868588908
O3p_vs_O3r,A064,1,0.9999846603027892
O3p_vs_O3r,A064,2,0.9999932111727967
O3p_vs_O3r,A064,3,0.9999931596602061
O3p_vs_O3r,A064,4,0.9999954715493952
O3p_vs_O3r,A064,5,0.9999958286743705
O3p_vs_O3r,A064,6,0.9999946871643732
O3p_vs_O3r,A064,7,0.9999950624604551
O3p_vs_O3r,A064,8,0.9999952643688667
O3p_vs_O3r,A064,9,0.999994923781984
O3p_vs_O3r,A064,10,0.9999940716211901
O3p_vs_O3r,A064,11,0.9999914387239237
O3p_vs_O3r,A064,12,0.9999854091157527
O3p_vs_O3r,A064,13,0.9999924621210574
O3p_vs_O3r,A064,14,0.9999949361946708
O3p_vs_O3r,A064,15,0.9999971170891867
O3p_vs_O3r,A064,16,0.999996586520424
O3p_vs_O3r,A065,0,0.9999211868588908
O3p_vs_O3r,A065,1,0.9999846603027892
O3p_vs_O3r,A065,2,0.9999932111727967
O3p_vs_O3r,A065,3,0.9999931594805362
O3p_vs_O3r,A065,4,0.9999944164148191
O3p_vs_O3r,A065,5,0.9999955651798076
O3p_vs_O3r,A065,6,0.9999967990706863
O3p_vs_O3r,A065,7,0.9999974702600114
O3p_vs_O3r,A065,8,0.9999953733989481
O3p_vs_O3r,A065,9,0.9999939944099304
O3p_vs_O3r,A065,10,0.9999943799547165
O3p_vs_O3r,A065,11,0.9999951207458301
O3p_vs_O3r,A065,12,0.9999951399418666
O3p_vs_O3r,A065,13,0.999995387271254
O3p_vs_O3r,A065,14,0.9999647068877098
O3p_vs_O3r,A065,15,0.9999904064056075
O3p_vs_O3r,A065,16,0.9999852742425593
O3p_vs_O3r,A065,17,0.9999885605456372
O3p_vs_O3r,A065,18,0.9999964621729766
O3p_vs_O3r,A065,19,0.9999971214555441
O3p_vs_O3r,A065,20,0.999997724412969
O3p_vs_O3r,A066,0,0.9999211868588908
O3p_vs_O3r,A066,1,0.9999846603027892
O3p_vs_O3r,A066,2,0.9999932111727967
O3p_vs_O3r,A066,3,0.9999931594805362
O3p_vs_O3r,A066,4,0.9999949120306051
O3p_vs_O3r,A066,5,0.9999927272252265
O3p_vs_O3r,A066,6,0.9999953914770358
O3p_vs_O3r,A066,7,0.9999965925640094
O3p_vs_O3r,A066,8,0.9999971283546814
O3p_vs_O3r,A066,9,0.9999955680705922
O3p_vs_O3r,A066,10,0.999992688655538
O3p_vs_O3r,A066,11,0.9999947576610635
O3p_vs_O3r,A066,12,0.9999959189170096
O3p_vs_O3r,A066,13,0.9999970137035996
O3p_vs_O3r,A066,14,0.9999938218912694
O3p_vs_O3r,A066,15,0.9999957569799682
O3p_vs_O3r,A066,16,0.9999925193221516
O3p_vs_O3r,A066,17,0.9999910634777088
O3p_vs_O3r,A066,18,0.9999813757939021
O3p_vs_O3r,A066,19,0.9999932239250002
O3p_vs_O3r,A066,20,0.9999794292028867
O3p_vs_O3r,A066,21,0.9999967676063698
O3p_vs_O3r,A066,22,0.9999968907012456
O3p_vs_O3r,A067,0,0.9999211868588908
O3p_vs_O3r,A067,1,0.9999846603027892
O3p_vs_O3r,A067,2,0.9999932111727967
O3p_vs_O3r,A067,3,0.9999931594805362
O3p_vs_O3r,A067,4,0.9999943512395573
O3p_vs_O3r,A067,5,0.9999967886361733
O3p_vs_O3r,A067,6,0.999993820496117
O3p_vs_O3r,A067,7,0.9999965207795108
O3p_vs_O3r,A067,8,0.999997081414107
O3p_vs_O3r,A067,9,0.9999953628451976
O3p_vs_O3r,A067,10,0.9999918867160192
O3p_vs_O3r,A067,11,0.9999943268471753
O3p_vs_O3r,A067,12,0.9999923370274357
O3p_vs_O3r,A067,13,0.9999910351841845
O3p_vs_O3r,A067,14,0.9999926712526306
O3p_vs_O3r,A067,15,0.9999849800054429
O3p_vs_O3r,A067,16,0.9999929905476679
O3p_vs_O3r,A067,17,0.9999947936325014
O3p_vs_O3r,A067,18,0.9999969505279596
O3p_vs_O3r,A067,19,0.9999963449375123
O3p_vs_O3r,A068,0,0.9999211868588908
O3p_vs_O3r,A068,1,0.9999846603027892
O3p_vs_O3r,A068,2,0.9999932111727967
O3p_vs_O3r,A068,3,0.9999931594805362
O3p_vs_O3r,A068,4,0.9999954627016188
O3p_vs_O3r,A068,5,0.9999958204373891
O3p_vs_O3r,A068,6,0.999996226157384
O3p_vs_O3r,A068,7,0.9999935981028598
O3p_vs_O3r,A068,8,0.9999960702770672
O3p_vs_O3r,A068,9,0.9999955792925316
O3p_vs_O3r,A068,10,0.9999936481554172
O3p_vs_O3r,A068,11,0.9999925345021339
O3p_vs_O3r,A068,12,0.9999938904806456
O3p_vs_O3r,A068,13,0.9999816861584513
O3p_vs_O3r,A068,14,0.9999930099856198
O3p_vs_O3r,A068,15,0.9999926039935197
O3p_vs_O3r,A068,16,0.9999972844137476
O3p_vs_O3r,A068,17,0.9999978432936131
O3p_vs_O3r,A069,0,0.9999211868588908
O3p_vs_O3r,A069,1,0.9999846603027892
O3p_vs_O3r,A069,2,0.9999932111727967
O3p_vs_O3r,A069,3,0.9999931594805362
O3p_vs_O3r,A069,4,0.9999958209455928
O3p_vs_O3r,A069,5,0.9999949204114986
O3p_vs_O3r,A069,6,0.9999932711888878
O3p_vs_O3r,A069,7,0.9999975929628614
O3p_vs_O3r,A069,8,0.9999946959690141
O3p_vs_O3r,A069,9,0.9999939901651052
O3p_vs_O3r,A069,10,0.9999942315006074
O3p_vs_O3r,A069,11,0.9999930198908725
O3p_vs_O3r,A069,12,0.9999949449913864
O3p_vs_O3r,A069,13,0.99999338697018
O3p_vs_O3r,A069,14,0.9999909728805791
O3p_vs_O3r,A069,15,0.9999825722684368
O3p_vs_O3r,A069,16,0.9999941003485728
O3p_vs_O3r,A069,17,0.9999961375325801
O3p_vs_O3r,A069,18,0.999996613481509
O3p_vs_O3r,A069,19,0.999996803928277
O3p_vs_O3r,A070,0,0.9999211868588908
O3p_vs_O3r,A070,1,0.9999846603027892
O3p_vs_O3r,A070,2,0.9999932111727967
O3p_vs_O3r,A070,3,0.9999931594805362
O3p_vs_O3r,A070,4,0.9999959614121156
O3p_vs_O3r,A070,5,0.9999947312212576
O3p_vs_O3r,A070,6,0.9999895730405682
O3p_vs_O3r,A070,7,0.9999975151170942
O3p_vs_O3r,A070,8,0.9999966900117314
O3p_vs_O3r,A070,9,0.9999959487396093
O3p_vs_O3r,A070,10,0.9999950547245348
O3p_vs_O3r,A070,11,0.9999945991724953
O3p_vs_O3r,A070,12,0.9999890493608453
O3p_vs_O3r,A070,13,0.9999877416315677
O3p_vs_O3r,A070,14,0.9999935885735367
O3p_vs_O3r,A070,15,0.9999742265514464
O3p_vs_O3r,A070,16,0.9999962060076407
O3p_vs_O3r,A070,17,0.9999952269953797
O3p_vs_O3r,A071,0,0.9999211868588908
O3p_vs_O3r,A071,1,0.9999846603027892
O3p_vs_O3r,A071,2,0.9999932111727967
O3p_vs_O3r,A071,3,0.9999898183891187
O3p_vs_O3r,A071,4,0.9999923784743383
O3p_vs_O3r,A071,5,0.9999573625944463
O3p_vs_O3r,A071,6,0.9999964360739875
O3p_vs_O3r,A071,7,0.9999955311542975
O3p_vs_O3r,A071,8,0.9999928290965152
O3p_vs_O3r,A071,9,0.9999962860008611
O3p_vs_O3r,A071,10,0.9999971697269465
O3p_vs_O3r,A071,11,0.9999961871828562
O3p_vs_O3r,A071,12,0.9999940613211818
O3p_vs_O3r,A071,13,0.9999960194617411
O3p_vs_O3r,A071,14,0.9999961170797451
O3p_vs_O3r,A071,15,0.9999946318976936
O3p_vs_O3r,A071,16,0.9999941182497417
O3p_vs_O3r,A071,17,0.9999942048702902
O3p_vs_O3r,A071,18,0.9999951442056988
O3p_vs_O3r,A071,19,0.9999936396677676
O3p_vs_O3r,A071,20,0.9999943234885703
O3p_vs_O3r,A071,21,0.9999949632116121
O3p_vs_O3r,A071,22,0.9999965425911939
O3p_vs_O3r,A071,23,0.9999959480547618
O3p_vs_O3r,A071,24,0.999994819987435
O3p_vs_O3r,A071,25,0.9999900009621637
O3p_vs_O3r,A071,26,0.9999942917215365
O3p_vs_O3r,A071,27,0.9999953938181051
O3p_vs_O3r,A071,28,0.9999968762028033
O3p_vs_O3r,A071,29,0.9999920042040991
O3p_vs_O3r,A071,30,0.9999928231525315
O3p_vs_O3r,A071,31,0.9999951269363124
O3p_vs_O3r,A071,32,0.9999970576753934
O3p_vs_O3r,A071,33,0.9999949445011206
O3p_vs_O3r,A071,34,0.9999929934890279
O3p_vs_O3r,A071,35,0.9999965145076218
O3p_vs_O3r,A071,36,0.9999947498190886
O3p_vs_O3r,A071,37,0.9999934262188663
O3p_vs_O3r,A071,38,0.9999910592668562
O3p_vs_O3r,A071,39,0.9999949217524384
O3p_vs_O3r,A071,40,0.9999958445815263
O3p_vs_O3r,A071,41,0.9999959140555809
O3p_vs_O3r,A071,42,0.999982857385209
O3p_vs_O3r,A071,43,0.9999922652938956
O3p_vs_O3r,A071,44,0.9999966353989244
O3p_vs_O3r,A071,45,0.9999949251779328
O3p_vs_O3r,A071,46,0.9999927612007028
O3p_vs_O3r,A071,47,0.9999926910044923
O3p_vs_O3r,A071,48,0.9999925069718107
O3p_vs_O3r,A071,49,0.999990458780544
O3p_vs_O3r,A071,50,0.9998845885551669
O3p_vs_O3r,A071,51,0.9999598199659382
O3p_vs_O3r,A071,52,0.9999665537977603
O3p_vs_O3r,A071,53,0.9999855470400084
O3p_vs_O3r,A071,54,0.9999861436862655
O3p_vs_O3r,A071,55,0.999990981577701
O3p_vs_O3r,A071,56,0.9999920293887722
O3p_vs_O3r,A071,57,0.9998450291118225
O3p_vs_O3r,A071,58,0.9999895625393943
O3p_vs_O3r,A071,59,0.999983526815342
O3p_vs_O3r,A071,60,0.9999882154365474
O3p_vs_O3r,A071,61,0.9999739216911988
O3p_vs_O3r,A071,62,0.9999316408215333
O3p_vs_O3r,A071,63,0.9999962776333965
O3p_vs_O3r,A071,64,0.9999979617646794
O3p_vs_O3r,A072,0,0.9999211868588908
O3p_vs_O3r,A072,1,0.9999846603027892
O3p_vs_O3r,A072,2,0.9999932111727967
O3p_vs_O3r,A072,3,0.9999931594805362
O3p_vs_O3r,A072,4,0.9999954985464474
O3p_vs_O3r,A072,5,0.9999948286133277
O3p_vs_O3r,A072,6,0.9999960465489329
O3p_vs_O3r,A072,7,0.9999932524665417
O3p_vs_O3r,A072,8,0.9999955874465203
O3p_vs_O3r,A072,9,0.9999978488749426
O3p_vs_O3r,A072,10,0.9999953861747097
O3p_vs_O3r,A072,11,0.9999977437112127
O3p_vs_O3r,A072,12,0.9999966380494271
O3p_vs_O3r,A072,13,0.9999985720385756
O3p_vs_O3r,A072,14,0.9999954434258677
O3p_vs_O3r,A072,15,0.9999941278652101
O3p_vs_O3r,A072,16,0.9999894647601146
O3p_vs_O3r,A072,17,0.9999966446221681
O3p_vs_O3r,A072,18,0.9999971003246961
O3p_vs_O3r,A072,19,0.9999980061906275
O3p_vs_O3r,A072,20,0.9999927615130912
O3p_vs_O3r,A072,21,0.9999943298312525
O3p_vs_O3r,A072,22,0.9999864069378818
O3p_vs_O3r,A072,23,0.9999896646331938
O3p_vs_O3r,A072,24,0.9999923293739957
O3p_vs_O3r,A072,25,0.9999927443709676
O3p_vs_O3r,A072,26,0.9999952165873038
O3p_vs_O3r,A072,27,0.999992401662863
O3p_vs_O3r,A072,28,0.9999931536146995
O3p_vs_O3r,A072,29,0.9999933577416406
O3p_vs_O3r,A072,30,0.999995148416252
O3p_vs_O3r,A072,31,0.9999953490518073
O3p_vs_O3r,A072,32,0.9999947580463706
O3p_vs_O3r,A072,33,0.9999928068338346
O3p_vs_O3r,A072,34,0.9999917292761076
O3p_vs_O3r,A072,35,0.9999826218979393
O3p_vs_O3r,A072,36,0.9999903821930002
O3p_vs_O3r,A072,37,0.9999967392123317
O3p_vs_O3r,A072,38,0.9999969902192499
O3p_vs_O3r,A072,39,0.9999988509503696
O3p_vs_O3r,A073,0,0.9999211868588908
O3p_vs_O3r,A073,1,0.9999846603027892
O3p_vs_O3r,A073,2,0.9999932111727967
O3p_vs_O3r,A073,3,0.9999931594805362
O3p_vs_O3r,A073,4,0.9999954305782726
O3p_vs_O3r,A073,5,0.9999943194199821
O3p_vs_O3r,A073,6,0.9999965600460192
O3p_vs_O3r,A073,7,0.9999947431508913
O3p_vs_O3r,A073,8,0.9999932091858809
O3p_vs_O3r,A073,9,0.9999976622602993
O3p_vs_O3r,A073,10,0.9999938966474758
O3p_vs_O3r,A073,11,0.9999958708335573
O3p_vs_O3r,A073,12,0.9999968252507611
O3p_vs_O3r,A073,13,0.9999979703744013
O3p_vs_O3r,A073,14,0.9999958283728604
O3p_vs_O3r,A073,15,0.9999965550218708
O3p_vs_O3r,A073,16,0.9999947819576865
O3p_vs_O3r,A073,17,0.9999929205298494
O3p_vs_O3r,A073,18,0.9999963237943774
O3p_vs_O3r,A073,19,0.9999966669616003
O3p_vs_O3r,A073,20,0.9999954822128582
O3p_vs_O3r,A073,21,0.9999964143245391
O3p_vs_O3r,A073,22,0.9999972554610074
O3p_vs_O3r,A073,23,0.9999959004502147
O3p_vs_O3r,A073,24,0.9999958986432659
O3p_vs_O3r,A073,25,0.9999911738198644
O3p_vs_O3r,A073,26,0.9999958008329225
O3p_vs_O3r,A073,27,0.9999934551421782
O3p_vs_O3r,A073,28,0.9999960986002449
O3p_vs_O3r,A073,29,0.9999951555856327
O3p_vs_O3r,A073,30,0.9999900749185362
O3p_vs_O3r,A073,31,0.9999930304148645
O3p_vs_O3r,A073,32,0.9999950408015246
O3p_vs_O3r,A073,33,0.9999950692219403
O3p_vs_O3r,A073,34,0.9999952333403385
O3p_vs_O3r,A073,35,0.9999949313983054
O3p_vs_O3r,A073,36,0.999994883948663
O3p_vs_O3r,A073,37,0.9999871042746563
O3p_vs_O3r,A073,38,0.9999895812505567
O3p_vs_O3r,A073,39,0.9999940168047599
O3p_vs_O3r,A073,40,0.9999960366081166
O3p_vs_O3r,A073,41,0.9999971241986533
O3p_vs_O3r,A073,42,0.9999872723377637
O3p_vs_O3r,A074,0,0.9999211868588908
O3p_vs_O3r,A074,1,0.9999846603027892
O3p_vs_O3r,A074,2,0.9999932111727967
O3p_vs_O3r,A074,3,0.9999931594805362
O3p_vs_O3r,A074,4,0.9999936236948931
O3p_vs_O3r,A074,5,0.9999934398387307
O3p_vs_O3r,A074,6,0.999994574296142
O3p_vs_O3r,A074,7,0.9999955437751924
O3p_vs_O3r,A074,8,0.9999970111059321
O3p_vs_O3r,A074,9,0.9999963412593754
O3p_vs_O3r,A074,10,0.9999935655392881
O3p_vs_O3r,A074,11,0.9999943058377496
O3p_vs_O3r,A074,12,0.9999946066236519
O3p_vs_O3r,A074,13,0.9999924013865272
O3p_vs_O3r,A074,14,0.9999957536243892
O3p_vs_O3r,A074,15,0.999996807189859
O3p_vs_O3r,A074,16,0.999992555837047
O3p_vs_O3r,A074,17,0.9999881270874351
O3p_vs_O3r,A074,18,0.9999945703494062
O3p_vs_O3r,A074,19,0.9999909075841092
O3p_vs_O3r,A074,20,0.999995179307997
O3p_vs_O3r,A074,21,0.9999932180963338
O3p_vs_O3r,A074,22,0.9999939483815546
O3p_vs_O3r,A074,23,0.9999944434287336
O3p_vs_O3r,A074,24,0.9999856663294885
O3p_vs_O3r,A074,25,0.9999919354115097
O3p_vs_O3r,A074,26,0.9999931824190453
O3p_vs_O3r,A074,27,0.9999922365608933
O3p_vs_O3r,A074,28,0.9999945677547464
O3p_vs_O3r,A074,29,0.999992600646145
O3p_vs_O3r,A074,30,0.9999922885534208
O3p_vs_O3r,A074,31,0.9999942148842874
O3p_vs_O3r,A074,32,0.9999915312784781
O3p_vs_O3r,A074,33,0.9999904936413231
O3p_vs_O3r,A074,34,0.9999886166375467
O3p_vs_O3r,A074,35,0.999989081781624
O3p_vs_O3r,A074,36,0.9999537837363444
O3p_vs_O3r,A074,37,0.9999967255432252
O3p_vs_O3r,A074,38,0.9999910670220178
O3p_vs_O3r,A075,0,0.9999211868588908
O3p_vs_O3r,A075,1,0.9999846603027892
O3p_vs_O3r,A075,2,0.9999932111727967
O3p_vs_O3r,A075,3,0.9999898183891187
O3p_vs_O3r,A075,4,0.9999903063438784
O3p_vs_O3r,A075,5,0.9999934247649912
O3p_vs_O3r,A075,6,0.9999943442862932
O3p_vs_O3r,A075,7,0.9999964802040978
O3p_vs_O3r,A075,8,0.9999975864991979
O3p_vs_O3r,A075,9,0.9999977376861667
O3p_vs_O3r,A075,10,0.9999949329882912
O3p_vs_O3r,A075,11,0.9999939487774483
O3p_vs_O3r,A075,12,0.9999928807461029
O3p_vs_O3r,A075,13,0.9999916295848587
O3p_vs_O3r,A075,14,0.9999946342073198
O3p_vs_O3r,A075,15,0.9999926676296814
O3p_vs_O3r,A075,16,0.9999961776824629
O3p_vs_O3r,A075,17,0.9999914064875817
O3p_vs_O3r,A075,18,0.9999319455057848
O3p_vs_O3r,A075,19,0.9999875042291079
O3p_vs_O3r,A075,20,0.9999883541067741
O3p_vs_O3r,A075,21,0.999988995520674
O3p_vs_O3r,A075,22,0.9999873322774849
O3p_vs_O3r,A075,23,0.9999953006364818
O3p_vs_O3r,A075,24,0.9999923212433727
O3p_vs_O3r,A075,25,0.9999924434198141
O3p_vs_O3r,A075,26,0.9999908920770694
O3p_vs_O3r,A075,27,0.9999931927338123
O3p_vs_O3r,A075,28,0.9999938487871288
O3p_vs_O3r,A075,29,0.9999977133811538
O3p_vs_O3r,A075,30,0.9999959834668339
O3p_vs_O3r,A075,31,0.9999921718597384
O3p_vs_O3r,A075,32,0.9999923594122998
O3p_vs_O3r,A075,33,0.9999850736149569
O3p_vs_O3r,A075,34,0.9999854430621871
O3p_vs_O3r,A075,35,0.9999888632276671
O3p_vs_O3r,A075,36,0.99999648424433
O3p_vs_O3r,A075,37,0.9999984939089972
O3p_vs_O3r,A076,0,0.9999211868588908
O3p_vs_O3r,A076,1,0.9999846603027892
O3p_vs_O3r,A076,2,0.9999932111727967
O3p_vs_O3r,A076,3,0.9999931594805362
O3p_vs_O3r,A076,4,0.9999967079475129
O3p_vs_O3r,A076,5,0.9999953909378696
O3p_vs_O3r,A076,6,0.999994024532571
O3p_vs_O3r,A076,7,0.9999957948572921
O3p_vs_O3r,A076,8,0.9999957480147632
O3p_vs_O3r,A076,9,0.9999971520202543
O3p_vs_O3r,A076,10,0.9999924070908515
O3p_vs_O3r,A076,11,0.999995676251009
O3p_vs_O3r,A076,12,0.9999937927718238
O3p_vs_O3r,A076,13,0.9999896457157761
O3p_vs_O3r,A076,14,0.9999638580581678
O3p_vs_O3r,A076,15,0.9999949538987609
O3p_vs_O3r,A076,16,0.9999944729377312
O3p_vs_O3r,A076,17,0.9999882730948733
O3p_vs_O3r,A076,18,0.9999935818313714
O3p_vs_O3r,A076,19,0.9999947901809905
O3p_vs_O3r,A076,20,0.9999950996977472
O3p_vs_O3r,A076,21,0.9999939712509175
O3p_vs_O3r,A076,22,0.9999942013581793
O3p_vs_O3r,A076,23,0.9999937429092184
O3p_vs_O3r,A076,24,0.9999937244488928
O3p_vs_O3r,A076,25,0.9999946516193694
O3p_vs_O3r,A076,26,0.9999924228859289
O3p_vs_O3r,A076,27,0.9999944225033449
O3p_vs_O3r,A076,28,0.9999924273209271
O3p_vs_O3r,A076,29,0.9999839911265382
O3p_vs_O3r,A076,30,0.9999891317740708
O3p_vs_O3r,A076,31,0.9999945176733548
O3p_vs_O3r,A076,32,0.9999903582097034
O3p_vs_O3r,A076,33,0.9999813481319341
O3p_vs_O3r,A076,34,0.9999892750710512
O3p_vs_O3r,A076,35,0.999994601306591
O3p_vs_O3r,A076,36,0.9999967006384431
O3p_vs_O3r,A076,37,0.999995158013293
O3p_vs_O3r,A076,38,0.9999924985760795
O3p_vs_O3r,A077,0,0.9999211868588908
O3p_vs_O3r,A077,1,0.9999846603027892
O3p_vs_O3r,A077,2,0.9999932111727967
O3p_vs_O3r,A077,3,0.9999931594805362
O3p_vs_O3r,A077,4,0.9999951370015077
O3p_vs_O3r,A077,5,0.999995593618293
O3p_vs_O3r,A077,6,0.9999924130561971
O3p_vs_O3r,A077,7,0.9999931109042515
O3p_vs_O3r,A077,8,0.9999939368328788
O3p_vs_O3r,A077,9,0.9999942464458078
O3p_vs_O3r,A077,10,0.999995001106972
O3p_vs_O3r,A077,11,0.9999933003774509
O3p_vs_O3r,A077,12,0.9999945709253463
O3p_vs_O3r,A077,13,0.9999950128027456
O3p_vs_O3r,A077,14,0.9999942989545499
O3p_vs_O3r,A077,15,0.9999927399972277
O3p_vs_O3r,A077,16,0.9999935966261384
O3p_vs_O3r,A077,17,0.9999942420217726
O3p_vs_O3r,A077,18,0.999990531263388
O3p_vs_O3r,A077,19,0.999928369746836
O3p_vs_O3r,A077,20,0.9999916891342282
O3p_vs_O3r,A077,21,0.9999958828361193
O3p_vs_O3r,A077,22,0.9999932809663997
O3p_vs_O3r,A077,23,0.9999948845561321
O3p_vs_O3r,A077,24,0.9999973960057409
O3p_vs_O3r,A077,25,0.9999912234688041
O3p_vs_O3r,A077,26,0.9999908374494623
O3p_vs_O3r,A077,27,0.9999803361161966
O3p_vs_O3r,A077,28,0.9999873155742685
O3p_vs_O3r,A077,29,0.999988877652013
O3p_vs_O3r,A077,30,0.9999962780150183
O3p_vs_O3r,A077,31,0.9999954755316861
O3p_vs_O3r,A077,32,0.9999929656186904
O3p_vs_O3r,A077,33,0.9999861780355479
O3p_vs_O3r,A077,34,0.9999868296695388
O3p_vs_O3r,A077,35,0.9999858908146125
O3p_vs_O3r,A077,36,0.9999928739378136
O3p_vs_O3r,A077,37,0.9999958979362769
O3p_vs_O3r,A077,38,0.9999889010679791
O3p_vs_O3r,A078,0,0.9999211868588908
O3p_vs_O3r,A078,1,0.9999846603027892
O3p_vs_O3r,A078,2,0.9999932111727967
O3p_vs_O3r,A078,3,0.9999931594805362
O3p_vs_O3r,A078,4,0.9999954985464474
O3p_vs_O3r,A078,5,0.999994089112513
O3p_vs_O3r,A078,6,0.9999955183372037
O3p_vs_O3r,A078,7,0.999995724164905
O3p_vs_O3r,A078,8,0.9999978905222161
O3p_vs_O3r,A078,9,0.9999954907177941
O3p_vs_O3r,A078,10,0.9999942407517144
O3p_vs_O3r,A078,11,0.9999929503804746
O3p_vs_O3r,A078,12,0.9999933951759291
O3p_vs_O3r,A078,13,0.9999920850864328
O3p_vs_O3r,A078,14,0.9999955558499978
O3p_vs_O3r,A078,15,0.999996275328398
O3p_vs_O3r,A078,16,0.9999915197028598
O3p_vs_O3r,A078,17,0.9999630571054313
O3p_vs_O3r,A078,18,0.9999918030459566
O3p_vs_O3r,A078,19,0.9999892184990162
O3p_vs_O3r,A078,20,0.9999836184038364
O3p_vs_O3r,A078,21,0.9999933809272376
O3p_vs_O3r,A078,22,0.999994194294792
O3p_vs_O3r,A078,23,0.9999921975797914
O3p_vs_O3r,A078,24,0.999991333151384
O3p_vs_O3r,A078,25,0.9999936023851701
O3p_vs_O3r,A078,26,0.9999948733690618
O3p_vs_O3r,A078,27,0.9999864740934723
O3p_vs_O3r,A078,28,0.9999948006819624
O3p_vs_O3r,A078,29,0.9999935953033015
O3p_vs_O3r,A078,30,0.9999917870204013
O3p_vs_O3r,A078,31,0.9999875430704527
O3p_vs_O3r,A078,32,0.9999925211579204
O3p_vs_O3r,A078,33,0.9999953784569161
O3p_vs_O3r,A078,34,0.9999961655744148
O3p_vs_O3r,A078,35,0.9999987171054573
O3p_vs_O3r,A079,0,0.9999211868588908
O3p_vs_O3r,A079,1,0.9999846603027892
O3p_vs_O3r,A079,2,0.9999932111727967
O3p_vs_O3r,A079,3,0.9999931594805362
O3p_vs_O3r,A079,4,0.9999940606116834
O3p_vs_O3r,A079,5,0.999992244611387
O3p_vs_O3r,A079,6,0.9999970286218995
O3p_vs_O3r,A079,7,0.99999668761623
O3p_vs_O3r,A079,8,0.9999970907764658
O3p_vs_O3r,A079,9,0.9999919461020021
O3p_vs_O3r,A079,10,0.999994080446098
O3p_vs_O3r,A079,11,0.9999902829716373
O3p_vs_O3r,A079,12,0.9999986997299694
O3p_vs_O3r,A079,13,0.9999943601298522
O3p_vs_O3r,A079,14,0.9999940733123416
O3p_vs_O3r,A079,15,0.9999927121163787
O3p_vs_O3r,A079,16,0.9999957322921678
O3p_vs_O3r,A079,17,0.9999911302969496
O3p_vs_O3r,A079,18,0.9999812268546224
O3p_vs_O3r,A079,19,0.9999909397400394
O3p_vs_O3r,A079,20,0.9999863379458994
O3p_vs_O3r,A079,21,0.9999868206261283
O3p_vs_O3r,A079,22,0.9999853755595688
O3p_vs_O3r,A079,23,0.9999896840154218
O3p_vs_O3r,A079,24,0.9999942122820843
O3p_vs_O3r,A079,25,0.9999928684620011
O3p_vs_O3r,A079,26,0.9999891100720559
O3p_vs_O3r,A079,27,0.9999910105363162
O3p_vs_O3r,A079,28,0.999990985628776
O3p_vs_O3r,A079,29,0.9999937589469019
O3p_vs_O3r,A079,30,0.9999898159126506
O3p_vs_O3r,A079,31,0.9999862129521403
O3p_vs_O3r,A079,32,0.9999887655985286
O3p_vs_O3r,A079,33,0.9999878269516171
O3p_vs_O3r,A079,34,0.999949250407535
O3p_vs_O3r,A079,35,0.9999957596808494
O3p_vs_O3r,A079,36,0.9999968350638883
O3p_vs_O3r,A080,0,0.9999211868588908
O3p_vs_O3r,A080,1,0.9999846603027892
O3p_vs_O3r,A080,2,0.9999932111727967
O3p_vs_O3r,A080,3,0.9999931594805362
O3p_vs_O3r,A080,4,0.9999961274150544
O3p_vs_O3r,A080,5,0.9999950631066243
O3p_vs_O3r,A080,6,0.9999956723036152
O3p_vs_O3r,A080,7,0.9999984912188702
O3p_vs_O3r,A080,8,0.9999924362890775
O3p_vs_O3r,A080,9,0.9999927087792804
O3p_vs_O3r,A080,10,0.9999965812337933
O3p_vs_O3r,A080,11,0.999995787214307
O3p_vs_O3r,A080,12,0.9999945673469021
O3p_vs_O3r,A080,13,0.999994065301849
O3p_vs_O3r,A080,14,0.9999914418861966
O3p_vs_O3r,A080,15,0.9999825488648145
O3p_vs_O3r,A080,16,0.9999914578069978
O3p_vs_O3r,A080,17,0.9999948611678945
O3p_vs_O3r,A080,18,0.9999930985520942
O3p_vs_O3r,A080,19,0.9999924043261026
O3p_vs_O3r,A080,20,0.9999940260147493
O3p_vs_O3r,A080,21,0.9999919517109841
O3p_vs_O3r,A080,22,0.9999927814373755
O3p_vs_O3r,A080,23,0.9999914115152267
O3p_vs_O3r,A080,24,0.9999902216248565
O3p_vs_O3r,A080,25,0.9999934043693653
O3p_vs_O3r,A080,26,0.9999937007038318
O3p_vs_O3r,A080,27,0.9999936652925795
O3p_vs_O3r,A080,28,0.9999910896512156
O3p_vs_O3r,A080,29,0.9999861197258394
O3p_vs_O3r,A080,30,0.9999895573629876
O3p_vs_O3r,A080,31,0.9999916705555729
O3p_vs_O3r,A080,32,0.9999967064311924
O3p_vs_O3r,A080,33,0.999996310835715
O3p_vs_O3r,A080,34,0.999993109161301
O3p_vs_O3r,A081,0,0.9999211868588908
O3p_vs_O3r,A081,1,0.9999846603027892
O3p_vs_O3r,A081,2,0.9999932111727967
O3p_vs_O3r,A081,3,0.9999931594805362
O3p_vs_O3r,A081,4,0.9999966150090592
O3p_vs_O3r,A081,5,0.9999956064998662
O3p_vs_O3r,A081,6,0.9999958155617978
O3p_vs_O3r,A081,7,0.9999970202846933
O3p_vs_O3r,A081,8,0.9999962425587267
O3p_vs_O3r,A081,9,0.9999952715152166
O3p_vs_O3r,A081,10,0.999997861171534
O3p_vs_O3r,A081,11,0.9999973247357438
O3p_vs_O3r,A081,12,0.9999975477850085
O3p_vs_O3r,A081,13,0.9999958354340155
O3p_vs_O3r,A081,14,0.9999949658087294
O3p_vs_O3r,A081,15,0.9999939697349164
O3p_vs_O3r,A081,16,0.9999960734697718
O3p_vs_O3r,A081,17,0.9999958320966167
O3p_vs_O3r,A081,18,0.9999945106594573
O3p_vs_O3r,A081,19,0.9999938534730014
O3p_vs_O3r,A081,20,0.9999880907600716
O3p_vs_O3r,A081,21,0.9999862223106788
O3p_vs_O3r,A081,22,0.9999911690703565
O3p_vs_O3r,A081,23,0.9999846240532062
O3p_vs_O3r,A081,24,0.999996950169328
O3p_vs_O3r,A081,25,0.9999961945809486
O3p_vs_O3r,A082,0,0.9999211868588908
O3p_vs_O3r,A082,1,0.9999846603027892
O3p_vs_O3r,A082,2,0.9999932111727967
O3p_vs_O3r,A082,3,0.9999931594805362
O3p_vs_O3r,A082,4,0.9999952662320226
O3p_vs_O3r,A082,5,0.9999948539426545
O3p_vs_O3r,A082,6,0.9999956894776685
O3p_vs_O3r,A082,7,0.99999628827849
O3p_vs_O3r,A082,8,0.9999989791914836
O3p_vs_O3r,A082,9,0.9999994821516984
O3p_vs_O3r,A082,10,0.9999986438696243
O3p_vs_O3r,A082,11,0.9999990392249269
O3p_vs_O3r,A082,12,0.9999970306791198
O3p_vs_O3r,A082,13,0.9999973526127297
O3p_vs_O3r,A082,14,0.9999987532728495
O3p_vs_O3r,A082,15,0.9999962113104753
O3p_vs_O3r,A082,16,0.9999948817207492
O3p_vs_O3r,A082,17,0.99999595175721
O3p_vs_O3r,A082,18,0.9999955407603033
O3p_vs_O3r,A082,19,0.99999529510368
O3p_vs_O3r,A082,20,0.9999936769748432
O3p_vs_O3r,A082,21,0.9999899340583814
O3p_vs_O3r,A082,22,0.9999847675928616
O3p_vs_O3r,A082,23,0.9999893176977943
O3p_vs_O3r,A082,24,0.9999917809143194
O3p_vs_O3r,A082,25,0.9999965834166132
O3p_vs_O3r,A082,26,0.999989424712052
O3p_vs_O3r,A083,0,0.9999211868588908
O3p_vs_O3r,A083,1,0.9999846603027892
O3p_vs_O3r,A083,2,0.9999932111727967
O3p_vs_O3r,A083,3,0.9999931594805362
O3p_vs_O3r,A083,4,0.9999961025894646
O3p_vs_O3r,A083,5,0.9999946150021793
O3p_vs_O3r,A083,6,0.9999956318178332
O3p_vs_O3r,A083,7,0.9999940176332597
O3p_vs_O3r,A083,8,0.999994835685649
O3p_vs_O3r,A083,9,0.999998391230493
O3p_vs_O3r,A083,10,0.9999992025544902
O3p_vs_O3r,A083,11,0.999998348925813
O3p_vs_O3r,A083,12,0.9999976716061812
O3p_vs_O3r,A083,13,0.9999936508425882
O3p_vs_O3r,A083,14,0.9999969819023552
O3p_vs_O3r,A083,15,0.9999938243340285
O3p_vs_O3r,A083,16,0.9999956586388671
O3p_vs_O3r,A083,17,0.9999943594163057
O3p_vs_O3r,A083,18,0.9999949896901635
O3p_vs_O3r,A083,19,0.9999941495589847
O3p_vs_O3r,A083,20,0.9999937007384373
O3p_vs_O3r,A083,21,0.9999928576742283
O3p_vs_O3r,A083,22,0.9999893646478392
O3p_vs_O3r,A083,23,0.999989603318141
O3p_vs_O3r,A083,24,0.9999933086641727
O3p_vs_O3r,A083,25,0.9999973325329443
O3p_vs_O3r,A083,26,0.9999965859502256
O3p_vs_O3r,A083,27,0.9999951008010989
O3p_vs_O3r,A084,0,0.9999211868588908
O3p_vs_O3r,A084,1,0.9999846603027892
O3p_vs_O3r,A084,2,0.9999932111727967
O3p_vs_O3r,A084,3,0.9999931594805362
O3p_vs_O3r,A084,4,0.9999967079475129
O3p_vs_O3r,A084,5,0.9999963651232638
O3p_vs_O3r,A084,6,0.9999969980598633
O3p_vs_O3r,A084,7,0.9999977869232116
O3p_vs_O3r,A084,8,0.9999963119990011
O3p_vs_O3r,A084,9,0.999994913362486
O3p_vs_O3r,A084,10,0.9999928900324798
O3p_vs_O3r,A084,11,0.9999918997932181
O3p_vs_O3r,A084,12,0.9999971953259396
O3p_vs_O3r,A084,13,0.9999956006242551
O3p_vs_O3r,A084,14,0.9999926152000432
O3p_vs_O3r,A084,15,0.9999943844952116
O3p_vs_O3r,A084,16,0.9999933378324997
O3p_vs_O3r,A084,17,0.9999949417451265
O3p_vs_O3r,A084,18,0.9999944864777823
O3p_vs_O3r,A084,19,0.9999912878873142
O3p_vs_O3r,A084,20,0.9999943046590456
O3p_vs_O3r,A084,21,0.9999965681326284
O3p_vs_O3r,A084,22,0.9999968490133981
O3p_vs_O3r,A084,23,0.9999966489155246
O3p_vs_O3r,A084,24,0.9999955601042195
O3p_vs_O3r,A085,0,0.9999211868588908
O3p_vs_O3r,A085,1,0.9999846603027892
O3p_vs_O3r,A085,2,0.9999932111727967
O3p_vs_O3r,A085,3,0.9999931594805362
O3p_vs_O3r,A085,4,0.9999922090632773
O3p_vs_O3r,A085,5,0.9999945986821754
O3p_vs_O3r,A085,6,0.999995303761462
O3p_vs_O3r,A085,7,0.9999960320077673
O3p_vs_O3r,A085,8,0.9999947806893971
O3p_vs_O3r,A085,9,0.9999978211203036
O3p_vs_O3r,A085,10,0.9999979880750888
O3p_vs_O3r,A085,11,0.9999975058210893
O3p_vs_O3r,A085,12,0.9999973655116272
O3p_vs_O3r,A085,13,0.9999974802591834
O3p_vs_O3r,A085,14,0.9999966722317698
O3p_vs_O3r,A085,15,0.9999961991396965
O3p_vs_O3r,A085,16,0.9999965055981445
O3p_vs_O3r,A085,17,0.9999944304547816
O3p_vs_O3r,A085,18,0.9999962506205905
O3p_vs_O3r,A085,19,0.9999920824744862
O3p_vs_O3r,A085,20,0.9999953723643237
O3p_vs_O3r,A085,21,0.9999963768257588
O3p_vs_O3r,A085,22,0.9999977142104394
O3p_vs_O3r,A085,23,0.9999977361020503
O3p_vs_O3r,A085,24,0.9999870557290147
O3p_vs_O3r,A086,0,0.9999211868588908
O3p_vs_O3r,A086,1,0.9999846603027892
O3p_vs_O3r,A086,2,0.9999932111727967
O3p_vs_O3r,A086,3,0.9999931594805362
O3p_vs_O3r,A086,4,0.999994868410036
O3p_vs_O3r,A086,5,0.9999952310627997
O3p_vs_O3r,A086,6,0.9999968554173563
O3p_vs_O3r,A086,7,0.9999965198848527
O3p_vs_O3r,A086,8,0.9999957576635728
O3p_vs_O3r,A086,9,0.9999966428078134
O3p_vs_O3r,A086,10,0.9999942177685672
O3p_vs_O3r,A086,11,0.9999961159033497
O3p_vs_O3r,A086,12,0.9999976032105155
O3p_vs_O3r,A086,13,0.999997610069442
O3p_vs_O3r,A086,14,0.9999984003041089
O3p_vs_O3r,A086,15,0.9999964994134075
O3p_vs_O3r,A086,16,0.9999913639335343
O3p_vs_O3r,A086,17,0.999994837653061
O3p_vs_O3r,A086,18,0.999996029352688
O3p_vs_O3r,A086,19,0.9999980334430034
O3p_vs_O3r,A086,20,0.9999958736551272
O3p_vs_O3r,A086,21,0.9999963585251512
O3p_vs_O3r,A087,0,0.9999211868588908
O3p_vs_O3r,A087,1,0.9999846603027892
O3p_vs_O3r,A087,2,0.9999932111727967
O3p_vs_O3r,A087,3,0.9999931594805362
O3p_vs_O3r,A087,4,0.9999940106222523
O3p_vs_O3r,A087,5,0.9999942983634356
O3p_vs_O3r,A087,6,0.9999955630418913
O3p_vs_O3r,A087,7,0.9999930524308335
O3p_vs_O3r,A087,8,0.9999939926019519
O3p_vs_O3r,A087,9,0.9999897822776785
O3p_vs_O3r,A087,10,0.9999941740371983
O3p_vs_O3r,A087,11,0.999993169776908
O3p_vs_O3r,A087,12,0.9999950038396639
O3p_vs_O3r,A087,13,0.9999958515055283
O3p_vs_O3r,A087,14,0.999995815960065
O3p_vs_O3r,A087,15,0.9999964664252399
O3p_vs_O3r,A087,16,0.9999913970319232
O3p_vs_O3r,A087,17,0.9999962418317969
O3p_vs_O3r,A087,18,0.9999972524375201
O3p_vs_O3r,A087,19,0.9999935889272527
O3p_vs_O3r,A087,20,0.9999975160101671
O3p_vs_O3r,A087,21,0.9999975261030545
O3p_vs_O3r,A088,0,0.9999211868588908
O3p_vs_O3r,A088,1,0.9999846603027892
O3p_vs_O3r,A088,2,0.9999932111727967
O3p_vs_O3r,A088,3,0.9999931594805362
O3p_vs_O3r,A088,4,0.999995378790726
O3p_vs_O3r,A088,5,0.9999954959399042
O3p_vs_O3r,A088,6,0.9999966667644496
O3p_vs_O3r,A088,7,0.9999954046628391
O3p_vs_O3r,A088,8,0.9999946488076503
O3p_vs_O3r,A088,9,0.9999987061463271
O3p_vs_O3r,A088,10,0.999998313286563
O3p_vs_O3r,A088,11,0.9999975294738744
O3p_vs_O3r,A088,12,0.9999936404030765
O3p_vs_O3r,A088,13,0.999994221843775
O3p_vs_O3r,A088,14,0.9999953755504012
O3p_vs_O3r,A088,15,0.9999960126735673
O3p_vs_O3r,A088,16,0.9999934542269799
O3p_vs_O3r,A088,17,0.9999920894998218
O3p_vs_O3r,A088,18,0.9999909959529805
O3p_vs_O3r,A088,19,0.9999850434238694
O3p_vs_O3r,A088,20,0.9999918262178525
O3p_vs_O3r,A088,21,0.9999818254765671
O3p_vs_O3r,A088,22,0.9999971738407247
O3p_vs_O3r,A088,23,0.9999981242369099
O3p_vs_O3r,A089,0,0.9999211868588908
O3p_vs_O3r,A089,1,0.9999846603027892
O3p_vs_O3r,A089,2,0.9999932111727967
O3p_vs_O3r,A089,3,0.9999931594805362
O3p_vs_O3r,A089,4,0.9999951187126677
O3p_vs_O3r,A089,5,0.9999958199482982
O3p_vs_O3r,A089,6,0.999996369975687
O3p_vs_O3r,A089,7,0.9999940314955085
O3p_vs_O3r,A089,8,0.9999961342240477
O3p_vs_O3r,A089,9,0.9999953747935827
O3p_vs_O3r,A089,10,0.9999957774844098
O3p_vs_O3r,A089,11,0.9999981342250863
O3p_vs_O3r,A089,12,0.999998273409814
O3p_vs_O3r,A089,13,0.9999970989492943
O3p_vs_O3r,A089,14,0.9999972120722427
O3p_vs_O3r,A089,15,0.9999977743379226
O3p_vs_O3r,A089,16,0.9999953111463887
O3p_vs_O3r,A089,17,0.9999938847719184
O3p_vs_O3r,A089,18,0.99999671018914
O3p_vs_O3r,A089,19,0.9999944595752518
O3p_vs_O3r,A089,20,0.999989929081608
O3p_vs_O3r,A089,21,0.9999873338388076
O3p_vs_O3r,A089,22,0.9999887282335139
O3p_vs_O3r,A089,23,0.9999906829023201
O3p_vs_O3r,A089,24,0.9999963017660971
O3p_vs_O3r,A089,25,0.9999953283421952
O3p_vs_O3r,A090,0,0.9999211868588908
O3p_vs_O3r,A090,1,0.9999846603027892
O3p_vs_O3r,A090,2,0.9999932111727967
O3p_vs_O3r,A090,3,0.9999931594805362
O3p_vs_O3r,A090,4,0.9999936082658953
O3p_vs_O3r,A090,5,0.9999947686896372
O3p_vs_O3r,A090,6,0.999995564174749
O3p_vs_O3r,A090,7,0.9999961370776678
O3p_vs_O3r,A090,8,0.9999933886334094
O3p_vs_O3r,A090,9,0.999994254599541
O3p_vs_O3r,A090,10,0.9999925989155763
O3p_vs_O3r,A090,11,0.9999923182761548
O3p_vs_O3r,A090,12,0.9999932034195478
O3p_vs_O3r,A090,13,0.9999935315520596
O3p_vs_O3r,A090,14,0.9999943820577445
O3p_vs_O3r,A090,15,0.9999921208733247
O3p_vs_O3r,A090,16,0.9999943684185197
O3p_vs_O3r,A090,17,0.9999919412981344
O3p_vs_O3r,A090,18,0.9999968517059957
O3p_vs_O3r,A090,19,0.9999960312212504
O3p_vs_O3r,A090,20,0.999996052264298
O3p_vs_O3r,A090,21,0.9999956940853469
O3p_vs_O3r,A090,22,0.9999938800617878
O3p_vs_O3r,A090,23,0.9999916527879349
O3p_vs_O3r,A090,24,0.9999930890679237
O3p_vs_O3r,A090,25,0.9999932735477214
O3p_vs_O3r,A090,26,0.9999985763198649
O3p_vs_O3r,A090,27,0.9999964038760586
O3p_vs_O3r,A090,28,0.9999930908498961
O3p_vs_O3r,A091,0,0.9999211868588908
O3p_vs_O3r,A091,1,0.9999846603027892
O3p_vs_O3r,A091,2,0.9999932111727967
O3p_vs_O3r,A091,3,0.9999968667519066
O3p_vs_O3r,A091,4,0.9999928559608473
O3p_vs_O3r,A091,5,0.9999943427426937
O3p_vs_O3r,A091,6,0.9999917774991028
O3p_vs_O3r,A091,7,0.9999930256373514
O3p_vs_O3r,A091,8,0.9999958710743917
O3p_vs_O3r,A091,9,0.9999955496512853
O3p_vs_O3r,A091,10,0.9999940412765643
O3p_vs_O3r,A091,11,0.9999949419503058
O3p_vs_O3r,A091,12,0.9999937165819711
O3p_vs_O3r,A091,13,0.9999922597995987
O3p_vs_O3r,A091,14,0.9999956365688599
O3p_vs_O3r,A091,15,0.9999954309465421
O3p_vs_O3r,A091,16,0.9999914717557526
O3p_vs_O3r,A091,17,0.9999924402852319
O3p_vs_O3r,A091,18,0.9999945476279054
O3p_vs_O3r,A091,19,0.9999941827566006
O3p_vs_O3r,A091,20,0.999997158466405
O3p_vs_O3r,A091,21,0.9999976943814548
O3p_vs_O3r,A092,0,0.9999211868588908
O3p_vs_O3r,A092,1,0.9999846603027892
O3p_vs_O3r,A092,2,0.9999932111727967
O3p_vs_O3r,A092,3,0.9999968667519066
O3p_vs_O3r,A092,4,0.9999946866709724
O3p_vs_O3r,A092,5,0.9999970703416974
O3p_vs_O3r,A092,6,0.9999952672033489
O3p_vs_O3r,A092,7,0.9999938298460793
O3p_vs_O3r,A092,8,0.9999923856213249
O3p_vs_O3r,A092,9,0.9999934873396394
O3p_vs_O3r,A092,10,0.9999947704817024
O3p_vs_O3r,A092,11,0.9999953461814988
O3p_vs_O3r,A092,12,0.9999948510659338
O3p_vs_O3r,A092,13,0.9999936364128714
O3p_vs_O3r,A092,14,0.9999934846036475
O3p_vs_O3r,A092,15,0.9999946479491124
O3p_vs_O3r,A092,16,0.9999936392013199
O3p_vs_O3r,A092,17,0.9999963953256119
O3p_vs_O3r,A092,18,0.9999971536235323
O3p_vs_O3r,A092,19,0.9999894908850622
O3p_vs_O3r,A092,20,0.9999926859989843
O3p_vs_O3r,A092,21,0.9999927554582756
O3p_vs_O3r,A092,22,0.9999908242308275
O3p_vs_O3r,A092,23,0.9999942872473296
O3p_vs_O3r,A092,24,0.9999962878674344
O3p_vs_O3r,A092,25,0.9999963420669039
O3p_vs_O3r,A092,26,0.9999958939813642
O3p_vs_O3r,A092,27,0.9999967010937124
O3p_vs_O3r,A092,28,0.9999922880938277
O3p_vs_O3r,A092,29,0.9999944266897333
O3p_vs_O3r,A092,30,0.9999952146668176
O3p_vs_O3r,A092,31,0.9998830624969186
O3p_vs_O3r,A092,32,0.999997895157105
O3p_vs_O3r,A092,33,0.9999848222196626
O3p_vs_O3r,A093,0,0.9999211868588908
O3p_vs_O3r,A093,1,0.9999846603027892
O3p_vs_O3r,A093,2,0.9999932111727967
O3p_vs_O3r,A093,3,0.9999962490252948
O3p_vs_O3r,A093,4,0.999997145218718
O3p_vs_O3r,A093,5,0.9999945388264143
O3p_vs_O3r,A093,6,0.9999933755068645
O3p_vs_O3r,A093,7,0.999995454126518
O3p_vs_O3r,A093,8,0.9999973887288837
O3p_vs_O3r,A093,9,0.9999975418392791
O3p_vs_O3r,A093,10,0.9999958539132564
O3p_vs_O3r,A093,11,0.9999977016097719
O3p_vs_O3r,A093,12,0.9999955677333711
O3p_vs_O3r,A093,13,0.9999951889770822
O3p_vs_O3r,A093,14,0.9999968162053915
O3p_vs_O3r,A093,15,0.9999964465216503
O3p_vs_O3r,A093,16,0.9999955582216897
O3p_vs_O3r,A093,17,0.9999916571111899
O3p_vs_O3r,A093,18,0.9999926748141181
O3p_vs_O3r,A093,19,0.9999934983748514
O3p_vs_O3r,A093,20,0.9999958285271708
O3p_vs_O3r,A093,21,0.9999978622636808
O3p_vs_O3r,A093,22,0.9999975640590127
O3p_vs_O3r,A094,0,0.9999211868588908
O3p_vs_O3r,A094,1,0.9999846603027892
O3p_vs_O3r,A094,2,0.9999932111727967
O3p_vs_O3r,A094,3,0.9999977733221799
O3p_vs_O3r,A094,4,0.9999927676604871
O3p_vs_O3r,A094,5,0.9999908647275836
O3p_vs_O3r,A094,6,0.9999960669371233
O3p_vs_O3r,A094,7,0.9999932599975436
O3p_vs_O3r,A094,8,0.9999927094484977
O3p_vs_O3r,A094,9,0.9999941267986245
O3p_vs_O3r,A094,10,0.999992719722348
O3p_vs_O3r,A094,11,0.9999925319572115
O3p_vs_O3r,A094,12,0.9999916516098823
O3p_vs_O3r,A094,13,0.9999910009212882
O3p_vs_O3r,A094,14,0.9999950683953839
O3p_vs_O3r,A094,15,0.9999949053343388
O3p_vs_O3r,A094,16,0.9999970607693494
O3p_vs_O3r,A094,17,0.9999915212434466
O3p_vs_O3r,A094,18,0.9999910715377575
O3p_vs_O3r,A094,19,0.9999954377881067
O3p_vs_O3r,A094,20,0.9999959043109042
O3p_vs_O3r,A094,21,0.9999669371472079
O3p_vs_O3r,A094,22,0.9999979297801042
O3p_vs_O3r,A094,23,0.9999970728863232
O3p_vs_O3r,A095,0,0.9999211868588908
O3p_vs_O3r,A095,1,0.9999846603027892
O3p_vs_O3r,A095,2,0.9999932111727967
O3p_vs_O3r,A095,3,0.9999968667519066
O3p_vs_O3r,A095,4,0.9999946895450468
O3p_vs_O3r,A095,5,0.9999928663172876
O3p_vs_O3r,A095,6,0.9999925665341015
O3p_vs_O3r,A095,7,0.999992469673317
O3p_vs_O3r,A095,8,0.9999913312173673
O3p_vs_O3r,A095,9,0.9999917480080724
O3p_vs_O3r,A095,10,0.9999899709092386
O3p_vs_O3r,A095,11,0.999991273020551
O3p_vs_O3r,A095,12,0.9999926551211901
O3p_vs_O3r,A095,13,0.9999940879707294
O3p_vs_O3r,A095,14,0.9999946417053829
O3p_vs_O3r,A095,15,0.9999904429583986
O3p_vs_O3r,A095,16,0.999985951511105
O3p_vs_O3r,A095,17,0.9999926996895717
O3p_vs_O3r,A095,18,0.9999919708378338
O3p_vs_O3r,A095,19,0.9999963672619363
O3p_vs_O3r,A095,20,0.9999968366215986
O3p_vs_O3r,A095,21,0.9999959941833026
O3p_vs_O3r,A095,22,0.9999928384085865
O3p_vs_O3r,A095,23,0.9999929712973614
O3p_vs_O3r,A095,24,0.9999962613446839
O3p_vs_O3r,A095,25,0.9999957826551928
O3p_vs_O3r,A095,26,0.9999926235373326
O3p_vs_O3r,A095,27,0.9999916103959635
O3p_vs_O3r,A095,28,0.9999942298201026
O3p_vs_O3r,A095,29,0.9999933553077809
O3p_vs_O3r,A095,30,0.9999954215743146
O3p_vs_O3r,A095,31,0.9999969049616222
O3p_vs_O3r,A095,32,0.9999743086397871
O3p_vs_O3r,A096,0,0.9999211868588908
O3p_vs_O3r,A096,1,0.9999846603027892
O3p_vs_O3r,A096,2,0.9999932111727967
O3p_vs_O3r,A096,3,0.9999962490252948
O3p_vs_O3r,A096,4,0.999997275673436
O3p_vs_O3r,A096,5,0.9999951059139651
O3p_vs_O3r,A096,6,0.9999963896490984
O3p_vs_O3r,A096,7,0.9999937753796184
O3p_vs_O3r,A096,8,0.9999952136828165
O3p_vs_O3r,A096,9,0.999993625296224
O3p_vs_O3r,A096,10,0.9999957673167782
O3p_vs_O3r,A096,11,0.9999977641838769
O3p_vs_O3r,A096,12,0.9999959423120927
O3p_vs_O3r,A096,13,0.9999950314817696
O3p_vs_O3r,A096,14,0.9999958617485264
O3p_vs_O3r,A096,15,0.9999952715474437
O3p_vs_O3r,A096,16,0.9999948295582177
O3p_vs_O3r,A096,17,0.9999915264357077
O3p_vs_O3r,A096,18,0.999990848042945
O3p_vs_O3r,A096,19,0.999991863023346
O3p_vs_O3r,A096,20,0.9999955019348878
O3p_vs_O3r,A096,21,0.9999978103381462
O3p_vs_O3r,A096,22,0.999997502850474
O3p_vs_O3r,A097,0,0.9999211868588908
O3p_vs_O3r,A097,1,0.9999846603027892
O3p_vs_O3r,A097,2,0.9999932111727967
O3p_vs_O3r,A097,3,0.9999968667519066
O3p_vs_O3r,A097,4,0.9999958375796077
O3p_vs_O3r,A097,5,0.9999873172273892
O3p_vs_O3r,A097,6,0.9999923498967525
O3p_vs_O3r,A097,7,0.9999937270401121
O3p_vs_O3r,A097,8,0.9999919811179229
O3p_vs_O3r,A097,9,0.9999927135019455
O3p_vs_O3r,A097,10,0.9999954784844282
O3p_vs_O3r,A097,11,0.9999935773367247
O3p_vs_O3r,A097,12,0.9999950881767874
O3p_vs_O3r,A097,13,0.9999951368073817
O3p_vs_O3r,A097,14,0.9999947340272262
O3p_vs_O3r,A097,15,0.9999948406773311
O3p_vs_O3r,A097,16,0.9999948126133942
O3p_vs_O3r,A097,17,0.9999962473784964
O3p_vs_O3r,A097,18,0.999995641806944
O3p_vs_O3r,A097,19,0.9999634169823437
O3p_vs_O3r,A097,20,0.999986154432343
O3p_vs_O3r,A097,21,0.9999927277125235
O3p_vs_O3r,A097,22,0.9999930465395611
O3p_vs_O3r,A097,23,0.9999837995309191
O3p_vs_O3r,A097,24,0.9999975690999022
O3p_vs_O3r,A097,25,0.9999879435689956
O3p_vs_O3r,A098,0,0.9999211868588908
O3p_vs_O3r,A098,1,0.9999846603027892
O3p_vs_O3r,A098,2,0.9999932111727967
O3p_vs_O3r,A098,3,0.9999977733221799
O3p_vs_O3r,A098,4,0.9999948062187681
O3p_vs_O3r,A098,5,0.9999944474380577
O3p_vs_O3r,A098,6,0.9999942640239149
O3p_vs_O3r,A098,7,0.9999899970246923
O3p_vs_O3r,A098,8,0.9999938857253777
O3p_vs_O3r,A098,9,0.9999919219327336
O3p_vs_O3r,A098,10,0.99999476618452
O3p_vs_O3r,A098,11,0.9999943467577933
O3p_vs_O3r,A098,12,0.9999948556349969
O3p_vs_O3r,A098,13,0.9999936400219377
O3p_vs_O3r,A098,14,0.9999979727098414
O3p_vs_O3r,A098,15,0.9999967974811869
O3p_vs_O3r,A098,16,0.9999957919111213
O3p_vs_O3r,A098,17,0.9999960982974692
O3p_vs_O3r,A098,18,0.9999961993717082
O3p_vs_O3r,A098,19,0.9999951426027643
O3p_vs_O3r,A098,20,0.9999955607081277
O3p_vs_O3r,A098,21,0.9999955476028768
O3p_vs_O3r,A098,22,0.9999881210932815
O3p_vs_O3r,A098,23,0.9999948302612659
O3p_vs_O3r,A098,24,0.999995731420202
O3p_vs_O3r,A098,25,0.9999969311815234
O3p_vs_O3r,A098,26,0.9999979156521903
O3p_vs_O3r,A098,27,0.9999937826884188
O3p_vs_O3r,A099,0,0.9999211868588908
O3p_vs_O3r,A099,1,0.9999846603027892
O3p_vs_O3r,A099,2,0.9999932111727967
O3p_vs_O3r,A099,3,0.9999968667519066
O3p_vs_O3r,A099,4,0.9999954187470278
O3p_vs_O3r,A099,5,0.9999928113932445
O3p_vs_O3r,A099,6,0.999992958031076
O3p_vs_O3r,A099,7,0.9999947815843664
O3p_vs_O3r,A099,8,0.9999955754280105
O3p_vs_O3r,A099,9,0.9999974432539388
O3p_vs_O3r,A099,10,0.9999916871392472
O3p_vs_O3r,A099,11,0.9999967235769878
O3p_vs_O3r,A099,12,0.9999957904309207
O3p_vs_O3r,A099,13,0.9999960279032484
O3p_vs_O3r,A099,14,0.999992577966012
O3p_vs_O3r,A099,15,0.9999921275343651
O3p_vs_O3r,A099,16,0.9999881327638567
O3p_vs_O3r,A099,17,0.9999878094408079
O3p_vs_O3r,A099,18,0.9999912444694741
O3p_vs_O3r,A099,19,0.9999917553457696
O3p_vs_O3r,A099,20,0.9999932047831163
O3p_vs_O3r,A099,21,0.9999886472494993
O3p_vs_O3r,A099,22,0.999993068901869
O3p_vs_O3r,A099,23,0.9999917149161152
O3p_vs_O3r,A099,24,0.9999918737966037
O3p_vs_O3r,A099,25,0.9999878904194272
O3p_vs_O3r,A099,26,0.9999921899138076
O3p_vs_O3r,A099,27,0.9999976177036222
O3p_vs_O3r,A099,28,0.999940641273411
O3p_vs_O3r,A100,0,0.9999211868588908
O3p_vs_O3r,A100,1,0.9999846603027892
O3p_vs_O3r,A100,2,0.9999932111727967
O3p_vs_O3r,A100,3,0.9999962490252948
O3p_vs_O3r,A100,4,0.9999919250979259
O3p_vs_O3r,A100,5,0.9999956692036168
O3p_vs_O3r,A100,6,0.9999974919692419
O3p_vs_O3r,A100,7,0.9999978513428363
O3p_vs_O3r,A100,8,0.9999956574514156
O3p_vs_O3r,A100,9,0.9999942751015406
O3p_vs_O3r,A100,10,0.9999954509141629
O3p_vs_O3r,A100,11,0.9999963333258162
O3p_vs_O3r,A100,12,0.9999968723557618
O3p_vs_O3r,A100,13,0.9999968511775545
O3p_vs_O3r,A100,14,0.9999952173965214
O3p_vs_O3r,A100,15,0.9999968142437545
O3p_vs_O3r,A100,16,0.9999963741341973
O3p_vs_O3r,A100,17,0.9999914490686845
O3p_vs_O3r,A100,18,0.9999925727053746
O3p_vs_O3r,A100,19,0.9999951601239474
O3p_vs_O3r,A100,20,0.9999972086834338
O3p_vs_O3r,A100,21,0.9999968407989067
O3p_vs_O3r,A100,22,0.9999942788357271
O0_vs_O3p,A001,0,0.9645026948755486
O0_vs_O3p,A001,1,0.9966916160881244
O0_vs_O3p,A001,2,0.9986752861092192
O0_vs_O3p,A001,3,0.9993400242726391
O0_vs_O3p,A001,4,0.9993978084468796
O0_vs_O3p,A001,5,0.998999858659731
O0_vs_O3p,A001,6,0.9992285627143399
O0_vs_O3p,A001,7,0.999168921092323
O0_vs_O3p,A001,8,0.9989647424004272
O0_vs_O3p,A001,9,0.9987262991819832
O0_vs_O3p,A001,10,0.9986040655529963
O0_vs_O3p,A001,11,0.9982203103313523
O0_vs_O3p,A001,12,0.9983816930245181
O0_vs_O3p,A001,13,0.9991152997784769
O0_vs_O3p,A001,14,0.9984020964678791
O0_vs_O3p,A001,15,0.9989376950640547
O0_vs_O3p,A002,0,0.9645026948755486
O0_vs_O3p,A002,1,0.9966916160881244
O0_vs_O3p,A002,2,0.9986752861092192
O0_vs_O3p,A002,3,0.9993400242726391
O0_vs_O3p,A002,4,0.9991667697311386
O0_vs_O3p,A002,5,0.9994367533446548
O0_vs_O3p,A002,6,0.998983892376122
O0_vs_O3p,A002,7,0.9991986930089269
O0_vs_O3p,A002,8,0.999325165412825
O0_vs_O3p,A002,9,0.999017060819168
O0_vs_O3p,A002,10,0.9988566664575622
O0_vs_O3p,A002,11,0.9986235475176647
O0_vs_O3p,A002,12,0.9980642863415439
O0_vs_O3p,A002,13,0.9983950498166797
O0_vs_O3p,A002,14,0.9990243108861533
O0_vs_O3p,A002,15,0.9981252690199441
O0_vs_O3p,A002,16,0.9990466500337446
O0_vs_O3p,A003,0,0.9645026948755486
O0_vs_O3p,A003,1,0.9966916160881244
O0_vs_O3p,A003,2,0.9986752861092192
O0_vs_O3p,A003,3,0.9993400242726391
O0_vs_O3p,A003,4,0.9987308749565911
O0_vs_O3p,A003,5,0.99928711274172
O0_vs_O3p,A003,6,0.9992701852406971
O0_vs_O3p,A003,7,0.9993640767416854
O0_vs_O3p,A003,8,0.9993026053695789
O0_vs_O3p,A003,9,0.9989220050798459
O0_vs_O3p,A003,10,0.9987060034721464
O0_vs_O3p,A003,11,0.9982427968205866
O0_vs_O3p,A003,12,0.9982866310716876
O0_vs_O3p,A003,13,0.998965668146991
O0_vs_O3p,A003,14,0.9983498820381537
O0_vs_O3p,A003,15,0.9989608034373749
O0_vs_O3p,A004,0,0.9645026948755486
O0_vs_O3p,A004,1,0.9966916160881244
O0_vs_O3p,A004,2,0.9986752861092192
O0_vs_O3p,A004,3,0.9993400209573099
O0_vs_O3p,A004,4,0.9991157462401798
O0_vs_O3p,A004,5,0.9990022116122784
O0_vs_O3p,A004,6,0.9992903481143999
O0_vs_O3p,A004,7,0.9991682517334993
O0_vs_O3p,A004,8,0.9990193904998836
O0_vs_O3p,A004,9,0.9992435827444688
O0_vs_O3p,A004,10,0.9992995868475862
O0_vs_O3p,A004,11,0.9989077001077292
O0_vs_O3p,A004,12,0.9984604038014827
O0_vs_O3p,A004,13,0.9980836914981435
O0_vs_O3p,A004,14,0.9982930404304378
O0_vs_O3p,A004,15,0.9983514203956957
O0_vs_O3p,A004,16,0.9982832143685634
O0_vs_O3p,A004,17,0.9987899752813802
O0_vs_O3p,A005,0,0.9645026948755486
O0_vs_O3p,A005,1,0.9966916160881244
O0_vs_O3p,A005,2,0.9986752861092192
O0_vs_O3p,A005,3,0.9993400209573099
O0_vs_O3p,A005,4,0.9994383912878044
O0_vs_O3p,A005,5,0.9993894248352169
O0_vs_O3p,A005,6,0.9988582319584364
O0_vs_O3p,A005,7,0.9992835896105855
O0_vs_O3p,A005,8,0.9992912642053999
O0_vs_O3p,A005,9,0.9991372724667894
O0_vs_O3p,A005,10,0.9992021916120627
O0_vs_O3p,A005,11,0.9990108317056638
O0_vs_O3p,A005,12,0.9987208611935195
O0_vs_O3p,A005,13,0.998129077615756
O0_vs_O3p,A005,14,0.9983815556534653
O0_vs_O3p,A005,15,0.9987720580426749
O0_vs_O3p,A005,16,0.9981373754819296
O0_vs_O3p,A005,17,0.9988458612316992
O0_vs_O3p,A006,0,0.9645026948755486
O0_vs_O3p,A006,1,0.9966916160881244
O0_vs_O3p,A006,2,0.9986752861092192
O0_vs_O3p,A006,3,0.9993400209573099
O0_vs_O3p,A006,4,0.9991824487133509
O0_vs_O3p,A006,5,0.9989443968775213
O0_vs_O3p,A006,6,0.9990745640708327
O0_vs_O3p,A006,7,0.9992052249980974
O0_vs_O3p,A006,8,0.9987938737904408
O0_vs_O3p,A006,9,0.9990668793826174
O0_vs_O3p,A006,10,0.9991797120421632
O0_vs_O3p,A006,11,0.999089178282023
O0_vs_O3p,A006,12,0.9987130703027899
O0_vs_O3p,A006,13,0.9986219255553037
O0_vs_O3p,A006,14,0.9979611630241483
O0_vs_O3p,A006,15,0.9983919058931487
O0_vs_O3p,A006,16,0.9988681667988302
O0_vs_O3p,A006,17,0.9983768804655645
O0_vs_O3p,A006,18,0.9989542202996301
O0_vs_O3p,A007,0,0.9645026948755486
O0_vs_O3p,A007,1,0.9966916160881244
O0_vs_O3p,A007,2,0.9986752861092192
O0_vs_O3p,A007,3,0.9993400242726391
O0_vs_O3p,A007,4,0.9994433372993351
O0_vs_O3p,A007,5,0.9984382292884425
O0_vs_O3p,A007,6,0.9987690496404483
O0_vs_O3p,A007,7,0.998642538859322
O0_vs_O3p,A007,8,0.9988533756612961
O0_vs_O3p,A007,9,0.9987949623609442
O0_vs_O3p,A007,10,0.9986328347463882
O0_vs_O3p,A007,11,0.9981305531188905
O0_vs_O3p,A007,12,0.9984846427872055
O0_vs_O3p,A007,13,0.9981409152816596
O0_vs_O3p,A007,14,0.9982724442908631
O0_vs_O3p,A007,15,0.9990463837626519
O0_vs_O3p,A008,0,0.9645026948755486
O0_vs_O3p,A008,1,0.9966916160881244
O0_vs_O3p,A008,2,0.9986752861092192
O0_vs_O3p,A008,3,0.9993400242726391
O0_vs_O3p,A008,4,0.9992641548683984
O0_vs_O3p,A008,5,0.9990774504665471
O0_vs_O3p,A008,6,0.9989011154117863
O0_vs_O3p,A008,7,0.9991497996028201
O0_vs_O3p,A008,8,0.9993746101733454
O0_vs_O3p,A008,9,0.9990353613599876
O0_vs_O3p,A008,10,0.9987895920487959
O0_vs_O3p,A008,11,0.9985598032021362
O0_vs_O3p,A008,12,0.9981825269080911
O0_vs_O3p,A008,13,0.9985535829078248
O0_vs_O3p,A008,14,0.9989053122123999
O0_vs_O3p,A008,15,0.998324121501967
O0_vs_O3p,A008,16,0.9989898134410718
O0_vs_O3p,A009,0,0.9645026948755486
O0_vs_O3p,A009,1,0.9966916160881244
O0_vs_O3p,A009,2,0.9986752861092192
O0_vs_O3p,A009,3,0.9993400209573099
O0_vs_O3p,A009,4,0.9993741972023016
O0_vs_O3p,A009,5,0.999216356764104
O0_vs_O3p,A009,6,0.9993780843835707
O0_vs_O3p,A009,7,0.9991166667355083
O0_vs_O3p,A009,8,0.9992591493705849
O0_vs_O3p,A009,9,0.9989796499608804
O0_vs_O3p,A009,10,0.9993507135763446
O0_vs_O3p,A009,11,0.9995203980618708
O0_vs_O3p,A009,12,0.9989481292643231
O0_vs_O3p,A009,13,0.9987418085373251
O0_vs_O3p,A009,14,0.9981324392051547
O0_vs_O3p,A009,15,0.9984325807037808
O0_vs_O3p,A009,16,0.9988736705248348
O0_vs_O3p,A009,17,0.9984441935221309
O0_vs_O3p,A009,18,0.9988983810792754
O0_vs_O3p,A010,0,0.9645026948755486
O0_vs_O3p,A010,1,0.9966916160881244
O0_vs_O3p,A010,2,0.9986752861092192
O0_vs_O3p,A010,3,0.9993400242726391
O0_vs_O3p,A010,4,0.9993012377046249
O0_vs_O3p,A010,5,0.9994307997557307
O0_vs_O3p,A010,6,0.9994499661784052
O0_vs_O3p,A010,7,0.9990773643092764
O0_vs_O3p,A010,8,0.9993038063605821
O0_vs_O3p,A010,9,0.9992281620334564
O0_vs_O3p,A010,10,0.9987607337847731
O0_vs_O3p,A010,11,0.9986710444676118
O0_vs_O3p,A010,12,0.9982389384491057
O0_vs_O3p,A010,13,0.9983494633233366
O0_vs_O3p,A010,14,0.998891625743993
O0_vs_O3p,A010,15,0.9983907696475167
O0_vs_O3p,A010,16,0.9988543830020126
O0_vs_O3p,A011,0,0.9645026948755486
O0_vs_O3p,A011,1,0.9966916160881244
O0_vs_O3p,A011,2,0.9986752861092192
O0_vs_O3p,A011,3,0.9993400209573099
O0_vs_O3p,A011,4,0.9990480172195816
O0_vs_O3p,A011,5,0.9989986993017004
O0_vs_O3p,A011,6,0.99917591423175
O0_vs_O3p,A011,7,0.9993866497546607
O0_vs_O3p,A011,8,0.9990502137199816
O0_vs_O3p,A011,9,0.9990013482486801
O0_vs_O3p,A011,10,0.9992277801330062
O0_vs_O3p,A011,11,0.9989348491434249
O0_vs_O3p,A011,12,0.9987045341325705
O0_vs_O3p,A011,13,0.9983239858634803
O0_vs_O3p,A011,14,0.9989461541402905
O0_vs_O3p,A011,15,0.9987800150009503
O0_vs_O3p,A011,16,0.9988760142128318
O0_vs_O3p,A011,17,0.9992680814311226
O0_vs_O3p,A011,18,0.9991183707579615
O0_vs_O3p,A011,19,0.9992920176348115
O0_vs_O3p,A011,20,0.999019720503864
O0_vs_O3p,A011,21,0.998975513327712
O0_vs_O3p,A011,22,0.9985869735776093
O0_vs_O3p,A011,23,0.997816317980133
O0_vs_O3p,A011,24,0.9985019107478131
O0_vs_O3p,A011,25,0.9990608761241997
O0_vs_O3p,A011,26,0.9981891684477427
O0_vs_O3p,A011,27,0.9990844741181264
O0_vs_O3p,A012,0,0.9645026948755486
O0_vs_O3p,A012,1,0.9966916160881244
O0_vs_O3p,A012,2,0.9986752861092192
O0_vs_O3p,A012,3,0.9993400209573099
O0_vs_O3p,A012,4,0.9989646097375271
O0_vs_O3p,A012,5,0.9989441035732175
O0_vs_O3p,A012,6,0.9992223254902908
O0_vs_O3p,A012,7,0.9991912542217748
O0_vs_O3p,A012,8,0.9993315385869289
O0_vs_O3p,A012,9,0.9993418826220534
O0_vs_O3p,A012,10,0.9988363536266468
O0_vs_O3p,A012,11,0.9991058475499361
O0_vs_O3p,A012,12,0.9987757795534273
O0_vs_O3p,A012,13,0.9986839531047506
O0_vs_O3p,A012,14,0.9987911038402141
O0_vs_O3p,A012,15,0.998611160011501
O0_vs_O3p,A012,16,0.9991019768261405
O0_vs_O3p,A012,17,0.9989049107861462
O0_vs_O3p,A012,18,0.9990733798822934
O0_vs_O3p,A012,19,0.9991077884535919
O0_vs_O3p,A012,20,0.9987252912240847
O0_vs_O3p,A012,21,0.9986696068943439
O0_vs_O3p,A012,22,0.9978348501665576
O0_vs_O3p,A012,23,0.9987179533301588
O0_vs_O3p,A012,24,0.9986084381483386
O0_vs_O3p,A012,25,0.998393639756957
O0_vs_O3p,A012,26,0.9991463714775136
O0_vs_O3p,A013,0,0.9645026948755486
O0_vs_O3p,A013,1,0.9966916160881244
O0_vs_O3p,A013,2,0.9986752861092192
O0_vs_O3p,A013,3,0.9993400209573099
O0_vs_O3p,A013,4,0.9993060343226905
O0_vs_O3p,A013,5,0.999102327396343
O0_vs_O3p,A013,6,0.9990588740665328
O0_vs_O3p,A013,7,0.9993576266474639
O0_vs_O3p,A013,8,0.9990324176767922
O0_vs_O3p,A013,9,0.9988679047581024
O0_vs_O3p,A013,10,0.9991585565144315
O0_vs_O3p,A013,11,0.9989077257876308
O0_vs_O3p,A013,12,0.9989406872962382
O0_vs_O3p,A013,13,0.9993097053908867
O0_vs_O3p,A013,14,0.9988439929899664
O0_vs_O3p,A013,15,0.9990476161365948
O0_vs_O3p,A013,16,0.9988244544872774
O0_vs_O3p,A013,17,0.9986282141171812
O0_vs_O3p,A013,18,0.99804972955596
O0_vs_O3p,A013,19,0.9984739530220903
O0_vs_O3p,A013,20,0.9989028226249821
O0_vs_O3p,A013,21,0.9981921531208731
O0_vs_O3p,A013,22,0.9989443519613099
O0_vs_O3p,A014,0,0.9645026948755486
O0_vs_O3p,A014,1,0.9966916160881244
O0_vs_O3p,A014,2,0.9986752861092192
O0_vs_O3p,A014,3,0.9993400209573099
O0_vs_O3p,A014,4,0.999247352626128
O0_vs_O3p,A014,5,0.9986091281970135
O0_vs_O3p,A014,6,0.9990183586787181
O0_vs_O3p,A014,7,0.9989865967894677
O0_vs_O3p,A014,8,0.9991420413842209
O0_vs_O3p,A014,9,0.9992532385976035
O0_vs_O3p,A014,10,0.9989137413423411
O0_vs_O3p,A014,11,0.9990861643908023
O0_vs_O3p,A014,12,0.9992584939703857
O0_vs_O3p,A014,13,0.9991304091613296
O0_vs_O3p,A014,14,0.9994050646951417
O0_vs_O3p,A014,15,0.9990804505368038
O0_vs_O3p,A014,16,0.9989901612238914
O0_vs_O3p,A014,17,0.9988367346427048
O0_vs_O3p,A014,18,0.9988659991832596
O0_vs_O3p,A014,19,0.998624732279874
O0_vs_O3p,A014,20,0.9979471189044337
O0_vs_O3p,A014,21,0.9983191249262156
O0_vs_O3p,A014,22,0.9989701433536694
O0_vs_O3p,A014,23,0.9982599177952217
O0_vs_O3p,A014,24,0.9991197245155445
O0_vs_O3p,A015,0,0.9645026948755486
O0_vs_O3p,A015,1,0.9966916160881244
O0_vs_O3p,A015,2,0.9986752861092192
O0_vs_O3p,A015,3,0.9993400209573099
O0_vs_O3p,A015,4,0.999267094591459
O0_vs_O3p,A015,5,0.9989148809809603
O0_vs_O3p,A015,6,0.9993475668405207
O0_vs_O3p,A015,7,0.9995318497383416
O0_vs_O3p,A015,8,0.9991304078050672
O0_vs_O3p,A015,9,0.9989441537342907
O0_vs_O3p,A015,10,0.9988114866064416
O0_vs_O3p,A015,11,0.9984081496506146
O0_vs_O3p,A015,12,0.9992732270089243
O0_vs_O3p,A015,13,0.9990232540269299
O0_vs_O3p,A015,14,0.9988263945674428
O0_vs_O3p,A015,15,0.9991200604871755
O0_vs_O3p,A015,16,0.9988321287649266
O0_vs_O3p,A015,17,0.9986577517963376
O0_vs_O3p,A015,18,0.9980581774180425
O0_vs_O3p,A015,19,0.9983044118920431
O0_vs_O3p,A015,20,0.9984172983601062
O0_vs_O3p,A015,21,0.9981748891025015
O0_vs_O3p,A015,22,0.9989635882118016
O0_vs_O3p,A016,0,0.9645026948755486
O0_vs_O3p,A016,1,0.9966916160881244
O0_vs_O3p,A016,2,0.9986752861092192
O0_vs_O3p,A016,3,0.9993400209573099
O0_vs_O3p,A016,4,0.9989912054516087
O0_vs_O3p,A016,5,0.9990323929382734
O0_vs_O3p,A016,6,0.9991104450909182
O0_vs_O3p,A016,7,0.9989945056654173
O0_vs_O3p,A016,8,0.9989300172937942
O0_vs_O3p,A016,9,0.9990717244617854
O0_vs_O3p,A016,10,0.9988177114023439
O0_vs_O3p,A016,11,0.9988622897411624
O0_vs_O3p,A016,12,0.9986994263946551
O0_vs_O3p,A016,13,0.9990152568918889
O0_vs_O3p,A016,14,0.9989361009736716
O0_vs_O3p,A016,15,0.9992349941972679
O0_vs_O3p,A016,16,0.998964696810469
O0_vs_O3p,A016,17,0.9992420943886604
O0_vs_O3p,A016,18,0.998945287192698
O0_vs_O3p,A016,19,0.998613768747929
O0_vs_O3p,A016,20,0.9979722396369425
O0_vs_O3p,A016,21,0.9985072548445082
O0_vs_O3p,A016,22,0.9986857902126958
O0_vs_O3p,A016,23,0.9983260661606775
O0_vs_O3p,A016,24,0.9988007968546853
O0_vs_O3p,A017,0,0.9645026948755486
O0_vs_O3p,A017,1,0.9966916160881244
O0_vs_O3p,A017,2,0.9986752861092192
O0_vs_O3p,A017,3,0.9993400209573099
O0_vs_O3p,A017,4,0.9994016672199522
O0_vs_O3p,A017,5,0.9992397998604694
O0_vs_O3p,A017,6,0.9993302804696995
O0_vs_O3p,A017,7,0.9994733751589343
O0_vs_O3p,A017,8,0.9992302858454943
O0_vs_O3p,A017,9,0.9990858652903063
O0_vs_O3p,A017,10,0.9988346819642854
O0_vs_O3p,A017,11,0.9990635209051019
O0_vs_O3p,A017,12,0.9988950733580556
O0_vs_O3p,A017,13,0.9990156587162885
O0_vs_O3p,A017,14,0.9992386021857681
O0_vs_O3p,A017,15,0.9987193973193176
O0_vs_O3p,A017,16,0.9988612317862977
O0_vs_O3p,A017,17,0.9979790392969252
O0_vs_O3p,A017,18,0.9985215005187114
O0_vs_O3p,A017,19,0.999092368471239
O0_vs_O3p,A017,20,0.9983122316539467
O0_vs_O3p,A017,21,0.9992902735943343
O0_vs_O3p,A018,0,0.9645026948755486
O0_vs_O3p,A018,1,0.9966916160881244
O0_vs_O3p,A018,2,0.9986752861092192
O0_vs_O3p,A018,3,0.9993400209573099
O0_vs_O3p,A018,4,0.999187046540444
O0_vs_O3p,A018,5,0.9989890865625162
O0_vs_O3p,A018,6,0.9991517466896841
O0_vs_O3p,A018,7,0.9993655212406926
O0_vs_O3p,A018,8,0.9991194890437072
O0_vs_O3p,A018,9,0.9991092078845473
O0_vs_O3p,A018,10,0.999066910210215
O0_vs_O3p,A018,11,0.9987954807630312
O0_vs_O3p,A018,12,0.99878076902572
O0_vs_O3p,A018,13,0.9989932582879846
O0_vs_O3p,A018,14,0.998724626659835
O0_vs_O3p,A018,15,0.9985872531060999
O0_vs_O3p,A018,16,0.997948450690205
O0_vs_O3p,A018,17,0.9985180462671923
O0_vs_O3p,A018,18,0.9979875514137745
O0_vs_O3p,A018,19,0.9981489717194382
O0_vs_O3p,A018,20,0.9991150674835241
O0_vs_O3p,A019,0,0.9645026948755486
O0_vs_O3p,A019,1,0.9966916160881244
O0_vs_O3p,A019,2,0.9986752861092192
O0_vs_O3p,A019,3,0.9993400209573099
O0_vs_O3p,A019,4,0.9993621500895954
O0_vs_O3p,A019,5,0.9989466094729075
O0_vs_O3p,A019,6,0.9992360740315878
O0_vs_O3p,A019,7,0.9994884637200787
O0_vs_O3p,A019,8,0.9989801370479147
O0_vs_O3p,A019,9,0.9990084913524154
O0_vs_O3p,A019,10,0.9990484534726959
O0_vs_O3p,A019,11,0.9986745100306156
O0_vs_O3p,A019,12,0.999268632489713
O0_vs_O3p,A019,13,0.998537312224867
O0_vs_O3p,A019,14,0.9989800277847978
O0_vs_O3p,A019,15,0.9984016904394338
O0_vs_O3p,A019,16,0.9988525480594613
O0_vs_O3p,A019,17,0.9985718575332339
O0_vs_O3p,A019,18,0.9986988999209981
O0_vs_O3p,A019,19,0.9980124485027059
O0_vs_O3p,A019,20,0.9983480344792678
O0_vs_O3p,A019,21,0.9991022624410741
O0_vs_O3p,A019,22,0.998286267817363
O0_vs_O3p,A019,23,0.9990116661161507
O0_vs_O3p,A020,0,0.9645026948755486
O0_vs_O3p,A020,1,0.9966916160881244
O0_vs_O3p,A020,2,0.9986752861092192
O0_vs_O3p,A020,3,0.9993400209573099
O0_vs_O3p,A020,4,0.9993970304519229
O0_vs_O3p,A020,5,0.9988183166668647
O0_vs_O3p,A020,6,0.9992014546945619
O0_vs_O3p,A020,7,0.9993499926939102
O0_vs_O3p,A020,8,0.9991368467336138
O0_vs_O3p,A020,9,0.9988757582282928
O0_vs_O3p,A020,10,0.9990479226257869
O0_vs_O3p,A020,11,0.9991933193246986
O0_vs_O3p,A020,12,0.998919579466386
O0_vs_O3p,A020,13,0.9986492845513276
O0_vs_O3p,A020,14,0.9990054498680538
O0_vs_O3p,A020,15,0.9988839053374701
O0_vs_O3p,A020,16,0.9988392538843697
O0_vs_O3p,A020,17,0.9990230576719233
O0_vs_O3p,A020,18,0.9988300982003195
O0_vs_O3p,A020,19,0.9985417171601623
O0_vs_O3p,A020,20,0.9979825725654069
O0_vs_O3p,A020,21,0.9984094977311497
O0_vs_O3p,A020,22,0.9986406442105521
O0_vs_O3p,A020,23,0.9983489734265305
O0_vs_O3p,A020,24,0.9990556150538136
O0_vs_O3p,A021,0,0.9645026948755486
O0_vs_O3p,A021,1,0.9966916160881244
O0_vs_O3p,A021,2,0.9986752861092192
O0_vs_O3p,A021,3,0.9993400209573099
O0_vs_O3p,A021,4,0.9993978085001362
O0_vs_O3p,A021,5,0.9990169354872364
O0_vs_O3p,A021,6,0.9985579761793745
O0_vs_O3p,A021,7,0.9993469749001238
O0_vs_O3p,A021,8,0.9993843039103696
O0_vs_O3p,A021,9,0.9990740179596449
O0_vs_O3p,A021,10,0.9993323642623119
O0_vs_O3p,A021,11,0.9993811829291472
O0_vs_O3p,A021,12,0.9990935862803814
O0_vs_O3p,A021,13,0.998795857018152
O0_vs_O3p,A021,14,0.9989773257146497
O0_vs_O3p,A021,15,0.9989681678371205
O0_vs_O3p,A021,16,0.9990244545324081
O0_vs_O3p,A021,17,0.9990823963919024
O0_vs_O3p,A021,18,0.999075672991197
O0_vs_O3p,A021,19,0.9988479091354182
O0_vs_O3p,A021,20,0.9988273174324214
O0_vs_O3p,A021,21,0.9985915649598994
O0_vs_O3p,A021,22,0.9977259353567491
O0_vs_O3p,A021,23,0.9984534802847084
O0_vs_O3p,A021,24,0.9988340300898988
O0_vs_O3p,A021,25,0.9983747461328408
O0_vs_O3p,A021,26,0.999009134597701
O0_vs_O3p,A022,0,0.9645026948755486
O0_vs_O3p,A022,1,0.9966916160881244
O0_vs_O3p,A022,2,0.9986752861092192
O0_vs_O3p,A022,3,0.9993400209573099
O0_vs_O3p,A022,4,0.9990865387367384
O0_vs_O3p,A022,5,0.998453960167891
O0_vs_O3p,A022,6,0.9990614063198304
O0_vs_O3p,A022,7,0.9990927686012422
O0_vs_O3p,A022,8,0.9993644353670263
O0_vs_O3p,A022,9,0.999150254004374
O0_vs_O3p,A022,10,0.9986290669999731
O0_vs_O3p,A022,11,0.9988830554429081
O0_vs_O3p,A022,12,0.9988058671107818
O0_vs_O3p,A022,13,0.9990017631091991
O0_vs_O3p,A022,14,0.9990960255265983
O0_vs_O3p,A022,15,0.9985616043794563
O0_vs_O3p,A022,16,0.99916243340322
O0_vs_O3p,A022,17,0.9987002946664771
O0_vs_O3p,A022,18,0.9986013428105912
O0_vs_O3p,A022,19,0.9979974055063755
O0_vs_O3p,A022,20,0.9985425736520589
O0_vs_O3p,A022,21,0.9989736545077829
O0_vs_O3p,A022,22,0.9983633253605053
O0_vs_O3p,A022,23,0.9989331191387713
O0_vs_O3p,A023,0,0.9645026948755486
O0_vs_O3p,A023,1,0.9966916160881244
O0_vs_O3p,A023,2,0.9986752861092192
O0_vs_O3p,A023,3,0.9993400209573099
O0_vs_O3p,A023,4,0.9990291073817242
O0_vs_O3p,A023,5,0.9992540727475149
O0_vs_O3p,A023,6,0.9993410444828582
O0_vs_O3p,A023,7,0.9988261128619818
O0_vs_O3p,A023,8,0.9987269425482591
O0_vs_O3p,A023,9,0.9990465611502887
O0_vs_O3p,A023,10,0.9992171867440132
O0_vs_O3p,A023,11,0.9989013865783437
O0_vs_O3p,A023,12,0.9986644194460597
O0_vs_O3p,A023,13,0.9984388027445483
O0_vs_O3p,A023,14,0.998289833017715
O0_vs_O3p,A023,15,0.9986412810251307
O0_vs_O3p,A023,16,0.998031204394978
O0_vs_O3p,A023,17,0.9986706895815061
O0_vs_O3p,A023,18,0.9988100040678837
O0_vs_O3p,A023,19,0.9981498168216513
O0_vs_O3p,A023,20,0.9991416753394803
O0_vs_O3p,A024,0,0.9645026948755486
O0_vs_O3p,A024,1,0.9966916160881244
O0_vs_O3p,A024,2,0.9986752861092192
O0_vs_O3p,A024,3,0.9993400209573099
O0_vs_O3p,A024,4,0.9990131147637488
O0_vs_O3p,A024,5,0.9995578509526069
O0_vs_O3p,A024,6,0.9991654365755165
O0_vs_O3p,A024,7,0.9995917654346708
O0_vs_O3p,A024,8,0.999380282697338
O0_vs_O3p,A024,9,0.9991140793639126
O0_vs_O3p,A024,10,0.9987117627461191
O0_vs_O3p,A024,11,0.9990466300172522
O0_vs_O3p,A024,12,0.9993616068325807
O0_vs_O3p,A024,13,0.9992126590141648
O0_vs_O3p,A024,14,0.9993349112787769
O0_vs_O3p,A024,15,0.9987907817521263
O0_vs_O3p,A024,16,0.9990654652608504
O0_vs_O3p,A024,17,0.9990453576865412
O0_vs_O3p,A024,18,0.9991628280215809
O0_vs_O3p,A024,19,0.9985967691766372
O0_vs_O3p,A024,20,0.9986436169804549
O0_vs_O3p,A024,21,0.9987549538341756
O0_vs_O3p,A024,22,0.9978160786006852
O0_vs_O3p,A024,23,0.9985840647103497
O0_vs_O3p,A024,24,0.9989186570477627
O0_vs_O3p,A024,25,0.9983820606168301
O0_vs_O3p,A024,26,0.9990206169977739
O0_vs_O3p,A025,0,0.9645026948755486
O0_vs_O3p,A025,1,0.9966916160881244
O0_vs_O3p,A025,2,0.9986752861092192
O0_vs_O3p,A025,3,0.9993400209573099
O0_vs_O3p,A025,4,0.9992920092728952
O0_vs_O3p,A025,5,0.998842720095415
O0_vs_O3p,A025,6,0.9991282383992106
O0_vs_O3p,A025,7,0.9992412765270465
O0_vs_O3p,A025,8,0.9990159671136568
O0_vs_O3p,A025,9,0.9988008491022092
O0_vs_O3p,A025,10,0.9990863363651378
O0_vs_O3p,A025,11,0.9989762748574382
O0_vs_O3p,A025,12,0.9987204579901597
O0_vs_O3p,A025,13,0.99915627763166
O0_vs_O3p,A025,14,0.9992317034687216
O0_vs_O3p,A025,15,0.9987331900413049
O0_vs_O3p,A025,16,0.9985014908907267
O0_vs_O3p,A025,17,0.997972318974594
O0_vs_O3p,A025,18,0.9985888646340304
O0_vs_O3p,A025,19,0.9989996046359716
O0_vs_O3p,A025,20,0.9980626431673378
O0_vs_O3p,A025,21,0.9991128553945654
O0_vs_O3p,A026,0,0.9645026948755486
O0_vs_O3p,A026,1,0.9966916160881244
O0_vs_O3p,A026,2,0.9986752861092192
O0_vs_O3p,A026,3,0.9993400209573099
O0_vs_O3p,A026,4,0.9988695412639289
O0_vs_O3p,A026,5,0.9985664559570224
O0_vs_O3p,A026,6,0.9992233877612172
O0_vs_O3p,A026,7,0.9987211327308341
O0_vs_O3p,A026,8,0.9990528918337539
O0_vs_O3p,A026,9,0.9991437628970301
O0_vs_O3p,A026,10,0.9988235725553586
O0_vs_O3p,A026,11,0.9990232392209608
O0_vs_O3p,A026,12,0.9993972217956034
O0_vs_O3p,A026,13,0.9989861989317744
O0_vs_O3p,A026,14,0.9988316671215922
O0_vs_O3p,A026,15,0.9990769498244665
O0_vs_O3p,A026,16,0.9990710025728851
O0_vs_O3p,A026,17,0.9988021579135374
O0_vs_O3p,A026,18,0.9980483344766796
O0_vs_O3p,A026,19,0.9985200144397018
O0_vs_O3p,A026,20,0.9985964035838062
O0_vs_O3p,A026,21,0.9982948001983227
O0_vs_O3p,A026,22,0.9992252897855
O0_vs_O3p,A027,0,0.9645026948755486
O0_vs_O3p,A027,1,0.9966916160881244
O0_vs_O3p,A027,2,0.9986752861092192
O0_vs_O3p,A027,3,0.9994354552339135
O0_vs_O3p,A027,4,0.9993090305131653
O0_vs_O3p,A027,5,0.9995471359098138
O0_vs_O3p,A027,6,0.9995493551499186
O0_vs_O3p,A027,7,0.9988937157165119
O0_vs_O3p,A027,8,0.9991873264687641
O0_vs_O3p,A027,9,0.9990463409888083
O0_vs_O3p,A027,10,0.9987353375092114
O0_vs_O3p,A027,11,0.9990125536424461
O0_vs_O3p,A027,12,0.9991957117368846
O0_vs_O3p,A027,13,0.9990358274865963
O0_vs_O3p,A027,14,0.9990429488156493
O0_vs_O3p,A027,15,0.9987433953290347
O0_vs_O3p,A027,16,0.9988913869295349
O0_vs_O3p,A027,17,0.9989338987704586
O0_vs_O3p,A027,18,0.9989050787253188
O0_vs_O3p,A027,19,0.9980039490310717
O0_vs_O3p,A027,20,0.998693331436671
O0_vs_O3p,A027,21,0.9989136227222303
O0_vs_O3p,A027,22,0.9982332763438918
O0_vs_O3p,A027,23,0.9991748028073325
O0_vs_O3p,A028,0,0.9645026948755486
O0_vs_O3p,A028,1,0.9966916160881244
O0_vs_O3p,A028,2,0.9986752861092192
O0_vs_O3p,A028,3,0.9993400209573099
O0_vs_O3p,A028,4,0.9991715339478465
O0_vs_O3p,A028,5,0.9979689304300347
O0_vs_O3p,A028,6,0.9988163796658595
O0_vs_O3p,A028,7,0.9993819457535343
O0_vs_O3p,A028,8,0.9992141106209333
O0_vs_O3p,A028,9,0.9990708048877462
O0_vs_O3p,A028,10,0.9993973697399527
O0_vs_O3p,A028,11,0.9991607728146323
O0_vs_O3p,A028,12,0.9991380612012697
O0_vs_O3p,A028,13,0.9991064973610696
O0_vs_O3p,A028,14,0.9989671086778059
O0_vs_O3p,A028,15,0.9986160979184149
O0_vs_O3p,A028,16,0.9980036655117254
O0_vs_O3p,A028,17,0.9985498616621467
O0_vs_O3p,A028,18,0.9986618608891706
O0_vs_O3p,A028,19,0.9982538034500159
O0_vs_O3p,A028,20,0.9990382096197081
O0_vs_O3p,A029,0,0.9645026948755486
O0_vs_O3p,A029,1,0.9966916160881244
O0_vs_O3p,A029,2,0.9986752861092192
O0_vs_O3p,A029,3,0.9993400209573099
O0_vs_O3p,A029,4,0.9986999030504529
O0_vs_O3p,A029,5,0.9993313631946765
O0_vs_O3p,A029,6,0.9988611782842022
O0_vs_O3p,A029,7,0.9993798887318127
O0_vs_O3p,A029,8,0.9991181975661614
O0_vs_O3p,A029,9,0.9988733851387029
O0_vs_O3p,A029,10,0.9993236842577532
O0_vs_O3p,A029,11,0.9989654770660514
O0_vs_O3p,A029,12,0.9986834444448469
O0_vs_O3p,A029,13,0.9989031466609607
O0_vs_O3p,A029,14,0.9988641110165937
O0_vs_O3p,A029,15,0.9989628274486718
O0_vs_O3p,A029,16,0.9987770138851059
O0_vs_O3p,A029,17,0.9988531896928308
O0_vs_O3p,A029,18,0.9987260051123037
O0_vs_O3p,A029,19,0.9979893012616365
O0_vs_O3p,A029,20,0.998506980135955
O0_vs_O3p,A029,21,0.9988075411928344
O0_vs_O3p,A029,22,0.9983735618937295
O0_vs_O3p,A029,23,0.9990388986418218
O0_vs_O3p,A030,0,0.9645026948755486
O0_vs_O3p,A030,1,0.9966916160881244
O0_vs_O3p,A030,2,0.9986752861092192
O0_vs_O3p,A030,3,0.9993400209573099
O0_vs_O3p,A030,4,0.9990721675480301
O0_vs_O3p,A030,5,0.9991353025473744
O0_vs_O3p,A030,6,0.9992504741407281
O0_vs_O3p,A030,7,0.9992388693914785
O0_vs_O3p,A030,8,0.9988357653619184
O0_vs_O3p,A030,9,0.9993236588756461
O0_vs_O3p,A030,10,0.9990266590623669
O0_vs_O3p,A030,11,0.9989200792578777
O0_vs_O3p,A030,12,0.999324615298956
O0_vs_O3p,A030,13,0.9993025142033996
O0_vs_O3p,A030,14,0.9988231122072108
O0_vs_O3p,A030,15,0.9986007395975351
O0_vs_O3p,A030,16,0.9979969728641878
O0_vs_O3p,A030,17,0.9986407448146377
O0_vs_O3p,A030,18,0.9987430128573823
O0_vs_O3p,A030,19,0.9980731725700678
O0_vs_O3p,A030,20,0.9991244995808144
O0_vs_O3p,A031,0,0.9645026948755486
O0_vs_O3p,A031,1,0.9966916160881244
O0_vs_O3p,A031,2,0.9986752861092192
O0_vs_O3p,A031,3,0.9991198892254699
O0_vs_O3p,A031,4,0.9992086220664717
O0_vs_O3p,A031,5,0.9991328678860106
O0_vs_O3p,A031,6,0.9992323208526471
O0_vs_O3p,A031,7,0.9987668859700298
O0_vs_O3p,A031,8,0.9991749925702517
O0_vs_O3p,A031,9,0.9991146840605436
O0_vs_O3p,A031,10,0.9989199314541322
O0_vs_O3p,A031,11,0.9987384846952189
O0_vs_O3p,A031,12,0.9987132386935699
O0_vs_O3p,A031,13,0.9985495504422569
O0_vs_O3p,A031,14,0.9979717657886895
O0_vs_O3p,A031,15,0.9984495450374499
O0_vs_O3p,A031,16,0.9985167342085276
O0_vs_O3p,A031,17,0.9984988415590932
O0_vs_O3p,A031,18,0.9991305771243905
O0_vs_O3p,A032,0,0.9645026948755486
O0_vs_O3p,A032,1,0.9966916160881244
O0_vs_O3p,A032,2,0.9986752861092192
O0_vs_O3p,A032,3,0.999351815263439
O0_vs_O3p,A032,4,0.9993024528735488
O0_vs_O3p,A032,5,0.9988880122429463
O0_vs_O3p,A032,6,0.9986535727741861
O0_vs_O3p,A032,7,0.9986962643929638
O0_vs_O3p,A032,8,0.9991957615737874
O0_vs_O3p,A032,9,0.9990720108194711
O0_vs_O3p,A032,10,0.9989135432226015
O0_vs_O3p,A032,11,0.998641134328155
O0_vs_O3p,A032,12,0.9981583062582278
O0_vs_O3p,A032,13,0.9983649802503534
O0_vs_O3p,A032,14,0.9985755957870608
O0_vs_O3p,A032,15,0.9983163620985244
O0_vs_O3p,A032,16,0.9989353569850795
O0_vs_O3p,A033,0,0.9645026948755486
O0_vs_O3p,A033,1,0.9966916160881244
O0_vs_O3p,A033,2,0.9986752861092192
O0_vs_O3p,A033,3,0.999407084737501
O0_vs_O3p,A033,4,0.9993242692925913
O0_vs_O3p,A033,5,0.9993093599449077
O0_vs_O3p,A033,6,0.9988354296427652
O0_vs_O3p,A033,7,0.9990553631829944
O0_vs_O3p,A033,8,0.9990222908742662
O0_vs_O3p,A033,9,0.9989393447309544
O0_vs_O3p,A033,10,0.9991425474847421
O0_vs_O3p,A033,11,0.9987148505721394
O0_vs_O3p,A033,12,0.9990895303544036
O0_vs_O3p,A033,13,0.9993266960364839
O0_vs_O3p,A033,14,0.9989677714790136
O0_vs_O3p,A033,15,0.9986670648963065
O0_vs_O3p,A033,16,0.9985845276379494
O0_vs_O3p,A033,17,0.9978611266811179
O0_vs_O3p,A033,18,0.9984097905802402
O0_vs_O3p,A033,19,0.9986835592489904
O0_vs_O3p,A033,20,0.9981972090262898
O0_vs_O3p,A033,21,0.9990768702175195
O0_vs_O3p,A034,0,0.9645026948755486
O0_vs_O3p,A034,1,0.9966916160881244
O0_vs_O3p,A034,2,0.9986752861092192
O0_vs_O3p,A034,3,0.9992861254555487
O0_vs_O3p,A034,4,0.999156134339371
O0_vs_O3p,A034,5,0.9992039481412437
O0_vs_O3p,A034,6,0.9989729602800662
O0_vs_O3p,A034,7,0.9992830413918817
O0_vs_O3p,A034,8,0.9992739630923567
O0_vs_O3p,A034,9,0.998977256426561
O0_vs_O3p,A034,10,0.9986536307885138
O0_vs_O3p,A034,11,0.9988797695021949
O0_vs_O3p,A034,12,0.9987171570935172
O0_vs_O3p,A034,13,0.9980815931139588
O0_vs_O3p,A034,14,0.998568179122494
O0_vs_O3p,A034,15,0.9986167014092794
O0_vs_O3p,A034,16,0.9983863162101884
O0_vs_O3p,A034,17,0.9991334671940982
O0_vs_O3p,A035,0,0.9645026948755486
O0_vs_O3p,A035,1,0.9966916160881244
O0_vs_O3p,A035,2,0.9986752861092192
O0_vs_O3p,A035,3,0.9993956637804106
O0_vs_O3p,A035,4,0.9989652291804104
O0_vs_O3p,A035,5,0.9992019585150883
O0_vs_O3p,A035,6,0.9988715311995277
O0_vs_O3p,A035,7,0.9990079177971458
O0_vs_O3p,A035,8,0.9987307803723973
O0_vs_O3p,A035,9,0.9987714809938507
O0_vs_O3p,A035,10,0.9988853807916851
O0_vs_O3p,A035,11,0.9981306138376411
O0_vs_O3p,A035,12,0.9980021214946025
O0_vs_O3p,A035,13,0.9985638032942451
O0_vs_O3p,A035,14,0.9979831008278697
O0_vs_O3p,A035,15,0.9990079711467152
O0_vs_O3p,A036,0,0.9645026948755486
O0_vs_O3p,A036,1,0.9966916160881244
O0_vs_O3p,A036,2,0.9986752861092192
O0_vs_O3p,A036,3,0.9994649446342851
O0_vs_O3p,A036,4,0.9990443350251308
O0_vs_O3p,A036,5,0.9994979212309723
O0_vs_O3p,A036,6,0.999245407470074
O0_vs_O3p,A036,7,0.9991350142912311
O0_vs_O3p,A036,8,0.9990498566874163
O0_vs_O3p,A036,9,0.9991794947874799
O0_vs_O3p,A036,10,0.9993835093965916
O0_vs_O3p,A036,11,0.998829195662932
O0_vs_O3p,A036,12,0.998707994160178
O0_vs_O3p,A036,13,0.9980871327485019
O0_vs_O3p,A036,14,0.9983377062531124
O0_vs_O3p,A036,15,0.9982765383567991
O0_vs_O3p,A036,16,0.9984821456839096
O0_vs_O3p,A036,17,0.9990272366274783
O0_vs_O3p,A037,0,0.9645026948755486
O0_vs_O3p,A037,1,0.9966916160881244
O0_vs_O3p,A037,2,0.9986752861092192
O0_vs_O3p,A037,3,0.9992614540443364
O0_vs_O3p,A037,4,0.9987579345115517
O0_vs_O3p,A037,5,0.9990518257503297
O0_vs_O3p,A037,6,0.9991158602343564
O0_vs_O3p,A037,7,0.9989589011472195
O0_vs_O3p,A037,8,0.9990262861893273
O0_vs_O3p,A037,9,0.9992253947313109
O0_vs_O3p,A037,10,0.9986534581333907
O0_vs_O3p,A037,11,0.9985894522018469
O0_vs_O3p,A037,12,0.9986100595726793
O0_vs_O3p,A037,13,0.9979840467515994
O0_vs_O3p,A037,14,0.9978454744361255
O0_vs_O3p,A037,15,0.997576023044891
O0_vs_O3p,A037,16,0.9979942305002681
O0_vs_O3p,A037,17,0.9988596302517451
O0_vs_O3p,A038,0,0.9645026948755486
O0_vs_O3p,A038,1,0.9966916160881244
O0_vs_O3p,A038,2,0.9986752861092192
O0_vs_O3p,A038,3,0.9993173713924314
O0_vs_O3p,A038,4,0.9994009831224365
O0_vs_O3p,A038,5,0.9993377016827302
O0_vs_O3p,A038,6,0.9988836685789291
O0_vs_O3p,A038,7,0.9993499491343268
O0_vs_O3p,A038,8,0.9990725492491961
O0_vs_O3p,A038,9,0.9990884909246665
O0_vs_O3p,A038,10,0.9990003305405196
O0_vs_O3p,A038,11,0.998606091213926
O0_vs_O3p,A038,12,0.9986438031867898
O0_vs_O3p,A038,13,0.9981407898646792
O0_vs_O3p,A038,14,0.9985146519919984
O0_vs_O3p,A038,15,0.998914345680198
O0_vs_O3p,A038,16,0.9983165440703671
O0_vs_O3p,A038,17,0.9990047868405783
O0_vs_O3p,A039,0,0.9645026948755486
O0_vs_O3p,A039,1,0.9966916160881244
O0_vs_O3p,A039,2,0.9986752861092192
O0_vs_O3p,A039,3,0.9992118236978533
O0_vs_O3p,A039,4,0.9992833412053385
O0_vs_O3p,A039,5,0.999071535405522
O0_vs_O3p,A039,6,0.9991608036115677
O0_vs_O3p,A039,7,0.999164381695203
O0_vs_O3p,A039,8,0.9992139509781048
O0_vs_O3p,A039,9,0.9988695649880164
O0_vs_O3p,A039,10,0.9991593069945843
O0_vs_O3p,A039,11,0.9993241357958155
O0_vs_O3p,A039,12,0.9995224196167004
O0_vs_O3p,A039,13,0.9989270041485918
O0_vs_O3p,A039,14,0.9986774492156358
O0_vs_O3p,A039,15,0.9980679233228753
O0_vs_O3p,A039,16,0.9977998349559033
O0_vs_O3p,A039,17,0.9985122272871412
O0_vs_O3p,A039,18,0.9983860770380474
O0_vs_O3p,A039,19,0.9992317323022015
O0_vs_O3p,A040,0,0.9645026948755486
O0_vs_O3p,A040,1,0.9966916160881244
O0_vs_O3p,A040,2,0.9986752861092192
O0_vs_O3p,A040,3,0.9993683648251586
O0_vs_O3p,A040,4,0.999213571734362
O0_vs_O3p,A040,5,0.9991969838051336
O0_vs_O3p,A040,6,0.9990303695388342
O0_vs_O3p,A040,7,0.9987555049467415
O0_vs_O3p,A040,8,0.9987859729907296
O0_vs_O3p,A040,9,0.9990397811555138
O0_vs_O3p,A040,10,0.9983757220446081
O0_vs_O3p,A040,11,0.9988004344696709
O0_vs_O3p,A040,12,0.9986344026177159
O0_vs_O3p,A040,13,0.9981477878674311
O0_vs_O3p,A040,14,0.9986233141132508
O0_vs_O3p,A040,15,0.9970787840485884
O0_vs_O3p,A040,16,0.998225239131497
O0_vs_O3p,A040,17,0.9990788971749175
O0_vs_O3p,A041,0,0.9645026948755486
O0_vs_O3p,A041,1,0.9966916160881244
O0_vs_O3p,A041,2,0.9986752861092192
O0_vs_O3p,A041,3,0.9993400209573099
O0_vs_O3p,A041,4,0.9994235026932987
O0_vs_O3p,A041,5,0.9992384896710433
O0_vs_O3p,A041,6,0.9992300440722206
O0_vs_O3p,A041,7,0.9993726787008094
O0_vs_O3p,A041,8,0.9992905826330256
O0_vs_O3p,A041,9,0.9989183041874394
O0_vs_O3p,A041,10,0.9989950659280327
O0_vs_O3p,A041,11,0.999054822501708
O0_vs_O3p,A041,12,0.9994303730172504
O0_vs_O3p,A041,13,0.9990206989696102
O0_vs_O3p,A041,14,0.9989896214289727
O0_vs_O3p,A041,15,0.9994079328263785
O0_vs_O3p,A041,16,0.9995273713457437
O0_vs_O3p,A041,17,0.9990108027871334
O0_vs_O3p,A041,18,0.998849729697736
O0_vs_O3p,A041,19,0.9985431475922635
O0_vs_O3p,A041,20,0.9977645554525448
O0_vs_O3p,A041,21,0.9984336062998662
O0_vs_O3p,A041,22,0.9989581618726513
O0_vs_O3p,A041,23,0.998651523462651
O0_vs_O3p,A041,24,0.9990126833577639
O0_vs_O3p,A042,0,0.9645026948755486
O0_vs_O3p,A042,1,0.9966916160881244
O0_vs_O3p,A042,2,0.9986752861092192
O0_vs_O3p,A042,3,0.9991648598005146
O0_vs_O3p,A042,4,0.9993860536889829
O0_vs_O3p,A042,5,0.9992302478317286
O0_vs_O3p,A042,6,0.9994388819686876
O0_vs_O3p,A042,7,0.9995384340592771
O0_vs_O3p,A042,8,0.9991571769856292
O0_vs_O3p,A042,9,0.9989823316557043
O0_vs_O3p,A042,10,0.9990786991994077
O0_vs_O3p,A042,11,0.9992471013337573
O0_vs_O3p,A042,12,0.9988584632132178
O0_vs_O3p,A042,13,0.9991035251014849
O0_vs_O3p,A042,14,0.9992513559606236
O0_vs_O3p,A042,15,0.9987306768761777
O0_vs_O3p,A042,16,0.9986759018673089
O0_vs_O3p,A042,17,0.9979306118056318
O0_vs_O3p,A042,18,0.9984973036912825
O0_vs_O3p,A042,19,0.9986169487075746
O0_vs_O3p,A042,20,0.9983742719635348
O0_vs_O3p,A042,21,0.998955072579926
O0_vs_O3p,A043,0,0.9645026948755486
O0_vs_O3p,A043,1,0.9966916160881244
O0_vs_O3p,A043,2,0.9986752861092192
O0_vs_O3p,A043,3,0.9993400209573099
O0_vs_O3p,A043,4,0.9991487332546171
O0_vs_O3p,A043,5,0.9993792266219996
O0_vs_O3p,A043,6,0.9991150890407549
O0_vs_O3p,A043,7,0.9992930633572615
O0_vs_O3p,A043,8,0.9990267793389082
O0_vs_O3p,A043,9,0.9992307840444277
O0_vs_O3p,A043,10,0.9989331608856507
O0_vs_O3p,A043,11,0.9991179267118131
O0_vs_O3p,A043,12,0.9987079611002057
O0_vs_O3p,A043,13,0.9991240517508874
O0_vs_O3p,A043,14,0.9989158203626496
O0_vs_O3p,A043,15,0.9988551354030567
O0_vs_O3p,A043,16,0.9987515412530086
O0_vs_O3p,A043,17,0.9985153499442321
O0_vs_O3p,A043,18,0.997905006948268
O0_vs_O3p,A043,19,0.9982737998600858
O0_vs_O3p,A043,20,0.9989209087520051
O0_vs_O3p,A043,21,0.9981747347629513
O0_vs_O3p,A043,22,0.998998923937947
O0_vs_O3p,A044,0,0.9645026948755486
O0_vs_O3p,A044,1,0.9966916160881244
O0_vs_O3p,A044,2,0.9986752861092192
O0_vs_O3p,A044,3,0.9992861254555487
O0_vs_O3p,A044,4,0.9991904403262445
O0_vs_O3p,A044,5,0.9990037916573088
O0_vs_O3p,A044,6,0.9991725348174356
O0_vs_O3p,A044,7,0.9991178788009683
O0_vs_O3p,A044,8,0.9985214939092548
O0_vs_O3p,A044,9,0.9991029880969543
O0_vs_O3p,A044,10,0.9988530372013463
O0_vs_O3p,A044,11,0.998699068589154
O0_vs_O3p,A044,12,0.9986277665720313
O0_vs_O3p,A044,13,0.9981544728452866
O0_vs_O3p,A044,14,0.9985507631396956
O0_vs_O3p,A044,15,0.9986915600266957
O0_vs_O3p,A044,16,0.9983436496746677
O0_vs_O3p,A044,17,0.9988743291039993
O0_vs_O3p,A045,0,0.9645026948755486
O0_vs_O3p,A045,1,0.9966916160881244
O0_vs_O3p,A045,2,0.9986752861092192
O0_vs_O3p,A045,3,0.9993400209573099
O0_vs_O3p,A045,4,0.9991950053018623
O0_vs_O3p,A045,5,0.9994792248868466
O0_vs_O3p,A045,6,0.999353975412731
O0_vs_O3p,A045,7,0.9989158313839807
O0_vs_O3p,A045,8,0.999210911345505
O0_vs_O3p,A045,9,0.9993598032043716
O0_vs_O3p,A045,10,0.9990599822215956
O0_vs_O3p,A045,11,0.99904308298251
O0_vs_O3p,A045,12,0.9987234189183603
O0_vs_O3p,A045,13,0.9988500758190648
O0_vs_O3p,A045,14,0.9980422652869115
O0_vs_O3p,A045,15,0.9984978833168108
O0_vs_O3p,A045,16,0.999000027204938
O0_vs_O3p,A045,17,0.9981879548916499
O0_vs_O3p,A045,18,0.9990937670018234
O0_vs_O3p,A046,0,0.9645026948755486
O0_vs_O3p,A046,1,0.9966916160881244
O0_vs_O3p,A046,2,0.9986752861092192
O0_vs_O3p,A046,3,0.9993400242726391
O0_vs_O3p,A046,4,0.9993624167461599
O0_vs_O3p,A046,5,0.999099034032998
O0_vs_O3p,A046,6,0.9987437159350018
O0_vs_O3p,A046,7,0.9989496786216121
O0_vs_O3p,A046,8,0.9991448148589239
O0_vs_O3p,A046,9,0.9989276123788841
O0_vs_O3p,A046,10,0.9986846376542792
O0_vs_O3p,A046,11,0.9985309158116342
O0_vs_O3p,A046,12,0.9980209204612265
O0_vs_O3p,A046,13,0.998168532007526
O0_vs_O3p,A046,14,0.9988275518971552
O0_vs_O3p,A046,15,0.998171759181519
O0_vs_O3p,A046,16,0.9989576013953253
O0_vs_O3p,A047,0,0.9645026948755486
O0_vs_O3p,A047,1,0.9966916160881244
O0_vs_O3p,A047,2,0.9986752861092192
O0_vs_O3p,A047,3,0.9993400209573099
O0_vs_O3p,A047,4,0.9991899597695627
O0_vs_O3p,A047,5,0.9991567868608389
O0_vs_O3p,A047,6,0.9993438214689077
O0_vs_O3p,A047,7,0.9990247744900769
O0_vs_O3p,A047,8,0.9993722650178245
O0_vs_O3p,A047,9,0.9991037966656935
O0_vs_O3p,A047,10,0.999179809055504
O0_vs_O3p,A047,11,0.9994414347032692
O0_vs_O3p,A047,12,0.9990284678794819
O0_vs_O3p,A047,13,0.9985660330759513
O0_vs_O3p,A047,14,0.9980656947373243
O0_vs_O3p,A047,15,0.9984990781724391
O0_vs_O3p,A047,16,0.9984055128063086
O0_vs_O3p,A047,17,0.9982731168082223
O0_vs_O3p,A047,18,0.9990628907233474
O0_vs_O3p,A048,0,0.9645026948755486
O0_vs_O3p,A048,1,0.9966916160881244
O0_vs_O3p,A048,2,0.9986752861092192
O0_vs_O3p,A048,3,0.9993400209573099
O0_vs_O3p,A048,4,0.99884217754399
O0_vs_O3p,A048,5,0.9991976382835971
O0_vs_O3p,A048,6,0.9991296422049334
O0_vs_O3p,A048,7,0.9990552604666517
O0_vs_O3p,A048,8,0.999085985671522
O0_vs_O3p,A048,9,0.9988659512057451
O0_vs_O3p,A048,10,0.9992709129822127
O0_vs_O3p,A048,11,0.9991246690110291
O0_vs_O3p,A048,12,0.9989639857828589
O0_vs_O3p,A048,13,0.9986099637771655
O0_vs_O3p,A048,14,0.9986178677991132
O0_vs_O3p,A048,15,0.9981534006466146
O0_vs_O3p,A048,16,0.9985043335180602
O0_vs_O3p,A048,17,0.9988126607125926
O0_vs_O3p,A048,18,0.9983163802985144
O0_vs_O3p,A048,19,0.9990094033095142
O0_vs_O3p,A049,0,0.9645026948755486
O0_vs_O3p,A049,1,0.9966916160881244
O0_vs_O3p,A049,2,0.9986752861092192
O0_vs_O3p,A049,3,0.9993400209573099
O0_vs_O3p,A049,4,0.9989485814061371
O0_vs_O3p,A049,5,0.9986159318280693
O0_vs_O3p,A049,6,0.9982776830512442
O0_vs_O3p,A049,7,0.9987104067538721
O0_vs_O3p,A049,8,0.9991824507003134
O0_vs_O3p,A049,9,0.9993659919639711
O0_vs_O3p,A049,10,0.9992896168988946
O0_vs_O3p,A049,11,0.99910650243459
O0_vs_O3p,A049,12,0.9985900856024872
O0_vs_O3p,A049,13,0.9989687035855215
O0_vs_O3p,A049,14,0.9990409219788234
O0_vs_O3p,A049,15,0.9991444925706824
O0_vs_O3p,A049,16,0.9988932637151036
O0_vs_O3p,A049,17,0.9992183917846096
O0_vs_O3p,A049,18,0.9987106665636319
O0_vs_O3p,A049,19,0.9985606142905662
O0_vs_O3p,A049,20,0.9978734729724628
O0_vs_O3p,A049,21,0.99835974661216
O0_vs_O3p,A049,22,0.998717707433086
O0_vs_O3p,A049,23,0.9982642497001273
O0_vs_O3p,A049,24,0.9990316804341163
O0_vs_O3p,A050,0,0.9645026948755486
O0_vs_O3p,A050,1,0.9966916160881244
O0_vs_O3p,A050,2,0.9986752861092192
O0_vs_O3p,A050,3,0.9993400209573099
O0_vs_O3p,A050,4,0.9991947234798114
O0_vs_O3p,A050,5,0.9990882682487353
O0_vs_O3p,A050,6,0.9993504784970988
O0_vs_O3p,A050,7,0.9995242453682521
O0_vs_O3p,A050,8,0.9990283915897338
O0_vs_O3p,A050,9,0.9992803861639341
O0_vs_O3p,A050,10,0.9993063797892431
O0_vs_O3p,A050,11,0.9992364520080137
O0_vs_O3p,A050,12,0.9990483645466108
O0_vs_O3p,A050,13,0.999006556823718
O0_vs_O3p,A050,14,0.998543613442597
O0_vs_O3p,A050,15,0.9987639629599129
O0_vs_O3p,A050,16,0.9981204616491431
O0_vs_O3p,A050,17,0.9986096334755089
O0_vs_O3p,A050,18,0.9982368296785081
O0_vs_O3p,A050,19,0.9981471156760603
O0_vs_O3p,A050,20,0.9991328652241587
O0_vs_O3p,A051,0,0.9645026948755486
O0_vs_O3p,A051,1,0.9966916160881244
O0_vs_O3p,A051,2,0.9986752861092192
O0_vs_O3p,A051,3,0.9993400209573099
O0_vs_O3p,A051,4,0.9993201707647239
O0_vs_O3p,A051,5,0.9994004571883605
O0_vs_O3p,A051,6,0.9989903253599077
O0_vs_O3p,A051,7,0.9995125915957972
O0_vs_O3p,A051,8,0.9996417908277195
O0_vs_O3p,A051,9,0.9992635389889643
O0_vs_O3p,A051,10,0.9990670394771847
O0_vs_O3p,A051,11,0.9990354112653947
O0_vs_O3p,A051,12,0.9995082742330335
O0_vs_O3p,A051,13,0.9988832940726727
O0_vs_O3p,A051,14,0.9989841440832592
O0_vs_O3p,A051,15,0.9979283461768504
O0_vs_O3p,A051,16,0.9982243462062625
O0_vs_O3p,A051,17,0.9989913667610404
O0_vs_O3p,A051,18,0.9982884834008408
O0_vs_O3p,A051,19,0.9992124636626636
O0_vs_O3p,A052,0,0.9645026948755486
O0_vs_O3p,A052,1,0.9966916160881244
O0_vs_O3p,A052,2,0.9986752861092192
O0_vs_O3p,A052,3,0.9991648598005146
O0_vs_O3p,A052,4,0.9992908520430935
O0_vs_O3p,A052,5,0.9987816647924032
O0_vs_O3p,A052,6,0.9994969469322172
O0_vs_O3p,A052,7,0.9991394920068843
O0_vs_O3p,A052,8,0.9993889466528839
O0_vs_O3p,A052,9,0.9991442555827466
O0_vs_O3p,A052,10,0.9993051502113557
O0_vs_O3p,A052,11,0.998564804903888
O0_vs_O3p,A052,12,0.9990863752077339
O0_vs_O3p,A052,13,0.999502010774988
O0_vs_O3p,A052,14,0.9991871673531906
O0_vs_O3p,A052,15,0.9989416495728556
O0_vs_O3p,A052,16,0.9989711966657139
O0_vs_O3p,A052,17,0.9979529534087817
O0_vs_O3p,A052,18,0.9982574443969605
O0_vs_O3p,A052,19,0.9981400008458722
O0_vs_O3p,A052,20,0.9982680098491159
O0_vs_O3p,A052,21,0.9992252891611745
O0_vs_O3p,A053,0,0.9645026948755486
O0_vs_O3p,A053,1,0.9966916160881244
O0_vs_O3p,A053,2,0.9986752861092192
O0_vs_O3p,A053,3,0.9993400209573099
O0_vs_O3p,A053,4,0.9990618209362258
O0_vs_O3p,A053,5,0.9991536845777658
O0_vs_O3p,A053,6,0.9995153823982916
O0_vs_O3p,A053,7,0.9996256371018152
O0_vs_O3p,A053,8,0.9992797981384391
O0_vs_O3p,A053,9,0.9990623066951615
O0_vs_O3p,A053,10,0.9990170901021016
O0_vs_O3p,A053,11,0.9992786729025099
O0_vs_O3p,A053,12,0.9993012970169695
O0_vs_O3p,A053,13,0.9990174450828384
O0_vs_O3p,A053,14,0.998835367340019
O0_vs_O3p,A053,15,0.9986535585352789
O0_vs_O3p,A053,16,0.9979832612647372
O0_vs_O3p,A053,17,0.9983673008437275
O0_vs_O3p,A053,18,0.9986573849395503
O0_vs_O3p,A053,19,0.9982905949317927
O0_vs_O3p,A053,20,0.9990416816990022
O0_vs_O3p,A054,0,0.9645026948755486
O0_vs_O3p,A054,1,0.9966916160881244
O0_vs_O3p,A054,2,0.9986752861092192
O0_vs_O3p,A054,3,0.9993400209573099
O0_vs_O3p,A054,4,0.9993648017211444
O0_vs_O3p,A054,5,0.9993267140334713
O0_vs_O3p,A054,6,0.9995486990840804
O0_vs_O3p,A054,7,0.9996418502219163
O0_vs_O3p,A054,8,0.9995456864217642
O0_vs_O3p,A054,9,0.9994194623932104
O0_vs_O3p,A054,10,0.9992587726027581
O0_vs_O3p,A054,11,0.9992802078749664
O0_vs_O3p,A054,12,0.9990069591452119
O0_vs_O3p,A054,13,0.9993067683777375
O0_vs_O3p,A054,14,0.9993994534422134
O0_vs_O3p,A054,15,0.999082160041441
O0_vs_O3p,A054,16,0.998955240672178
O0_vs_O3p,A054,17,0.9989575457496532
O0_vs_O3p,A054,18,0.9980142376650805
O0_vs_O3p,A054,19,0.9984414042485861
O0_vs_O3p,A054,20,0.9991172941595128
O0_vs_O3p,A054,21,0.998354821506565
O0_vs_O3p,A054,22,0.9994320322878668
O0_vs_O3p,A055,0,0.9645026948755486
O0_vs_O3p,A055,1,0.9966916160881244
O0_vs_O3p,A055,2,0.9986752861092192
O0_vs_O3p,A055,3,0.9993400209573099
O0_vs_O3p,A055,4,0.9994237659978109
O0_vs_O3p,A055,5,0.9994829594044353
O0_vs_O3p,A055,6,0.9991291529579873
O0_vs_O3p,A055,7,0.999469782944207
O0_vs_O3p,A055,8,0.9996540144749259
O0_vs_O3p,A055,9,0.9994163706103066
O0_vs_O3p,A055,10,0.9990923916551064
O0_vs_O3p,A055,11,0.9992559464860036
O0_vs_O3p,A055,12,0.9992600768956724
O0_vs_O3p,A055,13,0.9990903260534268
O0_vs_O3p,A055,14,0.9990032326968141
O0_vs_O3p,A055,15,0.9987938314145227
O0_vs_O3p,A055,16,0.9978081854611354
O0_vs_O3p,A055,17,0.9982644222057042
O0_vs_O3p,A055,18,0.9986353867367908
O0_vs_O3p,A055,19,0.998145394930823
O0_vs_O3p,A055,20,0.999356997356564
O0_vs_O3p,A056,0,0.9645026948755486
O0_vs_O3p,A056,1,0.9966916160881244
O0_vs_O3p,A056,2,0.9986752861092192
O0_vs_O3p,A056,3,0.9991648598005146
O0_vs_O3p,A056,4,0.9992738850482324
O0_vs_O3p,A056,5,0.998814180558874
O0_vs_O3p,A056,6,0.9983511222660171
O0_vs_O3p,A056,7,0.9993929258317101
O0_vs_O3p,A056,8,0.9991708203232875
O0_vs_O3p,A056,9,0.9991588245149124
O0_vs_O3p,A056,10,0.9991925867215189
O0_vs_O3p,A056,11,0.9992346597739774
O0_vs_O3p,A056,12,0.9991863500389072
O0_vs_O3p,A056,13,0.9992915331103839
O0_vs_O3p,A056,14,0.9994078376531051
O0_vs_O3p,A056,15,0.9990197773608817
O0_vs_O3p,A056,16,0.9987937921952016
O0_vs_O3p,A056,17,0.9988100372933362
O0_vs_O3p,A056,18,0.9980038641841454
O0_vs_O3p,A056,19,0.9982410450110903
O0_vs_O3p,A056,20,0.998664403174275
O0_vs_O3p,A056,21,0.9983992756266897
O0_vs_O3p,A056,22,0.999055107048215
O0_vs_O3p,A057,0,0.9645026948755486
O0_vs_O3p,A057,1,0.9966916160881244
O0_vs_O3p,A057,2,0.9986752861092192
O0_vs_O3p,A057,3,0.9993400209573099
O0_vs_O3p,A057,4,0.9989951453974847
O0_vs_O3p,A057,5,0.998500570555166
O0_vs_O3p,A057,6,0.9990488997492414
O0_vs_O3p,A057,7,0.9987087375133484
O0_vs_O3p,A057,8,0.9988223278017246
O0_vs_O3p,A057,9,0.9994507994413637
O0_vs_O3p,A057,10,0.9994576570832354
O0_vs_O3p,A057,11,0.9993101337682571
O0_vs_O3p,A057,12,0.9989937196916517
O0_vs_O3p,A057,13,0.9986073700344086
O0_vs_O3p,A057,14,0.9982457195639071
O0_vs_O3p,A057,15,0.9985758528497172
O0_vs_O3p,A057,16,0.9984722739170694
O0_vs_O3p,A057,17,0.9984537227188264
O0_vs_O3p,A057,18,0.9993269182973062
O0_vs_O3p,A058,0,0.9645026948755486
O0_vs_O3p,A058,1,0.9966916160881244
O0_vs_O3p,A058,2,0.9986752861092192
O0_vs_O3p,A058,3,0.9993400209573099
O0_vs_O3p,A058,4,0.9992226585491263
O0_vs_O3p,A058,5,0.9993775168606424
O0_vs_O3p,A058,6,0.9991295277474244
O0_vs_O3p,A058,7,0.9993583830389958
O0_vs_O3p,A058,8,0.9991753953921588
O0_vs_O3p,A058,9,0.9990878277500848
O0_vs_O3p,A058,10,0.999178990920665
O0_vs_O3p,A058,11,0.9992441776479467
O0_vs_O3p,A058,12,0.9988638814730338
O0_vs_O3p,A058,13,0.9989850472549755
O0_vs_O3p,A058,14,0.9981948815386671
O0_vs_O3p,A058,15,0.9984767179707629
O0_vs_O3p,A058,16,0.9984974070048367
O0_vs_O3p,A058,17,0.9982386316040619
O0_vs_O3p,A058,18,0.9991253033457265
O0_vs_O3p,A059,0,0.9645026948755486
O0_vs_O3p,A059,1,0.9966916160881244
O0_vs_O3p,A059,2,0.9986752861092192
O0_vs_O3p,A059,3,0.9993400209573099
O0_vs_O3p,A059,4,0.999218147943331
O0_vs_O3p,A059,5,0.9993233983951584
O0_vs_O3p,A059,6,0.9994363995783924
O0_vs_O3p,A059,7,0.9990000125121211
O0_vs_O3p,A059,8,0.9988424423532938
O0_vs_O3p,A059,9,0.9991609812420614
O0_vs_O3p,A059,10,0.9989896338012956
O0_vs_O3p,A059,11,0.999036296596925
O0_vs_O3p,A059,12,0.9987995303622634
O0_vs_O3p,A059,13,0.9988500938320091
O0_vs_O3p,A059,14,0.9988591395737366
O0_vs_O3p,A059,15,0.9985764473061294
O0_vs_O3p,A059,16,0.9981896449324988
O0_vs_O3p,A059,17,0.9981145832360525
O0_vs_O3p,A059,18,0.9984130959529632
O0_vs_O3p,A059,19,0.9985685142131133
O0_vs_O3p,A059,20,0.9991925533141893
O0_vs_O3p,A060,0,0.9645026948755486
O0_vs_O3p,A060,1,0.9966916160881244
O0_vs_O3p,A060,2,0.9986752861092192
O0_vs_O3p,A060,3,0.9991648598005146
O0_vs_O3p,A060,4,0.9992525510968674
O0_vs_O3p,A060,5,0.9988062986974644
O0_vs_O3p,A060,6,0.9994954517133018
O0_vs_O3p,A060,7,0.9989483374806086
O0_vs_O3p,A060,8,0.9993732126341195
O0_vs_O3p,A060,9,0.9993665771581963
O0_vs_O3p,A060,10,0.9993954784723474
O0_vs_O3p,A060,11,0.9990641060307066
O0_vs_O3p,A060,12,0.999210171508298
O0_vs_O3p,A060,13,0.9988468532707562
O0_vs_O3p,A060,14,0.9986907185893213
O0_vs_O3p,A060,15,0.9982184189665247
O0_vs_O3p,A060,16,0.9982940377289684
O0_vs_O3p,A060,17,0.9989446169937358
O0_vs_O3p,A060,18,0.9982073941592408
O0_vs_O3p,A060,19,0.9994151935586634
O0_vs_O3p,A061,0,0.9645026948755486
O0_vs_O3p,A061,1,0.9966916160881244
O0_vs_O3p,A061,2,0.9986752861092192
O0_vs_O3p,A061,3,0.9993400209573099
O0_vs_O3p,A061,4,0.9991088045160456
O0_vs_O3p,A061,5,0.9988044418669308
O0_vs_O3p,A061,6,0.9994499566488537
O0_vs_O3p,A061,7,0.9990007110294059
O0_vs_O3p,A061,8,0.9989758230877848
O0_vs_O3p,A061,9,0.9990436420416959
O0_vs_O3p,A061,10,0.9993229486825511
O0_vs_O3p,A061,11,0.9994363639403873
O0_vs_O3p,A061,12,0.9991320084104237
O0_vs_O3p,A061,13,0.9991668391159761
O0_vs_O3p,A061,14,0.9988861433594499
O0_vs_O3p,A061,15,0.9992101395051529
O0_vs_O3p,A061,16,0.9983130374239587
O0_vs_O3p,A061,17,0.9989056231030229
O0_vs_O3p,A061,18,0.9987934377981824
O0_vs_O3p,A061,19,0.9985238577732878
O0_vs_O3p,A061,20,0.9978814549802845
O0_vs_O3p,A061,21,0.998493697574082
O0_vs_O3p,A061,22,0.9982930539269969
O0_vs_O3p,A061,23,0.9983389726401205
O0_vs_O3p,A061,24,0.9992188216320651
O0_vs_O3p,A062,0,0.9645026948755486
O0_vs_O3p,A062,1,0.9966916160881244
O0_vs_O3p,A062,2,0.9986752861092192
O0_vs_O3p,A062,3,0.9993400209573099
O0_vs_O3p,A062,4,0.9992177570735107
O0_vs_O3p,A062,5,0.9995313682908733
O0_vs_O3p,A062,6,0.9994154368650652
O0_vs_O3p,A062,7,0.9986507086660632
O0_vs_O3p,A062,8,0.9991088613635725
O0_vs_O3p,A062,9,0.999240115282012
O0_vs_O3p,A062,10,0.9988673768730375
O0_vs_O3p,A062,11,0.9990071262340311
O0_vs_O3p,A062,12,0.9992276418844135
O0_vs_O3p,A062,13,0.9992007348123497
O0_vs_O3p,A062,14,0.9990797307921868
O0_vs_O3p,A062,15,0.9981116910723005
O0_vs_O3p,A062,16,0.9988827143205938
O0_vs_O3p,A062,17,0.9990306405572862
O0_vs_O3p,A062,18,0.9979588605153503
O0_vs_O3p,A062,19,0.9983824996026355
O0_vs_O3p,A062,20,0.9988215442200802
O0_vs_O3p,A062,21,0.9979575998423584
O0_vs_O3p,A062,22,0.9992309921684647
O0_vs_O3p,A063,0,0.9645026948755486
O0_vs_O3p,A063,1,0.9966916160881244
O0_vs_O3p,A063,2,0.9986752861092192
O0_vs_O3p,A063,3,0.9993400209573099
O0_vs_O3p,A063,4,0.9991231199660852
O0_vs_O3p,A063,5,0.9983994799534242
O0_vs_O3p,A063,6,0.9990264917107173
O0_vs_O3p,A063,7,0.9990149497650493
O0_vs_O3p,A063,8,0.9990700706082344
O0_vs_O3p,A063,9,0.9990972584393837
O0_vs_O3p,A063,10,0.9992751440033003
O0_vs_O3p,A063,11,0.9991339808988702
O0_vs_O3p,A063,12,0.9988902888319462
O0_vs_O3p,A063,13,0.9989165581291314
O0_vs_O3p,A063,14,0.9980530126239572
O0_vs_O3p,A063,15,0.9985602065864564
O0_vs_O3p,A063,16,0.9987101596956941
O0_vs_O3p,A063,17,0.9981340021563697
O0_vs_O3p,A063,18,0.9991776853811707
O0_vs_O3p,A064,0,0.9645026948755486
O0_vs_O3p,A064,1,0.9966916160881244
O0_vs_O3p,A064,2,0.9986752861092192
O0_vs_O3p,A064,3,0.9993400242726391
O0_vs_O3p,A064,4,0.9993970343617878
O0_vs_O3p,A064,5,0.9992744453948139
O0_vs_O3p,A064,6,0.9992928829722127
O0_vs_O3p,A064,7,0.9992386633134622
O0_vs_O3p,A064,8,0.9993817826830279
O0_vs_O3p,A064,9,0.9990157261015506
O0_vs_O3p,A064,10,0.999045866627148
O0_vs_O3p,A064,11,0.9988449721065368
O0_vs_O3p,A064,12,0.9981572927038463
O0_vs_O3p,A064,13,0.9983287068422607
O0_vs_O3p,A064,14,0.9985297246344226
O0_vs_O3p,A064,15,0.9982467064671956
O0_vs_O3p,A064,16,0.9991706047064137
O0_vs_O3p,A065,0,0.9645026948755486
O0_vs_O3p,A065,1,0.9966916160881244
O0_vs_O3p,A065,2,0.9986752861092192
O0_vs_O3p,A065,3,0.9993400209573099
O0_vs_O3p,A065,4,0.999226710033792
O0_vs_O3p,A065,5,0.9990254590501335
O0_vs_O3p,A065,6,0.999423453659836
O0_vs_O3p,A065,7,0.9995292051936526
O0_vs_O3p,A065,8,0.9988058083334844
O0_vs_O3p,A065,9,0.9989463428833016
O0_vs_O3p,A065,10,0.9990979214346177
O0_vs_O3p,A065,11,0.9989176845279931
O0_vs_O3p,A065,12,0.9990360998956661
O0_vs_O3p,A065,13,0.9983299952237215
O0_vs_O3p,A065,14,0.9987719354967288
O0_vs_O3p,A065,15,0.9985030979081739
O0_vs_O3p,A065,16,0.9979185586585649
O0_vs_O3p,A065,17,0.998369511857615
O0_vs_O3p,A065,18,0.9988381698372889
O0_vs_O3p,A065,19,0.9979597603628655
O0_vs_O3p,A065,20,0.9991747903516968
O0_vs_O3p,A066,0,0.9645026948755486
O0_vs_O3p,A066,1,0.9966916160881244
O0_vs_O3p,A066,2,0.9986752861092192
O0_vs_O3p,A066,3,0.9993400209573099
O0_vs_O3p,A066,4,0.9993832788999907
O0_vs_O3p,A066,5,0.9990720039876682
O0_vs_O3p,A066,6,0.9993257159391442
O0_vs_O3p,A066,7,0.9994785530466124
O0_vs_O3p,A066,8,0.9996023495002302
O0_vs_O3p,A066,9,0.9993472474878634
O0_vs_O3p,A066,10,0.9990159254310954
O0_vs_O3p,A066,11,0.9991667717431386
O0_vs_O3p,A066,12,0.9994237258740666
O0_vs_O3p,A066,13,0.9994103955598379
O0_vs_O3p,A066,14,0.9989445228131425
O0_vs_O3p,A066,15,0.9992941668287677
O0_vs_O3p,A066,16,0.9987795579307734
O0_vs_O3p,A066,17,0.9988256936859312
O0_vs_O3p,A066,18,0.997976530296792
O0_vs_O3p,A066,19,0.9984283184809128
O0_vs_O3p,A066,20,0.9985800249486394
O0_vs_O3p,A066,21,0.9982335863477612
O0_vs_O3p,A066,22,0.9991663314620373
O0_vs_O3p,A067,0,0.9645026948755486
O0_vs_O3p,A067,1,0.9966916160881244
O0_vs_O3p,A067,2,0.9986752861092192
O0_vs_O3p,A067,3,0.9993400209573099
O0_vs_O3p,A067,4,0.9991588615422783
O0_vs_O3p,A067,5,0.9994167388814591
O0_vs_O3p,A067,6,0.9989885078182238
O0_vs_O3p,A067,7,0.9995190042821511
O0_vs_O3p,A067,8,0.9994819242918126
O0_vs_O3p,A067,9,0.9991039282015791
O0_vs_O3p,A067,10,0.998919703522889
O0_vs_O3p,A067,11,0.9990753551702601
O0_vs_O3p,A067,12,0.9988547496536131
O0_vs_O3p,A067,13,0.9989427704405678
O0_vs_O3p,A067,14,0.9987434507466617
O0_vs_O3p,A067,15,0.997982929353096
O0_vs_O3p,A067,16,0.9981532249926403
O0_vs_O3p,A067,17,0.9987397248458689
O0_vs_O3p,A067,18,0.997948863832929
O0_vs_O3p,A067,19,0.9991573738903744
O0_vs_O3p,A068,0,0.9645026948755486
O0_vs_O3p,A068,1,0.9966916160881244
O0_vs_O3p,A068,2,0.9986752861092192
O0_vs_O3p,A068,3,0.9993400209573099
O0_vs_O3p,A068,4,0.9992133416328456
O0_vs_O3p,A068,5,0.9990914148253877
O0_vs_O3p,A068,6,0.9993508146507318
O0_vs_O3p,A068,7,0.9989179864764239
O0_vs_O3p,A068,8,0.9989882311994674
O0_vs_O3p,A068,9,0.9988978046512269
O0_vs_O3p,A068,10,0.9989304239585097
O0_vs_O3p,A068,11,0.9988327227964154
O0_vs_O3p,A068,12,0.9989553171900805
O0_vs_O3p,A068,13,0.9980515920802563
O0_vs_O3p,A068,14,0.9985201556167836
O0_vs_O3p,A068,15,0.9988001953850842
O0_vs_O3p,A068,16,0.9982825009679753
O0_vs_O3p,A068,17,0.9991686010359007
O0_vs_O3p,A069,0,0.9645026948755486
O0_vs_O3p,A069,1,0.9966916160881244
O0_vs_O3p,A069,2,0.9986752861092192
O0_vs_O3p,A069,3,0.9993400209573099
O0_vs_O3p,A069,4,0.9993858236195612
O0_vs_O3p,A069,5,0.999350991306483
O0_vs_O3p,A069,6,0.9989875116745527
O0_vs_O3p,A069,7,0.999572360092894
O0_vs_O3p,A069,8,0.9990699376488806
O0_vs_O3p,A069,9,0.9991164884319352
O0_vs_O3p,A069,10,0.9990018820058683
O0_vs_O3p,A069,11,0.9989495160410276
O0_vs_O3p,A069,12,0.9989528232386558
O0_vs_O3p,A069,13,0.9989808245733413
O0_vs_O3p,A069,14,0.9987448025080145
O0_vs_O3p,A069,15,0.9980697935419417
O0_vs_O3p,A069,16,0.9981721129113628
O0_vs_O3p,A069,17,0.9988228226998244
O0_vs_O3p,A069,18,0.997913875285957
O0_vs_O3p,A069,19,0.9990528033766991
O0_vs_O3p,A070,0,0.9645026948755486
O0_vs_O3p,A070,1,0.9966916160881244
O0_vs_O3p,A070,2,0.9986752861092192
O0_vs_O3p,A070,3,0.9993400209573099
O0_vs_O3p,A070,4,0.9993060343226905
O0_vs_O3p,A070,5,0.9992396238850003
O0_vs_O3p,A070,6,0.9989736256487763
O0_vs_O3p,A070,7,0.9995070993002407
O0_vs_O3p,A070,8,0.9993270499681018
O0_vs_O3p,A070,9,0.9993045177668718
O0_vs_O3p,A070,10,0.999206537726895
O0_vs_O3p,A070,11,0.9991469602268952
O0_vs_O3p,A070,12,0.9989266033109407
O0_vs_O3p,A070,13,0.9981500821343618
O0_vs_O3p,A070,14,0.9983454120867096
O0_vs_O3p,A070,15,0.998845295489722
O0_vs_O3p,A070,16,0.9980862755392321
O0_vs_O3p,A070,17,0.9990556751444318
O0_vs_O3p,A071,0,0.9645026948755486
O0_vs_O3p,A071,1,0.9966916160881244
O0_vs_O3p,A071,2,0.9986752861092192
O0_vs_O3p,A071,3,0.9991648598005146
O0_vs_O3p,A071,4,0.9991952349293477
O0_vs_O3p,A071,5,0.9993602884729844
O0_vs_O3p,A071,6,0.9992320715771376
O0_vs_O3p,A071,7,0.9993783881535119
O0_vs_O3p,A071,8,0.9992469337910173
O0_vs_O3p,A071,9,0.999496048234176
O0_vs_O3p,A071,10,0.999657713112149
O0_vs_O3p,A071,11,0.9992379687641567
O0_vs_O3p,A071,12,0.9991225894052413
O0_vs_O3p,A071,13,0.9994724941228961
O0_vs_O3p,A071,14,0.9995329886950106
O0_vs_O3p,A071,15,0.9990418846549587
O0_vs_O3p,A071,16,0.9991625734682735
O0_vs_O3p,A071,17,0.999048791649458
O0_vs_O3p,A071,18,0.9991852166961569
O0_vs_O3p,A071,19,0.9990324498594123
O0_vs_O3p,A071,20,0.9988746897554766
O0_vs_O3p,A071,21,0.9992782942147919
O0_vs_O3p,A071,22,0.9992136572077811
O0_vs_O3p,A071,23,0.9991699140386334
O0_vs_O3p,A071,24,0.9989955446640776
O0_vs_O3p,A071,25,0.9986811913872682
O0_vs_O3p,A071,26,0.9988249681623182
O0_vs_O3p,A071,27,0.9992461937838079
O0_vs_O3p,A071,28,0.9992931396242485
O0_vs_O3p,A071,29,0.9989395360687345
O0_vs_O3p,A071,30,0.9988510420987642
O0_vs_O3p,A071,31,0.9993669383364924
O0_vs_O3p,A071,32,0.9994648472762411
O0_vs_O3p,A071,33,0.9991805705187107
O0_vs_O3p,A071,34,0.9991443886219937
O0_vs_O3p,A071,35,0.9993442726751457
O0_vs_O3p,A071,36,0.9990800131850645
O0_vs_O3p,A071,37,0.9989834102732825
O0_vs_O3p,A071,38,0.998867494983559
O0_vs_O3p,A071,39,0.9992091445697086
O0_vs_O3p,A071,40,0.9992241649879203
O0_vs_O3p,A071,41,0.9990488690609268
O0_vs_O3p,A071,42,0.9987681859533692
O0_vs_O3p,A071,43,0.9988726019747061
O0_vs_O3p,A071,44,0.9992638756840087
O0_vs_O3p,A071,45,0.9990431738878888
O0_vs_O3p,A071,46,0.999339243417998
O0_vs_O3p,A071,47,0.999212946809938
O0_vs_O3p,A071,48,0.9990048158065236
O0_vs_O3p,A071,49,0.9991005790586754
O0_vs_O3p,A071,50,0.9989956434612591
O0_vs_O3p,A071,51,0.9987982303295113
O0_vs_O3p,A071,52,0.9985079056021839
O0_vs_O3p,A071,53,0.9991592315358794
O0_vs_O3p,A071,54,0.9988323836720894
O0_vs_O3p,A071,55,0.9988050846929655
O0_vs_O3p,A071,56,0.9989945110550288
O0_vs_O3p,A071,57,0.9972965606810962
O0_vs_O3p,A071,58,0.9988728330786558
O0_vs_O3p,A071,59,0.9988511054337588
O0_vs_O3p,A071,60,0.9978579977443155
O0_vs_O3p,A071,61,0.9985286661467834
O0_vs_O3p,A071,62,0.9973537661799332
O0_vs_O3p,A071,63,0.9984299600687597
O0_vs_O3p,A071,64,0.9992859659791757
O0_vs_O3p,A072,0,0.9645026948755486
O0_vs_O3p,A072,1,0.9966916160881244
O0_vs_O3p,A072,2,0.9986752861092192
O0_vs_O3p,A072,3,0.9993400209573099
O0_vs_O3p,A072,4,0.9993740134151782
O0_vs_O3p,A072,5,0.999265774469628
O0_vs_O3p,A072,6,0.9992781235808504
O0_vs_O3p,A072,7,0.9988783961817822
O0_vs_O3p,A072,8,0.9993396192173689
O0_vs_O3p,A072,9,0.999587406560958
O0_vs_O3p,A072,10,0.9991538125220143
O0_vs_O3p,A072,11,0.9994353529811537
O0_vs_O3p,A072,12,0.9994025293438832
O0_vs_O3p,A072,13,0.999122496433382
O0_vs_O3p,A072,14,0.9990907317668266
O0_vs_O3p,A072,15,0.9991277532353104
O0_vs_O3p,A072,16,0.999071481124333
O0_vs_O3p,A072,17,0.9992257117658618
O0_vs_O3p,A072,18,0.9992481301236515
O0_vs_O3p,A072,19,0.9993800347300424
O0_vs_O3p,A072,20,0.9988680732216821
O0_vs_O3p,A072,21,0.9991255993178344
O0_vs_O3p,A072,22,0.9984742062628819
O0_vs_O3p,A072,23,0.9987537094139403
O0_vs_O3p,A072,24,0.9989438893066745
O0_vs_O3p,A072,25,0.9988950406900678
O0_vs_O3p,A072,26,0.999087215120568
O0_vs_O3p,A072,27,0.9987936734430058
O0_vs_O3p,A072,28,0.9988744184597506
O0_vs_O3p,A072,29,0.9989290196831582
O0_vs_O3p,A072,30,0.9993216060320192
O0_vs_O3p,A072,31,0.9990449660973383
O0_vs_O3p,A072,32,0.9991302493325418
O0_vs_O3p,A072,33,0.9989354431462677
O0_vs_O3p,A072,34,0.9986123815387066
O0_vs_O3p,A072,35,0.9976384444468005
O0_vs_O3p,A072,36,0.9983706702128937
O0_vs_O3p,A072,37,0.9991540801780208
O0_vs_O3p,A072,38,0.9982642486536809
O0_vs_O3p,A072,39,0.9993353201824151
O0_vs_O3p,A073,0,0.9645026948755486
O0_vs_O3p,A073,1,0.9966916160881244
O0_vs_O3p,A073,2,0.9986752861092192
O0_vs_O3p,A073,3,0.9993400209573099
O0_vs_O3p,A073,4,0.999361260065015
O0_vs_O3p,A073,5,0.9991977555638516
O0_vs_O3p,A073,6,0.9991894456819698
O0_vs_O3p,A073,7,0.9990927236388025
O0_vs_O3p,A073,8,0.9988788981630202
O0_vs_O3p,A073,9,0.9993112060956421
O0_vs_O3p,A073,10,0.9989306509075658
O0_vs_O3p,A073,11,0.9992371655163982
O0_vs_O3p,A073,12,0.9994024974665137
O0_vs_O3p,A073,13,0.999355692449519
O0_vs_O3p,A073,14,0.998906841422344
O0_vs_O3p,A073,15,0.9989934102813205
O0_vs_O3p,A073,16,0.9989380926288091
O0_vs_O3p,A073,17,0.9987910390242665
O0_vs_O3p,A073,18,0.9990059948656305
O0_vs_O3p,A073,19,0.9992995646482847
O0_vs_O3p,A073,20,0.9991357714008849
O0_vs_O3p,A073,21,0.9990479445257906
O0_vs_O3p,A073,22,0.9992096251785384
O0_vs_O3p,A073,23,0.9989365391315369
O0_vs_O3p,A073,24,0.9989439277734393
O0_vs_O3p,A073,25,0.9985863122277134
O0_vs_O3p,A073,26,0.9990985742115942
O0_vs_O3p,A073,27,0.9991298995132321
O0_vs_O3p,A073,28,0.9990251118425092
O0_vs_O3p,A073,29,0.9990854235723922
O0_vs_O3p,A073,30,0.9988084888626217
O0_vs_O3p,A073,31,0.9988708984850572
O0_vs_O3p,A073,32,0.9990902228645787
O0_vs_O3p,A073,33,0.9990880240404306
O0_vs_O3p,A073,34,0.9989493516095932
O0_vs_O3p,A073,35,0.9989780969830585
O0_vs_O3p,A073,36,0.9990024357598493
O0_vs_O3p,A073,37,0.9987478121809009
O0_vs_O3p,A073,38,0.9978247206011073
O0_vs_O3p,A073,39,0.9984691973100667
O0_vs_O3p,A073,40,0.9987815703081553
O0_vs_O3p,A073,41,0.9984422442079222
O0_vs_O3p,A073,42,0.9991478101938226
O0_vs_O3p,A074,0,0.9645026948755486
O0_vs_O3p,A074,1,0.9966916160881244
O0_vs_O3p,A074,2,0.9986752861092192
O0_vs_O3p,A074,3,0.9993400209573099
O0_vs_O3p,A074,4,0.9992952622340239
O0_vs_O3p,A074,5,0.9989884684943084
O0_vs_O3p,A074,6,0.9992434290876759
O0_vs_O3p,A074,7,0.9993167866555998
O0_vs_O3p,A074,8,0.9995714241534055
O0_vs_O3p,A074,9,0.9991933308726397
O0_vs_O3p,A074,10,0.9991094766506268
O0_vs_O3p,A074,11,0.9990639136420255
O0_vs_O3p,A074,12,0.9989212843738653
O0_vs_O3p,A074,13,0.9988410130982489
O0_vs_O3p,A074,14,0.9991310157795796
O0_vs_O3p,A074,15,0.9991737645332054
O0_vs_O3p,A074,16,0.9988454254900848
O0_vs_O3p,A074,17,0.9988239991837645
O0_vs_O3p,A074,18,0.9989387152537642
O0_vs_O3p,A074,19,0.9986757642235604
O0_vs_O3p,A074,20,0.9989458080641678
O0_vs_O3p,A074,21,0.9987597708150641
O0_vs_O3p,A074,22,0.9991663237788214
O0_vs_O3p,A074,23,0.999116145035649
O0_vs_O3p,A074,24,0.9991801922522113
O0_vs_O3p,A074,25,0.9988032084825705
O0_vs_O3p,A074,26,0.9990055284975808
O0_vs_O3p,A074,27,0.998876278226147
O0_vs_O3p,A074,28,0.999016974255099
O0_vs_O3p,A074,29,0.9987618874520672
O0_vs_O3p,A074,30,0.9989033243854366
O0_vs_O3p,A074,31,0.9990684051565328
O0_vs_O3p,A074,32,0.998596281186049
O0_vs_O3p,A074,33,0.9986801552647424
O0_vs_O3p,A074,34,0.997843756817809
O0_vs_O3p,A074,35,0.9984625124565043
O0_vs_O3p,A074,36,0.998709195564175
O0_vs_O3p,A074,37,0.9982754316357954
O0_vs_O3p,A074,38,0.9991836092931126
O0_vs_O3p,A075,0,0.9645026948755486
O0_vs_O3p,A075,1,0.9966916160881244
O0_vs_O3p,A075,2,0.9986752861092192
O0_vs_O3p,A075,3,0.9991648598005146
O0_vs_O3p,A075,4,0.9990435422957931
O0_vs_O3p,A075,5,0.9991879733133092
O0_vs_O3p,A075,6,0.9990903463475999
O0_vs_O3p,A075,7,0.9995359224008783
O0_vs_O3p,A075,8,0.9996590003098459
O0_vs_O3p,A075,9,0.9993661101896724
O0_vs_O3p,A075,10,0.9992412351122462
O0_vs_O3p,A075,11,0.9991688021121308
O0_vs_O3p,A075,12,0.9990250715912112
O0_vs_O3p,A075,13,0.9988309977213999
O0_vs_O3p,A075,14,0.999010051135196
O0_vs_O3p,A075,15,0.9989730160299775
O0_vs_O3p,A075,16,0.9995182156313921
O0_vs_O3p,A075,17,0.9989965438520386
O0_vs_O3p,A075,18,0.9987514624421189
O0_vs_O3p,A075,19,0.9992438998664583
O0_vs_O3p,A075,20,0.9990464432771056
O0_vs_O3p,A075,21,0.9989495013247776
O0_vs_O3p,A075,22,0.9988591923299572
O0_vs_O3p,A075,23,0.999118001121375
O0_vs_O3p,A075,24,0.9988712442058082
O0_vs_O3p,A075,25,0.9988710274630664
O0_vs_O3p,A075,26,0.9989993422142832
O0_vs_O3p,A075,27,0.9990423328007497
O0_vs_O3p,A075,28,0.9991394238611944
O0_vs_O3p,A075,29,0.9993439635067144
O0_vs_O3p,A075,30,0.9991698233405532
O0_vs_O3p,A075,31,0.9988859171038319
O0_vs_O3p,A075,32,0.998802429309666
O0_vs_O3p,A075,33,0.9976248094681037
O0_vs_O3p,A075,34,0.998264296198147
O0_vs_O3p,A075,35,0.9987370012411717
O0_vs_O3p,A075,36,0.9982029168939477
O0_vs_O3p,A075,37,0.9991901930100722
O0_vs_O3p,A076,0,0.9645026948755486
O0_vs_O3p,A076,1,0.9966916160881244
O0_vs_O3p,A076,2,0.9986752861092192
O0_vs_O3p,A076,3,0.9993400209573099
O0_vs_O3p,A076,4,0.9994621719315833
O0_vs_O3p,A076,5,0.9993911065187308
O0_vs_O3p,A076,6,0.9989515639432591
O0_vs_O3p,A076,7,0.9992746525408467
O0_vs_O3p,A076,8,0.9994073368704861
O0_vs_O3p,A076,9,0.9993859579587661
O0_vs_O3p,A076,10,0.9989122115922596
O0_vs_O3p,A076,11,0.9990770430660361
O0_vs_O3p,A076,12,0.998770472022333
O0_vs_O3p,A076,13,0.9986685083803812
O0_vs_O3p,A076,14,0.9980931059767928
O0_vs_O3p,A076,15,0.998962034631385
O0_vs_O3p,A076,16,0.9988427920804557
O0_vs_O3p,A076,17,0.9986337693207361
O0_vs_O3p,A076,18,0.9991673987462504
O0_vs_O3p,A076,19,0.999352878308513
O0_vs_O3p,A076,20,0.9991293950208799
O0_vs_O3p,A076,21,0.9991391051533395
O0_vs_O3p,A076,22,0.9990935847321925
O0_vs_O3p,A076,23,0.9989541241427986
O0_vs_O3p,A076,24,0.9991402738186825
O0_vs_O3p,A076,25,0.9992918017711377
O0_vs_O3p,A076,26,0.9991161251728948
O0_vs_O3p,A076,27,0.9994029990589134
O0_vs_O3p,A076,28,0.9991079906180541
O0_vs_O3p,A076,29,0.9986371672779211
O0_vs_O3p,A076,30,0.9989459594075059
O0_vs_O3p,A076,31,0.9992062776635693
O0_vs_O3p,A076,32,0.9987269678770186
O0_vs_O3p,A076,33,0.99878381824411
O0_vs_O3p,A076,34,0.9979124071889415
O0_vs_O3p,A076,35,0.9984847192082944
O0_vs_O3p,A076,36,0.9988313585460165
O0_vs_O3p,A076,37,0.9982837286619609
O0_vs_O3p,A076,38,0.9990158652507254
O0_vs_O3p,A077,0,0.9645026948755486
O0_vs_O3p,A077,1,0.9966916160881244
O0_vs_O3p,A077,2,0.9986752861092192
O0_vs_O3p,A077,3,0.9993400209573099
O0_vs_O3p,A077,4,0.9993788559882256
O0_vs_O3p,A077,5,0.9995120048876682
O0_vs_O3p,A077,6,0.9992624804129462
O0_vs_O3p,A077,7,0.9992781638084036
O0_vs_O3p,A077,8,0.99936332946551
O0_vs_O3p,A077,9,0.9990496613007814
O0_vs_O3p,A077,10,0.9990889647931309
O0_vs_O3p,A077,11,0.9992851126937953
O0_vs_O3p,A077,12,0.9989193980283866
O0_vs_O3p,A077,13,0.9992309297131314
O0_vs_O3p,A077,14,0.9992681723312289
O0_vs_O3p,A077,15,0.9991968216833942
O0_vs_O3p,A077,16,0.999170099099996
O0_vs_O3p,A077,17,0.9989365620131583
O0_vs_O3p,A077,18,0.9990980745241531
O0_vs_O3p,A077,19,0.9989078474987781
O0_vs_O3p,A077,20,0.9992884735060763
O0_vs_O3p,A077,21,0.9993437745194903
O0_vs_O3p,A077,22,0.9988688745965135
O0_vs_O3p,A077,23,0.9991794340778678
O0_vs_O3p,A077,24,0.9994820633813295
O0_vs_O3p,A077,25,0.9985718763133131
O0_vs_O3p,A077,26,0.999178382004043
O0_vs_O3p,A077,27,0.9989474043044487
O0_vs_O3p,A077,28,0.9987502519264915
O0_vs_O3p,A077,29,0.9987777838788024
O0_vs_O3p,A077,30,0.9992078347390237
O0_vs_O3p,A077,31,0.9992294759629211
O0_vs_O3p,A077,32,0.9989063203759919
O0_vs_O3p,A077,33,0.9988488679264277
O0_vs_O3p,A077,34,0.9978658341911982
O0_vs_O3p,A077,35,0.9985344178816908
O0_vs_O3p,A077,36,0.9986196019249144
O0_vs_O3p,A077,37,0.9981908021085167
O0_vs_O3p,A077,38,0.9991892849009048
O0_vs_O3p,A078,0,0.9645026948755486
O0_vs_O3p,A078,1,0.9966916160881244
O0_vs_O3p,A078,2,0.9986752861092192
O0_vs_O3p,A078,3,0.9993400209573099
O0_vs_O3p,A078,4,0.9993740134151782
O0_vs_O3p,A078,5,0.9989785547528965
O0_vs_O3p,A078,6,0.9995133994458586
O0_vs_O3p,A078,7,0.9994805435807605
O0_vs_O3p,A078,8,0.9994777685936778
O0_vs_O3p,A078,9,0.9991753204279625
O0_vs_O3p,A078,10,0.9990578611280099
O0_vs_O3p,A078,11,0.999002175732704
O0_vs_O3p,A078,12,0.9992295653435509
O0_vs_O3p,A078,13,0.9988997507284171
O0_vs_O3p,A078,14,0.9991069211068014
O0_vs_O3p,A078,15,0.9992297860069087
O0_vs_O3p,A078,16,0.9989261091906442
O0_vs_O3p,A078,17,0.9988648286576041
O0_vs_O3p,A078,18,0.9990346708214894
O0_vs_O3p,A078,19,0.9986215655028254
O0_vs_O3p,A078,20,0.9987941625494963
O0_vs_O3p,A078,21,0.9991847903924348
O0_vs_O3p,A078,22,0.99901975916173
O0_vs_O3p,A078,23,0.9988378614690158
O0_vs_O3p,A078,24,0.9989062775989395
O0_vs_O3p,A078,25,0.9993163905436754
O0_vs_O3p,A078,26,0.9993042427694927
O0_vs_O3p,A078,27,0.9992171524158048
O0_vs_O3p,A078,28,0.9991768267165084
O0_vs_O3p,A078,29,0.9988309592516468
O0_vs_O3p,A078,30,0.9986685294021047
O0_vs_O3p,A078,31,0.9979241992751502
O0_vs_O3p,A078,32,0.9984781227706665
O0_vs_O3p,A078,33,0.9984202483863868
O0_vs_O3p,A078,34,0.998463312726784
O0_vs_O3p,A078,35,0.9995847910142771
O0_vs_O3p,A079,0,0.9645026948755486
O0_vs_O3p,A079,1,0.9966916160881244
O0_vs_O3p,A079,2,0.9986752861092192
O0_vs_O3p,A079,3,0.9993400209573099
O0_vs_O3p,A079,4,0.9993049101524999
O0_vs_O3p,A079,5,0.9990046325856303
O0_vs_O3p,A079,6,0.9995533323031072
O0_vs_O3p,A079,7,0.9994635490692099
O0_vs_O3p,A079,8,0.9992687670398455
O0_vs_O3p,A079,9,0.9987902447751473
O0_vs_O3p,A079,10,0.9991767638129468
O0_vs_O3p,A079,11,0.9990946995464289
O0_vs_O3p,A079,12,0.9996739116643103
O0_vs_O3p,A079,13,0.9990272237506135
O0_vs_O3p,A079,14,0.9991034413360934
O0_vs_O3p,A079,15,0.9984511108969432
O0_vs_O3p,A079,16,0.9986581786866874
O0_vs_O3p,A079,17,0.9988879427245082
O0_vs_O3p,A079,18,0.9987380177274525
O0_vs_O3p,A079,19,0.9987736929307065
O0_vs_O3p,A079,20,0.9987893529924613
O0_vs_O3p,A079,21,0.9987258530912537
O0_vs_O3p,A079,22,0.998866020757886
O0_vs_O3p,A079,23,0.9992727625701323
O0_vs_O3p,A079,24,0.9990597068794956
O0_vs_O3p,A079,25,0.9992395078800437
O0_vs_O3p,A079,26,0.9989233721673907
O0_vs_O3p,A079,27,0.9990545949483347
O0_vs_O3p,A079,28,0.9991782252057718
O0_vs_O3p,A079,29,0.9989579242244319
O0_vs_O3p,A079,30,0.9989172030052118
O0_vs_O3p,A079,31,0.9986407042024485
O0_vs_O3p,A079,32,0.9979461463012284
O0_vs_O3p,A079,33,0.9985530971768304
O0_vs_O3p,A079,34,0.997151394291268
O0_vs_O3p,A079,35,0.9982714994946955
O0_vs_O3p,A079,36,0.9991293888338819
O0_vs_O3p,A080,0,0.9645026948755486
O0_vs_O3p,A080,1,0.9966916160881244
O0_vs_O3p,A080,2,0.9986752861092192
O0_vs_O3p,A080,3,0.9993400209573099
O0_vs_O3p,A080,4,0.9993118498013341
O0_vs_O3p,A080,5,0.9991755910989674
O0_vs_O3p,A080,6,0.999131119118439
O0_vs_O3p,A080,7,0.9996633606290021
O0_vs_O3p,A080,8,0.9989636917043984
O0_vs_O3p,A080,9,0.9992143502841645
O0_vs_O3p,A080,10,0.9992181527679161
O0_vs_O3p,A080,11,0.9992481673908862
O0_vs_O3p,A080,12,0.9988003931445956
O0_vs_O3p,A080,13,0.9990631439951317
O0_vs_O3p,A080,14,0.9988072306465222
O0_vs_O3p,A080,15,0.9986834501878912
O0_vs_O3p,A080,16,0.9985389563267365
O0_vs_O3p,A080,17,0.9989675218434957
O0_vs_O3p,A080,18,0.9988344206874814
O0_vs_O3p,A080,19,0.9988833393059878
O0_vs_O3p,A080,20,0.9990477192879513
O0_vs_O3p,A080,21,0.9989001248961317
O0_vs_O3p,A080,22,0.99893178899655
O0_vs_O3p,A080,23,0.9987684405621217
O0_vs_O3p,A080,24,0.9989198694146209
O0_vs_O3p,A080,25,0.9992165520633316
O0_vs_O3p,A080,26,0.9991157510938087
O0_vs_O3p,A080,27,0.9989748908080982
O0_vs_O3p,A080,28,0.9987196559156233
O0_vs_O3p,A080,29,0.9987309652873804
O0_vs_O3p,A080,30,0.9977340133568777
O0_vs_O3p,A080,31,0.9986651034502829
O0_vs_O3p,A080,32,0.9985594957359768
O0_vs_O3p,A080,33,0.9983316848320813
O0_vs_O3p,A080,34,0.9992004468542992
O0_vs_O3p,A081,0,0.9645026948755486
O0_vs_O3p,A081,1,0.9966916160881244
O0_vs_O3p,A081,2,0.9986752861092192
O0_vs_O3p,A081,3,0.9993400209573099
O0_vs_O3p,A081,4,0.9993628977271084
O0_vs_O3p,A081,5,0.9992680956032308
O0_vs_O3p,A081,6,0.9989765723699523
O0_vs_O3p,A081,7,0.9994068676570218
O0_vs_O3p,A081,8,0.9992376720370605
O0_vs_O3p,A081,9,0.999052470003922
O0_vs_O3p,A081,10,0.9995001071514754
O0_vs_O3p,A081,11,0.9993682699066693
O0_vs_O3p,A081,12,0.9989964194757577
O0_vs_O3p,A081,13,0.9992915647361903
O0_vs_O3p,A081,14,0.9991032582125571
O0_vs_O3p,A081,15,0.9990016143774252
O0_vs_O3p,A081,16,0.9994010310714556
O0_vs_O3p,A081,17,0.9992101674136754
O0_vs_O3p,A081,18,0.9990956584754636
O0_vs_O3p,A081,19,0.9990803857630896
O0_vs_O3p,A081,20,0.9985464590371678
O0_vs_O3p,A081,21,0.9977563354012042
O0_vs_O3p,A081,22,0.9982300986945869
O0_vs_O3p,A081,23,0.9984153683223799
O0_vs_O3p,A081,24,0.9984155932377676
O0_vs_O3p,A081,25,0.9990121285654736
O0_vs_O3p,A082,0,0.9645026948755486
O0_vs_O3p,A082,1,0.9966916160881244
O0_vs_O3p,A082,2,0.9986752861092192
O0_vs_O3p,A082,3,0.9993400209573099
O0_vs_O3p,A082,4,0.9991753567655524
O0_vs_O3p,A082,5,0.9991098597094598
O0_vs_O3p,A082,6,0.9994098787343628
O0_vs_O3p,A082,7,0.999257550406363
O0_vs_O3p,A082,8,0.9997223753193069
O0_vs_O3p,A082,9,0.9998445141155644
O0_vs_O3p,A082,10,0.9995451197316338
O0_vs_O3p,A082,11,0.9996932443802541
O0_vs_O3p,A082,12,0.9990983880884632
O0_vs_O3p,A082,13,0.9991924967381611
O0_vs_O3p,A082,14,0.9995892482445882
O0_vs_O3p,A082,15,0.9991400911014219
O0_vs_O3p,A082,16,0.9990326997328743
O0_vs_O3p,A082,17,0.9993165510792063
O0_vs_O3p,A082,18,0.9993852152476784
O0_vs_O3p,A082,19,0.9991082233775869
O0_vs_O3p,A082,20,0.9989545748387182
O0_vs_O3p,A082,21,0.9985506466526235
O0_vs_O3p,A082,22,0.9978493947615978
O0_vs_O3p,A082,23,0.9982741781683606
O0_vs_O3p,A082,24,0.998708666554188
O0_vs_O3p,A082,25,0.9984572508675291
O0_vs_O3p,A082,26,0.9990041148819375
O0_vs_O3p,A083,0,0.9645026948755486
O0_vs_O3p,A083,1,0.9966916160881244
O0_vs_O3p,A083,2,0.9986752861092192
O0_vs_O3p,A083,3,0.9993400209573099
O0_vs_O3p,A083,4,0.9993977579169858
O0_vs_O3p,A083,5,0.9989513507482336
O0_vs_O3p,A083,6,0.998873939701428
O0_vs_O3p,A083,7,0.9981478312425525
O0_vs_O3p,A083,8,0.9988650333162492
O0_vs_O3p,A083,9,0.9991516139199347
O0_vs_O3p,A083,10,0.9994938601758989
O0_vs_O3p,A083,11,0.9992949124010096
O0_vs_O3p,A083,12,0.9995463515578096
O0_vs_O3p,A083,13,0.9992695780048731
O0_vs_O3p,A083,14,0.9991748064049032
O0_vs_O3p,A083,15,0.9988582942911644
O0_vs_O3p,A083,16,0.9992581600612314
O0_vs_O3p,A083,17,0.9990529104289835
O0_vs_O3p,A083,18,0.9987529216758095
O0_vs_O3p,A083,19,0.9991417792287068
O0_vs_O3p,A083,20,0.9987717889986598
O0_vs_O3p,A083,21,0.9986472700523416
O0_vs_O3p,A083,22,0.998481864569538
O0_vs_O3p,A083,23,0.997871776801857
O0_vs_O3p,A083,24,0.9982521683892833
O0_vs_O3p,A083,25,0.998792004050346
O0_vs_O3p,A083,26,0.998366688591601
O0_vs_O3p,A083,27,0.999266368549797
O0_vs_O3p,A084,0,0.9645026948755486
O0_vs_O3p,A084,1,0.9966916160881244
O0_vs_O3p,A084,2,0.9986752861092192
O0_vs_O3p,A084,3,0.9993400209573099
O0_vs_O3p,A084,4,0.9994621719315833
O0_vs_O3p,A084,5,0.9991052276474602
O0_vs_O3p,A084,6,0.9993342218319266
O0_vs_O3p,A084,7,0.9994974278247952
O0_vs_O3p,A084,8,0.9993189042594721
O0_vs_O3p,A084,9,0.9989981781822999
O0_vs_O3p,A084,10,0.9991270225393533
O0_vs_O3p,A084,11,0.9993589327646697
O0_vs_O3p,A084,12,0.9994508218382114
O0_vs_O3p,A084,13,0.9993340754173909
O0_vs_O3p,A084,14,0.9991031053654009
O0_vs_O3p,A084,15,0.9992679699562682
O0_vs_O3p,A084,16,0.9991880208674592
O0_vs_O3p,A084,17,0.9990536577373755
O0_vs_O3p,A084,18,0.9993021490445462
O0_vs_O3p,A084,19,0.9987314918683095
O0_vs_O3p,A084,20,0.9980375117179567
O0_vs_O3p,A084,21,0.9985214367564136
O0_vs_O3p,A084,22,0.9988794975975138
O0_vs_O3p,A084,23,0.9984012631030157
O0_vs_O3p,A084,24,0.9989485977294518
O0_vs_O3p,A085,0,0.9645026948755486
O0_vs_O3p,A085,1,0.9966916160881244
O0_vs_O3p,A085,2,0.9986752861092192
O0_vs_O3p,A085,3,0.9993400209573099
O0_vs_O3p,A085,4,0.9991911310123226
O0_vs_O3p,A085,5,0.9989682924831319
O0_vs_O3p,A085,6,0.9992149999054096
O0_vs_O3p,A085,7,0.9994110778911728
O0_vs_O3p,A085,8,0.9992190254299342
O0_vs_O3p,A085,9,0.999550809827142
O0_vs_O3p,A085,10,0.9994521361047543
O0_vs_O3p,A085,11,0.9993508421609337
O0_vs_O3p,A085,12,0.9994734587770359
O0_vs_O3p,A085,13,0.9995726432510986
O0_vs_O3p,A085,14,0.9992622279020333
O0_vs_O3p,A085,15,0.9992454444095232
O0_vs_O3p,A085,16,0.9994582206721809
O0_vs_O3p,A085,17,0.9992929740450176
O0_vs_O3p,A085,18,0.9993032197389875
O0_vs_O3p,A085,19,0.9986012522455997
O0_vs_O3p,A085,20,0.9980667094442626
O0_vs_O3p,A085,21,0.9982573741456665
O0_vs_O3p,A085,22,0.998969689318474
O0_vs_O3p,A085,23,0.9987475371750673
O0_vs_O3p,A085,24,0.9994430210651214
O0_vs_O3p,A086,0,0.9645026948755486
O0_vs_O3p,A086,1,0.9966916160881244
O0_vs_O3p,A086,2,0.9986752861092192
O0_vs_O3p,A086,3,0.9993400209573099
O0_vs_O3p,A086,4,0.9993115090002908
O0_vs_O3p,A086,5,0.9990854176216127
O0_vs_O3p,A086,6,0.9990701247730184
O0_vs_O3p,A086,7,0.9994763125992848
O0_vs_O3p,A086,8,0.9994814903315511
O0_vs_O3p,A086,9,0.9994601010028721
O0_vs_O3p,A086,10,0.9993289693133578
O0_vs_O3p,A086,11,0.9995628618657135
O0_vs_O3p,A086,12,0.9997024742400505
O0_vs_O3p,A086,13,0.9995937055729528
O0_vs_O3p,A086,14,0.9994844925602275
O0_vs_O3p,A086,15,0.999449351923329
O0_vs_O3p,A086,16,0.9986921393328463
O0_vs_O3p,A086,17,0.9981440183623927
O0_vs_O3p,A086,18,0.9985138217231209
O0_vs_O3p,A086,19,0.9989567318812274
O0_vs_O3p,A086,20,0.9981157055033387
O0_vs_O3p,A086,21,0.9989445369497423
O0_vs_O3p,A087,0,0.9645026948755486
O0_vs_O3p,A087,1,0.9966916160881244
O0_vs_O3p,A087,2,0.9986752861092192
O0_vs_O3p,A087,3,0.9993400209573099
O0_vs_O3p,A087,4,0.9992589246360761
O0_vs_O3p,A087,5,0.9990329784785472
O0_vs_O3p,A087,6,0.9993154755640767
O0_vs_O3p,A087,7,0.9990243383951624
O0_vs_O3p,A087,8,0.9988461835427428
O0_vs_O3p,A087,9,0.9984223456062798
O0_vs_O3p,A087,10,0.9991938756805472
O0_vs_O3p,A087,11,0.9989905119074808
O0_vs_O3p,A087,12,0.9991108327266526
O0_vs_O3p,A087,13,0.9990038366147572
O0_vs_O3p,A087,14,0.9993853724196825
O0_vs_O3p,A087,15,0.9992266113358911
O0_vs_O3p,A087,16,0.9985512071905892
O0_vs_O3p,A087,17,0.9979284447266177
O0_vs_O3p,A087,18,0.9983446328760831
O0_vs_O3p,A087,19,0.9981676576384712
O0_vs_O3p,A087,20,0.9982197661956514
O0_vs_O3p,A087,21,0.9990134288478383
O0_vs_O3p,A088,0,0.9645026948755486
O0_vs_O3p,A088,1,0.9966916160881244
O0_vs_O3p,A088,2,0.9986752861092192
O0_vs_O3p,A088,3,0.9993400209573099
O0_vs_O3p,A088,4,0.999247352626128
O0_vs_O3p,A088,5,0.9990971891221043
O0_vs_O3p,A088,6,0.999370883125759
O0_vs_O3p,A088,7,0.9990651982075828
O0_vs_O3p,A088,8,0.9991855528555637
O0_vs_O3p,A088,9,0.9997287841150955
O0_vs_O3p,A088,10,0.9997188881269786
O0_vs_O3p,A088,11,0.9993324083326893
O0_vs_O3p,A088,12,0.9991483793936198
O0_vs_O3p,A088,13,0.9988507783711728
O0_vs_O3p,A088,14,0.9992536024515857
O0_vs_O3p,A088,15,0.9991866681191711
O0_vs_O3p,A088,16,0.9989557933183243
O0_vs_O3p,A088,17,0.9989726258655092
O0_vs_O3p,A088,18,0.9987557579413041
O0_vs_O3p,A088,19,0.9978067502766309
O0_vs_O3p,A088,20,0.9980417659988984
O0_vs_O3p,A088,21,0.9989784985575446
O0_vs_O3p,A088,22,0.9983554762999886
O0_vs_O3p,A088,23,0.9992227570881945
O0_vs_O3p,A089,0,0.9645026948755486
O0_vs_O3p,A089,1,0.9966916160881244
O0_vs_O3p,A089,2,0.9986752861092192
O0_vs_O3p,A089,3,0.9993400209573099
O0_vs_O3p,A089,4,0.9992709727267235
O0_vs_O3p,A089,5,0.9991221878204836
O0_vs_O3p,A089,6,0.9992979501422539
O0_vs_O3p,A089,7,0.9990531567816543
O0_vs_O3p,A089,8,0.9991766811656656
O0_vs_O3p,A089,9,0.9989897597662911
O0_vs_O3p,A089,10,0.9989820943964214
O0_vs_O3p,A089,11,0.9991978340803533
O0_vs_O3p,A089,12,0.9993471201959993
O0_vs_O3p,A089,13,0.9994114283706543
O0_vs_O3p,A089,14,0.999170381722232
O0_vs_O3p,A089,15,0.9994852591713589
O0_vs_O3p,A089,16,0.9991810763388737
O0_vs_O3p,A089,17,0.998921492449181
O0_vs_O3p,A089,18,0.9992425622560992
O0_vs_O3p,A089,19,0.9989838184982172
O0_vs_O3p,A089,20,0.9985049552415467
O0_vs_O3p,A089,21,0.9979393635294793
O0_vs_O3p,A089,22,0.9981357803179217
O0_vs_O3p,A089,23,0.9987802855486175
O0_vs_O3p,A089,24,0.9984018239046638
O0_vs_O3p,A089,25,0.9989664431372597
O0_vs_O3p,A090,0,0.9645026948755486
O0_vs_O3p,A090,1,0.9966916160881244
O0_vs_O3p,A090,2,0.9986752861092192
O0_vs_O3p,A090,3,0.9993400209573099
O0_vs_O3p,A090,4,0.9988485653706198
O0_vs_O3p,A090,5,0.9988231806071439
O0_vs_O3p,A090,6,0.9992135445443728
O0_vs_O3p,A090,7,0.9991625261250833
O0_vs_O3p,A090,8,0.9987397079796859
O0_vs_O3p,A090,9,0.9990071698078924
O0_vs_O3p,A090,10,0.998548620022058
O0_vs_O3p,A090,11,0.9990500015596249
O0_vs_O3p,A090,12,0.9993469823930606
O0_vs_O3p,A090,13,0.9991726078961842
O0_vs_O3p,A090,14,0.9996449665189996
O0_vs_O3p,A090,15,0.9991235355556624
O0_vs_O3p,A090,16,0.9992304245627487
O0_vs_O3p,A090,17,0.9990627301953567
O0_vs_O3p,A090,18,0.9992866933597534
O0_vs_O3p,A090,19,0.9993190750274658
O0_vs_O3p,A090,20,0.9991764979074457
O0_vs_O3p,A090,21,0.9992167539497433
O0_vs_O3p,A090,22,0.9991612927383152
O0_vs_O3p,A090,23,0.9986223894585377
O0_vs_O3p,A090,24,0.9980369579465327
O0_vs_O3p,A090,25,0.9984544939915043
O0_vs_O3p,A090,26,0.9989576177622743
O0_vs_O3p,A090,27,0.9981500944437997
O0_vs_O3p,A090,28,0.9987650807513431
O0_vs_O3p,A091,0,0.9645026948755486
O0_vs_O3p,A091,1,0.9966916160881244
O0_vs_O3p,A091,2,0.9986752861092192
O0_vs_O3p,A091,3,0.9995483514697415
O0_vs_O3p,A091,4,0.9992384453702327
O0_vs_O3p,A091,5,0.9992376474870053
O0_vs_O3p,A091,6,0.9986850508107921
O0_vs_O3p,A091,7,0.9989521120827548
O0_vs_O3p,A091,8,0.9992451690319465
O0_vs_O3p,A091,9,0.9989659387659063
O0_vs_O3p,A091,10,0.9987577943843244
O0_vs_O3p,A091,11,0.9988900132908327
O0_vs_O3p,A091,12,0.9987155957791143
O0_vs_O3p,A091,13,0.9989682650791115
O0_vs_O3p,A091,14,0.9983759270471797
O0_vs_O3p,A091,15,0.998971781670295
O0_vs_O3p,A091,16,0.9984905623082512
O0_vs_O3p,A091,17,0.9978323005226739
O0_vs_O3p,A091,18,0.9981751449157937
O0_vs_O3p,A091,19,0.9988569356504482
O0_vs_O3p,A091,20,0.9984772751515675
O0_vs_O3p,A091,21,0.9986394156141726
O0_vs_O3p,A092,0,0.9645026948755486
O0_vs_O3p,A092,1,0.9966916160881244
O0_vs_O3p,A092,2,0.9986752861092192
O0_vs_O3p,A092,3,0.9995483514697415
O0_vs_O3p,A092,4,0.9992400366129832
O0_vs_O3p,A092,5,0.9991777629399734
O0_vs_O3p,A092,6,0.9990841779091217
O0_vs_O3p,A092,7,0.9990654569507568
O0_vs_O3p,A092,8,0.9986278907777868
O0_vs_O3p,A092,9,0.9991721886880521
O0_vs_O3p,A092,10,0.9991714995183052
O0_vs_O3p,A092,11,0.9992932676364034
O0_vs_O3p,A092,12,0.9992664408528101
O0_vs_O3p,A092,13,0.9990605521822669
O0_vs_O3p,A092,14,0.9989087278096208
O0_vs_O3p,A092,15,0.9989434838869296
O0_vs_O3p,A092,16,0.9991727066633224
O0_vs_O3p,A092,17,0.9991312094783229
O0_vs_O3p,A092,18,0.9991940748973728
O0_vs_O3p,A092,19,0.9984388507424483
O0_vs_O3p,A092,20,0.9988847383284534
O0_vs_O3p,A092,21,0.9985469697110955
O0_vs_O3p,A092,22,0.9988452704632983
O0_vs_O3p,A092,23,0.9989480796143051
O0_vs_O3p,A092,24,0.9993547114020819
O0_vs_O3p,A092,25,0.9992117633273266
O0_vs_O3p,A092,26,0.9989602455028265
O0_vs_O3p,A092,27,0.9991459434391018
O0_vs_O3p,A092,28,0.9984882058760793
O0_vs_O3p,A092,29,0.9976936923852704
O0_vs_O3p,A092,30,0.9980945984531
O0_vs_O3p,A092,31,0.9978175183988809
O0_vs_O3p,A092,32,0.9986484543285801
O0_vs_O3p,A092,33,0.9992139053595569
O0_vs_O3p,A093,0,0.9645026948755486
O0_vs_O3p,A093,1,0.9966916160881244
O0_vs_O3p,A093,2,0.9986752861092192
O0_vs_O3p,A093,3,0.999555062148877
O0_vs_O3p,A093,4,0.9994807190119609
O0_vs_O3p,A093,5,0.9989595305247078
O0_vs_O3p,A093,6,0.9987833643420816
O0_vs_O3p,A093,7,0.9993222797135914
O0_vs_O3p,A093,8,0.9994272687825752
O0_vs_O3p,A093,9,0.9994329665475279
O0_vs_O3p,A093,10,0.9991497113361879
O0_vs_O3p,A093,11,0.9994784142868224
O0_vs_O3p,A093,12,0.999165288297428
O0_vs_O3p,A093,13,0.9989581109656763
O0_vs_O3p,A093,14,0.9992207660931985
O0_vs_O3p,A093,15,0.9990614292721864
O0_vs_O3p,A093,16,0.9989024004637622
O0_vs_O3p,A093,17,0.9985757894555064
O0_vs_O3p,A093,18,0.9978799096485635
O0_vs_O3p,A093,19,0.9982595837699898
O0_vs_O3p,A093,20,0.9982962658224317
O0_vs_O3p,A093,21,0.9986611546128263
O0_vs_O3p,A093,22,0.9987595832832443
O0_vs_O3p,A094,0,0.9645026948755486
O0_vs_O3p,A094,1,0.9966916160881244
O0_vs_O3p,A094,2,0.9986752861092192
O0_vs_O3p,A094,3,0.9995844147071745
O0_vs_O3p,A094,4,0.9991964981813096
O0_vs_O3p,A094,5,0.9991886572460732
O0_vs_O3p,A094,6,0.999410136751701
O0_vs_O3p,A094,7,0.9992353323036219
O0_vs_O3p,A094,8,0.9989715528411417
O0_vs_O3p,A094,9,0.9993408440662461
O0_vs_O3p,A094,10,0.9990563600067423
O0_vs_O3p,A094,11,0.9990340221512503
O0_vs_O3p,A094,12,0.9989991455836864
O0_vs_O3p,A094,13,0.999241253716069
O0_vs_O3p,A094,14,0.9991987905822216
O0_vs_O3p,A094,15,0.9991554300003201
O0_vs_O3p,A094,16,0.9992504854550707
O0_vs_O3p,A094,17,0.9990716848743397
O0_vs_O3p,A094,18,0.9987846401123147
O0_vs_O3p,A094,19,0.9979092225904542
O0_vs_O3p,A094,20,0.9982280339575516
O0_vs_O3p,A094,21,0.9984753920097093
O0_vs_O3p,A094,22,0.9986775219095508
O0_vs_O3p,A094,23,0.9990143214706017
O0_vs_O3p,A095,0,0.9645026948755486
O0_vs_O3p,A095,1,0.9966916160881244
O0_vs_O3p,A095,2,0.9986752861092192
O0_vs_O3p,A095,3,0.9995483514697415
O0_vs_O3p,A095,4,0.9992523535548538
O0_vs_O3p,A095,5,0.9987360638977031
O0_vs_O3p,A095,6,0.99914163225508
O0_vs_O3p,A095,7,0.9988615931014174
O0_vs_O3p,A095,8,0.9992809172750171
O0_vs_O3p,A095,9,0.9993322779252314
O0_vs_O3p,A095,10,0.9987037238670253
O0_vs_O3p,A095,11,0.9994720509727293
O0_vs_O3p,A095,12,0.9993500573495754
O0_vs_O3p,A095,13,0.9991602532525679
O0_vs_O3p,A095,14,0.9992820415266906
O0_vs_O3p,A095,15,0.9986813938343677
O0_vs_O3p,A095,16,0.9988572671879123
O0_vs_O3p,A095,17,0.9989324717356473
O0_vs_O3p,A095,18,0.9988332944411602
O0_vs_O3p,A095,19,0.9995344672293669
O0_vs_O3p,A095,20,0.999098717535751
O0_vs_O3p,A095,21,0.9994573226752527
O0_vs_O3p,A095,22,0.9985076015295339
O0_vs_O3p,A095,23,0.9985124148388723
O0_vs_O3p,A095,24,0.9991754203785794
O0_vs_O3p,A095,25,0.9989100631520886
O0_vs_O3p,A095,26,0.9988389670098322
O0_vs_O3p,A095,27,0.9986131294229962
O0_vs_O3p,A095,28,0.9978082028466194
O0_vs_O3p,A095,29,0.9980866782686043
O0_vs_O3p,A095,30,0.9982825169682306
O0_vs_O3p,A095,31,0.9986598173013727
O0_vs_O3p,A095,32,0.9992547021644494
O0_vs_O3p,A096,0,0.9645026948755486
O0_vs_O3p,A096,1,0.9966916160881244
O0_vs_O3p,A096,2,0.9986752861092192
O0_vs_O3p,A096,3,0.999555062148877
O0_vs_O3p,A096,4,0.9993669059257868
O0_vs_O3p,A096,5,0.9991982947201823
O0_vs_O3p,A096,6,0.9993122253369394
O0_vs_O3p,A096,7,0.998864200403738
O0_vs_O3p,A096,8,0.9991883919996423
O0_vs_O3p,A096,9,0.9989821044109232
O0_vs_O3p,A096,10,0.9993118596835808
O0_vs_O3p,A096,11,0.9994731071551447
O0_vs_O3p,A096,12,0.9992919014280468
O0_vs_O3p,A096,13,0.99901079709675
O0_vs_O3p,A096,14,0.9988496045657256
O0_vs_O3p,A096,15,0.9990256380417134
O0_vs_O3p,A096,16,0.9989054724018034
O0_vs_O3p,A096,17,0.998709878457836
O0_vs_O3p,A096,18,0.9978368571869699
O0_vs_O3p,A096,19,0.9979565456086437
O0_vs_O3p,A096,20,0.9987267211670927
O0_vs_O3p,A096,21,0.9987763607064534
O0_vs_O3p,A096,22,0.999016760510716
O0_vs_O3p,A097,0,0.9645026948755486
O0_vs_O3p,A097,1,0.9966916160881244
O0_vs_O3p,A097,2,0.9986752861092192
O0_vs_O3p,A097,3,0.9995483514697415
O0_vs_O3p,A097,4,0.9991369770935923
O0_vs_O3p,A097,5,0.9985732900652096
O0_vs_O3p,A097,6,0.9987793723152316
O0_vs_O3p,A097,7,0.9990544696761595
O0_vs_O3p,A097,8,0.9988455261147835
O0_vs_O3p,A097,9,0.9991843573728681
O0_vs_O3p,A097,10,0.9994768398403451
O0_vs_O3p,A097,11,0.9991223748924336
O0_vs_O3p,A097,12,0.9994838103700237
O0_vs_O3p,A097,13,0.999102001026285
O0_vs_O3p,A097,14,0.9987850037565882
O0_vs_O3p,A097,15,0.9992631020784765
O0_vs_O3p,A097,16,0.9992401758993465
O0_vs_O3p,A097,17,0.9991018650268839
O0_vs_O3p,A097,18,0.9991052237472497
O0_vs_O3p,A097,19,0.9985249632000242
O0_vs_O3p,A097,20,0.9985341090129828
O0_vs_O3p,A097,21,0.9978276900770332
O0_vs_O3p,A097,22,0.9979115684647341
O0_vs_O3p,A097,23,0.9982903795303798
O0_vs_O3p,A097,24,0.9986709116635921
O0_vs_O3p,A097,25,0.9992929212272416
O0_vs_O3p,A098,0,0.9645026948755486
O0_vs_O3p,A098,1,0.9966916160881244
O0_vs_O3p,A098,2,0.9986752861092192
O0_vs_O3p,A098,3,0.9995844147071745
O0_vs_O3p,A098,4,0.9994331465342229
O0_vs_O3p,A098,5,0.9992680239736138
O0_vs_O3p,A098,6,0.9992492733238074
O0_vs_O3p,A098,7,0.9990109053751441
O0_vs_O3p,A098,8,0.9993456778177595
O0_vs_O3p,A098,9,0.9992111272327241
O0_vs_O3p,A098,10,0.9993822599009696
O0_vs_O3p,A098,11,0.998861812792756
O0_vs_O3p,A098,12,0.9992582067084078
O0_vs_O3p,A098,13,0.999265593625895
O0_vs_O3p,A098,14,0.9993243099724957
O0_vs_O3p,A098,15,0.999152941556373
O0_vs_O3p,A098,16,0.9990907427524562
O0_vs_O3p,A098,17,0.999161653461084
O0_vs_O3p,A098,18,0.998932905771253
O0_vs_O3p,A098,19,0.9991616162216708
O0_vs_O3p,A098,20,0.999009441554361
O0_vs_O3p,A098,21,0.999061915641573
O0_vs_O3p,A098,22,0.9987950145559578
O0_vs_O3p,A098,23,0.9979052031122772
O0_vs_O3p,A098,24,0.9976015612693108
O0_vs_O3p,A098,25,0.9986800727778788
O0_vs_O3p,A098,26,0.9986827251547702
O0_vs_O3p,A098,27,0.9989430181675598
O0_vs_O3p,A099,0,0.9645026948755486
O0_vs_O3p,A099,1,0.9966916160881244
O0_vs_O3p,A099,2,0.9986752861092192
O0_vs_O3p,A099,3,0.9995483514697415
O0_vs_O3p,A099,4,0.9993331914942987
O0_vs_O3p,A099,5,0.9985077170185618
O0_vs_O3p,A099,6,0.9992127678961614
O0_vs_O3p,A099,7,0.9991126022213408
O0_vs_O3p,A099,8,0.9994456511519489
O0_vs_O3p,A099,9,0.9995665400029303
O0_vs_O3p,A099,10,0.9988632415791869
O0_vs_O3p,A099,11,0.9990235636032758
O0_vs_O3p,A099,12,0.998995276016352
O0_vs_O3p,A099,13,0.9990348338134962
O0_vs_O3p,A099,14,0.9988260199012007
O0_vs_O3p,A099,15,0.9987492472115888
O0_vs_O3p,A099,16,0.998838975612064
O0_vs_O3p,A099,17,0.9987830328987132
O0_vs_O3p,A099,18,0.9992045708196192
O0_vs_O3p,A099,19,0.998840885250665
O0_vs_O3p,A099,20,0.9981252790758014
O0_vs_O3p,A099,21,0.9977899402218722
O0_vs_O3p,A099,22,0.9986347070287501
O0_vs_O3p,A099,23,0.9986963989821244
O0_vs_O3p,A099,24,0.9980829089301155
O0_vs_O3p,A099,25,0.9978916042924383
O0_vs_O3p,A099,26,0.9988312682739401
O0_vs_O3p,A099,27,0.9985351763423905
O0_vs_O3p,A099,28,0.999078260171969
O0_vs_O3p,A100,0,0.9645026948755486
O0_vs_O3p,A100,1,0.9966916160881244
O0_vs_O3p,A100,2,0.9986752861092192
O0_vs_O3p,A100,3,0.999555062148877
O0_vs_O3p,A100,4,0.9992082155619323
O0_vs_O3p,A100,5,0.9989008860482569
O0_vs_O3p,A100,6,0.9995018201719214
O0_vs_O3p,A100,7,0.9994351721383158
O0_vs_O3p,A100,8,0.9990630933596583
O0_vs_O3p,A100,9,0.999113574822004
O0_vs_O3p,A100,10,0.9989657384327
O0_vs_O3p,A100,11,0.9991649357771996
O0_vs_O3p,A100,12,0.9988835508396451
O0_vs_O3p,A100,13,0.9992528140898413
O0_vs_O3p,A100,14,0.9990242286447747
O0_vs_O3p,A100,15,0.9992865075704529
O0_vs_O3p,A100,16,0.9989812596585018
O0_vs_O3p,A100,17,0.998559621626505
O0_vs_O3p,A100,18,0.9978291762137036
O0_vs_O3p,A100,19,0.9982368259164179
O0_vs_O3p,A100,20,0.998729529233546
O0_vs_O3p,A100,21,0.9986255073875271
O0_vs_O3p,A100,22,0.9988238876586337
R0_vs_O3p,A001,0,0.869180132686637
R0_vs_O3p,A001,1,0.9957205168898897
R0_vs_O3p,A001,2,0.9984153141502867
R0_vs_O3p,A001,3,0.999155223910966
R0_vs_O3p,A001,4,0.9993105727630357
R0_vs_O3p,A001,5,0.9985125384263402
R0_vs_O3p,A001,6,0.9992391039249016
R0_vs_O3p,A001,7,0.9992064083351037
R0_vs_O3p,A001,8,0.9989505807184949
R0_vs_O3p,A001,9,0.9986455235031276
R0_vs_O3p,A001,10,0.9983495600051905
R0_vs_O3p,A001,11,0.9979123547799262
R0_vs_O3p,A001,12,0.9980263203232906
R0_vs_O3p,A001,13,0.9989595541332165
R0_vs_O3p,A001,14,0.9982451238517609
R0_vs_O3p,A001,15,0.9985462330817908
R0_vs_O3p,A002,0,0.869180132686637
R0_vs_O3p,A002,1,0.9957205168898897
R0_vs_O3p,A002,2,0.9984153141502867
R0_vs_O3p,A002,3,0.999155223910966
R0_vs_O3p,A002,4,0.9990565432264592
R0_vs_O3p,A002,5,0.9991752945436829
R0_vs_O3p,A002,6,0.9989424602762259
R0_vs_O3p,A002,7,0.9992068619345486
R0_vs_O3p,A002,8,0.9990727388770109
R0_vs_O3p,A002,9,0.9988081762931279
R0_vs_O3p,A002,10,0.9986612419324987
R0_vs_O3p,A002,11,0.9983775009798405
R0_vs_O3p,A002,12,0.997715643771177
R0_vs_O3p,A002,13,0.9981023501654087
R0_vs_O3p,A002,14,0.9988496292720095
R0_vs_O3p,A002,15,0.9978186196448339
R0_vs_O3p,A002,16,0.9989591029939432
R0_vs_O3p,A003,0,0.869180132686637
R0_vs_O3p,A003,1,0.9957205168898897
R0_vs_O3p,A003,2,0.9984153141502867
R0_vs_O3p,A003,3,0.999155223910966
R0_vs_O3p,A003,4,0.9986630575602294
R0_vs_O3p,A003,5,0.9989854849383752
R0_vs_O3p,A003,6,0.9992135091876055
R0_vs_O3p,A003,7,0.9992045787835624
R0_vs_O3p,A003,8,0.9991730365756687
R0_vs_O3p,A003,9,0.9986785051613871
R0_vs_O3p,A003,10,0.9985979212755547
R0_vs_O3p,A003,11,0.9979290288640856
R0_vs_O3p,A003,12,0.9979444532487416
R0_vs_O3p,A003,13,0.9987768250455367
R0_vs_O3p,A003,14,0.9980595630832679
R0_vs_O3p,A003,15,0.998681200191175
R0_vs_O3p,A004,0,0.869180132686637
R0_vs_O3p,A004,1,0.9957205168898897
R0_vs_O3p,A004,2,0.9984153141502867
R0_vs_O3p,A004,3,0.999155223910966
R0_vs_O3p,A004,4,0.999002325900029
R0_vs_O3p,A004,5,0.9990845361152557
R0_vs_O3p,A004,6,0.9991987600800795
R0_vs_O3p,A004,7,0.9990095159008121
R0_vs_O3p,A004,8,0.9988568684564172
R0_vs_O3p,A004,9,0.9991961988575743
R0_vs_O3p,A004,10,0.9991468932030064
R0_vs_O3p,A004,11,0.9987720155214787
R0_vs_O3p,A004,12,0.9983197820010368
R0_vs_O3p,A004,13,0.9976152597485809
R0_vs_O3p,A004,14,0.998078952062638
R0_vs_O3p,A004,15,0.998227762773064
R0_vs_O3p,A004,16,0.9978984292623392
R0_vs_O3p,A004,17,0.9987763006775855
R0_vs_O3p,A005,0,0.869180132686637
R0_vs_O3p,A005,1,0.9957205168898897
R0_vs_O3p,A005,2,0.9984153141502867
R0_vs_O3p,A005,3,0.999155223910966
R0_vs_O3p,A005,4,0.9993821509831152
R0_vs_O3p,A005,5,0.9992957594264021
R0_vs_O3p,A005,6,0.9988782064569401
R0_vs_O3p,A005,7,0.9992360168897513
R0_vs_O3p,A005,8,0.9992050035032806
R0_vs_O3p,A005,9,0.9990371403072755
R0_vs_O3p,A005,10,0.999017612923401
R0_vs_O3p,A005,11,0.9989680613863232
R0_vs_O3p,A005,12,0.9984761751347931
R0_vs_O3p,A005,13,0.9977073622016217
R0_vs_O3p,A005,14,0.9981978896718043
R0_vs_O3p,A005,15,0.9986775565758482
R0_vs_O3p,A005,16,0.9971758662428967
R0_vs_O3p,A005,17,0.9984951240418457
R0_vs_O3p,A006,0,0.8300793520882029
R0_vs_O3p,A006,1,0.9960437579728454
R0_vs_O3p,A006,2,0.9984745071601263
R0_vs_O3p,A006,3,0.9990988154478294
R0_vs_O3p,A006,4,0.999082052142127
R0_vs_O3p,A006,5,0.9986498727983694
R0_vs_O3p,A006,6,0.9990569126633785
R0_vs_O3p,A006,7,0.9990816353710905
R0_vs_O3p,A006,8,0.9983568125202047
R0_vs_O3p,A006,9,0.9990238056613099
R0_vs_O3p,A006,10,0.9988586728970653
R0_vs_O3p,A006,11,0.9988832171229484
R0_vs_O3p,A006,12,0.9985428598242452
R0_vs_O3p,A006,13,0.9984405600729779
R0_vs_O3p,A006,14,0.9976533933275546
R0_vs_O3p,A006,15,0.9979830355769241
R0_vs_O3p,A006,16,0.9987100314558419
R0_vs_O3p,A006,17,0.9978293124346237
R0_vs_O3p,A006,18,0.9980594249371938
R0_vs_O3p,A007,0,0.869180132686637
R0_vs_O3p,A007,1,0.9957205168898897
R0_vs_O3p,A007,2,0.9984153141502867
R0_vs_O3p,A007,3,0.999155223910966
R0_vs_O3p,A007,4,0.9994529910665748
R0_vs_O3p,A007,5,0.9982043835360527
R0_vs_O3p,A007,6,0.9987278642879768
R0_vs_O3p,A007,7,0.9985982378086415
R0_vs_O3p,A007,8,0.9987840302596553
R0_vs_O3p,A007,9,0.998801656536366
R0_vs_O3p,A007,10,0.9985406626066533
R0_vs_O3p,A007,11,0.9973718255314649
R0_vs_O3p,A007,12,0.9979970389447381
R0_vs_O3p,A007,13,0.9980840420015846
R0_vs_O3p,A007,14,0.9977214510662248
R0_vs_O3p,A007,15,0.9985483504512976
R0_vs_O3p,A008,0,0.869180132686637
R0_vs_O3p,A008,1,0.9957205168898897
R0_vs_O3p,A008,2,0.9984153141502867
R0_vs_O3p,A008,3,0.999155223910966
R0_vs_O3p,A008,4,0.9992566563870235
R0_vs_O3p,A008,5,0.9991152676663763
R0_vs_O3p,A008,6,0.998652955955785
R0_vs_O3p,A008,7,0.9989990385600335
R0_vs_O3p,A008,8,0.999362253497393
R0_vs_O3p,A008,9,0.998765681517101
R0_vs_O3p,A008,10,0.9983523096510459
R0_vs_O3p,A008,11,0.9984980586565058
R0_vs_O3p,A008,12,0.997875333865941
R0_vs_O3p,A008,13,0.9986129439140462
R0_vs_O3p,A008,14,0.9987405538669824
R0_vs_O3p,A008,15,0.998288831025794
R0_vs_O3p,A008,16,0.9985241355943972
R0_vs_O3p,A009,0,0.8300793520882029
R0_vs_O3p,A009,1,0.9960437579728454
R0_vs_O3p,A009,2,0.9984745071601263
R0_vs_O3p,A009,3,0.9990988154478294
R0_vs_O3p,A009,4,0.9993111548522399
R0_vs_O3p,A009,5,0.9988653190067747
R0_vs_O3p,A009,6,0.9991482047398001
R0_vs_O3p,A009,7,0.9990909113965893
R0_vs_O3p,A009,8,0.9992088369873238
R0_vs_O3p,A009,9,0.9989342244336806
R0_vs_O3p,A009,10,0.9992658676003464
R0_vs_O3p,A009,11,0.9993705900587116
R0_vs_O3p,A009,12,0.99882609193682
R0_vs_O3p,A009,13,0.998512797857614
R0_vs_O3p,A009,14,0.9976933320302115
R0_vs_O3p,A009,15,0.9979791189902241
R0_vs_O3p,A009,16,0.9988401866887773
R0_vs_O3p,A009,17,0.9975368679460498
R0_vs_O3p,A009,18,0.9984780227489763
R0_vs_O3p,A010,0,0.869180132686637
R0_vs_O3p,A010,1,0.9957205168898897
R0_vs_O3p,A010,2,0.9984153141502867
R0_vs_O3p,A010,3,0.999155223910966
R0_vs_O3p,A010,4,0.9993297198361397
R0_vs_O3p,A010,5,0.9993611682653872
R0_vs_O3p,A010,6,0.9993271169283089
R0_vs_O3p,A010,7,0.9990042419146339
R0_vs_O3p,A010,8,0.9992137717947093
R0_vs_O3p,A010,9,0.9988580495220367
R0_vs_O3p,A010,10,0.9987999261858161
R0_vs_O3p,A010,11,0.9985046590230257
R0_vs_O3p,A010,12,0.9980407314867432
R0_vs_O3p,A010,13,0.9980321374280015
R0_vs_O3p,A010,14,0.9986793581720218
R0_vs_O3p,A010,15,0.9979762094423177
R0_vs_O3p,A010,16,0.9984490638002371
R0_vs_O3p,A011,0,0.8300793520882029
R0_vs_O3p,A011,1,0.9960437579728454
R0_vs_O3p,A011,2,0.9984745071601263
R0_vs_O3p,A011,3,0.9990988154478294
R0_vs_O3p,A011,4,0.999089001632307
R0_vs_O3p,A011,5,0.9987166893766752
R0_vs_O3p,A011,6,0.998975465469694
R0_vs_O3p,A011,7,0.9992833886486121
R0_vs_O3p,A011,8,0.9989334216065032
R0_vs_O3p,A011,9,0.9986244750848179
R0_vs_O3p,A011,10,0.9988479792705186
R0_vs_O3p,A011,11,0.9986020520041039
R0_vs_O3p,A011,12,0.9985638610247589
R0_vs_O3p,A011,13,0.9978550237874092
R0_vs_O3p,A011,14,0.9984457128225384
R0_vs_O3p,A011,15,0.9986168056180152
R0_vs_O3p,A011,16,0.9986983062640057
R0_vs_O3p,A011,17,0.9990607862774904
R0_vs_O3p,A011,18,0.9987307363028975
R0_vs_O3p,A011,19,0.9990907590704861
R0_vs_O3p,A011,20,0.9987866269215032
R0_vs_O3p,A011,21,0.9987939990200697
R0_vs_O3p,A011,22,0.9983676575489249
R0_vs_O3p,A011,23,0.9972441108752961
R0_vs_O3p,A011,24,0.9977139353993986
R0_vs_O3p,A011,25,0.9988797057865418
R0_vs_O3p,A011,26,0.9976985279296949
R0_vs_O3p,A011,27,0.9981168464083493
R0_vs_O3p,A012,0,0.8300793520882029
R0_vs_O3p,A012,1,0.9960437579728454
R0_vs_O3p,A012,2,0.9984745071601263
R0_vs_O3p,A012,3,0.9990988154478294
R0_vs_O3p,A012,4,0.9990257188108665
R0_vs_O3p,A012,5,0.9988173345171173
R0_vs_O3p,A012,6,0.9991369600079869
R0_vs_O3p,A012,7,0.9988647040089198
R0_vs_O3p,A012,8,0.9992775324278682
R0_vs_O3p,A012,9,0.9993233485352112
R0_vs_O3p,A012,10,0.9988990081730545
R0_vs_O3p,A012,11,0.9989273984394942
R0_vs_O3p,A012,12,0.9986879126240186
R0_vs_O3p,A012,13,0.9983919449127507
R0_vs_O3p,A012,14,0.9986973789389775
R0_vs_O3p,A012,15,0.9987375965480735
R0_vs_O3p,A012,16,0.9987067483401332
R0_vs_O3p,A012,17,0.9986548292757976
R0_vs_O3p,A012,18,0.9988968288626994
R0_vs_O3p,A012,19,0.9990236121374856
R0_vs_O3p,A012,20,0.9981276751890911
R0_vs_O3p,A012,21,0.9982528459221895
R0_vs_O3p,A012,22,0.9974253445884597
R0_vs_O3p,A012,23,0.9985060042047597
R0_vs_O3p,A012,24,0.9985971474386725
R0_vs_O3p,A012,25,0.9973058809445255
R0_vs_O3p,A012,26,0.9988787638299729
R0_vs_O3p,A013,0,0.8300793520882029
R0_vs_O3p,A013,1,0.9960437579728454
R0_vs_O3p,A013,2,0.9984745071601263
R0_vs_O3p,A013,3,0.9990988154478294
R0_vs_O3p,A013,4,0.9991485337008975
R0_vs_O3p,A013,5,0.9988012282529378
R0_vs_O3p,A013,6,0.9985836893598999
R0_vs_O3p,A013,7,0.9989695630616989
R0_vs_O3p,A013,8,0.9988178372754061
R0_vs_O3p,A013,9,0.9986077293786062
R0_vs_O3p,A013,10,0.9991756498085157
R0_vs_O3p,A013,11,0.9985630526187302
R0_vs_O3p,A013,12,0.9987632610554854
R0_vs_O3p,A013,13,0.9992127308288036
R0_vs_O3p,A013,14,0.9986166324241338
R0_vs_O3p,A013,15,0.998643538945806
R0_vs_O3p,A013,16,0.9985300199072847
R0_vs_O3p,A013,17,0.9983856437032997
R0_vs_O3p,A013,18,0.9976444422951084
R0_vs_O3p,A013,19,0.998029446225004
R0_vs_O3p,A013,20,0.9987054986918991
R0_vs_O3p,A013,21,0.9975311742476856
R0_vs_O3p,A013,22,0.9985622137106528
R0_vs_O3p,A014,0,0.8300793520882029
R0_vs_O3p,A014,1,0.9960437579728454
R0_vs_O3p,A014,2,0.9984745071601263
R0_vs_O3p,A014,3,0.9990988154478294
R0_vs_O3p,A014,4,0.9991981551181659
R0_vs_O3p,A014,5,0.9986818766679798
R0_vs_O3p,A014,6,0.9988619209048889
R0_vs_O3p,A014,7,0.9988549151491392
R0_vs_O3p,A014,8,0.9990110726147986
R0_vs_O3p,A014,9,0.999194753669919
R0_vs_O3p,A014,10,0.998538049420806
R0_vs_O3p,A014,11,0.9988721572922283
R0_vs_O3p,A014,12,0.9990888793537077
R0_vs_O3p,A014,13,0.9990529671564004
R0_vs_O3p,A014,14,0.9992872860370379
R0_vs_O3p,A014,15,0.9988925600327632
R0_vs_O3p,A014,16,0.9985590474756869
R0_vs_O3p,A014,17,0.9986583852461234
R0_vs_O3p,A014,18,0.9986174807310585
R0_vs_O3p,A014,19,0.9985098379122556
R0_vs_O3p,A014,20,0.9975508086882509
R0_vs_O3p,A014,21,0.9977551911206514
R0_vs_O3p,A014,22,0.9987547275107247
R0_vs_O3p,A014,23,0.9975298214482246
R0_vs_O3p,A014,24,0.9989673710899869
R0_vs_O3p,A015,0,0.8300793520882029
R0_vs_O3p,A015,1,0.9960437579728454
R0_vs_O3p,A015,2,0.9984745071601263
R0_vs_O3p,A015,3,0.9990988154478294
R0_vs_O3p,A015,4,0.999255375211159
R0_vs_O3p,A015,5,0.9989163450555261
R0_vs_O3p,A015,6,0.999213912300445
R0_vs_O3p,A015,7,0.9994411282163338
R0_vs_O3p,A015,8,0.9988271043659226
R0_vs_O3p,A015,9,0.9986232066255462
R0_vs_O3p,A015,10,0.9985161628556456
R0_vs_O3p,A015,11,0.9973513782767268
R0_vs_O3p,A015,12,0.9989068526567387
R0_vs_O3p,A015,13,0.9988155459862399
R0_vs_O3p,A015,14,0.998494347894579
R0_vs_O3p,A015,15,0.9987082442715414
R0_vs_O3p,A015,16,0.998584262326851
R0_vs_O3p,A015,17,0.9985038745116994
R0_vs_O3p,A015,18,0.9977470323358236
R0_vs_O3p,A015,19,0.9977193721242881
R0_vs_O3p,A015,20,0.9983323471997234
R0_vs_O3p,A015,21,0.9975480141187402
R0_vs_O3p,A015,22,0.9986896910360579
R0_vs_O3p,A016,0,0.8300793520882029
R0_vs_O3p,A016,1,0.9960437579728454
R0_vs_O3p,A016,2,0.9984745071601263
R0_vs_O3p,A016,3,0.9990988154478294
R0_vs_O3p,A016,4,0.9982617153672528
R0_vs_O3p,A016,5,0.9988645129275494
R0_vs_O3p,A016,6,0.9986363741929818
R0_vs_O3p,A016,7,0.9989735380816529
R0_vs_O3p,A016,8,0.9988245554784578
R0_vs_O3p,A016,9,0.9989009533250197
R0_vs_O3p,A016,10,0.9983204175333231
R0_vs_O3p,A016,11,0.9981084442484849
R0_vs_O3p,A016,12,0.9980870059616089
R0_vs_O3p,A016,13,0.9989212987537077
R0_vs_O3p,A016,14,0.998249042382078
R0_vs_O3p,A016,15,0.9991031443952914
R0_vs_O3p,A016,16,0.9988008864413768
R0_vs_O3p,A016,17,0.9987931583027296
R0_vs_O3p,A016,18,0.998491162770583
R0_vs_O3p,A016,19,0.9984414214582865
R0_vs_O3p,A016,20,0.997623679058392
R0_vs_O3p,A016,21,0.9982080743822359
R0_vs_O3p,A016,22,0.998753746862052
R0_vs_O3p,A016,23,0.9967582893577882
R0_vs_O3p,A016,24,0.9984997065136586
R0_vs_O3p,A017,0,0.8300793520882029
R0_vs_O3p,A017,1,0.9960437579728454
R0_vs_O3p,A017,2,0.9984745071601263
R0_vs_O3p,A017,3,0.9990988154478294
R0_vs_O3p,A017,4,0.9993275395713842
R0_vs_O3p,A017,5,0.9991515694927936
R0_vs_O3p,A017,6,0.9991448792202198
R0_vs_O3p,A017,7,0.9991718903285938
R0_vs_O3p,A017,8,0.9991627916000861
R0_vs_O3p,A017,9,0.9989494060900164
R0_vs_O3p,A017,10,0.9988536212561989
R0_vs_O3p,A017,11,0.9989456198753448
R0_vs_O3p,A017,12,0.9987373061794291
R0_vs_O3p,A017,13,0.9988280819365775
R0_vs_O3p,A017,14,0.9989150919520104
R0_vs_O3p,A017,15,0.998360789791231
R0_vs_O3p,A017,16,0.998383797858446
R0_vs_O3p,A017,17,0.9975877347446255
R0_vs_O3p,A017,18,0.9980852279294378
R0_vs_O3p,A017,19,0.9989822900170682
R0_vs_O3p,A017,20,0.9974054011912611
R0_vs_O3p,A017,21,0.9989204139085728
R0_vs_O3p,A018,0,0.8300793520882029
R0_vs_O3p,A018,1,0.9960437579728454
R0_vs_O3p,A018,2,0.9984745071601263
R0_vs_O3p,A018,3,0.9990988154478294
R0_vs_O3p,A018,4,0.9988853988037932
R0_vs_O3p,A018,5,0.9982175828965152
R0_vs_O3p,A018,6,0.9989476515136595
R0_vs_O3p,A018,7,0.9992677851896522
R0_vs_O3p,A018,8,0.999034643418786
R0_vs_O3p,A018,9,0.998825759507425
R0_vs_O3p,A018,10,0.9984058571895322
R0_vs_O3p,A018,11,0.9982548065455121
R0_vs_O3p,A018,12,0.9980313131080883
R0_vs_O3p,A018,13,0.9989279557869818
R0_vs_O3p,A018,14,0.9984219116493086
R0_vs_O3p,A018,15,0.9982346876584571
R0_vs_O3p,A018,16,0.997614194877162
R0_vs_O3p,A018,17,0.9981271342390655
R0_vs_O3p,A018,18,0.9980689849823754
R0_vs_O3p,A018,19,0.997497867516909
R0_vs_O3p,A018,20,0.9989508883106918
R0_vs_O3p,A019,0,0.8300793520882029
R0_vs_O3p,A019,1,0.9960437579728454
R0_vs_O3p,A019,2,0.9984745071601263
R0_vs_O3p,A019,3,0.9990988154478294
R0_vs_O3p,A019,4,0.9992633091501841
R0_vs_O3p,A019,5,0.9982785833057239
R0_vs_O3p,A019,6,0.9990651421895527
R0_vs_O3p,A019,7,0.9994627403530769
R0_vs_O3p,A019,8,0.9987417918411677
R0_vs_O3p,A019,9,0.9984354702899626
R0_vs_O3p,A019,10,0.9989153497141872
R0_vs_O3p,A019,11,0.9977500936207545
R0_vs_O3p,A019,12,0.9989652721976894
R0_vs_O3p,A019,13,0.9981835796791053
R0_vs_O3p,A019,14,0.9984321953344376
R0_vs_O3p,A019,15,0.9979048647060643
R0_vs_O3p,A019,16,0.998721578449882
R0_vs_O3p,A019,17,0.9980162345065695
R0_vs_O3p,A019,18,0.9984638581612323
R0_vs_O3p,A019,19,0.9972938077205532
R0_vs_O3p,A019,20,0.9980999649194563
R0_vs_O3p,A019,21,0.998938257275524
R0_vs_O3p,A019,22,0.9979016799223156
R0_vs_O3p,A019,23,0.9989474805220947
R0_vs_O3p,A020,0,0.8300793520882029
R0_vs_O3p,A020,1,0.9960437579728454
R0_vs_O3p,A020,2,0.9984745071601263
R0_vs_O3p,A020,3,0.9990988154478294
R0_vs_O3p,A020,4,0.9993059361228656
R0_vs_O3p,A020,5,0.9985453822678215
R0_vs_O3p,A020,6,0.9989775666873327
R0_vs_O3p,A020,7,0.9991338187233328
R0_vs_O3p,A020,8,0.9984010788920028
R0_vs_O3p,A020,9,0.9987867615915205
R0_vs_O3p,A020,10,0.9988116647768989
R0_vs_O3p,A020,11,0.999068699403755
R0_vs_O3p,A020,12,0.9983182199366407
R0_vs_O3p,A020,13,0.9983224477837749
R0_vs_O3p,A020,14,0.9984097921590539
R0_vs_O3p,A020,15,0.998723366917726
R0_vs_O3p,A020,16,0.9987483193445302
R0_vs_O3p,A020,17,0.9987064794165795
R0_vs_O3p,A020,18,0.9986224756761911
R0_vs_O3p,A020,19,0.9984102661871308
R0_vs_O3p,A020,20,0.9977152435482768
R0_vs_O3p,A020,21,0.9979263727062381
R0_vs_O3p,A020,22,0.9986013892087195
R0_vs_O3p,A020,23,0.9978622334065417
R0_vs_O3p,A020,24,0.9986764227986292
R0_vs_O3p,A021,0,0.8300793520882029
R0_vs_O3p,A021,1,0.9960437579728454
R0_vs_O3p,A021,2,0.9984745071601263
R0_vs_O3p,A021,3,0.9990988154478294
R0_vs_O3p,A021,4,0.9992934567459174
R0_vs_O3p,A021,5,0.9987845705685627
R0_vs_O3p,A021,6,0.9982628096557221
R0_vs_O3p,A021,7,0.9993086563330211
R0_vs_O3p,A021,8,0.9992060762554233
R0_vs_O3p,A021,9,0.9987459824476771
R0_vs_O3p,A021,10,0.9992530490376379
R0_vs_O3p,A021,11,0.9992506912608369
R0_vs_O3p,A021,12,0.9989548348453728
R0_vs_O3p,A021,13,0.9984248655292841
R0_vs_O3p,A021,14,0.9988478379575955
R0_vs_O3p,A021,15,0.9985909384213446
R0_vs_O3p,A021,16,0.998763391835496
R0_vs_O3p,A021,17,0.9988934998984936
R0_vs_O3p,A021,18,0.998856700568858
R0_vs_O3p,A021,19,0.9987630867381291
R0_vs_O3p,A021,20,0.9986432570629126
R0_vs_O3p,A021,21,0.9984421181912211
R0_vs_O3p,A021,22,0.9969561876201197
R0_vs_O3p,A021,23,0.997675741915433
R0_vs_O3p,A021,24,0.9985687926712307
R0_vs_O3p,A021,25,0.9981006560417575
R0_vs_O3p,A021,26,0.9984751197429929
R0_vs_O3p,A022,0,0.8300793520882029
R0_vs_O3p,A022,1,0.9960437579728454
R0_vs_O3p,A022,2,0.9984745071601263
R0_vs_O3p,A022,3,0.9990988154478294
R0_vs_O3p,A022,4,0.9990920296625098
R0_vs_O3p,A022,5,0.9984992631221677
R0_vs_O3p,A022,6,0.9987671039075344
R0_vs_O3p,A022,7,0.9990020173938674
R0_vs_O3p,A022,8,0.9993029149157875
R0_vs_O3p,A022,9,0.9991389528580008
R0_vs_O3p,A022,10,0.9977742954132092
R0_vs_O3p,A022,11,0.9985954627474314
R0_vs_O3p,A022,12,0.9986197456939144
R0_vs_O3p,A022,13,0.9987880917062886
R0_vs_O3p,A022,14,0.9987889759508187
R0_vs_O3p,A022,15,0.998300931574788
R0_vs_O3p,A022,16,0.9989619311064829
R0_vs_O3p,A022,17,0.9984272396868572
R0_vs_O3p,A022,18,0.998437856359735
R0_vs_O3p,A022,19,0.9977512093164743
R0_vs_O3p,A022,20,0.998172212533512
R0_vs_O3p,A022,21,0.9988069821427462
R0_vs_O3p,A022,22,0.9978281597712584
R0_vs_O3p,A022,23,0.9978350218139915
R0_vs_O3p,A023,0,0.8300793520882029
R0_vs_O3p,A023,1,0.9960437579728454
R0_vs_O3p,A023,2,0.9984745071601263
R0_vs_O3p,A023,3,0.9990988154478294
R0_vs_O3p,A023,4,0.998973260844924
R0_vs_O3p,A023,5,0.9991386298799453
R0_vs_O3p,A023,6,0.9993580778972195
R0_vs_O3p,A023,7,0.998633549675618
R0_vs_O3p,A023,8,0.9987526385716955
R0_vs_O3p,A023,9,0.9989344621373623
R0_vs_O3p,A023,10,0.9989727091953278
R0_vs_O3p,A023,11,0.9987204058632094
R0_vs_O3p,A023,12,0.9984887333285821
R0_vs_O3p,A023,13,0.9979809213982742
R0_vs_O3p,A023,14,0.9981736485545685
R0_vs_O3p,A023,15,0.9985756916073858
R0_vs_O3p,A023,16,0.9976251173020212
R0_vs_O3p,A023,17,0.9984911928059731
R0_vs_O3p,A023,18,0.9985371336358275
R0_vs_O3p,A023,19,0.9977318521879451
R0_vs_O3p,A023,20,0.9986777223389813
R0_vs_O3p,A024,0,0.8300793520882029
R0_vs_O3p,A024,1,0.9960437579728454
R0_vs_O3p,A024,2,0.9984745071601263
R0_vs_O3p,A024,3,0.9990988154478294
R0_vs_O3p,A024,4,0.9988379791535766
R0_vs_O3p,A024,5,0.9994469973288613
R0_vs_O3p,A024,6,0.9989727981295345
R0_vs_O3p,A024,7,0.999505338498127
R0_vs_O3p,A024,8,0.9992069483160296
R0_vs_O3p,A024,9,0.9990557917628768
R0_vs_O3p,A024,10,0.9984546732256885
R0_vs_O3p,A024,11,0.9991843717920194
R0_vs_O3p,A024,12,0.9992948568029613
R0_vs_O3p,A024,13,0.99908440307168
R0_vs_O3p,A024,14,0.9991357944049659
R0_vs_O3p,A024,15,0.998585923454911
R0_vs_O3p,A024,16,0.9989377037340927
R0_vs_O3p,A024,17,0.9989732694013429
R0_vs_O3p,A024,18,0.9990285035104062
R0_vs_O3p,A024,19,0.9983694872332698
R0_vs_O3p,A024,20,0.9984416946259911
R0_vs_O3p,A024,21,0.9985409622336614
R0_vs_O3p,A024,22,0.9976008541830006
R0_vs_O3p,A024,23,0.9979038696566064
R0_vs_O3p,A024,24,0.9985878130626591
R0_vs_O3p,A024,25,0.9977640559462531
R0_vs_O3p,A024,26,0.9987830342506658
R0_vs_O3p,A025,0,0.8300793520882029
R0_vs_O3p,A025,1,0.9960437579728454
R0_vs_O3p,A025,2,0.9984745071601263
R0_vs_O3p,A025,3,0.9990988154478294
R0_vs_O3p,A025,4,0.999096744408847
R0_vs_O3p,A025,5,0.9989396684921804
R0_vs_O3p,A025,6,0.9990897204923423
R0_vs_O3p,A025,7,0.9992334907807924
R0_vs_O3p,A025,8,0.998961649127207
R0_vs_O3p,A025,9,0.9986383144572764
R0_vs_O3p,A025,10,0.9985755901516958
R0_vs_O3p,A025,11,0.9982678489295099
R0_vs_O3p,A025,12,0.9980876104859614
R0_vs_O3p,A025,13,0.9988333535515775
R0_vs_O3p,A025,14,0.9990527016072561
R0_vs_O3p,A025,15,0.9981700076206548
R0_vs_O3p,A025,16,0.9984069248252871
R0_vs_O3p,A025,17,0.9977680734089159
R0_vs_O3p,A025,18,0.9983717037346165
R0_vs_O3p,A025,19,0.9988489007417635
R0_vs_O3p,A025,20,0.9972752442027242
R0_vs_O3p,A025,21,0.9986100380467107
R0_vs_O3p,A026,0,0.8300793520882029
R0_vs_O3p,A026,1,0.9960437579728454
R0_vs_O3p,A026,2,0.9984745071601263
R0_vs_O3p,A026,3,0.9990988154478294
R0_vs_O3p,A026,4,0.9990955512339356
R0_vs_O3p,A026,5,0.998637802812456
R0_vs_O3p,A026,6,0.9991512828829858
R0_vs_O3p,A026,7,0.9982100634838489
R0_vs_O3p,A026,8,0.9988466247527628
R0_vs_O3p,A026,9,0.9989939397568547
R0_vs_O3p,A026,10,0.9987881551293485
R0_vs_O3p,A026,11,0.9987804581336058
R0_vs_O3p,A026,12,0.9991465258976965
R0_vs_O3p,A026,13,0.9989222062127716
R0_vs_O3p,A026,14,0.9986222845756833
R0_vs_O3p,A026,15,0.9988527229054492
R0_vs_O3p,A026,16,0.9989913546084402
R0_vs_O3p,A026,17,0.9985078611955167
R0_vs_O3p,A026,18,0.9978090950486989
R0_vs_O3p,A026,19,0.9983035559125126
R0_vs_O3p,A026,20,0.9984742705742389
R0_vs_O3p,A026,21,0.9973490862034853
R0_vs_O3p,A026,22,0.999043467293581
R0_vs_O3p,A027,0,0.8300793520882029
R0_vs_O3p,A027,1,0.9960437579728454
R0_vs_O3p,A027,2,0.9984745071601263
R0_vs_O3p,A027,3,0.9992076163301757
R0_vs_O3p,A027,4,0.999167473601312
R0_vs_O3p,A027,5,0.9994485081378459
R0_vs_O3p,A027,6,0.9994377547914748
R0_vs_O3p,A027,7,0.9988015888798796
R0_vs_O3p,A027,8,0.9992604252063962
R0_vs_O3p,A027,9,0.9988350849632484
R0_vs_O3p,A027,10,0.9983658655529417
R0_vs_O3p,A027,11,0.9989489511411159
R0_vs_O3p,A027,12,0.9987514786362189
R0_vs_O3p,A027,13,0.9988913053286198
R0_vs_O3p,A027,14,0.9990094456111125
R0_vs_O3p,A027,15,0.998444294381659
R0_vs_O3p,A027,16,0.9988668276121163
R0_vs_O3p,A027,17,0.9986669718349956
R0_vs_O3p,A027,18,0.9987154414527313
R0_vs_O3p,A027,19,0.9975940871699613
R0_vs_O3p,A027,20,0.9984381851266385
R0_vs_O3p,A027,21,0.9988390700837321
R0_vs_O3p,A027,22,0.9978346832073957
R0_vs_O3p,A027,23,0.9988621633854814
R0_vs_O3p,A028,0,0.8300793520882029
R0_vs_O3p,A028,1,0.9960437579728454
R0_vs_O3p,A028,2,0.9984745071601263
R0_vs_O3p,A028,3,0.9990988154478294
R0_vs_O3p,A028,4,0.9991750440013158
R0_vs_O3p,A028,5,0.9974831617133916
R0_vs_O3p,A028,6,0.998753536579635
R0_vs_O3p,A028,7,0.9991034704123074
R0_vs_O3p,A028,8,0.9989975422157934
R0_vs_O3p,A028,9,0.998884945920999
R0_vs_O3p,A028,10,0.9993020177673738
R0_vs_O3p,A028,11,0.9986092360361938
R0_vs_O3p,A028,12,0.9988917067438522
R0_vs_O3p,A028,13,0.9988391501274907
R0_vs_O3p,A028,14,0.9988961530250032
R0_vs_O3p,A028,15,0.9983922761541347
R0_vs_O3p,A028,16,0.9974223097756594
R0_vs_O3p,A028,17,0.998177873067222
R0_vs_O3p,A028,18,0.998400848835688
R0_vs_O3p,A028,19,0.9975889642850425
R0_vs_O3p,A028,20,0.9987055444811951
R0_vs_O3p,A029,0,0.8300793520882029
R0_vs_O3p,A029,1,0.9960437579728454
R0_vs_O3p,A029,2,0.9984745071601263
R0_vs_O3p,A029,3,0.9990988154478294
R0_vs_O3p,A029,4,0.9989250361152647
R0_vs_O3p,A029,5,0.9991966665328267
R0_vs_O3p,A029,6,0.9981990903319937
R0_vs_O3p,A029,7,0.9991817173864472
R0_vs_O3p,A029,8,0.998935595316274
R0_vs_O3p,A029,9,0.9988055817411015
R0_vs_O3p,A029,10,0.9991988093159075
R0_vs_O3p,A029,11,0.998847632933976
R0_vs_O3p,A029,12,0.9984812315664366
R0_vs_O3p,A029,13,0.9988158690740604
R0_vs_O3p,A029,14,0.9987527242485084
R0_vs_O3p,A029,15,0.9988647351496821
R0_vs_O3p,A029,16,0.9980673938334258
R0_vs_O3p,A029,17,0.9985646901919307
R0_vs_O3p,A029,18,0.998600317629336
R0_vs_O3p,A029,19,0.9972924366794848
R0_vs_O3p,A029,20,0.9979005728729676
R0_vs_O3p,A029,21,0.998467162312888
R0_vs_O3p,A029,22,0.9977279616783359
R0_vs_O3p,A029,23,0.9989738631003239
R0_vs_O3p,A030,0,0.8300793520882029
R0_vs_O3p,A030,1,0.9960437579728454
R0_vs_O3p,A030,2,0.9984745071601263
R0_vs_O3p,A030,3,0.9990988154478294
R0_vs_O3p,A030,4,0.9990410142570562
R0_vs_O3p,A030,5,0.9991955284383229
R0_vs_O3p,A030,6,0.9991580858130195
R0_vs_O3p,A030,7,0.99918556659409
R0_vs_O3p,A030,8,0.9984744067221658
R0_vs_O3p,A030,9,0.9992662267044747
R0_vs_O3p,A030,10,0.9990569478047426
R0_vs_O3p,A030,11,0.9985224828541586
R0_vs_O3p,A030,12,0.9991882072575258
R0_vs_O3p,A030,13,0.9990356295131544
R0_vs_O3p,A030,14,0.998527970828107
R0_vs_O3p,A030,15,0.998039092836944
R0_vs_O3p,A030,16,0.9977413342063213
R0_vs_O3p,A030,17,0.9984134625318125
R0_vs_O3p,A030,18,0.9983188728505449
R0_vs_O3p,A030,19,0.9976555881245323
R0_vs_O3p,A030,20,0.9984850538773082
R0_vs_O3p,A031,0,0.8300793520882029
R0_vs_O3p,A031,1,0.9960437579728454
R0_vs_O3p,A031,2,0.9984745071601263
R0_vs_O3p,A031,3,0.9989917966376789
R0_vs_O3p,A031,4,0.9989683141985286
R0_vs_O3p,A031,5,0.9989039600756445
R0_vs_O3p,A031,6,0.9991085806835722
R0_vs_O3p,A031,7,0.9983010562608499
R0_vs_O3p,A031,8,0.9990531408726777
R0_vs_O3p,A031,9,0.9989031507859618
R0_vs_O3p,A031,10,0.9983386093274503
R0_vs_O3p,A031,11,0.9986206962121356
R0_vs_O3p,A031,12,0.9985317176820085
R0_vs_O3p,A031,13,0.9983555228751219
R0_vs_O3p,A031,14,0.9974866647954014
R0_vs_O3p,A031,15,0.9982580017721924
R0_vs_O3p,A031,16,0.998099610618166
R0_vs_O3p,A031,17,0.9981157030940739
R0_vs_O3p,A031,18,0.9988054919597479
R0_vs_O3p,A032,0,0.869180132686637
R0_vs_O3p,A032,1,0.9957205168898897
R0_vs_O3p,A032,2,0.9984153141502867
R0_vs_O3p,A032,3,0.9992799022278394
R0_vs_O3p,A032,4,0.9991754680404847
R0_vs_O3p,A032,5,0.9988367909435991
R0_vs_O3p,A032,6,0.998614523657354
R0_vs_O3p,A032,7,0.9986222388359157
R0_vs_O3p,A032,8,0.9990725918880752
R0_vs_O3p,A032,9,0.9990428593626437
R0_vs_O3p,A032,10,0.9986571788199181
R0_vs_O3p,A032,11,0.9985230645966622
R0_vs_O3p,A032,12,0.9979034922196466
R0_vs_O3p,A032,13,0.9978537480325651
R0_vs_O3p,A032,14,0.9984777776461168
R0_vs_O3p,A032,15,0.9981041640503683
R0_vs_O3p,A032,16,0.9985626662313772
R0_vs_O3p,A033,0,0.8300793520882029
R0_vs_O3p,A033,1,0.9960437579728454
R0_vs_O3p,A033,2,0.9984745071601263
R0_vs_O3p,A033,3,0.9992776237770344
R0_vs_O3p,A033,4,0.9990791392386026
R0_vs_O3p,A033,5,0.9991984310340981
R0_vs_O3p,A033,6,0.9984824078328393
R0_vs_O3p,A033,7,0.9990102844724734
R0_vs_O3p,A033,8,0.9986230323672767
R0_vs_O3p,A033,9,0.9986670373938491
R0_vs_O3p,A033,10,0.9991056152221802
R0_vs_O3p,A033,11,0.998529120976218
R0_vs_O3p,A033,12,0.998924882638429
R0_vs_O3p,A033,13,0.9992321911691131
R0_vs_O3p,A033,14,0.9987641535899324
R0_vs_O3p,A033,15,0.9983617351478492
R0_vs_O3p,A033,16,0.9983794480683984
R0_vs_O3p,A033,17,0.9974744576100576
R0_vs_O3p,A033,18,0.9981333024225657
R0_vs_O3p,A033,19,0.998413682415584
R0_vs_O3p,A033,20,0.9977758170843039
R0_vs_O3p,A033,21,0.9986821764871617
R0_vs_O3p,A034,0,0.869180132686637
R0_vs_O3p,A034,1,0.9957205168898897
R0_vs_O3p,A034,2,0.9984153141502867
R0_vs_O3p,A034,3,0.999209512279468
R0_vs_O3p,A034,4,0.9990541897389775
R0_vs_O3p,A034,5,0.999134057955714
R0_vs_O3p,A034,6,0.9989062722853846
R0_vs_O3p,A034,7,0.9992172740129093
R0_vs_O3p,A034,8,0.9992825094733881
R0_vs_O3p,A034,9,0.9989500641013338
R0_vs_O3p,A034,10,0.9979344091742887
R0_vs_O3p,A034,11,0.9987322361764736
R0_vs_O3p,A034,12,0.9986404918707461
R0_vs_O3p,A034,13,0.9978304197407222
R0_vs_O3p,A034,14,0.9985215303305232
R0_vs_O3p,A034,15,0.9976870014412276
R0_vs_O3p,A034,16,0.9975645743705233
R0_vs_O3p,A034,17,0.9987707914872312
R0_vs_O3p,A035,0,0.869180132686637
R0_vs_O3p,A035,1,0.9957205168898897
R0_vs_O3p,A035,2,0.9984153141502867
R0_vs_O3p,A035,3,0.9993020207094325
R0_vs_O3p,A035,4,0.9990515542311484
R0_vs_O3p,A035,5,0.9991497284695311
R0_vs_O3p,A035,6,0.9990068620818101
R0_vs_O3p,A035,7,0.9989419900699792
R0_vs_O3p,A035,8,0.9985304531063427
R0_vs_O3p,A035,9,0.9982130578575947
R0_vs_O3p,A035,10,0.9987388621901715
R0_vs_O3p,A035,11,0.9977806614488725
R0_vs_O3p,A035,12,0.99770676168292
R0_vs_O3p,A035,13,0.9984268049526404
R0_vs_O3p,A035,14,0.9977407145443572
R0_vs_O3p,A035,15,0.9986777975644205
R0_vs_O3p,A036,0,0.869180132686637
R0_vs_O3p,A036,1,0.9957205168898897
R0_vs_O3p,A036,2,0.9984153141502867
R0_vs_O3p,A036,3,0.9993453524362107
R0_vs_O3p,A036,4,0.9990161240144996
R0_vs_O3p,A036,5,0.9992929609750377
R0_vs_O3p,A036,6,0.9991346598038326
R0_vs_O3p,A036,7,0.9989574184368584
R0_vs_O3p,A036,8,0.9990700666435492
R0_vs_O3p,A036,9,0.999135149396948
R0_vs_O3p,A036,10,0.9993519702870024
R0_vs_O3p,A036,11,0.998637424929935
R0_vs_O3p,A036,12,0.9984636597631131
R0_vs_O3p,A036,13,0.9977476874897169
R0_vs_O3p,A036,14,0.9979723223275572
R0_vs_O3p,A036,15,0.9973894491654668
R0_vs_O3p,A036,16,0.9980430919692965
R0_vs_O3p,A036,17,0.9981954459451804
R0_vs_O3p,A037,0,0.869180132686637
R0_vs_O3p,A037,1,0.9957205168898897
R0_vs_O3p,A037,2,0.9984153141502867
R0_vs_O3p,A037,3,0.9988296860276268
R0_vs_O3p,A037,4,0.9987640787410477
R0_vs_O3p,A037,5,0.999055960714412
R0_vs_O3p,A037,6,0.9990241714222049
R0_vs_O3p,A037,7,0.9989795308664101
R0_vs_O3p,A037,8,0.9990220041449475
R0_vs_O3p,A037,9,0.9991790076736973
R0_vs_O3p,A037,10,0.9983426656819467
R0_vs_O3p,A037,11,0.998209104989901
R0_vs_O3p,A037,12,0.998465750012375
R0_vs_O3p,A037,13,0.9978663855928556
R0_vs_O3p,A037,14,0.9972814813178966
R0_vs_O3p,A037,15,0.9974573198953046
R0_vs_O3p,A037,16,0.9977394615180974
R0_vs_O3p,A037,17,0.9987226276890827
R0_vs_O3p,A038,0,0.869180132686637
R0_vs_O3p,A038,1,0.9957205168898897
R0_vs_O3p,A038,2,0.9984153141502867
R0_vs_O3p,A038,3,0.9992056508627406
R0_vs_O3p,A038,4,0.9991739779083604
R0_vs_O3p,A038,5,0.9987378255824717
R0_vs_O3p,A038,6,0.9988740166481397
R0_vs_O3p,A038,7,0.9992882488907493
R0_vs_O3p,A038,8,0.9987039285491418
R0_vs_O3p,A038,9,0.9990124288456864
R0_vs_O3p,A038,10,0.9987278105345427
R0_vs_O3p,A038,11,0.9984430460969094
R0_vs_O3p,A038,12,0.9984614507380308
R0_vs_O3p,A038,13,0.9978534931170531
R0_vs_O3p,A038,14,0.9983242316540603
R0_vs_O3p,A038,15,0.9988020646526319
R0_vs_O3p,A038,16,0.9982890436059905
R0_vs_O3p,A038,17,0.9987074875775404
R0_vs_O3p,A039,0,0.8300793520882029
R0_vs_O3p,A039,1,0.9960437579728454
R0_vs_O3p,A039,2,0.9984745071601263
R0_vs_O3p,A039,3,0.9990148664633881
R0_vs_O3p,A039,4,0.9992159529012516
R0_vs_O3p,A039,5,0.998672903666038
R0_vs_O3p,A039,6,0.9989487296054126
R0_vs_O3p,A039,7,0.9988384697888122
R0_vs_O3p,A039,8,0.9991314753549336
R0_vs_O3p,A039,9,0.9985138041830776
R0_vs_O3p,A039,10,0.9987968485022773
R0_vs_O3p,A039,11,0.9991069529373462
R0_vs_O3p,A039,12,0.9994881298014606
R0_vs_O3p,A039,13,0.9989243935150806
R0_vs_O3p,A039,14,0.9981515630660812
R0_vs_O3p,A039,15,0.9978043108025707
R0_vs_O3p,A039,16,0.9979078544702599
R0_vs_O3p,A039,17,0.9984451402521346
R0_vs_O3p,A039,18,0.9974998141292543
R0_vs_O3p,A039,19,0.9985605320096009
R0_vs_O3p,A040,0,0.869180132686637
R0_vs_O3p,A040,1,0.9957205168898897
R0_vs_O3p,A040,2,0.9984153141502867
R0_vs_O3p,A040,3,0.9990833773991971
R0_vs_O3p,A040,4,0.9992062211420425
R0_vs_O3p,A040,5,0.9984609012343252
R0_vs_O3p,A040,6,0.9986512685487162
R0_vs_O3p,A040,7,0.9987914401401085
R0_vs_O3p,A040,8,0.9987016122194456
R0_vs_O3p,A040,9,0.9989594003664054
R0_vs_O3p,A040,10,0.9978680896994124
R0_vs_O3p,A040,11,0.9985699224557187
R0_vs_O3p,A040,12,0.9985208466219135
R0_vs_O3p,A040,13,0.9978939132852112
R0_vs_O3p,A040,14,0.9984139059562144
R0_vs_O3p,A040,15,0.9969030764413674
R0_vs_O3p,A040,16,0.9981354763527176
R0_vs_O3p,A040,17,0.9989714785162592
R0_vs_O3p,A041,0,0.8300793520882029
R0_vs_O3p,A041,1,0.9960437579728454
R0_vs_O3p,A041,2,0.9984745071601263
R0_vs_O3p,A041,3,0.9990988154478294
R0_vs_O3p,A041,4,0.9991597672710233
R0_vs_O3p,A041,5,0.9988710755243794
R0_vs_O3p,A041,6,0.999065881912076
R0_vs_O3p,A041,7,0.9990410668347876
R0_vs_O3p,A041,8,0.9990695955940002
R0_vs_O3p,A041,9,0.9988034256546625
R0_vs_O3p,A041,10,0.9989194452594191
R0_vs_O3p,A041,11,0.9983469661764593
R0_vs_O3p,A041,12,0.9992640869922645
R0_vs_O3p,A041,13,0.9987271080636732
R0_vs_O3p,A041,14,0.998865809017881
R0_vs_O3p,A041,15,0.9991291541410516
R0_vs_O3p,A041,16,0.9991941046057241
R0_vs_O3p,A041,17,0.9987278427367349
R0_vs_O3p,A041,18,0.9987786383736434
R0_vs_O3p,A041,19,0.9977189570349619
R0_vs_O3p,A041,20,0.9972260365279922
R0_vs_O3p,A041,21,0.997957038269622
R0_vs_O3p,A041,22,0.9987561730028071
R0_vs_O3p,A041,23,0.9982596499221044
R0_vs_O3p,A041,24,0.9981122062098026
R0_vs_O3p,A042,0,0.8300793520882029
R0_vs_O3p,A042,1,0.9960437579728454
R0_vs_O3p,A042,2,0.9984745071601263
R0_vs_O3p,A042,3,0.9989539391888389
R0_vs_O3p,A042,4,0.9992712353277667
R0_vs_O3p,A042,5,0.9989132506872695
R0_vs_O3p,A042,6,0.9993722560255007
R0_vs_O3p,A042,7,0.9994200584235887
R0_vs_O3p,A042,8,0.9991076882117783
R0_vs_O3p,A042,9,0.9985898231616055
R0_vs_O3p,A042,10,0.9983059006679319
R0_vs_O3p,A042,11,0.9989760467063529
R0_vs_O3p,A042,12,0.9985649634335892
R0_vs_O3p,A042,13,0.99883295883398
R0_vs_O3p,A042,14,0.9992443196343505
R0_vs_O3p,A042,15,0.9984840487621707
R0_vs_O3p,A042,16,0.9983194835876079
R0_vs_O3p,A042,17,0.9976053389432543
R0_vs_O3p,A042,18,0.998191097229766
R0_vs_O3p,A042,19,0.9986043789528543
R0_vs_O3p,A042,20,0.9980255236000575
R0_vs_O3p,A042,21,0.9983863761144395
R0_vs_O3p,A043,0,0.8300793520882029
R0_vs_O3p,A043,1,0.9960437579728454
R0_vs_O3p,A043,2,0.9984745071601263
R0_vs_O3p,A043,3,0.9990988154478294
R0_vs_O3p,A043,4,0.9989947371646138
R0_vs_O3p,A043,5,0.9993625760914501
R0_vs_O3p,A043,6,0.999155135981116
R0_vs_O3p,A043,7,0.9990347711613827
R0_vs_O3p,A043,8,0.9990285145596688
R0_vs_O3p,A043,9,0.9989788152936598
R0_vs_O3p,A043,10,0.9988219777893379
R0_vs_O3p,A043,11,0.9991255670602205
R0_vs_O3p,A043,12,0.997922178308663
R0_vs_O3p,A043,13,0.9990029126583223
R0_vs_O3p,A043,14,0.9986907109903365
R0_vs_O3p,A043,15,0.9988205016385202
R0_vs_O3p,A043,16,0.9984459781000462
R0_vs_O3p,A043,17,0.9983704972860968
R0_vs_O3p,A043,18,0.9972848105859513
R0_vs_O3p,A043,19,0.9980988643716543
R0_vs_O3p,A043,20,0.9983441183024279
R0_vs_O3p,A043,21,0.9968180254143888
R0_vs_O3p,A043,22,0.9986458082243612
R0_vs_O3p,A044,0,0.869180132686637
R0_vs_O3p,A044,1,0.9957205168898897
R0_vs_O3p,A044,2,0.9984153141502867
R0_vs_O3p,A044,3,0.999209512279468
R0_vs_O3p,A044,4,0.999280626708836
R0_vs_O3p,A044,5,0.9988644895430069
R0_vs_O3p,A044,6,0.9989886634247719
R0_vs_O3p,A044,7,0.9992025911706113
R0_vs_O3p,A044,8,0.9981989728634155
R0_vs_O3p,A044,9,0.9989654270756091
R0_vs_O3p,A044,10,0.9987805049978304
R0_vs_O3p,A044,11,0.9984808559107285
R0_vs_O3p,A044,12,0.9984487640506082
R0_vs_O3p,A044,13,0.9978423306257949
R0_vs_O3p,A044,14,0.9983774673352083
R0_vs_O3p,A044,15,0.9987684205098596
R0_vs_O3p,A044,16,0.9977922209331788
R0_vs_O3p,A044,17,0.9983742866677555
R0_vs_O3p,A045,0,0.8300793520882029
R0_vs_O3p,A045,1,0.9960437579728454
R0_vs_O3p,A045,2,0.9984745071601263
R0_vs_O3p,A045,3,0.9990988154478294
R0_vs_O3p,A045,4,0.9988875559222165
R0_vs_O3p,A045,5,0.9993734247805403
R0_vs_O3p,A045,6,0.9992039983808272
R0_vs_O3p,A045,7,0.9987588721613857
R0_vs_O3p,A045,8,0.9990343826255568
R0_vs_O3p,A045,9,0.9991487922511098
R0_vs_O3p,A045,10,0.9986390799252458
R0_vs_O3p,A045,11,0.9988625804052472
R0_vs_O3p,A045,12,0.9983851703720696
R0_vs_O3p,A045,13,0.9986403570590436
R0_vs_O3p,A045,14,0.9976362065501296
R0_vs_O3p,A045,15,0.9983508537338863
R0_vs_O3p,A045,16,0.9986713640475439
R0_vs_O3p,A045,17,0.9975058863163071
R0_vs_O3p,A045,18,0.9984633922757377
R0_vs_O3p,A046,0,0.869180132686637
R0_vs_O3p,A046,1,0.9957205168898897
R0_vs_O3p,A046,2,0.9984153141502867
R0_vs_O3p,A046,3,0.999155223910966
R0_vs_O3p,A046,4,0.9993174270583955
R0_vs_O3p,A046,5,0.9989925679834383
R0_vs_O3p,A046,6,0.998812912934429
R0_vs_O3p,A046,7,0.9988904839391856
R0_vs_O3p,A046,8,0.9990956384150834
R0_vs_O3p,A046,9,0.9988449395950255
R0_vs_O3p,A046,10,0.9983918918363657
R0_vs_O3p,A046,11,0.9983240514312117
R0_vs_O3p,A046,12,0.9978179681602144
R0_vs_O3p,A046,13,0.9980180376579713
R0_vs_O3p,A046,14,0.9987322442126861
R0_vs_O3p,A046,15,0.9977277273121837
R0_vs_O3p,A046,16,0.9980341557777236
R0_vs_O3p,A047,0,0.8300793520882029
R0_vs_O3p,A047,1,0.9960437579728454
R0_vs_O3p,A047,2,0.9984745071601263
R0_vs_O3p,A047,3,0.9990988154478294
R0_vs_O3p,A047,4,0.9990458759281262
R0_vs_O3p,A047,5,0.9990238867153135
R0_vs_O3p,A047,6,0.9991471833241884
R0_vs_O3p,A047,7,0.9987023815705801
R0_vs_O3p,A047,8,0.9993437707955836
R0_vs_O3p,A047,9,0.9987355692989422
R0_vs_O3p,A047,10,0.9991005873058407
R0_vs_O3p,A047,11,0.999296027013897
R0_vs_O3p,A047,12,0.9988398043071149
R0_vs_O3p,A047,13,0.9982535581891031
R0_vs_O3p,A047,14,0.9976499375747113
R0_vs_O3p,A047,15,0.9982647892797432
R0_vs_O3p,A047,16,0.998067627158544
R0_vs_O3p,A047,17,0.997805231557328
R0_vs_O3p,A047,18,0.9987446090981882
R0_vs_O3p,A048,0,0.8300793520882029
R0_vs_O3p,A048,1,0.9960437579728454
R0_vs_O3p,A048,2,0.9984745071601263
R0_vs_O3p,A048,3,0.9990988154478294
R0_vs_O3p,A048,4,0.998543567347861
R0_vs_O3p,A048,5,0.9990683568072314
R0_vs_O3p,A048,6,0.9987390959737752
R0_vs_O3p,A048,7,0.9987966357599886
R0_vs_O3p,A048,8,0.9989716831637393
R0_vs_O3p,A048,9,0.9984773672548723
R0_vs_O3p,A048,10,0.9991880498293113
R0_vs_O3p,A048,11,0.9984339122751693
R0_vs_O3p,A048,12,0.9987836403216023
R0_vs_O3p,A048,13,0.9984539046545136
R0_vs_O3p,A048,14,0.9984076332551635
R0_vs_O3p,A048,15,0.9978414620129727
R0_vs_O3p,A048,16,0.9983651861051411
R0_vs_O3p,A048,17,0.9985474589818447
R0_vs_O3p,A048,18,0.9973903386573786
R0_vs_O3p,A048,19,0.9981767652641712
R0_vs_O3p,A049,0,0.8300793520882029
R0_vs_O3p,A049,1,0.9960437579728454
R0_vs_O3p,A049,2,0.9984745071601263
R0_vs_O3p,A049,3,0.9990988154478294
R0_vs_O3p,A049,4,0.9984314586997143
R0_vs_O3p,A049,5,0.9984076800960092
R0_vs_O3p,A049,6,0.9980259730463371
R0_vs_O3p,A049,7,0.9981438494319574
R0_vs_O3p,A049,8,0.9989178833348658
R0_vs_O3p,A049,9,0.9992113746554826
R0_vs_O3p,A049,10,0.998999232125833
R0_vs_O3p,A049,11,0.9989519519467638
R0_vs_O3p,A049,12,0.9981758072408033
R0_vs_O3p,A049,13,0.9983128809813302
R0_vs_O3p,A049,14,0.9986398264516442
R0_vs_O3p,A049,15,0.9986350465074538
R0_vs_O3p,A049,16,0.9982228811058339
R0_vs_O3p,A049,17,0.998839181509695
R0_vs_O3p,A049,18,0.9981763450063206
R0_vs_O3p,A049,19,0.9984735244897456
R0_vs_O3p,A049,20,0.9975099249074026
R0_vs_O3p,A049,21,0.998146267982457
R0_vs_O3p,A049,22,0.9984379398738054
R0_vs_O3p,A049,23,0.997403286579527
R0_vs_O3p,A049,24,0.998742191626105
R0_vs_O3p,A050,0,0.8300793520882029
R0_vs_O3p,A050,1,0.9960437579728454
R0_vs_O3p,A050,2,0.9984745071601263
R0_vs_O3p,A050,3,0.9990988154478294
R0_vs_O3p,A050,4,0.9990470479780406
R0_vs_O3p,A050,5,0.9985309017228285
R0_vs_O3p,A050,6,0.9989537055756067
R0_vs_O3p,A050,7,0.9991639102334289
R0_vs_O3p,A050,8,0.9984769091698276
R0_vs_O3p,A050,9,0.9991422858284826
R0_vs_O3p,A050,10,0.9991602760933813
R0_vs_O3p,A050,11,0.9991405078672082
R0_vs_O3p,A050,12,0.998555932920156
R0_vs_O3p,A050,13,0.9987257356558987
R0_vs_O3p,A050,14,0.9981351742626338
R0_vs_O3p,A050,15,0.9986407408614826
R0_vs_O3p,A050,16,0.9975519674201156
R0_vs_O3p,A050,17,0.9984320758769232
R0_vs_O3p,A050,18,0.9979592966453936
R0_vs_O3p,A050,19,0.997748373908795
R0_vs_O3p,A050,20,0.9987717841640451
R0_vs_O3p,A051,0,0.8300793520882029
R0_vs_O3p,A051,1,0.9960437579728454
R0_vs_O3p,A051,2,0.9984745071601263
R0_vs_O3p,A051,3,0.9990988154478294
R0_vs_O3p,A051,4,0.9992396865637054
R0_vs_O3p,A051,5,0.999053599577017
R0_vs_O3p,A051,6,0.9988412334432744
R0_vs_O3p,A051,7,0.9994299892418316
R0_vs_O3p,A051,8,0.9996643735801581
R0_vs_O3p,A051,9,0.999179343050238
R0_vs_O3p,A051,10,0.9986085882057067
R0_vs_O3p,A051,11,0.9988566936738491
R0_vs_O3p,A051,12,0.9994841482522155
R0_vs_O3p,A051,13,0.9987467745345274
R0_vs_O3p,A051,14,0.9987669504975434
R0_vs_O3p,A051,15,0.9977566594521192
R0_vs_O3p,A051,16,0.9980896390817803
R0_vs_O3p,A051,17,0.9987614141649849
R0_vs_O3p,A051,18,0.9980160317726345
R0_vs_O3p,A051,19,0.9990998461197524
R0_vs_O3p,A052,0,0.8300793520882029
R0_vs_O3p,A052,1,0.9960437579728454
R0_vs_O3p,A052,2,0.9984745071601263
R0_vs_O3p,A052,3,0.9989539391888389
R0_vs_O3p,A052,4,0.999057296463246
R0_vs_O3p,A052,5,0.9986323329268951
R0_vs_O3p,A052,6,0.9993500111713995
R0_vs_O3p,A052,7,0.999043078906309
R0_vs_O3p,A052,8,0.9992501718002897
R0_vs_O3p,A052,9,0.9989226369699462
R0_vs_O3p,A052,10,0.9990575114061436
R0_vs_O3p,A052,11,0.9988370715140997
R0_vs_O3p,A052,12,0.9989879655052599
R0_vs_O3p,A052,13,0.9993199553477643
R0_vs_O3p,A052,14,0.9990064597069955
R0_vs_O3p,A052,15,0.9988112510932582
R0_vs_O3p,A052,16,0.998856776438185
R0_vs_O3p,A052,17,0.9977805731698508
R0_vs_O3p,A052,18,0.9981323978475839
R0_vs_O3p,A052,19,0.9984753047729714
R0_vs_O3p,A052,20,0.9977762872177548
R0_vs_O3p,A052,21,0.9989661600133056
R0_vs_O3p,A053,0,0.8300793520882029
R0_vs_O3p,A053,1,0.9960437579728454
R0_vs_O3p,A053,2,0.9984745071601263
R0_vs_O3p,A053,3,0.9990988154478294
R0_vs_O3p,A053,4,0.9989865774318608
R0_vs_O3p,A053,5,0.998916523709841
R0_vs_O3p,A053,6,0.9994999157723292
R0_vs_O3p,A053,7,0.9995333079436254
R0_vs_O3p,A053,8,0.9990992911406218
R0_vs_O3p,A053,9,0.9988697745277387
R0_vs_O3p,A053,10,0.9987325719293797
R0_vs_O3p,A053,11,0.9990492651041896
R0_vs_O3p,A053,12,0.9990676292603696
R0_vs_O3p,A053,13,0.9986935707221941
R0_vs_O3p,A053,14,0.9985685731120395
R0_vs_O3p,A053,15,0.9984677193983453
R0_vs_O3p,A053,16,0.9974845960412447
R0_vs_O3p,A053,17,0.9980540274489822
R0_vs_O3p,A053,18,0.9986297316414472
R0_vs_O3p,A053,19,0.9979637209146547
R0_vs_O3p,A053,20,0.9985601984118737
R0_vs_O3p,A054,0,0.8300793520882029
R0_vs_O3p,A054,1,0.9960437579728454
R0_vs_O3p,A054,2,0.9984745071601263
R0_vs_O3p,A054,3,0.9990988154478294
R0_vs_O3p,A054,4,0.9993078576563571
R0_vs_O3p,A054,5,0.9992738064074586
R0_vs_O3p,A054,6,0.999464052501233
R0_vs_O3p,A054,7,0.9995403340494073
R0_vs_O3p,A054,8,0.9994634507674323
R0_vs_O3p,A054,9,0.9992919059631835
R0_vs_O3p,A054,10,0.9990655124697544
R0_vs_O3p,A054,11,0.9990308056817327
R0_vs_O3p,A054,12,0.998890442952959
R0_vs_O3p,A054,13,0.9991527776967138
R0_vs_O3p,A054,14,0.9993538556438553
R0_vs_O3p,A054,15,0.9989255027649618
R0_vs_O3p,A054,16,0.9987649983547171
R0_vs_O3p,A054,17,0.998724236204911
R0_vs_O3p,A054,18,0.9977183118438152
R0_vs_O3p,A054,19,0.9981864066814445
R0_vs_O3p,A054,20,0.9991108019624629
R0_vs_O3p,A054,21,0.9978612954336963
R0_vs_O3p,A054,22,0.9992305727397673
R0_vs_O3p,A055,0,0.8300793520882029
R0_vs_O3p,A055,1,0.9960437579728454
R0_vs_O3p,A055,2,0.9984745071601263
R0_vs_O3p,A055,3,0.9990988154478294
R0_vs_O3p,A055,4,0.9993334059373098
R0_vs_O3p,A055,5,0.9992923051794964
R0_vs_O3p,A055,6,0.9989050177359367
R0_vs_O3p,A055,7,0.9993647736493136
R0_vs_O3p,A055,8,0.9995638759647466
R0_vs_O3p,A055,9,0.9991207331605684
R0_vs_O3p,A055,10,0.9989035048553792
R0_vs_O3p,A055,11,0.9991425881329736
R0_vs_O3p,A055,12,0.9990240017778134
R0_vs_O3p,A055,13,0.9981429180623491
R0_vs_O3p,A055,14,0.9988429852217272
R0_vs_O3p,A055,15,0.998551991270609
R0_vs_O3p,A055,16,0.9974831892630955
R0_vs_O3p,A055,17,0.997859330004371
R0_vs_O3p,A055,18,0.9985397343477239
R0_vs_O3p,A055,19,0.997644971709257
R0_vs_O3p,A055,20,0.9989965273163536
R0_vs_O3p,A056,0,0.8300793520882029
R0_vs_O3p,A056,1,0.9960437579728454
R0_vs_O3p,A056,2,0.9984745071601263
R0_vs_O3p,A056,3,0.9989539391888389
R0_vs_O3p,A056,4,0.9990967437765976
R0_vs_O3p,A056,5,0.9987475190572245
R0_vs_O3p,A056,6,0.9983220941333291
R0_vs_O3p,A056,7,0.9993058960043858
R0_vs_O3p,A056,8,0.9989384766290897
R0_vs_O3p,A056,9,0.998899594498717
R0_vs_O3p,A056,10,0.9991051190336329
R0_vs_O3p,A056,11,0.9991382459572343
R0_vs_O3p,A056,12,0.9988863276304193
R0_vs_O3p,A056,13,0.9991470291011976
R0_vs_O3p,A056,14,0.9992724853390839
R0_vs_O3p,A056,15,0.9987819558186779
R0_vs_O3p,A056,16,0.9984873405032446
R0_vs_O3p,A056,17,0.9984474602357287
R0_vs_O3p,A056,18,0.9979016081773792
R0_vs_O3p,A056,19,0.9980033399349866
R0_vs_O3p,A056,20,0.9983478166966886
R0_vs_O3p,A056,21,0.9976331527133532
R0_vs_O3p,A056,22,0.998913820865595
R0_vs_O3p,A057,0,0.8300793520882029
R0_vs_O3p,A057,1,0.9960437579728454
R0_vs_O3p,A057,2,0.9984745071601263
R0_vs_O3p,A057,3,0.9990988154478294
R0_vs_O3p,A057,4,0.9981971257963678
R0_vs_O3p,A057,5,0.998298917901398
R0_vs_O3p,A057,6,0.9989620164629892
R0_vs_O3p,A057,7,0.9984244592267428
R0_vs_O3p,A057,8,0.9987570731772387
R0_vs_O3p,A057,9,0.999391692345405
R0_vs_O3p,A057,10,0.9991736867202918
R0_vs_O3p,A057,11,0.999281237915552
R0_vs_O3p,A057,12,0.9988271208943678
R0_vs_O3p,A057,13,0.9984784298842988
R0_vs_O3p,A057,14,0.9979813696641068
R0_vs_O3p,A057,15,0.9981601807074267
R0_vs_O3p,A057,16,0.998664326596048
R0_vs_O3p,A057,17,0.9977168100921876
R0_vs_O3p,A057,18,0.9991883168084995
R0_vs_O3p,A058,0,0.8300793520882029
R0_vs_O3p,A058,1,0.9960437579728454
R0_vs_O3p,A058,2,0.9984745071601263
R0_vs_O3p,A058,3,0.9990988154478294
R0_vs_O3p,A058,4,0.9990804378491592
R0_vs_O3p,A058,5,0.9992701538168876
R0_vs_O3p,A058,6,0.9989206319835787
R0_vs_O3p,A058,7,0.999295012867041
R0_vs_O3p,A058,8,0.9988788042698505
R0_vs_O3p,A058,9,0.9988805548654773
R0_vs_O3p,A058,10,0.9988812651197506
R0_vs_O3p,A058,11,0.999065782546749
R0_vs_O3p,A058,12,0.998707852117483
R0_vs_O3p,A058,13,0.998779670698372
R0_vs_O3p,A058,14,0.9978190003149646
R0_vs_O3p,A058,15,0.9983231450361073
R0_vs_O3p,A058,16,0.9983271738282135
R0_vs_O3p,A058,17,0.9980208523951587
R0_vs_O3p,A058,18,0.9986580778592519
R0_vs_O3p,A059,0,0.8300793520882029
R0_vs_O3p,A059,1,0.9960437579728454
R0_vs_O3p,A059,2,0.9984745071601263
R0_vs_O3p,A059,3,0.9990988154478294
R0_vs_O3p,A059,4,0.9983022906723601
R0_vs_O3p,A059,5,0.999188680763933
R0_vs_O3p,A059,6,0.9992125714145098
R0_vs_O3p,A059,7,0.9991897634121674
R0_vs_O3p,A059,8,0.998645035587254
R0_vs_O3p,A059,9,0.9991444708004394
R0_vs_O3p,A059,10,0.9991351110117391
R0_vs_O3p,A059,11,0.9989754857019758
R0_vs_O3p,A059,12,0.9985204163059557
R0_vs_O3p,A059,13,0.9986095871133778
R0_vs_O3p,A059,14,0.9987235519324033
R0_vs_O3p,A059,15,0.9983818282952346
R0_vs_O3p,A059,16,0.9979236341858185
R0_vs_O3p,A059,17,0.997805356302133
R0_vs_O3p,A059,18,0.9984554395006466
R0_vs_O3p,A059,19,0.9980964941332138
R0_vs_O3p,A059,20,0.9990388165246763
R0_vs_O3p,A060,0,0.8300793520882029
R0_vs_O3p,A060,1,0.9960437579728454
R0_vs_O3p,A060,2,0.9984745071601263
R0_vs_O3p,A060,3,0.9989539391888389
R0_vs_O3p,A060,4,0.9990217378000917
R0_vs_O3p,A060,5,0.9988889952107913
R0_vs_O3p,A060,6,0.9993019888627972
R0_vs_O3p,A060,7,0.9988328363504266
R0_vs_O3p,A060,8,0.9994167036153523
R0_vs_O3p,A060,9,0.9993461378375735
R0_vs_O3p,A060,10,0.9992530212512519
R0_vs_O3p,A060,11,0.9988291384612922
R0_vs_O3p,A060,12,0.9991416725112359
R0_vs_O3p,A060,13,0.9986796467202994
R0_vs_O3p,A060,14,0.9984580397609712
R0_vs_O3p,A060,15,0.9979037172091513
R0_vs_O3p,A060,16,0.9980814879702535
R0_vs_O3p,A060,17,0.9989154038127553
R0_vs_O3p,A060,18,0.9980961879890276
R0_vs_O3p,A060,19,0.9991535320553158
R0_vs_O3p,A061,0,0.8300793520882029
R0_vs_O3p,A061,1,0.9960437579728454
R0_vs_O3p,A061,2,0.9984745071601263
R0_vs_O3p,A061,3,0.9990988154478294
R0_vs_O3p,A061,4,0.998950077146254
R0_vs_O3p,A061,5,0.998697542099021
R0_vs_O3p,A061,6,0.9992663138906072
R0_vs_O3p,A061,7,0.998897560942767
R0_vs_O3p,A061,8,0.9987327904698204
R0_vs_O3p,A061,9,0.9989064374494171
R0_vs_O3p,A061,10,0.9991385118315271
R0_vs_O3p,A061,11,0.9992419351952757
R0_vs_O3p,A061,12,0.9990006094828928
R0_vs_O3p,A061,13,0.9990026786388425
R0_vs_O3p,A061,14,0.9984004978014733
R0_vs_O3p,A061,15,0.9990225925691729
R0_vs_O3p,A061,16,0.9970857238133607
R0_vs_O3p,A061,17,0.9986131031482277
R0_vs_O3p,A061,18,0.9984103252752345
R0_vs_O3p,A061,19,0.9983437069210589
R0_vs_O3p,A061,20,0.9975978060899676
R0_vs_O3p,A061,21,0.998264786532878
R0_vs_O3p,A061,22,0.9979597139478553
R0_vs_O3p,A061,23,0.9977879283874352
R0_vs_O3p,A061,24,0.9990958236375267
R0_vs_O3p,A062,0,0.8300793520882029
R0_vs_O3p,A062,1,0.9960437579728454
R0_vs_O3p,A062,2,0.9984745071601263
R0_vs_O3p,A062,3,0.9990988154478294
R0_vs_O3p,A062,4,0.998865887994818
R0_vs_O3p,A062,5,0.999407270832039
R0_vs_O3p,A062,6,0.9993671926212235
R0_vs_O3p,A062,7,0.9987398236363394
R0_vs_O3p,A062,8,0.9989406338895707
R0_vs_O3p,A062,9,0.9990509407101612
R0_vs_O3p,A062,10,0.9987460980211817
R0_vs_O3p,A062,11,0.9989318832846357
R0_vs_O3p,A062,12,0.9992118727814426
R0_vs_O3p,A062,13,0.999145593478962
R0_vs_O3p,A062,14,0.9987957411857269
R0_vs_O3p,A062,15,0.998063330457033
R0_vs_O3p,A062,16,0.9989950926739669
R0_vs_O3p,A062,17,0.9989931260068945
R0_vs_O3p,A062,18,0.9976730664201271
R0_vs_O3p,A062,19,0.9979729730693616
R0_vs_O3p,A062,20,0.9986781675874884
R0_vs_O3p,A062,21,0.9964250189588809
R0_vs_O3p,A062,22,0.9990137647659443
R0_vs_O3p,A063,0,0.8300793520882029
R0_vs_O3p,A063,1,0.9960437579728454
R0_vs_O3p,A063,2,0.9984745071601263
R0_vs_O3p,A063,3,0.9990988154478294
R0_vs_O3p,A063,4,0.9989986315474453
R0_vs_O3p,A063,5,0.9981650757759626
R0_vs_O3p,A063,6,0.9988069931880001
R0_vs_O3p,A063,7,0.9988088857016171
R0_vs_O3p,A063,8,0.9988413770058274
R0_vs_O3p,A063,9,0.998929603058402
R0_vs_O3p,A063,10,0.9989339495157925
R0_vs_O3p,A063,11,0.9986836061819774
R0_vs_O3p,A063,12,0.9986771066634373
R0_vs_O3p,A063,13,0.9986002772915445
R0_vs_O3p,A063,14,0.9977302069161794
R0_vs_O3p,A063,15,0.9983351288656915
R0_vs_O3p,A063,16,0.9986688410254525
R0_vs_O3p,A063,17,0.9969545358093665
R0_vs_O3p,A063,18,0.9985399794315742
R0_vs_O3p,A064,0,0.869180132686637
R0_vs_O3p,A064,1,0.9957205168898897
R0_vs_O3p,A064,2,0.9984153141502867
R0_vs_O3p,A064,3,0.999155223910966
R0_vs_O3p,A064,4,0.9992906776308664
R0_vs_O3p,A064,5,0.9991411901589108
R0_vs_O3p,A064,6,0.9992012044136946
R0_vs_O3p,A064,7,0.9990466391137649
R0_vs_O3p,A064,8,0.9994340580776571
R0_vs_O3p,A064,9,0.9990496485560915
R0_vs_O3p,A064,10,0.9989339032317345
R0_vs_O3p,A064,11,0.9985295955386938
R0_vs_O3p,A064,12,0.9978717957775127
R0_vs_O3p,A064,13,0.9981019794392738
R0_vs_O3p,A064,14,0.9985274652043088
R0_vs_O3p,A064,15,0.9974764421221808
R0_vs_O3p,A064,16,0.9989045229368995
R0_vs_O3p,A065,0,0.8300793520882029
R0_vs_O3p,A065,1,0.9960437579728454
R0_vs_O3p,A065,2,0.9984745071601263
R0_vs_O3p,A065,3,0.9990988154478294
R0_vs_O3p,A065,4,0.9992437179502622
R0_vs_O3p,A065,5,0.9991174671968291
R0_vs_O3p,A065,6,0.9993374301653873
R0_vs_O3p,A065,7,0.9994791110499956
R0_vs_O3p,A065,8,0.9986788553228536
R0_vs_O3p,A065,9,0.9988205894759226
R0_vs_O3p,A065,10,0.9989322398943458
R0_vs_O3p,A065,11,0.9988410449220306
R0_vs_O3p,A065,12,0.9990684370371551
R0_vs_O3p,A065,13,0.9979826048599426
R0_vs_O3p,A065,14,0.9985346710962737
R0_vs_O3p,A065,15,0.998258845337785
R0_vs_O3p,A065,16,0.9977311823269562
R0_vs_O3p,A065,17,0.9981931331267468
R0_vs_O3p,A065,18,0.9987870113566379
R0_vs_O3p,A065,19,0.9977704712174109
R0_vs_O3p,A065,20,0.9990749714344759
R0_vs_O3p,A066,0,0.8300793520882029
R0_vs_O3p,A066,1,0.9960437579728454
R0_vs_O3p,A066,2,0.9984745071601263
R0_vs_O3p,A066,3,0.9990988154478294
R0_vs_O3p,A066,4,0.9992302882186687
R0_vs_O3p,A066,5,0.9991540771654044
R0_vs_O3p,A066,6,0.9991940707562164
R0_vs_O3p,A066,7,0.9993380661496729
R0_vs_O3p,A066,8,0.9995027377851107
R0_vs_O3p,A066,9,0.9991128515533969
R0_vs_O3p,A066,10,0.998248406269215
R0_vs_O3p,A066,11,0.9985918097238237
R0_vs_O3p,A066,12,0.9993124213503188
R0_vs_O3p,A066,13,0.9993077472859673
R0_vs_O3p,A066,14,0.9987505436668456
R0_vs_O3p,A066,15,0.9992202848130947
R0_vs_O3p,A066,16,0.9985510644194919
R0_vs_O3p,A066,17,0.9987664882540219
R0_vs_O3p,A066,18,0.9976660218010142
R0_vs_O3p,A066,19,0.9979965116324392
R0_vs_O3p,A066,20,0.9985945143716977
R0_vs_O3p,A066,21,0.997859184402503
R0_vs_O3p,A066,22,0.9986983030658245
R0_vs_O3p,A067,0,0.8300793520882029
R0_vs_O3p,A067,1,0.9960437579728454
R0_vs_O3p,A067,2,0.9984745071601263
R0_vs_O3p,A067,3,0.9990988154478294
R0_vs_O3p,A067,4,0.9991198596110747
R0_vs_O3p,A067,5,0.9992855191070331
R0_vs_O3p,A067,6,0.9989753283185631
R0_vs_O3p,A067,7,0.9994517164103326
R0_vs_O3p,A067,8,0.999288947734504
R0_vs_O3p,A067,9,0.9990602203185025
R0_vs_O3p,A067,10,0.998670127451614
R0_vs_O3p,A067,11,0.9988023093048526
R0_vs_O3p,A067,12,0.9985662349906996
R0_vs_O3p,A067,13,0.9986151234386874
R0_vs_O3p,A067,14,0.9983717045700058
R0_vs_O3p,A067,15,0.997661265712577
R0_vs_O3p,A067,16,0.9975761305336625
R0_vs_O3p,A067,17,0.9986420196305522
R0_vs_O3p,A067,18,0.9973157668868202
R0_vs_O3p,A067,19,0.998909085090852
R0_vs_O3p,A068,0,0.869180132686637
R0_vs_O3p,A068,1,0.9957205168898897
R0_vs_O3p,A068,2,0.9984153141502867
R0_vs_O3p,A068,3,0.999155223910966
R0_vs_O3p,A068,4,0.999073046682357
R0_vs_O3p,A068,5,0.9989693271285524
R0_vs_O3p,A068,6,0.9989737503498262
R0_vs_O3p,A068,7,0.9986164554895642
R0_vs_O3p,A068,8,0.9991288435711153
R0_vs_O3p,A068,9,0.9988087480734691
R0_vs_O3p,A068,10,0.9988127346144174
R0_vs_O3p,A068,11,0.9987387219596239
R0_vs_O3p,A068,12,0.998868462086028
R0_vs_O3p,A068,13,0.9977147470439046
R0_vs_O3p,A068,14,0.9982982921313787
R0_vs_O3p,A068,15,0.9986556004526727
R0_vs_O3p,A068,16,0.9972777625243927
R0_vs_O3p,A068,17,0.9988496225761273
R0_vs_O3p,A069,0,0.8300793520882029
R0_vs_O3p,A069,1,0.9960437579728454
R0_vs_O3p,A069,2,0.9984745071601263
R0_vs_O3p,A069,3,0.9990988154478294
R0_vs_O3p,A069,4,0.9992179143387814
R0_vs_O3p,A069,5,0.9992637379363026
R0_vs_O3p,A069,6,0.9987620022423906
R0_vs_O3p,A069,7,0.9995052478704254
R0_vs_O3p,A069,8,0.9986011549216367
R0_vs_O3p,A069,9,0.9988659743782639
R0_vs_O3p,A069,10,0.9984559022897238
R0_vs_O3p,A069,11,0.9986514881337901
R0_vs_O3p,A069,12,0.9988991103709112
R0_vs_O3p,A069,13,0.9988441182118312
R0_vs_O3p,A069,14,0.998523160777933
R0_vs_O3p,A069,15,0.997711467567325
R0_vs_O3p,A069,16,0.998117501153262
R0_vs_O3p,A069,17,0.9987294659365226
R0_vs_O3p,A069,18,0.9971670835010419
R0_vs_O3p,A069,19,0.9987853074605677
R0_vs_O3p,A070,0,0.869180132686637
R0_vs_O3p,A070,1,0.9957205168898897
R0_vs_O3p,A070,2,0.9984153141502867
R0_vs_O3p,A070,3,0.999155223910966
R0_vs_O3p,A070,4,0.9992149729533315
R0_vs_O3p,A070,5,0.9992539806891597
R0_vs_O3p,A070,6,0.9988888266966747
R0_vs_O3p,A070,7,0.999401521786887
R0_vs_O3p,A070,8,0.9992110808439526
R0_vs_O3p,A070,9,0.9992212819493681
R0_vs_O3p,A070,10,0.9991224231938755
R0_vs_O3p,A070,11,0.9990903508835725
R0_vs_O3p,A070,12,0.9988777001017038
R0_vs_O3p,A070,13,0.9979025173390589
R0_vs_O3p,A070,14,0.9978888428529179
R0_vs_O3p,A070,15,0.9985933407468511
R0_vs_O3p,A070,16,0.9979420526887687
R0_vs_O3p,A070,17,0.9985737921758615
R0_vs_O3p,A071,0,0.8629808129488542
R0_vs_O3p,A071,1,0.9967227639423935
R0_vs_O3p,A071,2,0.9983539591036853
R0_vs_O3p,A071,3,0.9990375239377091
R0_vs_O3p,A071,4,0.9989662602485119
R0_vs_O3p,A071,5,0.9990594360509426
R0_vs_O3p,A071,6,0.9991943194624805
R0_vs_O3p,A071,7,0.9992653796819249
R0_vs_O3p,A071,8,0.9992078186665977
R0_vs_O3p,A071,9,0.9994259024881814
R0_vs_O3p,A071,10,0.999590098452645
R0_vs_O3p,A071,11,0.9989640980136829
R0_vs_O3p,A071,12,0.9992104164944097
R0_vs_O3p,A071,13,0.9994391404992948
R0_vs_O3p,A071,14,0.9995004392177856
R0_vs_O3p,A071,15,0.9988836179655055
R0_vs_O3p,A071,16,0.9989808545832637
R0_vs_O3p,A071,17,0.9987364691431895
R0_vs_O3p,A071,18,0.9987580780231503
R0_vs_O3p,A071,19,0.9987221955572808
R0_vs_O3p,A071,20,0.9987020419339984
R0_vs_O3p,A071,21,0.9992098543314035
R0_vs_O3p,A071,22,0.9990335750004862
R0_vs_O3p,A071,23,0.9988718576245706
R0_vs_O3p,A071,24,0.9983718692796045
R0_vs_O3p,A071,25,0.9985435302068338
R0_vs_O3p,A071,26,0.9984789844630428
R0_vs_O3p,A071,27,0.9989643917491435
R0_vs_O3p,A071,28,0.9993237359436136
R0_vs_O3p,A071,29,0.9987859355590318
R0_vs_O3p,A071,30,0.9985821914887224
R0_vs_O3p,A071,31,0.999288357498397
R0_vs_O3p,A071,32,0.9993063710888875
R0_vs_O3p,A071,33,0.9987762851210407
R0_vs_O3p,A071,34,0.9988901719321709
R0_vs_O3p,A071,35,0.9991103765243423
R0_vs_O3p,A071,36,0.9987503352881114
R0_vs_O3p,A071,37,0.9988054020258021
R0_vs_O3p,A071,38,0.998812035913242
R0_vs_O3p,A071,39,0.9990386519593235
R0_vs_O3p,A071,40,0.9991530081733169
R0_vs_O3p,A071,41,0.9989744683260291
R0_vs_O3p,A071,42,0.9987111434206274
R0_vs_O3p,A071,43,0.9987449006444592
R0_vs_O3p,A071,44,0.999117785180917
R0_vs_O3p,A071,45,0.9990015439395883
R0_vs_O3p,A071,46,0.9992819172055968
R0_vs_O3p,A071,47,0.998994920754989
R0_vs_O3p,A071,48,0.9988506819895853
R0_vs_O3p,A071,49,0.9989177572906297
R0_vs_O3p,A071,50,0.998631127212068
R0_vs_O3p,A071,51,0.9986073945856218
R0_vs_O3p,A071,52,0.9980898721801921
R0_vs_O3p,A071,53,0.9990793611858907
R0_vs_O3p,A071,54,0.9980233332771143
R0_vs_O3p,A071,55,0.9986451593815441
R0_vs_O3p,A071,56,0.998851799322966
R0_vs_O3p,A071,57,0.9978726890662429
R0_vs_O3p,A071,58,0.9986734686159032
R0_vs_O3p,A071,59,0.998738091180651
R0_vs_O3p,A071,60,0.997330471531292
R0_vs_O3p,A071,61,0.9980634507345683
R0_vs_O3p,A071,62,0.9971043093503038
R0_vs_O3p,A071,63,0.9976872846880914
R0_vs_O3p,A071,64,0.9992547225831035
R0_vs_O3p,A072,0,0.8300793520882029
R0_vs_O3p,A072,1,0.9960437579728454
R0_vs_O3p,A072,2,0.9984745071601263
R0_vs_O3p,A072,3,0.9990988154478294
R0_vs_O3p,A072,4,0.9991351395386812
R0_vs_O3p,A072,5,0.9990472528585684
R0_vs_O3p,A072,6,0.9992796342687142
R0_vs_O3p,A072,7,0.99859955652296
R0_vs_O3p,A072,8,0.999316714991149
R0_vs_O3p,A072,9,0.9995200756953305
R0_vs_O3p,A072,10,0.9991765215394958
R0_vs_O3p,A072,11,0.9993567698958885
R0_vs_O3p,A072,12,0.9992864648044646
R0_vs_O3p,A072,13,0.9990373477404266
R0_vs_O3p,A072,14,0.9989649254710767
R0_vs_O3p,A072,15,0.9988683619708565
R0_vs_O3p,A072,16,0.9987389441403707
R0_vs_O3p,A072,17,0.9990680123762442
R0_vs_O3p,A072,18,0.9989980347498065
R0_vs_O3p,A072,19,0.9993048631430937
R0_vs_O3p,A072,20,0.9986440202676997
R0_vs_O3p,A072,21,0.9989879988729976
R0_vs_O3p,A072,22,0.9982011206298173
R0_vs_O3p,A072,23,0.9984664707853623
R0_vs_O3p,A072,24,0.9987414653765961
R0_vs_O3p,A072,25,0.9984772412705101
R0_vs_O3p,A072,26,0.9989651298446189
R0_vs_O3p,A072,27,0.9984555216414824
R0_vs_O3p,A072,28,0.998643349571657
R0_vs_O3p,A072,29,0.9985667297925968
R0_vs_O3p,A072,30,0.999198118863439
R0_vs_O3p,A072,31,0.9989148878211351
R0_vs_O3p,A072,32,0.9990283966192826
R0_vs_O3p,A072,33,0.9987913317774458
R0_vs_O3p,A072,34,0.9983990440582674
R0_vs_O3p,A072,35,0.9971815941616629
R0_vs_O3p,A072,36,0.9981249459298811
R0_vs_O3p,A072,37,0.9990921462453982
R0_vs_O3p,A072,38,0.9979342847007755
R0_vs_O3p,A072,39,0.999210187685106
R0_vs_O3p,A073,0,0.8300793520882029
R0_vs_O3p,A073,1,0.9960437579728454
R0_vs_O3p,A073,2,0.9984745071601263
R0_vs_O3p,A073,3,0.9990988154478294
R0_vs_O3p,A073,4,0.9991194436925795
R0_vs_O3p,A073,5,0.9990063396473089
R0_vs_O3p,A073,6,0.9990697102705114
R0_vs_O3p,A073,7,0.9987643861615491
R0_vs_O3p,A073,8,0.998626653828203
R0_vs_O3p,A073,9,0.9993386287156262
R0_vs_O3p,A073,10,0.9983889306046712
R0_vs_O3p,A073,11,0.9991744898327742
R0_vs_O3p,A073,12,0.9993047090046405
R0_vs_O3p,A073,13,0.999229125567541
R0_vs_O3p,A073,14,0.9987725654236812
R0_vs_O3p,A073,15,0.9987723098225421
R0_vs_O3p,A073,16,0.9986352082037786
R0_vs_O3p,A073,17,0.9986471367001183
R0_vs_O3p,A073,18,0.998779132643193
R0_vs_O3p,A073,19,0.9992243942124694
R0_vs_O3p,A073,20,0.998996726314737
R0_vs_O3p,A073,21,0.9987856681737565
R0_vs_O3p,A073,22,0.9989493644517017
R0_vs_O3p,A073,23,0.9988466338943065
R0_vs_O3p,A073,24,0.9988214045298806
R0_vs_O3p,A073,25,0.9984280221860135
R0_vs_O3p,A073,26,0.9989488298175365
R0_vs_O3p,A073,27,0.9990090857413265
R0_vs_O3p,A073,28,0.9990045752681487
R0_vs_O3p,A073,29,0.9989850222486236
R0_vs_O3p,A073,30,0.9986398128256774
R0_vs_O3p,A073,31,0.998579663324271
R0_vs_O3p,A073,32,0.9988774542721001
R0_vs_O3p,A073,33,0.9988977972961783
R0_vs_O3p,A073,34,0.998814582744153
R0_vs_O3p,A073,35,0.998864721328898
R0_vs_O3p,A073,36,0.9988326071432234
R0_vs_O3p,A073,37,0.9985314805583886
R0_vs_O3p,A073,38,0.9973157752056776
R0_vs_O3p,A073,39,0.9980407672387643
R0_vs_O3p,A073,40,0.9985095918680534
R0_vs_O3p,A073,41,0.9975467366477107
R0_vs_O3p,A073,42,0.9989095577804737
R0_vs_O3p,A074,0,0.8300793520882029
R0_vs_O3p,A074,1,0.9960437579728454
R0_vs_O3p,A074,2,0.9984745071601263
R0_vs_O3p,A074,3,0.9990988154478294
R0_vs_O3p,A074,4,0.9990457327463995
R0_vs_O3p,A074,5,0.9987348299841776
R0_vs_O3p,A074,6,0.999221639234353
R0_vs_O3p,A074,7,0.9992990262627146
R0_vs_O3p,A074,8,0.9995054576860792
R0_vs_O3p,A074,9,0.9991013049615117
R0_vs_O3p,A074,10,0.9989958315667653
R0_vs_O3p,A074,11,0.9990005966974904
R0_vs_O3p,A074,12,0.9987447889813407
R0_vs_O3p,A074,13,0.9986087940862014
R0_vs_O3p,A074,14,0.9989418002787908
R0_vs_O3p,A074,15,0.998958751217879
R0_vs_O3p,A074,16,0.9986062776813854
R0_vs_O3p,A074,17,0.9985081978972274
R0_vs_O3p,A074,18,0.9986546472197665
R0_vs_O3p,A074,19,0.9984605680055965
R0_vs_O3p,A074,20,0.9986974209503715
R0_vs_O3p,A074,21,0.9984627118424882
R0_vs_O3p,A074,22,0.9989210194459662
R0_vs_O3p,A074,23,0.9989343993524532
R0_vs_O3p,A074,24,0.9990092859503404
R0_vs_O3p,A074,25,0.9985940336394952
R0_vs_O3p,A074,26,0.9986626092134874
R0_vs_O3p,A074,27,0.9986080767636643
R0_vs_O3p,A074,28,0.9988771670101818
R0_vs_O3p,A074,29,0.9985258816443285
R0_vs_O3p,A074,30,0.9989561727306305
R0_vs_O3p,A074,31,0.9987827771829859
R0_vs_O3p,A074,32,0.9983353079638478
R0_vs_O3p,A074,33,0.9983928349480765
R0_vs_O3p,A074,34,0.9975879523392964
R0_vs_O3p,A074,35,0.9984137963610358
R0_vs_O3p,A074,36,0.9987565455217122
R0_vs_O3p,A074,37,0.9967530122226674
R0_vs_O3p,A074,38,0.9989909505101833
R0_vs_O3p,A075,0,0.8300793520882029
R0_vs_O3p,A075,1,0.9960437579728454
R0_vs_O3p,A075,2,0.9984745071601263
R0_vs_O3p,A075,3,0.9989539391888389
R0_vs_O3p,A075,4,0.9989150730561903
R0_vs_O3p,A075,5,0.9989919621528051
R0_vs_O3p,A075,6,0.9989358110795138
R0_vs_O3p,A075,7,0.9994655998738936
R0_vs_O3p,A075,8,0.9995634015857046
R0_vs_O3p,A075,9,0.9992441092582643
R0_vs_O3p,A075,10,0.9991067353695546
R0_vs_O3p,A075,11,0.9991663119453764
R0_vs_O3p,A075,12,0.9989441017391462
R0_vs_O3p,A075,13,0.9986682182619804
R0_vs_O3p,A075,14,0.998908039838193
R0_vs_O3p,A075,15,0.9987132818862996
R0_vs_O3p,A075,16,0.9994178236734393
R0_vs_O3p,A075,17,0.9988431533354146
R0_vs_O3p,A075,18,0.9986162273906627
R0_vs_O3p,A075,19,0.9990811006143459
R0_vs_O3p,A075,20,0.9988743023524264
R0_vs_O3p,A075,21,0.9987734305356766
R0_vs_O3p,A075,22,0.9987488570710281
R0_vs_O3p,A075,23,0.9989102931331062
R0_vs_O3p,A075,24,0.9985251945363217
R0_vs_O3p,A075,25,0.9985579032724612
R0_vs_O3p,A075,26,0.9988726833424948
R0_vs_O3p,A075,27,0.9988040365681596
R0_vs_O3p,A075,28,0.9989815257956828
R0_vs_O3p,A075,29,0.9991666447339804
R0_vs_O3p,A075,30,0.9990088881766683
R0_vs_O3p,A075,31,0.9987401678324869
R0_vs_O3p,A075,32,0.9985700070420521
R0_vs_O3p,A075,33,0.9973904199814024
R0_vs_O3p,A075,34,0.9982050651758765
R0_vs_O3p,A075,35,0.9985358248184754
R0_vs_O3p,A075,36,0.9977696771462612
R0_vs_O3p,A075,37,0.9991708905681154
R0_vs_O3p,A076,0,0.8300793520882029
R0_vs_O3p,A076,1,0.9960437579728454
R0_vs_O3p,A076,2,0.9984745071601263
R0_vs_O3p,A076,3,0.9990988154478294
R0_vs_O3p,A076,4,0.9993627597157679
R0_vs_O3p,A076,5,0.9990958351741897
R0_vs_O3p,A076,6,0.9984922803239352
R0_vs_O3p,A076,7,0.9991477632537321
R0_vs_O3p,A076,8,0.9993219260116867
R0_vs_O3p,A076,9,0.9991977818459542
R0_vs_O3p,A076,10,0.9987425336588932
R0_vs_O3p,A076,11,0.9988861364636387
R0_vs_O3p,A076,12,0.9982797866109848
R0_vs_O3p,A076,13,0.9984041233412448
R0_vs_O3p,A076,14,0.9972875115286369
R0_vs_O3p,A076,15,0.9987521827573844
R0_vs_O3p,A076,16,0.9985185342969538
R0_vs_O3p,A076,17,0.9985086754906132
R0_vs_O3p,A076,18,0.9989868026664188
R0_vs_O3p,A076,19,0.9992879045485187
R0_vs_O3p,A076,20,0.9989869543348527
R0_vs_O3p,A076,21,0.999032185725108
R0_vs_O3p,A076,22,0.9988257269029384
R0_vs_O3p,A076,23,0.9988254357720577
R0_vs_O3p,A076,24,0.9990341830847663
R0_vs_O3p,A076,25,0.9991734977363615
R0_vs_O3p,A076,26,0.998955776418455
R0_vs_O3p,A076,27,0.999212777280236
R0_vs_O3p,A076,28,0.9989196773339
R0_vs_O3p,A076,29,0.9983694711365934
R0_vs_O3p,A076,30,0.9988057180561816
R0_vs_O3p,A076,31,0.9990296253481595
R0_vs_O3p,A076,32,0.9985761497655605
R0_vs_O3p,A076,33,0.9986196149561848
R0_vs_O3p,A076,34,0.9974111880069942
R0_vs_O3p,A076,35,0.9982829903783395
R0_vs_O3p,A076,36,0.9986397934747865
R0_vs_O3p,A076,37,0.9973932351581445
R0_vs_O3p,A076,38,0.9986196576338225
R0_vs_O3p,A077,0,0.8300793520882029
R0_vs_O3p,A077,1,0.9960437579728454
R0_vs_O3p,A077,2,0.9984745071601263
R0_vs_O3p,A077,3,0.9990988154478294
R0_vs_O3p,A077,4,0.9991580338757456
R0_vs_O3p,A077,5,0.999335162785721
R0_vs_O3p,A077,6,0.9989491210909887
R0_vs_O3p,A077,7,0.999267358622706
R0_vs_O3p,A077,8,0.9993437346878837
R0_vs_O3p,A077,9,0.9989694659980167
R0_vs_O3p,A077,10,0.9989305800605466
R0_vs_O3p,A077,11,0.9990058120809995
R0_vs_O3p,A077,12,0.998542010691807
R0_vs_O3p,A077,13,0.9991207787363979
R0_vs_O3p,A077,14,0.9990257162972772
R0_vs_O3p,A077,15,0.9990481175815134
R0_vs_O3p,A077,16,0.9990869094718369
R0_vs_O3p,A077,17,0.9987297461274136
R0_vs_O3p,A077,18,0.9990486247658183
R0_vs_O3p,A077,19,0.9987293036017837
R0_vs_O3p,A077,20,0.9990707510927623
R0_vs_O3p,A077,21,0.9992588774692059
R0_vs_O3p,A077,22,0.9986547829810282
R0_vs_O3p,A077,23,0.9990028284090999
R0_vs_O3p,A077,24,0.999421030631629
R0_vs_O3p,A077,25,0.9980561632776312
R0_vs_O3p,A077,26,0.9989533562718614
R0_vs_O3p,A077,27,0.998687814596881
R0_vs_O3p,A077,28,0.9986213182784313
R0_vs_O3p,A077,29,0.9986108020234296
R0_vs_O3p,A077,30,0.9987796286425525
R0_vs_O3p,A077,31,0.9991453693833424
R0_vs_O3p,A077,32,0.9987907343586269
R0_vs_O3p,A077,33,0.998697153636102
R0_vs_O3p,A077,34,0.9973509520746531
R0_vs_O3p,A077,35,0.9983042485786827
R0_vs_O3p,A077,36,0.9985731662253957
R0_vs_O3p,A077,37,0.996604403703348
R0_vs_O3p,A077,38,0.9985243186506544
R0_vs_O3p,A078,0,0.8300793520882029
R0_vs_O3p,A078,1,0.9960437579728454
R0_vs_O3p,A078,2,0.9984745071601263
R0_vs_O3p,A078,3,0.9990988154478294
R0_vs_O3p,A078,4,0.9991351395386812
R0_vs_O3p,A078,5,0.9990034508805407
R0_vs_O3p,A078,6,0.9994380451244557
R0_vs_O3p,A078,7,0.9993989068768124
R0_vs_O3p,A078,8,0.9993887810490844
R0_vs_O3p,A078,9,0.9990825163285827
R0_vs_O3p,A078,10,0.9989245646130226
R0_vs_O3p,A078,11,0.9989802438436431
R0_vs_O3p,A078,12,0.9990572147424758
R0_vs_O3p,A078,13,0.9986475741565873
R0_vs_O3p,A078,14,0.9989790439245948
R0_vs_O3p,A078,15,0.99902582135239
R0_vs_O3p,A078,16,0.9987662821834583
R0_vs_O3p,A078,17,0.9983495582501385
R0_vs_O3p,A078,18,0.9988475422249884
R0_vs_O3p,A078,19,0.9984170629683407
R0_vs_O3p,A078,20,0.9985983491001432
R0_vs_O3p,A078,21,0.9989850319647767
R0_vs_O3p,A078,22,0.9989018180273741
R0_vs_O3p,A078,23,0.998595206046772
R0_vs_O3p,A078,24,0.998672940074695
R0_vs_O3p,A078,25,0.9991954174997821
R0_vs_O3p,A078,26,0.9989882071686247
R0_vs_O3p,A078,27,0.999008990345246
R0_vs_O3p,A078,28,0.9991116354051387
R0_vs_O3p,A078,29,0.9986026727635291
R0_vs_O3p,A078,30,0.9982223159613142
R0_vs_O3p,A078,31,0.9977442593469313
R0_vs_O3p,A078,32,0.998161881896563
R0_vs_O3p,A078,33,0.9983206923953043
R0_vs_O3p,A078,34,0.9980942024877549
R0_vs_O3p,A078,35,0.9994468494512986
R0_vs_O3p,A079,0,0.8300793520882029
R0_vs_O3p,A079,1,0.9960437579728454
R0_vs_O3p,A079,2,0.9984745071601263
R0_vs_O3p,A079,3,0.9990988154478294
R0_vs_O3p,A079,4,0.9991854085778766
R0_vs_O3p,A079,5,0.9990311574336939
R0_vs_O3p,A079,6,0.9994419999012326
R0_vs_O3p,A079,7,0.9992839467496435
R0_vs_O3p,A079,8,0.9991784078864151
R0_vs_O3p,A079,9,0.9986248323938567
R0_vs_O3p,A079,10,0.9988863610990923
R0_vs_O3p,A079,11,0.9989052664621797
R0_vs_O3p,A079,12,0.9996375932379149
R0_vs_O3p,A079,13,0.998968828426399
R0_vs_O3p,A079,14,0.9987651921920812
R0_vs_O3p,A079,15,0.9980023059399361
R0_vs_O3p,A079,16,0.9985432749342921
R0_vs_O3p,A079,17,0.9985880563939742
R0_vs_O3p,A079,18,0.9983948938301036
R0_vs_O3p,A079,19,0.99853113433713
R0_vs_O3p,A079,20,0.9982451542469138
R0_vs_O3p,A079,21,0.9983796760643459
R0_vs_O3p,A079,22,0.9985568741899526
R0_vs_O3p,A079,23,0.9989751925009285
R0_vs_O3p,A079,24,0.9982453040480254
R0_vs_O3p,A079,25,0.9989208788578431
R0_vs_O3p,A079,26,0.9985943516612577
R0_vs_O3p,A079,27,0.9988532701288868
R0_vs_O3p,A079,28,0.998864058151133
R0_vs_O3p,A079,29,0.998816356347877
R0_vs_O3p,A079,30,0.9986566227732274
R0_vs_O3p,A079,31,0.9983569068445889
R0_vs_O3p,A079,32,0.9975047380913592
R0_vs_O3p,A079,33,0.9982963417851464
R0_vs_O3p,A079,34,0.9964994350139971
R0_vs_O3p,A079,35,0.9980117428921209
R0_vs_O3p,A079,36,0.9990127441269515
R0_vs_O3p,A080,0,0.8300793520882029
R0_vs_O3p,A080,1,0.9960437579728454
R0_vs_O3p,A080,2,0.9984745071601263
R0_vs_O3p,A080,3,0.9990988154478294
R0_vs_O3p,A080,4,0.9993161582988768
R0_vs_O3p,A080,5,0.999007034788033
R0_vs_O3p,A080,6,0.9987588396616643
R0_vs_O3p,A080,7,0.9995964976130189
R0_vs_O3p,A080,8,0.9988230369715005
R0_vs_O3p,A080,9,0.9985380049521787
R0_vs_O3p,A080,10,0.9991419824842332
R0_vs_O3p,A080,11,0.999210878876221
R0_vs_O3p,A080,12,0.9984341618977055
R0_vs_O3p,A080,13,0.9988204644441329
R0_vs_O3p,A080,14,0.9986073926940244
R0_vs_O3p,A080,15,0.9982654955809908
R0_vs_O3p,A080,16,0.9982345356992087
R0_vs_O3p,A080,17,0.9987144667816039
R0_vs_O3p,A080,18,0.9987096794817246
R0_vs_O3p,A080,19,0.998720426806895
R0_vs_O3p,A080,20,0.9987830857003895
R0_vs_O3p,A080,21,0.998765750923325
R0_vs_O3p,A080,22,0.998792683609124
R0_vs_O3p,A080,23,0.998617485857102
R0_vs_O3p,A080,24,0.9986899260939525
R0_vs_O3p,A080,25,0.9991064871962815
R0_vs_O3p,A080,26,0.9988980798973117
R0_vs_O3p,A080,27,0.9985071006779616
R0_vs_O3p,A080,28,0.9986460932890912
R0_vs_O3p,A080,29,0.9985202803304284
R0_vs_O3p,A080,30,0.9972027705626201
R0_vs_O3p,A080,31,0.9984142874911339
R0_vs_O3p,A080,32,0.9983783326822898
R0_vs_O3p,A080,33,0.9974721980670004
R0_vs_O3p,A080,34,0.9987816650846262
R0_vs_O3p,A081,0,0.8300793520882029
R0_vs_O3p,A081,1,0.9960437579728454
R0_vs_O3p,A081,2,0.9984745071601263
R0_vs_O3p,A081,3,0.9990988154478294
R0_vs_O3p,A081,4,0.9993103403028346
R0_vs_O3p,A081,5,0.9992149407251597
R0_vs_O3p,A081,6,0.9989825363907562
R0_vs_O3p,A081,7,0.9993042931478764
R0_vs_O3p,A081,8,0.9990370462506766
R0_vs_O3p,A081,9,0.9988944079844794
R0_vs_O3p,A081,10,0.9995193404315764
R0_vs_O3p,A081,11,0.9993314902493055
R0_vs_O3p,A081,12,0.9987101490834617
R0_vs_O3p,A081,13,0.999165408673483
R0_vs_O3p,A081,14,0.9989040349818563
R0_vs_O3p,A081,15,0.998734750065207
R0_vs_O3p,A081,16,0.9993100576223584
R0_vs_O3p,A081,17,0.9990992479039208
R0_vs_O3p,A081,18,0.9989199362469042
R0_vs_O3p,A081,19,0.9989492684456448
R0_vs_O3p,A081,20,0.9984085094946614
R0_vs_O3p,A081,21,0.9973316357918777
R0_vs_O3p,A081,22,0.9978665198887622
R0_vs_O3p,A081,23,0.9977438575452191
R0_vs_O3p,A081,24,0.9979060264206756
R0_vs_O3p,A081,25,0.998530174440575
R0_vs_O3p,A082,0,0.8300793520882029
R0_vs_O3p,A082,1,0.9960437579728454
R0_vs_O3p,A082,2,0.9984745071601263
R0_vs_O3p,A082,3,0.9990988154478294
R0_vs_O3p,A082,4,0.998953208623116
R0_vs_O3p,A082,5,0.9991202098902303
R0_vs_O3p,A082,6,0.9993253036564764
R0_vs_O3p,A082,7,0.9992214772792022
R0_vs_O3p,A082,8,0.9997065227236017
R0_vs_O3p,A082,9,0.9998196789049572
R0_vs_O3p,A082,10,0.9995793056670493
R0_vs_O3p,A082,11,0.9996353555726961
R0_vs_O3p,A082,12,0.999094670392627
R0_vs_O3p,A082,13,0.9993143586146448
R0_vs_O3p,A082,14,0.9995635645108013
R0_vs_O3p,A082,15,0.9991926363936499
R0_vs_O3p,A082,16,0.9989235643227374
R0_vs_O3p,A082,17,0.9992139686159961
R0_vs_O3p,A082,18,0.9992383855047646
R0_vs_O3p,A082,19,0.998936034719956
R0_vs_O3p,A082,20,0.9986978315016531
R0_vs_O3p,A082,21,0.9983886338676216
R0_vs_O3p,A082,22,0.9972716764742995
R0_vs_O3p,A082,23,0.9981048501082883
R0_vs_O3p,A082,24,0.9983505407290806
R0_vs_O3p,A082,25,0.9980439372737611
R0_vs_O3p,A082,26,0.9986754045886856
R0_vs_O3p,A083,0,0.8300793520882029
R0_vs_O3p,A083,1,0.9960437579728454
R0_vs_O3p,A083,2,0.9984745071601263
R0_vs_O3p,A083,3,0.9990988154478294
R0_vs_O3p,A083,4,0.9993731635746105
R0_vs_O3p,A083,5,0.9984207497417731
R0_vs_O3p,A083,6,0.9986392104268337
R0_vs_O3p,A083,7,0.9979583704086307
R0_vs_O3p,A083,8,0.9988882353622511
R0_vs_O3p,A083,9,0.999312039648986
R0_vs_O3p,A083,10,0.9995485447662004
R0_vs_O3p,A083,11,0.9994732314956879
R0_vs_O3p,A083,12,0.9994925975648654
R0_vs_O3p,A083,13,0.999238646529358
R0_vs_O3p,A083,14,0.9992131759792603
R0_vs_O3p,A083,15,0.9985547986388273
R0_vs_O3p,A083,16,0.9991057647772311
R0_vs_O3p,A083,17,0.9985247682356901
R0_vs_O3p,A083,18,0.9984938580866402
R0_vs_O3p,A083,19,0.999055123504452
R0_vs_O3p,A083,20,0.9985311342000924
R0_vs_O3p,A083,21,0.9985166218958786
R0_vs_O3p,A083,22,0.9981212900321237
R0_vs_O3p,A083,23,0.9973132131586412
R0_vs_O3p,A083,24,0.9979705428423609
R0_vs_O3p,A083,25,0.9988278371131933
R0_vs_O3p,A083,26,0.9980806797306067
R0_vs_O3p,A083,27,0.999102873342164
R0_vs_O3p,A084,0,0.8300793520882029
R0_vs_O3p,A084,1,0.9960437579728454
R0_vs_O3p,A084,2,0.9984745071601263
R0_vs_O3p,A084,3,0.9990988154478294
R0_vs_O3p,A084,4,0.9993627597157679
R0_vs_O3p,A084,5,0.9990347508932458
R0_vs_O3p,A084,6,0.999235716296568
R0_vs_O3p,A084,7,0.9993992536843791
R0_vs_O3p,A084,8,0.9992207135890033
R0_vs_O3p,A084,9,0.9988818674612782
R0_vs_O3p,A084,10,0.9986519822297593
R0_vs_O3p,A084,11,0.9991687442913461
R0_vs_O3p,A084,12,0.999370635483609
R0_vs_O3p,A084,13,0.9990698817464814
R0_vs_O3p,A084,14,0.9989962803052962
R0_vs_O3p,A084,15,0.9989796533606873
R0_vs_O3p,A084,16,0.9989779003540771
R0_vs_O3p,A084,17,0.999033963174251
R0_vs_O3p,A084,18,0.9991407676578969
R0_vs_O3p,A084,19,0.9984970473847379
R0_vs_O3p,A084,20,0.997702047052885
R0_vs_O3p,A084,21,0.9981235589441202
R0_vs_O3p,A084,22,0.9986029889752713
R0_vs_O3p,A084,23,0.9979957723301388
R0_vs_O3p,A084,24,0.9981388509077114
R0_vs_O3p,A085,0,0.8300793520882029
R0_vs_O3p,A085,1,0.9960437579728454
R0_vs_O3p,A085,2,0.9984745071601263
R0_vs_O3p,A085,3,0.9990988154478294
R0_vs_O3p,A085,4,0.9990005062407298
R0_vs_O3p,A085,5,0.9986314310508735
R0_vs_O3p,A085,6,0.9990977322012101
R0_vs_O3p,A085,7,0.9993120802328288
R0_vs_O3p,A085,8,0.9991409378308563
R0_vs_O3p,A085,9,0.9996100114949921
R0_vs_O3p,A085,10,0.9994047778850745
R0_vs_O3p,A085,11,0.9993806721447271
R0_vs_O3p,A085,12,0.9994351051926127
R0_vs_O3p,A085,13,0.999508040111954
R0_vs_O3p,A085,14,0.9991402349256895
R0_vs_O3p,A085,15,0.999122813198024
R0_vs_O3p,A085,16,0.9994126661854094
R0_vs_O3p,A085,17,0.9991927177852051
R0_vs_O3p,A085,18,0.9993472117930111
R0_vs_O3p,A085,19,0.9983582646004749
R0_vs_O3p,A085,20,0.9976752782072976
R0_vs_O3p,A085,21,0.9975740627198252
R0_vs_O3p,A085,22,0.9987805428084771
R0_vs_O3p,A085,23,0.998543088398666
R0_vs_O3p,A085,24,0.9993359620037919
R0_vs_O3p,A086,0,0.8300793520882029
R0_vs_O3p,A086,1,0.9960437579728454
R0_vs_O3p,A086,2,0.9984745071601263
R0_vs_O3p,A086,3,0.9990988154478294
R0_vs_O3p,A086,4,0.9990814786685775
R0_vs_O3p,A086,5,0.9989965153248043
R0_vs_O3p,A086,6,0.998736097189974
R0_vs_O3p,A086,7,0.999375983868923
R0_vs_O3p,A086,8,0.9993693256312329
R0_vs_O3p,A086,9,0.9994261043140006
R0_vs_O3p,A086,10,0.9992921930050167
R0_vs_O3p,A086,11,0.9994843900237265
R0_vs_O3p,A086,12,0.9996200536641877
R0_vs_O3p,A086,13,0.9994980168390118
R0_vs_O3p,A086,14,0.9993453797856032
R0_vs_O3p,A086,15,0.999251650754771
R0_vs_O3p,A086,16,0.9985003079558279
R0_vs_O3p,A086,17,0.9978246737125696
R0_vs_O3p,A086,18,0.9982542327179097
R0_vs_O3p,A086,19,0.998798824401255
R0_vs_O3p,A086,20,0.9971849164480135
R0_vs_O3p,A086,21,0.9986961886421635
R0_vs_O3p,A087,0,0.8300793520882029
R0_vs_O3p,A087,1,0.9960437579728454
R0_vs_O3p,A087,2,0.9984745071601263
R0_vs_O3p,A087,3,0.9990988154478294
R0_vs_O3p,A087,4,0.9992103161105887
R0_vs_O3p,A087,5,0.9989193301346809
R0_vs_O3p,A087,6,0.9993143055474826
R0_vs_O3p,A087,7,0.9988333952735804
R0_vs_O3p,A087,8,0.9988658909660597
R0_vs_O3p,A087,9,0.9986461245671028
R0_vs_O3p,A087,10,0.9991214760244549
R0_vs_O3p,A087,11,0.9987178286507593
R0_vs_O3p,A087,12,0.9991743307393263
R0_vs_O3p,A087,13,0.9987712008496429
R0_vs_O3p,A087,14,0.9993301630192284
R0_vs_O3p,A087,15,0.9992101078565792
R0_vs_O3p,A087,16,0.9983555085678721
R0_vs_O3p,A087,17,0.9973787495642557
R0_vs_O3p,A087,18,0.9981144643876655
R0_vs_O3p,A087,19,0.9978908010669942
R0_vs_O3p,A087,20,0.9979072687511854
R0_vs_O3p,A087,21,0.9987061132158905
R0_vs_O3p,A088,0,0.8300793520882029
R0_vs_O3p,A088,1,0.9960437579728454
R0_vs_O3p,A088,2,0.9984745071601263
R0_vs_O3p,A088,3,0.9990988154478294
R0_vs_O3p,A088,4,0.9991981551181659
R0_vs_O3p,A088,5,0.9990747801509664
R0_vs_O3p,A088,6,0.999177967667348
R0_vs_O3p,A088,7,0.998921020352494
R0_vs_O3p,A088,8,0.9989831023498094
R0_vs_O3p,A088,9,0.9996746724542418
R0_vs_O3p,A088,10,0.9996465334975528
R0_vs_O3p,A088,11,0.9992930230731253
R0_vs_O3p,A088,12,0.9990248957486332
R0_vs_O3p,A088,13,0.9985463690947647
R0_vs_O3p,A088,14,0.9991031005797103
R0_vs_O3p,A088,15,0.9987045087836592
R0_vs_O3p,A088,16,0.9986181398561721
R0_vs_O3p,A088,17,0.9988317740895031
R0_vs_O3p,A088,18,0.9984998147295325
R0_vs_O3p,A088,19,0.997395854960738
R0_vs_O3p,A088,20,0.9976519527013834
R0_vs_O3p,A088,21,0.9987080974715855
R0_vs_O3p,A088,22,0.9979770512123443
R0_vs_O3p,A088,23,0.998877253323094
R0_vs_O3p,A089,0,0.8300793520882029
R0_vs_O3p,A089,1,0.9960437579728454
R0_vs_O3p,A089,2,0.9984745071601263
R0_vs_O3p,A089,3,0.9990988154478294
R0_vs_O3p,A089,4,0.9992110476675096
R0_vs_O3p,A089,5,0.9988431231171001
R0_vs_O3p,A089,6,0.9992586842540855
R0_vs_O3p,A089,7,0.9987568585687222
R0_vs_O3p,A089,8,0.9989239736127771
R0_vs_O3p,A089,9,0.9988854247888008
R0_vs_O3p,A089,10,0.9986955451360704
R0_vs_O3p,A089,11,0.9991288147761563
R0_vs_O3p,A089,12,0.9992192469465894
R0_vs_O3p,A089,13,0.9993660759982345
R0_vs_O3p,A089,14,0.9988750329624688
R0_vs_O3p,A089,15,0.999331494855698
R0_vs_O3p,A089,16,0.9989242335297467
R0_vs_O3p,A089,17,0.9986238784459632
R0_vs_O3p,A089,18,0.9988310977840209
R0_vs_O3p,A089,19,0.9985149367652273
R0_vs_O3p,A089,20,0.9982547256679302
R0_vs_O3p,A089,21,0.9974734980220514
R0_vs_O3p,A089,22,0.997910107057004
R0_vs_O3p,A089,23,0.9987276777122868
R0_vs_O3p,A089,24,0.9980782672164711
R0_vs_O3p,A089,25,0.9984621568380909
R0_vs_O3p,A090,0,0.8300793520882029
R0_vs_O3p,A090,1,0.9960437579728454
R0_vs_O3p,A090,2,0.9984745071601263
R0_vs_O3p,A090,3,0.9990988154478294
R0_vs_O3p,A090,4,0.9985482880017064
R0_vs_O3p,A090,5,0.9987567308426591
R0_vs_O3p,A090,6,0.9989713215374076
R0_vs_O3p,A090,7,0.999135838725619
R0_vs_O3p,A090,8,0.9985415750845977
R0_vs_O3p,A090,9,0.9989844499865475
R0_vs_O3p,A090,10,0.9982147511395084
R0_vs_O3p,A090,11,0.9989687584335921
R0_vs_O3p,A090,12,0.9993462781957181
R0_vs_O3p,A090,13,0.998932237194343
R0_vs_O3p,A090,14,0.9995136657726396
R0_vs_O3p,A090,15,0.998972583223951
R0_vs_O3p,A090,16,0.9991334259150643
R0_vs_O3p,A090,17,0.9989926209591637
R0_vs_O3p,A090,18,0.9992859582260747
R0_vs_O3p,A090,19,0.9990382967934769
R0_vs_O3p,A090,20,0.999089113388734
R0_vs_O3p,A090,21,0.9992957405821841
R0_vs_O3p,A090,22,0.9989496809385279
R0_vs_O3p,A090,23,0.9983691531151518
R0_vs_O3p,A090,24,0.9978556229432932
R0_vs_O3p,A090,25,0.998341146220392
R0_vs_O3p,A090,26,0.9987490565134547
R0_vs_O3p,A090,27,0.9971343365705697
R0_vs_O3p,A090,28,0.9978962749614824
R0_vs_O3p,A091,0,0.8300793520882029
R0_vs_O3p,A091,1,0.9960437579728454
R0_vs_O3p,A091,2,0.9984745071601263
R0_vs_O3p,A091,3,0.9994875367607675
R0_vs_O3p,A091,4,0.9991446103915839
R0_vs_O3p,A091,5,0.9990171680874808
R0_vs_O3p,A091,6,0.9985455272668652
R0_vs_O3p,A091,7,0.9986937539177457
R0_vs_O3p,A091,8,0.9990779888767337
R0_vs_O3p,A091,9,0.9986527743460678
R0_vs_O3p,A091,10,0.9985880330933006
R0_vs_O3p,A091,11,0.9986497777185172
R0_vs_O3p,A091,12,0.9985589545634797
R0_vs_O3p,A091,13,0.9989779886040988
R0_vs_O3p,A091,14,0.9979550381089913
R0_vs_O3p,A091,15,0.9986806195357171
R0_vs_O3p,A091,16,0.9983468383125402
R0_vs_O3p,A091,17,0.9975155470135962
R0_vs_O3p,A091,18,0.997562965805689
R0_vs_O3p,A091,19,0.9987512586537782
R0_vs_O3p,A091,20,0.9984257544099914
R0_vs_O3p,A091,21,0.9980789903297699
R0_vs_O3p,A092,0,0.8300793520882029
R0_vs_O3p,A092,1,0.9960437579728454
R0_vs_O3p,A092,2,0.9984745071601263
R0_vs_O3p,A092,3,0.9994875367607675
R0_vs_O3p,A092,4,0.9991550806788736
R0_vs_O3p,A092,5,0.9991114137369153
R0_vs_O3p,A092,6,0.9989506487393905
R0_vs_O3p,A092,7,0.9987026021866483
R0_vs_O3p,A092,8,0.9980205214662559
R0_vs_O3p,A092,9,0.9988863652052249
R0_vs_O3p,A092,10,0.9990273783142245
R0_vs_O3p,A092,11,0.9991133460245184
R0_vs_O3p,A092,12,0.998905860479568
R0_vs_O3p,A092,13,0.998923655675091
R0_vs_O3p,A092,14,0.9987210538312802
R0_vs_O3p,A092,15,0.9987378560223619
R0_vs_O3p,A092,16,0.9991030051036712
R0_vs_O3p,A092,17,0.9990251374164668
R0_vs_O3p,A092,18,0.999075481986119
R0_vs_O3p,A092,19,0.9981847474911801
R0_vs_O3p,A092,20,0.9985386784097299
R0_vs_O3p,A092,21,0.9982781269047256
R0_vs_O3p,A092,22,0.9983962070870126
R0_vs_O3p,A092,23,0.9984061330813677
R0_vs_O3p,A092,24,0.9989975897990885
R0_vs_O3p,A092,25,0.9990853888508389
R0_vs_O3p,A092,26,0.9985557784707517
R0_vs_O3p,A092,27,0.9989597146010277
R0_vs_O3p,A092,28,0.9982131974503666
R0_vs_O3p,A092,29,0.9974266969699205
R0_vs_O3p,A092,30,0.9979348173208874
R0_vs_O3p,A092,31,0.9947084943497884
R0_vs_O3p,A092,32,0.9984465106455952
R0_vs_O3p,A092,33,0.9990980376932387
R0_vs_O3p,A093,0,0.8300793520882029
R0_vs_O3p,A093,1,0.9960437579728454
R0_vs_O3p,A093,2,0.9984745071601263
R0_vs_O3p,A093,3,0.9994208253188728
R0_vs_O3p,A093,4,0.9994194203313587
R0_vs_O3p,A093,5,0.9987882381875061
R0_vs_O3p,A093,6,0.9988230594462072
R0_vs_O3p,A093,7,0.9991087637004794
R0_vs_O3p,A093,8,0.9994094390478612
R0_vs_O3p,A093,9,0.9992877083925511
R0_vs_O3p,A093,10,0.9988481284681624
R0_vs_O3p,A093,11,0.999337381590978
R0_vs_O3p,A093,12,0.998996654637646
R0_vs_O3p,A093,13,0.998776514346723
R0_vs_O3p,A093,14,0.9991838759544682
R0_vs_O3p,A093,15,0.9990310673280636
R0_vs_O3p,A093,16,0.9987692247975711
R0_vs_O3p,A093,17,0.9984412253715994
R0_vs_O3p,A093,18,0.9976489410994416
R0_vs_O3p,A093,19,0.9981083608174707
R0_vs_O3p,A093,20,0.998416427958069
R0_vs_O3p,A093,21,0.9981953337384192
R0_vs_O3p,A093,22,0.9989258285377087
R0_vs_O3p,A094,0,0.8300793520882029
R0_vs_O3p,A094,1,0.9960437579728454
R0_vs_O3p,A094,2,0.9984745071601263
R0_vs_O3p,A094,3,0.9995275861227431
R0_vs_O3p,A094,4,0.9988119927647056
R0_vs_O3p,A094,5,0.9991491551596441
R0_vs_O3p,A094,6,0.9992709501165857
R0_vs_O3p,A094,7,0.9990775441923123
R0_vs_O3p,A094,8,0.9986850161080767
R0_vs_O3p,A094,9,0.999166349557289
R0_vs_O3p,A094,10,0.9988295507794892
R0_vs_O3p,A094,11,0.9988765776637362
R0_vs_O3p,A094,12,0.9988454421063098
R0_vs_O3p,A094,13,0.9992216681267649
R0_vs_O3p,A094,14,0.9990496734027405
R0_vs_O3p,A094,15,0.9991027026900141
R0_vs_O3p,A094,16,0.9990375917488609
R0_vs_O3p,A094,17,0.998872810399814
R0_vs_O3p,A094,18,0.9986012186193629
R0_vs_O3p,A094,19,0.9975703193099831
R0_vs_O3p,A094,20,0.9979702660522627
R0_vs_O3p,A094,21,0.9986381746216604
R0_vs_O3p,A094,22,0.9981741260479381
R0_vs_O3p,A094,23,0.9984553985774811
R0_vs_O3p,A095,0,0.8300793520882029
R0_vs_O3p,A095,1,0.9960437579728454
R0_vs_O3p,A095,2,0.9984745071601263
R0_vs_O3p,A095,3,0.9994875367607675
R0_vs_O3p,A095,4,0.9992719597228074
R0_vs_O3p,A095,5,0.9982311144872451
R0_vs_O3p,A095,6,0.998897369453839
R0_vs_O3p,A095,7,0.9985705783085861
R0_vs_O3p,A095,8,0.9991419429433551
R0_vs_O3p,A095,9,0.999247454638783
R0_vs_O3p,A095,10,0.9984387388501248
R0_vs_O3p,A095,11,0.999346766664928
R0_vs_O3p,A095,12,0.99920729615508
R0_vs_O3p,A095,13,0.9990215445519207
R0_vs_O3p,A095,14,0.9991009708946885
R0_vs_O3p,A095,15,0.9982516942981782
R0_vs_O3p,A095,16,0.9986604280277496
R0_vs_O3p,A095,17,0.9986861204672545
R0_vs_O3p,A095,18,0.9986621404569898
R0_vs_O3p,A095,19,0.9994472243152968
R0_vs_O3p,A095,20,0.9988415584533883
R0_vs_O3p,A095,21,0.9993440702061143
R0_vs_O3p,A095,22,0.9983962233985347
R0_vs_O3p,A095,23,0.9983578460828202
R0_vs_O3p,A095,24,0.9990705248826359
R0_vs_O3p,A095,25,0.99858766615125
R0_vs_O3p,A095,26,0.9986436499989275
R0_vs_O3p,A095,27,0.9984051395404578
R0_vs_O3p,A095,28,0.997484863199384
R0_vs_O3p,A095,29,0.9980512968944738
R0_vs_O3p,A095,30,0.9982127875421098
R0_vs_O3p,A095,31,0.9984547521239234
R0_vs_O3p,A095,32,0.9990951579996412
R0_vs_O3p,A096,0,0.8300793520882029
R0_vs_O3p,A096,1,0.9960437579728454
R0_vs_O3p,A096,2,0.9984745071601263
R0_vs_O3p,A096,3,0.9994208253188728
R0_vs_O3p,A096,4,0.9991770832365783
R0_vs_O3p,A096,5,0.9991964836303455
R0_vs_O3p,A096,6,0.9991237458472603
R0_vs_O3p,A096,7,0.9986277363085628
R0_vs_O3p,A096,8,0.9988199741362283
R0_vs_O3p,A096,9,0.9989858705995655
R0_vs_O3p,A096,10,0.9992243071346686
R0_vs_O3p,A096,11,0.9994239819088424
R0_vs_O3p,A096,12,0.9991844978318358
R0_vs_O3p,A096,13,0.9988622417979515
R0_vs_O3p,A096,14,0.9987717263627682
R0_vs_O3p,A096,15,0.998939781846069
R0_vs_O3p,A096,16,0.9985350774347335
R0_vs_O3p,A096,17,0.9984357631432812
R0_vs_O3p,A096,18,0.9973598569892753
R0_vs_O3p,A096,19,0.9975914398166125
R0_vs_O3p,A096,20,0.9985666815574153
R0_vs_O3p,A096,21,0.9985410452621917
R0_vs_O3p,A096,22,0.9989010363577197
R0_vs_O3p,A097,0,0.8300793520882029
R0_vs_O3p,A097,1,0.9960437579728454
R0_vs_O3p,A097,2,0.9984745071601263
R0_vs_O3p,A097,3,0.9994875367607675
R0_vs_O3p,A097,4,0.9986593589561004
R0_vs_O3p,A097,5,0.9985453054057266
R0_vs_O3p,A097,6,0.9987312585797911
R0_vs_O3p,A097,7,0.9988748689734644
R0_vs_O3p,A097,8,0.9985456119431771
R0_vs_O3p,A097,9,0.9989539911603642
R0_vs_O3p,A097,10,0.9993437594343463
R0_vs_O3p,A097,11,0.998844642736711
R0_vs_O3p,A097,12,0.9994752036098742
R0_vs_O3p,A097,13,0.9992029854523841
R0_vs_O3p,A097,14,0.9986069911475405
R0_vs_O3p,A097,15,0.9989639223744873
R0_vs_O3p,A097,16,0.9991896417164002
R0_vs_O3p,A097,17,0.999118133959535
R0_vs_O3p,A097,18,0.9990431966290201
R0_vs_O3p,A097,19,0.9978314035702995
R0_vs_O3p,A097,20,0.9983156991795052
R0_vs_O3p,A097,21,0.9975535941628387
R0_vs_O3p,A097,22,0.9977460225462714
R0_vs_O3p,A097,23,0.9978846441196222
R0_vs_O3p,A097,24,0.9980621834048746
R0_vs_O3p,A097,25,0.9986238576797567
R0_vs_O3p,A098,0,0.8300793520882029
R0_vs_O3p,A098,1,0.9960437579728454
R0_vs_O3p,A098,2,0.9984745071601263
R0_vs_O3p,A098,3,0.9995275861227431
R0_vs_O3p,A098,4,0.9992166842893084
R0_vs_O3p,A098,5,0.9990791711885321
R0_vs_O3p,A098,6,0.9991592741792947
R0_vs_O3p,A098,7,0.998937397186337
R0_vs_O3p,A098,8,0.9992367895199109
R0_vs_O3p,A098,9,0.9988708642619726
R0_vs_O3p,A098,10,0.9994215847316629
R0_vs_O3p,A098,11,0.9985066191632509
R0_vs_O3p,A098,12,0.9990894331084196
R0_vs_O3p,A098,13,0.999146592653957
R0_vs_O3p,A098,14,0.9991883268113305
R0_vs_O3p,A098,15,0.9991499700797678
R0_vs_O3p,A098,16,0.9989680404380022
R0_vs_O3p,A098,17,0.9991018792501405
R0_vs_O3p,A098,18,0.9990834061703422
R0_vs_O3p,A098,19,0.9989708330962062
R0_vs_O3p,A098,20,0.9990699283623252
R0_vs_O3p,A098,21,0.9991260527578214
R0_vs_O3p,A098,22,0.9986460033732826
R0_vs_O3p,A098,23,0.9974610750449442
R0_vs_O3p,A098,24,0.9970533844900183
R0_vs_O3p,A098,25,0.9984509128549504
R0_vs_O3p,A098,26,0.9984289734187367
R0_vs_O3p,A098,27,0.9988208609304322
R0_vs_O3p,A099,0,0.8300793520882029
R0_vs_O3p,A099,1,0.9960437579728454
R0_vs_O3p,A099,2,0.9984745071601263
R0_vs_O3p,A099,3,0.9994875367607675
R0_vs_O3p,A099,4,0.9991680442936172
R0_vs_O3p,A099,5,0.998553578963754
R0_vs_O3p,A099,6,0.9989181842622183
R0_vs_O3p,A099,7,0.9988221696001477
R0_vs_O3p,A099,8,0.9993929160269651
R0_vs_O3p,A099,9,0.9994252456345997
R0_vs_O3p,A099,10,0.9987515346404775
R0_vs_O3p,A099,11,0.9989045664715667
R0_vs_O3p,A099,12,0.9989739811471621
R0_vs_O3p,A099,13,0.9987727007040238
R0_vs_O3p,A099,14,0.9984933986742677
R0_vs_O3p,A099,15,0.9983703813234043
R0_vs_O3p,A099,16,0.9985542995878797
R0_vs_O3p,A099,17,0.9986774789940842
R0_vs_O3p,A099,18,0.9990055125636765
R0_vs_O3p,A099,19,0.998867436068674
R0_vs_O3p,A099,20,0.9979562214739388
R0_vs_O3p,A099,21,0.9974432356219611
R0_vs_O3p,A099,22,0.9985743256250899
R0_vs_O3p,A099,23,0.9983968759749513
R0_vs_O3p,A099,24,0.9977644233725362
R0_vs_O3p,A099,25,0.9976887965066538
R0_vs_O3p,A099,26,0.9986628542928327
R0_vs_O3p,A099,27,0.9983361519786638
R0_vs_O3p,A099,28,0.9988590305629566
R0_vs_O3p,A100,0,0.8300793520882029
R0_vs_O3p,A100,1,0.9960437579728454
R0_vs_O3p,A100,2,0.9984745071601263
R0_vs_O3p,A100,3,0.9994208253188728
R0_vs_O3p,A100,4,0.9989341975446474
R0_vs_O3p,A100,5,0.9990049299943671
R0_vs_O3p,A100,6,0.999418944665025
R0_vs_O3p,A100,7,0.9993541049113096
R0_vs_O3p,A100,8,0.9989953791870698
R0_vs_O3p,A100,9,0.9989989804400901
R0_vs_O3p,A100,10,0.9989601385293478
R0_vs_O3p,A100,11,0.999066678579389
R0_vs_O3p,A100,12,0.9988227337656058
R0_vs_O3p,A100,13,0.9990746268024374
R0_vs_O3p,A100,14,0.9988727119950911
R0_vs_O3p,A100,15,0.9990902706089462
R0_vs_O3p,A100,16,0.9987891575404493
R0_vs_O3p,A100,17,0.9983523547606512
R0_vs_O3p,A100,18,0.9974946730892418
R0_vs_O3p,A100,19,0.9979467641605337
R0_vs_O3p,A100,20,0.9985559594352146
R0_vs_O3p,A100,21,0.9980279530884738
R0_vs_O3p,A100,22,0.9987997284907398
