pair,pid,embeds.cosine,embeds.inf_a,embeds.inf_b,embeds.max_abs,embeds.mean_abs,embeds.mean_rel_elementwise_sym,embeds.median_abs,embeds.n,embeds.nan_a,embeds.nan_b,embeds.norm_ratio,embeds.rel_l2,embeds.rmse,embeds.shape,embeds.sign_agreement,prenorm.bf16_exact_match,prenorm.cosine,prenorm.inf_a,prenorm.inf_b,prenorm.max_abs,prenorm.mean_abs,prenorm.mean_rel_elementwise_sym,prenorm.median_abs,prenorm.n,prenorm.nan_a,prenorm.nan_b,prenorm.norm_ratio,prenorm.rel_l2,prenorm.rmse,prenorm.shape,prenorm.sign_agreement,prompt_embeds.bf16_exact_match,prompt_embeds.cosine,prompt_embeds.inf_a,prompt_embeds.inf_b,prompt_embeds.max_abs,prompt_embeds.mean_abs,prompt_embeds.mean_rel_elementwise_sym,prompt_embeds.median_abs,prompt_embeds.n,prompt_embeds.nan_a,prompt_embeds.nan_b,prompt_embeds.norm_ratio,prompt_embeds.per_token_cos,prompt_embeds.rel_l2,prompt_embeds.rmse,prompt_embeds.shape,prompt_embeds.sign_agreement
O3p_vs_O3r,A001,0.9992827875289747,0,0,0.005681812763214111,0.0004825423068875049,0.10891911648245167,0.00026041269302368164,122880,0,0,1.0002178609389707,0.03787855475865057,0.0008538984654396254,"[30, 4096]",0.9225179036458333,0.3409830629825592,0.9999849989051999,0,0,15.762298583984375,0.043308774868031225,0.010559275498584918,0.02952742576599121,122880,0,0,1.0001348235566947,0.005479453621666966,0.1019638071346045,"[30, 4096]",0.9984456380208333,0.3804168701171875,0.999989537982216,0,0,5.41070556640625,0.03432696577715433,0.008869444541132206,0.02475529909133911,65536,0,0,0.9998616022630282,"{""min"": 0.9999211868588908, ""p1"": 0.9999307078754756, ""p5"": 0.9999687919418145, ""p25"": 0.999992811289907, ""median"": 0.999993728360507, ""p75"": 0.9999964705925921, ""p95"": 0.9999972520937974, ""p99"": 0.9999973550793351, ""max"": 0.9999973808257194}",0.004576056562386995,0.05687957415729126,"[16, 4096]",0.9987640380859375
O3p_vs_O3r,A002,0.9993742596615404,0,0,0.005681812763214111,0.00043633050983126235,0.10087883842054486,0.0002502426505088806,126976,0,0,1.0002729311840821,0.03538215279563853,0.000796464279254093,"[31, 4096]",0.9279706401209677,0.3362997770309448,0.9999847048123222,0,0,15.762298583984375,0.04356581896495153,0.010651747725355449,0.029375553131103516,126976,0,0,1.0001635884693905,0.0055337275660746485,0.10131503587265236,"[31, 4096]",0.9984879032258065,0.36955711245536804,0.9999882691944944,0,0,5.41070556640625,0.03532403495923705,0.009137472187446274,0.024417877197265625,69632,0,0,0.9999827455432694,"{""min"": 0.9999211868588908, ""p1"": 0.9999308436656535, ""p5"": 0.9999694708927047, ""p25"": 0.9999898081411827, ""median"": 0.9999937597817852, ""p75"": 0.9999957159578319, ""p95"": 0.9999968783547255, ""p99"": 0.9999981966632564, ""max"": 0.9999985262403891}",0.0048437076616563626,0.05844699340615949,"[17, 4096]",0.9988223805147058
O3p_vs_O3r,A003,0.9992894128939765,0,0,0.005681812763214111,0.0004640207006104902,0.10864367325711703,0.00026041269302368164,122880,0,0,1.0002596824405203,0.03770425308907109,0.0008342232642986735,"[30, 4096]",0.9222005208333334,0.3321126401424408,0.9999845593012285,0,0,15.762298583984375,0.043835373179535966,0.010785804989293617,0.0300065279006958,122880,0,0,1.0001552675259597,0.005559703267858724,0.10269022592150388,"[30, 4096]",0.9984456380208333,0.3637847900390625,0.9999878765640556,0,0,5.41070556640625,0.03531433761122571,0.009294187336211018,0.0253448486328125,65536,0,0,0.999933786160719,"{""min"": 0.9999211868588908, ""p1"": 0.9999307078754756, ""p5"": 0.9999687919418145, ""p25"": 0.9999899814824047, ""median"": 0.9999925779338876, ""p75"": 0.9999955924990874, ""p95"": 0.9999963415919546, ""p99"": 0.9999968607521551, ""max"": 0.9999969905422053}",0.004924393433032844,0.05927927089940325,"[16, 4096]",0.9987640380859375
O3p_vs_O3r,A004,0.9992825948989542,0,0,0.005681812763214111,0.000490506798243473,0.10918345397021299,0.00026041269302368164,131072,0,0,1.0002944447388722,0.03788560903709789,0.0008554116395324593,"[32, 4096]",0.923126220703125,0.33026123046875,0.9999848270877293,0,0,15.762298583984375,0.04430828106910667,0.010602511185204541,0.030718326568603516,131072,0,0,1.0001190851303299,0.005510319368782097,0.10081175235326507,"[32, 4096]",0.9985580444335938,0.3569742739200592,0.9999883675865582,0,0,5.41070556640625,0.03710184447805255,0.00913406697928406,0.02685260772705078,73728,0,0,0.9998328056073832,"{""min"": 0.9999211868588908, ""p1"": 0.9999319773443535, ""p5"": 0.9999751392862044, ""p25"": 0.9999898981771865, ""median"": 0.9999934109243718, ""p75"": 0.9999949089024764, ""p95"": 0.9999963195878077, ""p99"": 0.9999963909448, ""max"": 0.999996408784048}",0.004825856514705778,0.06013056975389544,"[18, 4096]",0.9989284939236112
O3p_vs_O3r,A005,0.9993072517473428,0,0,0.005681812763214111,0.0004649567706707103,0.10424001948751908,0.0002558082342147827,131072,0,0,1.0002617125314208,0.03722804857310338,0.0008317145885022176,"[32, 4096]",0.926116943359375,0.333648681640625,0.99998494072339,0,0,15.762298583984375,0.04395578559558544,0.010622634366856632,0.030303597450256348,131072,0,0,1.0001361933413702,0.005490100526638277,0.10050037209399863,"[32, 4096]",0.998504638671875,0.3629964292049408,0.9999887685712933,0,0,5.41070556640625,0.03647518585845925,0.009169841524443334,0.026196002960205078,73728,0,0,0.9998994512028306,"{""min"": 0.9999211868588908, ""p1"": 0.9999314585589983, ""p5"": 0.9999725453594288, ""p25"": 0.9999898672401845, ""median"": 0.9999931853266665, ""p75"": 0.999995843242729, ""p95"": 0.9999962684938513, ""p99"": 0.9999967806352376, ""max"": 0.9999969086705841}",0.004740327927535447,0.059196672979231695,"[18, 4096]",0.9988335503472222
O3p_vs_O3r,A006,0.999319043291918,0,0,0.005681812763214111,0.0004779982413944681,0.10486438037285267,0.00026041269302368164,135168,0,0,1.0002371342861394,0.0369092482340076,0.0008359289508349618,"[33, 4096]",0.9265062736742424,0.3370916247367859,0.9999851652499316,0,0,15.762298583984375,0.04296016052753795,0.010533778866250553,0.030098915100097656,135168,0,0,1.0000945337278109,0.005448049332622754,0.09854096424546738,"[33, 4096]",0.9984463778409091,0.367431640625,0.9999895585879778,0,0,5.41070556640625,0.0351396580948571,0.009091976330886105,0.026321887969970703,77824,0,0,0.9997492245092856,"{""min"": 0.9999211868588908, ""p1"": 0.9999324315741833, ""p5"": 0.9999774104353538, ""p25"": 0.9999923160082298, ""median"": 0.9999932111727967, ""p75"": 0.9999953343009559, ""p95"": 0.9999964701187177, ""p99"": 0.9999966427313066, ""max"": 0.9999966858844538}",0.00457607642977135,0.056338567829089733,"[19, 4096]",0.9987150493421053
O3p_vs_O3r,A007,0.9993456906890185,0,0,0.005681812763214111,0.000451897185045406,0.10446281959014561,0.00025694817304611206,122880,0,0,1.0002694770765617,0.03618071147142505,0.000813830764851674,"[30, 4096]",0.9251708984375,0.33789876103401184,0.9999849939196325,0,0,15.762298583984375,0.04385654080045545,0.010602523536892793,0.029959917068481445,122880,0,0,1.000153483435745,0.0054809054242232,0.10269649798127795,"[30, 4096]",0.9985026041666667,0.3746337890625,0.9999892480377506,0,0,5.41070556640625,0.03535402690044975,0.008950534612959476,0.025188207626342773,65536,0,0,0.9999518058278332,"{""min"": 0.9999211868588908, ""p1"": 0.9999307078754756, ""p5"": 0.9999687919418145, ""p25"": 0.9999914759957245, ""median"": 0.999993376011364, ""p75"": 0.9999952834297843, ""p95"": 0.9999974433936554, ""p99"": 0.9999975221794222, ""max"": 0.9999975418758639}",0.0046373711101535325,0.05929964021186746,"[16, 4096]",0.998870849609375
O3p_vs_O3r,A008,0.9993015023571823,0,0,0.005681812763214111,0.0004770524687075756,0.10656717288035976,0.00026041269302368164,126976,0,0,1.0002808228910967,0.03738270262283086,0.0008419859787775043,"[31, 4096]",0.9246944304435484,0.33309444785118103,0.9999849846489521,0,0,15.762298583984375,0.044054750357557376,0.010599658540634773,0.03031754493713379,126976,0,0,1.0000956483909766,0.005481124254991998,0.10162570215111377,"[31, 4096]",0.99853515625,0.3637120723724365,0.9999890809062149,0,0,5.41070556640625,0.03621561573398888,0.009042486027073273,0.026102542877197266,69632,0,0,0.9997360190899472,"{""min"": 0.9999211868588908, ""p1"": 0.9999312757172722, ""p5"": 0.999971631150798, ""p25"": 0.9999915483376652, ""median"": 0.9999932312446848, ""p75"": 0.9999947334421547, ""p95"": 0.9999968747177093, ""p99"": 0.999996894811465, ""max"": 0.999996899834904}",0.004679968870249444,0.0594223763599428,"[17, 4096]",0.9989085477941176
O3p_vs_O3r,A009,0.9993204788559259,0,0,0.005681812763214111,0.00046922074732885284,0.10370292908059983,0.00026041269302368164,135168,0,0,1.0002661501069907,0.03687105685057282,0.0008269160931004806,"[33, 4096]",0.9276160037878788,0.34619140625,0.9999856015205931,0,0,15.762298583984375,0.04225196200444991,0.010086362548577688,0.028928756713867188,135168,0,0,1.0000911577818428,0.0053672985402848684,0.09816033826111638,"[33, 4096]",0.9986313328598485,0.38323652744293213,0.9999907613603539,0,0,5.41070556640625,0.033909629081072604,0.008314884831770071,0.024463295936584473,77824,0,0,0.9997640068174226,"{""min"": 0.9999211868588908, ""p1"": 0.999932306759167, ""p5"": 0.9999767863602722, ""p25"": 0.9999930222370943, ""median"": 0.9999952926680334, ""p75"": 0.9999966628568029, ""p95"": 0.999997624287919, ""p99"": 0.9999977910756412, ""max"": 0.9999978327725718}",0.004304487375172576,0.055172434282398534,"[19, 4096]",0.999036287006579
O3p_vs_O3r,A010,0.9992868531582595,0,0,0.005681812763214111,0.0004713304106923216,0.10620347069833874,0.00026041269302368164,126976,0,0,1.000269213402348,0.03777234619020403,0.0008399865803029606,"[31, 4096]",0.9247180569556451,0.3344884216785431,0.9999849823698221,0,0,15.762298583984375,0.043278348825204434,0.01066543280592213,0.029598712921142578,126976,0,0,1.000193488249802,0.00548438779877261,0.10105189656093874,"[31, 4096]",0.998503654233871,0.3662540316581726,0.9999891911452571,0,0,5.41070556640625,0.03479982470440411,0.009162427334361989,0.02492988109588623,69632,0,0,1.0001126282495485,"{""min"": 0.9999211868588908, ""p1"": 0.9999309864483799, ""p5"": 0.9999701848063365, ""p25"": 0.9999931596602061, ""median"": 0.9999950693998217, ""p75"": 0.9999955273553839, ""p95"": 0.9999965675149095, ""p99"": 0.999996897228282, ""max"": 0.9999969796566252}",0.004651110552574084,0.057610301414914786,"[17, 4096]",0.9988511029411765
O3p_vs_O3r,A011,0.9990778492257528,0,0,0.005681812763214111,0.0005737293618581351,0.12507660191889194,0.00029793381690979004,172032,0,0,1.000041698436563,0.04294624770274345,0.0009946173480241442,"[42, 4096]",0.9095633370535714,0.346464604139328,0.9999854690051588,0,0,15.762298583984375,0.04162406456541811,0.010243940179500624,0.028554201126098633,172032,0,0,1.000013948365083,0.005390972974048354,0.09179396025445377,"[42, 4096]",0.9985990978422619,0.3717389702796936,0.9999890613978519,0,0,5.41070556640625,0.03564924707646761,0.009120654829985501,0.02537989616394043,114688,0,0,0.9996307845110162,"{""min"": 0.9999211868588908, ""p1"": 0.9999257710577526, ""p5"": 0.9999544385985522, ""p25"": 0.9999922423912706, ""median"": 0.9999941769499683, ""p75"": 0.9999957568026848, ""p95"": 0.9999963695124404, ""p99"": 0.9999966121628736, ""max"": 0.9999966778029727}",0.004690996373026782,0.05786793591131018,"[28, 4096]",0.9988577706473214
O3p_vs_O3r,A012,0.9990841894776938,0,0,0.005681812763214111,0.000546194454539257,0.12269543922628956,0.00026272237300872803,167936,0,0,0.9999640192017554,0.04279668720874135,0.0009763239841361714,"[41, 4096]",0.9101681592987805,0.35488519072532654,0.9999862406815121,0,0,15.762298583984375,0.03948715940838688,0.009636523317609561,0.02735304832458496,167936,0,0,1.000100292863742,0.005247042553384578,0.08995832906310555,"[41, 4096]",0.9987197503810976,0.38546186685562134,0.9999913428460239,0,0,5.41070556640625,0.03218302748657017,0.008156677915650366,0.023833751678466797,110592,0,0,0.9998708503537037,"{""min"": 0.9999211868588908, ""p1"": 0.9999376899543043, ""p5"": 0.9999850493791473, ""p25"": 0.9999927930683236, ""median"": 0.9999943326102078, ""p75"": 0.999995658370572, ""p95"": 0.9999971125964662, ""p99"": 0.9999974459254893, ""max"": 0.9999975548990321}",0.004162781695990192,0.051517194547932556,"[27, 4096]",0.9990505642361112
O3p_vs_O3r,A013,0.9990513563063085,0,0,0.005681812763214111,0.0005703645020681457,0.12508155205836238,0.00029793381690979004,151552,0,0,1.0000925769134952,0.04355997707619593,0.0009766513451021906,"[37, 4096]",0.9110140413851351,0.3466532826423645,0.9999856271650471,0,0,15.762298583984375,0.04051860132637336,0.010156393929310276,0.028026580810546875,151552,0,0,1.000088417428342,0.005362464840474495,0.09360357876718255,"[37, 4096]",0.9985549514358109,0.37753695249557495,0.9999904842485985,0,0,5.41070556640625,0.03257201980301508,0.008735627090654256,0.024141788482666016,94208,0,0,0.9997777904269163,"{""min"": 0.9999211868588908, ""p1"": 0.9999351510165484, ""p5"": 0.9999849306877995, ""p25"": 0.9999927648054124, ""median"": 0.9999938709052686, ""p75"": 0.9999950603708135, ""p95"": 0.9999966407596346, ""p99"": 0.9999971861916297, ""max"": 0.9999973241032591}",0.004367682556821579,0.052769533694805346,"[23, 4096]",0.9988429857336957
O3p_vs_O3r,A014,0.9990417895738327,0,0,0.005681812763214111,0.0005603340099206924,0.12763092841867782,0.000275343656539917,159744,0,0,0.9999756985001987,0.04377641912030723,0.0009988042659103348,"[39, 4096]",0.9062374799679487,0.3378468155860901,0.9999847362719231,0,0,15.762298583984375,0.04386461098926166,0.010510738471975218,0.02958393096923828,159744,0,0,0.9999954332909741,0.005525154984064926,0.09689129837633222,"[39, 4096]",0.9984099559294872,0.361328125,0.9999870934136068,0,0,5.41070556640625,0.038427521398989486,0.009402065924304048,0.026365280151367188,102400,0,0,0.9995590422689731,"{""min"": 0.9999211868588908, ""p1"": 0.999928635641949, ""p5"": 0.9999587108245314, ""p25"": 0.9999912021847124, ""median"": 0.9999932069170248, ""p75"": 0.9999948716243761, ""p95"": 0.9999967851245357, ""p99"": 0.9999968731587898, ""max"": 0.999996897114674}",0.005098650212380393,0.06511376526681839,"[25, 4096]",0.99859375
O3p_vs_O3r,A015,0.998921190761672,0,0,0.005681812763214111,0.0006085848141157004,0.13731840603147805,0.00029793381690979004,151552,0,0,0.9999705565137419,0.046449497475915494,0.0010505999526779924,"[37, 4096]",0.8990511507601351,0.331298828125,0.9999842080841663,0,0,15.762298583984375,0.04480547830806589,0.010680878008319012,0.029824256896972656,151552,0,0,1.0001108458584698,0.005621353876794462,0.09938533371780749,"[37, 4096]",0.9984823690878378,0.3528362810611725,0.9999855745876696,0,0,5.41070556640625,0.03946830016486828,0.009579362348190045,0.02640676498413086,94208,0,0,0.9998737498158288,"{""min"": 0.9999211868588908, ""p1"": 0.9999257857036534, ""p5"": 0.999944907173766, ""p25"": 0.9999911251071925, ""median"": 0.9999932111727967, ""p75"": 0.9999957073267791, ""p95"": 0.9999972445632597, ""p99"": 0.9999974463192715, ""max"": 0.9999974923761815}",0.005372440911531336,0.06767296197376176,"[23, 4096]",0.9987262228260869
O3p_vs_O3r,A016,0.9991467352210206,0,0,0.005681812763214111,0.0005285779271989901,0.12200319285444572,0.000274658203125,159744,0,0,0.9999633511622508,0.041309422154892216,0.0009520730851467827,"[39, 4096]",0.9100999098557693,0.3369078040122986,0.9999858381368828,0,0,15.762298583984375,0.04232229315470576,0.010440688732272746,0.029932379722595215,159744,0,0,1.000168803536502,0.005325129295557085,0.09341687402977025,"[39, 4096]",0.9983911758814102,0.35986328125,0.9999901878420968,0,0,5.41070556640625,0.03602150557708228,0.009292788330368194,0.02692127227783203,102400,0,0,1.0000693576489632,"{""min"": 0.9999211868588908, ""p1"": 0.9999364204854264, ""p5"": 0.9999848490973237, ""p25"": 0.9999898451439032, ""median"": 0.9999932111727967, ""p75"": 0.9999941172767085, ""p95"": 0.9999966059748148, ""p99"": 0.9999967371355002, ""max"": 0.99999675121706}",0.004430630585578983,0.05664196964294822,"[25, 4096]",0.998564453125
O3p_vs_O3r,A017,0.9989934237729928,0,0,0.005681812763214111,0.0005625358761562893,0.13207189269611022,0.00027328915894031525,147456,0,0,0.9999591110767253,0.04486726880792563,0.0010078265839684282,"[36, 4096]",0.9017740885416666,0.3511148989200592,0.9999854151011357,0,0,15.762298583984375,0.04008597701047418,0.00999042416926966,0.02682018280029297,147456,0,0,1.0001571297677292,0.005403616468205909,0.09447543700302988,"[36, 4096]",0.9986436631944444,0.3862415552139282,0.9999900937742954,0,0,5.41070556640625,0.03150288085320922,0.008399459899739796,0.022312521934509277,90112,0,0,0.9999956332373824,"{""min"": 0.9999211868588908, ""p1"": 0.9999345162821094, ""p5"": 0.9999847001303005, ""p25"": 0.9999920648647863, ""median"": 0.9999939490802223, ""p75"": 0.9999956381693728, ""p95"": 0.9999973619103489, ""p99"": 0.9999978755276777, ""max"": 0.999998008400939}",0.004451110418944266,0.05273774369826126,"[22, 4096]",0.9990012428977273
O3p_vs_O3r,A018,0.9991354650361556,0,0,0.005681812763214111,0.0005230078462903163,0.11890931108170533,0.00026747584342956543,143360,0,0,1.0001000517790501,0.04158428711147287,0.000926767250572268,"[35, 4096]",0.9144112723214286,0.34271764755249023,0.9999853555739575,0,0,15.762298583984375,0.041687454874149155,0.010332697205060906,0.028902530670166016,143360,0,0,1.0000901519070602,0.0054129123304969004,0.09597574102918893,"[35, 4096]",0.9985072544642857,0.3739188015460968,0.9999899433799154,0,0,5.41070556640625,0.03376329176136919,0.008894154756080923,0.024939298629760742,86016,0,0,0.9997568019031156,"{""min"": 0.9999211868588908, ""p1"": 0.9999338815476705, ""p5"": 0.9999846603027892, ""p25"": 0.9999927002075738, ""median"": 0.999993280843442, ""p75"": 0.999995297488423, ""p95"": 0.9999965670099383, ""p99"": 0.9999969003021641, ""max"": 0.9999969836252206}",0.004490823307793227,0.05445095506317064,"[21, 4096]",0.9987909226190477
O3p_vs_O3r,A019,0.9991775123410112,0,0,0.005681812763214111,0.0005315653970563673,0.11630067520461707,0.00027398765087127686,155648,0,0,1.0000786854248076,0.040559967270150786,0.0009267587026927017,"[38, 4096]",0.9171656558388158,0.33480674028396606,0.9999852259792991,0,0,15.762298583984375,0.042343363135698475,0.010593384620641022,0.029619693756103516,155648,0,0,1.00014799401476,0.005438227336510162,0.09504062390960295,"[38, 4096]",0.998425935444079,0.3574930727481842,0.9999887384288868,0,0,5.41070556640625,0.03579233356458644,0.00948672763687194,0.02627784013748169,98304,0,0,0.9999932260828281,"{""min"": 0.9999211868588908, ""p1"": 0.9999353794518994, ""p5"": 0.9999831587626814, ""p25"": 0.9999884326388759, ""median"": 0.9999931693229189, ""p75"": 0.999994377708975, ""p95"": 0.9999969316397317, ""p99"": 0.9999972322806703, ""max"": 0.9999972368717699}",0.004745844028410732,0.05884634075226578,"[24, 4096]",0.998626708984375
O3p_vs_O3r,A020,0.9990471609266249,0,0,0.005681812763214111,0.0005722933521074316,0.12886463960046873,0.0002899244427680969,159744,0,0,0.9999121196021568,0.043652243905223424,0.0010042179888548773,"[39, 4096]",0.9054048978365384,0.3386167883872986,0.9999854993788009,0,0,15.762298583984375,0.04220031236750051,0.01032759576542255,0.02972245216369629,159744,0,0,1.0001031748452183,0.005386546170383904,0.09364098484054938,"[39, 4096]",0.9985476762820513,0.36252930760383606,0.9999894340866514,0,0,5.41070556640625,0.035831215549042096,0.00911636330208189,0.02650737762451172,102400,0,0,0.9998639081574419,"{""min"": 0.9999211868588908, ""p1"": 0.9999362481536663, ""p5"": 0.9999840858635891, ""p25"": 0.9999915013508643, ""median"": 0.9999928973887062, ""p75"": 0.9999945338389156, ""p95"": 0.9999954766333251, ""p99"": 0.9999963409966861, ""max"": 0.9999966134736151}",0.00459863803947004,0.05721634870348302,"[25, 4096]",0.99880859375
O3p_vs_O3r,A021,0.9991275986694633,0,0,0.005681812763214111,0.0005503831160395505,0.12093119554379077,0.00029208511114120483,167936,0,0,1.0000706208219188,0.04177236966909809,0.0009632789202728666,"[41, 4096]",0.9129251619664634,0.3428151309490204,0.9999864151701583,0,0,15.762298583984375,0.04099502689150097,0.010056375807958845,0.029209136962890625,167936,0,0,1.0000542131130052,0.0052128755688952335,0.09073370853823313,"[41, 4096]",0.9986780678353658,0.3671332597732544,0.9999914356108666,0,0,5.41070556640625,0.034472752183150816,0.008794231697291864,0.026090264320373535,110592,0,0,0.9997626098535761,"{""min"": 0.9999211868588908, ""p1"": 0.9999374358175895, ""p5"": 0.9999839760885569, ""p25"": 0.9999928065492689, ""median"": 0.9999934764077341, ""p75"": 0.9999953908272814, ""p95"": 0.9999969452972013, ""p99"": 0.9999970814105849, ""max"": 0.9999970897836515}",0.004145004963303757,0.053542256350819266,"[27, 4096]",0.9989872685185185
O3p_vs_O3r,A022,0.9992893771634945,0,0,0.005681812763214111,0.0005009194941114975,0.106516575519969,0.00026807188987731934,155648,0,0,1.000204875635963,0.037703830384310535,0.0008546942122240663,"[38, 4096]",0.9266036184210527,0.3336888253688812,0.9999857330651202,0,0,15.762298583984375,0.041985679993223654,0.01022385017556352,0.02998983860015869,155648,0,0,1.0000274354086456,0.005341854106967066,0.0932347153598058,"[38, 4096]",0.9986251027960527,0.3557230532169342,0.9999904828041023,0,0,5.41070556640625,0.03522600192233464,0.008901631432165892,0.026859521865844727,98304,0,0,0.9996105073403768,"{""min"": 0.9999211868588908, ""p1"": 0.9999357857509874, ""p5"": 0.9999853226381504, ""p25"": 0.9999923829037785, ""median"": 0.9999932498514671, ""p75"": 0.9999948588859936, ""p95"": 0.9999962825553562, ""p99"": 0.9999969296813301, ""max"": 0.9999971195086078}",0.004379347276833991,0.054079069415403365,"[24, 4096]",0.9989420572916666
O3p_vs_O3r,A023,0.9993336491826985,0,0,0.005681812763214111,0.0004810623369459271,0.10248003984839572,0.00026041269302368164,143360,0,0,1.0001778686819294,0.036509866033102016,0.0008405546606495725,"[35, 4096]",0.9281808035714286,0.3362095355987549,0.9999853945228798,0,0,15.762298583984375,0.04291715574675306,0.010582115319393987,0.029942035675048828,143360,0,0,1.0001217835418668,0.005406416824953391,0.09681085080870439,"[35, 4096]",0.9984654017857143,0.3630719780921936,0.9999897380617109,0,0,5.41070556640625,0.03581279321570903,0.00930985161330273,0.02623581886291504,86016,0,0,0.9998862981376955,"{""min"": 0.9999211868588908, ""p1"": 0.9999338815476705, ""p5"": 0.9999846603027892, ""p25"": 0.9999909266406998, ""median"": 0.9999938472033814, ""p75"": 0.999995223870694, ""p95"": 0.9999964291031395, ""p99"": 0.9999965172267791, ""max"": 0.9999965392576889}",0.0045314976651662925,0.056861555151938026,"[21, 4096]",0.9987211681547619
O3p_vs_O3r,A024,0.998927835136381,0,0,0.005681812763214111,0.0006008873683640559,0.1367746431616455,0.00028534233570098877,167936,0,0,0.9999484490318862,0.04630574308298426,0.0010532248631154753,"[41, 4096]",0.899193740472561,0.32228943705558777,0.9999745193737484,0,0,15.762298583984375,0.051052760316119154,0.011815119362755843,0.03178149461746216,167936,0,0,1.0005733176070435,0.00716373942614418,0.12614504475528857,"[41, 4096]",0.998267197027439,0.3359646201133728,0.9999598241302154,0,0,14.45458984375,0.049745606642756214,0.011464916354576193,0.029503822326660156,110592,0,0,1.0011559202653135,"{""min"": 0.9995701365529478, ""p1"": 0.999661409632493, ""p5"": 0.9999361557649058, ""p25"": 0.9999847496286154, ""median"": 0.9999932111727967, ""p75"": 0.9999948816602271, ""p95"": 0.9999969356063173, ""p99"": 0.9999976598877364, ""max"": 0.9999978092338693}",0.009043272164039677,0.12053607133511648,"[27, 4096]",0.9983633535879629
O3p_vs_O3r,A025,0.9992419303267852,0,0,0.005681812763214111,0.0005029887885762542,0.11049542473347002,0.00026328861713409424,147456,0,0,1.0002059825457152,0.03894218886350542,0.0008872230660260369,"[36, 4096]",0.9217868381076388,0.3328925371170044,0.9999855174129715,0,0,15.762298583984375,0.04299043285285128,0.010641817814658205,0.030710220336914062,147456,0,0,1.00010980732166,0.005383345826903805,0.09610787721803363,"[36, 4096]",0.9984402126736112,0.35642310976982117,0.9999898348766357,0,0,5.41070556640625,0.036255626777099016,0.009465376774011956,0.0275115966796875,90112,0,0,0.9998643032285722,"{""min"": 0.9999211868588908, ""p1"": 0.9999345162821094, ""p5"": 0.999984821462222, ""p25"": 0.9999910964224635, ""median"": 0.9999932756769805, ""p75"": 0.9999940338277292, ""p95"": 0.9999957871117192, ""p99"": 0.9999963379434971, ""max"": 0.9999964800787312}",0.0045106431463894595,0.0573617320251651,"[22, 4096]",0.9986683238636364
O3p_vs_O3r,A026,0.9992671432222046,0,0,0.005681812763214111,0.0004919961782409675,0.11011424065402389,0.00026244670152664185,151552,0,0,1.0001284264678645,0.0382873123288096,0.000886090201824602,"[37, 4096]",0.9204497466216216,0.33638620376586914,0.9999856085386762,0,0,15.762298583984375,0.04269707579589669,0.010431096890970798,0.030191421508789062,151552,0,0,1.0001778675870039,0.0053683963224594195,0.09562209287266238,"[37, 4096]",0.9985549514358109,0.3610202968120575,0.999989779659098,0,0,5.41070556640625,0.03607652221050913,0.009177540550716843,0.026885986328125,94208,0,0,1.00009034963665,"{""min"": 0.9999211868588908, ""p1"": 0.9999347574995437, ""p5"": 0.9999830504604975, ""p25"": 0.999990714353622, ""median"": 0.9999930838878152, ""p75"": 0.9999943522111738, ""p95"": 0.9999962185129291, ""p99"": 0.9999963417685092, ""max"": 0.9999963470431609}",0.004522244096625407,0.05830156542660443,"[23, 4096]",0.9988429857336957
O3p_vs_O3r,A027,0.9989750693860565,0,0,0.005681812763214111,0.0005822730337944162,0.13163459003254827,0.00028686225414276123,155648,0,0,1.0000151956480603,0.04527573972631588,0.001033225323172126,"[38, 4096]",0.9034937808388158,0.33875155448913574,0.9999769135395458,0,0,15.762298583984375,0.04984121076928492,0.011920971199833492,0.029464125633239746,155648,0,0,1.0001336787440605,0.006796834796743683,0.12062555732685407,"[38, 4096]",0.9981303967927632,0.363739013671875,0.9999638760696222,0,0,5.41070556640625,0.0476639256510983,0.011588739720593356,0.025972366333007812,98304,0,0,0.9999647908634473,"{""min"": 0.9986680976304367, ""p1"": 0.9989563081529812, ""p5"": 0.9999307078754756, ""p25"": 0.9999922668291431, ""median"": 0.9999947552451128, ""p75"": 0.999995989341883, ""p95"": 0.999997296140963, ""p99"": 0.9999976872684048, ""max"": 0.9999977598142441}",0.008499797447858035,0.11045096751411344,"[24, 4096]",0.9981587727864584
O3p_vs_O3r,A028,0.9992329978741307,0,0,0.005681812763214111,0.0005042152145766262,0.11246192064692882,0.0002607181668281555,143360,0,0,1.0002013472040043,0.039170826643083946,0.000895438101988913,"[35, 4096]",0.9201520647321428,0.32548826932907104,0.9999853162388852,0,0,15.762298583984375,0.04391006133534704,0.010648280161839503,0.031219482421875,143360,0,0,1.0000755294889985,0.005419911903990951,0.09749827215508594,"[35, 4096]",0.9985002790178571,0.3452032208442688,0.9999893894824127,0,0,5.41070556640625,0.03746763586336567,0.009420126350711922,0.028065204620361328,86016,0,0,0.9997397566829103,"{""min"": 0.9999211868588908, ""p1"": 0.9999336770612569, ""p5"": 0.9999836378707218, ""p25"": 0.999990468819657, ""median"": 0.9999931594805362, ""p75"": 0.999994557040441, ""p95"": 0.9999962507351507, ""p99"": 0.9999962558173949, ""max"": 0.9999962570879559}",0.004613376109245299,0.05878653631997893,"[21, 4096]",0.998779296875
O3p_vs_O3r,A029,0.9991531644042739,0,0,0.005681812763214111,0.0005425886893255282,0.11986784962290147,0.00029297173023223877,155648,0,0,1.000156876164796,0.04115776352310387,0.0009426001209074707,"[38, 4096]",0.9144672594572368,0.33021947741508484,0.9999859337171016,0,0,15.762298583984375,0.0432113678260449,0.010615094293134134,0.030924320220947266,155648,0,0,1.0001392749859044,0.005306211594081097,0.09444339851429129,"[38, 4096]",0.9985094572368421,0.3502298891544342,0.9999904402504688,0,0,5.41070556640625,0.03716667432430162,0.009521101284986037,0.02806726098060608,98304,0,0,0.9999839786501096,"{""min"": 0.9999211868588908, ""p1"": 0.9999355725966146, ""p5"": 0.9999838725583682, ""p25"": 0.9999909439141169, ""median"": 0.9999935684544639, ""p75"": 0.9999950813711665, ""p95"": 0.9999964848502135, ""p99"": 0.9999969473115151, ""max"": 0.9999970424444667}",0.0043725792647155886,0.05730370341830125,"[24, 4096]",0.9987589518229166
O3p_vs_O3r,A030,0.9992396889434361,0,0,0.005681812763214111,0.0005071458777690298,0.11074319067188858,0.00026398152112960815,143360,0,0,1.0001162630642695,0.03899759508500824,0.0008923000305120843,"[35, 4096]",0.9212681361607142,0.3333147466182709,0.999985640961286,0,0,15.762298583984375,0.04344550516720379,0.010667777827955957,0.030904054641723633,143360,0,0,1.0001193821505003,0.0053605744051400455,0.09697663815840299,"[35, 4096]",0.9984793526785715,0.358247309923172,0.9999902513480791,0,0,5.41070556640625,0.03669337558312691,0.009452622460906009,0.027524232864379883,86016,0,0,0.9998939574342062,"{""min"": 0.9999211868588908, ""p1"": 0.9999331745258356, ""p5"": 0.9999811251936154, ""p25"": 0.999992347928499, ""median"": 0.9999933302270878, ""p75"": 0.999995680092749, ""p95"": 0.9999964939423789, ""p99"": 0.9999965003263894, ""max"": 0.9999965019223921}",0.004416614237549783,0.05733046582139291,"[21, 4096]",0.9987444196428571
O3p_vs_O3r,A031,0.99934242492376,0,0,0.005681812763214111,0.0004622538689766247,0.10262347368825574,0.0002601221203804016,135168,0,0,1.0002817196264655,0.03627120100076421,0.0008228704573797978,"[33, 4096]",0.9278823390151515,0.3285467028617859,0.9999851758607048,0,0,15.762298583984375,0.044040760336815074,0.010798163098129903,0.03132820129394531,135168,0,0,1.0000486913954225,0.00544537354628652,0.09896943932256663,"[33, 4096]",0.9984463778409091,0.3525904715061188,0.9999895077567722,0,0,5.41070556640625,0.03701648934254895,0.009551169996781817,0.0280684232711792,77824,0,0,0.9995938574375289,"{""min"": 0.9999211868588908, ""p1"": 0.9999326120787925, ""p5"": 0.9999783129583993, ""p25"": 0.9999906162594038, ""median"": 0.9999927051312357, ""p75"": 0.9999953039306568, ""p95"": 0.9999962142827594, ""p99"": 0.9999965457556766, ""max"": 0.9999966286239059}",0.004597925134631593,0.057628293349761675,"[19, 4096]",0.9987150493421053
O3p_vs_O3r,A032,0.9993047723781355,0,0,0.005681812763214111,0.00046023447992176385,0.10658293213544408,0.00025409460067749023,126976,0,0,1.0002497737575557,0.03729430157396293,0.0008339955354045777,"[31, 4096]",0.9242534022177419,0.34206464886665344,0.9999849627523666,0,0,15.762298583984375,0.0427506896696521,0.010475858045099228,0.02915787696838379,126976,0,0,1.0001454442003055,0.005486348826215141,0.1007016873377198,"[31, 4096]",0.9985115297379032,0.3800694942474365,0.9999892762333751,0,0,5.41070556640625,0.0338376227148675,0.008816732182273163,0.024323701858520508,69632,0,0,0.9999115324152531,"{""min"": 0.9999211868588908, ""p1"": 0.9999313426099145, ""p5"": 0.9999719656140095, ""p25"": 0.9999914156943843, ""median"": 0.9999947625123261, ""p75"": 0.999995803497503, ""p95"": 0.9999967852972311, ""p99"": 0.999996891060845, ""max"": 0.9999969175017485}",0.004631788245660738,0.056481002090829104,"[17, 4096]",0.9988654641544118
O3p_vs_O3r,A033,0.9993333066420802,0,0,0.005681812763214111,0.0004729140366256009,0.10085510795070846,0.00026041269302368164,147456,0,0,1.000211514720973,0.0365200422403405,0.0008305647279080672,"[36, 4096]",0.9298502604166666,0.3466932475566864,0.9999853359011953,0,0,15.762298583984375,0.04112833228403664,0.010190478949013374,0.028265953063964844,147456,0,0,1.0000902226622148,0.0054165472217890314,0.09474998735221565,"[36, 4096]",0.9985690646701388,0.37900611758232117,0.9999898548669424,0,0,5.41070556640625,0.0332085531190387,0.008726822266593142,0.024226665496826172,90112,0,0,0.9997583806993963,"{""min"": 0.9999211868588908, ""p1"": 0.9999345162821094, ""p5"": 0.9999848389363746, ""p25"": 0.9999905894761298, ""median"": 0.9999944009149855, ""p75"": 0.9999954452886088, ""p95"": 0.9999972040224251, ""p99"": 0.9999973465476072, ""max"": 0.9999973710061272}",0.004510403915728834,0.05353766730764639,"[22, 4096]",0.9988791725852273
O3p_vs_O3r,A034,0.9990873600985198,0,0,0.005681812763214111,0.0005236554733158982,0.12771464907553343,0.00026041269302368164,131072,0,0,1.000093452836175,0.042725391911221065,0.0009747694071985136,"[32, 4096]",0.904449462890625,0.32622528076171875,0.9999842657008139,0,0,15.762298583984375,0.04496284439574083,0.011105101996169701,0.0306551456451416,131072,0,0,1.0001412009446278,0.005611860607370834,0.10158207577700337,"[32, 4096]",0.998382568359375,0.3497992753982544,0.9999863653577725,0,0,5.41070556640625,0.03826551261429106,0.010027561754333232,0.026628971099853516,73728,0,0,0.9998979440174893,"{""min"": 0.9999211868588908, ""p1"": 0.9999299038116569, ""p5"": 0.9999647716227217, ""p25"": 0.9999858892379749, ""median"": 0.9999932278725479, ""p75"": 0.999995228281405, ""p95"": 0.9999960520227031, ""p99"": 0.9999966194942107, ""max"": 0.9999967613620876}",0.005222730788211348,0.06239275961948517,"[18, 4096]",0.9986165364583334
O3p_vs_O3r,A035,0.9993103781580117,0,0,0.005681812763214111,0.0004631826429886132,0.10652921774725758,0.0002594292163848877,122880,0,0,1.0002736139550097,0.03714425835701312,0.0008393477617389697,"[30, 4096]",0.92373046875,0.32888996601104736,0.9999845735765337,0,0,15.762298583984375,0.04468097409129162,0.010836722193582908,0.031092524528503418,122880,0,0,1.0001629388284028,0.005557375560514595,0.10348168438865621,"[30, 4096]",0.9984619140625,0.3577423095703125,0.9999877054118693,0,0,5.41070556640625,0.03689983932076757,0.009389657094253432,0.027027130126953125,65536,0,0,0.9999807838019261,"{""min"": 0.9999211868588908, ""p1"": 0.9999304389339383, ""p5"": 0.9999674472341283, ""p25"": 0.999990444822627, ""median"": 0.9999926777766109, ""p75"": 0.9999953293756024, ""p95"": 0.9999956537209117, ""p99"": 0.9999957436117705, ""max"": 0.9999957660844851}",0.0049587370379937205,0.061806050703468576,"[16, 4096]",0.9987945556640625
O3p_vs_O3r,A036,0.9993120750802671,0,0,0.005681812763214111,0.00046732489560952217,0.10407510295802026,0.00026041269302368164,131072,0,0,1.0002851338243224,0.03709883343300427,0.0008335231047952036,"[32, 4096]",0.925994873046875,0.328765869140625,0.9999849818138135,0,0,15.762298583984375,0.04484859607850922,0.010639967883758164,0.031641483306884766,131072,0,0,1.0000629662867935,0.005481079127866249,0.10080253148874176,"[32, 4096]",0.9984970092773438,0.3543158769607544,0.9999888793998151,0,0,5.41070556640625,0.03806240449476819,0.009200656665601608,0.028174161911010742,73728,0,0,0.9996348928367759,"{""min"": 0.9999211868588908, ""p1"": 0.9999312890870514, ""p5"": 0.9999716979996942, ""p25"": 0.9999909686080583, ""median"": 0.9999932615428369, ""p75"": 0.9999949412537616, ""p95"": 0.9999959088446156, ""p99"": 0.9999964272858366, ""max"": 0.9999965568961419}",0.004729311069193118,0.060103081675841996,"[18, 4096]",0.9988199869791666
O3p_vs_O3r,A037,0.9992842928171799,0,0,0.005681812763214111,0.00047902120705600737,0.10786783822336991,0.00026041269302368164,131072,0,0,1.0002880712817392,0.037840582713206845,0.0008453670906179052,"[32, 4096]",0.923858642578125,0.31978607177734375,0.9999843232037422,0,0,15.762298583984375,0.04555938037537999,0.01106608129183213,0.032288432121276855,131072,0,0,1.0001006855607337,0.005600614872633542,0.10162835723086217,"[32, 4096]",0.9983749389648438,0.3383517861366272,0.9999866037759267,0,0,5.41070556640625,0.039326021022538446,0.00995819161328866,0.0291517972946167,73728,0,0,0.999739798514667,"{""min"": 0.9999211868588908, ""p1"": 0.9999312113967762, ""p5"": 0.9999713095483183, ""p25"": 0.9999856494377041, ""median"": 0.9999908968207474, ""p75"": 0.9999938287092058, ""p95"": 0.99999536837474, ""p99"": 0.9999968747610005, ""max"": 0.9999972513575657}",0.005182005550424167,0.06252660417318884,"[18, 4096]",0.9986029730902778
O3p_vs_O3r,A038,0.9993458738064335,0,0,0.005681812763214111,0.0004562393761631256,0.10262074879825171,0.00026041269302368164,131072,0,0,1.0002733812412983,0.03617574845249506,0.0008184326850236445,"[32, 4096]",0.9272918701171875,0.3367462158203125,0.9999852249257889,0,0,15.762298583984375,0.0437593927075568,0.010662348019042254,0.030178189277648926,131072,0,0,1.0001426633249404,0.005438264150455477,0.10068462636790765,"[32, 4096]",0.99847412109375,0.3685031533241272,0.9999894750491183,0,0,5.41070556640625,0.03612604294640834,0.009240443572773326,0.025948524475097656,73728,0,0,0.9999417469526172,"{""min"": 0.9999211868588908, ""p1"": 0.9999307102677871, ""p5"": 0.9999688039033727, ""p25"": 0.9999912644754424, ""median"": 0.9999934657044194, ""p75"": 0.9999950673211199, ""p95"": 0.9999973218773747, ""p99"": 0.9999975009704217, ""max"": 0.9999975457436835}",0.0045882533670347884,0.05975070614115381,"[18, 4096]",0.998779296875
O3p_vs_O3r,A039,0.9992222586476293,0,0,0.005681812763214111,0.0004919478322415885,0.11389758713298712,0.00026041269302368164,139264,0,0,1.000124988344451,0.03944227103040034,0.0008963401444954127,"[34, 4096]",0.9164751838235294,0.3378044664859772,0.9999856435509703,0,0,15.762298583984375,0.043663399981810735,0.010523377636659975,0.030454397201538086,139264,0,0,1.000068944552128,0.005359069976058114,0.09815421298193389,"[34, 4096]",0.9985782398897058,0.36712646484375,0.9999903728432008,0,0,5.41070556640625,0.03672619028875488,0.009146384367350347,0.026820898056030273,81920,0,0,0.9997258840524624,"{""min"": 0.9999211868588908, ""p1"": 0.9999331689666876, ""p5"": 0.9999810973978748, ""p25"": 0.999990998179921, ""median"": 0.9999947605068842, ""p75"": 0.9999957792011951, ""p95"": 0.9999965025067215, ""p99"": 0.9999968251146083, ""max"": 0.99999690576658}",0.004395927119195715,0.058064843161352235,"[20, 4096]",0.99892578125
O3p_vs_O3r,A040,0.9993495907250174,0,0,0.005681812763214111,0.0004527500667137474,0.1021679075462159,0.00024966150522232056,131072,0,0,1.0003219325410282,0.03607410381904612,0.0008183868199596379,"[32, 4096]",0.9274749755859375,0.3240509033203125,0.9999836830895871,0,0,15.762298583984375,0.04734624915533914,0.01119305659333298,0.03195023536682129,131072,0,0,1.0002344700435442,0.005718080856485624,0.10528501562742736,"[32, 4096]",0.9983596801757812,0.3459337055683136,0.9999839157652047,0,0,5.41070556640625,0.042502676631354715,0.010183925482623505,0.028667449951171875,73728,0,0,1.0002731822870345,"{""min"": 0.9999211868588908, ""p1"": 0.9999257925809523, ""p5"": 0.9999442154691981, ""p25"": 0.999988108248668, ""median"": 0.9999923093086427, ""p75"": 0.9999940413510012, ""p95"": 0.9999961098030629, ""p99"": 0.9999962755251786, ""max"": 0.9999963169557075}",0.005679074397210534,0.07248905696759261,"[18, 4096]",0.9985758463541666
O3p_vs_O3r,A041,0.999318488961557,0,0,0.005681812763214111,0.0004901325674510213,0.10066385852179996,0.00026041269302368164,159744,0,0,1.0001368818519194,0.03692190930211356,0.0008423938137904016,"[39, 4096]",0.9313651842948718,0.35564401745796204,0.9999861599206779,0,0,15.762298583984375,0.039249418656067854,0.009833235110764602,0.026976823806762695,159744,0,0,1.0000898934299918,0.005262197994999572,0.09129398653455147,"[39, 4096]",0.9986415765224359,0.3890917897224426,0.9999915232366392,0,0,5.41070556640625,0.031227821359207156,0.008345160680815493,0.023118972778320312,102400,0,0,0.9998201243850915,"{""min"": 0.9999211868588908, ""p1"": 0.9999364204854264, ""p5"": 0.9999851483936752, ""p25"": 0.9999932111727967, ""median"": 0.9999946442527549, ""p75"": 0.9999963950873629, ""p95"": 0.9999971840308803, ""p99"": 0.9999972617322828, ""max"": 0.9999972804926767}",0.004121023226525228,0.05095689294178596,"[25, 4096]",0.998955078125
O3p_vs_O3r,A042,0.9992690644878772,0,0,0.005681812763214111,0.0005038305851409556,0.10592220488687559,0.00026041269302368164,147456,0,0,1.0002080834447307,0.03823896591337802,0.0008679151154871799,"[36, 4096]",0.9263237847222222,0.3480292558670044,0.9999855319584716,0,0,15.762298583984375,0.040814433386205766,0.00996555371261189,0.028244853019714355,147456,0,0,1.0001107263030995,0.005380664211534291,0.09488455539535057,"[36, 4096]",0.9987318250868056,0.38119229674339294,0.9999902540880558,0,0,5.41070556640625,0.032694900377133636,0.008358762788845262,0.024212360382080078,90112,0,0,0.999846541850681,"{""min"": 0.9999211868588908, ""p1"": 0.9999345162821094, ""p5"": 0.9999847290477487, ""p25"": 0.9999925358379499, ""median"": 0.9999942608889774, ""p75"": 0.9999950272141976, ""p95"": 0.9999972934756264, ""p99"": 0.9999973934532251, ""max"": 0.9999974119645237}",0.004417282208982632,0.053926243835358816,"[22, 4096]",0.9991455078125
O3p_vs_O3r,A043,0.9993335135523916,0,0,0.005681812763214111,0.00047628299367912603,0.10020819570392751,0.00026041269302368164,151552,0,0,1.0001559177829789,0.03651308039252158,0.0008317120105052508,"[37, 4096]",0.9301823796452703,0.3467126786708832,0.9999850575158094,0,0,15.762298583984375,0.04257644425200163,0.010250018635841107,0.028501510620117188,151552,0,0,1.0000987134439865,0.005467875526533314,0.09631120484766542,"[37, 4096]",0.998508762668919,0.3776324689388275,0.9999883556943893,0,0,5.41070556640625,0.03588246277033012,0.00888624074898646,0.02463895082473755,94208,0,0,0.9998289218316176,"{""min"": 0.9999211868588908, ""p1"": 0.9999293002174015, ""p5"": 0.9999607252153698, ""p25"": 0.9999928742481161, ""median"": 0.9999947351549091, ""p75"": 0.999995589586804, ""p95"": 0.999997069933982, ""p99"": 0.9999974153970809, ""max"": 0.9999974932999608}",0.004828446415644379,0.06009862147383936,"[23, 4096]",0.9987686820652174
O3p_vs_O3r,A044,0.9992001082677755,0,0,0.005681812763214111,0.0004983550024775241,0.11417200812368501,0.00026041269302368164,131072,0,0,1.0002311448257342,0.04000258334220861,0.0009015826460342253,"[32, 4096]",0.9177093505859375,0.3370513916015625,0.9999848062623338,0,0,15.762298583984375,0.04373338932612114,0.010596979041641717,0.03000783920288086,131072,0,0,1.0000798882086306,0.0055132826029707606,0.10032115383534852,"[32, 4096]",0.9984817504882812,0.3690456748008728,0.999988495444621,0,0,5.41070556640625,0.03607981471274494,0.009124232057394592,0.025781869888305664,73728,0,0,0.9996654063334033,"{""min"": 0.9999211868588908, ""p1"": 0.9999312661717665, ""p5"": 0.9999715834232695, ""p25"": 0.9999905569292397, ""median"": 0.9999925023829466, ""p75"": 0.9999957503736827, ""p95"": 0.9999968880794309, ""p99"": 0.9999971991172962, ""max"": 0.9999972768767625}",0.0048076361111567285,0.05865374922132871,"[18, 4096]",0.9987928602430556
O3p_vs_O3r,A045,0.9993090807609187,0,0,0.005681812763214111,0.0004640522214492993,0.1033054342004999,0.000244140625,135168,0,0,1.0002798042304046,0.03717934121016704,0.0008295550614817977,"[33, 4096]",0.9270167495265151,0.33632221817970276,0.9999849874663203,0,0,15.762298583984375,0.04389332479364715,0.01056966623052215,0.030372142791748047,135168,0,0,1.0001503936677005,0.005481988799096203,0.09951512833773449,"[33, 4096]",0.9984093868371212,0.36609530448913574,0.9999887321279031,0,0,5.41070556640625,0.03676041708336255,0.009154307016199932,0.0264662504196167,77824,0,0,0.9999637794882555,"{""min"": 0.9999211868588908, ""p1"": 0.9999319013955473, ""p5"": 0.9999747595421736, ""p25"": 0.9999913937513376, ""median"": 0.9999931594805362, ""p75"": 0.9999935198071648, ""p95"": 0.9999966614635646, ""p99"": 0.9999968316029736, ""max"": 0.9999968741378259}",0.004747234970212267,0.05923798642854108,"[19, 4096]",0.9986508018092105
O3p_vs_O3r,A046,0.9993659249293962,0,0,0.005681812763214111,0.00044711349383144423,0.10192083189423362,0.00025778263807296753,126976,0,0,1.0002561117859539,0.03561657651504282,0.000804734383601638,"[31, 4096]",0.9271279611895161,0.3329605460166931,0.9999847658720757,0,0,15.762298583984375,0.044105552994874266,0.010784007941656187,0.03080892562866211,126976,0,0,1.0001357588988875,0.005521849569089314,0.1013456354694534,"[31, 4096]",0.9985115297379032,0.3634679317474365,0.9999884750821094,0,0,5.41070556640625,0.03630825583733146,0.009378652581877029,0.02674722671508789,69632,0,0,0.9998713419472749,"{""min"": 0.9999211868588908, ""p1"": 0.999931251896968, ""p5"": 0.999971512049277, ""p25"": 0.9999910564910726, ""median"": 0.9999937483743753, ""p75"": 0.9999947238243505, ""p95"": 0.9999963403725352, ""p99"": 0.999996482164903, ""max"": 0.999996517612995}",0.004802439289406204,0.05854365341072641,"[17, 4096]",0.9988654641544118
O3p_vs_O3r,A047,0.9993032602422571,0,0,0.005681812763214111,0.0004743162762817078,0.10570596488869613,0.00026041269302368164,135168,0,0,1.0002797011445976,0.03733560641038266,0.0008396522373068028,"[33, 4096]",0.9254779237689394,0.3456217348575592,0.999985375063859,0,0,15.762298583984375,0.04251961228422288,0.010303680939578211,0.029262781143188477,135168,0,0,1.0000517256825172,0.005408702320939495,0.09867167991208313,"[33, 4096]",0.9985425544507576,0.38224712014198303,0.9999900981918751,0,0,5.41070556640625,0.03437449535646776,0.008692332563507835,0.024875640869140625,77824,0,0,0.9996168838178593,"{""min"": 0.9999211868588908, ""p1"": 0.9999326120787925, ""p5"": 0.9999783129583993, ""p25"": 0.9999921040245788, ""median"": 0.9999945721942625, ""p75"": 0.999996450542016, ""p95"": 0.9999969806462111, ""p99"": 0.9999974386654261, ""max"": 0.9999975531702299}",0.004465737024657821,0.056734538858268624,"[19, 4096]",0.9988820929276315
O3p_vs_O3r,A048,0.9992561154271727,0,0,0.005681812763214111,0.0004981717786182237,0.10831063861739575,0.00026041269302368164,139264,0,0,1.0002302618040757,0.03857673836083676,0.0008659559199233446,"[34, 4096]",0.9242805032169118,0.3367058336734772,0.9999851489780457,0,0,15.762298583984375,0.042400069353949646,0.010561538777673983,0.02949047088623047,139264,0,0,1.00008410046669,0.005450836151662949,0.0973851543309559,"[34, 4096]",0.9984777113970589,0.3652587831020355,0.9999894263010407,0,0,5.41070556640625,0.03457852822139103,0.00921125830707416,0.025560736656188965,81920,0,0,0.9997173143196264,"{""min"": 0.9999211868588908, ""p1"": 0.9999330564571327, ""p5"": 0.9999805348501003, ""p25"": 0.9999919990043695, ""median"": 0.9999938483678934, ""p75"": 0.9999947757197885, ""p95"": 0.9999957707546506, ""p99"": 0.9999960604937715, ""max"": 0.9999961329285517}",0.004606661594560753,0.05582004926445844,"[20, 4096]",0.9987548828125
O3p_vs_O3r,A049,0.9993655421252335,0,0,0.005681812763214111,0.00047890642703444033,0.09894468842067815,0.00026807188987731934,159744,0,0,1.0000786945640352,0.03562333222957727,0.0008198133294816894,"[39, 4096]",0.9321476862980769,0.32794973254203796,0.9999844869390282,0,0,15.762298583984375,0.04584751906776756,0.010698176816353882,0.03133964538574219,159744,0,0,1.0002041247987568,0.005574416747771853,0.09934342683227448,"[39, 4096]",0.9985414162660257,0.3458886742591858,0.9999860631289328,0,0,5.41070556640625,0.04152085800145869,0.009694469741534768,0.028693675994873047,102400,0,0,1.0001757844194732,"{""min"": 0.9999211868588908, ""p1"": 0.9999247992404848, ""p5"": 0.9999458912284558, ""p25"": 0.9999897959789119, ""median"": 0.9999916674060513, ""p75"": 0.9999937055661235, ""p95"": 0.9999954597193285, ""p99"": 0.9999966219587572, ""max"": 0.9999969464807861}",0.005282948236222484,0.07064321002784386,"[25, 4096]",0.998798828125
O3p_vs_O3r,A050,0.9990802618822717,0,0,0.005681812763214111,0.0005341379325987613,0.1245007931932228,0.00026041269302368164,143360,0,0,1.000047724346913,0.04289016554960044,0.0009751317700631754,"[35, 4096]",0.907958984375,0.3413016200065613,0.9999856015320846,0,0,15.762298583984375,0.04238662352165972,0.010283033257275191,0.029829025268554688,143360,0,0,1.0001138660883158,0.005367791008524238,0.0963874725654884,"[35, 4096]",0.9985421316964286,0.3715587854385376,0.9999903567040219,0,0,5.41070556640625,0.034928572840553465,0.008811381509771407,0.026177048683166504,86016,0,0,0.9998641573376231,"{""min"": 0.9999211868588908, ""p1"": 0.9999338815476705, ""p5"": 0.9999846603027892, ""p25"": 0.9999931594805362, ""median"": 0.9999943096193928, ""p75"": 0.9999952978315994, ""p95"": 0.9999961067481337, ""p99"": 0.9999964729967582, ""max"": 0.9999965645589143}",0.004393452542543324,0.05564988628074173,"[21, 4096]",0.9988490513392857
O3p_vs_O3r,A051,0.9993248403198809,0,0,0.005681812763214111,0.00046952036081272715,0.10387874482102316,0.00026041269302368164,139264,0,0,1.0002351199379236,0.0367517636124697,0.0008306293781983574,"[34, 4096]",0.9269373276654411,0.3493293225765228,0.9999857051736611,0,0,15.762298583984375,0.04144715474692074,0.010235036687792954,0.02799844741821289,139264,0,0,1.0001669856308337,0.005349982330848497,0.09709342114903083,"[34, 4096]",0.9985566980698529,0.38671875,0.9999908016763566,0,0,5.41070556640625,0.03295857338944188,0.008656204754276411,0.023458361625671387,81920,0,0,1.0000388021396023,"{""min"": 0.9999211868588908, ""p1"": 0.9999327934597688, ""p5"": 0.9999792198632813, ""p25"": 0.9999929955255338, ""median"": 0.9999937760093441, ""p75"": 0.9999962917114422, ""p95"": 0.9999975825707847, ""p99"": 0.9999979283046375, ""max"": 0.9999980147381007}",0.004289390017597269,0.054949312540711726,"[20, 4096]",0.99888916015625
O3p_vs_O3r,A052,0.9992372411651702,0,0,0.005681812763214111,0.0004978968981327449,0.11216355040320797,0.00026244670152664185,147456,0,0,1.0002070095802194,0.039062466888289515,0.0008813256134970527,"[36, 4096]",0.9202609592013888,0.3512912392616272,0.9999855113786238,0,0,15.762298583984375,0.041410186207031074,0.010245453614826686,0.02792990207672119,147456,0,0,1.0002665260824894,0.005390361963316508,0.09622040612128412,"[36, 4096]",0.9985758463541666,0.3865301012992859,0.9999897809465689,0,0,5.41070556640625,0.033669768629393235,0.008816780810651292,0.023776531219482422,90112,0,0,1.0003698405870347,"{""min"": 0.9999211868588908, ""p1"": 0.9999341053470319, ""p5"": 0.9999827857892939, ""p25"": 0.9999915472074683, ""median"": 0.9999930264529026, ""p75"": 0.9999958503232292, ""p95"": 0.9999972939746943, ""p99"": 0.999997491054293, ""max"": 0.9999975324094763}",0.004536788265285588,0.057669604523119734,"[22, 4096]",0.9988902698863636
O3p_vs_O3r,A053,0.9991582697704242,0,0,0.005681812763214111,0.0005162688991471701,0.1192157376621114,0.00026041269302368164,143360,0,0,1.000164205505537,0.04103369171882887,0.0009257577166469297,"[35, 4096]",0.9137137276785714,0.3362583816051483,0.999985415686649,0,0,15.762298583984375,0.04329054745914099,0.010444111659268477,0.030125856399536133,143360,0,0,1.0001175583122937,0.005402395364388031,0.09753657993997601,"[35, 4096]",0.9985560825892857,0.3631533682346344,0.9999895778143982,0,0,5.41070556640625,0.036435112736355565,0.009079845513093546,0.026500165462493896,86016,0,0,0.9998850257540416,"{""min"": 0.9999211868588908, ""p1"": 0.9999336842934189, ""p5"": 0.9999836740315315, ""p25"": 0.9999900920926041, ""median"": 0.9999932111727967, ""p75"": 0.9999948852580814, ""p95"": 0.9999967041693095, ""p99"": 0.9999967507085324, ""max"": 0.9999967623433381}",0.0045667487027605145,0.05889235186140113,"[21, 4096]",0.9988723028273809
O3p_vs_O3r,A054,0.9991166754081424,0,0,0.005681812763214111,0.0005595818982795676,0.1187244835110149,0.00029793381690979004,151552,0,0,1.0001478164369997,0.04203489233008848,0.0009441435319465488,"[37, 4096]",0.916576488597973,0.35002508759498596,0.9999862600679361,0,0,15.762298583984375,0.04165234519363416,0.010021872381820248,0.028565287590026855,151552,0,0,1.0002034188811437,0.005246602071039308,0.09510684194657171,"[37, 4096]",0.9986143369932432,0.38296109437942505,0.9999912301646563,0,0,5.41070556640625,0.03439586863295636,0.008519222862083346,0.024753570556640625,94208,0,0,1.000172236672977,"{""min"": 0.9999211868588908, ""p1"": 0.999934980994629, ""p5"": 0.9999839647585731, ""p25"": 0.999992793903793, ""median"": 0.999994352401745, ""p75"": 0.9999955219858736, ""p95"": 0.9999969689196161, ""p99"": 0.9999974194120592, ""max"": 0.999997532179745}",0.004191939543154169,0.05692961237024588,"[23, 4096]",0.9989385190217391
O3p_vs_O3r,A055,0.9991712883079237,0,0,0.005681812763214111,0.0005171738851199085,0.11840524497086441,0.0002624988555908203,143360,0,0,1.000111692630321,0.040713891749302435,0.0009257220176686863,"[35, 4096]",0.9138323102678572,0.3502999544143677,0.9999859132352169,0,0,15.762298583984375,0.040779547317236264,0.01006036794738876,0.02771902084350586,143360,0,0,1.000196830943431,0.005312044560295047,0.09588571550783938,"[35, 4096]",0.9985909598214285,0.3865559995174408,0.9999911722567153,0,0,5.41070556640625,0.032250112499847695,0.008440272659960682,0.023348093032836914,86016,0,0,1.0001439508062022,"{""min"": 0.9999211868588908, ""p1"": 0.9999338815476705, ""p5"": 0.9999846603027892, ""p25"": 0.9999932111727967, ""median"": 0.9999939701451961, ""p75"": 0.9999965170301807, ""p95"": 0.9999969831110206, ""p99"": 0.9999978471357176, ""max"": 0.9999980631418919}",0.004204610555700442,0.054185967997924,"[21, 4096]",0.9989304315476191
O3p_vs_O3r,A056,0.9993774866112799,0,0,0.005681812763214111,0.0004610188632771472,0.1000779888518647,0.00026041269302368164,151552,0,0,1.0002509799117703,0.035290257084169475,0.0008103873753291761,"[37, 4096]",0.9304595122466216,0.35073769092559814,0.999985872588264,0,0,15.762298583984375,0.041644567519511295,0.01003525812694292,0.029157638549804688,151552,0,0,1.000172962948676,0.0053187993655341385,0.09462597452581792,"[37, 4096]",0.998607738597973,0.3841075003147125,0.9999906267840594,0,0,5.41070556640625,0.03438335672241089,0.008540756452063297,0.025580883026123047,94208,0,0,1.000074568734354,"{""min"": 0.9999211868588908, ""p1"": 0.9999351510165484, ""p5"": 0.9999846686743461, ""p25"": 0.9999915269617403, ""median"": 0.9999942119977289, ""p75"": 0.9999955774987139, ""p95"": 0.99999624161826, ""p99"": 0.9999967687892184, ""max"": 0.999996899871839}",0.004330518476570193,0.05562561709402679,"[23, 4096]",0.9989279042119565
O3p_vs_O3r,A057,0.9993042191623049,0,0,0.005681812763214111,0.000473304416380305,0.10553903832686054,0.00026041269302368164,135168,0,0,1.0002723930158846,0.03730971622816675,0.0008392122990629657,"[33, 4096]",0.9253077651515151,0.33331114053726196,0.9999853965133826,0,0,15.762298583984375,0.04364849557863305,0.010519290477698931,0.030615806579589844,135168,0,0,1.0001665525598245,0.0054073632656178785,0.09901269931413004,"[33, 4096]",0.9984981652462122,0.3608655333518982,0.9999899343127024,0,0,5.41070556640625,0.036335187394127534,0.009066812287612235,0.02686774730682373,77824,0,0,1.0000318223720202,"{""min"": 0.9999211868588908, ""p1"": 0.9999320428309362, ""p5"": 0.999975466719118, ""p25"": 0.9999918820401216, ""median"": 0.9999932111727967, ""p75"": 0.9999950780687805, ""p95"": 0.9999969769839699, ""p99"": 0.9999970345914286, ""max"": 0.9999970489932933}",0.004486984275379555,0.05775721371217026,"[19, 4096]",0.9988049958881579
O3p_vs_O3r,A058,0.9992350956949865,0,0,0.005681812763214111,0.0004799667290447387,0.11020836548025534,0.00025132298469543457,135168,0,0,1.0002360085552144,0.03911809501989112,0.0008754334542656935,"[33, 4096]",0.920461943655303,0.34782642126083374,0.9999852240155902,0,0,15.762298583984375,0.04213136742846197,0.01027673368774052,0.02866077423095703,135168,0,0,1.0000895461876294,0.005437153079048618,0.09818398975085212,"[33, 4096]",0.9985573508522727,0.38607627153396606,0.9999898427046829,0,0,5.41070556640625,0.033700175343830394,0.00864552944189499,0.024100780487060547,77824,0,0,0.9997260933214327,"{""min"": 0.9999211868588908, ""p1"": 0.999931552708592, ""p5"": 0.9999730161073972, ""p25"": 0.9999927112260181, ""median"": 0.999993517834772, ""p75"": 0.9999957765643317, ""p95"": 0.9999975954665409, ""p99"": 0.9999982351718472, ""max"": 0.9999983950981737}",0.004514870009277304,0.0552454804875006,"[19, 4096]",0.9989077919407895
O3p_vs_O3r,A059,0.9993190980337037,0,0,0.005681812763214111,0.0004880055632773812,0.10568176541731034,0.00026041269302368164,143360,0,0,1.0002369877755206,0.03690776106298738,0.0008410173567659005,"[35, 4096]",0.926513671875,0.3445242643356323,0.999985497058128,0,0,15.762298583984375,0.04119267881521539,0.010227164000259978,0.028278112411499023,143360,0,0,1.000121717685624,0.005387413987167075,0.09584464737079793,"[35, 4096]",0.9985560825892857,0.3769298791885376,0.999990298314616,0,0,5.41070556640625,0.032938664996479586,0.008718266081412717,0.024007797241210938,86016,0,0,0.9998752533454748,"{""min"": 0.9999211868588908, ""p1"": 0.9999338815476705, ""p5"": 0.9999846603027892, ""p25"": 0.9999931594805362, ""median"": 0.9999936777043964, ""p75"": 0.9999951454439806, ""p95"": 0.9999966874431528, ""p99"": 0.9999970976272433, ""max"": 0.9999972001732659}",0.00440641713762701,0.05406473693492397,"[21, 4096]",0.9988723028273809
O3p_vs_O3r,A060,0.9993955291582288,0,0,0.005681812763214111,0.00043822369117579537,0.09783376024988388,0.00025562942028045654,139264,0,0,1.0002430886778901,0.034774914172191716,0.0007950020924071444,"[34, 4096]",0.9307861328125,0.33952781558036804,0.9999853491491975,0,0,15.762298583984375,0.04350229166833314,0.010666012167158597,0.030206799507141113,139264,0,0,1.0001853260521483,0.005416777429390936,0.09849309433926408,"[34, 4096]",0.9984274471507353,0.37005615234375,0.999989525474172,0,0,5.41070556640625,0.03645230615584296,0.009388863069198004,0.026499390602111816,81920,0,0,1.0001024628637412,"{""min"": 0.9999211868588908, ""p1"": 0.9999332215869411, ""p5"": 0.9999813604991424, ""p25"": 0.9999896036045894, ""median"": 0.9999931678546592, ""p75"": 0.999995611588292, ""p95"": 0.9999966280947196, ""p99"": 0.9999971445676654, ""max"": 0.9999972736859019}",0.0045783945652770105,0.0590323148137272,"[20, 4096]",0.99866943359375
O3p_vs_O3r,A061,0.9993345819574126,0,0,0.005681812763214111,0.0004707104964766656,0.10057139282109359,0.00026041269302368164,159744,0,0,1.0002661405452886,0.036486450983976154,0.0008415156614941259,"[39, 4096]",0.9289675981570513,0.3388734459877014,0.9999858600404385,0,0,15.762298583984375,0.04217965178451358,0.010439830855951134,0.029419422149658203,159744,0,0,1.0001205980000742,0.0053195745602597376,0.09350940141610388,"[39, 4096]",0.9984475160256411,0.36292970180511475,0.9999902210683518,0,0,5.41070556640625,0.035798985039582475,0.009291450043306478,0.02612990140914917,102400,0,0,0.9999300177811314,"{""min"": 0.9999211868588908, ""p1"": 0.9999358870635404, ""p5"": 0.9999828712128647, ""p25"": 0.9999918090388082, ""median"": 0.9999934188712173, ""p75"": 0.999994769218318, ""p95"": 0.9999973765550556, ""p99"": 0.9999979533599329, ""max"": 0.9999981269380515}",0.004422826257613388,0.05687964638226085,"[25, 4096]",0.99865234375
O3p_vs_O3r,A062,0.9993252704991181,0,0,0.005681812763214111,0.00047374018510487766,0.10421851457315259,0.00026041269302368164,151552,0,0,1.0001796256879465,0.03673872159797915,0.0008461848551472973,"[37, 4096]",0.9262299408783784,0.34563714265823364,0.9999859090072376,0,0,15.762298583984375,0.04146830818820957,0.010346636692063335,0.028582096099853516,151552,0,0,1.0001821222553078,0.00531227697013368,0.09474568193479681,"[37, 4096]",0.9984427787162162,0.3759022653102875,0.9999906631991717,0,0,5.41070556640625,0.03409980910249072,0.009041669795952655,0.024703502655029297,94208,0,0,1.0001040406251362,"{""min"": 0.9999211868588908, ""p1"": 0.999934638141006, ""p5"": 0.9999825621755705, ""p25"": 0.999992158557749, ""median"": 0.9999939353077457, ""p75"": 0.9999954491459976, ""p95"": 0.999997367211444, ""p99"": 0.9999974839253757, ""max"": 0.9999975161451472}",0.004322773290649913,0.055952453967737216,"[23, 4096]",0.9986625339673914
O3p_vs_O3r,A063,0.9994129088247607,0,0,0.005681812763214111,0.00043836633971516153,0.09831729315132391,0.00026041269302368164,135168,0,0,1.000136764185239,0.034268960314162836,0.0007852907806519684,"[33, 4096]",0.9305234966856061,0.34421607851982117,0.9999852340545258,0,0,15.762298583984375,0.04218213988260135,0.010306219589287336,0.02887701988220215,135168,0,0,1.000148537989373,0.00543675832548817,0.09855514662632603,"[33, 4096]",0.99853515625,0.37980571389198303,0.9999896862421601,0,0,5.41070556640625,0.03378835907996721,0.008696741797213152,0.02439260482788086,77824,0,0,0.9999549554745027,"{""min"": 0.9999211868588908, ""p1"": 0.9999324645156386, ""p5"": 0.9999775751426297, ""p25"": 0.9999916480926793, ""median"": 0.9999944188412454, ""p75"": 0.999995072469896, ""p95"": 0.9999971441778147, ""p99"": 0.9999972267696803, ""max"": 0.9999972474176467}",0.004541873570736004,0.05638163890901317,"[19, 4096]",0.9988692434210527
O3p_vs_O3r,A064,0.9993597385554471,0,0,0.005681812763214111,0.00044776055674153597,0.10284158366403474,0.00025409460067749023,126976,0,0,1.0002440314109906,0.035789592457072736,0.0008058134203072311,"[31, 4096]",0.9267026839717742,0.3429388105869293,0.9999850058633027,0,0,15.762298583984375,0.04283097157625185,0.010455615068505014,0.02916693687438965,126976,0,0,1.0001636432018288,0.0054790473503576066,0.10092083686549128,"[31, 4096]",0.9984170236895161,0.38166359066963196,0.9999893129439631,0,0,5.41070556640625,0.03398401913278469,0.008779818519071945,0.0243527889251709,69632,0,0,0.9999917353679698,"{""min"": 0.9999211868588908, ""p1"": 0.9999313426099145, ""p5"": 0.9999719656140095, ""p25"": 0.9999924621210574, ""median"": 0.9999946871643732, ""p75"": 0.9999952643688667, ""p95"": 0.9999966926341766, ""p99"": 0.9999970321981847, ""max"": 0.9999971170891867}",0.0046232027565229665,0.05718983407303222,"[17, 4096]",0.9986931295955882
O3p_vs_O3r,A065,0.9992670465463617,0,0,0.005681812763214111,0.000477377520175131,0.1103705564701595,0.00026041269302368164,143360,0,0,1.0000812833288557,0.038288806041053905,0.0008778673046093043,"[35, 4096]",0.9187848772321429,0.3416922390460968,0.9999853061414132,0,0,15.762298583984375,0.0423576212486036,0.010493456624847861,0.02893739938735962,143360,0,0,1.0001873049393397,0.005424786150564861,0.09700358801964686,"[35, 4096]",0.9985212053571428,0.3722098171710968,0.9999894415425296,0,0,5.41070556640625,0.03488023571879326,0.009162087122392516,0.024872958660125732,86016,0,0,1.0001079641991717,"{""min"": 0.9999211868588908, ""p1"": 0.9999298908646546, ""p5"": 0.9999647068877098, ""p25"": 0.9999904064056075, ""median"": 0.9999944164148191, ""p75"": 0.9999955651798076, ""p95"": 0.9999974702600114, ""p99"": 0.9999976735823775, ""max"": 0.999997724412969}",0.004596830547184442,0.05740640392497296,"[21, 4096]",0.9988141741071429
O3p_vs_O3r,A066,0.9993222591357657,0,0,0.005681812763214111,0.0004926075713794145,0.10347436372543727,0.0002793744206428528,151552,0,0,1.0001381491023549,0.036819669637676126,0.0008411965648848252,"[37, 4096]",0.9288033150337838,0.34807196259498596,0.9999859149003383,0,0,15.762298583984375,0.042061491826176724,0.010154635979035466,0.02858448028564453,151552,0,0,1.000250616700671,0.005314138498040508,0.09564645125591849,"[37, 4096]",0.9985813450168919,0.3798191249370575,0.9999904251479889,0,0,5.41070556640625,0.03505406104182918,0.008732799083690438,0.024752140045166016,94208,0,0,1.0003099169119347,"{""min"": 0.9999211868588908, ""p1"": 0.9999340001745699, ""p5"": 0.9999796238619882, ""p25"": 0.9999926039888448, ""median"": 0.9999938218912694, ""p75"": 0.9999958379484889, ""p95"": 0.9999970014033642, ""p99"": 0.9999971031314434, ""max"": 0.9999971283546814}",0.00438767447875243,0.058365807046380155,"[23, 4096]",0.998885444972826
O3p_vs_O3r,A067,0.9993081704614593,0,0,0.005681812763214111,0.00048204824287602285,0.10522124283828667,0.00026041269302368164,139264,0,0,1.0002303201422929,0.037202564548762765,0.0008376122250266238,"[34, 4096]",0.9263126148897058,0.34492042660713196,0.9999854219233564,0,0,15.762298583984375,0.041215175763949556,0.01027375213766165,0.02796792984008789,139264,0,0,1.000168147388568,0.005402714999271911,0.09710775935245598,"[34, 4096]",0.9986715877757353,0.37922364473342896,0.9999901434766271,0,0,5.41070556640625,0.03256420911839086,0.008722021019053191,0.023448437452316284,81920,0,0,1.0000340080282712,"{""min"": 0.9999211868588908, ""p1"": 0.9999332468132315, ""p5"": 0.9999814866305943, ""p25"": 0.9999922244495816, ""median"": 0.9999935158344568, ""p75"": 0.9999956083682763, ""p95"": 0.999996957072267, ""p99"": 0.999997056545739, ""max"": 0.999997081414107}",0.004440143431747676,0.05499236848827528,"[20, 4096]",0.99908447265625
O3p_vs_O3r,A068,0.9993872300540575,0,0,0.005681812763214111,0.000434403333358091,0.09899795112704028,0.0002516210079193115,131072,0,0,1.0002263018864932,0.035012404179354896,0.0007884039411739965,"[32, 4096]",0.9294204711914062,0.339630126953125,0.999985176820231,0,0,15.762298583984375,0.0429666050320634,0.010536080037517421,0.029442310333251953,131072,0,0,1.0001260665486154,0.005446649403716267,0.09971974532970167,"[32, 4096]",0.9984970092773438,0.3736301064491272,0.9999896754490389,0,0,5.41070556640625,0.034716642634420064,0.009015967161173623,0.02503049373626709,73728,0,0,0.9998610563287046,"{""min"": 0.9999211868588908, ""p1"": 0.999931471739816, ""p5"": 0.9999726112635172, ""p25"": 0.9999927054915447, ""median"": 0.9999936231291385, ""p75"": 0.9999957601511748, ""p95"": 0.9999973682457274, ""p99"": 0.999997748284036, ""max"": 0.9999978432936131}",0.004545936449647975,0.05680127141349428,"[18, 4096]",0.9988199869791666
O3p_vs_O3r,A069,0.9993901749185474,0,0,0.005681812763214111,0.00044085526562465767,0.09821472495149271,0.0002532973885536194,139264,0,0,1.0002307625756355,0.03492828171961341,0.0007883239824132556,"[34, 4096]",0.9309584673713235,0.34274470806121826,0.9999856137704809,0,0,15.762298583984375,0.04237493512180342,0.01038929731700715,0.029488801956176758,139264,0,0,1.0001574853293458,0.005366730094358067,0.09753018286395747,"[34, 4096]",0.9984777113970589,0.3755249083042145,0.9999904493274993,0,0,5.41070556640625,0.03453580002674243,0.008918447823940545,0.02541804313659668,81920,0,0,1.0000077780929486,"{""min"": 0.9999211868588908, ""p1"": 0.9999328500867045, ""p5"": 0.9999795029979595, ""p25"": 0.9999931245831203, ""median"": 0.999994045256839, ""p75"": 0.999995163979938, ""p95"": 0.9999968433800062, ""p99"": 0.9999974430462903, ""max"": 0.9999975929628614}",0.004370532470204403,0.05624885763363092,"[20, 4096]",0.9987548828125
O3p_vs_O3r,A070,0.9993790513799422,0,0,0.005681812763214111,0.0004401236547693088,0.10023950463201346,0.00025409460067749023,131072,0,0,1.000277062232016,0.035246532970175354,0.0007939574568839136,"[32, 4096]",0.9289627075195312,0.33260345458984375,0.9999846829723645,0,0,15.762298583984375,0.04428665516672936,0.010806839962454165,0.029788672924041748,131072,0,0,1.000193606585994,0.005538724558637445,0.10148160274573535,"[32, 4096]",0.9983673095703125,0.3611382246017456,0.9999877279248294,0,0,5.41070556640625,0.03706339842938178,0.00949731813883895,0.02540910243988037,73728,0,0,1.0001193199176837,"{""min"": 0.9999211868588908, ""p1"": 0.9999302036066252, ""p5"": 0.999966270597563, ""p25"": 0.9999891802807761, ""median"": 0.9999940938730161, ""p75"": 0.9999957683035519, ""p95"": 0.9999968137775358, ""p99"": 0.9999973748491825, ""max"": 0.9999975151170942}",0.004955937468335043,0.06210141285140684,"[18, 4096]",0.9985894097222222
O3p_vs_O3r,A071,0.998962720825151,0,0,0.005681812763214111,0.0006045181191404504,0.13245004026718313,0.00029793381690979004,323584,0,0,0.9997374198434954,0.045542096572078805,0.0010732272656503517,"[79, 4096]",0.9023684731012658,0.3522331118583679,0.9999844697232525,0,0,15.762298583984375,0.038828717569749295,0.010459753195771635,0.025564193725585938,323584,0,0,1.0000956891764674,0.005574287584330513,0.07981870893845446,"[79, 4096]",0.9984239022943038,0.3643629848957062,0.9999853183480539,0,0,5.41070556640625,0.03565287529851888,0.010022359233331184,0.023799896240234375,266240,0,0,0.999976728444685,"{""min"": 0.9998450291118225, ""p1"": 0.9998703471555629, ""p5"": 0.999936785176116, ""p25"": 0.9999900009621637, ""median"": 0.9999936396677676, ""p75"": 0.9999955311542975, ""p95"": 0.9999968280420275, ""p99"": 0.9999974548605304, ""max"": 0.9999979617646794}",0.005418778656556907,0.06116523821345774,"[65, 4096]",0.9984975961538461
O3p_vs_O3r,A072,0.9991360278039001,0,0,0.005681812763214111,0.0005374205452173757,0.11897296874117337,0.00028408318758010864,221184,0,0,0.9998808876516139,0.04156624544551913,0.0009715313887184761,"[54, 4096]",0.9127604166666666,0.37084057927131653,0.9999872543024279,0,0,15.762298583984375,0.035879876431139296,0.009229734780161876,0.024662017822265625,221184,0,0,1.0000546350504185,0.00504933390235594,0.0803751081994293,"[54, 4096]",0.998779296875,0.397064208984375,0.9999923212607891,0,0,5.41070556640625,0.02968703834187636,0.008088463145732725,0.021765708923339844,163840,0,0,0.9998274021563666,"{""min"": 0.9999211868588908, ""p1"": 0.9999451465241197, ""p5"": 0.9999845583825467, ""p25"": 0.9999926586939415, ""median"": 0.9999945439388116, ""p75"": 0.9999961944240565, ""p95"": 0.9999980344830249, ""p99"": 0.9999987421747699, ""max"": 0.9999988509503696}",0.003922323006796631,0.04709420593749572,"[40, 4096]",0.9990234375
O3p_vs_O3r,A073,0.9991343264013961,0,0,0.005681812763214111,0.0005310537072673789,0.1165995076169857,0.000274658203125,233472,0,0,0.999834147220858,0.04160634032942091,0.0009717649200012823,"[57, 4096]",0.9146450109649122,0.37969863414764404,0.9999873919263826,0,0,15.762298583984375,0.034698770686047375,0.009112049748148901,0.02430856227874756,233472,0,0,1.0000165616801109,0.005021637098226022,0.077856100910961,"[57, 4096]",0.9986679344846491,0.40697672963142395,0.9999926538479452,0,0,5.41070556640625,0.028553445011586815,0.008012085659187328,0.021701335906982422,176128,0,0,0.9997379541784562,"{""min"": 0.9999211868588908, ""p1"": 0.9999478457053281, ""p5"": 0.9999871210809671, ""p25"": 0.9999932101793387, ""median"": 0.9999950692219403, ""p75"": 0.9999960676041808, ""p95"": 0.9999972423347719, ""p99"": 0.9999978409664785, ""max"": 0.9999979703744013}",0.003841499975996003,0.044558732064087586,"[43, 4096]",0.9988587845203488
O3p_vs_O3r,A074,0.9990843246235057,0,0,0.005681812763214111,0.0005540048161990098,0.12570183851420064,0.00027667731046676636,217088,0,0,0.999811910928568,0.04279067273863386,0.0010010098894053588,"[53, 4096]",0.9068119840801887,0.346500039100647,0.9999857020383893,0,0,15.762298583984375,0.040467214240705734,0.010136521732600884,0.028042912483215332,217088,0,0,0.9999746544191647,0.005347507909329279,0.08539870313347292,"[53, 4096]",0.9984568469929245,0.3646584451198578,0.9999887815859732,0,0,5.41070556640625,0.03576232208079324,0.009291499987908064,0.025644958019256592,159744,0,0,0.9996275932070201,"{""min"": 0.9999211868588908, ""p1"": 0.9999335736723232, ""p5"": 0.9999815726461447, ""p25"": 0.999991299150248, ""median"": 0.9999932111727967, ""p75"": 0.9999945690520763, ""p95"": 0.9999967337078886, ""p99"": 0.9999969336178243, ""max"": 0.9999970111059321}",0.004750490421610643,0.056928154603117384,"[39, 4096]",0.9985914963942307
O3p_vs_O3r,A075,0.9992054987981176,0,0,0.005681812763214111,0.0005136091642288403,0.11489823253451394,0.0002720579504966736,212992,0,0,0.9998448369619644,0.03985950231616746,0.000937070167407043,"[52, 4096]",0.9162456805889423,0.3531963527202606,0.9999859621805247,0,0,15.762298583984375,0.03998388436027129,0.010039101324310925,0.027303695678710938,212992,0,0,1.0000702544573028,0.005299296847519412,0.08580870765802528,"[52, 4096]",0.99859619140625,0.37429970502853394,0.9999892744628163,0,0,5.41070556640625,0.03497711034546419,0.009135950435914099,0.02468085289001465,155648,0,0,0.9998627296376993,"{""min"": 0.9999211868588908, ""p1"": 0.9999251675582416, ""p5"": 0.9999767530832385, ""p25"": 0.9999892012377851, ""median"": 0.9999925555247478, ""p75"": 0.9999948582930483, ""p95"": 0.9999977170269058, ""p99"": 0.9999982141065499, ""max"": 0.9999984939089972}",0.004633246477792709,0.05683517731504876,"[38, 4096]",0.9987857216282895
O3p_vs_O3r,A076,0.9991951611055452,0,0,0.005681812763214111,0.0005213187504660658,0.11510682456787623,0.00027251243591308594,217088,0,0,0.9999084358252917,0.04011905761716531,0.000941163182790059,"[53, 4096]",0.9162920106132075,0.3561689257621765,0.9999865291348006,0,0,15.762298583984375,0.03827538586593396,0.009871334711162147,0.026981353759765625,217088,0,0,1.0001220776054642,0.005192294514256468,0.08328607667389831,"[53, 4096]",0.9985674012382075,0.3777982294559479,0.9999906032566992,0,0,5.41070556640625,0.03278368352020595,0.008931117625440039,0.02437305450439453,159744,0,0,0.999986372886356,"{""min"": 0.9999211868588908, ""p1"": 0.999937401914616, ""p5"": 0.9999795991245575, ""p25"": 0.9999913826502774, ""median"": 0.9999937927718238, ""p75"": 0.9999948720398757, ""p95"": 0.9999967013693501, ""p99"": 0.9999969832726125, ""max"": 0.9999971520202543}",0.004335137391009548,0.05250257049366951,"[39, 4096]",0.9987417367788461
O3p_vs_O3r,A077,0.9990608132302642,0,0,0.005681812763214111,0.0005567486533985879,0.12324616606115313,0.00028144754469394684,217088,0,0,0.9998515889743548,0.0433372448819792,0.0009967197540654972,"[53, 4096]",0.9101424307193396,0.3442521095275879,0.9999859150324532,0,0,15.762298583984375,0.03946908154116585,0.010191071088353031,0.027650117874145508,217088,0,0,1.0001074268378285,0.005308907780954701,0.08452864000834216,"[53, 4096]",0.9985489755306604,0.3616035580635071,0.9999892620246984,0,0,5.41070556640625,0.03440588533526469,0.0093656311636738,0.02510601282119751,159744,0,0,0.9999457796925456,"{""min"": 0.9999211868588908, ""p1"": 0.99992391635631, ""p5"": 0.9999751394792605, ""p25"": 0.9999897161656836, ""median"": 0.9999931594805362, ""p75"": 0.9999947277407392, ""p95"": 0.999995935944151, ""p99"": 0.9999969711692663, ""max"": 0.9999973960057409}",0.004634406759528243,0.055135231969182484,"[39, 4096]",0.9987166967147436
O3p_vs_O3r,A078,0.9991057221274765,0,0,0.005681812763214111,0.0005419707101009407,0.12133054319478973,0.00026591867208480835,204800,0,0,0.9998618783851526,0.04228862476387558,0.000976796015810785,"[50, 4096]",0.911474609375,0.35371580719947815,0.9999863374295009,0,0,15.762298583984375,0.03880330460287951,0.009804988486587483,0.026820778846740723,204800,0,0,1.0000861631021878,0.005228280740070895,0.08504739334249296,"[50, 4096]",0.99859375,0.3761935830116272,0.9999904538236906,0,0,5.41070556640625,0.033059262126041884,0.008760618667498388,0.023969650268554688,147456,0,0,0.9998865754638921,"{""min"": 0.9999211868588908, ""p1"": 0.99993584144518, ""p5"": 0.9999784780792351, ""p25"": 0.9999917201910159, ""median"": 0.9999933880515833, ""p75"": 0.9999954065221356, ""p95"": 0.9999966791268525, ""p99"": 0.9999984278013229, ""max"": 0.9999987171054573}",0.00437070385672027,0.053103408568457744,"[36, 4096]",0.9987928602430556
O3p_vs_O3r,A079,0.9990809633868373,0,0,0.005681812763214111,0.0005367250996552649,0.11970112121479148,0.00026041269302368164,208896,0,0,0.999856917188699,0.04286992771549727,0.0009860901824291345,"[51, 4096]",0.9115157781862745,0.34241440892219543,0.9999858553699639,0,0,15.762298583984375,0.04122040857888065,0.01032299776107731,0.028922438621520996,208896,0,0,1.0001834527163664,0.005322415308114855,0.08761025240401052,"[51, 4096]",0.9985973881740197,0.36000844836235046,0.9999888862571447,0,0,5.41070556640625,0.036546190376120155,0.009502857662581366,0.02653077244758606,151552,0,0,1.0001342624096203,"{""min"": 0.9999211868588908, ""p1"": 0.9999312897364027, ""p5"": 0.999974831565205, ""p25"": 0.9999887655985286, ""median"": 0.9999919461020021, ""p75"": 0.999994080446098, ""p95"": 0.9999970410528128, ""p99"": 0.9999981205067081, ""max"": 0.9999986997299694}",0.004716831184296335,0.05957493781525106,"[37, 4096]",0.9987924936655406
O3p_vs_O3r,A080,0.9989570026976418,0,0,0.005681812763214111,0.0005596421234741331,0.13189558352689024,0.00026041269302368164,200704,0,0,0.9997717546484185,0.045668047714844784,0.0010447212521841934,"[49, 4096]",0.8999820631377551,0.3551299571990967,0.9999861485082426,0,0,15.762298583984375,0.03722162166459198,0.00980586523719918,0.025920391082763672,200704,0,0,1.0000411811965215,0.005263631849610679,0.08381567196736786,"[49, 4096]",0.998649752869898,0.37881556153297424,0.99999070803676,0,0,5.41070556640625,0.030680790513101134,0.008732006980666503,0.022892236709594727,143360,0,0,0.9997268857734067,"{""min"": 0.9999211868588908, ""p1"": 0.9999420499409049, ""p5"": 0.9999840268713968, ""p25"": 0.9999914498465972, ""median"": 0.999993109161301, ""p75"": 0.9999947142573983, ""p95"": 0.999996618793013, ""p99"": 0.9999978843910597, ""max"": 0.9999984912188702}",0.004318963107690927,0.04901728932275733,"[35, 4096]",0.998876953125
O3p_vs_O3r,A081,0.9993532041846039,0,0,0.005681812763214111,0.00046577288081834923,0.09946618605366851,0.00026041269302368164,163840,0,0,1.0001896071220333,0.035970444198522536,0.0008237818540631805,"[40, 4096]",0.930694580078125,0.36260986328125,0.9999862762371025,0,0,15.762298583984375,0.039089009987674214,0.009608189784435107,0.026035785675048828,163840,0,0,1.0001518538904757,0.005241636520529515,0.09110158359146536,"[40, 4096]",0.998626708984375,0.3985220193862915,0.9999913794719739,0,0,5.41070556640625,0.03128956176540389,0.008056170733768155,0.022019386291503906,106496,0,0,1.0000221367212678,"{""min"": 0.9999211868588908, ""p1"": 0.9999370461574696, ""p5"": 0.9999846331156019, ""p25"": 0.9999931724036013, ""median"": 0.9999954390075414, ""p75"": 0.9999962305642821, ""p95"": 0.9999974920226923, ""p99"": 0.9999977828249026, ""max"": 0.999997861171534}",0.004152340032736119,0.05256716496886553,"[26, 4096]",0.9989201472355769
O3p_vs_O3r,A082,0.9994707719127293,0,0,0.005681812763214111,0.0004383737717079185,0.09004417698270129,0.00026041269302368164,167936,0,0,1.0001750993527982,0.032537242804453546,0.0007492578368563327,"[41, 4096]",0.9392447122713414,0.36759838461875916,0.9999884522116799,0,0,15.762298583984375,0.03979756353035599,0.00947822704705056,0.02759265899658203,167936,0,0,1.0001675080087136,0.004809106389790518,0.09023003631427487,"[41, 4096]",0.9987257050304879,0.40476706624031067,0.9999943540112818,0,0,5.41070556640625,0.03265438189400474,0.0079163020973941,0.024121403694152832,110592,0,0,1.0001035857032439,"{""min"": 0.9999211868588908, ""p1"": 0.9999376899543043, ""p5"": 0.9999846924898109, ""p25"": 0.9999924701974279, ""median"": 0.99999529510368, ""p75"": 0.9999968070478665, ""p95"": 0.9999990212148939, ""p99"": 0.9999993669907379, ""max"": 0.9999994821516984}",0.0033621239005704007,0.05223376016412212,"[27, 4096]",0.9990596064814815
O3p_vs_O3r,A083,0.999336408743189,0,0,0.005681812763214111,0.0004879162305271512,0.10055460246261679,0.00027105212211608887,172032,0,0,1.0001116054710417,0.03643272004988169,0.0008417823884892798,"[42, 4096]",0.9306756882440477,0.3669491708278656,0.9999872310915024,0,0,15.762298583984375,0.0387939245915082,0.0095433684876616,0.026651382446289062,172032,0,0,1.0000929343383704,0.005054584762920989,0.08879044262307652,"[42, 4096]",0.9985816592261905,0.4024658203125,0.9999929685627061,0,0,5.41070556640625,0.03140403711560274,0.008069797292226963,0.02305912971496582,114688,0,0,0.9998932818194638,"{""min"": 0.9999211868588908, ""p1"": 0.9999383246887433, ""p5"": 0.9999863068235567, ""p25"": 0.9999932842913287, ""median"": 0.9999944872092426, ""p75"": 0.9999962234296549, ""p95"": 0.9999983764238549, ""p99"": 0.9999989834970109, ""max"": 0.9999992025544902}",0.0037513680963328533,0.05034992899343462,"[28, 4096]",0.9988316127232143
O3p_vs_O3r,A084,0.9992525774661507,0,0,0.005681812763214111,0.0005240938362126494,0.1065304725745514,0.00029152631759643555,159744,0,0,1.000184292463492,0.038667227985606054,0.0008840473546496357,"[39, 4096]",0.9261005108173077,0.36481496691703796,0.9999862966121049,0,0,15.762298583984375,0.038986907469314665,0.009563520999960324,0.026264190673828125,159744,0,0,1.0002257103610692,0.005240601773614679,0.09189806510816449,"[39, 4096]",0.9986415765224359,0.40339842438697815,0.9999915384876557,0,0,5.41070556640625,0.03081830390787218,0.007924406667960815,0.022144794464111328,102400,0,0,1.0002365504788693,"{""min"": 0.9999211868588908, ""p1"": 0.9999364204854264, ""p5"": 0.9999859858196942, ""p25"": 0.9999931594805362, ""median"": 0.999994913362486, ""p75"": 0.9999965681326284, ""p95"": 0.9999971558727243, ""p99"": 0.9999976449398663, ""max"": 0.9999977869232116}",0.004121041611880216,0.05262355244333289,"[25, 4096]",0.998955078125
O3p_vs_O3r,A085,0.9993993344386337,0,0,0.005681812763214111,0.00045349796193523874,0.0921059517788486,0.00026041269302368164,159744,0,0,1.0002050996995224,0.034664384911198734,0.0007998911419338491,"[39, 4096]",0.9366110777243589,0.36314353346824646,0.999987393689773,0,0,15.762298583984375,0.039696768016419345,0.009623792248192842,0.02698373794555664,159744,0,0,1.0003706165678523,0.005035803938849175,0.09276812184137206,"[39, 4096]",0.9986728766025641,0.4007910192012787,0.9999930837452763,0,0,5.41070556640625,0.031925686361355475,0.008018429815203544,0.023046493530273438,102400,0,0,1.000594549366508,"{""min"": 0.9999211868588908, ""p1"": 0.9999364204854264, ""p5"": 0.9999851393880343, ""p25"": 0.9999932111727967, ""median"": 0.9999960320077673, ""p75"": 0.9999973655116272, ""p95"": 0.999997804116653, ""p99"": 0.9999979480059403, ""max"": 0.9999979880750888}",0.003767522064487535,0.054953467264078106,"[25, 4096]",0.99900390625
O3p_vs_O3r,A086,0.9993777669526875,0,0,0.005681812763214111,0.00044776307399590424,0.09583013454212766,0.00026041269302368164,147456,0,0,1.000198776301997,0.035281056914598576,0.0008143087636123269,"[36, 4096]",0.9324001736111112,0.3569675087928772,0.99998681292424,0,0,15.762298583984375,0.04056936307976381,0.009808381221378846,0.02755141258239746,147456,0,0,1.000144341661067,0.005137975566740321,0.09469065962959579,"[36, 4096]",0.9986165364583334,0.3958185315132141,0.9999927336821297,0,0,5.41070556640625,0.032293876239319536,0.008101571439554828,0.023333191871643066,90112,0,0,1.0000051689621676,"{""min"": 0.9999211868588908, ""p1"": 0.9999345162821094, ""p5"": 0.9999849954843265, ""p25"": 0.9999943727396907, ""median"": 0.9999959515039076, ""p75"": 0.9999966120770732, ""p95"": 0.9999980122743254, ""p99"": 0.9999983232632768, ""max"": 0.9999984003041089}",0.003812182783852515,0.05336563121894377,"[22, 4096]",0.9989568536931818
O3p_vs_O3r,A087,0.9994177080154356,0,0,0.005681812763214111,0.00045164252258523955,0.09280803229707732,0.00026041269302368164,147456,0,0,1.0002628960014912,0.034131499350384356,0.0007876164186804071,"[36, 4096]",0.9365370008680556,0.3476426899433136,0.9999863354465542,0,0,15.762298583984375,0.04249659439907797,0.010031401704290583,0.029100894927978516,147456,0,0,1.0001053615679154,0.005229061807787303,0.09641931031708009,"[36, 4096]",0.9985622829861112,0.3805597424507141,0.9999913842617539,0,0,5.41070556640625,0.03544752748910634,0.008466514047955849,0.025203466415405273,90112,0,0,0.99989521329935,"{""min"": 0.9999211868588908, ""p1"": 0.9999345162821094, ""p5"": 0.9999849164015336, ""p25"": 0.9999931620546292, ""median"": 0.9999940923297252, ""p75"": 0.9999958426191624, ""p95"": 0.9999975028315348, ""p99"": 0.9999975239835481, ""max"": 0.9999975261030545}",0.004152186305545182,0.05821068271699169,"[22, 4096]",0.9988680752840909
O3p_vs_O3r,A088,0.9992962123931978,0,0,0.005681812763214111,0.0005043713256088124,0.10529683242505715,0.0002908147871494293,155648,0,0,1.0001388863553913,0.03752052766174586,0.000862557387980707,"[38, 4096]",0.9269955283717105,0.35979902744293213,0.9999861088937894,0,0,15.762298583984375,0.03937849874766566,0.009714413285759933,0.025644302368164062,155648,0,0,1.0002115903223092,0.005275685863822072,0.09321922823126988,"[38, 4096]",0.9987021998355263,0.397064208984375,0.999991145323791,0,0,5.41070556640625,0.031097964950201156,0.00809502302331022,0.02113962173461914,98304,0,0,1.0001944709262687,"{""min"": 0.9999211868588908, ""p1"": 0.9999351337409563, ""p5"": 0.9999822507005004, ""p25"": 0.9999920236793295, ""median"": 0.9999944353257126, ""p75"": 0.9999961761962879, ""p95"": 0.999998284929115, ""p99"": 0.9999986157885814, ""max"": 0.9999987061463271}",0.004213147910262304,0.054036780605446644,"[24, 4096]",0.9990641276041666
O3p_vs_O3r,A089,0.999364306936593,0,0,0.005681812763214111,0.0004810990904047685,0.10091683672067982,0.00026922672986984253,163840,0,0,1.0001099884710827,0.035658632364322776,0.0008321733363591639,"[40, 4096]",0.93031005859375,0.3625549376010895,0.9999871024027952,0,0,15.762298583984375,0.04047367501671033,0.00986089842120348,0.02822399139404297,163840,0,0,1.0000441334172314,0.005079200783424974,0.0912260812606177,"[40, 4096]",0.9986083984375,0.3984375,0.9999927320982466,0,0,5.41070556640625,0.03341981565622868,0.008444953251873345,0.02474522590637207,106496,0,0,0.9997647219417296,"{""min"": 0.9999211868588908, ""p1"": 0.9999370552198654, ""p5"": 0.9999853286867938, ""p25"": 0.9999931724036013, ""median"": 0.9999953197442919, ""p75"": 0.9999963529232895, ""p95"": 0.9999980442532954, ""p99"": 0.999998238613632, ""max"": 0.999998273409814}",0.0038193899139932173,0.05289828862518396,"[26, 4096]",0.9988919771634616
O3p_vs_O3r,A090,0.9991846135370708,0,0,0.005681812763214111,0.0005506455483745687,0.109845552689932,0.00030046701431274414,176128,0,0,1.0000808470184552,0.0403845428998253,0.0009297413891241143,"[43, 4096]",0.924049554869186,0.35582077503204346,0.999987148750212,0,0,15.762298583984375,0.040029284291238074,0.009843004332516577,0.028161048889160156,176128,0,0,1.000260373734221,0.005077104126767205,0.09032326770599218,"[43, 4096]",0.9985692223837209,0.3847403824329376,0.99999208920882,0,0,5.41070556640625,0.033490601066095506,0.008564897724095884,0.025060653686523438,118784,0,0,1.0003163315205634,"{""min"": 0.9999211868588908, ""p1"": 0.9999389594231823, ""p5"": 0.9999874572968475, ""p25"": 0.9999930890679237, ""median"": 0.9999935315520596, ""p75"": 0.999995564174749, ""p95"": 0.9999966725740209, ""p99"": 0.9999980934279815, ""max"": 0.9999985763198649}",0.003990821075425494,0.05591638522748614,"[29, 4096]",0.9988045528017241
O3p_vs_O3r,A091,0.9993997303793579,0,0,0.005681812763214111,0.0004280456810319164,0.09268841159548401,0.00024234503507614136,147456,0,0,1.0002289040902204,0.03465351997574722,0.0008062989936479799,"[36, 4096]",0.9342108832465278,0.3495551347732544,0.999985563423204,0,0,15.762298583984375,0.04033720567834583,0.01002098306166746,0.027096986770629883,147456,0,0,1.0001667665053782,0.005376409557949786,0.09456574996238316,"[36, 4096]",0.9986165364583334,0.38368919491767883,0.9999904081427805,0,0,5.41070556640625,0.03191398230972647,0.008449465360027102,0.022569358348846436,90112,0,0,1.0000356208911279,"{""min"": 0.9999211868588908, ""p1"": 0.9999345162821094, ""p5"": 0.9999850008754374, ""p25"": 0.9999925442041357, ""median"": 0.9999941120165825, ""p75"": 0.9999955199750995, ""p95"": 0.9999971438806801, ""p99"": 0.9999975818392943, ""max"": 0.9999976943814548}",0.004380144589889359,0.05300195310023918,"[22, 4096]",0.9989568536931818
O3p_vs_O3r,A092,0.9995181478399183,0,0,0.005681812763214111,0.00039927212423170505,0.0795794978145465,0.00023561716079711914,196608,0,0,1.0001471578386594,0.031046220256862395,0.0007380114074414646,"[48, 4096]",0.9453125,0.3617452085018158,0.9999849143846532,0,0,15.762298583984375,0.0387951927012485,0.009892803327430253,0.025195837020874023,196608,0,0,1.0000538968713493,0.005493246917940701,0.08823299164861084,"[48, 4096]",0.9986521402994791,0.3888514041900635,0.9999873172733124,0,0,5.41070556640625,0.032709925178042956,0.008823159041682942,0.02195596694946289,139264,0,0,0.999759269335679,"{""min"": 0.9998830624969186, ""p1"": 0.9998956435363694, ""p5"": 0.9999624445974248, ""p25"": 0.9999927033638071, ""median"": 0.9999943569685315, ""p75"": 0.9999957570313979, ""p95"": 0.9999970994903395, ""p99"": 0.999997650451026, ""max"": 0.999997895157105}",0.005041557139021291,0.05778992265912395,"[34, 4096]",0.9988870059742647
O3p_vs_O3r,A093,0.9994179896078055,0,0,0.005681812763214111,0.00043018981096866883,0.09185978594792019,0.00024791061878204346,151552,0,0,1.0002496137904653,0.03412291967394233,0.0008013076149292703,"[37, 4096]",0.9350453969594594,0.3585106134414673,0.9999860713598873,0,0,15.762298583984375,0.03851155157610412,0.009961509617133858,0.02538323402404785,151552,0,0,1.0000785564021673,0.005278791500089945,0.09228708138108531,"[37, 4096]",0.9985021642736487,0.396611750125885,0.9999919250324019,0,0,5.41070556640625,0.029343287596060218,0.00842211754497915,0.020786285400390625,94208,0,0,0.9997481398627931,"{""min"": 0.9999211868588908, ""p1"": 0.9999351510165484, ""p5"": 0.9999853599836293, ""p25"": 0.999993436940858, ""median"": 0.9999955677333711, ""p75"": 0.9999969807120548, ""p95"": 0.9999976878546959, ""p99"": 0.9999978269198209, ""max"": 0.9999978622636808}",0.0040260776447701594,0.04889720173535201,"[23, 4096]",0.9987580672554348
O3p_vs_O3r,A094,0.9994369437193572,0,0,0.005681812763214111,0.0004198458804790119,0.08914837447726766,0.00024199485778808594,155648,0,0,1.0001869555381055,0.0335612581206279,0.000789037635529836,"[38, 4096]",0.9369924444901315,0.35291171073913574,0.9999851612769785,0,0,15.762298583984375,0.04036005044154559,0.01007431722338252,0.02639913558959961,155648,0,0,1.0002213268992692,0.005452797452383342,0.09448652345950945,"[38, 4096]",0.9985415810032895,0.3861592710018158,0.9999887049434066,0,0,5.41070556640625,0.03265208846551104,0.008664870924545978,0.022085189819335938,98304,0,0,1.0002240430700102,"{""min"": 0.9999211868588908, ""p1"": 0.9999317094252037, ""p5"": 0.9999695956205451, ""p25"": 0.9999914088170243, ""median"": 0.9999929894166419, ""p75"": 0.9999955544188062, ""p95"": 0.9999976682568014, ""p99"": 0.9999978937947815, ""max"": 0.9999979297801042}",0.004758715125202894,0.05741615434962548,"[24, 4096]",0.998809814453125
O3p_vs_O3r,A095,0.9993762878675011,0,0,0.005681812763214111,0.00047322139623266844,0.09165357868282199,0.00026041269302368164,192512,0,0,1.0000531368470027,0.03531987220694258,0.000840808854061884,"[47, 4096]",0.9366429105718085,0.35162484645843506,0.9999862908392494,0,0,15.762298583984375,0.03871923067662407,0.00983317742774395,0.02686786651611328,192512,0,0,1.0002664235907153,0.005243720808552732,0.08690167777341201,"[47, 4096]",0.9986390458776596,0.3752589225769043,0.9999905658256654,0,0,5.41070556640625,0.032417334793783746,0.008705823842561616,0.023862600326538086,135168,0,0,1.0003398283856684,"{""min"": 0.9999211868588908, ""p1"": 0.9999381858287776, ""p5"": 0.9999805196375884, ""p25"": 0.9999916103959635, ""median"": 0.9999928384085865, ""p75"": 0.9999946895450468, ""p95"": 0.9999968486737217, ""p99"": 0.9999968927345132, ""max"": 0.9999969049616222}",0.00435777971007638,0.053599358751180805,"[33, 4096]",0.9988754734848485
O3p_vs_O3r,A096,0.9992496707222168,0,0,0.005681812763214111,0.0004934155136726151,0.10753846625683755,0.00026041269302368164,151552,0,0,1.000241976798479,0.03874377669885199,0.0009010423511588981,"[37, 4096]",0.922680004222973,0.3584842085838318,0.9999860964070145,0,0,15.762298583984375,0.03901790630884903,0.009884514245193082,0.026018261909484863,151552,0,0,1.0001192569537707,0.005274914633621946,0.09289973629775893,"[37, 4096]",0.9985945418074325,0.39656928181648254,0.9999916917368015,0,0,5.41070556640625,0.03015785825308463,0.008298255424900513,0.021555662155151367,94208,0,0,0.9998949249694368,"{""min"": 0.9999211868588908, ""p1"": 0.9999351510165484, ""p5"": 0.9999852790768048, ""p25"": 0.9999934182345104, ""median"": 0.9999952136828165, ""p75"": 0.9999960956686937, ""p95"": 0.9999977380505366, ""p99"": 0.9999978001842069, ""max"": 0.9999978103381462}",0.004077477305580565,0.05072920156156462,"[23, 4096]",0.9989066745923914
O3p_vs_O3r,A097,0.9994245761816465,0,0,0.005681812763214111,0.00043681868650082836,0.08952934502126321,0.0002582371234893799,163840,0,0,1.0001312774335196,0.03392662598603384,0.0008009059199186613,"[40, 4096]",0.93763427734375,0.33360594511032104,0.9999855556719481,0,0,15.762298583984375,0.04136952319058764,0.010653305667039635,0.028466522693634033,163840,0,0,1.000203539855706,0.005379215981074252,0.09247595344324706,"[40, 4096]",0.9985107421875,0.35390061140060425,0.999989526219109,0,0,5.41070556640625,0.03479804361603993,0.009664041322390505,0.02498328685760498,106496,0,0,1.0001699161730633,"{""min"": 0.9999211868588908, ""p1"": 0.999931744389754, ""p5"": 0.9999685126194875, ""p25"": 0.9999889529562274, ""median"": 0.9999933942547607, ""p75"": 0.9999951246497332, ""p95"": 0.999996711908554, ""p99"": 0.9999973935129033, ""max"": 0.9999975690999022}",0.0045803921903527535,0.05613791908842969,"[26, 4096]",0.9987417367788461
O3p_vs_O3r,A098,0.9993016713823708,0,0,0.005681812763214111,0.0004854399008828685,0.10148643312966245,0.00026041269302368164,172032,0,0,1.0001552562321883,0.037375101063355905,0.0008732760343921012,"[42, 4096]",0.9288853236607143,0.3715704083442688,0.9999864875676326,0,0,15.762298583984375,0.0373986761465598,0.009312643635068984,0.024751663208007812,172032,0,0,1.0002989306656977,0.005207907721802088,0.08934453832077821,"[42, 4096]",0.9987502325148809,0.4093976616859436,0.9999916491888498,0,0,5.41070556640625,0.029311164448180143,0.00772371001333804,0.020848751068115234,114688,0,0,1.0004392560930335,"{""min"": 0.9999211868588908, ""p1"": 0.9999383246887433, ""p5"": 0.9999858715794615, ""p25"": 0.9999937470217986, ""median"": 0.999994818240017, ""p75"": 0.9999958685077083, ""p95"": 0.9999978658366867, ""p99"": 0.9999979573042755, ""max"": 0.9999979727098414}",0.004111192589231984,0.05179933483617963,"[28, 4096]",0.99908447265625
O3p_vs_O3r,A099,0.9993228681973103,0,0,0.005681812763214111,0.0005037946542299408,0.10000022114545802,0.000266440212726593,176128,0,0,1.0000896905168417,0.03680208029949728,0.0008793100397501385,"[43, 4096]",0.9303801780523255,0.34012195467948914,0.9999856400034698,0,0,15.762298583984375,0.04062037117787546,0.010301697205269949,0.02795863151550293,176128,0,0,1.000294371205961,0.00536796998938704,0.09068617709317825,"[43, 4096]",0.9986032885174418,0.3614628314971924,0.9999893653572023,0,0,5.41070556640625,0.0343670402428337,0.009245028535419846,0.024730682373046875,118784,0,0,1.0004292706515086,"{""min"": 0.9999211868588908, ""p1"": 0.9999266340949564, ""p5"": 0.9999582488851623, ""p25"": 0.9999912444694741, ""median"": 0.999992577966012, ""p75"": 0.9999954187470278, ""p95"": 0.9999972126531259, ""p99"": 0.9999975688577109, ""max"": 0.9999976177036222}",0.00463278417022234,0.05678067092129194,"[29, 4096]",0.9988550646551724
O3p_vs_O3r,A100,0.9992787653707257,0,0,0.005681812763214111,0.0004690868518451139,0.10098620890757326,0.0002502426505088806,151552,0,0,1.00015642727273,0.03798314586197785,0.0008835725891917148,"[37, 4096]",0.9275760135135135,0.3550662398338318,0.9999859992899527,0,0,15.762298583984375,0.03869486215980204,0.010073816655456007,0.025552570819854736,151552,0,0,1.000122848624499,0.005293387555556739,0.09253768843870254,"[37, 4096]",0.9985813450168919,0.39107081294059753,0.9999916445832979,0,0,5.41070556640625,0.029638178535052524,0.00860278538923652,0.02106475830078125,94208,0,0,0.9998957484238082,"{""min"": 0.9999211868588908, ""p1"": 0.9999351510165484, ""p5"": 0.9999853391793787, ""p25"": 0.9999937431371686, ""median"": 0.9999956574514156, ""p75"": 0.9999968275213307, ""p95"": 0.9999974636406611, ""p99"": 0.9999977722806455, ""max"": 0.9999978513428363}",0.0040890047278867424,0.04965328320417935,"[23, 4096]",0.998885444972826
O0_vs_O3p,A001,0.9994718108214943,0,0,0.003021240234375,0.00046938164265763284,0.10849527950649215,0.000244140625,122880,0,0,1.0004572067362736,0.03251261875506364,0.0007325989085180075,"[30, 4096]",0.9225179036458333,0.03008626215159893,0.9975409270778895,0,0,153.63671875,0.6633842331119619,0.09335525292841404,0.4093031883239746,122880,0,0,0.9872146281326906,0.07084300427346898,1.3353471250851918,"[30, 4096]",0.9778971354166667,0.0339202880859375,0.9968947093486232,0,0,80.905517578125,0.5566436224828522,0.08697187572387576,0.36344730854034424,65536,0,0,0.9977634957325168,"{""min"": 0.9645026948755486, ""p1"": 0.969331033057435, ""p5"": 0.9886443857849805, ""p25"": 0.9983969956070389, ""median"": 0.998831997123019, ""p75"": 0.9991287051069384, ""p95"": 0.9993544703161993, ""p99"": 0.9993891408207436, ""max"": 0.9993978084468796}",0.07875083023375036,0.9810530282425526,"[16, 4096]",0.9798736572265625
O0_vs_O3p,A002,0.9995276038964017,0,0,0.003021240234375,0.00042844882984589334,0.10074874256014775,0.00022125244140625,126976,0,0,1.0004000581770194,0.030746222948347824,0.0006918311507907948,"[31, 4096]",0.9279706401209677,0.030895601958036423,0.9975366267650564,0,0,153.63671875,0.6500471956192233,0.09297450905419957,0.39943063259124756,126976,0,0,0.9874019385603804,0.07087587859914102,1.3141974138928965,"[31, 4096]",0.9775863155241935,0.03517061099410057,0.9968855336136176,0,0,80.905517578125,0.5386020017978059,0.08665307084763395,0.35096025466918945,69632,0,0,0.9985620572814116,"{""min"": 0.9645026948755486, ""p1"": 0.9696529222695608, ""p5"": 0.9902538318456092, ""p25"": 0.9983950498166797, ""median"": 0.998983892376122, ""p75"": 0.9991667697311386, ""p95"": 0.9993593700870422, ""p99"": 0.9994212766931323, ""max"": 0.9994367533446548}",0.07887993156374988,0.9531817460345673,"[17, 4096]",0.9791906020220589
O0_vs_O3p,A003,0.9994731428661849,0,0,0.003021240234375,0.00045352327624641474,0.10836776817495916,0.0002288818359375,122880,0,0,1.00044513717853,0.032471240538882375,0.0007181208864090486,"[30, 4096]",0.9222005208333334,0.02967936173081398,0.9975179295800521,0,0,153.63671875,0.659207276106584,0.09325758905957741,0.404400110244751,122880,0,0,0.9875759808918996,0.07111133882894137,1.3299822127837517,"[30, 4096]",0.9777425130208334,0.0331573486328125,0.9967712149656739,0,0,80.905517578125,0.5488118280977687,0.08678875596980704,0.35733890533447266,65536,0,0,1.0001270751387203,"{""min"": 0.9645026948755486, ""p1"": 0.969331033057435, ""p5"": 0.9886443857849805, ""p25"": 0.9983340692965371, ""median"": 0.9988264400182185, ""p75"": 0.9992744171159529, ""p95"": 0.9993460373899007, ""p99"": 0.9993604688713285, ""max"": 0.9993640767416854}",0.08036421351170304,0.9672920630237035,"[16, 4096]",0.979583740234375
O0_vs_O3p,A004,0.9994823952148654,0,0,0.003021240234375,0.00046836529148208683,0.10800226059621611,0.000244140625,131072,0,0,1.0004429826668924,0.0321848471148872,0.0007263734978194314,"[32, 4096]",0.923126220703125,0.03014373779296875,0.9975641793080907,0,0,153.63671875,0.6553580849075615,0.09278676177112702,0.41108763217926025,131072,0,0,0.9876779943104245,0.07045171974610906,1.3050003089022917,"[32, 4096]",0.9779205322265625,0.0335964635014534,0.9970715921650202,0,0,80.905517578125,0.5542349824115971,0.08667048891142526,0.370380163192749,73728,0,0,0.9983590522422394,"{""min"": 0.9645026948755486, ""p1"": 0.9699748114816865, ""p5"": 0.9918632779062381, ""p25"": 0.9983076354217523, ""median"": 0.9988488376945548, ""p75"": 0.9991551253601695, ""p95"": 0.9993056519640447, ""p99"": 0.9993331471586568, ""max"": 0.9993400209573099}",0.0764846236243703,0.954571112911913,"[18, 4096]",0.9796956380208334
O0_vs_O3p,A005,0.9994901109685865,0,0,0.003021240234375,0.0004528416413620562,0.1039010937659169,0.00023651123046875,131072,0,0,1.0004239779309527,0.03194354682100862,0.0007133506987876476,"[32, 4096]",0.926116943359375,0.03106689453125,0.997584203269712,0,0,153.63671875,0.6485664048657895,0.09182743898256425,0.4017822742462158,131072,0,0,0.987377837311351,0.0702134409697396,1.3017400157215429,"[32, 4096]",0.9785385131835938,0.0352376289665699,0.9971393089052084,0,0,80.905517578125,0.5421608845595579,0.08496502617620263,0.3567476272583008,73728,0,0,0.9971282778105562,"{""min"": 0.9645026948755486, ""p1"": 0.9699748114816865, ""p5"": 0.9918632779062381, ""p25"": 0.9984549882674038, ""median"": 0.9988520465950678, ""p75"": 0.9992632401109548, ""p95"": 0.999396769803105, ""p99"": 0.9994300669908646, ""max"": 0.9994383912878044}",0.07558570471807755,0.9466240766935543,"[18, 4096]",0.9807942708333334
O0_vs_O3p,A006,0.9995034067980642,0,0,0.003021240234375,0.00045778803975984124,0.10372607423325762,0.000244140625,135168,0,0,1.0004295240711942,0.03152455379964903,0.0007136686429989405,"[33, 4096]",0.9265062736742424,0.03081350587308407,0.9975777791808111,0,0,153.63671875,0.6437974521903181,0.09112547931640669,0.4057828187942505,135168,0,0,0.9881495079793926,0.07019591713574616,1.2848871032792513,"[33, 4096]",0.9782640861742424,0.03457802161574364,0.9971555572330008,0,0,80.905517578125,0.539478257297225,0.08410701269321114,0.3657418489456177,77824,0,0,0.9998650297721587,"{""min"": 0.9645026948755486, ""p1"": 0.9702967006938122, ""p5"": 0.9934727239668668, ""p25"": 0.9985069157242262, ""median"": 0.9988681667988302, ""p75"": 0.9990818711764279, ""p95"": 0.9992187045940186, ""p99"": 0.9993157576846516, ""max"": 0.9993400209573099}",0.07541973164089621,0.9286587108383764,"[19, 4096]",0.9801989103618421
O0_vs_O3p,A007,0.9995072041930214,0,0,0.003021240234375,0.00044513499433378455,0.1045525345112548,0.000240325927734375,122880,0,0,1.0004378807328844,0.031404059054075874,0.0007060779648261022,"[30, 4096]",0.9251708984375,0.02976074256002903,0.9975049938676658,0,0,153.63671875,0.6762825446967327,0.09451996017059874,0.41794919967651367,122880,0,0,0.9868602635282275,0.07139395977998984,1.355530001065059,"[30, 4096]",0.9773681640625,0.0333099365234375,0.9967688316428438,0,0,80.905517578125,0.5808279567042973,0.08915570180297207,0.3769737482070923,65536,0,0,0.9957053075223262,"{""min"": 0.9645026948755486, ""p1"": 0.969331033057435, ""p5"": 0.9886443857849805, ""p25"": 0.9982395620385622, ""median"": 0.998637686802855, ""p75"": 0.9988095656860322, ""p95"": 0.9993658525293131, ""p99"": 0.9994278403453307, ""max"": 0.9994433372993351}",0.08033073726112006,1.031647041355675,"[16, 4096]",0.9788818359375
O0_vs_O3p,A008,0.999486997123511,0,0,0.003021240234375,0.00045928966755578554,0.10569763566012168,0.000244140625,126976,0,0,1.0004285451442385,0.03204105325520506,0.0007213646768497334,"[31, 4096]",0.9246944304435484,0.030533328652381897,0.9975767981996335,0,0,153.63671875,0.6584159394744582,0.09252056652446189,0.4055745601654053,126976,0,0,0.9865917851282634,0.07043580201819917,1.3237009509138629,"[31, 4096]",0.9779092111895161,0.034509994089603424,0.9970742692585651,0,0,80.905517578125,0.5538626523573518,0.08582529329340641,0.3600645065307617,69632,0,0,0.9942288375074126,"{""min"": 0.9645026948755486, ""p1"": 0.9696529222695608, ""p5"": 0.9902538318456092, ""p25"": 0.9985535829078248, ""median"": 0.9989011154117863, ""p75"": 0.9990774504665471, ""p95"": 0.9993469414527804, ""p99"": 0.9993690764292323, ""max"": 0.9993746101733454}",0.07649181697639096,0.9768675268229963,"[17, 4096]",0.9797794117647058
O0_vs_O3p,A009,0.9995050176848899,0,0,0.003021240234375,0.00044896124572088326,0.10222722177838614,0.00023651123046875,135168,0,0,1.000402251959205,0.03147260160951625,0.0007055598213373826,"[33, 4096]",0.9276160037878788,0.03225615620613098,0.997645021343538,0,0,153.63671875,0.6373010257484566,0.09004461963422067,0.39577746391296387,135168,0,0,0.9878395609526243,0.06928606239301634,1.2827433143171634,"[33, 4096]",0.978707978219697,0.03708367422223091,0.9974124643340088,0,0,80.905517578125,0.528194990319255,0.08222973008730906,0.351098895072937,77824,0,0,0.9978126815151852,"{""min"": 0.9645026948755486, ""p1"": 0.9702967006938122, ""p5"": 0.9934727239668668, ""p25"": 0.998559739815675, ""median"": 0.9989481292643231, ""p75"": 0.9992995851639475, ""p95"": 0.9993923157514006, ""p99"": 0.9994947815997768, ""max"": 0.9995203980618708}",0.07189253205271874,0.9234969557246457,"[19, 4096]",0.980969880756579
O0_vs_O3p,A010,0.9994753489601378,0,0,0.003021240234375,0.00045594476828668005,0.10561761746038195,0.0002288818359375,126976,0,0,1.0004628780786506,0.032403734889222574,0.0007202652758190433,"[31, 4096]",0.9247180569556451,0.03036794438958168,0.9975705680100365,0,0,153.63671875,0.6508481054073444,0.09330763018065205,0.40071797370910645,126976,0,0,0.9872843672122974,0.0704185186366763,1.3141984094560313,"[31, 4096]",0.977326423891129,0.03420840948820114,0.9970495765694981,0,0,80.905517578125,0.5400624843526148,0.08726052701940028,0.3534674644470215,69632,0,0,0.9974945265861721,"{""min"": 0.9645026948755486, ""p1"": 0.9696529222695608, ""p5"": 0.9902538318456092, ""p25"": 0.9983907696475167, ""median"": 0.9988543830020126, ""p75"": 0.9993012377046249, ""p95"": 0.9994346330402656, ""p99"": 0.9994468995507773, ""max"": 0.9994499661784052}",0.07676157790914667,0.9531842490646244,"[17, 4096]",0.9787166819852942
O0_vs_O3p,A011,0.9993647809499877,0,0,0.003662109375,0.000522923551189013,0.12185991176138075,0.00026702880859375,172032,0,0,1.0006674263671052,0.03566134436425772,0.0008253511362900507,"[42, 4096]",0.9095633370535714,0.0328892283141613,0.9977481679360111,0,0,153.63671875,0.5906362904071708,0.08704825660750719,0.3829902410507202,172032,0,0,0.9880162471721,0.06777391579427383,1.1680069978937087,"[42, 4096]",0.9798932756696429,0.0364815853536129,0.9977660394284301,0,0,80.905517578125,0.49326768440956975,0.08024711433017472,0.3485879898071289,114688,0,0,0.9956324967740244,"{""min"": 0.9645026948755486, ""p1"": 0.9731937036029441, ""p5"": 0.9970852617503274, ""p25"": 0.9986532079763167, ""median"": 0.9989871063147062, ""p75"": 0.9990929482780851, ""p95"": 0.9993232197944354, ""p99"": 0.999374059979376, ""max"": 0.9993866497546607}",0.06683922925619601,0.82814286536606,"[28, 4096]",0.9820207868303571
O0_vs_O3p,A012,0.999361596037349,0,0,0.003662109375,0.0005052531371736067,0.12045636281358675,0.000244140625,167936,0,0,1.000706334899443,0.03575204453299822,0.0008150383407816509,"[41, 4096]",0.9101681592987805,0.03227420151233673,0.9977043922257921,0,0,153.63671875,0.5961723236694181,0.08713921991567727,0.3837919235229492,167936,0,0,0.9885979738932952,0.06832914889129475,1.184985643641688,"[41, 4096]",0.9798911490091463,0.03568070009350777,0.9976535445033186,0,0,80.905517578125,0.49806800877084884,0.08013334963971701,0.3487548828125,110592,0,0,0.9976058257510728,"{""min"": 0.9645026948755486, ""p1"": 0.9728718143908184, ""p5"": 0.9970345863116543, ""p25"": 0.9986724465017816, ""median"": 0.9988363536266468, ""p75"": 0.999106818001764, ""p95"": 0.9993374762461956, ""p99"": 0.9993413985892201, ""max"": 0.9993418826220534}",0.0684646435545012,0.8493289807689065,"[27, 4096]",0.9820963541666666
O0_vs_O3p,A013,0.9993473978548149,0,0,0.003662109375,0.0005236099601903776,0.12197781392592177,0.0002593994140625,151552,0,0,1.0006333790937285,0.03614460054499498,0.0008098794019842387,"[37, 4096]",0.9110140413851351,0.0310190562158823,0.9976446023852803,0,0,153.63671875,0.6138503321891295,0.09019714026370781,0.3904626965522766,151552,0,0,0.9879395876113548,0.06927795207191116,1.2240316525537218,"[37, 4096]",0.9791292757601351,0.03425399214029312,0.9974273979541898,0,0,80.905517578125,0.5094449242332422,0.08383420058638172,0.3510408401489258,94208,0,0,0.997447652337159,"{""min"": 0.9645026948755486, ""p1"": 0.9715842575423153, ""p5"": 0.9968274274349079, ""p25"": 0.9986517501132002, ""median"": 0.9989077257876308, ""p75"": 0.9990806007314379, ""p95"": 0.9993369894006676, ""p99"": 0.99935375339563, ""max"": 0.9993576266474639}",0.07168393279232332,0.8682882053127177,"[23, 4096]",0.9812542459239131
O0_vs_O3p,A014,0.9993310026021021,0,0,0.003662109375,0.0005221693378795559,0.12528756983903097,0.00025177001953125,159744,0,0,1.000698218555979,0.03659803980737319,0.000834439498486268,"[39, 4096]",0.9062374799679487,0.0327962227165699,0.9977397269975808,0,0,153.63671875,0.6052503272316804,0.08784780917267525,0.385298490524292,159744,0,0,0.9880317051850656,0.06789464528448337,1.2050496851301526,"[39, 4096]",0.9797175480769231,0.03676757961511612,0.9977435914207192,0,0,80.905517578125,0.5043813491360924,0.08067827925855701,0.3478579521179199,102400,0,0,0.9960261917609451,"{""min"": 0.9645026948755486, ""p1"": 0.9722280359665668, ""p5"": 0.9969427166513862, ""p25"": 0.998624732279874, ""median"": 0.9989865967894677, ""p75"": 0.9991304091613296, ""p95"": 0.999323715559925, ""p99"": 0.999389454198062, ""max"": 0.9994050646951417}",0.06716156073586223,0.8611278041044187,"[25, 4096]",0.982001953125
O0_vs_O3p,A015,0.9992535122121701,0,0,0.003662109375,0.0005624311157540384,0.13466304981357,0.000274658203125,151552,0,0,1.0008062889982008,0.038663024291813154,0.0008737801080737735,"[37, 4096]",0.8990511507601351,0.031454551964998245,0.9976689413774236,0,0,153.63671875,0.6214630128974563,0.09029338806231685,0.39626169204711914,151552,0,0,0.9878818865456136,0.06893815962970631,1.2337752027818363,"[37, 4096]",0.9787663640202703,0.03495457023382187,0.9975177477466796,0,0,80.905517578125,0.5216914105901157,0.08398903400153537,0.35993432998657227,94208,0,0,0.9964889466332939,"{""min"": 0.9645026948755486, ""p1"": 0.9715842575423153, ""p5"": 0.9968282722211163, ""p25"": 0.9984127240053604, ""median"": 0.9988321287649266, ""p75"": 0.9991252341461214, ""p95"": 0.9993468122521997, ""p99"": 0.999491307500821, ""max"": 0.9995318497383416}",0.07042301727505486,0.8901960863706154,"[23, 4096]",0.9806704313858695
O0_vs_O3p,A016,0.9993939561490878,0,0,0.003662109375,0.000492845483000938,0.1198224694498496,0.000244140625,159744,0,0,1.000684955864755,0.03483370627627371,0.0008022754128440335,"[39, 4096]",0.9100999098557693,0.03172576054930687,0.9977068189602479,0,0,153.63671875,0.6180572985956763,0.08984583662721043,0.39870309829711914,159744,0,0,0.9885176906261841,0.06830478372532989,1.2121653018733876,"[39, 4096]",0.9789851262019231,0.03509765490889549,0.9976584409426283,0,0,80.905517578125,0.5243602244639259,0.08379520208763193,0.3657934069633484,102400,0,0,0.9974738056014061,"{""min"": 0.9645026948755486, ""p1"": 0.9722280359665668, ""p5"": 0.9969477407978881, ""p25"": 0.9986752861092192, ""median"": 0.9989300172937942, ""p75"": 0.9990152568918889, ""p95"": 0.9992406743503819, ""p99"": 0.999316518580834, ""max"": 0.9993400209573099}",0.06839348877000996,0.8765689115397548,"[25, 4096]",0.980859375
O0_vs_O3p,A017,0.9992894331081256,0,0,0.003662109375,0.0005265326848555358,0.13014067590000458,0.000244140625,147456,0,0,1.0007727938291433,0.03772040876593716,0.0008466366721819796,"[36, 4096]",0.9017740885416666,0.0321316197514534,0.9976315292446983,0,0,153.63671875,0.6060885754087748,0.0895871988086847,0.3762699365615845,147456,0,0,0.9879170994440903,0.06946727289332416,1.2294026368762865,"[36, 4096]",0.9790106879340278,0.036221589893102646,0.9973647627154927,0,0,80.905517578125,0.4919981673219395,0.08254689003828362,0.33047837018966675,90112,0,0,0.9982060411798107,"{""min"": 0.9645026948755486, ""p1"": 0.9712623683301895, ""p5"": 0.9967559872485644, ""p25"": 0.9986863139117438, ""median"": 0.9990395898106952, ""p75"": 0.9992395004417941, ""p95"": 0.9993985849068201, ""p99"": 0.9994583164917481, ""max"": 0.9994733751589343}",0.07255506765846054,0.861193483209222,"[22, 4096]",0.9811567826704546
O0_vs_O3p,A018,0.9993849576486056,0,0,0.003662109375,0.000490461366981825,0.11661276416327175,0.000244140625,143360,0,0,1.0005937447462483,0.03508799783319201,0.0007815238245243673,"[35, 4096]",0.9144112723214286,0.03025948628783226,0.9975964143250102,0,0,153.63671875,0.6296462797186125,0.09102414368056562,0.39792847633361816,143360,0,0,0.9875781362927588,0.07001257044712872,1.2569993029573499,"[35, 4096]",0.9788434709821429,0.0332961305975914,0.997226409468142,0,0,80.905517578125,0.5258281312627722,0.08460654535949462,0.35838383436203003,86016,0,0,0.9969651021012833,"{""min"": 0.9645026948755486, ""p1"": 0.9709404791180638, ""p5"": 0.9966916160881244, ""p25"": 0.9985180462671923, ""median"": 0.9987954807630312, ""p75"": 0.9991150674835241, ""p95"": 0.9993400209573099, ""p99"": 0.999360421184016, ""max"": 0.9993655212406926}",0.07442819721596072,0.9051844337354875,"[21, 4096]",0.9809802827380952
O0_vs_O3p,A019,0.999424061046336,0,0,0.003662109375,0.0004935514249442157,0.11381374705501575,0.00025177001953125,155648,0,0,1.0005873836049324,0.03395437410739409,0.0007753714109066212,"[38, 4096]",0.9171656558388158,0.03217516466975212,0.997682414947228,0,0,153.63671875,0.606456946005509,0.08893417827466218,0.3840641975402832,155648,0,0,0.9875304929952898,0.06879578783898545,1.217483975773853,"[38, 4096]",0.979260896381579,0.03594970703125,0.9975526471429438,0,0,80.905517578125,0.502088954774005,0.08209963325694809,0.3457295894622803,98304,0,0,0.9952602223233241,"{""min"": 0.9645026948755486, ""p1"": 0.9719061467544411, ""p5"": 0.9968897409503116, ""p25"": 0.9985034067785087, ""median"": 0.9988995787661844, ""p75"": 0.9990619057147905, ""p95"": 0.9993588307197525, ""p99"": 0.9994594115850676, ""max"": 0.9994884637200787}",0.06995692524446746,0.8715655732047074,"[24, 4096]",0.9813741048177084
O0_vs_O3p,A020,0.9993366558784342,0,0,0.003662109375,0.0005288179620551184,0.1263402138459203,0.0002593994140625,159744,0,0,1.000742655033649,0.036444822009888335,0.0008377893704271346,"[39, 4096]",0.9054048978365384,0.031732022762298584,0.9976976179329773,0,0,153.63671875,0.6033875583944814,0.08786739272460507,0.38477468490600586,159744,0,0,0.9880142284720069,0.06850716168631825,1.205392157727272,"[39, 4096]",0.9794921875,0.03510742262005806,0.9976158516226921,0,0,80.905517578125,0.5014754297500622,0.08070882959956757,0.3467895984649658,102400,0,0,0.9964051587292294,"{""min"": 0.9645026948755486, ""p1"": 0.9722280359665668, ""p5"": 0.9969498073835809, ""p25"": 0.9986406442105521, ""median"": 0.9988757582282928, ""p75"": 0.9990556150538136, ""p95"": 0.9993479983465902, ""p99"": 0.9993857413899998, ""max"": 0.9993970304519229}",0.0690223034128353,0.8618752177871098,"[25, 4096]",0.981650390625
O0_vs_O3p,A021,0.999394770052313,0,0,0.003662109375,0.0005115392126332686,0.11881435100314783,0.000263214111328125,167936,0,0,1.0005759617271288,0.03480644776269344,0.0008021813886362314,"[41, 4096]",0.9129251619664634,0.03203601390123367,0.9977778176996259,0,0,153.63671875,0.5973052759872655,0.08811548866747063,0.38539981842041016,167936,0,0,0.988896287875426,0.06721836117156582,1.1831191307001823,"[41, 4096]",0.9792659108231707,0.0353190116584301,0.9978660689334159,0,0,80.905517578125,0.4997884178460986,0.08161583181836617,0.3506956100463867,110592,0,0,0.9977009288108132,"{""min"": 0.9645026948755486, ""p1"": 0.9728718143908184, ""p5"": 0.9970019118687118, ""p25"": 0.9986334255345592, ""median"": 0.9989773257146497, ""p75"": 0.9990879913361419, ""p95"": 0.9993833676160029, ""p99"": 0.9993942973067969, ""max"": 0.9993978085001362}",0.06529422442017165,0.8453683910528019,"[27, 4096]",0.9811469184027778
O0_vs_O3p,A022,0.9995049680824041,0,0,0.003021240234375,0.00046652874833566065,0.1044404772303212,0.000244140625,155648,0,0,1.0004272549763051,0.03147490098009536,0.0007131881978268843,"[38, 4096]",0.9266036184210527,0.030993008986115456,0.9976665420603565,0,0,153.63671875,0.6118474244536437,0.08969723734644268,0.39223766326904297,155648,0,0,0.9876360505165722,0.06900783733708347,1.219514896400328,"[38, 4096]",0.9787661903782895,0.0340779609978199,0.9975038863077179,0,0,80.905517578125,0.5106238789835515,0.08330781012060053,0.35556042194366455,98304,0,0,0.9956667961944248,"{""min"": 0.9645026948755486, ""p1"": 0.9719061467544411, ""p5"": 0.9968874845008621, ""p25"": 0.9985568466976069, ""median"": 0.998844461276845, ""p75"": 0.9990880962028643, ""p95"": 0.9993133828241964, ""p99"": 0.9993588200527915, ""max"": 0.9993644353670263}",0.07063548471613264,0.8760496682549598,"[24, 4096]",0.9805908203125
O0_vs_O3p,A023,0.9995208444819365,0,0,0.003021240234375,0.0004608492059820232,0.10179431507730188,0.000244140625,143360,0,0,1.0004247297470161,0.030966085556451355,0.0007126193519457958,"[35, 4096]",0.9281808035714286,0.03123604878783226,0.9976161647635097,0,0,153.63671875,0.6319817653859771,0.0904022145610456,0.3971172571182251,143360,0,0,0.9872909927323092,0.06977533217420051,1.2655265146873538,"[35, 4096]",0.9785993303571429,0.0349237360060215,0.9973078621324815,0,0,80.905517578125,0.5297206073750463,0.08356999682696128,0.35587549209594727,86016,0,0,0.9953347219815081,"{""min"": 0.9645026948755486, ""p1"": 0.9709404791180638, ""p5"": 0.9966916160881244, ""p25"": 0.9984388027445483, ""median"": 0.9987269425482591, ""p75"": 0.9990465611502887, ""p95"": 0.9993400209573099, ""p99"": 0.9993408397777486, ""max"": 0.9993410444828582}",0.07335476406338921,0.9247751322958448,"[21, 4096]",0.9805733816964286
O0_vs_O3p,A024,0.9992587915582807,0,0,0.003662109375,0.0005607786485331705,0.13433428533769542,0.000274658203125,167936,0,0,1.0007805852244207,0.03852510025226657,0.0008755705607034229,"[41, 4096]",0.899193740472561,0.03227420151233673,0.9978207533488962,0,0,153.63671875,0.6006365405103834,0.08802700994865527,0.3873457908630371,167936,0,0,0.9879316272169962,0.06671985463033399,1.1892101770408083,"[41, 4096]",0.9795874618902439,0.03568070009350777,0.9979532094126767,0,0,80.905517578125,0.504847004714537,0.08148147524535024,0.3541984558105469,110592,0,0,0.9945441219380039,"{""min"": 0.9645026948755486, ""p1"": 0.9728718143908184, ""p5"": 0.9970289548418927, ""p25"": 0.998659451544837, ""median"": 0.9990206169977739, ""p75"": 0.9991890477948406, ""p95"": 0.9995045804760262, ""p99"": 0.9995829476693342, ""max"": 0.9995917654346708}",0.06403915755495541,0.8582483674377492,"[27, 4096]",0.9816351996527778
O0_vs_O3p,A025,0.999462261963467,0,0,0.003021240234375,0.0004750470533407578,0.10899374175787654,0.000244140625,147456,0,0,1.0004494258439596,0.03280489907615877,0.0007470609435871405,"[36, 4096]",0.9217868381076388,0.0317450612783432,0.9976656896995932,0,0,153.63671875,0.6205797511576444,0.08912342311533267,0.3914448022842407,147456,0,0,0.9871930074955089,0.06908580656532946,1.24937688528776,"[36, 4096]",0.9791327582465278,0.03558904305100441,0.9974862208651675,0,0,80.905517578125,0.5157110003655444,0.08178798435825305,0.3511732220649719,90112,0,0,0.9944369146899092,"{""min"": 0.9645026948755486, ""p1"": 0.9712623683301895, ""p5"": 0.9967556512324479, ""p25"": 0.9986104700028275, ""median"": 0.9989094974764265, ""p75"": 0.9991243926480493, ""p95"": 0.9992894726356027, ""p99"": 0.9993299385035828, ""max"": 0.9993400209573099}",0.07092628181624468,0.9070134815844781,"[22, 4096]",0.9813565340909091
O0_vs_O3p,A026,0.9994739063027268,0,0,0.003662109375,0.0004619163316444453,0.10846893716372911,0.000244140625,151552,0,0,1.0004832059278725,0.03244887217918329,0.0007506074263304475,"[37, 4096]",0.9204497466216216,0.03076171875,0.9976881017639164,0,0,153.63671875,0.6233494502485957,0.08943955342297687,0.39726758003234863,151552,0,0,0.9873483457277061,0.06874126965368418,1.2401117461743474,"[37, 4096]",0.9792612436655406,0.033840011805295944,0.9975696396846775,0,0,80.905517578125,0.524726114154992,0.0826154739295537,0.3606414794921875,94208,0,0,0.9944168503945664,"{""min"": 0.9645026948755486, ""p1"": 0.9715842575423153, ""p5"": 0.9968272879269799, ""p25"": 0.9985814297704143, ""median"": 0.9988316671215922, ""p75"": 0.9990739761986758, ""p95"": 0.9993285478401289, ""p99"": 0.9993846376111788, ""max"": 0.9993972217956034}",0.06974778892331261,0.904249308263089,"[23, 4096]",0.9814665421195652
O0_vs_O3p,A027,0.9992849690282157,0,0,0.003662109375,0.0005463694535592367,0.12996113144986365,0.0002593994140625,155648,0,0,1.0006745113623747,0.03783492437122487,0.0008628385084555954,"[38, 4096]",0.9032046669407895,0.03241930529475212,0.9977462529172453,0,0,153.63671875,0.6081149053265777,0.08878785954856455,0.38528871536254883,155648,0,0,0.9879246665569158,0.06781503040057626,1.2182453167738847,"[38, 4096]",0.9791902240953947,0.0363362617790699,0.9977606560881749,0,0,80.905517578125,0.5047140570323639,0.08186796194062684,0.34658217430114746,98304,0,0,0.9957517704405017,"{""min"": 0.9645026948755486, ""p1"": 0.9719061467544411, ""p5"": 0.9968884660295665, ""p25"": 0.9987248359910763, ""median"": 0.9989237607463444, ""p75"": 0.9991779337226904, ""p95"": 0.9995303838084287, ""p99"": 0.9995488447246945, ""max"": 0.9995493551499186}",0.06691568414086964,0.8732483691978427,"[24, 4096]",0.98126220703125
O0_vs_O3p,A028,0.9994547523131151,0,0,0.003021240234375,0.00047879237834942093,0.11082020408683893,0.000244140625,143360,0,0,1.0004763549229732,0.03303394845643703,0.0007547906143324228,"[35, 4096]",0.9201520647321428,0.03083844855427742,0.9976432887823412,0,0,153.63671875,0.6305354220484463,0.09048169380962881,0.3966354727745056,143360,0,0,0.9876458884103005,0.06933841908893079,1.2629244384526197,"[35, 4096]",0.978466796875,0.0342610664665699,0.9974168314505847,0,0,80.905517578125,0.5273100351458284,0.08370246224126661,0.35523486137390137,86016,0,0,0.996296574446456,"{""min"": 0.9645026948755486, ""p1"": 0.9709404791180638, ""p5"": 0.9966916160881244, ""p25"": 0.9985498616621467, ""median"": 0.9989671086778059, ""p75"": 0.9991607728146323, ""p95"": 0.9993819457535343, ""p99"": 0.999394284942669, ""max"": 0.9993973697399527}",0.07183953865965988,0.9188273369280926,"[21, 4096]",0.9803524925595238
O0_vs_O3p,A029,0.9994086553736753,0,0,0.003021240234375,0.0005099756311234447,0.11808270081820832,0.00026702880859375,155648,0,0,1.000543343264018,0.03440388176921843,0.0007874940175260997,"[38, 4096]",0.9144672594572368,0.03073601983487606,0.9977268180859108,0,0,153.63671875,0.6172188511711978,0.08955834679502239,0.39493417739868164,155648,0,0,0.9867704495221821,0.06827326331931623,1.2314635700656424,"[38, 4096]",0.9792223478618421,0.0336710624396801,0.9976800710709324,0,0,80.905517578125,0.5191286379530121,0.0830879000808517,0.35808706283569336,98304,0,0,0.9921801382256568,"{""min"": 0.9645026948755486, ""p1"": 0.9719061467544411, ""p5"": 0.9968862688641512, ""p25"": 0.99868140486094, ""median"": 0.9988571839885165, ""p75"": 0.998983832459994, ""p95"": 0.9993387222929149, ""p99"": 0.999370719143677, ""max"": 0.9993798887318127}",0.06829879244321982,0.9021266148324786,"[24, 4096]",0.9813130696614584
O0_vs_O3p,A030,0.9994560080520946,0,0,0.003021240234375,0.00048143328683311533,0.10975828519452566,0.000244140625,143360,0,0,1.0005248510591749,0.03299743011123149,0.0007546148019812461,"[35, 4096]",0.9212681361607142,0.03186383843421936,0.9976715647759311,0,0,153.63671875,0.631282569099702,0.09027883818323215,0.3990797996520996,143360,0,0,0.9877758128354434,0.06891570752748137,1.2621635317434698,"[35, 4096]",0.9787248883928571,0.0359700508415699,0.9975197109716131,0,0,80.905517578125,0.5285552802312546,0.08336436953060548,0.35999250411987305,86016,0,0,0.9964097817739368,"{""min"": 0.9645026948755486, ""p1"": 0.9709404791180638, ""p5"": 0.9966916160881244, ""p25"": 0.9986407448146377, ""median"": 0.9989200792578777, ""p75"": 0.9992388693914785, ""p95"": 0.999324615298956, ""p99"": 0.9993369398256391, ""max"": 0.9993400209573099}",0.07039643574735997,0.9170831011728676,"[21, 4096]",0.9807826450892857
O0_vs_O3p,A031,0.9995174100063517,0,0,0.003021240234375,0.00044377324239734884,0.10156719458714372,0.0002288818359375,135168,0,0,1.0003771656773581,0.031075493141830904,0.0007047316780982123,"[33, 4096]",0.9278823390151515,0.03069513477385044,0.997586151474749,0,0,153.63671875,0.6475159035359287,0.09190817131884486,0.4078439474105835,135168,0,0,0.9872567811992553,0.07020374830511204,1.292419814675641,"[33, 4096]",0.9781235203598485,0.03437243029475212,0.9971665815061833,0,0,80.905517578125,0.5459366201606539,0.0854664251184985,0.3686462640762329,77824,0,0,0.9960854951275695,"{""min"": 0.9645026948755486, ""p1"": 0.9702967006938122, ""p5"": 0.9934727239668668, ""p25"": 0.9985077878838104, ""median"": 0.9987384846952189, ""p75"": 0.9991252331749302, ""p95"": 0.9992109919450892, ""p99"": 0.9992280550711355, ""max"": 0.9992323208526471}",0.07523282179362385,0.946639447465799,"[19, 4096]",0.9799547697368421
O0_vs_O3p,A032,0.9994845704741898,0,0,0.003021240234375,0.00045200635429043154,0.10613326555850552,0.0002288818359375,126976,0,0,1.0004172311359985,0.032116401416322306,0.000717904972511125,"[31, 4096]",0.9242534022177419,0.03028131276369095,0.9975168733214397,0,0,153.63671875,0.6571892814549022,0.09348509791450915,0.4067757725715637,126976,0,0,0.9872824589288679,0.07116762379746812,1.3231051966332952,"[31, 4096]",0.9776099420362904,0.034050434827804565,0.996810310330494,0,0,80.905517578125,0.5516258053805145,0.08758414465172792,0.36243242025375366,69632,0,0,0.9978158947150243,"{""min"": 0.9645026948755486, ""p1"": 0.9696529222695608, ""p5"": 0.9902538318456092, ""p25"": 0.9983649802503534, ""median"": 0.9986752861092192, ""p75"": 0.9989353569850795, ""p95"": 0.9993123253515268, ""p99"": 0.9993439172810565, ""max"": 0.999351815263439}",0.07981363554417822,0.9753946584507538,"[17, 4096]",0.9792336856617647
O0_vs_O3p,A033,0.9995219866222528,0,0,0.003021240234375,0.00044710255535089044,0.0996516292859289,0.00023651123046875,147456,0,0,1.0004151982370444,0.03092888755992416,0.0007031147867251366,"[36, 4096]",0.9298502604166666,0.0306532122194767,0.9975994133153304,0,0,153.63671875,0.6193315591262945,0.09017070864955715,0.3936276435852051,147456,0,0,0.9884821802707481,0.06984650665063903,1.2360398490639197,"[36, 4096]",0.9790106879340278,0.03380237892270088,0.9972723527517142,0,0,80.905517578125,0.5136685043142445,0.08350172432334761,0.3545275926589966,90112,0,0,1.0002441424490678,"{""min"": 0.9645026948755486, ""p1"": 0.9712623683301895, ""p5"": 0.9967500916177741, ""p25"": 0.9986051619525387, ""median"": 0.9988873871868598, ""p75"": 0.9990863653201826, ""p95"": 0.9993265746992893, ""p99"": 0.9993902031102874, ""max"": 0.999407084737501}",0.0738693845315149,0.8766020315670875,"[22, 4096]",0.9811567826704546
O0_vs_O3p,A034,0.9993372757996173,0,0,0.003662109375,0.0005087496713827022,0.12699943717056741,0.000244140625,131072,0,0,1.0006380222116222,0.036423908887271754,0.0008304727471887077,"[32, 4096]",0.904449462890625,0.0303802490234375,0.9975367604001442,0,0,153.63671875,0.6490854581283259,0.09303999654242708,0.40477800369262695,131072,0,0,0.9876716570431626,0.07083595072157378,1.298229113267976,"[32, 4096]",0.977996826171875,0.0340169258415699,0.9969198668608164,0,0,80.905517578125,0.543083645915178,0.08712068406040317,0.36256349086761475,73728,0,0,0.9992872294730809,"{""min"": 0.9645026948755486, ""p1"": 0.9699748114816865, ""p5"": 0.9918632779062381, ""p25"": 0.9985803096941903, ""median"": 0.998798463297856, ""p75"": 0.9991504675530528, ""p95"": 0.9992835040014317, ""p99"": 0.9992856011647253, ""max"": 0.9992861254555487}",0.07846262463078427,0.9380134135073049,"[18, 4096]",0.9798312717013888
O0_vs_O3p,A035,0.9994880368429536,0,0,0.003021240234375,0.0004538944361608325,0.10646381888763796,0.000232696533203125,122880,0,0,1.0004154804818848,0.03200819206893766,0.0007229878289023162,"[30, 4096]",0.92373046875,0.02956542931497097,0.997511990309749,0,0,153.63671875,0.6732135416930153,0.09486644682859674,0.4178726077079773,122880,0,0,0.9872871896350303,0.07123465264266815,1.343512004582198,"[30, 4096]",0.9769124348958333,0.0329437255859375,0.9967787050942365,0,0,80.905517578125,0.5750735760723273,0.08980536428671833,0.3788958191871643,65536,0,0,0.9980182261145457,"{""min"": 0.9645026948755486, ""p1"": 0.969331033057435, ""p5"": 0.9886443857849805, ""p25"": 0.9980984907518815, ""median"": 0.998751130683124, ""p75"": 0.9989759013345942, ""p95"": 0.9992503848314189, ""p99"": 0.9993666079906122, ""max"": 0.9993956637804106}",0.08021065691675762,1.00173654118354,"[16, 4096]",0.97802734375
O0_vs_O3p,A036,0.9994940831593461,0,0,0.003021240234375,0.00045159908557934614,0.10441989754897921,0.00023651123046875,131072,0,0,1.000429887100177,0.03181907381546752,0.0007145921908439978,"[32, 4096]",0.9256515502929688,0.03155517578125,0.9976000976605379,0,0,153.63671875,0.653642914189561,0.09141703717806945,0.40914633870124817,131072,0,0,0.98795403514692,0.06990773683722837,1.3013492625891139,"[32, 4096]",0.9788436889648438,0.0361056849360466,0.9972347328377723,0,0,80.905517578125,0.5511857900240406,0.08423542296821189,0.36962461471557617,73728,0,0,0.999000178990845,"{""min"": 0.9645026948755486, ""p1"": 0.9699748114816865, ""p5"": 0.9918632779062381, ""p25"": 0.9983738161108117, ""median"": 0.9989282161452051, ""p75"": 0.9991683746634177, ""p95"": 0.9994698911237883, ""p99"": 0.9994923152095354, ""max"": 0.9994979212309723}",0.07433709990372464,0.9456684666033541,"[18, 4096]",0.9813368055555556
O0_vs_O3p,A037,0.9994818859238702,0,0,0.003021240234375,0.0004567033285098887,0.10672121422201997,0.00023651123046875,131072,0,0,1.0004434366901445,0.0322006877246408,0.0007190517198416887,"[32, 4096]",0.923858642578125,0.03005218505859375,0.9974998905540611,0,0,153.63671875,0.6572761983038617,0.09280440922082586,0.40861284732818604,131072,0,0,0.9874088903465988,0.07138484874134111,1.3118621641004438,"[32, 4096]",0.9778518676757812,0.0334337018430233,0.9967697121524154,0,0,80.905517578125,0.5576449617827974,0.08670186215533437,0.3684229850769043,73728,0,0,0.9979618037650233,"{""min"": 0.9645026948755486, ""p1"": 0.9699748114816865, ""p5"": 0.9918632779062381, ""p25"": 0.9979865926887665, ""median"": 0.9986643721213049, ""p75"": 0.9990094399288003, ""p95"": 0.9992308036282647, ""p99"": 0.999255323961122, ""max"": 0.9992614540443364}",0.0803216161316732,0.9711481514317959,"[18, 4096]",0.9795735677083334
O0_vs_O3p,A038,0.9995171463838868,0,0,0.003021240234375,0.00043844521215419263,0.10198669322373093,0.0002288818359375,131072,0,0,1.000397002201584,0.031084533628032655,0.00070297100799092,"[32, 4096]",0.9272918701171875,0.03076934814453125,0.9976234027157932,0,0,153.63671875,0.6492613651404326,0.09127914654740069,0.4025493860244751,131072,0,0,0.9866417105554232,0.06977208551038924,1.3092575806273943,"[32, 4096]",0.9783782958984375,0.0347086600959301,0.9972930732749528,0,0,80.905517578125,0.5433963694922568,0.08399028406924518,0.3580498695373535,73728,0,0,0.993623691790213,"{""min"": 0.9645026948755486, ""p1"": 0.9699748114816865, ""p5"": 0.9918632779062381, ""p25"": 0.9985375117974803, ""median"": 0.9988990071295636, ""p75"": 0.9990845055057989, ""p95"": 0.9993576042325433, ""p99"": 0.9993923073444578, ""max"": 0.9994009831224365}",0.0736205837947464,0.9648792547128208,"[18, 4096]",0.9805094401041666
O0_vs_O3p,A039,0.9994314247048964,0,0,0.003662109375,0.00047306501762571263,0.11394858005751687,0.000244140625,139264,0,0,1.0005714384305966,0.03373613705858573,0.0007662282948579057,"[34, 4096]",0.9158361098345589,0.03168801590800285,0.997671844612933,0,0,153.63671875,0.636364218219997,0.08987595658392711,0.3991873264312744,139264,0,0,0.9877343912330604,0.06891765699952249,1.2779381820484044,"[34, 4096]",0.9789680032169118,0.03587646409869194,0.9975178304936054,0,0,80.905517578125,0.5320577192923338,0.08233374737915561,0.35818541049957275,81920,0,0,0.996393629765027,"{""min"": 0.9645026948755486, ""p1"": 0.9706185899059381, ""p5"": 0.9950821700274957, ""p25"": 0.9984806897248677, ""median"": 0.9989992697770569, ""p75"": 0.9992123555179162, ""p95"": 0.9993340499868597, ""p99"": 0.9994847456907323, ""max"": 0.9995224196167004}",0.07042330349116369,0.9335728754641404,"[20, 4096]",0.981298828125
O0_vs_O3p,A040,0.999519267456428,0,0,0.003021240234375,0.00043955571445053465,0.1018506524291181,0.0002288818359375,131072,0,0,1.0003686598171861,0.031015406667465707,0.0007033645537921197,"[32, 4096]",0.9274749755859375,0.029937744140625,0.9975197197443029,0,0,153.63671875,0.6607565145969829,0.0929589468081559,0.41500401496887207,131072,0,0,0.9878588963052376,0.07104745055783923,1.3242496197190765,"[32, 4096]",0.9775390625,0.0332302525639534,0.9969330498499184,0,0,80.905517578125,0.5638321907483461,0.08697659564392109,0.37732744216918945,73728,0,0,0.99853891407444,"{""min"": 0.9645026948755486, ""p1"": 0.9699748114816865, ""p5"": 0.9918632779062381, ""p25"": 0.9982628598597747, ""median"": 0.9987153955279804, ""p75"": 0.9990374282513439, ""p95"": 0.9992367906979814, ""p99"": 0.9993420499997231, ""max"": 0.9993683648251586}",0.07827562147212572,1.000590607364229,"[18, 4096]",0.9790174696180556
O0_vs_O3p,A041,0.9995215027163799,0,0,0.003021240234375,0.0004551721521798194,0.09834629159575244,0.000244140625,159744,0,0,1.0003974892360035,0.03094402947213472,0.0007057246560408545,"[39, 4096]",0.9313651842948718,0.032627202570438385,0.9977329454188926,0,0,153.63671875,0.587665597962955,0.08698784447758821,0.36915063858032227,159744,0,0,0.988580773683566,0.06791709558877704,1.1919057985800328,"[39, 4096]",0.9796486879006411,0.036503907293081284,0.9977410355605354,0,0,80.905517578125,0.47694917147688104,0.07933673433422125,0.3271310329437256,102400,0,0,0.9982996254643914,"{""min"": 0.9645026948755486, ""p1"": 0.9722280359665668, ""p5"": 0.9969062039610085, ""p25"": 0.9986752861092192, ""median"": 0.9990108027871334, ""p75"": 0.9992905826330256, ""p95"": 0.9994289989524601, ""p99"": 0.9995040917469052, ""max"": 0.9995273713457437}",0.06717989268577347,0.8321014420908792,"[25, 4096]",0.98189453125
O0_vs_O3p,A042,0.9994836262113365,0,0,0.003021240234375,0.00047452804565434944,0.10456064422790802,0.000244140625,147456,0,0,1.0004048484963033,0.03214544424854239,0.0007293143468887691,"[36, 4096]",0.9263237847222222,0.0317111536860466,0.997644835360961,0,0,153.63671875,0.6135254413635367,0.08946875383688555,0.3855271339416504,147456,0,0,0.9885252497068394,0.06919500935837479,1.2343736500926037,"[36, 4096]",0.97906494140625,0.03553355857729912,0.9974452760930173,0,0,80.905517578125,0.5041675843388227,0.08235307099352139,0.3437829613685608,90112,0,0,0.9997427059470719,"{""min"": 0.9645026948755486, ""p1"": 0.9712623683301895, ""p5"": 0.9967535658739998, ""p25"": 0.9986315330579857, ""median"": 0.9989687021178151, ""p75"": 0.9992139008239251, ""p95"": 0.9994362405547024, ""p99"": 0.9995175281202533, ""max"": 0.9995384340592771}",0.0714716683984551,0.8727516949523726,"[22, 4096]",0.9812455610795454
O0_vs_O3p,A043,0.9995227010454372,0,0,0.003021240234375,0.0004535896173088937,0.09951242740467885,0.000244140625,151552,0,0,1.00041864895065,0.03090587027544127,0.0007036937571319642,"[37, 4096]",0.9301823796452703,0.032022010535001755,0.9976632964482198,0,0,153.63671875,0.6174040168355507,0.08916703546961312,0.3935433626174927,151552,0,0,0.9882261497074176,0.06897105667363895,1.229330719806745,"[37, 4096]",0.9791160789695946,0.035867441445589066,0.9975070079262335,0,0,80.905517578125,0.5151617212731372,0.08217707548283809,0.3551523685455322,94208,0,0,0.99784020416103,"{""min"": 0.9645026948755486, ""p1"": 0.9715842575423153, ""p5"": 0.9968129551741388, ""p25"": 0.9985953180267256, ""median"": 0.9989209087520051, ""p75"": 0.9991209892313502, ""p95"": 0.9993353251973051, ""p99"": 0.9993706013757679, ""max"": 0.9993792266219996}",0.07056826594003658,0.8802490029092952,"[23, 4096]",0.9812330163043478
O0_vs_O3p,A044,0.9994203370130507,0,0,0.003021240234375,0.00048085778550444047,0.11349367722144409,0.000244140625,131072,0,0,1.0004851257046887,0.03406058924443902,0.0007672890944518674,"[32, 4096]",0.9177093505859375,0.0313873291015625,0.9975491185215442,0,0,153.63671875,0.6488370483871222,0.09123091063966769,0.40495479106903076,131072,0,0,0.9874141280660163,0.07069988803685855,1.3028717076272722,"[32, 4096]",0.9786605834960938,0.0358072929084301,0.9969815423722195,0,0,80.905517578125,0.5426420285974827,0.08390453134438647,0.3618781864643097,73728,0,0,0.9977489681517494,"{""min"": 0.9645026948755486, ""p1"": 0.9699748114816865, ""p5"": 0.9918632779062381, ""p25"": 0.998528811216865, ""median"": 0.9986953143079249, ""p75"": 0.9990781889870429, ""p95"": 0.9992047930956401, ""p99"": 0.999269858983567, ""max"": 0.9992861254555487}",0.07764272735702286,0.9493878829869173,"[18, 4096]",0.9810112847222222
O0_vs_O3p,A045,0.9994933305975021,0,0,0.003021240234375,0.0004496448746205274,0.10286975822236516,0.000232696533203125,135168,0,0,1.0004236664828612,0.03184254411902518,0.0007101781880283931,"[33, 4096]",0.9270167495265151,0.030880089849233627,0.997610481699364,0,0,153.63671875,0.6381172751923507,0.09062886483079058,0.39841365814208984,135168,0,0,0.9881162127981574,0.06973856856525909,1.2811971600924945,"[33, 4096]",0.9786709872159091,0.03469366952776909,0.9972852900742307,0,0,80.905517578125,0.529612686721808,0.08324447174450947,0.3542649745941162,77824,0,0,0.9994217231080769,"{""min"": 0.9645026948755486, ""p1"": 0.9702967006938122, ""p5"": 0.9934727239668668, ""p25"": 0.998586584713015, ""median"": 0.999000027204938, ""p75"": 0.9992029583236837, ""p95"": 0.9993717453726191, ""p99"": 0.9994577289840011, ""max"": 0.9994792248868466}",0.0736655587616428,0.9197615753221601,"[19, 4096]",0.9809056332236842
O0_vs_O3p,A046,0.9995231592031109,0,0,0.003021240234375,0.00043875704906690035,0.10198904434711212,0.000232696533203125,126976,0,0,1.0004275666438596,0.03089129601444507,0.0006976713100611067,"[31, 4096]",0.9271279611895161,0.029856035485863686,0.9975224318344637,0,0,153.63671875,0.6657409550861919,0.09402923427513209,0.41954922676086426,126976,0,0,0.9876028789810447,0.0710450245680099,1.3202974990881537,"[31, 4096]",0.9775311869959677,0.03327492997050285,0.996847344880143,0,0,80.905517578125,0.5672200337669838,0.08857639330933445,0.38267040252685547,69632,0,0,0.9991920667151393,"{""min"": 0.9645026948755486, ""p1"": 0.9696529222695608, ""p5"": 0.9902538318456092, ""p25"": 0.998171759181519, ""median"": 0.9987437159350018, ""p75"": 0.9989576013953253, ""p95"": 0.9993445027673433, ""p99"": 0.9993588339503966, ""max"": 0.9993624167461599}",0.07937801160203871,0.9684320997922041,"[17, 4096]",0.9790900735294118
O0_vs_O3p,A047,0.999495514891414,0,0,0.003021240234375,0.0004555345784396967,0.10483918117733436,0.000240325927734375,135168,0,0,1.0004267647844158,0.03177393488869368,0.0007142692259974953,"[33, 4096]",0.9254779237689394,0.03122040629386902,0.997615057435884,0,0,153.63671875,0.6436831893881224,0.09124856378906418,0.40177059173583984,135168,0,0,0.9880278219197925,0.06968581105246005,1.2866920789484106,"[33, 4096]",0.9780643347537878,0.03528474643826485,0.9973078069368297,0,0,80.905517578125,0.5392798008513062,0.08432079098782677,0.359483003616333,77824,0,0,0.9986894346993773,"{""min"": 0.9645026948755486, ""p1"": 0.9702967006938122, ""p5"": 0.9934727239668668, ""p25"": 0.9984522954893739, ""median"": 0.9990284678794819, ""p75"": 0.9991848844125333, ""p95"": 0.999379181986369, ""p99"": 0.9994289841598891, ""max"": 0.9994414347032692}",0.07334198741598501,0.9329891710413128,"[19, 4096]",0.9798519736842105
O0_vs_O3p,A048,0.9994716808635349,0,0,0.003021240234375,0.00047211018156357405,0.10688825764113673,0.000244140625,139264,0,0,1.0004184330409271,0.03251546542041299,0.0007295894907480343,"[34, 4096]",0.9242805032169118,0.030905330553650856,0.99758382817744,0,0,153.63671875,0.6326396989346476,0.09146446072202297,0.39794301986694336,139264,0,0,0.988197601963259,0.07010425808313996,1.2674482352917869,"[34, 4096]",0.9784940831801471,0.0345458984375,0.9971871356864381,0,0,80.905517578125,0.5257260365072398,0.08503420441391858,0.3555264472961426,81920,0,0,0.9998191387049602,"{""min"": 0.9645026948755486, ""p1"": 0.9706185899059381, ""p5"": 0.9950821700274957, ""p25"": 0.9985835562123891, ""median"": 0.9988540643748676, ""p75"": 0.9990956565063988, ""p95"": 0.9992743683809676, ""p99"": 0.9993268904420415, ""max"": 0.9993400209573099}",0.07499829238966847,0.9089371090534406,"[20, 4096]",0.9804931640625
O0_vs_O3p,A049,0.9995489611311947,0,0,0.003021240234375,0.00044705764270101773,0.09732550098932184,0.000244140625,159744,0,0,1.000329685387352,0.030041368675775487,0.0006911256195304658,"[39, 4096]",0.9321476862980769,0.03119366057217121,0.9977488645930999,0,0,153.63671875,0.6131662114744242,0.08796116259953494,0.3927741050720215,159744,0,0,0.9871636155603147,0.0678914626463966,1.2256479079275389,"[39, 4096]",0.9795297475961539,0.03426757827401161,0.997750042846564,0,0,80.905517578125,0.5167301285547728,0.08085511060445812,0.3583719730377197,102400,0,0,0.9928626635656933,"{""min"": 0.9645026948755486, ""p1"": 0.9722280359665668, ""p5"": 0.9969279874649921, ""p25"": 0.9985606142905662, ""median"": 0.998717707433086, ""p75"": 0.99910650243459, ""p95"": 0.9993299401456268, ""p99"": 0.9993597589223724, ""max"": 0.9993659919639711}",0.06722156258163026,0.9053437214110995,"[25, 4096]",0.981708984375
O0_vs_O3p,A050,0.9993439848694115,0,0,0.003662109375,0.0005124754654129252,0.12361599390799483,0.000244140625,143360,0,0,1.0006698380819108,0.03624027858704221,0.0008233913522968119,"[35, 4096]",0.907958984375,0.03173828125,0.9976453607069116,0,0,153.63671875,0.6302070509241665,0.09006521734503034,0.39931702613830566,143360,0,0,0.98850603812613,0.06919003885828114,1.2568667638217739,"[35, 4096]",0.9787248883928571,0.0357607901096344,0.9974500862460609,0,0,80.905517578125,0.5267627499386955,0.08300833480026919,0.3602708578109741,86016,0,0,0.9993699351566743,"{""min"": 0.9645026948755486, ""p1"": 0.9709404791180638, ""p5"": 0.9966916160881244, ""p25"": 0.998543613442597, ""median"": 0.9990283915897338, ""p75"": 0.9992364520080137, ""p95"": 0.9993504784970988, ""p99"": 0.9994894919940215, ""max"": 0.9995242453682521}",0.07139335590631406,0.904877643488128,"[21, 4096]",0.9807826450892857
O0_vs_O3p,A051,0.9995122963753993,0,0,0.003021240234375,0.00044997728592226634,0.1030383862299448,0.000244140625,139264,0,0,1.0004001256291362,0.031240320663521694,0.0007057824392472728,"[34, 4096]",0.9269373276654411,0.031594667583703995,0.9976811873348513,0,0,153.63671875,0.6246642706373677,0.08982318124257259,0.38585710525512695,139264,0,0,0.9875815375868978,0.06880589628188331,1.2644164878734587,"[34, 4096]",0.9786879595588235,0.03571777418255806,0.9975379837032547,0,0,80.905517578125,0.512167808401864,0.08224402929885291,0.3397998809814453,81920,0,0,0.9964121453812863,"{""min"": 0.9645026948755486, ""p1"": 0.9706185899059381, ""p5"": 0.9950821700274957, ""p25"": 0.9985785854321245, ""median"": 0.9990133890132176, ""p75"": 0.9993251333128704, ""p95"": 0.9995190515573933, ""p99"": 0.9996172429736543, ""max"": 0.9996417908277195}",0.0701372838166126,0.9017302877467327,"[20, 4096]",0.98082275390625
O0_vs_O3p,A052,0.9994578468951288,0,0,0.003021240234375,0.00047317203791408247,0.11090287966173146,0.000244140625,147456,0,0,1.0004672672777692,0.03293981191904221,0.0007428394440740021,"[36, 4096]",0.9202609592013888,0.0320231132209301,0.9976698215036472,0,0,153.63671875,0.6238164071015591,0.09045974173940413,0.3926856517791748,147456,0,0,0.9878010984484109,0.06893706517993618,1.245754722634477,"[36, 4096]",0.9785088433159722,0.036044035106897354,0.9975152810785732,0,0,80.905517578125,0.5210073464555866,0.08397468756127907,0.3537125587463379,90112,0,0,0.9964531754632031,"{""min"": 0.9645026948755486, ""p1"": 0.9712623683301895, ""p5"": 0.9967546829541573, ""p25"": 0.9983422086128089, ""median"": 0.999028785936724, ""p75"": 0.9992157587091786, ""p95"": 0.9994915469182506, ""p99"": 0.9995009473680061, ""max"": 0.999502010774988}",0.07045844224132533,0.8988238834510148,"[22, 4096]",0.9803355823863636
O0_vs_O3p,A053,0.9994001122041781,0,0,0.003662109375,0.0004890935161061602,0.1172001326659648,0.000244140625,143360,0,0,1.0005727406264633,0.03465242825102732,0.0007813430537287175,"[35, 4096]",0.9137137276785714,0.03090820275247097,0.9976877438325822,0,0,153.63671875,0.6300275146954976,0.09015215377296697,0.3992791175842285,143360,0,0,0.9882100216490822,0.06862210302838909,1.2537066482632488,"[35, 4096]",0.9790806361607143,0.0343773253262043,0.9975849122384417,0,0,80.905517578125,0.5264635228909139,0.0831532288468302,0.35945507884025574,86016,0,0,0.9979838184620338,"{""min"": 0.9645026948755486, ""p1"": 0.9709404791180638, ""p5"": 0.9966916160881244, ""p25"": 0.9986535585352789, ""median"": 0.9990174450828384, ""p75"": 0.9992786729025099, ""p95"": 0.9995153823982916, ""p99"": 0.9996035861611104, ""max"": 0.9996256371018152}",0.06945863517515449,0.8975414825236276,"[21, 4096]",0.9813755580357143
O0_vs_O3p,A054,0.9993915313672601,0,0,0.003021240234375,0.0005241985629401972,0.12070266132759166,0.000274658203125,151552,0,0,1.0005585572648534,0.03489883924786799,0.0007834234277019007,"[37, 4096]",0.9133828652871622,0.03234533220529556,0.9978260113494376,0,0,153.63671875,0.6073059012837679,0.087568676536521,0.3828597068786621,151552,0,0,0.9886863318335493,0.06653408762525678,1.219886177175276,"[37, 4096]",0.9793404244087838,0.03638756647706032,0.9980078497306338,0,0,80.905517578125,0.49891692668983445,0.07960580241655953,0.34073448181152344,94208,0,0,0.9976361406343364,"{""min"": 0.9645026948755486, ""p1"": 0.9715842575423153, ""p5"": 0.99682387824582, ""p25"": 0.9988152633906986, ""median"": 0.9992587726027581, ""p75"": 0.9993821275816789, ""p95"": 0.9995483978178488, ""p99"": 0.9996213569715924, ""max"": 0.9996418502219163}",0.06309096641904091,0.8588517847564785,"[23, 4096]",0.9815939198369565
O0_vs_O3p,A055,0.9994095844485321,0,0,0.003662109375,0.0004888670981277496,0.11700962949903539,0.000244140625,143360,0,0,1.0005663524440458,0.03437761807641615,0.000781210125997532,"[35, 4096]",0.9138323102678572,0.0314243845641613,0.9977016486098006,0,0,153.63671875,0.6234417493452513,0.09029777744536403,0.3886784315109253,143360,0,0,0.987731672569341,0.06848956696850159,1.2516348419347916,"[35, 4096]",0.9786063058035714,0.0352376289665699,0.9976159997395556,0,0,80.905517578125,0.5154872473071702,0.08339593496749201,0.34586799144744873,86016,0,0,0.9963888314429746,"{""min"": 0.9645026948755486, ""p1"": 0.9709404791180638, ""p5"": 0.9966916160881244, ""p25"": 0.9986353867367908, ""median"": 0.9990923916551064, ""p75"": 0.999356997356564, ""p95"": 0.9994829594044353, ""p99"": 0.9996198034608278, ""max"": 0.9996540144749259}",0.06902045353135741,0.8927092148399429,"[21, 4096]",0.9805850074404762
O0_vs_O3p,A056,0.9995558513764685,0,0,0.003021240234375,0.0004347566332275951,0.0985401851445085,0.000240325927734375,151552,0,0,1.0003756164575783,0.029812279246162022,0.0006843368518619177,"[37, 4096]",0.9304595122466216,0.03253668546676636,0.9976921065359995,0,0,153.63671875,0.6211871886788121,0.08855170488900753,0.3970116376876831,151552,0,0,0.988367902168789,0.06853759072831189,1.233692594331127,"[37, 4096]",0.979221653293919,0.03669539839029312,0.9976077508933573,0,0,80.905517578125,0.5212476933688184,0.08118719585316823,0.36048007011413574,94208,0,0,0.9976949882837624,"{""min"": 0.9645026948755486, ""p1"": 0.9715842575423153, ""p5"": 0.9968228408977265, ""p25"": 0.9985318394004823, ""median"": 0.9990197773608817, ""p75"": 0.999189468380213, ""p95"": 0.9993827865595775, ""p99"": 0.9994045570523983, ""max"": 0.9994078376531051}",0.0691287419808904,0.8900118908282306,"[23, 4096]",0.9814028532608695
O0_vs_O3p,A057,0.9994958863201614,0,0,0.003021240234375,0.00045555864069297746,0.10502814009292959,0.000244140625,135168,0,0,1.000437396754907,0.03176255139270032,0.0007141268422742517,"[33, 4096]",0.9253077651515151,0.0315755195915699,0.9976205642574785,0,0,153.63671875,0.6462908247470874,0.09072530556505266,0.40262824296951294,135168,0,0,0.987615577766961,0.06966569834047544,1.2916249262103805,"[33, 4096]",0.9786265980113636,0.035901520401239395,0.9973196584681346,0,0,80.905517578125,0.5438088517379296,0.08341197407243833,0.36095142364501953,77824,0,0,0.9969163977751605,"{""min"": 0.9645026948755486, ""p1"": 0.9702967006938122, ""p5"": 0.9934727239668668, ""p25"": 0.9984864222361176, ""median"": 0.9987087375133484, ""p75"": 0.9991795167587492, ""p95"": 0.9994514852055509, ""p99"": 0.9994564227076985, ""max"": 0.9994576570832354}",0.07316871908260308,0.9447532600087639,"[19, 4096]",0.9808285361842105
O0_vs_O3p,A058,0.9994396894223162,0,0,0.003021240234375,0.0004683759200705743,0.11003494394444963,0.00023937225341796875,135168,0,0,1.000477955660136,0.0334870901125258,0.0007490577962841321,"[33, 4096]",0.920461943655303,0.031146425753831863,0.9975877049896213,0,0,153.63671875,0.6368392124664807,0.09063328704052545,0.39725232124328613,135168,0,0,0.9882470943148642,0.07004297153403052,1.2798766971035431,"[33, 4096]",0.978323271780303,0.03515625,0.9971935907250322,0,0,80.905517578125,0.5273928935663494,0.08325215242457529,0.35426199436187744,77824,0,0,1.0003948441710546,"{""min"": 0.9645026948755486, ""p1"": 0.9702967006938122, ""p5"": 0.9934727239668668, ""p25"": 0.9984870624877997, ""median"": 0.9990878277500848, ""p75"": 0.9992008247348956, ""p95"": 0.9993602964211604, ""p99"": 0.999374072772746, ""max"": 0.9993775168606424}",0.07493457573472175,0.9165629804762262,"[19, 4096]",0.9803017064144737
O0_vs_O3p,A059,0.9995169071364558,0,0,0.003021240234375,0.000457512158170305,0.10388183042925651,0.000244140625,143360,0,0,1.0004111886586222,0.031092637196199733,0.00070821688609581,"[35, 4096]",0.926513671875,0.03137555718421936,0.9976059230879377,0,0,153.63671875,0.6259196196880241,0.09129734478128777,0.3919334411621094,143360,0,0,0.9882156783644339,0.06978967628403569,1.2563971958711262,"[35, 4096]",0.9784388950892857,0.03515625,0.9972900588004249,0,0,80.905517578125,0.5196170312117916,0.08506188052736488,0.3500027656555176,86016,0,0,0.9990445268133044,"{""min"": 0.9645026948755486, ""p1"": 0.9709404791180638, ""p5"": 0.9966916160881244, ""p25"": 0.9985685142131133, ""median"": 0.9988500938320091, ""p75"": 0.9991609812420614, ""p95"": 0.9993400209573099, ""p99"": 0.9994171238541759, ""max"": 0.9994363995783924}",0.07359087427020418,0.9037901504255906,"[21, 4096]",0.9803059895833334
O0_vs_O3p,A060,0.9995539436317914,0,0,0.003021240234375,0.0004207719856394225,0.09727128391522347,0.00022125244140625,139264,0,0,1.000369834718831,0.029876068154958177,0.0006827552667163919,"[34, 4096]",0.9307861328125,0.03179572522640228,0.9976630585086539,0,0,153.63671875,0.6360994435466476,0.09019384107081886,0.3976922035217285,139264,0,0,0.9874051455430516,0.06909158027985224,1.272314658148047,"[34, 4096]",0.9784581801470589,0.03605956956744194,0.997472389666316,0,0,80.905517578125,0.5316076023476398,0.08287415100687164,0.35592103004455566,81920,0,0,0.9956852240663908,"{""min"": 0.9645026948755486, ""p1"": 0.9706185899059381, ""p5"": 0.9950821700274957, ""p25"": 0.9985799740141565, ""median"": 0.9989464772371722, ""p75"": 0.9992810576121997, ""p95"": 0.9994192064663953, ""p99"": 0.9994802026639205, ""max"": 0.9994954517133018}",0.07107760416791886,0.9204226858049643,"[20, 4096]",0.98043212890625
O0_vs_O3p,A061,0.9995240898490065,0,0,0.003021240234375,0.00044622168866809283,0.09988319039914015,0.000244140625,159744,0,0,1.0004098614566075,0.030860628685359427,0.0007114713007964881,"[39, 4096]",0.9289675981570513,0.03243940323591232,0.9977293811362579,0,0,153.63671875,0.6062919725516576,0.08844802491486786,0.38497495651245117,159744,0,0,0.9872345937382655,0.06816320547033138,1.2136906799696177,"[39, 4096]",0.9793419471153846,0.03621093928813934,0.9976957806590647,0,0,80.905517578125,0.5060063158352568,0.08161461581637748,0.3473641872406006,102400,0,0,0.993540125736087,"{""min"": 0.9645026948755486, ""p1"": 0.9722280359665668, ""p5"": 0.9969295838665564, ""p25"": 0.998493697574082, ""median"": 0.9989056231030229, ""p75"": 0.9991668391159761, ""p95"": 0.9994170953437718, ""p99"": 0.9994466943988217, ""max"": 0.9994499566488537}",0.06797351486379562,0.8798554420481333,"[25, 4096]",0.981416015625
O0_vs_O3p,A062,0.9995147639385726,0,0,0.003021240234375,0.00045083507590076095,0.103086592741016,0.000244140625,151552,0,0,1.000459608833726,0.031162949165560644,0.0007174311009927694,"[37, 4096]",0.9262299408783784,0.03161291033029556,0.9976984036075234,0,0,153.63671875,0.6181870553305949,0.08950313318213267,0.391365647315979,151552,0,0,0.9876399983401798,0.06854974073999964,1.237900853644402,"[37, 4096]",0.979175464527027,0.03520932421088219,0.9976087111067123,0,0,80.905517578125,0.5164213918955995,0.0827177544116739,0.35317468643188477,94208,0,0,0.9952709135801656,"{""min"": 0.9645026948755486, ""p1"": 0.9715842575423153, ""p5"": 0.9968182144635478, ""p25"": 0.9985166041343494, ""median"": 0.9990071262340311, ""p75"": 0.9992226994789621, ""p95"": 0.9994078952742896, ""p99"": 0.9995058633771955, ""max"": 0.9995313682908733}",0.069154355042035,0.8993627633222476,"[23, 4096]",0.9813285495923914
O0_vs_O3p,A063,0.9995605522352702,0,0,0.003021240234375,0.0004254636372052394,0.09776106261921468,0.0002288818359375,135168,0,0,1.0004165430721341,0.02965527162975393,0.0006792827904415869,"[33, 4096]",0.9305234966856061,0.030672939494252205,0.9975802354417589,0,0,153.63671875,0.6403221892431964,0.09157779304158639,0.39976179599761963,135168,0,0,0.98765945247197,0.07022888145698006,1.2889848326480986,"[33, 4096]",0.9780495383522727,0.03433388099074364,0.9971511161474367,0,0,80.905517578125,0.5334422742838031,0.08489261021589165,0.35636281967163086,77824,0,0,0.997794215447501,"{""min"": 0.9645026948755486, ""p1"": 0.9702967006938122, ""p5"": 0.9934727239668668, ""p25"": 0.9984798432699402, ""median"": 0.9989165581291314, ""p75"": 0.9991101892027344, ""p95"": 0.9992816316987012, ""p99"": 0.9993283431055882, ""max"": 0.9993400209573099}",0.0754325204579014,0.9384697800613471,"[19, 4096]",0.9798262746710527
O0_vs_O3p,A064,0.9995182460972126,0,0,0.003021240234375,0.0004402629225120519,0.1026880994209692,0.00023651123046875,126976,0,0,1.0004289289944526,0.031050041257486585,0.0006988012658328267,"[31, 4096]",0.9267026839717742,0.030430948361754417,0.9975600609095376,0,0,153.63671875,0.6539858310476824,0.09206368466367953,0.40415656566619873,126976,0,0,0.9873929620245875,0.07054994527211017,1.3160804667546142,"[31, 4096]",0.9782084803427419,0.034323301166296005,0.9970098925692243,0,0,80.905517578125,0.5457842193438196,0.08499215578256802,0.35997438430786133,69632,0,0,0.997974757954269,"{""min"": 0.9645026948755486, ""p1"": 0.9696529222695608, ""p5"": 0.9902538318456092, ""p25"": 0.9983287068422607, ""median"": 0.9990157261015506, ""p75"": 0.9992744453948139, ""p95"": 0.9993848330187799, ""p99"": 0.9993945940931862, ""max"": 0.9993970343617878}",0.0772800432473693,0.9579077696468868,"[17, 4096]",0.9803251378676471
O0_vs_O3p,A065,0.9994641365005129,0,0,0.003662109375,0.00045796197503347817,0.11007199070586828,0.00023651123046875,143360,0,0,1.0005677527717518,0.03275145520672375,0.0007504835024387185,"[35, 4096]",0.9187848772321429,0.0308663509786129,0.9976293430377704,0,0,153.63671875,0.6256753851856047,0.09065140531682318,0.3925340175628662,143360,0,0,0.9872957201359319,0.06958791326303429,1.260351651943085,"[35, 4096]",0.9785714285714285,0.0343075692653656,0.9973507308943133,0,0,80.905517578125,0.5192099737077591,0.08398531475325724,0.35089850425720215,86016,0,0,0.9954294706220331,"{""min"": 0.9645026948755486, ""p1"": 0.9709404791180638, ""p5"": 0.9966916160881244, ""p25"": 0.998369511857615, ""median"": 0.9988381698372889, ""p75"": 0.9990979214346177, ""p95"": 0.999423453659836, ""p99"": 0.9995080548868893, ""max"": 0.9995292051936526}",0.0727681992742231,0.9129205463480204,"[21, 4096]",0.9805268787202381
O0_vs_O3p,A066,0.9995229377415779,0,0,0.003021240234375,0.0004570014890624726,0.10131998637127282,0.000244140625,151552,0,0,1.0003924132027606,0.030897458083528638,0.0007056185107815474,"[37, 4096]",0.9288033150337838,0.03187684714794159,0.9977672706538114,0,0,153.63671875,0.6176704150248288,0.08872914214266751,0.3943518400192261,151552,0,0,0.9888457119487087,0.06738002539158512,1.2264183162711533,"[37, 4096]",0.9795053842905406,0.03563391789793968,0.99784742199529,0,0,80.905517578125,0.5155902748819758,0.08147263839166471,0.35751622915267944,94208,0,0,0.9985032565189998,"{""min"": 0.9645026948755486, ""p1"": 0.9715842575423153, ""p5"": 0.9968201075089912, ""p25"": 0.9986276555289293, ""median"": 0.9990720039876682, ""p75"": 0.9993436342225867, ""p95"": 0.9994730703293578, ""p99"": 0.9995751142804342, ""max"": 0.9996023495002302}",0.06558164786185336,0.8736891341826295,"[23, 4096]",0.9818592900815217
O0_vs_O3p,A067,0.999502261074022,0,0,0.003021240234375,0.00045756366021391037,0.1039394736634993,0.000244140625,139264,0,0,1.000446915755588,0.03156140808622873,0.0007102846829683865,"[34, 4096]",0.9263126148897058,0.029957490041851997,0.9976263189334743,0,0,153.63671875,0.6262080872073672,0.0915037244287983,0.3882843255996704,139264,0,0,0.9873095928902056,0.06962874842690579,1.267585045780366,"[34, 4096]",0.9785012637867647,0.03293456882238388,0.9973237006046756,0,0,80.905517578125,0.5147922965708631,0.08510095271543668,0.3432774543762207,81920,0,0,0.9960370521007952,"{""min"": 0.9645026948755486, ""p1"": 0.9706185899059381, ""p5"": 0.9950821700274957, ""p25"": 0.9985447708300744, ""median"": 0.9989312369817284, ""p75"": 0.9991577458033504, ""p95"": 0.9994837782913295, ""p99"": 0.9995119590839868, ""max"": 0.9995190042821511}",0.07312381059934742,0.9092613819773702,"[20, 4096]",0.98050537109375
O0_vs_O3p,A068,0.9995384703342887,0,0,0.003021240234375,0.00042519035002897,0.09901956624316857,0.0002288818359375,131072,0,0,1.0004122428177815,0.03039094931297188,0.0006840567326398241,"[32, 4096]",0.9294204711914062,0.03028106689453125,0.997573556714981,0,0,153.63671875,0.6489861610887715,0.09183098921724639,0.40409111976623535,131072,0,0,0.9876546031115072,0.07032342841195516,1.3036069970936175,"[32, 4096]",0.978240966796875,0.0338406041264534,0.9971092877575777,0,0,80.905517578125,0.5429071178448592,0.0849713377045264,0.3616049289703369,73728,0,0,0.9982063675970323,"{""min"": 0.9645026948755486, ""p1"": 0.9699748114816865, ""p5"": 0.9918632779062381, ""p25"": 0.9985589382398925, ""median"": 0.9989078955638254, ""p75"": 0.9990656189189075, ""p95"": 0.9993416400113232, ""p99"": 0.9993489797228501, ""max"": 0.9993508146507318}",0.07598862975307423,0.9511805782894097,"[18, 4096]",0.9802652994791666
O0_vs_O3p,A069,0.9995502663135891,0,0,0.003021240234375,0.00042318400016269793,0.09754096747920223,0.000225067138671875,139264,0,0,1.0004050892037384,0.0299999305767025,0.0006768179605722328,"[34, 4096]",0.9309584673713235,0.030905330553650856,0.9976469920655181,0,0,153.63671875,0.6385611241433466,0.09125001533292837,0.4054679870605469,139264,0,0,0.987794804995611,0.0692643112481737,1.2743011252494891,"[34, 4096]",0.9783361098345589,0.0345458984375,0.9974285755284025,0,0,80.905517578125,0.5357924593620282,0.08466964725245775,0.36714208126068115,81920,0,0,0.9970724536356178,"{""min"": 0.9645026948755486, ""p1"": 0.9706185899059381, ""p5"": 0.9950821700274957, ""p25"": 0.9985494928097551, ""median"": 0.9989668239059986, ""p75"": 0.9990815753446443, ""p95"": 0.9993951504432278, ""p99"": 0.9995369181629608, ""max"": 0.999572360092894}",0.0716684277920549,0.925082605473571,"[20, 4096]",0.980224609375
O0_vs_O3p,A070,0.9995336956088047,0,0,0.003021240234375,0.0004304742847338616,0.09977088757015838,0.0002288818359375,131072,0,0,1.0004017280443265,0.030547419251299977,0.0006878296933437759,"[32, 4096]",0.9289627075195312,0.02980804443359375,0.9975868728397337,0,0,153.63671875,0.6458439457068152,0.09240943178454064,0.40052783489227295,131072,0,0,0.9883745299206512,0.0700378354884041,1.298340845127289,"[32, 4096]",0.9780502319335938,0.0329996757209301,0.9971942946937278,0,0,80.905517578125,0.5373209571658258,0.08599968004638285,0.3566608428955078,73728,0,0,1.000978671126938,"{""min"": 0.9645026948755486, ""p1"": 0.9699748114816865, ""p5"": 0.9918632779062381, ""p25"": 0.998427880592337, ""median"": 0.9990146503966041, ""p75"": 0.9992882942964039, ""p95"": 0.9993650827087495, ""p99"": 0.9994786959819425, ""max"": 0.9995070993002407}",0.07495238578768998,0.938288299020275,"[18, 4096]",0.9799262152777778
O0_vs_O3p,A071,0.9993126200925401,0,0,0.003662109375,0.0005298706321959396,0.12711344734346222,0.00025177001953125,323584,0,0,1.0007787527508756,0.03710036211083041,0.0008736123194622,"[79, 4096]",0.9023684731012658,0.03591648489236832,0.9980644718733014,0,0,153.63671875,0.4701505592017925,0.0792246357745991,0.32215428352355957,323584,0,0,0.9919610237415306,0.062486495047865284,0.9020007219252203,"[79, 4096]",0.982381699960443,0.038115985691547394,0.9984198238015546,0,0,80.905517578125,0.402256386820129,0.0746098253834295,0.30116939544677734,266240,0,0,0.9997657286983601,"{""min"": 0.9645026948755486, ""p1"": 0.9851036044515972, ""p5"": 0.9974546124928096, ""p25"": 0.9988511054337588, ""median"": 0.9990800131850645, ""p75"": 0.9992379687641567, ""p95"": 0.9994709647535651, ""p99"": 0.9995778894851804, ""max"": 0.999657713112149}",0.05621091442117678,0.6346374041598555,"[65, 4096]",0.9838341346153846
O0_vs_O3p,A072,0.9994066911566573,0,0,0.003662109375,0.00048612866676531094,0.11594697555443109,0.000244140625,221184,0,0,1.0006740594767347,0.03446551745963992,0.0008050228365358189,"[54, 4096]",0.9126202618634259,0.03481264412403107,0.9979021662504719,0,0,153.63671875,0.5298459956227277,0.0831371261722442,0.34804290533065796,221184,0,0,0.9901123782634587,0.06520695813714136,1.0483273853590038,"[54, 4096]",0.9809796368634259,0.03800048679113388,0.9981606272465662,0,0,80.905517578125,0.4404113682498519,0.07700743092576942,0.3164215683937073,163840,0,0,0.9987086196054012,"{""min"": 0.9645026948755486, ""p1"": 0.9770563741484531, ""p5"": 0.9975911030288667, ""p25"": 0.998849473277013, ""median"": 0.9990889734436973, ""p75"": 0.9992688617474337, ""p95"": 0.9994041705257467, ""p99"": 0.9995281056648343, ""max"": 0.999587406560958}",0.060627242312072144,0.728875142696614,"[40, 4096]",0.98284912109375
O0_vs_O3p,A073,0.9994054183393559,0,0,0.003662109375,0.0004781575867965378,0.11331679861751123,0.000244140625,233472,0,0,1.000674691102193,0.034502475958739724,0.0008053024979805261,"[57, 4096]",0.9146450109649122,0.034706518054008484,0.9978844001097948,0,0,153.63671875,0.5258001037385073,0.08228814375176909,0.3543109893798828,233472,0,0,0.9907313513129837,0.06540558175420463,1.0235433303080381,"[57, 4096]",0.9813639322916666,0.03763740137219429,0.9981311324025313,0,0,80.905517578125,0.4412878344060859,0.0763096887809402,0.32641273736953735,176128,0,0,1.000186401348976,"{""min"": 0.9645026948755486, ""p1"": 0.9780220417848304, ""p5"": 0.9978864729617888, ""p25"": 0.9988396936738395, ""median"": 0.9990024357598493, ""p75"": 0.9991417907973538, ""p95"": 0.9993541253002981, ""p99"": 0.9993851777578843, ""max"": 0.9994024974665137}",0.06114300171960834,0.709084186090132,"[43, 4096]",0.9832281068313954
O0_vs_O3p,A074,0.9993700144946542,0,0,0.003662109375,0.0005006638137463185,0.12207577509656295,0.000244140625,217088,0,0,1.0007668757537667,0.035517958138553685,0.0008302412792188413,"[53, 4096]",0.9068119840801887,0.03312481567263603,0.9978470038867538,0,0,153.63671875,0.5504279085767196,0.08408653916667762,0.36699986457824707,217088,0,0,0.9901654391635843,0.06603304680859123,1.0650093307021327,"[53, 4096]",0.9805286335495284,0.035788509994745255,0.998036365365247,0,0,80.905517578125,0.4660884646393056,0.07814048716829498,0.33881914615631104,159744,0,0,0.9990979857547796,"{""min"": 0.9645026948755486, ""p1"": 0.9767344849363274, ""p5"": 0.9977285427448406, ""p25"": 0.9987344831896195, ""median"": 0.9989387152537642, ""p75"": 0.9991486697792005, ""p95"": 0.9993191100857708, ""p99"": 0.9994834909388892, ""max"": 0.9995714241534055}",0.06264615268617447,0.7514065566376094,"[39, 4096]",0.9822841546474359
O0_vs_O3p,A075,0.9994512238171726,0,0,0.003662109375,0.0004638788331480835,0.11140766961918211,0.00023651123046875,212992,0,0,1.0006494812736764,0.03314644824545388,0.0007787449880731686,"[52, 4096]",0.9162456805889423,0.03372427076101303,0.9978886528175985,0,0,153.63671875,0.5470471924411238,0.083834240160554,0.36179089546203613,212992,0,0,0.9905324961530683,0.06536321303877916,1.0685079998483071,"[52, 4096]",0.9808396559495193,0.036678917706012726,0.9981401358896024,0,0,80.905517578125,0.4592427624554004,0.07763876084416839,0.33226561546325684,155648,0,0,0.9998115665267991,"{""min"": 0.9645026948755486, ""p1"": 0.9764125957242017, ""p5"": 0.9974848304611068, ""p25"": 0.9988380463735392, ""median"": 0.9990175613632036, ""p75"": 0.9991695680334476, ""p95"": 0.999520871646815, ""p99"": 0.9996134614835279, ""max"": 0.9996590003098459}",0.06098411929890284,0.7482218984093779,"[38, 4096]",0.9827559621710527
O0_vs_O3p,A076,0.9994451632626633,0,0,0.003662109375,0.0004706866538681253,0.1117183388731294,0.000244140625,217088,0,0,1.0006337734568658,0.03332834266899812,0.0007813628655652648,"[53, 4096]",0.9162920106132075,0.03335053101181984,0.9978902796552028,0,0,153.63671875,0.5468207553520805,0.08471585556623437,0.3680020570755005,217088,0,0,0.9903781109172375,0.06535612020927702,1.0585181666136816,"[53, 4096]",0.9805332399764151,0.03609525412321091,0.9981403744491761,0,0,80.905517578125,0.46118643589812935,0.07899571201897466,0.340057373046875,159744,0,0,0.9994294802044051,"{""min"": 0.9645026948755486, ""p1"": 0.9767344849363274, ""p5"": 0.9977903280788598, ""p25"": 0.998701126993119, ""median"": 0.998962034631385, ""p75"": 0.9991868382049098, ""p95"": 0.9994034328400707, ""p99"": 0.9994413346083664, ""max"": 0.9994621719315833}",0.06097093314118662,0.7388365759603642,"[39, 4096]",0.9822904146634616
O0_vs_O3p,A077,0.9993616468445846,0,0,0.003662109375,0.0005023226423512618,0.11964794299205732,0.000244140625,217088,0,0,1.000698550952626,0.035750330469434204,0.0008216532120962807,"[53, 4096]",0.9101424307193396,0.03438236936926842,0.9978815773075612,0,0,153.63671875,0.5280409753511193,0.08324230062805474,0.34448838233947754,217088,0,0,0.9895642757442502,0.06558608980164675,1.0552768988383936,"[53, 4096]",0.9807589548938679,0.037497494369745255,0.9981113847673392,0,0,80.905517578125,0.4356651964096436,0.07699318864144852,0.31220412254333496,159744,0,0,0.9977286295046058,"{""min"": 0.9645026948755486, ""p1"": 0.9767344849363274, ""p5"": 0.9977484123808908, ""p25"": 0.9988133259026151, ""median"": 0.9990980745241531, ""p75"": 0.9992653263720875, ""p95"": 0.999389176727536, ""p99"": 0.9995006271152596, ""max"": 0.9995120048876682}",0.061431344600423,0.7325084585868202,"[39, 4096]",0.982597155448718
O0_vs_O3p,A078,0.9993858719564337,0,0,0.003662109375,0.0004913962074988376,0.11773158216653912,0.000244140625,204800,0,0,1.000686170936687,0.03506522082230285,0.0008093921679648403,"[50, 4096]",0.911474609375,0.03374023362994194,0.9978661933854367,0,0,153.63671875,0.5471393554660972,0.08415814897153613,0.35828399658203125,204800,0,0,0.9900061569222455,0.06576351778654349,1.0805608993954994,"[50, 4096]",0.98029296875,0.036865234375,0.9980933244160518,0,0,80.905517578125,0.4544927427686566,0.07774444089739993,0.32594919204711914,147456,0,0,0.9991784734858,"{""min"": 0.9645026948755486, ""p1"": 0.9757688172999501, ""p5"": 0.9976160534783938, ""p25"": 0.9987644434394269, ""median"": 0.999010967447217, ""p75"": 0.9992296205093903, ""p95"": 0.999488757547035, ""p99"": 0.9995598039653306, ""max"": 0.9995847910142771}",0.061732433166185346,0.7506566613917306,"[36, 4096]",0.9821031358506944
O0_vs_O3p,A079,0.9993664660074345,0,0,0.003662109375,0.0004886057676427014,0.11701737674666275,0.00023651123046875,208896,0,0,1.000709835981022,0.03561560420233627,0.0008186457878241354,"[51, 4096]",0.9115157781862745,0.033452052623033524,0.9978828422799575,0,0,153.63671875,0.560989992154396,0.08528410609997597,0.3703799247741699,208896,0,0,0.988807275367713,0.06566733585316147,1.0931604631831862,"[51, 4096]",0.9805309819240197,0.036383550614118576,0.998084002053193,0,0,80.905517578125,0.4760881234119183,0.07946977931968555,0.34171509742736816,151552,0,0,0.9953827610241368,"{""min"": 0.9645026948755486, ""p1"": 0.9760907065120759, ""p5"": 0.9970594386506393, ""p25"": 0.9986752861092192, ""median"": 0.9989233721673907, ""p75"": 0.9991767638129468, ""p95"": 0.9994815057159894, ""p99"": 0.9996305030942771, ""max"": 0.9996739116643103}",0.06193239498500777,0.785852473690356,"[37, 4096]",0.9823822846283784
O0_vs_O3p,A080,0.9992751917170322,0,0,0.003662109375,0.0005148622082872732,0.129253659021362,0.000244140625,200704,0,0,1.000808776410249,0.03809780966013974,0.0008708370256522282,"[49, 4096]",0.8999820631377551,0.03210199996829033,0.997757356466057,0,0,153.63671875,0.546971928580447,0.08592252798045011,0.35681283473968506,200704,0,0,0.9897506326524605,0.0674119072871492,1.0845524302782732,"[49, 4096]",0.9799107142857143,0.03466099500656128,0.997832463534175,0,0,80.905517578125,0.4516112990516766,0.0800313227077613,0.3241232931613922,143360,0,0,1.0001183467831973,"{""min"": 0.9645026948755486, ""p1"": 0.9754469280878244, ""p5"": 0.9974212941762517, ""p25"": 0.9987015530517572, ""median"": 0.9989198694146209, ""p75"": 0.9991533551087032, ""p95"": 0.9993203011481269, ""p99"": 0.9995534251406267, ""max"": 0.9996633606290021}",0.06584527302356775,0.7472105670040207,"[35, 4096]",0.9816196986607143
O0_vs_O3p,A081,0.9995375623485303,0,0,0.003021240234375,0.0004359630665817349,0.09762652919609496,0.00023651123046875,163840,0,0,1.000402944504146,0.030420557861965927,0.0006963997924433984,"[40, 4096]",0.930694580078125,0.03264770656824112,0.9977628335598719,0,0,153.63671875,0.590525138607427,0.08708791309916755,0.3739316463470459,163840,0,0,0.9882688379349313,0.06752380261434562,1.1875196778375217,"[40, 4096]",0.97991943359375,0.03638634458184242,0.9978160952966107,0,0,80.905517578125,0.48560678887168673,0.07978495952678047,0.33404016494750977,106496,0,0,0.9965568010958826,"{""min"": 0.9645026948755486, ""p1"": 0.9725499251786925, ""p5"": 0.9969577959163943, ""p25"": 0.9985786658051806, ""median"": 0.9990664278835057, ""p75"": 0.9992856974529505, ""p95"": 0.9994054085106303, ""p99"": 0.999476797277862, ""max"": 0.9995001071514754}",0.06606531456755009,0.8392533720157908,"[26, 4096]",0.9822246844951923
O0_vs_O3p,A082,0.9996186466194699,0,0,0.003021240234375,0.0004036760367287615,0.08754593064629984,0.00023651123046875,167936,0,0,1.0003375525646314,0.027623869323777753,0.0006358995012681377,"[41, 4096]",0.9392447122713414,0.03482874482870102,0.9980876011335188,0,0,153.63671875,0.6009286717107011,0.08563013744367731,0.38987064361572266,167936,0,0,0.9893930272887699,0.0624238422229831,1.1837729126410257,"[41, 4096]",0.9800281059451219,0.03955982252955437,0.9985282445287348,0,0,80.905517578125,0.5052906113520563,0.07784177996001335,0.3567814826965332,110592,0,0,0.9960794466449417,"{""min"": 0.9645026948755486, ""p1"": 0.9728718143908184, ""p5"": 0.9970389496901665, ""p25"": 0.9986919763317036, ""median"": 0.9991098597094598, ""p75"": 0.9993626181024942, ""p95"": 0.999713636037591, ""p99"": 0.9998127580285374, ""max"": 0.9998445141155644}",0.0542894233662483,0.8467570605768204,"[27, 4096]",0.9823043258101852
O0_vs_O3p,A083,0.9995346558384123,0,0,0.003021240234375,0.0004501297335731839,0.0982716694252065,0.000244140625,172032,0,0,1.0004307906887502,0.030516795959879807,0.0007047906320203083,"[42, 4096]",0.9306756882440477,0.032447449862957,0.9978498079714793,0,0,153.63671875,0.5933760901937907,0.08634785385639714,0.3830888867378235,172032,0,0,0.9880941694708386,0.06626411709090366,1.1780421136502182,"[42, 4096]",0.9800269717261905,0.0358189158141613,0.9980235927146341,0,0,80.905517578125,0.49737738408949944,0.07919651020350964,0.3484077453613281,114688,0,0,0.9946426894473075,"{""min"": 0.9645026948755486, ""p1"": 0.9731937036029441, ""p5"": 0.9971046723379308, ""p25"": 0.9986059186816407, ""median"": 0.9988694865088386, ""p75"": 0.9992602121833728, ""p95"": 0.9994602243852794, ""p99"": 0.9995321788846937, ""max"": 0.9995463515578096}",0.06293122350532943,0.8491966303889269,"[28, 4096]",0.9822213309151786
O0_vs_O3p,A084,0.9994868330265053,0,0,0.003021240234375,0.00048006467511349445,0.10475070417352043,0.0002593994140625,159744,0,0,1.0004416855657507,0.032046565338876204,0.0007323559267155335,"[39, 4096]",0.9261005108173077,0.0323893241584301,0.9977753509716604,0,0,153.63671875,0.5972173856458446,0.08714949664670703,0.37991976737976074,159744,0,0,0.9882194126204428,0.06734734553901547,1.1950671536098871,"[39, 4096]",0.9798677884615384,0.0361328125,0.9978539500343235,0,0,80.905517578125,0.4918499602621887,0.07958891171804656,0.3407686948776245,102400,0,0,0.996593902095993,"{""min"": 0.9645026948755486, ""p1"": 0.9722280359665668, ""p5"": 0.9969607952140909, ""p25"": 0.9987314918683095, ""median"": 0.9991052276474602, ""p75"": 0.9993340754173909, ""p95"": 0.9994599019129089, ""p99"": 0.9994889664104244, ""max"": 0.9994974278247952}",0.06549108429171298,0.8391452064389282,"[25, 4096]",0.982236328125
O0_vs_O3p,A085,0.9995698183486915,0,0,0.003021240234375,0.00042289620712556195,0.09058068584124829,0.00023651123046875,159744,0,0,1.0003997376106486,0.02934053531115797,0.000676771175028896,"[39, 4096]",0.9366110777243589,0.032764922827482224,0.9979425848189399,0,0,153.63671875,0.6090153228831182,0.08757846101751511,0.3912529945373535,159744,0,0,0.988418697719689,0.06481745004527835,1.2080389585732174,"[39, 4096]",0.9800242888621795,0.03671874850988388,0.9982514068025695,0,0,80.905517578125,0.5102547423523356,0.0802580961365072,0.3550853729248047,102400,0,0,0.9951245678820364,"{""min"": 0.9645026948755486, ""p1"": 0.9722280359665668, ""p5"": 0.996966634759352, ""p25"": 0.9987475371750673, ""median"": 0.9992454444095232, ""p75"": 0.9994110778911728, ""p95"": 0.9995353396171207, ""p99"": 0.999567403229349, ""max"": 0.9995726432510986}",0.05919379983010789,0.8676370039406893,"[25, 4096]",0.98248046875
O0_vs_O3p,A086,0.9995446084822881,0,0,0.003021240234375,0.00042675434504720516,0.09506151820900524,0.0002288818359375,147456,0,0,1.0004303585299201,0.03018874305328124,0.0006964752545690961,"[36, 4096]",0.9324001736111112,0.0334879569709301,0.9978477689649228,0,0,153.63671875,0.6124098567643159,0.08794763210661836,0.38213634490966797,147456,0,0,0.9874948971998135,0.06638532914365758,1.2389459489626182,"[36, 4096]",0.9796142578125,0.03844105079770088,0.9980391184763985,0,0,80.905517578125,0.5023420822673704,0.07986396270762965,0.3375391960144043,90112,0,0,0.994032207671216,"{""min"": 0.9645026948755486, ""p1"": 0.9712623683301895, ""p5"": 0.9967628205588851, ""p25"": 0.998679499415126, ""median"": 0.9991984633109517, ""p75"": 0.9994722597001816, ""p95"": 0.9995921633875908, ""p99"": 0.99967963281996, ""max"": 0.9997024742400505}",0.06272139447632101,0.8832897366100748,"[22, 4096]",0.9821444424715909
O0_vs_O3p,A087,0.9995758190191022,0,0,0.003021240234375,0.00042833736580405457,0.09139067588485951,0.000244140625,147456,0,0,1.0003575769970634,0.02913405529320959,0.0006720553897368636,"[36, 4096]",0.9365370008680556,0.0322401262819767,0.9977482776222207,0,0,153.63671875,0.6407332106606797,0.09023462607520599,0.4056156873703003,147456,0,0,0.9870305127098145,0.06792087298179056,1.2688577193744797,"[36, 4096]",0.9787665473090278,0.036399148404598236,0.9977467548966853,0,0,80.905517578125,0.5486893886432385,0.08360631647440936,0.37122154235839844,90112,0,0,0.9926738241281935,"{""min"": 0.9645026948755486, ""p1"": 0.9712623683301895, ""p5"": 0.9967534575200491, ""p25"": 0.9983640610586323, ""median"": 0.998997174261119, ""p75"": 0.9991731149420735, ""p95"": 0.9993387936876482, ""p99"": 0.9993758486125842, ""max"": 0.9993853724196825}",0.0672840822165003,0.9502363152483062,"[22, 4096]",0.9807572798295454
O0_vs_O3p,A088,0.9995048308086532,0,0,0.003021240234375,0.00046342088818930377,0.10303513095710481,0.000244140625,155648,0,0,1.000465728904229,0.031480414789458684,0.0007233646669007811,"[38, 4096]",0.9267192639802632,0.03189247474074364,0.9977719951166963,0,0,153.63671875,0.5970486326278708,0.0889019382461206,0.3731346130371094,155648,0,0,0.9878536555353097,0.0674493826576678,1.2064572647254077,"[38, 4096]",0.9793251439144737,0.0355021171271801,0.9978381141132536,0,0,80.905517578125,0.4871924585927445,0.08204858654509056,0.3300349712371826,98304,0,0,0.995743080376216,"{""min"": 0.9645026948755486, ""p1"": 0.9719061467544411, ""p5"": 0.9968588862164004, ""p25"": 0.9987356399832829, ""median"": 0.9990811936648436, ""p75"": 0.9992489150824924, ""p95"": 0.9996666873767956, ""p99"": 0.9997265080378286, ""max"": 0.9997287841150955}",0.06575322949684391,0.8469398191556715,"[24, 4096]",0.981475830078125
O0_vs_O3p,A089,0.9995481826525399,0,0,0.003021240234375,0.00044610566277469843,0.09839959917239044,0.000244140625,163840,0,0,1.000461213443982,0.030070985704355062,0.0007014496808346324,"[40, 4096]",0.93031005859375,0.03361206129193306,0.9978536142045815,0,0,153.63671875,0.6050679498112913,0.08609169755633031,0.38878369331359863,163840,0,0,0.9890773700357349,0.06606956243661881,1.19976117478721,"[40, 4096]",0.979864501953125,0.03786996752023697,0.9980556950217674,0,0,80.905517578125,0.5079803445699397,0.07825232023010781,0.35395240783691406,106496,0,0,0.9973194516420457,"{""min"": 0.9645026948755486, ""p1"": 0.9725499251786925, ""p5"": 0.9970035529484631, ""p25"": 0.9987015359690687, ""median"": 0.9990214582739727, ""p75"": 0.9992313802121627, ""p95"": 0.9993953513269905, ""p99"": 0.9994668014711827, ""max"": 0.9994852591713589}",0.06233274973022239,0.8656246618317573,"[26, 4096]",0.9821401742788461
O0_vs_O3p,A090,0.9994374595065381,0,0,0.003021240234375,0.0005070382769301517,0.1108988178074304,0.000274658203125,176128,0,0,1.0004951663539308,0.03355418422332374,0.0007721091213126006,"[43, 4096]",0.9213015534156976,0.03347565233707428,0.9979231557448154,0,0,153.63671875,0.593524285742015,0.08651382110218386,0.38591623306274414,176128,0,0,0.9866237189372575,0.06539917813303175,1.1792457216444332,"[43, 4096]",0.9798612372819767,0.03722723573446274,0.9981597776096074,0,0,80.905517578125,0.5009074225266698,0.0796891976249482,0.35457944869995117,118784,0,0,0.9903234529739993,"{""min"": 0.9645026948755486, ""p1"": 0.9735155928150698, ""p5"": 0.9972297528314877, ""p25"": 0.9986752861092192, ""median"": 0.9990500015596249, ""p75"": 0.9992135445443728, ""p95"": 0.9993441978187604, ""p99"": 0.9995615309637367, ""max"": 0.9996449665189996}",0.06114299915880703,0.8650605454214655,"[29, 4096]",0.9818999191810345
O0_vs_O3p,A091,0.9995504720072749,0,0,0.0032958984375,0.0004162831524657425,0.09238217478472795,0.000217437744140625,147456,0,0,1.0003853129624722,0.029992513556800323,0.0006975804797306272,"[36, 4096]",0.9342108832465278,0.03106011264026165,0.9976218938570847,0,0,153.63671875,0.6162432279877268,0.09076776963912073,0.38484787940979004,147456,0,0,0.9866008504184504,0.06979985885000488,1.2443844788711245,"[36, 4096]",0.9789632161458334,0.03446821868419647,0.9973030915091697,0,0,80.905517578125,0.5086148715420429,0.08447873321536076,0.3417168855667114,90112,0,0,0.9931101823469163,"{""min"": 0.9645026948755486, ""p1"": 0.9712623683301895, ""p5"": 0.9967486503098518, ""p25"": 0.9984805969407384, ""median"": 0.9987366950817194, ""p75"": 0.9989676835008102, ""p95"": 0.9992448328488608, ""p99"": 0.9994846831578046, ""max"": 0.9995483514697415}",0.07351274823794664,0.8957125324814791,"[22, 4096]",0.9810791015625
O0_vs_O3p,A092,0.9996402475519026,0,0,0.0032958984375,0.0003884222801010158,0.07917409147866017,0.0002288818359375,196608,0,0,1.000310013389155,0.026829537093437814,0.0006375773845730241,"[48, 4096]",0.9453125,0.0324859619140625,0.997757443350387,0,0,153.63671875,0.5498233450294947,0.08560530452893565,0.3554636240005493,196608,0,0,0.9881651683068832,0.0676172757467411,1.0990817889733213,"[48, 4096]",0.9800771077473959,0.0352783203125,0.9977929601601294,0,0,80.905517578125,0.4528321037583095,0.07941020709172063,0.3206353187561035,139264,0,0,0.9956987631430759,"{""min"": 0.9645026948755486, ""p1"": 0.9751250388756987, ""p5"": 0.9973429656812693, ""p25"": 0.9986330316654851, ""median"": 0.9990103988425467, ""p75"": 0.9991764988708106, ""p95"": 0.9993147729543909, ""p99"": 0.9994844502474138, ""max"": 0.9995483514697415}",0.06643488779273732,0.7648136981590343,"[34, 4096]",0.9819048713235294
O0_vs_O3p,A093,0.999564458336446,0,0,0.0032958984375,0.0004189670582392766,0.09142159923416371,0.0002288818359375,151552,0,0,1.0003705176384008,0.029521913253815965,0.0006930055327928619,"[37, 4096]",0.9350453969594594,0.03126979619264603,0.9976672350380155,0,0,153.63671875,0.6020680664382904,0.08972354758806454,0.37136411666870117,151552,0,0,0.9872091898405035,0.06906126874705966,1.2230149500806244,"[37, 4096]",0.9788653399493243,0.03465735539793968,0.9974843879481433,0,0,80.905517578125,0.49049084454710956,0.08307233410817302,0.3252434730529785,94208,0,0,0.9948491094795371,"{""min"": 0.9645026948755486, ""p1"": 0.9715842575423153, ""p5"": 0.9968104454441683, ""p25"": 0.9986184720341664, ""median"": 0.9989581109656763, ""p75"": 0.999271522903395, ""p95"": 0.999480488539447, ""p99"": 0.9995387066587554, ""max"": 0.999555062148877}",0.07093546709739938,0.8659804293865017,"[23, 4096]",0.9808296535326086
O0_vs_O3p,A094,0.9995796092564264,0,0,0.0032958984375,0.0004062530092716387,0.08881873610872106,0.000217437744140625,155648,0,0,1.0003778984991187,0.02900417253576037,0.0006816412707383229,"[38, 4096]",0.9369924444901315,0.032162316143512726,0.9976873850913643,0,0,153.63671875,0.5929556978129958,0.08834322521667003,0.36872386932373047,155648,0,0,0.9870133011996176,0.06880274483248593,1.2079063463666007,"[38, 4096]",0.979235197368421,0.0359293632209301,0.9975505314745694,0,0,80.905517578125,0.4807119784691925,0.08116395758179383,0.32417750358581543,98304,0,0,0.9939714602767249,"{""min"": 0.9645026948755486, ""p1"": 0.9719061467544411, ""p5"": 0.9968742570634739, ""p25"": 0.998676962959468, ""median"": 0.9990451910789963, ""p75"": 0.9992079260125717, ""p95"": 0.9993997428488828, ""p99"": 0.9995443307774156, ""max"": 0.9995844147071745}",0.07004103729559714,0.8502038126704898,"[24, 4096]",0.9813334147135416
O0_vs_O3p,A095,0.9995517707793004,0,0,0.0032958984375,0.0004505232829295834,0.09380368763238679,0.000244140625,192512,0,0,1.0004068080278736,0.029949768290612723,0.0007126806722857736,"[47, 4096]",0.9341287815824468,0.03235122933983803,0.9978260157345205,0,0,153.63671875,0.5639547204336269,0.08639888510720647,0.36864256858825684,192512,0,0,0.9883031405093289,0.06658774268531899,1.1165873876259287,"[47, 4096]",0.9796220495345744,0.03517104685306549,0.9979675537824505,0,0,80.905517578125,0.47001947959840135,0.08035272799297863,0.33563828468322754,135168,0,0,0.9952627203510763,"{""min"": 0.9645026948755486, ""p1"": 0.9748031496635728, ""p5"": 0.9973615681432214, ""p25"": 0.9986598173013727, ""median"": 0.9988615931014174, ""p75"": 0.9992547021644494, ""p95"": 0.9994970174753843, ""p99"": 0.9995439085128216, ""max"": 0.9995483514697415}",0.06378148415772919,0.788226815169655,"[33, 4096]",0.9813121448863636
O0_vs_O3p,A096,0.9994674757994332,0,0,0.0032958984375,0.00046841982866435255,0.1068305787535737,0.000244140625,151552,0,0,1.0004323527413037,0.03264499665526067,0.0007588783306824851,"[37, 4096]",0.922680004222973,0.03175807744264603,0.9977002583648235,0,0,153.63671875,0.6033573933227917,0.0892416085846746,0.3740222454071045,151552,0,0,0.9872506903247061,0.06858125057906572,1.2234240109184775,"[37, 4096]",0.978931323902027,0.03544285148382187,0.9975999505272068,0,0,80.905517578125,0.4925649791004379,0.08229704092880659,0.33034563064575195,94208,0,0,0.9946224581101906,"{""min"": 0.9645026948755486, ""p1"": 0.9715842575423153, ""p5"": 0.996806140198009, ""p25"": 0.9987182998124644, ""median"": 0.9989821044109232, ""p75"": 0.9992450980741145, ""p95"": 0.9994624870322089, ""p99"": 0.9995370320502559, ""max"": 0.999555062148877}",0.06930515254443595,0.8669094497015434,"[23, 4096]",0.9809358016304348
O0_vs_O3p,A097,0.9995712881693722,0,0,0.0032958984375,0.00042331709923359995,0.08919646037052388,0.00023651123046875,163840,0,0,1.0003943592810027,0.029290225562068402,0.0006911818329034642,"[40, 4096]",0.937335205078125,0.03174438327550888,0.9977312533147478,0,0,153.63671875,0.5848154899050314,0.08885005645089693,0.36701440811157227,163840,0,0,0.9861048914090482,0.06831923923863184,1.1910493166535665,"[40, 4096]",0.979083251953125,0.03499662131071091,0.997681513125121,0,0,80.905517578125,0.4768227139449244,0.08249594929867185,0.3264775276184082,106496,0,0,0.9904369840075419,"{""min"": 0.9645026948755486, ""p1"": 0.9725499251786925, ""p5"": 0.9969756345853515, ""p25"": 0.9985439042760395, ""median"": 0.9989499978954715, ""p75"": 0.9991725123030492, ""p95"": 0.999482067737604, ""p99"": 0.999532216194812, ""max"": 0.9995483514697415}",0.06844035045574261,0.8469134312635734,"[26, 4096]",0.9809382512019231
O0_vs_O3p,A098,0.9995124150660197,0,0,0.0032958984375,0.0004514857668893802,0.09948293846187221,0.000240325927734375,172032,0,0,1.0004133530698813,0.03123689834441692,0.0007295542479164999,"[42, 4096]",0.9288853236607143,0.0335577093064785,0.9978040836803854,0,0,153.63671875,0.5735254335022762,0.08582323285006488,0.3618610203266144,172032,0,0,0.9870417029851432,0.06710319984155985,1.16630585683946,"[42, 4096]",0.9802536737351191,0.0374843068420887,0.9979025988460307,0,0,80.905517578125,0.46760139905222786,0.07840957869401126,0.32174086570739746,114688,0,0,0.992550431778158,"{""min"": 0.9645026948755486, ""p1"": 0.9731937036029441, ""p5"": 0.9970100969015396, ""p25"": 0.9987669422056609, ""median"": 0.9990763291970146, ""p75"": 0.9992600534377796, ""p95"": 0.9994153362125843, ""p99"": 0.9995435723004775, ""max"": 0.9995844147071745}",0.06495420624302145,0.8245387269926968,"[28, 4096]",0.9825613839285714
O0_vs_O3p,A099,0.9995178111793404,0,0,0.0032958984375,0.00047369242839670543,0.0986255214750685,0.0002593994140625,176128,0,0,1.0004406876610064,0.031064398211794512,0.000741892980469169,"[43, 4096]",0.9303801780523255,0.03234579414129257,0.9977492130517528,0,0,153.63671875,0.5737546211099935,0.0872730271134796,0.3647730350494385,176128,0,0,0.9861063688939681,0.06805926589885308,1.1659891574330046,"[43, 4096]",0.9796511627906976,0.035551927983760834,0.9977365993129844,0,0,80.905517578125,0.4715937818653966,0.08081491688307633,0.32719993591308594,118784,0,0,0.9899903122498928,"{""min"": 0.9645026948755486, ""p1"": 0.9735155928150698, ""p5"": 0.9971309457416235, ""p25"": 0.9985351763423905, ""median"": 0.9988312682739401, ""p75"": 0.999078260171969, ""p95"": 0.9995072713426245, ""p99"": 0.9995614472136375, ""max"": 0.9995665400029303}",0.06768813304136745,0.8379923283574158,"[29, 4096]",0.9815884294181034
O0_vs_O3p,A100,0.9994703542994362,0,0,0.0032958984375,0.0004519974069341048,0.10035326023404927,0.0002288818359375,151552,0,0,1.0004588672120902,0.03255745743048056,0.0007570116214584316,"[37, 4096]",0.9275760135135135,0.03156672418117523,0.9976731803441503,0,0,153.63671875,0.5971410710793665,0.09029643225028113,0.3705630302429199,151552,0,0,0.987169204238207,0.0689823074130059,1.2216057640234916,"[37, 4096]",0.9788785367398649,0.035135019570589066,0.9975032917875837,0,0,80.905517578125,0.4825648085349277,0.08399393117347793,0.32457590103149414,94208,0,0,0.9947152370151755,"{""min"": 0.9645026948755486, ""p1"": 0.9715842575423153, ""p5"": 0.9968053721006823, ""p25"": 0.9986503967483731, ""median"": 0.9989657384327, ""p75"": 0.9991865756695659, ""p95"": 0.9994951553685608, ""p99"": 0.9995433489139468, ""max"": 0.999555062148877}",0.0706750035185646,0.8627747490085094,"[23, 4096]",0.980850883152174
R0_vs_O3p,A001,0.9994718108214943,0,0,0.003021240234375,0.00046938164265763284,0.10849527950649215,0.000244140625,122880,0,0,1.0004572067362736,0.03251261875506364,0.0007325989085180075,"[30, 4096]",0.9225179036458333,0.02845865860581398,0.9958106980706405,0,0,325.5107421875,0.7346738517277117,0.09901219828467514,0.43553900718688965,122880,0,0,0.9623635980133936,0.09736406991443868,1.8826444996000047,"[30, 4096]",0.9753173828125,0.0314788818359375,0.9917005230736473,0,0,218.01370239257812,0.652630635835294,0.09466104485194914,0.3919985294342041,65536,0,0,0.9958171815147864,"{""min"": 0.869180132686637, ""p1"": 0.8881611903171249, ""p5"": 0.9640854208390766, ""p25"": 0.9981904229696433, ""median"": 0.9985293857540656, ""p75"": 0.9990084715776538, ""p95"": 0.9992569711344351, ""p99"": 0.9992998524373156, ""max"": 0.9993105727630357}",0.12863521839751385,1.6056290807299147,"[16, 4096]",0.9764862060546875
R0_vs_O3p,A002,0.9995276038964017,0,0,0.003021240234375,0.00042844882984589334,0.10074874256014775,0.00022125244140625,126976,0,0,1.0004000581770194,0.030746222948347824,0.0006918311507907948,"[31, 4096]",0.9279706401209677,0.028501449152827263,0.9958041888732212,0,0,325.5107421875,0.7189469283695226,0.0987315086092761,0.4230121374130249,126976,0,0,0.9624099149216083,0.09741249896857501,1.853150641558178,"[31, 4096]",0.9750819052419355,0.031379252672195435,0.9916833738775992,0,0,218.01370239257812,0.6287782000581501,0.09440514917520537,0.37510764598846436,69632,0,0,0.9959866516325523,"{""min"": 0.869180132686637, ""p1"": 0.8894265941591574, ""p5"": 0.9704124400492392, ""p25"": 0.9981023501654087, ""median"": 0.9988081762931279, ""p75"": 0.9990565432264592, ""p95"": 0.9991816080218561, ""p99"": 0.99920181115201, ""max"": 0.9992068619345486}",0.12877346067485132,1.560116754142929,"[17, 4096]",0.9759880514705882
R0_vs_O3p,A003,0.9994731428661849,0,0,0.003021240234375,0.00045352327624641474,0.10836776817495916,0.0002288818359375,122880,0,0,1.00044513717853,0.032471240538882375,0.0007181208864090486,"[30, 4096]",0.9222005208333334,0.02878418006002903,0.995751512991731,0,0,325.5107421875,0.7291012618679815,0.0991324171978841,0.42954134941101074,122880,0,0,0.9624118967734155,0.09793086532990575,1.8794730617357518,"[30, 4096]",0.975146484375,0.0320892333984375,0.9911973506294801,0,0,218.01370239257812,0.6421820298482999,0.094886455314216,0.38398146629333496,65536,0,0,0.9983940141342065,"{""min"": 0.869180132686637, ""p1"": 0.8881611903171249, ""p5"": 0.9640854208390766, ""p25"": 0.9980307856246363, ""median"": 0.9986707813608082, ""p75"": 0.9990279196815229, ""p95"": 0.9992068113845731, ""p99"": 0.9992121696269991, ""max"": 0.9992135091876055}",0.1325880992800611,1.5986474020178691,"[16, 4096]",0.976165771484375
R0_vs_O3p,A004,0.9994823952148654,0,0,0.003021240234375,0.00046836529148208683,0.10800226059621611,0.000244140625,131072,0,0,1.0004429826668924,0.0321848471148872,0.0007263734978194314,"[32, 4096]",0.923126220703125,0.0283050537109375,0.9958495430245341,0,0,325.5107421875,0.7235578150310857,0.0984147074042661,0.4356088638305664,131072,0,0,0.963833287485197,0.09648175100291004,1.8313765493040761,"[32, 4096]",0.9754257202148438,0.0308702252805233,0.9924589629979071,0,0,218.01370239257812,0.6419847056960053,0.09408230033485819,0.3971078395843506,73728,0,0,0.997985944938728,"{""min"": 0.869180132686637, ""p1"": 0.8906919980011899, ""p5"": 0.9767394592594019, ""p25"": 0.9981161547402445, ""median"": 0.9987741580995321, ""p75"": 0.9990657810616448, ""p95"": 0.99919658304095, ""p99"": 0.9991983246722536, ""max"": 0.9991987600800795}",0.12270189197601132,1.5319611369609045,"[18, 4096]",0.9765489366319444
R0_vs_O3p,A005,0.9994901109685865,0,0,0.003021240234375,0.0004528416413620562,0.1039010937659169,0.00023651123046875,131072,0,0,1.0004239779309527,0.03194354682100862,0.0007133506987876476,"[32, 4096]",0.926116943359375,0.02927398681640625,0.9958822520121084,0,0,325.5107421875,0.7145606165274785,0.09734830897062646,0.42514801025390625,131072,0,0,0.9630785301522151,0.0964086318498136,1.832489907833448,"[32, 4096]",0.9759063720703125,0.0325927734375,0.9925069962789018,0,0,218.01370239257812,0.6259896861340368,0.09218648089727662,0.38151073455810547,73728,0,0,0.9946382933680159,"{""min"": 0.869180132686637, ""p1"": 0.8906919980011899, ""p5"": 0.9767394592594019, ""p25"": 0.9982522457914249, ""median"": 0.9987778815163941, ""p75"": 0.9991257030100433, ""p95"": 0.9993087181599091, ""p99"": 0.999367464418474, ""max"": 0.9993821509831152}",0.1222064023065683,1.534326181385151,"[18, 4096]",0.9774034288194444
R0_vs_O3p,A006,0.9995034067980642,0,0,0.003021240234375,0.00045778803975984124,0.10372607423325762,0.000244140625,135168,0,0,1.0004295240711942,0.03152455379964903,0.0007136686429989405,"[33, 4096]",0.9265062736742424,0.02910452149808407,0.9954162123154359,0,0,282.0137023925781,0.7305272289112591,0.09856925984056565,0.4403432607650757,135168,0,0,0.9706246165398585,0.09879872206000626,1.841093317809311,"[33, 4096]",0.9753196022727273,0.031982421875,0.990566724710335,0,0,282.0137023925781,0.6430979316135467,0.0928895543694153,0.3999364376068115,77824,0,0,0.9952002980920788,"{""min"": 0.8300793520882029, ""p1"": 0.8599529451474386, ""p5"": 0.9794473173843812, ""p25"": 0.998021230257059, ""median"": 0.9985428598242452, ""p75"": 0.9989535113921291, ""p95"": 0.9990837284726972, ""p99"": 0.999095798052803, ""max"": 0.9990988154478294}",0.13710956895462242,1.6961716547741104,"[19, 4096]",0.9766010485197368
R0_vs_O3p,A007,0.9995072041930214,0,0,0.003021240234375,0.00044513499433378455,0.1045525345112548,0.000240325927734375,122880,0,0,1.0004378807328844,0.031404059054075874,0.0007060779648261022,"[30, 4096]",0.9251708984375,0.02736002579331398,0.9957940925670683,0,0,325.5107421875,0.7447585989651998,0.10019818953478353,0.4441671371459961,122880,0,0,0.9624676608709528,0.09749244205642786,1.8979646919883044,"[30, 4096]",0.9746500651041666,0.0294189453125,0.9918473385123248,0,0,218.01370239257812,0.6715395369055841,0.09688477844590242,0.4066413640975952,65536,0,0,0.9943427698839596,"{""min"": 0.869180132686637, ""p1"": 0.8881611903171249, ""p5"": 0.9640854208390766, ""p25"": 0.9979281419751098, ""median"": 0.99847798837847, ""p75"": 0.9987419057808964, ""p95"": 0.9992296656998683, ""p99"": 0.9994083259932335, ""max"": 0.9994529910665748}",0.1274562052775305,1.6390985655798103,"[16, 4096]",0.9752349853515625
R0_vs_O3p,A008,0.999486997123511,0,0,0.003021240234375,0.00045928966755578554,0.10569763566012168,0.000244140625,126976,0,0,1.0004285451442385,0.03204105325520506,0.0007213646768497334,"[31, 4096]",0.9246944304435484,0.028343938291072845,0.9958926200327,0,0,325.5107421875,0.7261002868495604,0.09804149943510392,0.42973756790161133,126976,0,0,0.9625158831128485,0.09649816543241493,1.8588530733132074,"[31, 4096]",0.9754205519153226,0.031092027202248573,0.9924095041302609,0,0,218.01370239257812,0.6418225596393955,0.09314689715171497,0.3858833312988281,69632,0,0,0.9930319979226165,"{""min"": 0.869180132686637, ""p1"": 0.8894265941591574, ""p5"": 0.9704124400492392, ""p25"": 0.9983523096510459, ""median"": 0.9986129439140462, ""p75"": 0.9989990385600335, ""p95"": 0.9992777758090975, ""p99"": 0.9993453579597339, ""max"": 0.999362253497393}",0.12297871202143333,1.5724387906368194,"[17, 4096]",0.9766055836397058
R0_vs_O3p,A009,0.9995050176848899,0,0,0.003021240234375,0.00044896124572088326,0.10222722177838614,0.00023651123046875,135168,0,0,1.000402251959205,0.03147260160951625,0.0007055598213373826,"[33, 4096]",0.9276160037878788,0.02981474995613098,0.99553343028836,0,0,282.0137023925781,0.724489113431804,0.09737853951690349,0.4293462038040161,135168,0,0,0.9703520074215256,0.09771025143703674,1.841582232232325,"[33, 4096]",0.9757412997159091,0.033215973526239395,0.9913334642802658,0,0,282.0137023925781,0.6326106784123878,0.09082146117568637,0.3835024833679199,77824,0,0,0.9921999736316213,"{""min"": 0.8300793520882029, ""p1"": 0.8599529451474386, ""p5"": 0.9794473173843812, ""p25"": 0.9982268130751752, ""median"": 0.9988401866887773, ""p75"": 0.9991235100938147, ""p95"": 0.9993170983728871, ""p99"": 0.9993598917215467, ""max"": 0.9993705900587116}",0.13137242266374763,1.6970932471675102,"[19, 4096]",0.9773334703947368
R0_vs_O3p,A010,0.9994753489601378,0,0,0.003021240234375,0.00045594476828668005,0.10561761746038195,0.0002288818359375,126976,0,0,1.0004628780786506,0.032403734889222574,0.0007202652758190433,"[31, 4096]",0.9247180569556451,0.02881646901369095,0.9958515736984256,0,0,325.5107421875,0.719095377284013,0.09898994051388538,0.4254312515258789,126976,0,0,0.9626746078019505,0.09685222882548906,1.8537297317755916,"[31, 4096]",0.9745542464717742,0.03195369988679886,0.9921025482127294,0,0,218.01370239257812,0.6290489010198679,0.09487640735419871,0.37981414794921875,69632,0,0,0.9953686596672223,"{""min"": 0.869180132686637, ""p1"": 0.8894265941591574, ""p5"": 0.9704124400492392, ""p25"": 0.9980407314867432, ""median"": 0.9986793581720218, ""p75"": 0.999155223910966, ""p95"": 0.9993360095219892, ""p99"": 0.9993561365167076, ""max"": 0.9993611682653872}",0.12547191444240488,1.5613707784861561,"[17, 4096]",0.9750258501838235
R0_vs_O3p,A011,0.9993647809499877,0,0,0.003662109375,0.000522923551189013,0.12185991176138075,0.00026702880859375,172032,0,0,1.0006674263671052,0.03566134436425772,0.0008253511362900507,"[42, 4096]",0.9095633370535714,0.02979096956551075,0.9957696501356538,0,0,282.0137023925781,0.6696703498347406,0.09432473230260809,0.41770362854003906,172032,0,0,0.9723392842136389,0.09482502789852744,1.6605505435582228,"[42, 4096]",0.9770565941220238,0.0320870541036129,0.9932056649525999,0,0,282.0137023925781,0.5799148871301766,0.0883483826782059,0.38228607177734375,114688,0,0,0.9922114981952204,"{""min"": 0.8300793520882029, ""p1"": 0.8748897416770564, ""p5"": 0.9964638814887031, ""p25"": 0.998304954763781, ""median"": 0.9986613906744117, ""p75"": 0.9988931347415322, ""p95"": 0.9990959957157592, ""p99"": 0.9992335538844008, ""max"": 0.9992833886486121}",0.11637652458123161,1.4468850276356982,"[28, 4096]",0.9787946428571429
R0_vs_O3p,A012,0.999361596037349,0,0,0.003662109375,0.0005052531371736067,0.12045636281358675,0.000244140625,167936,0,0,1.000706334899443,0.03575204453299822,0.0008150383407816509,"[41, 4096]",0.9101681592987805,0.029487423598766327,0.9957221089157461,0,0,282.0137023925781,0.6713845225338712,0.09366308446889993,0.41538572311401367,167936,0,0,0.972658298618915,0.09523350860798402,1.6786350313808869,"[41, 4096]",0.9774437881097561,0.0317111536860466,0.993009240587942,0,0,282.0137023925781,0.5791936137212799,0.08712231190759707,0.3775928020477295,110592,0,0,0.9938254449463507,"{""min"": 0.8300793520882029, ""p1"": 0.87323009761821, ""p5"": 0.9964223948643495, ""p25"": 0.9984332260364386, ""median"": 0.9987067483401332, ""p75"": 0.9989132033062744, ""p95"": 0.9992353607019038, ""p99"": 0.999311436347302, ""max"": 0.9993233485352112}",0.11803946076000756,1.4698928370785216,"[27, 4096]",0.9794469762731481
R0_vs_O3p,A013,0.9993473978548149,0,0,0.003662109375,0.0005236099601903776,0.12197781392592177,0.0002593994140625,151552,0,0,1.0006333790937285,0.03614460054499498,0.0008098794019842387,"[37, 4096]",0.9110140413851351,0.02822793461382389,0.9955537249364363,0,0,282.0137023925781,0.6973383133577905,0.09752908984056449,0.4258274435997009,151552,0,0,0.970839322681321,0.09738368674482971,1.7509222002326876,"[37, 4096]",0.976245777027027,0.03007175587117672,0.9917180450692793,0,0,282.0137023925781,0.6049121626445254,0.09220401227743964,0.3863258361816406,94208,0,0,0.9923608717531885,"{""min"": 0.8300793520882029, ""p1"": 0.8665915213828242, ""p5"": 0.9961924996003294, ""p25"": 0.998430075431713, ""median"": 0.9986077293786062, ""p75"": 0.998809532764172, ""p95"": 0.9991729381977539, ""p99"": 0.9992045730043403, ""max"": 0.9992127308288036}",0.12843571275199378,1.563681717343073,"[23, 4096]",0.9778681216032609
R0_vs_O3p,A014,0.9993310026021021,0,0,0.003662109375,0.0005221693378795559,0.12528756983903097,0.00025177001953125,159744,0,0,1.000698218555979,0.03659803980737319,0.000834439498486268,"[39, 4096]",0.9062374799679487,0.02971629612147808,0.995758760106274,0,0,282.0137023925781,0.683741535412432,0.09464310465726171,0.4184916019439697,159744,0,0,0.972153436456218,0.09498264565824567,1.7133644730989597,"[39, 4096]",0.9769944411057693,0.032246094197034836,0.9930542707494436,0,0,282.0137023925781,0.5910952811068273,0.08812788159653731,0.3800673484802246,102400,0,0,0.992553086684592,"{""min"": 0.8300793520882029, ""p1"": 0.8699108095005171, ""p5"": 0.9963409706679213, ""p25"": 0.9985098379122556, ""median"": 0.9987547275107247, ""p75"": 0.9990110726147986, ""p95"": 0.9991974748285165, ""p99"": 0.9992658946165086, ""max"": 0.9992872860370379}",0.11765826163834689,1.5138619526897945,"[25, 4096]",0.97890625
R0_vs_O3p,A015,0.9992535122121701,0,0,0.003662109375,0.0005624311157540384,0.13466304981357,0.000274658203125,151552,0,0,1.0008062889982008,0.038663024291813154,0.0008737801080737735,"[37, 4096]",0.8990511507601351,0.028861381113529205,0.995628548357765,0,0,282.0137023925781,0.7042875122530637,0.09747753443560284,0.429831326007843,151552,0,0,0.9709432648789297,0.0966082652542726,1.7591456738600382,"[37, 4096]",0.9759224556587838,0.03109077736735344,0.9922611703318845,0,0,282.0137023925781,0.6160913086934433,0.09212107532163173,0.39119017124176025,94208,0,0,0.9909358073958894,"{""min"": 0.8300793520882029, ""p1"": 0.8665915213828242, ""p5"": 0.9961745200032336, ""p25"": 0.9980396897677735, ""median"": 0.998584262326851, ""p75"": 0.9988669785113307, ""p95"": 0.9992512289200877, ""p99"": 0.9994002625551953, ""max"": 0.9994411282163338}",0.12417538579972573,1.5784598296034809,"[23, 4096]",0.9773479959239131
R0_vs_O3p,A016,0.9993939561490878,0,0,0.003662109375,0.000492845483000938,0.1198224694498496,0.000244140625,159744,0,0,1.000684955864755,0.03483370627627371,0.0008022754128440335,"[39, 4096]",0.9100999098557693,0.02865835279226303,0.9957013225341992,0,0,282.0137023925781,0.6976032454989857,0.09670648743778686,0.43184351921081543,159744,0,0,0.9714979527703566,0.09573233211184444,1.7286693131260222,"[39, 4096]",0.9762369791666666,0.030595703050494194,0.9928524667454821,0,0,282.0137023925781,0.6127195488418511,0.09134675873415647,0.39835500717163086,102400,0,0,0.9904643330857463,"{""min"": 0.8300793520882029, ""p1"": 0.8699108095005171, ""p5"": 0.9961866642498339, ""p25"": 0.9982080743822359, ""median"": 0.998491162770583, ""p75"": 0.9988245554784578, ""p95"": 0.9990737599745941, ""p99"": 0.9991021054479005, ""max"": 0.9991031443952914}",0.11937203382613487,1.540765544490332,"[25, 4096]",0.977724609375
R0_vs_O3p,A017,0.9992894331081256,0,0,0.003662109375,0.0005265326848555358,0.13014067590000458,0.000244140625,147456,0,0,1.0007727938291433,0.03772040876593716,0.0008466366721819796,"[36, 4096]",0.9017740885416666,0.02952066995203495,0.9955040692417041,0,0,282.0137023925781,0.687372577485803,0.09673239138400508,0.4082369804382324,147456,0,0,0.97038347916762,0.09799332716506243,1.7655804135919464,"[36, 4096]",0.9761691623263888,0.03227095305919647,0.9911853458106504,0,0,282.0137023925781,0.5844034061852157,0.09065827491383673,0.3596994876861572,90112,0,0,0.9925619761175549,"{""min"": 0.8300793520882029, ""p1"": 0.8649318773239778, ""p5"": 0.9961118401337662, ""p25"": 0.9983665418080347, ""median"": 0.9988843566041047, ""p75"": 0.9990696840901391, ""p95"": 0.9991714353921684, ""p99"": 0.9992948532303982, ""max"": 0.9993275395713842}",0.13248964246771233,1.581530134977988,"[22, 4096]",0.9778164950284091
R0_vs_O3p,A018,0.9993849576486056,0,0,0.003662109375,0.000490461366981825,0.11661276416327175,0.000244140625,143360,0,0,1.0005937447462483,0.03508799783319201,0.0007815238245243673,"[35, 4096]",0.9144112723214286,0.0281808041036129,0.9954635302258732,0,0,282.0137023925781,0.7113781806243683,0.0980015751733914,0.42882227897644043,143360,0,0,0.9701096903274435,0.09846409085467346,1.7996477733535179,"[35, 4096]",0.9759207589285714,0.0301688052713871,0.9910177768170351,0,0,282.0137023925781,0.6195094508780347,0.092484337588044,0.38754546642303467,86016,0,0,0.9915268561508852,"{""min"": 0.8300793520882029, ""p1"": 0.8632722332651315, ""p5"": 0.9960437579728454, ""p25"": 0.9980689849823754, ""median"": 0.9984058571895322, ""p75"": 0.9989279557869818, ""p95"": 0.9990988154478294, ""p99"": 0.9992339912412876, ""max"": 0.9992677851896522}",0.13373116762516424,1.6353386017578277,"[21, 4096]",0.9774809337797619
R0_vs_O3p,A019,0.999424061046336,0,0,0.003662109375,0.0004935514249442157,0.11381374705501575,0.00025177001953125,155648,0,0,1.0005873836049324,0.03395437410739409,0.0007753714109066212,"[38, 4096]",0.9171656558388158,0.029798006638884544,0.9956391003002881,0,0,282.0137023925781,0.686333083828925,0.09589749579133551,0.41725754737854004,155648,0,0,0.9709234083005394,0.0965072400613465,1.7371080944806254,"[38, 4096]",0.9764918277138158,0.0324808768928051,0.992329469898105,0,0,282.0137023925781,0.591338305503541,0.08984253326462394,0.37719202041625977,98304,0,0,0.9906425682775949,"{""min"": 0.8300793520882029, ""p1"": 0.8682511654416707, ""p5"": 0.9962312654350015, ""p25"": 0.9979883920564432, ""median"": 0.9984496642255974, ""p75"": 0.9989405630871666, ""p95"": 0.9992386350948309, ""p99"": 0.9994168711764115, ""max"": 0.9994627403530769}",0.12363279827304614,1.547471696270494,"[24, 4096]",0.9781901041666666
R0_vs_O3p,A020,0.9993366558784342,0,0,0.003662109375,0.0005288179620551184,0.1263402138459203,0.0002593994140625,159744,0,0,1.000742655033649,0.036444822009888335,0.0008377893704271346,"[39, 4096]",0.9054048978365384,0.02972881682217121,0.9956908879153024,0,0,282.0137023925781,0.6800899808604299,0.09444503314422577,0.41583919525146484,159744,0,0,0.9712003931556829,0.09591371151199926,1.7168305522699774,"[39, 4096]",0.9770069611378205,0.03226562589406967,0.9926527701122556,0,0,282.0137023925781,0.5853988560057042,0.0878188900362012,0.37690210342407227,102400,0,0,0.9905922599141234,"{""min"": 0.8300793520882029, ""p1"": 0.8699108095005171, ""p5"": 0.9963780550879316, ""p25"": 0.9983224477837749, ""median"": 0.9986013892087195, ""p75"": 0.9987867615915205, ""p95"": 0.9991268180682321, ""p99"": 0.9992646279469777, ""max"": 0.9993059361228656}",0.12101538617358586,1.5199754480742425,"[25, 4096]",0.97892578125
R0_vs_O3p,A021,0.999394770052313,0,0,0.003662109375,0.0005115392126332686,0.11881435100314783,0.000263214111328125,167936,0,0,1.0005759617271288,0.03480644776269344,0.0008021813886362314,"[41, 4096]",0.9129251619664634,0.030136480927467346,0.9958437730802941,0,0,282.0137023925781,0.6736341388133019,0.094812538024787,0.4170064926147461,167936,0,0,0.973154220752442,0.09386157574877514,1.6787942531829536,"[41, 4096]",0.9766994569359756,0.03269675746560097,0.9935867071254605,0,0,282.0137023925781,0.5826096977011561,0.08886777841838855,0.3798644542694092,110592,0,0,0.9934880258757011,"{""min"": 0.8300793520882029, ""p1"": 0.87323009761821, ""p5"": 0.9963174868670277, ""p25"": 0.9984334918602527, ""median"": 0.9987459824476771, ""p75"": 0.9989241673719332, ""p95"": 0.9992813344334336, ""p99"": 0.9993047044403741, ""max"": 0.9993086563330211}",0.11307283122648594,1.4701689412991648,"[27, 4096]",0.9783166956018519
R0_vs_O3p,A022,0.9995049680824041,0,0,0.003021240234375,0.00046652874833566065,0.1044404772303212,0.000244140625,155648,0,0,1.0004272549763051,0.03147490098009536,0.0007131881978268843,"[38, 4096]",0.9266036184210527,0.028937088325619698,0.9956327610250736,0,0,282.0137023925781,0.6912015495610447,0.09658838593615673,0.42453575134277344,155648,0,0,0.9711894185720777,0.09650327540484535,1.7342980609937781,"[38, 4096]",0.9762027138157895,0.03111775778234005,0.992298119407822,0,0,282.0137023925781,0.5990467095793974,0.09093644266059082,0.3863818645477295,98304,0,0,0.9917054903248339,"{""min"": 0.8300793520882029, ""p1"": 0.8682511654416707, ""p5"": 0.9962998756743897, ""p25"": 0.9980879148536319, ""median"": 0.9985473629347996, ""p75"": 0.9988457193836804, ""p95"": 0.9991329322464751, ""p99"": 0.9992652036424966, ""max"": 0.9993029149157875}",0.12387410314076822,1.5424732095397982,"[24, 4096]",0.9777323404947916
R0_vs_O3p,A023,0.9995208444819365,0,0,0.003021240234375,0.0004608492059820232,0.10179431507730188,0.000244140625,143360,0,0,1.0004247297470161,0.030966085556451355,0.0007126193519457958,"[35, 4096]",0.9281808035714286,0.02924804762005806,0.9955422404782899,0,0,282.0137023925781,0.7167134030246026,0.09771770514018734,0.43245434761047363,143360,0,0,0.9706115673155999,0.09755606535634959,1.7997961735119372,"[35, 4096]",0.9757254464285714,0.0319475457072258,0.9916070230924054,0,0,282.0137023925781,0.6284014882117585,0.09201122086603722,0.39238929748535156,86016,0,0,0.9918769436531876,"{""min"": 0.8300793520882029, ""p1"": 0.8632722332651315, ""p5"": 0.9960437579728454, ""p25"": 0.9981736485545685, ""median"": 0.9985756916073858, ""p75"": 0.9989344621373623, ""p95"": 0.9991386298799453, ""p99"": 0.9993141882937647, ""max"": 0.9993580778972195}",0.12928876444195422,1.6356107745484987,"[21, 4096]",0.9771554129464286
R0_vs_O3p,A024,0.9992587915582807,0,0,0.003662109375,0.0005607786485331705,0.13433428533769542,0.000274658203125,167936,0,0,1.0007805852244207,0.03852510025226657,0.0008755705607034229,"[41, 4096]",0.899193740472561,0.029201600700616837,0.9959438289107395,0,0,282.0137023925781,0.6797423492393048,0.09511392911593293,0.42432546615600586,167936,0,0,0.972572865835,0.09296285048180937,1.683130142737494,"[41, 4096]",0.9769078696646342,0.0312771275639534,0.9939572537377981,0,0,282.0137023925781,0.5918851283480493,0.0893254463716102,0.3899555206298828,110592,0,0,0.9905847320877027,"{""min"": 0.8300793520882029, ""p1"": 0.87323009761821, ""p5"": 0.996510886835892, ""p25"": 0.9984481839258398, ""median"": 0.9988379791535766, ""p75"": 0.9990916092597547, ""p95"": 0.9994013551710913, ""p99"": 0.9994901697941179, ""max"": 0.999505338498127}",0.10981963232635379,1.4776779278547705,"[27, 4096]",0.9786331741898148
R0_vs_O3p,A025,0.999462261963467,0,0,0.003021240234375,0.0004750470533407578,0.10899374175787654,0.000244140625,147456,0,0,1.0004494258439596,0.03280489907615877,0.0007470609435871405,"[36, 4096]",0.9217868381076388,0.0284288190305233,0.9956230288002915,0,0,282.0137023925781,0.704160025201165,0.09624778014410262,0.4261009693145752,147456,0,0,0.9699423618207285,0.09692410009408838,1.7839905727808811,"[36, 4096]",0.9763454861111112,0.030484287068247795,0.992105016234727,0,0,282.0137023925781,0.61187377517399,0.08986527470308724,0.38523149490356445,90112,0,0,0.9880418073130423,"{""min"": 0.8300793520882029, ""p1"": 0.8649318773239778, ""p5"": 0.9961053322843393, ""p25"": 0.9981944679478686, ""median"": 0.9985928140992033, ""p75"": 0.9989561539684504, ""p95"": 0.9990987118958803, ""p99"": 0.9992052089608702, ""max"": 0.9992334907807924}",0.12547568062630154,1.6149832605573875,"[22, 4096]",0.9781050248579546
R0_vs_O3p,A026,0.9994739063027268,0,0,0.003662109375,0.0004619163316444453,0.10846893716372911,0.000244140625,151552,0,0,1.0004832059278725,0.03244887217918329,0.0007506074263304475,"[37, 4096]",0.9204497466216216,0.028788799419999123,0.995691857011906,0,0,282.0137023925781,0.7008256563747489,0.0960935034846013,0.4276862144470215,151552,0,0,0.9710554992168751,0.09594100273390073,1.7598428004271671,"[37, 4096]",0.9765493032094594,0.030974015593528748,0.9926120625799519,0,0,282.0137023925781,0.6105222361935454,0.0898945907482814,0.389068603515625,94208,0,0,0.9903673222657083,"{""min"": 0.8300793520882029, ""p1"": 0.8665915213828242, ""p5"": 0.9961742907959094, ""p25"": 0.9983889132433758, ""median"": 0.9987804581336058, ""p75"": 0.9989926471826475, ""p95"": 0.9991417548527097, ""p99"": 0.9991502363462221, ""max"": 0.9991512828829858}",0.12135209961040169,1.5797094208248215,"[23, 4096]",0.9783564028532609
R0_vs_O3p,A027,0.9992849690282157,0,0,0.003662109375,0.0005463694535592367,0.12996113144986365,0.0002593994140625,155648,0,0,1.0006745113623747,0.03783492437122487,0.0008628385084555954,"[38, 4096]",0.9032046669407895,0.029720908030867577,0.995780731451826,0,0,282.0137023925781,0.6847978345256132,0.09537337811151665,0.4171295166015625,155648,0,0,0.9719970099231576,0.09479662588415291,1.7308545319626594,"[38, 4096]",0.9764725534539473,0.0323588065803051,0.9930962288980336,0,0,282.0137023925781,0.5889074941066307,0.08901268027157742,0.3764667510986328,98304,0,0,0.9921899131348628,"{""min"": 0.8300793520882029, ""p1"": 0.8682511654416707, ""p5"": 0.9962763073524128, ""p25"": 0.9984427670679039, ""median"": 0.998818336921564, ""p75"": 0.998964074758615, ""p95"": 0.999411155353713, ""p99"": 0.9994460348681805, ""max"": 0.9994485081378459}",0.11730601671170802,1.5363367824228602,"[24, 4096]",0.9781595865885416
R0_vs_O3p,A028,0.9994547523131151,0,0,0.003021240234375,0.00047879237834942093,0.11082020408683893,0.000244140625,143360,0,0,1.0004763549229732,0.03303394845643703,0.0007547906143324228,"[35, 4096]",0.9201520647321428,0.0284598208963871,0.9955762196629127,0,0,282.0137023925781,0.7164395005622022,0.09779919506886886,0.4315453767776489,143360,0,0,0.9703350851400222,0.09728877485972777,1.8036226951207968,"[35, 4096]",0.9757882254464286,0.03063383512198925,0.9918207063680896,0,0,282.0137023925781,0.6279449841077578,0.09214703741383973,0.3907186985015869,86016,0,0,0.9902348274766597,"{""min"": 0.8300793520882029, ""p1"": 0.8632722332651315, ""p5"": 0.9960437579728454, ""p25"": 0.998177873067222, ""median"": 0.9987055444811951, ""p75"": 0.9988961530250032, ""p95"": 0.9991750440013158, ""p99"": 0.9992766230141622, ""max"": 0.9993020177673738}",0.12764874238065316,1.6426209360135808,"[21, 4096]",0.9772600446428571
R0_vs_O3p,A029,0.9994086553736753,0,0,0.003021240234375,0.0005099756311234447,0.11808270081820832,0.00026702880859375,155648,0,0,1.000543343264018,0.03440388176921843,0.0007874940175260997,"[38, 4096]",0.9144672594572368,0.029136255383491516,0.9957657143840869,0,0,282.0137023925781,0.6953527323195502,0.096348858623915,0.42644381523132324,155648,0,0,0.9708245053617728,0.09525075309226275,1.7462834187208613,"[38, 4096]",0.9764147306743421,0.03143310546875,0.9930353582054766,0,0,282.0137023925781,0.6056194156136977,0.0905571910828748,0.3875751495361328,98304,0,0,0.988214800392292,"{""min"": 0.8300793520882029, ""p1"": 0.8682511654416707, ""p5"": 0.9962310597788413, ""p25"": 0.9981661662073518, ""median"": 0.9986765209389221, ""p75"": 0.998927675915517, ""p95"": 0.9991944241608698, ""p99"": 0.9991983164757989, ""max"": 0.9991988093159075}",0.11791528794584175,1.5637371767205699,"[24, 4096]",0.9780680338541666
R0_vs_O3p,A030,0.9994560080520946,0,0,0.003021240234375,0.00048143328683311533,0.10975828519452566,0.000244140625,143360,0,0,1.0005248510591749,0.03299743011123149,0.0007546148019812461,"[35, 4096]",0.9212681361607142,0.02913643978536129,0.9956245221499864,0,0,282.0137023925781,0.7156665409070099,0.09757167885159233,0.4330620765686035,143360,0,0,0.9711272252531201,0.09660190706639962,1.799556003071605,"[35, 4096]",0.9756417410714285,0.031761534512043,0.9921580571304418,0,0,282.0137023925781,0.6266567180157706,0.09176784371837884,0.39332151412963867,86016,0,0,0.9922173102527777,"{""min"": 0.8300793520882029, ""p1"": 0.8632722332651315, ""p5"": 0.9960437579728454, ""p25"": 0.9983188728505449, ""median"": 0.9985224828541586, ""p75"": 0.9990988154478294, ""p95"": 0.9991955284383229, ""p99"": 0.9992520870512444, ""max"": 0.9992662267044747}",0.12498957229336817,1.6351702793564158,"[21, 4096]",0.9770159040178571
R0_vs_O3p,A031,0.9995174100063517,0,0,0.003021240234375,0.00044377324239734884,0.10156719458714372,0.0002288818359375,135168,0,0,1.0003771656773581,0.031075493141830904,0.0007047316780982123,"[33, 4096]",0.9278823390151515,0.02817234769463539,0.9954531651818328,0,0,282.0137023925781,0.7358662210776167,0.09939996378744677,0.44385647773742676,135168,0,0,0.9698947785850579,0.0986216358356622,1.848081047601062,"[33, 4096]",0.9752456202651515,0.030363384634256363,0.9908166985590828,0,0,282.0137023925781,0.6523709180077467,0.09433235596136673,0.4053463935852051,77824,0,0,0.9914492585577733,"{""min"": 0.8300793520882029, ""p1"": 0.8599529451474386, ""p5"": 0.9794473173843812, ""p25"": 0.9981868524331332, ""median"": 0.9984745071601263, ""p75"": 0.9989035554308032, ""p95"": 0.9990586848537671, ""p99"": 0.9990986015176112, ""max"": 0.9991085806835722}",0.13521342384774684,1.7093192371632142,"[19, 4096]",0.9764725534539473
R0_vs_O3p,A032,0.9994845704741898,0,0,0.003021240234375,0.00045200635429043154,0.10613326555850552,0.0002288818359375,126976,0,0,1.0004172311359985,0.032116401416322306,0.000717904972511125,"[31, 4096]",0.9242534022177419,0.028304561972618103,0.9957985010419094,0,0,325.5107421875,0.727101540910465,0.09928445481533055,0.43390893936157227,126976,0,0,0.962469491120616,0.09744828487469866,1.8584058270632478,"[31, 4096]",0.9748298891129032,0.03102022036910057,0.9917434279798065,0,0,218.01370239257812,0.643648375868104,0.09541346284506935,0.39374470710754395,69632,0,0,0.9955235719727931,"{""min"": 0.869180132686637, ""p1"": 0.8894265941591574, ""p5"": 0.9704124400492392, ""p25"": 0.9981041640503683, ""median"": 0.9985626662313772, ""p75"": 0.9988367909435991, ""p95"": 0.9991963548779557, ""p99"": 0.9992631927578626, ""max"": 0.9992799022278394}",0.12829365747171464,1.5714744916027215,"[17, 4096]",0.9755284926470589
R0_vs_O3p,A033,0.9995219866222528,0,0,0.003021240234375,0.00044710255535089044,0.0996516292859289,0.00023651123046875,147456,0,0,1.0004151982370444,0.03092888755992416,0.0007031147867251366,"[36, 4096]",0.9298502604166666,0.02880859375,0.9954648358085192,0,0,282.0137023925781,0.6998743747302191,0.09716733270604541,0.42670774459838867,147456,0,0,0.9715795524012854,0.09808296198709844,1.7659232859338045,"[36, 4096]",0.9762437608506944,0.031105734407901764,0.991147145527498,0,0,282.0137023925781,0.6048608925851692,0.0913699970771754,0.38452577590942383,90112,0,0,0.9970493085289946,"{""min"": 0.8300793520882029, ""p1"": 0.8649318773239778, ""p5"": 0.996115292954706, ""p25"": 0.9983661633779866, ""median"": 0.9985760766717473, ""p75"": 0.9989889340139624, ""p95"": 0.9992305031623624, ""p99"": 0.999268082929371, ""max"": 0.9992776237770344}",0.13289910248301193,1.582156429321177,"[22, 4096]",0.9779385653409091
R0_vs_O3p,A034,0.9993372757996173,0,0,0.003662109375,0.0005087496713827022,0.12699943717056741,0.000244140625,131072,0,0,1.0006380222116222,0.036423908887271754,0.0008304727471887077,"[32, 4096]",0.904449462890625,0.028289794921875,0.9957702632610249,0,0,325.5107421875,0.7233896643309663,0.09956120439716137,0.435589075088501,131072,0,0,0.9630607019874602,0.09752691015191119,1.8330782799430558,"[32, 4096]",0.9750900268554688,0.03084309957921505,0.991761133975734,0,0,218.01370239257812,0.6416857711180152,0.09612051721111646,0.39778852462768555,73728,0,0,0.9976429758476523,"{""min"": 0.869180132686637, ""p1"": 0.8906919980011899, ""p5"": 0.9767394592594019, ""p25"": 0.9978564170991138, ""median"": 0.9986863640236099, ""p75"": 0.9990281583295666, ""p95"": 0.9992270593319811, ""p99"": 0.9992714194451068, ""max"": 0.9992825094733881}",0.12823591228268863,1.5355751353720615,"[18, 4096]",0.9759521484375
R0_vs_O3p,A035,0.9994880368429536,0,0,0.003021240234375,0.0004538944361608325,0.10646381888763796,0.000232696533203125,122880,0,0,1.0004154804818848,0.03200819206893766,0.0007229878289023162,"[30, 4096]",0.92373046875,0.02804362028837204,0.9957698859824041,0,0,325.5107421875,0.7424034618862303,0.100767172236572,0.44441866874694824,122880,0,0,0.9628923508443381,0.09758722502123787,1.8871610929531035,"[30, 4096]",0.9741373697916667,0.03070068359375,0.9916178400350374,0,0,218.01370239257812,0.6671236548825163,0.09795162101175577,0.408397912979126,65536,0,0,0.9980811484385396,"{""min"": 0.869180132686637, ""p1"": 0.8881611903171249, ""p5"": 0.9640854208390766, ""p25"": 0.9977706747227436, ""median"": 0.9984786290294916, ""p75"": 0.9989582080729369, ""p95"": 0.9991878015295065, ""p99"": 0.9992791768734474, ""max"": 0.9993020207094325}",0.12936705020895686,1.615540085478836,"[16, 4096]",0.974273681640625
R0_vs_O3p,A036,0.9994940831593461,0,0,0.003021240234375,0.00045159908557934614,0.10441989754897921,0.00023651123046875,131072,0,0,1.000429887100177,0.03181907381546752,0.0007145921908439978,"[32, 4096]",0.9256515502929688,0.0287628173828125,0.9958742570625165,0,0,325.5107421875,0.726459923358334,0.09754493430031215,0.43926024436950684,131072,0,0,0.9641275904334875,0.09613695939770854,1.833839141082775,"[32, 4096]",0.976165771484375,0.0316840261220932,0.9927032310798247,0,0,218.01370239257812,0.647144009388891,0.09253603703894009,0.40377354621887207,73728,0,0,0.9978077993604672,"{""min"": 0.869180132686637, ""p1"": 0.8906919980011899, ""p5"": 0.9767394592594019, ""p25"": 0.997990014737992, ""median"": 0.9985505423465241, ""p75"": 0.9991185115137617, ""p95"": 0.9993463451138295, ""p99"": 0.9993508452523678, ""max"": 0.9993519702870024}",0.12069114143551922,1.5371893256795304,"[18, 4096]",0.9778645833333334
R0_vs_O3p,A037,0.9994818859238702,0,0,0.003021240234375,0.0004567033285098887,0.10672121422201997,0.00023651123046875,131072,0,0,1.0004434366901445,0.0322006877246408,0.0007190517198416887,"[32, 4096]",0.923858642578125,0.02800750732421875,0.9957937772030323,0,0,325.5107421875,0.7253860063385673,0.09840556059337799,0.4362468719482422,131072,0,0,0.9626463023831935,0.09743463640128144,1.836647525258449,"[32, 4096]",0.9752731323242188,0.03034125454723835,0.9918744282206468,0,0,218.01370239257812,0.6452348235759726,0.09406603933772376,0.39934587478637695,73728,0,0,0.995079465779381,"{""min"": 0.869180132686637, ""p1"": 0.8906919980011899, ""p5"": 0.9767394592594019, ""p25"": 0.9977711925367869, ""median"": 0.9984405320813309, ""p75"": 0.9989420696567143, ""p95"": 0.9990744177583049, ""p99"": 0.9991580896906188, ""max"": 0.9991790076736973}",0.12726111310105023,1.5431385547923717,"[18, 4096]",0.9762776692708334
R0_vs_O3p,A038,0.9995171463838868,0,0,0.003021240234375,0.00043844521215419263,0.10198669322373093,0.0002288818359375,131072,0,0,1.000397002201584,0.031084533628032655,0.00070297100799092,"[32, 4096]",0.9272918701171875,0.0289459228515625,0.9959759010485222,0,0,325.5107421875,0.7190678871941714,0.09692231611105766,0.4290127754211426,131072,0,0,0.9626266341412123,0.09562519612445672,1.839150753633444,"[32, 4096]",0.9759521484375,0.0320095494389534,0.9930484793146771,0,0,218.01370239257812,0.6340026117637131,0.09142916025804322,0.3869575262069702,73728,0,0,0.990213655731656,"{""min"": 0.869180132686637, ""p1"": 0.8906919980011899, ""p5"": 0.9767394592594019, ""p25"": 0.9983470022781169, ""median"": 0.998705708063341, ""p75"": 0.9988560286492627, ""p95"": 0.9992180405669419, ""p99"": 0.9992742072259878, ""max"": 0.9992882488907493}",0.11774019685542388,1.5484297133411524,"[18, 4096]",0.9774848090277778
R0_vs_O3p,A039,0.9994314247048964,0,0,0.003662109375,0.00047306501762571263,0.11394858005751687,0.000244140625,139264,0,0,1.0005714384305966,0.03373613705858573,0.0007662282948579057,"[34, 4096]",0.9158361098345589,0.030194450169801712,0.9956046508751997,0,0,282.0137023925781,0.7190428048740133,0.09664996218141421,0.4293334484100342,139264,0,0,0.9708940489844451,0.09686068862792373,1.827238471418045,"[34, 4096]",0.9761029411764706,0.03369140625,0.9920308284540016,0,0,282.0137023925781,0.6279458756151144,0.08991073362241539,0.3864203691482544,81920,0,0,0.9917103575956344,"{""min"": 0.8300793520882029, ""p1"": 0.861612589206285, ""p5"": 0.9877455376786133, ""p25"": 0.9980906359171259, ""median"": 0.9986167178378195, ""p75"": 0.9989652638199065, ""p95"": 0.9992295617462621, ""p99"": 0.9994364161904209, ""max"": 0.9994881298014606}",0.12599578603444858,1.6781622399851535,"[20, 4096]",0.97786865234375
R0_vs_O3p,A040,0.999519267456428,0,0,0.003021240234375,0.00043955571445053465,0.1018506524291181,0.0002288818359375,131072,0,0,1.0003686598171861,0.031015406667465707,0.0007033645537921197,"[32, 4096]",0.9274749755859375,0.02822113037109375,0.9958033436374457,0,0,325.5107421875,0.7328925893193627,0.0987359779740714,0.4430389404296875,131072,0,0,0.9641624371311256,0.09683412500263673,1.8492451934620013,"[32, 4096]",0.9752273559570312,0.03072102926671505,0.9924594222002469,0,0,218.01370239257812,0.6585798599862756,0.09465344801451205,0.41029930114746094,73728,0,0,0.9976424067000547,"{""min"": 0.869180132686637, ""p1"": 0.8906919980011899, ""p5"": 0.9767394592594019, ""p25"": 0.9979543040520877, ""median"": 0.9984908739281193, ""p75"": 0.9987689831599428, ""p95"": 0.9991018039606239, ""p99"": 0.9991853377057588, ""max"": 0.9992062211420425}",0.12268316353223659,1.5696577068353852,"[18, 4096]",0.9761962890625
R0_vs_O3p,A041,0.9995215027163799,0,0,0.003021240234375,0.0004551721521798194,0.09834629159575244,0.000244140625,159744,0,0,1.0003974892360035,0.03094402947213472,0.0007057246560408545,"[39, 4096]",0.9313651842948718,0.031043419614434242,0.9956976833412532,0,0,282.0137023925781,0.6657091406174377,0.09387771616339845,0.40059852600097656,159744,0,0,0.9718031673882224,0.095692587390516,1.7083426136981958,"[39, 4096]",0.9770445212339743,0.03431640565395355,0.99267236023204,0,0,282.0137023925781,0.5629647452266363,0.08693387554611051,0.3552476167678833,102400,0,0,0.992811383977783,"{""min"": 0.8300793520882029, ""p1"": 0.8699108095005171, ""p5"": 0.9962802136838748, ""p25"": 0.9982596499221044, ""median"": 0.9987786383736434, ""p75"": 0.999065881912076, ""p95"": 0.999187237138784, ""p99"": 0.9992472912194948, ""max"": 0.9992640869922645}",0.12083709926572046,1.5049823965870786,"[25, 4096]",0.978984375
R0_vs_O3p,A042,0.9994836262113365,0,0,0.003021240234375,0.00047452804565434944,0.10456064422790802,0.000244140625,147456,0,0,1.0004048484963033,0.03214544424854239,0.0007293143468887691,"[36, 4096]",0.9263237847222222,0.02970377542078495,0.9955305394040395,0,0,282.0137023925781,0.692494283050059,0.09645133460028917,0.4143402576446533,147456,0,0,0.9719437010147828,0.09734107077233446,1.7660973813492176,"[36, 4096]",0.9759928385416666,0.032570578157901764,0.9916289097837541,0,0,282.0137023925781,0.5927843789267254,0.09019836381321068,0.36916637420654297,90112,0,0,0.9969454442255865,"{""min"": 0.8300793520882029, ""p1"": 0.8649318773239778, ""p5"": 0.9961218370213658, ""p25"": 0.9983092963978509, ""median"": 0.9985773932975974, ""p75"": 0.9989705198269744, ""p95"": 0.999367204990614, ""p99"": 0.9994100199199902, ""max"": 0.9994200584235887}",0.12922991456916652,1.582474385550605,"[22, 4096]",0.9775279651988636
R0_vs_O3p,A043,0.9995227010454372,0,0,0.003021240234375,0.0004535896173088937,0.09951242740467885,0.000244140625,151552,0,0,1.00041864895065,0.03090587027544127,0.0007036937571319642,"[37, 4096]",0.9301823796452703,0.029270481318235397,0.9955923546042299,0,0,282.0137023925781,0.6988347141479018,0.09615250599698165,0.42666149139404297,151552,0,0,0.9715690473072439,0.09681416604552995,1.7551871665183503,"[37, 4096]",0.976344752956081,0.03174889460206032,0.9921028092886823,0,0,282.0137023925781,0.607319416089487,0.08998950783341501,0.38825786113739014,94208,0,0,0.9935857763959393,"{""min"": 0.8300793520882029, ""p1"": 0.8665915213828242, ""p5"": 0.9961211847169997, ""p25"": 0.9982214913370411, ""median"": 0.9986907109903365, ""p75"": 0.9990157136089955, ""p95"": 0.9991521790890265, ""p99"": 0.9993169392671766, ""max"": 0.9993625760914501}",0.12543609924158924,1.571354843515496,"[23, 4096]",0.97802734375
R0_vs_O3p,A044,0.9994203370130507,0,0,0.003021240234375,0.00048085778550444047,0.11349367722144409,0.000244140625,131072,0,0,1.0004851257046887,0.03406058924443902,0.0007672890944518674,"[32, 4096]",0.9177093505859375,0.02910614013671875,0.9958435194307712,0,0,325.5107421875,0.7154944530293506,0.0967942471603001,0.42910265922546387,131072,0,0,0.9627781347701506,0.09689687544235297,1.8313266626499,"[32, 4096]",0.9760894775390625,0.0322943776845932,0.9921704022275775,0,0,218.01370239257812,0.6276498399151428,0.0912014821233631,0.38940000534057617,73728,0,0,0.9949103665369495,"{""min"": 0.869180132686637, ""p1"": 0.8906919980011899, ""p5"": 0.9767394592594019, ""p25"": 0.9982428013145005, ""median"": 0.9984648099806683, ""p75"": 0.9989401926924586, ""p95"": 0.9992201794438732, ""p99"": 0.9992685372558434, ""max"": 0.999280626708836}",0.12492157679113172,1.5318551137715042,"[18, 4096]",0.9777289496527778
R0_vs_O3p,A045,0.9994933305975021,0,0,0.003021240234375,0.0004496448746205274,0.10286975822236516,0.000232696533203125,135168,0,0,1.0004236664828612,0.03184254411902518,0.0007101781880283931,"[33, 4096]",0.9270167495265151,0.029296875,0.9954509336545377,0,0,282.0137023925781,0.7257173266719319,0.09801048523183646,0.43296754360198975,135168,0,0,0.9708183045359204,0.09840835891124901,1.8401151321691784,"[33, 4096]",0.9755119554924242,0.03231650963425636,0.9908363844234481,0,0,282.0137023925781,0.6347438908820837,0.09191905110162255,0.38910794258117676,77824,0,0,0.9952895685251187,"{""min"": 0.8300793520882029, ""p1"": 0.8599529451474386, ""p5"": 0.9794473173843812, ""p25"": 0.998368012052978, ""median"": 0.9986403570590436, ""p75"": 0.9989609692738866, ""p95"": 0.9992209410207985, ""p99"": 0.9993429280285919, ""max"": 0.9993734247805403}",0.13514100100011278,1.694327028236911,"[19, 4096]",0.9769351356907895
R0_vs_O3p,A046,0.9995231592031109,0,0,0.003021240234375,0.00043875704906690035,0.10198904434711212,0.000232696533203125,126976,0,0,1.0004275666438596,0.03089129601444507,0.0006976713100611067,"[31, 4096]",0.9271279611895161,0.028721963986754417,0.9957860389647969,0,0,325.5107421875,0.7355415717704032,0.09990227710375411,0.44652533531188965,126976,0,0,0.9627992026372179,0.0974592015856024,1.8578369937067616,"[31, 4096]",0.9746802545362904,0.03178136423230171,0.9917327363465763,0,0,218.01370239257812,0.659039020377403,0.09654007995925347,0.4132380485534668,69632,0,0,0.997056232362991,"{""min"": 0.869180132686637, ""p1"": 0.8894265941591574, ""p5"": 0.9704124400492392, ""p25"": 0.9980180376579713, ""median"": 0.9984153141502867, ""p75"": 0.9988904839391856, ""p95"": 0.9991876645404519, ""p99"": 0.9992914745548068, ""max"": 0.9993174270583955}",0.12843099029583363,1.570247521003345,"[17, 4096]",0.9752556295955882
R0_vs_O3p,A047,0.999495514891414,0,0,0.003021240234375,0.0004555345784396967,0.10483918117733436,0.000240325927734375,135168,0,0,1.0004267647844158,0.03177393488869368,0.0007142692259974953,"[33, 4096]",0.9254779237689394,0.02939305081963539,0.9954912763563729,0,0,282.0137023925781,0.7325070868409416,0.09873742433719328,0.4380621910095215,135168,0,0,0.970705353163851,0.09803805733930779,1.8424966833029834,"[33, 4096]",0.9750754616477273,0.032483551651239395,0.9911320029141008,0,0,282.0137023925781,0.6465366322282582,0.09318162954776858,0.39819765090942383,77824,0,0,0.9939605177060403,"{""min"": 0.8300793520882029, ""p1"": 0.8599529451474386, ""p5"": 0.9794473173843812, ""p25"": 0.9981605926738235, ""median"": 0.9987355692989422, ""p75"": 0.9990723456879778, ""p95"": 0.9993008013920657, ""p99"": 0.9993351769148799, ""max"": 0.9993437707955836}",0.13291107288488485,1.6988162802845503,"[19, 4096]",0.9761770148026315
R0_vs_O3p,A048,0.9994716808635349,0,0,0.003021240234375,0.00047211018156357405,0.10688825764113673,0.000244140625,139264,0,0,1.0004184330409271,0.03251546542041299,0.0007295894907480343,"[34, 4096]",0.9242805032169118,0.02842802181839943,0.9954127193080378,0,0,282.0137023925781,0.7180835530319146,0.0986329007379549,0.42938780784606934,139264,0,0,0.9706882643164031,0.0988170881700667,1.8187872566051972,"[34, 4096]",0.9756864659926471,0.03068847581744194,0.9906483044741745,0,0,282.0137023925781,0.6263151474835468,0.09328172916853461,0.38642168045043945,81920,0,0,0.9949617009631436,"{""min"": 0.8300793520882029, ""p1"": 0.861612589206285, ""p5"": 0.9877455376786133, ""p25"": 0.9983180808948986, ""median"": 0.9984759372074994, ""p75"": 0.9987868891811988, ""p95"": 0.9991032771669035, ""p99"": 0.9991710952968298, ""max"": 0.9991880498293113}",0.13650839619494007,1.6624818237871979,"[20, 4096]",0.97716064453125
R0_vs_O3p,A049,0.9995489611311947,0,0,0.003021240234375,0.00044705764270101773,0.09732550098932184,0.000244140625,159744,0,0,1.000329685387352,0.030041368675775487,0.0006911256195304658,"[39, 4096]",0.9321476862980769,0.029346955940127373,0.9957995423428263,0,0,282.0137023925781,0.6960751435995357,0.09525593386971525,0.4295164942741394,159744,0,0,0.9707199145557432,0.09493291947347225,1.7428603932296125,"[39, 4096]",0.9767565604967948,0.031669922173023224,0.9933312632608816,0,0,282.0137023925781,0.6103357098787092,0.0890838951679648,0.3945181369781494,102400,0,0,0.9865219406938287,"{""min"": 0.8300793520882029, ""p1"": 0.8699108095005171, ""p5"": 0.9963156636941817, ""p25"": 0.998146267982457, ""median"": 0.9984314586997143, ""p75"": 0.998742191626105, ""p95"": 0.9990788987834301, ""p99"": 0.9991843604456458, ""max"": 0.9992113746554826}",0.11549618306404666,1.5655067814208314,"[25, 4096]",0.97853515625
R0_vs_O3p,A050,0.9993439848694115,0,0,0.003662109375,0.0005124754654129252,0.12361599390799483,0.000244140625,143360,0,0,1.0006698380819108,0.03624027858704221,0.0008233913522968119,"[35, 4096]",0.907958984375,0.02903878316283226,0.9955441732622593,0,0,282.0137023925781,0.7147130666016892,0.09719139473987921,0.43307042121887207,143360,0,0,0.9712906758580085,0.09736545188054198,1.8000337918744194,"[35, 4096]",0.9759486607142858,0.0315987728536129,0.9917281079799571,0,0,282.0137023925781,0.6250675941735695,0.0911340368655237,0.3934140205383301,86016,0,0,0.9938989930712446,"{""min"": 0.8300793520882029, ""p1"": 0.8632722332651315, ""p5"": 0.9960437579728454, ""p25"": 0.9981351742626338, ""median"": 0.998555932920156, ""p75"": 0.9990470479780406, ""p95"": 0.9991602760933813, ""p99"": 0.9991631834054193, ""max"": 0.9991639102334289}",0.12837473499319862,1.636046530100878,"[21, 4096]",0.9775274367559523
R0_vs_O3p,A051,0.9995122963753993,0,0,0.003021240234375,0.00044997728592226634,0.1030383862299448,0.000244140625,139264,0,0,1.0004001256291362,0.031240320663521694,0.0007057824392472728,"[34, 4096]",0.9269373276654411,0.02952665463089943,0.9956025247158379,0,0,282.0137023925781,0.7054728335441562,0.09649039247674324,0.41419467329978943,139264,0,0,0.9710264376906107,0.09684831868918331,1.8100829916029917,"[34, 4096]",0.9758875229779411,0.03255615383386612,0.9918169994811225,0,0,282.0137023925781,0.6048769243543575,0.08963946512447477,0.3643767833709717,81920,0,0,0.9935537574959754,"{""min"": 0.8300793520882029, ""p1"": 0.861612589206285, ""p5"": 0.9877455376786133, ""p25"": 0.9983782901405398, ""median"": 0.9988040919704089, ""p75"": 0.9991197203523738, ""p95"": 0.9994931595186127, ""p99"": 0.999630130767849, ""max"": 0.9996643735801581}",0.12767950449725565,1.6462528701006018,"[20, 4096]",0.97750244140625
R0_vs_O3p,A052,0.9994578468951288,0,0,0.003021240234375,0.00047317203791408247,0.11090287966173146,0.000244140625,147456,0,0,1.0004672672777692,0.03293981191904221,0.0007428394440740021,"[36, 4096]",0.9202609592013888,0.02983940951526165,0.9956464780971959,0,0,282.0137023925781,0.6974984725858222,0.09642764714533902,0.4196138381958008,147456,0,0,0.9713135506131362,0.09633370133341819,1.7703863647573925,"[36, 4096]",0.9760403103298612,0.03279252350330353,0.9922572664832997,0,0,282.0137023925781,0.6009730527125199,0.09015960252329226,0.37564635276794434,90112,0,0,0.9927583503062205,"{""min"": 0.8300793520882029, ""p1"": 0.8649318773239778, ""p5"": 0.9961303844350908, ""p25"": 0.9984747065633376, ""median"": 0.9988897067040656, ""p75"": 0.9990339241064806, ""p95"": 0.9993164661703906, ""p99"": 0.9993436994484362, ""max"": 0.9993500111713995}",0.12420051608623836,1.5902972721574984,"[22, 4096]",0.9776056463068182
R0_vs_O3p,A053,0.9994001122041781,0,0,0.003662109375,0.0004890935161061602,0.1172001326659648,0.000244140625,143360,0,0,1.0005727406264633,0.03465242825102732,0.0007813430537287175,"[35, 4096]",0.9137137276785714,0.02905970998108387,0.9956284565322191,0,0,282.0137023925781,0.7124765200043579,0.09715144620797653,0.430985689163208,143360,0,0,0.9717252420799898,0.09641234466820639,1.7913082229097383,"[35, 4096]",0.976123046875,0.0316336490213871,0.9921669224321277,0,0,282.0137023925781,0.6213400165113507,0.09106745597901923,0.39028024673461914,86016,0,0,0.994594678192512,"{""min"": 0.8300793520882029, ""p1"": 0.8632722332651315, ""p5"": 0.9960437579728454, ""p25"": 0.9984677193983453, ""median"": 0.9986935707221941, ""p75"": 0.9990492651041896, ""p95"": 0.9994999157723292, ""p99"": 0.9995266295093661, ""max"": 0.9995333079436254}",0.12494275501041616,1.6200064026454326,"[21, 4096]",0.9778180803571429
R0_vs_O3p,A054,0.9993915313672601,0,0,0.003021240234375,0.0005241985629401972,0.12070266132759166,0.000274658203125,151552,0,0,1.0005585572648534,0.03489883924786799,0.0007834234277019007,"[37, 4096]",0.9133828652871622,0.030220650136470795,0.9958886994549851,0,0,282.0137023925781,0.6880950569903763,0.09457104993620731,0.41610074043273926,151552,0,0,0.9726270328767058,0.0935243467224299,1.7430585759089616,"[37, 4096]",0.9765690983952703,0.03327742964029312,0.9935590510093407,0,0,282.0137023925781,0.5900425763143373,0.08744542634434327,0.3735017776489258,94208,0,0,0.9931800740436516,"{""min"": 0.8300793520882029, ""p1"": 0.8665915213828242, ""p5"": 0.9962112133599423, ""p25"": 0.9985993716825187, ""median"": 0.9990655124697544, ""p75"": 0.9992828561853211, ""p95"": 0.999463992327853, ""p99"": 0.9995235521088089, ""max"": 0.9995403340494073}",0.11331617616632922,1.5494841185046395,"[23, 4096]",0.9783882472826086
R0_vs_O3p,A055,0.9994095844485321,0,0,0.003662109375,0.0004888670981277496,0.11700962949903539,0.000244140625,143360,0,0,1.0005663524440458,0.03437761807641615,0.000781210125997532,"[35, 4096]",0.9138323102678572,0.02896205335855484,0.9956377380895974,0,0,282.0137023925781,0.7057651234445594,0.09732997918063829,0.42145252227783203,143360,0,0,0.97113319029816,0.09646744193920304,1.7930573026802175,"[35, 4096]",0.975927734375,0.031470887362957,0.9921545343564683,0,0,282.0137023925781,0.6101543555783532,0.09136501093345546,0.3764514923095703,86016,0,0,0.9925550325961774,"{""min"": 0.8300793520882029, ""p1"": 0.8632722332651315, ""p5"": 0.9960437579728454, ""p25"": 0.9981429180623491, ""median"": 0.9989035048553792, ""p75"": 0.9991207331605684, ""p95"": 0.9993647736493136, ""p99"": 0.99952405550166, ""max"": 0.9995638759647466}",0.12501816009980224,1.6232281560715824,"[21, 4096]",0.9774925595238095
R0_vs_O3p,A056,0.9995558513764685,0,0,0.003021240234375,0.0004347566332275951,0.0985401851445085,0.000240325927734375,151552,0,0,1.0003756164575783,0.029812279246162022,0.0006843368518619177,"[37, 4096]",0.9304595122466216,0.029870934784412384,0.9956736800790108,0,0,282.0137023925781,0.6989042404359654,0.09488548796646708,0.42591631412506104,151552,0,0,0.9717499898340984,0.09594928740149493,1.7566448460372743,"[37, 4096]",0.9766218855574325,0.03271484375,0.9925727660565086,0,0,282.0137023925781,0.6074312627268069,0.08795126143650032,0.386232852935791,94208,0,0,0.9927937111924446,"{""min"": 0.8300793520882029, ""p1"": 0.8665915213828242, ""p5"": 0.9962026974468962, ""p25"": 0.9983349554150088, ""median"": 0.9987819558186779, ""p75"": 0.9990253414827183, ""p95"": 0.9992599397152953, ""p99"": 0.9992985456580193, ""max"": 0.9993058960043858}",0.12165259101098166,1.5739730491126638,"[23, 4096]",0.9784731657608695
R0_vs_O3p,A057,0.9994958863201614,0,0,0.003021240234375,0.00045555864069297746,0.10502814009292959,0.000244140625,135168,0,0,1.000437396754907,0.03176255139270032,0.0007141268422742517,"[33, 4096]",0.9253077651515151,0.02914891019463539,0.9955269075932269,0,0,282.0137023925781,0.7306332143145868,0.09785177940886194,0.4353799819946289,135168,0,0,0.9701505124147283,0.09782708055605843,1.8463980375150941,"[33, 4096]",0.9758078835227273,0.03205952048301697,0.9913311894270106,0,0,282.0137023925781,0.6432820115245895,0.09164340414592993,0.39134788513183594,77824,0,0,0.9912522653194556,"{""min"": 0.8300793520882029, ""p1"": 0.8599529451474386, ""p5"": 0.9794473173843812, ""p25"": 0.9981786532518973, ""median"": 0.9984784298842988, ""p75"": 0.9990304159554093, ""p95"": 0.9992922833585373, ""p99"": 0.9993718105480315, ""max"": 0.999391692345405}",0.13138675389186913,1.7061573311271745,"[19, 4096]",0.9774491159539473
R0_vs_O3p,A058,0.9994396894223162,0,0,0.003021240234375,0.0004683759200705743,0.11003494394444963,0.00023937225341796875,135168,0,0,1.000477955660136,0.0334870901125258,0.0007490577962841321,"[33, 4096]",0.920461943655303,0.029681582003831863,0.9954357382320099,0,0,282.0137023925781,0.7217566809190568,0.09769316892396193,0.42955636978149414,135168,0,0,0.9706051408460011,0.09861160995055282,1.8346557123669436,"[33, 4096]",0.9755415482954546,0.03298468515276909,0.9905835196752943,0,0,282.0137023925781,0.6278648745744584,0.0913679227774194,0.38315391540527344,77824,0,0,0.9954355915068505,"{""min"": 0.8300793520882029, ""p1"": 0.8599529451474386, ""p5"": 0.9794473173843812, ""p25"": 0.9983251594321604, ""median"": 0.998779670698372, ""p75"": 0.9989932072651639, ""p95"": 0.9992726397219029, ""p99"": 0.9992905382380134, ""max"": 0.999295012867041}",0.13699574135265993,1.6840128709658817,"[19, 4096]",0.9769865337171053
R0_vs_O3p,A059,0.9995169071364558,0,0,0.003021240234375,0.000457512158170305,0.10388183042925651,0.000244140625,143360,0,0,1.0004111886586222,0.031092637196199733,0.00070821688609581,"[35, 4096]",0.926513671875,0.02886439673602581,0.9954966048336186,0,0,282.0137023925781,0.7059660942029691,0.09823605191405313,0.4221625328063965,143360,0,0,0.9713420505465612,0.09782613279459687,1.7917202813754345,"[35, 4096]",0.9756068638392857,0.0313081294298172,0.9913228857349591,0,0,282.0137023925781,0.6104893068423691,0.09287513215581353,0.377474308013916,86016,0,0,0.9956354526961596,"{""min"": 0.8300793520882029, ""p1"": 0.8632722332651315, ""p5"": 0.9960437579728454, ""p25"": 0.9983022906723601, ""median"": 0.9986095871133778, ""p75"": 0.9990988154478294, ""p95"": 0.9991897634121674, ""p99"": 0.9992080098140413, ""max"": 0.9992125714145098}",0.1315200914381845,1.6207656955871914,"[21, 4096]",0.9769577752976191
R0_vs_O3p,A060,0.9995539436317914,0,0,0.003021240234375,0.0004207719856394225,0.09727128391522347,0.00022125244140625,139264,0,0,1.000369834718831,0.029876068154958177,0.0006827552667163919,"[34, 4096]",0.9307861328125,0.02981387823820114,0.9956132254578451,0,0,282.0137023925781,0.7172410064145772,0.09670901859429808,0.42917776107788086,139264,0,0,0.970645757504014,0.09683842083312151,1.8140603400482755,"[34, 4096]",0.9758803423713235,0.03304443508386612,0.9918753615780125,0,0,282.0137023925781,0.6248828182340731,0.09001112952431795,0.3852258324623108,81920,0,0,0.9918787214888762,"{""min"": 0.8300793520882029, ""p1"": 0.861612589206285, ""p5"": 0.9877455376786133, ""p25"": 0.9983675768179854, ""median"": 0.998860915780609, ""p75"": 0.9991446373972559, ""p95"": 0.9993496661264625, ""p99"": 0.9994032961175743, ""max"": 0.9994167036153523}",0.12721347061446198,1.6536786658090619,"[20, 4096]",0.977490234375
R0_vs_O3p,A061,0.9995240898490065,0,0,0.003021240234375,0.00044622168866809283,0.09988319039914015,0.000244140625,159744,0,0,1.0004098614566075,0.030860628685359427,0.0007114713007964881,"[39, 4096]",0.9289675981570513,0.02987905591726303,0.9957570034811116,0,0,282.0137023925781,0.6871368423097197,0.09542246334547566,0.418243408203125,159744,0,0,0.9707135316611072,0.09536857710544547,1.7270010270880203,"[39, 4096]",0.9766251001602564,0.032499998807907104,0.9930126230297942,0,0,282.0137023925781,0.5963919598665961,0.08934368115015104,0.378193199634552,102400,0,0,0.9878183044487268,"{""min"": 0.8300793520882029, ""p1"": 0.8699108095005171, ""p5"": 0.9962521511409484, ""p25"": 0.998264786532878, ""median"": 0.998697542099021, ""p75"": 0.9990026786388425, ""p95"": 0.999221250522526, ""p99"": 0.9992604630037276, ""max"": 0.9992663138906072}",0.11812244261362656,1.5378442672855344,"[25, 4096]",0.978330078125
R0_vs_O3p,A062,0.9995147639385726,0,0,0.003021240234375,0.00045083507590076095,0.103086592741016,0.000244140625,151552,0,0,1.000459608833726,0.031162949165560644,0.0007174311009927694,"[37, 4096]",0.9262299408783784,0.02992372214794159,0.9956868666888923,0,0,282.0137023925781,0.697500672208539,0.09623922508544128,0.42369890213012695,151552,0,0,0.9714011841593935,0.09590337782987243,1.7608160619538877,"[37, 4096]",0.9767274598817568,0.03279976174235344,0.9926386601381518,0,0,282.0137023925781,0.6051733486218164,0.09012901245398053,0.383040189743042,94208,0,0,0.9913303341580053,"{""min"": 0.8300793520882029, ""p1"": 0.8665915213828242, ""p5"": 0.9960818840714489, ""p25"": 0.9982689188085796, ""median"": 0.998865887994818, ""p75"": 0.9990323527380527, ""p95"": 0.9993516606372455, ""p99"": 0.9993984536256596, ""max"": 0.999407270832039}",0.12112060979042752,1.5814531561180494,"[23, 4096]",0.9786430027173914
R0_vs_O3p,A063,0.9995605522352702,0,0,0.003021240234375,0.0004254636372052394,0.09776106261921468,0.0002288818359375,135168,0,0,1.0004165430721341,0.02965527162975393,0.0006792827904415869,"[33, 4096]",0.9305234966856061,0.02880859375,0.9954110203641114,0,0,282.0137023925781,0.7265250120112658,0.09890806141522272,0.43290019035339355,135168,0,0,0.9701697329567646,0.09896475699793095,1.8491499125477842,"[33, 4096]",0.9750162760416666,0.03146843984723091,0.9905893217201686,0,0,282.0137023925781,0.6361467127872426,0.09347799920960918,0.3909940719604492,77824,0,0,0.9929721383950294,"{""min"": 0.8300793520882029, ""p1"": 0.8599529451474386, ""p5"": 0.9794473173843812, ""p25"": 0.998250102320827, ""median"": 0.9986688410254525, ""p75"": 0.9988251313537222, ""p95"": 0.9990086499374837, ""p99"": 0.9990807823457603, ""max"": 0.9990988154478294}",0.1368885441126533,1.7113257952935557,"[19, 4096]",0.97607421875
R0_vs_O3p,A064,0.9995182460972126,0,0,0.003021240234375,0.0004402629225120519,0.1026880994209692,0.00023651123046875,126976,0,0,1.0004289289944526,0.031050041257486585,0.0006988012658328267,"[31, 4096]",0.9267026839717742,0.028918851166963577,0.9958399719906823,0,0,325.5107421875,0.7214762083932592,0.09749077483830694,0.42936134338378906,126976,0,0,0.9625202110793353,0.09702039297377675,1.8566453800026592,"[31, 4096]",0.9755938130040323,0.032140396535396576,0.9920254844229957,0,0,218.01370239257812,0.6333904165720228,0.09214263465167337,0.3849925994873047,69632,0,0,0.9947689897003525,"{""min"": 0.869180132686637, ""p1"": 0.8894265941591574, ""p5"": 0.9704124400492392, ""p25"": 0.9981019794392738, ""median"": 0.9989045229368995, ""p75"": 0.9991411901589108, ""p95"": 0.9993193537202245, ""p99"": 0.9994111172061706, ""max"": 0.9994340580776571}",0.12606730375687292,1.5676753235582084,"[17, 4096]",0.9769215303308824
R0_vs_O3p,A065,0.9994641365005129,0,0,0.003662109375,0.00045796197503347817,0.11007199070586828,0.00023651123046875,143360,0,0,1.0005677527717518,0.03275145520672375,0.0007504835024387185,"[35, 4096]",0.9187848772321429,0.0296456478536129,0.9955646859039022,0,0,282.0137023925781,0.7032921568499919,0.09710095261891794,0.42034029960632324,143360,0,0,0.9708539782835784,0.0972706289285847,1.7915667149984202,"[35, 4096]",0.9759626116071428,0.0326102115213871,0.9916651223012289,0,0,282.0137023925781,0.6060327445874074,0.09098329999725488,0.37476229667663574,86016,0,0,0.9929733645102055,"{""min"": 0.8300793520882029, ""p1"": 0.8632722332651315, ""p5"": 0.9960437579728454, ""p25"": 0.9981931331267468, ""median"": 0.9987870113566379, ""p75"": 0.9990749714344759, ""p95"": 0.9993374301653873, ""p99"": 0.999450774873074, ""max"": 0.9994791110499956}",0.12884873576782196,1.6204827426796327,"[21, 4096]",0.9775506882440477
R0_vs_O3p,A066,0.9995229377415779,0,0,0.003021240234375,0.0004570014890624726,0.10131998637127282,0.000244140625,151552,0,0,1.0003924132027606,0.030897458083528638,0.0007056185107815474,"[37, 4096]",0.9288033150337838,0.029323268681764603,0.9957910418414317,0,0,282.0137023925781,0.6951652780929647,0.09525411973495955,0.4234309196472168,151552,0,0,0.9724461746414376,0.09457898187727182,1.7505118483242315,"[37, 4096]",0.9769188133445946,0.031833816319704056,0.9931634680777105,0,0,282.0137023925781,0.6014164102619796,0.0885442777597273,0.3837137222290039,94208,0,0,0.9935103779682798,"{""min"": 0.8300793520882029, ""p1"": 0.8665915213828242, ""p5"": 0.9962059843556623, ""p25"": 0.9983614567146706, ""median"": 0.9987505436668456, ""p75"": 0.9992071777846555, ""p95"": 0.9993355016697375, ""p99"": 0.9994665100253144, ""max"": 0.9995027377851107}",0.11673236921405679,1.5629424515426396,"[23, 4096]",0.9789508322010869
R0_vs_O3p,A067,0.999502261074022,0,0,0.003021240234375,0.00045756366021391037,0.1039394736634993,0.000244140625,139264,0,0,1.000446915755588,0.03156140808622873,0.0007102846829683865,"[34, 4096]",0.9263126148897058,0.02895938605070114,0.9955100032919328,0,0,282.0137023925781,0.7067400756611332,0.09823639190705091,0.41734373569488525,139264,0,0,0.970130495425361,0.09799975900605847,1.81566919803571,"[34, 4096]",0.9756433823529411,0.03159179538488388,0.9911620532461017,0,0,282.0137023925781,0.6070312359532182,0.0926076641559978,0.3679342269897461,81920,0,0,0.9917464028668384,"{""min"": 0.8300793520882029, ""p1"": 0.861612589206285, ""p5"": 0.9877455376786133, ""p25"": 0.9981940948556486, ""median"": 0.9986560735410831, ""p75"": 0.9990698691008342, ""p95"": 0.9992970861682955, ""p99"": 0.9994207903619252, ""max"": 0.9994517164103326}",0.13265792727708334,1.656677594664488,"[20, 4096]",0.97708740234375
R0_vs_O3p,A068,0.9995384703342887,0,0,0.003021240234375,0.00042519035002897,0.09901956624316857,0.0002288818359375,131072,0,0,1.0004122428177815,0.03039094931297188,0.0006840567326398241,"[32, 4096]",0.9294204711914062,0.0288848876953125,0.9958798758033508,0,0,325.5107421875,0.7162470964764793,0.09735822138374937,0.4291038513183594,131072,0,0,0.9625979740828933,0.09659688375943133,1.837257007849951,"[32, 4096]",0.9758148193359375,0.0319010429084301,0.9924453488721166,0,0,218.01370239257812,0.6289878727100384,0.09220410296505069,0.387664794921875,73728,0,0,0.9925851456629614,"{""min"": 0.869180132686637, ""p1"": 0.8906919980011899, ""p5"": 0.9767394592594019, ""p25"": 0.9983275476361056, ""median"": 0.9987737350165464, ""p75"": 0.9989441108679212, ""p95"": 0.9991328006220929, ""p99"": 0.9991507392531914, ""max"": 0.999155223910966}",0.1226876075455278,1.5444278439773427,"[18, 4096]",0.9772406684027778
R0_vs_O3p,A069,0.9995502663135891,0,0,0.003021240234375,0.00042318400016269793,0.09754096747920223,0.000225067138671875,139264,0,0,1.0004050892037384,0.0299999305767025,0.0006768179605722328,"[34, 4096]",0.9309584673713235,0.029232248663902283,0.9955520952053597,0,0,282.0137023925781,0.7220972871520965,0.09821612934886609,0.43674564361572266,139264,0,0,0.9709809414676105,0.09736409671035177,1.8222896889819498,"[34, 4096]",0.9757151884191176,0.03205566480755806,0.9916723615936689,0,0,282.0137023925781,0.6331384954878558,0.09257321780708358,0.39834368228912354,81920,0,0,0.9931736479585044,"{""min"": 0.8300793520882029, ""p1"": 0.861612589206285, ""p5"": 0.9877455376786133, ""p25"": 0.9983713020056084, ""median"": 0.9986904770351563, ""p75"": 0.9988742583764256, ""p95"": 0.9992758134330088, ""p99"": 0.9994593609829421, ""max"": 0.9995052478704254}",0.12879511291964724,1.6689892984227346,"[20, 4096]",0.97720947265625
R0_vs_O3p,A070,0.9995336956088047,0,0,0.003021240234375,0.0004304742847338616,0.09977088757015838,0.0002288818359375,131072,0,0,1.0004017280443265,0.030547419251299977,0.0006878296933437759,"[32, 4096]",0.9289627075195312,0.0283660888671875,0.995873607321318,0,0,325.5107421875,0.7137747654395525,0.09815600872154645,0.4267714023590088,131072,0,0,0.9642351591222712,0.09610801030752135,1.8262245323397723,"[32, 4096]",0.9755172729492188,0.0309787318110466,0.9926389220818723,0,0,218.01370239257812,0.6245926175332797,0.09362239156557879,0.38427090644836426,73728,0,0,0.9992784893198975,"{""min"": 0.869180132686637, ""p1"": 0.8906919980011899, ""p5"": 0.9767394592594019, ""p25"": 0.9980603680541482, ""median"": 0.9988832633991893, ""p75"": 0.999197116610706, ""p95"": 0.9992761118538188, ""p99"": 0.9993764398002734, ""max"": 0.999401521786887}",0.12129325711368599,1.5209879815905611,"[18, 4096]",0.9767116970486112
R0_vs_O3p,A071,0.9993126200925401,0,0,0.003662109375,0.0005298706321959396,0.12711344734346222,0.00025177001953125,323584,0,0,1.0007787527508756,0.03710036211083041,0.0008736123194622,"[79, 4096]",0.9023684731012658,0.03346889838576317,0.9971293115171281,0,0,214.22198486328125,0.5124093859314737,0.08426878875236281,0.3489565849304199,323584,0,0,0.9933125085962474,0.07581361419901105,1.0928904336337986,"[79, 4096]",0.9804471172863924,0.03508864343166351,0.9966566955671441,0,0,214.22198486328125,0.44540888425779906,0.07978893759840038,0.3262796401977539,266240,0,0,1.0006235175974185,"{""min"": 0.8629808129488542, ""p1"": 0.9485756615847193, ""p5"": 0.9974018341626518, ""p25"": 0.9986451593815441, ""median"": 0.9988718576245706, ""p75"": 0.9991103765243423, ""p95"": 0.9994054691792679, ""p99"": 0.999532716542335, ""max"": 0.999590098452645}",0.08179955292176683,0.9227487893932633,"[65, 4096]",0.9819448617788461
R0_vs_O3p,A072,0.9994066911566573,0,0,0.003662109375,0.00048612866676531094,0.11594697555443109,0.000244140625,221184,0,0,1.0006740594767347,0.03446551745963992,0.0008050228365358189,"[54, 4096]",0.9126202618634259,0.03233054652810097,0.9961151270136156,0,0,282.0137023925781,0.5927593892967403,0.08913569421134014,0.37705564498901367,221184,0,0,0.9757489651542015,0.09038492287728887,1.4745020216354414,"[54, 4096]",0.9786919487847222,0.03482665866613388,0.9948136434687465,0,0,282.0137023925781,0.5030117292152454,0.08313608614231481,0.34426403045654297,163840,0,0,0.9954303827468833,"{""min"": 0.8300793520882029, ""p1"": 0.8948054703832135, ""p5"": 0.997124702352222, ""p25"": 0.9984765577429141, ""median"": 0.998939906646106, ""p75"": 0.9991078964705423, ""p95"": 0.999318717736386, ""p99"": 0.9994563864335482, ""max"": 0.9995200756953305}",0.10171624814047846,1.2268841718270793,"[40, 4096]",0.98048095703125
R0_vs_O3p,A073,0.9994054183393559,0,0,0.003662109375,0.0004781575867965378,0.11331679861751123,0.000244140625,233472,0,0,1.000674691102193,0.034502475958739724,0.0008053024979805261,"[57, 4096]",0.9146450109649122,0.03181537985801697,0.9960671045393656,0,0,282.0137023925781,0.586589689115116,0.08803339055652613,0.38057267665863037,233472,0,0,0.9763804792995886,0.09076280332766669,1.4412394433108247,"[57, 4096]",0.9791024191337719,0.033969614654779434,0.994731223039198,0,0,282.0137023925781,0.5010947540964522,0.08209347023260961,0.35099220275878906,176128,0,0,0.9969538902756436,"{""min"": 0.8300793520882029, ""p1"": 0.8997844025597528, ""p5"": 0.9973388713498809, ""p25"": 0.9986031585762369, ""median"": 0.9988214045298806, ""p75"": 0.9990006507914428, ""p95"": 0.9992286524320338, ""p99"": 0.9993243824370122, ""max"": 0.9993386287156262}",0.10254137779738332,1.1930429141392016,"[43, 4096]",0.9809002543604651
R0_vs_O3p,A074,0.9993700144946542,0,0,0.003662109375,0.0005006638137463185,0.12207577509656295,0.000244140625,217088,0,0,1.0007668757537667,0.035517958138553685,0.0008302412792188413,"[53, 4096]",0.9068119840801887,0.031157871708273888,0.9960104051834449,0,0,282.0137023925781,0.6157822147337665,0.0901949213263156,0.3978569507598877,217088,0,0,0.9756210927119504,0.0915368604954906,1.4983548290883395,"[53, 4096]",0.9783175486438679,0.03329702466726303,0.9945163478543325,0,0,282.0137023925781,0.5319979366019348,0.0844217125275629,0.3681286573410034,159744,0,0,0.9957029739052722,"{""min"": 0.8300793520882029, ""p1"": 0.893145826324367, ""p5"": 0.9966820867976852, ""p25"": 0.9984913525286769, ""median"": 0.9987348299841776, ""p75"": 0.9989748508640311, ""p95"": 0.9992293779371892, ""p99"": 0.9994270137452007, ""max"": 0.9995054576860792}",0.10458796265280539,1.2587531140163548,"[39, 4096]",0.9800180288461539
R0_vs_O3p,A075,0.9994512238171726,0,0,0.003662109375,0.0004638788331480835,0.11140766961918211,0.00023651123046875,212992,0,0,1.0006494812736764,0.03314644824545388,0.0007787449880731686,"[52, 4096]",0.9162456805889423,0.03131103515625,0.9960859675396837,0,0,282.0137023925781,0.6127085532305221,0.09001747147340408,0.39169490337371826,212992,0,0,0.9765729847062761,0.09051796379497741,1.500870367838974,"[52, 4096]",0.9785250150240384,0.03356290981173515,0.9947733489077848,0,0,282.0137023925781,0.5255870240677101,0.08402695986571672,0.35986804962158203,155648,0,0,0.9976932371511467,"{""min"": 0.8300793520882029, ""p1"": 0.8914861822655207, ""p5"": 0.9971884206801189, ""p25"": 0.9985815621292048, ""median"": 0.9988734928474605, ""p75"": 0.9990046566707025, ""p95"": 0.9994249901035075, ""p99"": 0.9995272149523345, ""max"": 0.9995634015857046}",0.1021494495831679,1.25594556725604,"[38, 4096]",0.9803466796875
R0_vs_O3p,A076,0.9994451632626633,0,0,0.003662109375,0.0004706866538681253,0.1117183388731294,0.000244140625,217088,0,0,1.0006337734568658,0.03332834266899812,0.0007813628655652648,"[53, 4096]",0.9162920106132075,0.030793963000178337,0.9960679716496923,0,0,282.0137023925781,0.6150874725971558,0.09114337788321604,0.3988485336303711,217088,0,0,0.9758585437558259,0.09086812878818044,1.4936120277764915,"[53, 4096]",0.9779536409198113,0.032802484929561615,0.9946950553119748,0,0,282.0137023925781,0.5310537998521818,0.08571064066899167,0.36943674087524414,159744,0,0,0.9958715288289607,"{""min"": 0.8300793520882029, ""p1"": 0.893145826324367, ""p5"": 0.9971631361730577, ""p25"": 0.9984833937420308, ""median"": 0.9988057180561816, ""p75"": 0.9990331844049372, ""p95"": 0.9992913066948355, ""p99"": 0.9993472429082171, ""max"": 0.9993627597157679}",0.10287434581975924,1.2510695993070369,"[39, 4096]",0.9795234875801282
R0_vs_O3p,A077,0.9993616468445846,0,0,0.003662109375,0.0005023226423512618,0.11964794299205732,0.000244140625,217088,0,0,1.000698550952626,0.035750330469434204,0.0008216532120962807,"[53, 4096]",0.9101424307193396,0.03212982788681984,0.9960358615170037,0,0,282.0137023925781,0.592718505035009,0.08929466398115549,0.37346911430358887,217088,0,0,0.9749833656885102,0.0914099018306506,1.4927763175261364,"[53, 4096]",0.9784327093160378,0.034617889672517776,0.994529922097827,0,0,282.0137023925781,0.5006549464984952,0.08319828587901193,0.3387787342071533,159744,0,0,0.9943568624992213,"{""min"": 0.8300793520882029, ""p1"": 0.893145826324367, ""p5"": 0.9965483391302977, ""p25"": 0.9985919841244126, ""median"": 0.9989305800605466, ""p75"": 0.9990788302822996, ""p95"": 0.9993360199759372, ""p99"": 0.9993916581730058, ""max"": 0.999421030631629}",0.10445220917584666,1.2497133570467358,"[39, 4096]",0.9801745292467948
R0_vs_O3p,A078,0.9993858719564337,0,0,0.003662109375,0.0004913962074988376,0.11773158216653912,0.000244140625,204800,0,0,1.000686170936687,0.03506522082230285,0.0008093921679648403,"[50, 4096]",0.911474609375,0.031489256769418716,0.9960205560181838,0,0,282.0137023925781,0.614457926047944,0.0903812274315252,0.3867459297180176,204800,0,0,0.9753626917402889,0.09148660746662178,1.5257855282399175,"[50, 4096]",0.9779931640625,0.033935546875,0.9944585252520316,0,0,282.0137023925781,0.5231766235828622,0.08419937027379126,0.35244452953338623,147456,0,0,0.996135080903241,"{""min"": 0.8300793520882029, ""p1"": 0.8881668941478278, ""p5"": 0.9973191340034099, ""p25"": 0.9984601461121799, ""median"": 0.9989131913201983, ""p75"": 0.9990635401390024, ""p95"": 0.9994086914387232, ""p99"": 0.9994437679369036, ""max"": 0.9994468494512986}",0.10514300924172941,1.2824285697558016,"[36, 4096]",0.9797092013888888
R0_vs_O3p,A079,0.9993664660074345,0,0,0.003662109375,0.0004886057676427014,0.11701737674666275,0.00023651123046875,208896,0,0,1.000709835981022,0.03561560420233627,0.0008186457878241354,"[51, 4096]",0.9115157781862745,0.030460134148597717,0.9961053915549297,0,0,282.0137023925781,0.6324348056868806,0.09207234563742725,0.40432167053222656,208896,0,0,0.9742653543506576,0.09083521420838697,1.5346988147422844,"[51, 4096]",0.9779603247549019,0.03245090693235397,0.9947541318090638,0,0,282.0137023925781,0.5504226280166689,0.08669744826456796,0.37406373023986816,151552,0,0,0.9912929235153116,"{""min"": 0.8300793520882029, ""p1"": 0.8898265382066742, ""p5"": 0.9964082996057667, ""p25"": 0.9983569068445889, ""median"": 0.9986248323938567, ""p75"": 0.998968828426399, ""p95"": 0.9993155573799614, ""p99"": 0.9995671796367093, ""max"": 0.9996375932379149}",0.10235329604682288,1.3041065954623887,"[37, 4096]",0.9796175570101351
R0_vs_O3p,A080,0.9992751917170322,0,0,0.003662109375,0.0005148622082872732,0.129253659021362,0.000244140625,200704,0,0,1.000808776410249,0.03809780966013974,0.0008708370256522282,"[49, 4096]",0.8999820631377551,0.03009905107319355,0.9958079965706255,0,0,282.0137023925781,0.6143271661052755,0.09227766177304647,0.3859831988811493,200704,0,0,0.9736708982200427,0.09410890016029971,1.5390695052988594,"[49, 4096]",0.9773596938775511,0.03205915167927742,0.9935157974043863,0,0,282.0137023925781,0.5203855224498382,0.08667775386170004,0.3502238988876343,143360,0,0,0.9949907689925347,"{""min"": 0.8300793520882029, ""p1"": 0.8865072500889813, ""p5"": 0.9968550667856877, ""p25"": 0.9984543345289159, ""median"": 0.9987096794817246, ""p75"": 0.9988217507078168, ""p95"": 0.9992424627030176, ""p99"": 0.9995011822462107, ""max"": 0.9995964976130189}",0.11370371959224747,1.2969565205898381,"[35, 4096]",0.9788713727678572
R0_vs_O3p,A081,0.9995375623485303,0,0,0.003021240234375,0.0004359630665817349,0.09762652919609496,0.00023651123046875,163840,0,0,1.000402944504146,0.030420557861965927,0.0006963997924433984,"[40, 4096]",0.930694580078125,0.03068847581744194,0.9958054878483925,0,0,282.0137023925781,0.6685871686385326,0.09406664690655703,0.40640223026275635,163840,0,0,0.9722064369369346,0.09448992313970521,1.6892192741673517,"[40, 4096]",0.976861572265625,0.033644456416368484,0.99325019198458,0,0,282.0137023925781,0.5713441881587362,0.08749160902086564,0.36427783966064453,106496,0,0,0.9922641652152967,"{""min"": 0.8300793520882029, ""p1"": 0.8715704535593636, ""p5"": 0.9963657274276034, ""p25"": 0.9984250089110276, ""median"": 0.9989119856143802, ""p75"": 0.9991488684810925, ""p95"": 0.9993262027626877, ""p99"": 0.9994723778860086, ""max"": 0.9995193404315764}",0.11599581187002127,1.479914572045312,"[26, 4096]",0.9786283052884616
R0_vs_O3p,A082,0.9996186466194699,0,0,0.003021240234375,0.0004036760367287615,0.08754593064629984,0.00023651123046875,167936,0,0,1.0003375525646314,0.027623869323777753,0.0006358995012681377,"[41, 4096]",0.9392447122713414,0.03148818761110306,0.9963899455595326,0,0,282.0137023925781,0.6760118460834059,0.09226610440187355,0.4229707717895508,167936,0,0,0.9771965547436883,0.0870371336779976,1.6711267860635903,"[41, 4096]",0.9774616520579268,0.0347493477165699,0.9956249519910817,0,0,282.0137023925781,0.5862202902224252,0.0850009718058163,0.38886451721191406,110592,0,0,0.9964931056171963,"{""min"": 0.8300793520882029, ""p1"": 0.87323009761821, ""p5"": 0.9964121335232816, ""p25"": 0.998431570513874, ""median"": 0.999094670392627, ""p75"": 0.9992763720597047, ""p95"": 0.99968517257833, ""p99"": 0.9997902582978048, ""max"": 0.9998196789049572}",0.09344361221333061,1.4568434871664704,"[27, 4096]",0.9794741030092593
R0_vs_O3p,A083,0.9995346558384123,0,0,0.003021240234375,0.0004501297335731839,0.0982716694252065,0.000244140625,172032,0,0,1.0004307906887502,0.030516795959879807,0.0007047906320203083,"[42, 4096]",0.9306756882440477,0.0311279296875,0.996018619049937,0,0,282.0137023925781,0.6634026091768257,0.09248238306787582,0.41086912155151367,172032,0,0,0.9737901643551856,0.09187499498760544,1.6573440818258496,"[42, 4096]",0.9774518694196429,0.0340924933552742,0.9942989481382105,0,0,282.0137023925781,0.570513276143304,0.08558485882610747,0.3734316825866699,114688,0,0,0.9929843211531022,"{""min"": 0.8300793520882029, ""p1"": 0.8748897416770564, ""p5"": 0.9964880672878739, ""p25"": 0.9983458848143607, ""median"": 0.9985970045328305, ""p75"": 0.9991326175777384, ""p95"": 0.9994858194406533, ""p99"": 0.9995334390218399, ""max"": 0.9995485447662004}",0.10663643830960594,1.441359854433945,"[28, 4096]",0.9793875558035714
R0_vs_O3p,A084,0.9994868330265053,0,0,0.003021240234375,0.00048006467511349445,0.10475070417352043,0.0002593994140625,159744,0,0,1.0004416855657507,0.032046565338876204,0.0007323559267155335,"[39, 4096]",0.9261005108173077,0.029541015625,0.9957975531368259,0,0,282.0137023925781,0.6768801078629062,0.09401866839991843,0.41254234313964844,159744,0,0,0.9719858743388499,0.09462678909214062,1.707180173043048,"[39, 4096]",0.9772072816506411,0.03197265788912773,0.9931609363992691,0,0,282.0137023925781,0.5803914541295672,0.08715376103508177,0.37116217613220215,102400,0,0,0.992033026624084,"{""min"": 0.8300793520882029, ""p1"": 0.8699108095005171, ""p5"": 0.9963754157888534, ""p25"": 0.9984745071601263, ""median"": 0.9989796533606873, ""p75"": 0.9991407676578969, ""p95"": 0.9993690603300408, ""p99"": 0.9993923853161942, ""max"": 0.9993992536843791}",0.11675883945546768,1.502923244768473,"[25, 4096]",0.97923828125
R0_vs_O3p,A085,0.9995698183486915,0,0,0.003021240234375,0.00042289620712556195,0.09058068584124829,0.00023651123046875,159744,0,0,1.0003997376106486,0.02934053531115797,0.000676771175028896,"[39, 4096]",0.9366110777243589,0.03085561841726303,0.996140167824705,0,0,282.0137023925781,0.6831447300971306,0.09369310879996721,0.418814480304718,159744,0,0,0.9741645580945417,0.0904858744179548,1.71111190695963,"[39, 4096]",0.9776830428685898,0.03402343764901161,0.9947051071060147,0,0,282.0137023925781,0.5901642648149573,0.08664588805915784,0.3794901371002197,102400,0,0,0.9929501951573823,"{""min"": 0.8300793520882029, ""p1"": 0.8699108095005171, ""p5"": 0.9963498189222414, ""p25"": 0.998543088398666, ""median"": 0.999122813198024, ""p75"": 0.9993472117930111, ""p95"": 0.9994934531280858, ""p99"": 0.999585538363063, ""max"": 0.9996100114949921}",0.10278535699777057,1.5098822440579447,"[25, 4096]",0.97998046875
R0_vs_O3p,A086,0.9995446084822881,0,0,0.003021240234375,0.00042675434504720516,0.09506151820900524,0.0002288818359375,147456,0,0,1.0004303585299201,0.03018874305328124,0.0006964752545690961,"[36, 4096]",0.9324001736111112,0.0302395299077034,0.9959223679832782,0,0,282.0137023925781,0.693707122847526,0.09485065489485772,0.41467833518981934,147456,0,0,0.9714900414109446,0.09346430084432103,1.7730562582040208,"[36, 4096]",0.9767998589409722,0.033447265625,0.9936328883969724,0,0,282.0137023925781,0.594769025868035,0.0875790697497774,0.3681056499481201,90112,0,0,0.9894217141412543,"{""min"": 0.8300793520882029, ""p1"": 0.8649318773239778, ""p5"": 0.9961008158966038, ""p25"": 0.9984809573590517, ""median"": 0.9990389969966909, ""p75"": 0.9993633391698256, ""p95"": 0.9994973354982476, ""p99"": 0.9995944259309008, ""max"": 0.9996200536641877}",0.11274492043769484,1.5951571768786827,"[22, 4096]",0.9788485440340909
R0_vs_O3p,A087,0.9995758190191022,0,0,0.003021240234375,0.00042833736580405457,0.09139067588485951,0.000244140625,147456,0,0,1.0003575769970634,0.02913405529320959,0.0006720553897368636,"[36, 4096]",0.9365370008680556,0.0297105573117733,0.9958371787878286,0,0,282.0137023925781,0.7203447008357924,0.09694184148992906,0.4359550476074219,147456,0,0,0.9720509191701244,0.09420243887766502,1.7869540159799475,"[36, 4096]",0.9761623806423612,0.03258167579770088,0.9934209740242393,0,0,282.0137023925781,0.6383577898488345,0.09100101145080325,0.39867186546325684,90112,0,0,0.9910474759462968,"{""min"": 0.8300793520882029, ""p1"": 0.8649318773239778, ""p5"": 0.9961105075524159, ""p25"": 0.9981747254327171, ""median"": 0.9987445147502011, ""p75"": 0.9991158108802985, ""p95"": 0.9993091060756378, ""p99"": 0.9993268329501618, ""max"": 0.9993301630192284}",0.11454432269588001,1.6203355852440737,"[22, 4096]",0.9778053977272727
R0_vs_O3p,A088,0.9995048308086532,0,0,0.003021240234375,0.00046342088818930377,0.10303513095710481,0.000244140625,155648,0,0,1.000465728904229,0.031480414789458684,0.0007233646669007811,"[38, 4096]",0.9267192639802632,0.029502466320991516,0.995794117622865,0,0,282.0137023925781,0.6774118817793829,0.09601301155629083,0.40664780139923096,155648,0,0,0.9714176346034644,0.09480658327403335,1.7244836744837884,"[38, 4096]",0.9765881990131579,0.032012939453125,0.9930379357377103,0,0,282.0137023925781,0.5772130689250995,0.09002543322580314,0.36163806915283203,98304,0,0,0.9908907216796136,"{""min"": 0.8300793520882029, ""p1"": 0.8682511654416707, ""p5"": 0.9962465725210293, ""p25"": 0.998493487837181, ""median"": 0.9988545137062985, ""p75"": 0.9990998867307996, ""p95"": 0.9995935069338887, ""p99"": 0.9996682004942034, ""max"": 0.9996746724542418}",0.11781455221660288,1.5249511639849416,"[24, 4096]",0.9783426920572916
R0_vs_O3p,A089,0.9995481826525399,0,0,0.003021240234375,0.00044610566277469843,0.09839959917239044,0.000244140625,163840,0,0,1.000461213443982,0.030070985704355062,0.0007014496808346324,"[40, 4096]",0.93031005859375,0.031707763671875,0.9959832410097492,0,0,282.0137023925781,0.6818634104000012,0.09253591982116154,0.42125654220581055,163840,0,0,0.9737601779294929,0.09225642611973306,1.7016422305052088,"[40, 4096]",0.977374267578125,0.03521259129047394,0.9941864158009281,0,0,282.0137023925781,0.5917691754840724,0.0851366442741033,0.3840193748474121,106496,0,0,0.9931267148113802,"{""min"": 0.8300793520882029, ""p1"": 0.8715704535593636, ""p5"": 0.9964011929851468, ""p25"": 0.9984652444185997, ""median"": 0.9987939781763715, ""p75"": 0.9990551699683088, ""p95"": 0.999313292205295, ""p99"": 0.9993574307126003, ""max"": 0.9993660759982345}",0.10767773030246718,1.5016504590611703,"[26, 4096]",0.9794170673076923
R0_vs_O3p,A090,0.9994374595065381,0,0,0.003021240234375,0.0005070382769301517,0.1108988178074304,0.000274658203125,176128,0,0,1.0004951663539308,0.03355418422332374,0.0007721091213126006,"[43, 4096]",0.9213015534156976,0.030835527926683426,0.9961666800844811,0,0,282.0137023925781,0.6672618415492294,0.09284702987103038,0.4176924228668213,176128,0,0,0.972680407420819,0.09057345357826595,1.656587310488959,"[43, 4096]",0.9773971202761628,0.033556707203388214,0.994797219835658,0,0,282.0137023925781,0.5794386666621621,0.08636338768050109,0.38330745697021484,118784,0,0,0.9879515849927002,"{""min"": 0.8300793520882029, ""p1"": 0.8765493857359028, ""p5"": 0.9964799894119352, ""p25"": 0.9983691531151518, ""median"": 0.9989496809385279, ""p75"": 0.999089113388734, ""p95"": 0.9993260631503045, ""p99"": 0.9994667972511015, ""max"": 0.9995136657726396}",0.10210462341955338,1.4480600655330442,"[29, 4096]",0.9792396282327587
R0_vs_O3p,A091,0.9995504720072749,0,0,0.0032958984375,0.0004162831524657425,0.09238217478472795,0.000217437744140625,147456,0,0,1.0003853129624722,0.029992513556800323,0.0006975804797306272,"[36, 4096]",0.9342108832465278,0.02864583395421505,0.9955376095758387,0,0,282.0137023925781,0.6953004205202483,0.09737861131561351,0.41544604301452637,147456,0,0,0.9705292181612072,0.09762319171780988,1.7692365983628293,"[36, 4096]",0.9763997395833334,0.030839400365948677,0.9914851934474244,0,0,282.0137023925781,0.5973762402415808,0.09171572571101415,0.3705413341522217,90112,0,0,0.9921545723172653,"{""min"": 0.8300793520882029, ""p1"": 0.8649318773239778, ""p5"": 0.9961173474248829, ""p25"": 0.9981459523254624, ""median"": 0.9985734938283901, ""p75"": 0.9987368824697701, ""p95"": 0.9991412793158414, ""p99"": 0.9994155222232389, ""max"": 0.9994875367607675}",0.13022119352315348,1.5882020778387294,"[22, 4096]",0.9781938032670454
R0_vs_O3p,A092,0.9996402475519026,0,0,0.0032958984375,0.0003884222801010158,0.07917409147866017,0.0002288818359375,196608,0,0,1.000310013389155,0.026829537093437814,0.0006375773845730241,"[48, 4096]",0.9453125,0.0304107666015625,0.9957863656177105,0,0,282.0137023925781,0.6257012654772703,0.09271913694580486,0.3864908218383789,196608,0,0,0.9727916391377619,0.09454243225006766,1.5610212882527135,"[48, 4096]",0.9772389729817709,0.032556869089603424,0.993387419652435,0,0,282.0137023925781,0.5336800849851416,0.08713630975526052,0.35004425048828125,139264,0,0,0.9925964183856024,"{""min"": 0.8300793520882029, ""p1"": 0.8844069690345261, ""p5"": 0.9955764157047754, ""p25"": 0.9983076469502974, ""median"": 0.9987294549268211, ""p75"": 0.9990268180897851, ""p95"": 0.9991279531535427, ""p99"": 0.9993778262537425, ""max"": 0.9994875367607675}",0.11481315325031924,1.3258865358225338,"[34, 4096]",0.9787454044117647
R0_vs_O3p,A093,0.999564458336446,0,0,0.0032958984375,0.0004189670582392766,0.09142159923416371,0.0002288818359375,151552,0,0,1.0003705176384008,0.029521913253815965,0.0006930055327928619,"[37, 4096]",0.9350453969594594,0.029046136885881424,0.9956266838219046,0,0,282.0137023925781,0.6748728880349419,0.09584868683580448,0.39653968811035156,151552,0,0,0.9705654742604368,0.0967241990738686,1.7422750073157651,"[37, 4096]",0.9762061866554054,0.031387992203235626,0.9919877573983035,0,0,282.0137023925781,0.5687721306034212,0.08950075526978221,0.3468036651611328,94208,0,0,0.9911564829661991,"{""min"": 0.8300793520882029, ""p1"": 0.8665915213828242, ""p5"": 0.996204276285505, ""p25"": 0.9984288266648342, ""median"": 0.9988230594462072, ""p75"": 0.9991463198274738, ""p95"": 0.9994184222030089, ""p99"": 0.9994205162216196, ""max"": 0.9994208253188728}",0.12633677290902628,1.5480657896219354,"[23, 4096]",0.9778044327445652
R0_vs_O3p,A094,0.9995796092564264,0,0,0.0032958984375,0.0004062530092716387,0.08881873610872106,0.000217437744140625,155648,0,0,1.0003778984991187,0.02900417253576037,0.0006816412707383229,"[38, 4096]",0.9369924444901315,0.030363384634256363,0.995643344960914,0,0,282.0137023925781,0.6669629125005342,0.09460763341611914,0.3957829475402832,155648,0,0,0.9706486831992633,0.0965352927774189,1.7233542215984432,"[38, 4096]",0.9767423930921053,0.0333760567009449,0.9921494804705908,0,0,282.0137023925781,0.5606688675669224,0.08780025117053132,0.34812140464782715,98304,0,0,0.9908303200374484,"{""min"": 0.8300793520882029, ""p1"": 0.8682511654416707, ""p5"": 0.996272742173416, ""p25"": 0.998469730014465, ""median"": 0.9988374964428994, ""p75"": 0.9990838338167378, ""p95"": 0.9992635578181126, ""p99"": 0.9994685598413269, ""max"": 0.9995275861227431}",0.12506457766364304,1.5229281935285508,"[24, 4096]",0.9785868326822916
R0_vs_O3p,A095,0.9995517707793004,0,0,0.0032958984375,0.0004505232829295834,0.09380368763238679,0.000244140625,192512,0,0,1.0004068080278736,0.029949768290612723,0.0007126806722857736,"[47, 4096]",0.9341287815824468,0.030102020129561424,0.9959556075713846,0,0,282.0137023925781,0.6341071240206069,0.09302523118607282,0.39914393424987793,192512,0,0,0.9742337257758017,0.09243520917840467,1.5723993996744938,"[47, 4096]",0.9771183095079787,0.03218217194080353,0.9941387021806076,0,0,282.0137023925781,0.5428635447137684,0.08740308557653476,0.36441588401794434,135168,0,0,0.9944072720512619,"{""min"": 0.8300793520882029, ""p1"": 0.8831879619712886, ""p5"": 0.9969084211087685, ""p25"": 0.9983962233985347, ""median"": 0.9986604280277496, ""p75"": 0.9991009708946885, ""p95"": 0.9993869497250756, ""p99"": 0.9994746367782169, ""max"": 0.9994875367607675}",0.10811250138828406,1.3372294899956156,"[33, 4096]",0.9786191998106061
R0_vs_O3p,A096,0.9994674757994332,0,0,0.0032958984375,0.00046841982866435255,0.1068305787535737,0.000244140625,151552,0,0,1.0004323527413037,0.03264499665526067,0.0007588783306824851,"[37, 4096]",0.922680004222973,0.030220650136470795,0.9956780129469506,0,0,282.0137023925781,0.6802439539663012,0.09568791815760223,0.4019134044647217,151552,0,0,0.9707390601007585,0.09616260137432979,1.7446276210302967,"[37, 4096]",0.9762589738175675,0.03327742964029312,0.9923311721854985,0,0,282.0137023925781,0.5774125410147384,0.08924212739615253,0.35374176502227783,94208,0,0,0.9907526891629314,"{""min"": 0.8300793520882029, ""p1"": 0.8665915213828242, ""p5"": 0.9961753678744883, ""p25"": 0.9985047922974299, ""median"": 0.9988199741362283, ""p75"": 0.9991504145419192, ""p95"": 0.9994011735004523, ""p99"": 0.9994232874590491, ""max"": 0.9994239819088424}",0.12361770228250679,1.5523222469115827,"[23, 4096]",0.977889351222826
R0_vs_O3p,A097,0.9995712881693722,0,0,0.0032958984375,0.00042331709923359995,0.08919646037052388,0.00023651123046875,163840,0,0,1.0003943592810027,0.029290225562068402,0.0006911818329034642,"[40, 4096]",0.937335205078125,0.03037109412252903,0.9957548318071558,0,0,282.0137023925781,0.6579957456420743,0.09516747757074244,0.39347171783447266,163840,0,0,0.9700617579627759,0.09556384764269071,1.6935736144381988,"[40, 4096]",0.976629638671875,0.033156175166368484,0.9928205708083139,0,0,282.0137023925781,0.555049691241108,0.08918519465807392,0.3483295440673828,106496,0,0,0.9867696488234591,"{""min"": 0.8300793520882029, ""p1"": 0.8715704535593636, ""p5"": 0.9964212170203437, ""p25"": 0.9981255623485323, ""median"": 0.9986416083179286, ""p75"": 0.9990233780653869, ""p95"": 0.9994423425659922, ""p99"": 0.9994844534730442, ""max"": 0.9994875367607675}",0.11976613810556061,1.4875511485254644,"[26, 4096]",0.978271484375
R0_vs_O3p,A098,0.9995124150660197,0,0,0.0032958984375,0.0004514857668893802,0.09948293846187221,0.000240325927734375,172032,0,0,1.0004133530698813,0.03123689834441692,0.0007295542479164999,"[42, 4096]",0.9288853236607143,0.0310523621737957,0.9959143584099516,0,0,282.0137023925781,0.6424369672566259,0.09166962524722924,0.387890100479126,172032,0,0,0.9718337667005539,0.0934583629750121,1.6497985345009092,"[42, 4096]",0.9778064546130952,0.0339791439473629,0.9936913289480002,0,0,282.0137023925781,0.5390648132630044,0.0843657220951376,0.3447960615158081,114688,0,0,0.9898765318728046,"{""min"": 0.8300793520882029, ""p1"": 0.8748897416770564, ""p5"": 0.9963971272538559, ""p25"": 0.9984985911624698, ""median"": 0.9990203807292657, ""p75"": 0.9991474370104096, ""p95"": 0.9993569064075497, ""p99"": 0.9994989657471514, ""max"": 0.9995275861227431}",0.11221450641642698,1.4283161163730917,"[28, 4096]",0.97991943359375
R0_vs_O3p,A099,0.9995178111793404,0,0,0.0032958984375,0.00047369242839670543,0.0986255214750685,0.0002593994140625,176128,0,0,1.0004406876610064,0.031064398211794512,0.000741892980469169,"[43, 4096]",0.9303801780523255,0.029927099123597145,0.9958445213224636,0,0,282.0137023925781,0.6453754878052572,0.09361419206916385,0.39341866970062256,176128,0,0,0.9708570389941665,0.09443549981410819,1.643277900810845,"[43, 4096]",0.9771416242732558,0.03220972418785095,0.9934037777426952,0,0,282.0137023925781,0.546986486972824,0.08750090404325071,0.35373878479003906,118784,0,0,0.9873518398347592,"{""min"": 0.8300793520882029, ""p1"": 0.8765493857359028, ""p5"": 0.9966035490324917, ""p25"": 0.9983703813234043, ""median"": 0.9986628542928327, ""p75"": 0.9989045664715667, ""p95"": 0.9994123137915458, ""p99"": 0.9994700952454405, ""max"": 0.9994875367607675}",0.11482839509016714,1.425396890345915,"[29, 4096]",0.9788607893318966
R0_vs_O3p,A100,0.9994703542994362,0,0,0.0032958984375,0.0004519974069341048,0.10035326023404927,0.0002288818359375,151552,0,0,1.0004588672120902,0.03255745743048056,0.0007570116214584316,"[37, 4096]",0.9275760135135135,0.02920449711382389,0.9956144220433646,0,0,282.0137023925781,0.6732688845504281,0.09685625998323866,0.3974965810775757,151552,0,0,0.9706032133474014,0.09683740589095681,1.7441602190899592,"[37, 4096]",0.9760676203547297,0.031642746180295944,0.9919471650244058,0,0,282.0137023925781,0.5661917771718119,0.09112163381130677,0.349057674407959,94208,0,0,0.9912975106395336,"{""min"": 0.8300793520882029, ""p1"": 0.8665915213828242, ""p5"": 0.996188849484485, ""p25"": 0.9984134309603887, ""median"": 0.9988727119950911, ""p75"": 0.9990358042868781, ""p95"": 0.9994124606896535, ""p99"": 0.9994204115750263, ""max"": 0.9994208253188728}",0.12665403211451434,1.5514770744748536,"[23, 4096]",0.9775815217391305
