pair,pid,embeds.cosine,embeds.inf_a,embeds.inf_b,embeds.max_abs,embeds.mean_abs,embeds.mean_rel_elementwise_sym,embeds.median_abs,embeds.n,embeds.nan_a,embeds.nan_b,embeds.norm_ratio,embeds.rel_l2,embeds.rmse,embeds.shape,embeds.sign_agreement,prenorm.bf16_exact_match,prenorm.cosine,prenorm.inf_a,prenorm.inf_b,prenorm.max_abs,prenorm.mean_abs,prenorm.mean_rel_elementwise_sym,prenorm.median_abs,prenorm.n,prenorm.nan_a,prenorm.nan_b,prenorm.norm_ratio,prenorm.rel_l2,prenorm.rmse,prenorm.shape,prenorm.sign_agreement,prompt_embeds.bf16_exact_match,prompt_embeds.cosine,prompt_embeds.inf_a,prompt_embeds.inf_b,prompt_embeds.max_abs,prompt_embeds.mean_abs,prompt_embeds.mean_rel_elementwise_sym,prompt_embeds.median_abs,prompt_embeds.n,prompt_embeds.nan_a,prompt_embeds.nan_b,prompt_embeds.norm_ratio,prompt_embeds.per_token_cos,prompt_embeds.rel_l2,prompt_embeds.rmse,prompt_embeds.shape,prompt_embeds.sign_agreement
O0_vs_O3qL,A001,1.0,0,0,0.0,0.0,0.0,0.0,122880,0,0,0.0,0.0,0.0,"[30, 4096]",1.0,0.03168945387005806,0.9980847505171969,0,0,155.28369140625,0.608234621986594,0.08965232949886288,0.3944277763366699,122880,0,0,0.9873676964981679,0.06278284823000778,1.1834181334966063,"[30, 4096]",0.9792887369791666,0.0360107421875,0.9970222796275663,0,0,79.12338256835938,0.5379726425828721,0.08439267910505298,0.34638965129852295,65536,0,0,1.001547279687256,"{""min"": 0.9638721853924851, ""p1"": 0.9688481669046526, ""p5"": 0.9887520929533224, ""p25"": 0.9986099757654774, ""median"": 0.9989053473155446, ""p75"": 0.9992887727772669, ""p95"": 0.9994426790863196, ""p99"": 0.9994587275536775, ""max"": 0.9994627396705169}",0.0772466798755189,0.9623147970455607,"[16, 4096]",0.9804229736328125
O0_vs_O3qL,A002,1.0,0,0,0.0,0.0,0.0,0.0,126976,0,0,0.0,0.0,0.0,"[31, 4096]",1.0,0.032407697290182114,0.9980871594901448,0,0,155.28369140625,0.5970294041544255,0.08946326614913971,0.3869924545288086,126976,0,0,0.9874974030099766,0.06272292247021251,1.1630233604350262,"[31, 4096]",0.9791535408266129,0.03706629201769829,0.9970407452531499,0,0,79.12338256835938,0.5216726559126661,0.0843573077257819,0.3381528854370117,69632,0,0,1.0021003122437795,"{""min"": 0.9638721853924851, ""p1"": 0.9691798990054638, ""p5"": 0.9904107534573782, ""p25"": 0.9986419186138557, ""median"": 0.9990435370682856, ""p75"": 0.9993596824201157, ""p95"": 0.9994504457979183, ""p99"": 0.9995204254042807, ""max"": 0.9995379203058712}",0.07704123261719553,0.9309629859828785,"[17, 4096]",0.9801097196691176
O0_vs_O3qL,A003,1.0,0,0,0.0,0.0,0.0,0.0,122880,0,0,0.0,0.0,0.0,"[30, 4096]",1.0,0.03127441555261612,0.9980633548197713,0,0,155.28369140625,0.6055404913507422,0.08981034672113325,0.39165496826171875,122880,0,0,0.987520109936343,0.0630927870566548,1.1800127226145345,"[30, 4096]",0.9791178385416667,0.0352325439453125,0.9968713422026214,0,0,79.12338256835938,0.5329211476406499,0.08468896139680995,0.343994140625,65536,0,0,1.0032290857549988,"{""min"": 0.9638721853924851, ""p1"": 0.9688481669046526, ""p5"": 0.9887520929533224, ""p25"": 0.9984716293329926, ""median"": 0.9989161957901108, ""p75"": 0.9993334774620846, ""p95"": 0.9994337710036625, ""p99"": 0.9994462362022202, ""max"": 0.9994493525018596}",0.07929658251287693,0.9544416791740296,"[16, 4096]",0.9801025390625
O0_vs_O3qL,A004,0.9999999999999998,0,0,0.0,0.0,0.0,0.0,131072,0,0,0.0,0.0,0.0,"[32, 4096]",1.0,0.0316162109375,0.9980967117825875,0,0,155.28369140625,0.6029303493342582,0.08945443576127829,0.3975105285644531,131072,0,0,0.987927912902452,0.06250086718959519,1.157724059583194,"[32, 4096]",0.979248046875,0.035400390625,0.99720953122402,0,0,79.12338256835938,0.5363497111346887,0.0846252736153259,0.3563286066055298,73728,0,0,1.0021003162509363,"{""min"": 0.9638721853924851, ""p1"": 0.9695116311062749, ""p5"": 0.992069413961434, ""p25"": 0.9985130876129553, ""median"": 0.9989120764086734, ""p75"": 0.9992615794246246, ""p95"": 0.9994277660328887, ""p99"": 0.9994284161390941, ""max"": 0.9994285786656454}",0.07481357239264655,0.9337154538472443,"[18, 4096]",0.980224609375
O0_vs_O3qL,A005,1.0,0,0,0.0,0.0,0.0,0.0,131072,0,0,0.0,0.0,0.0,"[32, 4096]",1.0,0.03216552734375,0.9981208627605803,0,0,155.28369140625,0.5957693234406065,0.08835724044942458,0.3889317512512207,131072,0,0,0.9876019191084707,0.062172272739789154,1.1526587242550481,"[32, 4096]",0.980072021484375,0.036376953125,0.9972894159526057,0,0,79.12338256835938,0.5236189984348635,0.08267470417203045,0.34403467178344727,73728,0,0,1.0007504186491072,"{""min"": 0.9638721853924851, ""p1"": 0.9695116311062749, ""p5"": 0.992069413961434, ""p25"": 0.9986914365239454, ""median"": 0.9990427687146021, ""p75"": 0.9993784747031141, ""p95"": 0.9994656053093914, ""p99"": 0.9994889981299843, ""max"": 0.9994948463351324}",0.07366002558088376,0.9225071587915088,"[18, 4096]",0.981689453125
O0_vs_O3qL,A006,1.0,0,0,0.0,0.0,0.0,0.0,135168,0,0,0.0,0.0,0.0,"[33, 4096]",1.0,0.03236712887883186,0.9981069776633715,0,0,155.28369140625,0.5927829823159493,0.08784436792167534,0.3924393653869629,135168,0,0,0.9881660668509057,0.06229994259604921,1.1403568190711468,"[33, 4096]",0.9797955137310606,0.03650544956326485,0.997282742858016,0,0,79.12338256835938,0.5222295809554979,0.08208300642790778,0.35222339630126953,77824,0,0,1.0026256504032378,"{""min"": 0.9638721853924851, ""p1"": 0.9698433632070861, ""p5"": 0.9937280744654898, ""p25"": 0.9986223507166366, ""median"": 0.9990182968535456, ""p75"": 0.9992598730352661, ""p95"": 0.9993229722330167, ""p99"": 0.9994074573791196, ""max"": 0.9994285786656454}",0.07386255789389688,0.9094849093281142,"[19, 4096]",0.9811240748355263
O0_vs_O3qL,A007,1.0000000000000002,0,0,0.0,0.0,0.0,0.0,122880,0,0,0.0,0.0,0.0,"[30, 4096]",1.0,0.03031412698328495,0.9980672728543775,0,0,155.28369140625,0.6206745812529334,0.09096632624399044,0.40327930450439453,122880,0,0,0.9871163927982565,0.0631002427176751,1.1980603449070626,"[30, 4096]",0.9787679036458333,0.0334320068359375,0.9969935228095781,0,0,79.12338256835938,0.5612975662072586,0.08685642300216714,0.36030125617980957,65536,0,0,0.9996992896540469,"{""min"": 0.9638721853924851, ""p1"": 0.9688481669046526, ""p5"": 0.9887520929533224, ""p25"": 0.9985507713153163, ""median"": 0.9987931400546983, ""p75"": 0.9991088205160787, ""p95"": 0.999461767378979, ""p99"": 0.9995414238782961, ""max"": 0.9995613380031254}",0.07753216526039278,0.9957063961803877,"[16, 4096]",0.9794464111328125
O0_vs_O3qL,A008,1.0,0,0,0.0,0.0,0.0,0.0,126976,0,0,0.0,0.0,0.0,"[31, 4096]",1.0,0.03164377436041832,0.9981207468811168,0,0,155.28369140625,0.6044158218071736,0.08897865662399312,0.3920001983642578,126976,0,0,0.9868138163437816,0.06231228870503714,1.1710356587004564,"[31, 4096]",0.9795315650201613,0.03567325323820114,0.997234849999173,0,0,79.12338256835938,0.5351420057500303,0.08347360800345582,0.34586843848228455,69632,0,0,0.9979149536322861,"{""min"": 0.9638721853924851, ""p1"": 0.9691798990054638, ""p5"": 0.9904107534573782, ""p25"": 0.9987272177910489, ""median"": 0.9990216248607059, ""p75"": 0.9992731453788941, ""p95"": 0.999438557281814, ""p99"": 0.9994704936366421, ""max"": 0.9994784777253491}",0.07431767278433976,0.9491018004512307,"[17, 4096]",0.9807990579044118
O0_vs_O3qL,A009,1.0,0,0,0.0,0.0,0.0,0.0,135168,0,0,0.0,0.0,0.0,"[33, 4096]",1.0,0.03313654288649559,0.9981631379085223,0,0,155.28369140625,0.5862691926601352,0.08675749931011645,0.38228821754455566,135168,0,0,0.9881452670683757,0.06140608973694256,1.1368556438035111,"[33, 4096]",0.9801654237689394,0.037841796875,0.9975398885859055,0,0,79.12338256835938,0.5109161568164525,0.08019528726046338,0.3368041515350342,77824,0,0,1.0013858182000803,"{""min"": 0.9638721853924851, ""p1"": 0.9698433632070861, ""p5"": 0.9937280744654898, ""p25"": 0.9987306991775451, ""median"": 0.9991379336328368, ""p75"": 0.9994131279720604, ""p95"": 0.9995185334683249, ""p99"": 0.9995723692413475, ""max"": 0.9995858281846032}",0.07020656560904064,0.9018398401142382,"[19, 4096]",0.9817665501644737
O0_vs_O3qL,A010,0.9999999999999999,0,0,0.0,0.0,0.0,0.0,126976,0,0,0.0,0.0,0.0,"[31, 4096]",1.0,0.0315098911523819,0.9981050407442073,0,0,155.28369140625,0.597406622561398,0.08975440427895832,0.38655519485473633,126976,0,0,0.9875658711536938,0.06242917376246257,1.1650958079023144,"[31, 4096]",0.9789881552419355,0.03542911261320114,0.9971669215382356,0,0,79.12338256835938,0.5223605247724395,0.08488820666839227,0.3379678726196289,69632,0,0,1.0016098777390199,"{""min"": 0.9638721853924851, ""p1"": 0.9691798990054638, ""p5"": 0.9904107534573782, ""p25"": 0.9985471543291515, ""median"": 0.9989906289447551, ""p75"": 0.9994233029202256, ""p95"": 0.9995141505667811, ""p99"": 0.9995162365324971, ""max"": 0.9995167580239261}",0.07535164530228118,0.9356764594944637,"[17, 4096]",0.9798081341911765
O0_vs_O3qL,A011,1.0,0,0,0.0,0.0,0.0,0.0,172032,0,0,0.0,0.0,0.0,"[42, 4096]",1.0,0.0337030328810215,0.998231488982977,0,0,155.28369140625,0.5486252908568487,0.08426658996625687,0.37233448028564453,172032,0,0,0.9883217079323854,0.06026689110366637,1.0386318943714887,"[42, 4096]",0.9809512183779762,0.0371791310608387,0.99789124459413,0,0,79.12338256835938,0.47867092277556367,0.07856820568920535,0.3381156921386719,114688,0,0,0.9983269404936534,"{""min"": 0.9638721853924851, ""p1"": 0.9728289521143865, ""p5"": 0.9973565270933845, ""p25"": 0.9987155745737961, ""median"": 0.9990685310482539, ""p75"": 0.999243670606467, ""p95"": 0.9994208852225204, ""p99"": 0.9994661422373977, ""max"": 0.9994800356132514}",0.06490958167556128,0.8042343928364282,"[28, 4096]",0.9824305943080357
O0_vs_O3qL,A012,1.0,0,0,0.0,0.0,0.0,0.0,167936,0,0,0.0,0.0,0.0,"[41, 4096]",1.0,0.033590178936719894,0.9982034616065593,0,0,155.28369140625,0.5531748350127855,0.0843651118473551,0.37426090240478516,167936,0,0,0.98875979296556,0.06065502546436594,1.0518985755894827,"[41, 4096]",0.9809213033536586,0.0371365025639534,0.9978136166272603,0,0,79.12338256835938,0.48298858730564226,0.07850676172061186,0.33805525302886963,110592,0,0,0.9999562239990378,"{""min"": 0.9638721853924851, ""p1"": 0.9724972200135753, ""p5"": 0.9973228416205031, ""p25"": 0.9987817167331627, ""median"": 0.9989659290269676, ""p75"": 0.9992385238382218, ""p95"": 0.9994232419866531, ""p99"": 0.9994328724622148, ""max"": 0.9994343810934418}",0.06612546589307364,0.8203106250765094,"[27, 4096]",0.9824399594907407
O0_vs_O3qL,A013,1.0000000000000002,0,0,0.0,0.0,0.0,0.0,151552,0,0,0.0,0.0,0.0,"[37, 4096]",1.0,0.031824059784412384,0.9981525840415869,0,0,155.28369140625,0.5680840432685088,0.08708200995530907,0.3787757158279419,151552,0,0,0.9881065314946066,0.06158199528172663,1.088056289164032,"[37, 4096]",0.9804291596283784,0.034912109375,0.9975404177260317,0,0,79.12338256835938,0.4947666618549113,0.08185858039397374,0.3403129577636719,94208,0,0,1.0003213824058972,"{""min"": 0.9638721853924851, ""p1"": 0.9711702916103307, ""p5"": 0.9971627577544179, ""p25"": 0.9986958435360842, ""median"": 0.9989462359095428, ""p75"": 0.999260030514473, ""p95"": 0.9994238977373268, ""p99"": 0.9994540071520526, ""max"": 0.9994611792892444}",0.07014876169630259,0.8496930905654064,"[23, 4096]",0.9819123641304348
O0_vs_O3qL,A014,1.0,0,0,0.0,0.0,0.0,0.0,159744,0,0,0.0,0.0,0.0,"[39, 4096]",1.0,0.03387920558452606,0.9982334633360683,0,0,155.28369140625,0.5594373894374047,0.08478363276025973,0.3737531900405884,159744,0,0,0.9884296342703637,0.06021683934273228,1.0687777067755937,"[39, 4096]",0.9806502904647436,0.037871092557907104,0.9978875685630181,0,0,79.12338256835938,0.4871432723914768,0.0786909863346036,0.33597707748413086,102400,0,0,0.9991025517140614,"{""min"": 0.9638721853924851, ""p1"": 0.9718337558119531, ""p5"": 0.9972493733723163, ""p25"": 0.9987862490066797, ""median"": 0.9991282723171566, ""p75"": 0.9992567093874725, ""p95"": 0.9994248208176574, ""p99"": 0.9994491735605937, ""max"": 0.99945567721163}",0.0649759701077616,0.8331047379691715,"[25, 4096]",0.982138671875
O0_vs_O3qL,A015,0.9999999999999998,0,0,0.0,0.0,0.0,0.0,151552,0,0,0.0,0.0,0.0,"[37, 4096]",1.0,0.032186973839998245,0.9981698739511201,0,0,155.28369140625,0.5754299077557458,0.08739701971603693,0.38472235202789307,151552,0,0,0.988262844360551,0.06127847886259146,1.0966911227534073,"[37, 4096]",0.9800464527027027,0.035495925694704056,0.9976454559837707,0,0,79.12338256835938,0.5065839221169881,0.08236533522644905,0.34763598442077637,94208,0,0,0.9998262486113855,"{""min"": 0.9638721853924851, ""p1"": 0.9711702916103307, ""p5"": 0.9971637052048944, ""p25"": 0.9985734707067869, ""median"": 0.9989172921170621, ""p75"": 0.9992633964523681, ""p95"": 0.9994911760254129, ""p99"": 0.9995965300657377, ""max"": 0.9996243920691281}",0.06861705335716171,0.8673674420716088,"[23, 4096]",0.9812967051630435
O0_vs_O3qL,A016,1.0000000000000002,0,0,0.0,0.0,0.0,0.0,159744,0,0,0.0,0.0,0.0,"[39, 4096]",1.0,0.032777443528175354,0.998198037620703,0,0,155.28369140625,0.5714630685134137,0.08644092951337541,0.3849754333496094,159744,0,0,0.9885957752446207,0.06076908040210338,1.0784335543231827,"[39, 4096]",0.9804186698717948,0.036152344197034836,0.9977881043681497,0,0,79.12338256835938,0.5059033317500508,0.08127636926946408,0.3509500026702881,102400,0,0,0.9996026569970766,"{""min"": 0.9638721853924851, ""p1"": 0.9718337558119531, ""p5"": 0.9972695381669487, ""p25"": 0.9987272177910489, ""median"": 0.9990110946986577, ""p75"": 0.9991358791745323, ""p95"": 0.9993880044387646, ""p99"": 0.9994224583149806, ""max"": 0.9994285786656454}",0.06649955926664455,0.8522952598639244,"[25, 4096]",0.98177734375
O0_vs_O3qL,A017,0.9999999999999998,0,0,0.0,0.0,0.0,0.0,147456,0,0,0.0,0.0,0.0,"[36, 4096]",1.0,0.0321180559694767,0.9981497783589383,0,0,155.28369140625,0.5597494805630908,0.08661080581712814,0.3654141426086426,147456,0,0,0.9881512072011357,0.06161973212535049,1.0905201543588512,"[36, 4096]",0.9803398980034722,0.03553355857729912,0.9974861804848564,0,0,79.12338256835938,0.47779567827270014,0.0808500904605261,0.31979358196258545,90112,0,0,1.001558461348121,"{""min"": 0.9638721853924851, ""p1"": 0.9708385595095196, ""p5"": 0.9971000915804359, ""p25"": 0.9987661412360934, ""median"": 0.9990590735521823, ""p75"": 0.9993045099328446, ""p95"": 0.9994649873029011, ""p99"": 0.9995374997503885, ""max"": 0.9995565165840503}",0.07097818829162388,0.8424766894916645,"[22, 4096]",0.9818337180397727
O0_vs_O3qL,A018,1.0,0,0,0.0,0.0,0.0,0.0,143360,0,0,0.0,0.0,0.0,"[35, 4096]",1.0,0.03227538987994194,0.9981245109992349,0,0,155.28369140625,0.5808766659920885,0.08771578053605723,0.3854842185974121,143360,0,0,0.9878997382471704,0.06206453512569874,1.1143010018506576,"[35, 4096]",0.9801618303571429,0.0359584279358387,0.9973843043409083,0,0,79.12338256835938,0.5091050919738682,0.08241739521318878,0.34607982635498047,86016,0,0,1.0006285085037818,"{""min"": 0.9638721853924851, ""p1"": 0.9705068274087084, ""p5"": 0.9970453954736015, ""p25"": 0.9986584641223962, ""median"": 0.9989065509305396, ""p75"": 0.9992341124171266, ""p95"": 0.9994285786656454, ""p99"": 0.9995169736961491, ""max"": 0.999539072453775}",0.07235381341058235,0.8799560928585325,"[21, 4096]",0.9816080729166666
O0_vs_O3qL,A019,1.0,0,0,0.0,0.0,0.0,0.0,155648,0,0,0.0,0.0,0.0,"[38, 4096]",1.0,0.03307462856173515,0.9981918397866634,0,0,155.28369140625,0.5604243370571567,0.08590428406400459,0.37357354164123535,155648,0,0,0.9880201387530861,0.06096322239869651,1.0788705052068666,"[38, 4096]",0.9804109272203947,0.0367635078728199,0.9977119123166882,0,0,79.12338256835938,0.48569368457917034,0.08021149063113066,0.33304357528686523,98304,0,0,0.9989048976501036,"{""min"": 0.9638721853924851, ""p1"": 0.9715020237111419, ""p5"": 0.9972166594527249, ""p25"": 0.9987223739891378, ""median"": 0.9990315045615624, ""p75"": 0.9992360486414203, ""p95"": 0.9994356455210222, ""p99"": 0.9995363079471349, ""max"": 0.9995661508932495}",0.06761925195817342,0.8424414293030954,"[24, 4096]",0.9818216959635416
O0_vs_O3qL,A020,1.0,0,0,0.0,0.0,0.0,0.0,159744,0,0,0.0,0.0,0.0,"[39, 4096]",1.0,0.033685147762298584,0.9981962341626136,0,0,155.28369140625,0.5589041931564049,0.08476620419129986,0.3738597631454468,159744,0,0,0.9884706779026162,0.06081829123004274,1.0701055114608227,"[39, 4096]",0.9808568709935898,0.037568360567092896,0.9977597125163384,0,0,79.12338256835938,0.48631148619311715,0.07866379776702624,0.3355369567871094,102400,0,0,0.9998050267517736,"{""min"": 0.9638721853924851, ""p1"": 0.9718337558119531, ""p5"": 0.9972540275869479, ""p25"": 0.9986878363735561, ""median"": 0.9990338833440261, ""p75"": 0.9992117928408327, ""p95"": 0.9994556999442578, ""p99"": 0.9995066933504673, ""max"": 0.9995216612950417}",0.06693085528839576,0.8357594954971673,"[25, 4096]",0.9824609375
O0_vs_O3qL,A021,1.0,0,0,0.0,0.0,0.0,0.0,167936,0,0,0.0,0.0,0.0,"[41, 4096]",1.0,0.033625904470682144,0.9982549483011218,0,0,155.28369140625,0.5520263644258393,0.08497365045751715,0.3720294237136841,167936,0,0,0.9895335828069886,0.059691878915031304,1.050644536119494,"[41, 4096]",0.9804508860518293,0.0371907539665699,0.9980078557733546,0,0,79.12338256835938,0.4812446134513906,0.07943083886937646,0.33577632904052734,110592,0,0,1.0011914290717254,"{""min"": 0.9638721853924851, ""p1"": 0.9724972200135753, ""p5"": 0.9972871211171629, ""p25"": 0.998812589327776, ""median"": 0.9990940656520368, ""p75"": 0.9992961887816371, ""p95"": 0.9994944074050073, ""p99"": 0.9995117122832312, ""max"": 0.9995170938198519}",0.06317004791527475,0.8178665455189403,"[27, 4096]",0.9817256221064815
O0_vs_O3qL,A022,1.0,0,0,0.0,0.0,0.0,0.0,155648,0,0,0.0,0.0,0.0,"[38, 4096]",1.0,0.03308748081326485,0.9981687684136195,0,0,155.28369140625,0.566334898455831,0.08663027093570144,0.3796522617340088,155648,0,0,0.9881201449408245,0.06131952867836691,1.0836461704811344,"[38, 4096]",0.9801796361019737,0.0367838554084301,0.9976385266042908,0,0,79.12338256835938,0.49505207346040453,0.08136096984465069,0.34338951110839844,98304,0,0,0.9993211451640003,"{""min"": 0.9638721853924851, ""p1"": 0.9715020237111419, ""p5"": 0.9972088928004263, ""p25"": 0.9986713293308161, ""median"": 0.9989550821562827, ""p75"": 0.9992119210941351, ""p95"": 0.999415394502186, ""p99"": 0.9994824989743747, ""max"": 0.9994986050406185}",0.06870372217018174,0.8520911728283523,"[24, 4096]",0.9814554850260416
O0_vs_O3qL,A023,1.0,0,0,0.0,0.0,0.0,0.0,143360,0,0,0.0,0.0,0.0,"[35, 4096]",1.0,0.03242187574505806,0.9981488126639686,0,0,155.28369140625,0.5812523076700538,0.08695366200313147,0.3831303119659424,143360,0,0,0.9875130583673248,0.06174193912541849,1.1198235622347992,"[35, 4096]",0.9800502232142857,0.0362025685608387,0.9974966172633282,0,0,79.12338256835938,0.5097311614371436,0.08114719765831252,0.3416663408279419,86016,0,0,0.9984322206222173,"{""min"": 0.9638721853924851, ""p1"": 0.9705068274087084, ""p5"": 0.9970453954736015, ""p25"": 0.9986874309364026, ""median"": 0.9989821554167391, ""p75"": 0.9992352790398069, ""p95"": 0.9994568855526174, ""p99"": 0.9994729184872537, ""max"": 0.9994769267209128}",0.07072039240462162,0.8915639096798467,"[21, 4096]",0.9814220610119048
O0_vs_O3qL,A024,1.0000000000000002,0,0,0.0,0.0,0.0,0.0,167936,0,0,0.0,0.0,0.0,"[41, 4096]",1.0,0.03401891142129898,0.9982975132080412,0,0,155.28369140625,0.5533188633489994,0.08470442529136038,0.37306904792785645,167936,0,0,0.9891045995385169,0.059047309713290204,1.052455255290681,"[41, 4096]",0.9807605278201219,0.0377875417470932,0.9981207178778024,0,0,79.12338256835938,0.4832072970013744,0.0790220154689162,0.337604284286499,110592,0,0,0.9992776616569767,"{""min"": 0.9638721853924851, ""p1"": 0.9724972200135753, ""p5"": 0.9973291868046241, ""p25"": 0.9988471931816159, ""median"": 0.9991010134351732, ""p75"": 0.9993336376647808, ""p95"": 0.9996144163131285, ""p99"": 0.9996685753487031, ""max"": 0.9996701873881779}",0.06128924099717341,0.8213941756211077,"[27, 4096]",0.9821958188657407
O0_vs_O3qL,A025,1.0,0,0,0.0,0.0,0.0,0.0,147456,0,0,0.0,0.0,0.0,"[36, 4096]",1.0,0.0334811732172966,0.9981846363443657,0,0,155.28369140625,0.5716508395522497,0.0858367300335411,0.37687456607818604,147456,0,0,0.9875140758576139,0.061166106849861956,1.1061536929295952,"[36, 4096]",0.9803738064236112,0.03776411712169647,0.9976553722098755,0,0,79.12338256835938,0.4972706293458693,0.07958342099647457,0.33582353591918945,90112,0,0,0.9976498738869305,"{""min"": 0.9638721853924851, ""p1"": 0.9708385595095196, ""p5"": 0.9970996866040525, ""p25"": 0.998724129281048, ""median"": 0.999100441787347, ""p75"": 0.9992595253265584, ""p95"": 0.9994337895739211, ""p99"": 0.9994425014307956, ""max"": 0.9994447443367377}",0.068437988946248,0.8751929050446742,"[22, 4096]",0.9818892045454546
O0_vs_O3qL,A026,0.9999999999999998,0,0,0.0,0.0,0.0,0.0,151552,0,0,0.0,0.0,0.0,"[37, 4096]",1.0,0.032140783965587616,0.9981962267476081,0,0,155.28369140625,0.5751476280623973,0.08615878083324362,0.3841550350189209,151552,0,0,0.9877774738555025,0.06093310527672395,1.0992502752019455,"[37, 4096]",0.980541332347973,0.035421621054410934,0.9977325329117537,0,0,79.12338256835938,0.5061298200016016,0.08037338571934678,0.34673070907592773,94208,0,0,0.9977628847002425,"{""min"": 0.9638721853924851, ""p1"": 0.9711702916103307, ""p5"": 0.997146650130602, ""p25"": 0.9987916174160041, ""median"": 0.9990364927645828, ""p75"": 0.9992003525912252, ""p95"": 0.9994260545333824, ""p99"": 0.9995037978098434, ""max"": 0.9995250134658993}",0.06730374202619423,0.8725633186396509,"[23, 4096]",0.9820928158967391
O0_vs_O3qL,A027,0.9999999999999998,0,0,0.0,0.0,0.0,0.0,155648,0,0,0.0,0.0,0.0,"[38, 4096]",1.0,0.03281763941049576,0.9982430476353314,0,0,155.28369140625,0.5626084101561087,0.08582925994903533,0.37502145767211914,155648,0,0,0.9884680167163519,0.06005305218881981,1.0788072961829087,"[38, 4096]",0.9803852282072368,0.0363566093146801,0.9979157124717847,0,0,79.12338256835938,0.4891518003191777,0.08009270244909596,0.3349270820617676,98304,0,0,0.9992753637864907,"{""min"": 0.9638721853924851, ""p1"": 0.9715020237111419, ""p5"": 0.9972065774028678, ""p25"": 0.9987952109442612, ""median"": 0.9991416052996893, ""p75"": 0.9993131407602492, ""p95"": 0.9995944732457074, ""p99"": 0.9996200094440686, ""max"": 0.9996222038449392}",0.06454517374388746,0.8423132548833361,"[24, 4096]",0.981781005859375
O0_vs_O3qL,A028,1.0000000000000002,0,0,0.0,0.0,0.0,0.0,143360,0,0,0.0,0.0,0.0,"[35, 4096]",1.0,0.03221958875656128,0.9981651238230795,0,0,155.28369140625,0.5805236062646145,0.08712451148783897,0.3819093704223633,143360,0,0,0.9880478599139433,0.06139010190789873,1.1181544228625075,"[35, 4096]",0.9798409598214286,0.035865418612957,0.9975892214112009,0,0,79.12338256835938,0.5085166590947449,0.0814319467994917,0.34054863452911377,86016,0,0,0.9999107478870782,"{""min"": 0.9638721853924851, ""p1"": 0.9705068274087084, ""p5"": 0.9970453954736015, ""p25"": 0.9986643311277014, ""median"": 0.9991681517267297, ""p75"": 0.9993133271196392, ""p95"": 0.999480040488755, ""p99"": 0.9995272143828814, ""max"": 0.999539007856413}",0.0694343921221511,0.8880655248506166,"[21, 4096]",0.9810732886904762
O0_vs_O3qL,A029,1.0000000000000002,0,0,0.0,0.0,0.0,0.0,155648,0,0,0.0,0.0,0.0,"[38, 4096]",1.0,0.032509252429008484,0.9982269090661375,0,0,155.28369140625,0.5703864958192251,0.08650674618261597,0.3825516700744629,155648,0,0,0.9875185038793923,0.06047898773879588,1.090876084338306,"[38, 4096]",0.9806357935855263,0.0358683280646801,0.9978468157679778,0,0,79.12338256835938,0.5014671026191119,0.08116538898559868,0.3459904193878174,98304,0,0,0.9962423771139179,"{""min"": 0.9638721853924851, ""p1"": 0.9715020237111419, ""p5"": 0.9972038439784009, ""p25"": 0.9987826415941348, ""median"": 0.9990570757235201, ""p75"": 0.9991825856641647, ""p95"": 0.9994641671840772, ""p99"": 0.9994793862892967, ""max"": 0.9994832225155146}",0.0656072136666551,0.8665748171593949,"[24, 4096]",0.982177734375
O0_vs_O3qL,A030,1.0,0,0,0.0,0.0,0.0,0.0,143360,0,0,0.0,0.0,0.0,"[35, 4096]",1.0,0.03332170844078064,0.9981868785065446,0,0,155.28369140625,0.5814418420983462,0.08688894474973063,0.3846651315689087,143360,0,0,0.9883958612455275,0.06098212522014488,1.1168631550417976,"[35, 4096]",0.9802664620535714,0.0377022884786129,0.9976922797200185,0,0,79.12338256835938,0.5100470521509644,0.08103933556931116,0.3442368507385254,86016,0,0,1.0006175241123074,"{""min"": 0.9638721853924851, ""p1"": 0.9705068274087084, ""p5"": 0.9970453954736015, ""p25"": 0.9987272177910489, ""median"": 0.999156308124758, ""p75"": 0.9993692338493272, ""p95"": 0.9994627071797362, ""p99"": 0.9994944047596287, ""max"": 0.9995023291546018}",0.0679608125453702,0.8853532436075554,"[21, 4096]",0.9817824590773809
O0_vs_O3qL,A031,1.0,0,0,0.0,0.0,0.0,0.0,135168,0,0,0.0,0.0,0.0,"[33, 4096]",1.0,0.031649503856897354,0.9981176852083904,0,0,155.28369140625,0.5968180915004434,0.08850107202375282,0.3955550193786621,135168,0,0,0.9873468675734103,0.06226633911489883,1.146295638085584,"[33, 4096]",0.9794995857007576,0.03525904566049576,0.9973111414913933,0,0,79.12338256835938,0.5292379284864613,0.08322359776309494,0.35695648193359375,77824,0,0,0.9990100860324437,"{""min"": 0.9638721853924851, ""p1"": 0.9698433632070861, ""p5"": 0.9937280744654898, ""p25"": 0.998645352884427, ""median"": 0.9988433829379821, ""p75"": 0.9991998331435266, ""p95"": 0.9993265522292043, ""p99"": 0.9993613271439069, ""max"": 0.9993700208725825}",0.07330329780909077,0.9223606357046111,"[19, 4096]",0.9806100945723685
O0_vs_O3qL,A032,0.9999999999999999,0,0,0.0,0.0,0.0,0.0,126976,0,0,0.0,0.0,0.0,"[31, 4096]",1.0,0.0314783900976181,0.998063815143645,0,0,155.28369140625,0.6034813065230522,0.0897888603440803,0.3937668800354004,126976,0,0,0.9874529071347817,0.06309684833400832,1.1730582456917622,"[31, 4096]",0.979216544858871,0.03537166863679886,0.9969614546695758,0,0,79.12338256835938,0.5334378896436914,0.0849510383165559,0.34809350967407227,69632,0,0,1.0015920741898037,"{""min"": 0.9638721853924851, ""p1"": 0.9691798990054638, ""p5"": 0.9904107534573782, ""p25"": 0.9985889294974309, ""median"": 0.9989104372637437, ""p75"": 0.9991329153320277, ""p95"": 0.9993587544460868, ""p99"": 0.9993772502033438, ""max"": 0.999381874142658}",0.07803397042484249,0.9536455445381273,"[17, 4096]",0.980224609375
O0_vs_O3qL,A033,1.0,0,0,0.0,0.0,0.0,0.0,147456,0,0,0.0,0.0,0.0,"[36, 4096]",1.0,0.0320027656853199,0.9981194006543149,0,0,155.28369140625,0.5714978267936507,0.08694737265747396,0.3801875114440918,147456,0,0,0.9884993273108107,0.062050043099159465,1.0980696041151696,"[36, 4096]",0.9803805881076388,0.03534490242600441,0.9973952369032099,0,0,79.12338256835938,0.4970202448317981,0.0814008361992738,0.3389573097229004,90112,0,0,1.002813565546064,"{""min"": 0.9638721853924851, ""p1"": 0.9708385595095196, ""p5"": 0.9970938860323989, ""p25"": 0.9986530119492352, ""median"": 0.9989955425699, ""p75"": 0.9992478506996321, ""p95"": 0.9993555032889598, ""p99"": 0.9994532536951558, ""max"": 0.9994791775737757}",0.0723332543721899,0.8583728987950218,"[22, 4096]",0.9819003018465909
O0_vs_O3qL,A034,0.9999999999999998,0,0,0.0,0.0,0.0,0.0,131072,0,0,0.0,0.0,0.0,"[32, 4096]",1.0,0.03034210205078125,0.9980777894176769,0,0,155.28369140625,0.5975707122630354,0.08968344533161743,0.3917440176010132,131072,0,0,0.9876356188581884,0.06284715743068851,1.151816395933634,"[32, 4096]",0.9792556762695312,0.0331353098154068,0.9970435358582609,0,0,79.12338256835938,0.5268214674525148,0.08503240174037326,0.34877657890319824,73728,0,0,1.00216123508187,"{""min"": 0.9638721853924851, ""p1"": 0.9695116311062749, ""p5"": 0.992069413961434, ""p25"": 0.9987280837606041, ""median"": 0.9989506586095263, ""p75"": 0.9992069342825955, ""p95"": 0.9993725922048596, ""p99"": 0.9993784460793578, ""max"": 0.9993799095479823}",0.07700895044474412,0.9206348731922006,"[18, 4096]",0.9802381727430556
O0_vs_O3qL,A035,0.9999999999999999,0,0,0.0,0.0,0.0,0.0,122880,0,0,0.0,0.0,0.0,"[30, 4096]",1.0,0.03111979179084301,0.998063279673589,0,0,155.28369140625,0.6182766279122612,0.09142934188991635,0.4048534035682678,122880,0,0,0.9873704431059115,0.06311914543988859,1.1904505247305113,"[30, 4096]",0.9784016927083333,0.034942626953125,0.9969366587314283,0,0,79.12338256835938,0.5568014036934983,0.08772457733827821,0.3645821809768677,65536,0,0,1.001488741901082,"{""min"": 0.9638721853924851, ""p1"": 0.9688481669046526, ""p5"": 0.9887520929533224, ""p25"": 0.9982543825833015, ""median"": 0.9989780820355115, ""p75"": 0.9991381490570653, ""p95"": 0.9993919077446258, ""p99"": 0.9994470788907092, ""max"": 0.99946087167723}",0.07834551639117147,0.9784431349113423,"[16, 4096]",0.978759765625
O0_vs_O3qL,A036,1.0,0,0,0.0,0.0,0.0,0.0,131072,0,0,0.0,0.0,0.0,"[32, 4096]",1.0,0.03214263916015625,0.9981234581934758,0,0,155.28369140625,0.6017444215505066,0.08802909930294198,0.3958125114440918,131072,0,0,0.9879521537298922,0.0620726802900359,1.1554978086395546,"[32, 4096]",0.9801025390625,0.0363362617790699,0.9973404975024932,0,0,79.12338256835938,0.5342413950746858,0.08209134213383916,0.3551177978515625,73728,0,0,1.0016635182474858,"{""min"": 0.9638721853924851, ""p1"": 0.9695116311062749, ""p5"": 0.992069413961434, ""p25"": 0.9985422205650242, ""median"": 0.9989668724560421, ""p75"": 0.9992717014729293, ""p95"": 0.9995403233342606, ""p99"": 0.999552809238904, ""max"": 0.9995559307150649}",0.0730110988127283,0.9287999390436172,"[18, 4096]",0.9817437065972222
O0_vs_O3qL,A037,1.0,0,0,0.0,0.0,0.0,0.0,131072,0,0,0.0,0.0,0.0,"[32, 4096]",1.0,0.03141021728515625,0.9980566144585283,0,0,155.28369140625,0.6052220284053647,0.08958722363661657,0.39716005325317383,131072,0,0,0.9875015539317751,0.06320129459358022,1.1614703758763778,"[32, 4096]",0.9791488647460938,0.0350341796875,0.9969700371391153,0,0,79.12338256835938,0.5404238072611002,0.08486134094926065,0.3561527729034424,73728,0,0,1.0012960610705903,"{""min"": 0.9638721853924851, ""p1"": 0.9695116311062749, ""p5"": 0.992069413961434, ""p25"": 0.998134764632754, ""median"": 0.998844177959175, ""p75"": 0.9992037915617499, ""p95"": 0.9993040305275387, ""p99"": 0.999317322565339, ""max"": 0.9993206455747891}",0.07790673610084407,0.941950453591345,"[18, 4096]",0.9800482855902778
O0_vs_O3qL,A038,1.0000000000000002,0,0,0.0,0.0,0.0,0.0,131072,0,0,0.0,0.0,0.0,"[32, 4096]",1.0,0.0320892333984375,0.9981583256969739,0,0,155.28369140625,0.596812171945146,0.0878824505372295,0.3883810043334961,131072,0,0,0.987021235760386,0.06167650779730136,1.1573458753532235,"[32, 4096]",0.9796066284179688,0.0362413190305233,0.997463549095377,0,0,79.12338256835938,0.5254729513318226,0.08183063321701696,0.34229516983032227,73728,0,0,0.9975226095026845,"{""min"": 0.9638721853924851, ""p1"": 0.9695116311062749, ""p5"": 0.992069413961434, ""p25"": 0.9987033348660954, ""median"": 0.9989438161231835, ""p75"": 0.9993400903004983, ""p95"": 0.9995260121272187, ""p99"": 0.9995680403599494, ""max"": 0.999578547418132}",0.07117915224407989,0.9328815913744383,"[18, 4096]",0.9808620876736112
O0_vs_O3qL,A039,0.9999999999999998,0,0,0.0,0.0,0.0,0.0,139264,0,0,0.0,0.0,0.0,"[34, 4096]",1.0,0.03317440301179886,0.9981912034878943,0,0,155.28369140625,0.5842287005890713,0.08627716308033814,0.38439834117889404,139264,0,0,0.9882647217145124,0.06093321196019366,1.1298828414802247,"[34, 4096]",0.9801456227022058,0.03767089918255806,0.9976951645946633,0,0,79.12338256835938,0.5112149720878278,0.0797068262723229,0.34192848205566406,81920,0,0,1.000356818443161,"{""min"": 0.9638721853924851, ""p1"": 0.9701750953078973, ""p5"": 0.9953867349695457, ""p25"": 0.9987326627301761, ""median"": 0.9991798370460592, ""p75"": 0.9993931132567724, ""p95"": 0.9994862111290287, ""p99"": 0.999620394096918, ""max"": 0.9996539398388904}",0.06790760594835557,0.9002233040522829,"[20, 4096]",0.98165283203125
O0_vs_O3qL,A040,1.0000000000000002,0,0,0.0,0.0,0.0,0.0,131072,0,0,0.0,0.0,0.0,"[32, 4096]",1.0,0.031890869140625,0.9980860593915085,0,0,155.28369140625,0.6080242701416694,0.08946296144236329,0.4010787010192871,131072,0,0,0.9882867355026748,0.06261185827787377,1.1670190677268506,"[32, 4096]",0.9790725708007812,0.035888671875,0.997226311250565,0,0,79.12338256835938,0.5454055703478642,0.08464043038169927,0.3628372550010681,73728,0,0,1.0027795769591097,"{""min"": 0.9638721853924851, ""p1"": 0.9695116311062749, ""p5"": 0.992069413961434, ""p25"": 0.9986830508671903, ""median"": 0.9988824019972321, ""p75"": 0.9992122998952044, ""p95"": 0.9994055445028138, ""p99"": 0.9994296434121308, ""max"": 0.99943566813946}",0.07463593577909665,0.9540648149181132,"[18, 4096]",0.9799126519097222
O0_vs_O3qL,A041,1.0,0,0,0.0,0.0,0.0,0.0,159744,0,0,0.0,0.0,0.0,"[39, 4096]",1.0,0.034198466688394547,0.9982210624443821,0,0,155.28369140625,0.5429088841707804,0.08392843403627566,0.3569509983062744,159744,0,0,0.9890663400837034,0.06032014119603846,1.0585836369982369,"[39, 4096]",0.9807629707532052,0.03836914151906967,0.9978538532652574,0,0,79.12338256835938,0.4613588041755429,0.0773568763251885,0.3143458366394043,102400,0,0,1.001831871923047,"{""min"": 0.9638721853924851, ""p1"": 0.9718337558119531, ""p5"": 0.9972343413147974, ""p25"": 0.9987667459850177, ""median"": 0.9990941952246087, ""p75"": 0.999446245341555, ""p95"": 0.9995529581713603, ""p99"": 0.9995737888783123, ""max"": 0.9995782433235604}",0.06560115971626394,0.8125469901844168,"[25, 4096]",0.982314453125
O0_vs_O3qL,A042,1.0,0,0,0.0,0.0,0.0,0.0,147456,0,0,0.0,0.0,0.0,"[36, 4096]",1.0,0.0338270403444767,0.9981602078534557,0,0,155.28369140625,0.5659781283897145,0.08621421202258474,0.37390613555908203,147456,0,0,0.9886885341136716,0.061367027477139215,1.094729842581072,"[36, 4096]",0.9802992078993056,0.038330078125,0.9975796017985545,0,0,79.12338256835938,0.48798801107990253,0.08020111879672778,0.3306201696395874,90112,0,0,1.0026749587569272,"{""min"": 0.9638721853924851, ""p1"": 0.9708385595095196, ""p5"": 0.9971011506349458, ""p25"": 0.9987302489724184, ""median"": 0.9990567042895977, ""p75"": 0.9993721130941358, ""p95"": 0.999494653125579, ""p99"": 0.999538983034457, ""max"": 0.9995506366636194}",0.06972016019754758,0.8513637550131102,"[22, 4096]",0.9817671342329546
O0_vs_O3qL,A043,0.9999999999999998,0,0,0.0,0.0,0.0,0.0,151552,0,0,0.0,0.0,0.0,"[37, 4096]",1.0,0.033605627715587616,0.9981752782545967,0,0,155.28369140625,0.5697741386046973,0.08607157427811277,0.38013386726379395,151552,0,0,0.9883891777672308,0.061170921556787654,1.0903021739173844,"[37, 4096]",0.9803367820945946,0.037778109312057495,0.997656062972831,0,0,79.12338256835938,0.49748551087399706,0.08023309691326666,0.34115004539489746,94208,0,0,1.0005460224048324,"{""min"": 0.9638721853924851, ""p1"": 0.9711702916103307, ""p5"": 0.9971547162892895, ""p25"": 0.9986540558671282, ""median"": 0.9990382774125981, ""p75"": 0.9992614676449457, ""p95"": 0.999422899463404, ""p99"": 0.9995161173160977, ""max"": 0.9995408077046868}",0.06848891792887797,0.8543117917685383,"[23, 4096]",0.9817637567934783
O0_vs_O3qL,A044,1.0,0,0,0.0,0.0,0.0,0.0,131072,0,0,0.0,0.0,0.0,"[32, 4096]",1.0,0.03237152099609375,0.9980963928278377,0,0,155.28369140625,0.5950265968794497,0.08778881805712242,0.38955163955688477,131072,0,0,0.98749463977611,0.0625778538448708,1.1531972335799388,"[32, 4096]",0.9799957275390625,0.0367431640625,0.9971499011628603,0,0,79.12338256835938,0.5222985956594736,0.0816641754746044,0.34463322162628174,73728,0,0,1.000963425954763,"{""min"": 0.9638721853924851, ""p1"": 0.9695116311062749, ""p5"": 0.992069413961434, ""p25"": 0.99869180507615, ""median"": 0.9988960588559791, ""p75"": 0.9992656921816644, ""p95"": 0.9993836997915184, ""p99"": 0.9994399080588695, ""max"": 0.9994539601257073}",0.07554215764879574,0.9237028575345007,"[18, 4096]",0.9815538194444444
O0_vs_O3qL,A045,1.0,0,0,0.0,0.0,0.0,0.0,135168,0,0,0.0,0.0,0.0,"[33, 4096]",1.0,0.03284801170229912,0.9981348094865793,0,0,155.28369140625,0.5880078342799441,0.08738501398636046,0.3866828680038452,135168,0,0,0.9882841657012468,0.061837992158344325,1.136052281671869,"[33, 4096]",0.9798842921401515,0.037340667098760605,0.9974120452427219,0,0,79.12338256835938,0.5139359027876995,0.08128518117183456,0.34299778938293457,77824,0,0,1.0026695904711869,"{""min"": 0.9638721853924851, ""p1"": 0.9698433632070861, ""p5"": 0.9937280744654898, ""p25"": 0.9987416926508135, ""median"": 0.999089193364323, ""p75"": 0.9993695220466581, ""p95"": 0.9994447130131672, ""p99"": 0.9994517982805038, ""max"": 0.9994535695973379}",0.0720892071433748,0.9000798180389347,"[19, 4096]",0.9812782689144737
O0_vs_O3qL,A046,1.0000000000000002,0,0,0.0,0.0,0.0,0.0,126976,0,0,0.0,0.0,0.0,"[31, 4096]",1.0,0.031163370236754417,0.9980647229055751,0,0,155.28369140625,0.6134067886067925,0.09068900563480674,0.4070080518722534,126976,0,0,0.987602230934626,0.06305769286661882,1.1718612907279324,"[31, 4096]",0.9790826612903226,0.034797221422195435,0.9969716395256732,0,0,79.12338256835938,0.5515372981493355,0.08659247972905704,0.3701605796813965,69632,0,0,1.002262335632822,"{""min"": 0.9638721853924851, ""p1"": 0.9691798990054638, ""p5"": 0.9904107534573782, ""p25"": 0.9985681042289188, ""median"": 0.9989615348324186, ""p75"": 0.9990507827335758, ""p95"": 0.9994327199980857, ""p99"": 0.9994459770449835, ""max"": 0.999449291306708}",0.07794575964598197,0.9509582585956088,"[17, 4096]",0.97998046875
O0_vs_O3qL,A047,1.0,0,0,0.0,0.0,0.0,0.0,135168,0,0,0.0,0.0,0.0,"[33, 4096]",1.0,0.03241891413927078,0.9981383401449629,0,0,155.28369140625,0.5919949377292307,0.08782395213577505,0.3878908157348633,135168,0,0,0.9881773074440822,0.06179867397547315,1.1410624787576393,"[33, 4096]",0.9795365767045454,0.03659539297223091,0.997441692933152,0,0,79.12338256835938,0.5208608719364604,0.08204754743134408,0.34478187561035156,77824,0,0,1.0017600311147465,"{""min"": 0.9638721853924851, ""p1"": 0.9698433632070861, ""p5"": 0.9937280744654898, ""p25"": 0.9986361309122727, ""median"": 0.9990845110093999, ""p75"": 0.9993869805543121, ""p95"": 0.9994978673347766, ""p99"": 0.9995018975523015, ""max"": 0.9995029051066827}",0.07161506296372533,0.9110208297141787,"[19, 4096]",0.9806743421052632
O0_vs_O3qL,A048,1.0000000000000002,0,0,0.0,0.0,0.0,0.0,139264,0,0,0.0,0.0,0.0,"[34, 4096]",1.0,0.031580306589603424,0.9981134285645226,0,0,155.28369140625,0.5826910250377884,0.08831880206776602,0.3846651315689087,139264,0,0,0.9882911571646189,0.062177654624686045,1.1241394001371448,"[34, 4096]",0.9795998965992647,0.03496093675494194,0.9973276891280992,0,0,79.12338256835938,0.508600923650647,0.08317761255095027,0.3434286117553711,81920,0,0,1.0028138770530153,"{""min"": 0.9638721853924851, ""p1"": 0.9701750953078973, ""p5"": 0.9953867349695457, ""p25"": 0.9986579157999238, ""median"": 0.9990031539791389, ""p75"": 0.999270819139431, ""p95"": 0.9993927502655722, ""p99"": 0.9994214129856307, ""max"": 0.9994285786656454}",0.07326376154930828,0.8879155711308221,"[20, 4096]",0.98072509765625
O0_vs_O3qL,A049,1.0,0,0,0.0,0.0,0.0,0.0,159744,0,0,0.0,0.0,0.0,"[39, 4096]",1.0,0.033059146255254745,0.9982549933326741,0,0,155.28369140625,0.5654094910136896,0.08474274169877385,0.37915992736816406,159744,0,0,0.9879751373090658,0.059938666370296254,1.0820756863546441,"[39, 4096]",0.9808005308493589,0.036591798067092896,0.9979623585610943,0,0,79.12338256835938,0.4964597508504812,0.0786271962786857,0.34230804443359375,102400,0,0,0.9968455197624247,"{""min"": 0.9638721853924851, ""p1"": 0.9718337558119531, ""p5"": 0.997232351228947, ""p25"": 0.9986854020155372, ""median"": 0.9990347986338292, ""p75"": 0.9993164279650758, ""p95"": 0.9994663425456844, ""p99"": 0.9995024267596291, ""max"": 0.9995108404156084}",0.06381518803609162,0.8594664806993415,"[25, 4096]",0.982373046875
O0_vs_O3qL,A050,0.9999999999999998,0,0,0.0,0.0,0.0,0.0,143360,0,0,0.0,0.0,0.0,"[35, 4096]",1.0,0.03294503316283226,0.9981631990268109,0,0,155.28369140625,0.5815048205804487,0.08682796227747332,0.38701915740966797,143360,0,0,0.9888714317834588,0.06129082351434292,1.1133741254319829,"[35, 4096]",0.9800432477678571,0.0370744988322258,0.9976118308236863,0,0,79.12338256835938,0.5101520162878019,0.08093769811554895,0.34823980927467346,86016,0,0,1.002909324322394,"{""min"": 0.9638721853924851, ""p1"": 0.9705068274087084, ""p5"": 0.9970453954736015, ""p25"": 0.9987390032060475, ""median"": 0.9991718002283403, ""p75"": 0.9992825715490817, ""p95"": 0.9994737980494139, ""p99"": 0.9995502602017114, ""max"": 0.9995693757397859}",0.0692726384511337,0.8779985342350771,"[21, 4096]",0.9814104352678571
O0_vs_O3qL,A051,1.0,0,0,0.0,0.0,0.0,0.0,139264,0,0,0.0,0.0,0.0,"[34, 4096]",1.0,0.033605240285396576,0.9981931737971074,0,0,155.28369140625,0.5742435965083078,0.08642982235618765,0.37297940254211426,139264,0,0,0.9881209991542852,0.060924842936963645,1.1195897458410253,"[34, 4096]",0.9800091911764706,0.03840332105755806,0.9976693079517565,0,0,79.12338256835938,0.4942402951505301,0.07996634704126711,0.32453012466430664,81920,0,0,1.0006230874450475,"{""min"": 0.9638721853924851, ""p1"": 0.9701750953078973, ""p5"": 0.9953867349695457, ""p25"": 0.9987141743355329, ""median"": 0.9991477311340473, ""p75"": 0.9994355414828431, ""p95"": 0.9996326465584698, ""p99"": 0.9997131081264526, ""max"": 0.9997332235184484}",0.06829843910631166,0.8780889107285296,"[20, 4096]",0.9814208984375
O0_vs_O3qL,A052,0.9999999999999998,0,0,0.0,0.0,0.0,0.0,147456,0,0,0.0,0.0,0.0,"[36, 4096]",1.0,0.0329115130007267,0.9981853450430274,0,0,155.28369140625,0.575867077942601,0.0873040198928777,0.38021230697631836,147456,0,0,0.9881939916006868,0.061039692700258795,1.103042104432897,"[36, 4096]",0.9798244900173612,0.036831941455602646,0.9976809577374126,0,0,79.12338256835938,0.5041699285300804,0.08198444076629811,0.33974337577819824,90112,0,0,0.9999075786388465,"{""min"": 0.9638721853924851, ""p1"": 0.9708385595095196, ""p5"": 0.9971031711497402, ""p25"": 0.9986335454265054, ""median"": 0.9991802400618626, ""p75"": 0.9993228926423756, ""p95"": 0.9995570344779056, ""p99"": 0.9996198852859114, ""max"": 0.9996351725657623}",0.06810039947605075,0.8687428159705791,"[22, 4096]",0.9809903231534091
O0_vs_O3qL,A053,0.9999999999999998,0,0,0.0,0.0,0.0,0.0,143360,0,0,0.0,0.0,0.0,"[35, 4096]",1.0,0.03267299011349678,0.9981895765885805,0,0,155.28369140625,0.5810492395268998,0.0868639158954194,0.38496875762939453,143360,0,0,0.9885091185134557,0.06092027953361123,1.11299648502097,"[35, 4096]",0.9802734375,0.03662109375,0.9976992924233125,0,0,79.12338256835938,0.5093927145318871,0.08099762081212579,0.3450796604156494,86016,0,0,1.0011891678493485,"{""min"": 0.9638721853924851, ""p1"": 0.9705068274087084, ""p5"": 0.9970453954736015, ""p25"": 0.9987086802220204, ""median"": 0.9991591724307783, ""p75"": 0.9993137143334173, ""p95"": 0.9996341707004744, ""p99"": 0.9996858244419308, ""max"": 0.9996987378772949}",0.06788446897862704,0.8772001749496023,"[21, 4096]",0.9817940848214286
O0_vs_O3qL,A054,1.0000000000000002,0,0,0.0,0.0,0.0,0.0,151552,0,0,0.0,0.0,0.0,"[37, 4096]",1.0,0.03443702310323715,0.9982964880025124,0,0,155.28369140625,0.5596083051578544,0.08443328359112443,0.370114803314209,151552,0,0,0.9891543263721947,0.05905676219641995,1.082791249470629,"[37, 4096]",0.9806139146959459,0.03911557421088219,0.9981034738411171,0,0,79.12338256835938,0.48113177880733693,0.07759758580811153,0.32673168182373047,94208,0,0,1.0008149036352971,"{""min"": 0.9638721853924851, ""p1"": 0.9711702916103307, ""p5"": 0.9971588873746972, ""p25"": 0.9988479232583432, ""median"": 0.9993660026239662, ""p75"": 0.9994712717888545, ""p95"": 0.9996134617458333, ""p99"": 0.9996885183533872, ""max"": 0.9997093095312684}",0.06161823884065411,0.8388036735775081,"[23, 4096]",0.9822095788043478
O0_vs_O3qL,A055,1.0,0,0,0.0,0.0,0.0,0.0,143360,0,0,0.0,0.0,0.0,"[35, 4096]",1.0,0.03244280070066452,0.9982053999452583,0,0,155.28369140625,0.5739198303536925,0.08696890640775373,0.37707948684692383,143360,0,0,0.9883842694543147,0.06068306291088711,1.1089723474163304,"[35, 4096]",0.9801618303571429,0.0362374447286129,0.9977466609232947,0,0,79.12338256835938,0.49751036590987496,0.08117260499934963,0.33261680603027344,86016,0,0,1.0007555363166087,"{""min"": 0.9638721853924851, ""p1"": 0.9705068274087084, ""p5"": 0.9970453954736015, ""p25"": 0.9987272177910489, ""median"": 0.9992313208674991, ""p75"": 0.9994285786656454, ""p95"": 0.9995825993413886, ""p99"": 0.9997041060880733, ""max"": 0.9997344827747444}",0.06716140221546152,0.8686642809739747,"[21, 4096]",0.9816080729166666
O0_vs_O3qL,A056,0.9999999999999998,0,0,0.0,0.0,0.0,0.0,151552,0,0,0.0,0.0,0.0,"[37, 4096]",1.0,0.0339091531932354,0.9981962876386461,0,0,155.28369140625,0.5739318071692602,0.08536149879434489,0.38443636894226074,151552,0,0,0.9886588587929923,0.06078761299320326,1.0941911902631678,"[37, 4096]",0.9804027660472973,0.038266390562057495,0.9977588729114948,0,0,79.12338256835938,0.5041739342169896,0.07909080156981405,0.3470165729522705,94208,0,0,1.0006429279005244,"{""min"": 0.9638721853924851, ""p1"": 0.9711702916103307, ""p5"": 0.9971588288562804, ""p25"": 0.9987492998233565, ""median"": 0.9990821789912244, ""p75"": 0.9993197967369578, ""p95"": 0.9994652882954352, ""p99"": 0.9995040220043843, ""max"": 0.9995136703149379}",0.06697424355349633,0.862273367542482,"[23, 4096]",0.9818699048913043
O0_vs_O3qL,A057,1.0,0,0,0.0,0.0,0.0,0.0,135168,0,0,0.0,0.0,0.0,"[33, 4096]",1.0,0.03277403116226196,0.9981474594258881,0,0,155.28369140625,0.5939748124549927,0.0874278663079987,0.38779115676879883,135168,0,0,0.9879839730465314,0.06168424188581764,1.1436461023433517,"[33, 4096]",0.979788115530303,0.03721217066049576,0.997482107431596,0,0,79.12338256835938,0.5242996017233101,0.08135960888836416,0.34501028060913086,77824,0,0,1.0006805940089512,"{""min"": 0.9638721853924851, ""p1"": 0.9698433632070861, ""p5"": 0.9937280744654898, ""p25"": 0.9987147902259716, ""median"": 0.999128212089667, ""p75"": 0.9992859218077255, ""p95"": 0.9995736508428633, ""p99"": 0.9995780713993353, ""max"": 0.9995791765384533}",0.07099067312124396,0.9166303674907207,"[19, 4096]",0.9811112253289473
O0_vs_O3qL,A058,0.9999999999999998,0,0,0.0,0.0,0.0,0.0,135168,0,0,0.0,0.0,0.0,"[33, 4096]",1.0,0.03235973045229912,0.9981139161595416,0,0,155.28369140625,0.5872751154327654,0.08758546420556988,0.3849913477897644,135168,0,0,0.9883733340589919,0.06215697312707262,1.135777933538703,"[33, 4096]",0.9796475497159091,0.03649259731173515,0.9973123115415402,0,0,79.12338256835938,0.5126632858425996,0.08163333155256672,0.3406083583831787,77824,0,0,1.003609479950328,"{""min"": 0.9638721853924851, ""p1"": 0.9698433632070861, ""p5"": 0.9937280744654898, ""p25"": 0.9987365007261182, ""median"": 0.9991003223410593, ""p75"": 0.9992454478508755, ""p95"": 0.999430048144896, ""p99"": 0.9994406283955007, ""max"": 0.999443273458152}",0.07353779693218498,0.8994782671811072,"[19, 4096]",0.9808670847039473
O0_vs_O3qL,A059,1.0000000000000002,0,0,0.0,0.0,0.0,0.0,143360,0,0,0.0,0.0,0.0,"[35, 4096]",1.0,0.0322963185608387,0.9981365422827861,0,0,155.28369140625,0.5770358497901336,0.08798457957202788,0.3794558048248291,143360,0,0,0.9882461317511037,0.06181636660504114,1.1128567117208599,"[35, 4096]",0.9799107142857143,0.0359933041036129,0.9974562808806493,0,0,79.12338256835938,0.5027037316372766,0.0828653936064732,0.33656883239746094,86016,0,0,1.001608183537624,"{""min"": 0.9638721853924851, ""p1"": 0.9705068274087084, ""p5"": 0.9970453954736015, ""p25"": 0.9986815756550382, ""median"": 0.9990144493777013, ""p75"": 0.9992496776973402, ""p95"": 0.9994285786656454, ""p99"": 0.9994512080261029, ""max"": 0.9994568653662173}",0.07140172286028308,0.8769045684604628,"[21, 4096]",0.9811895461309523
O0_vs_O3qL,A060,1.0000000000000002,0,0,0.0,0.0,0.0,0.0,139264,0,0,0.0,0.0,0.0,"[34, 4096]",1.0,0.03326056897640228,0.9981798450683768,0,0,155.28369140625,0.585051788025901,0.08665250579261018,0.3838786482810974,139264,0,0,0.987714017479768,0.061208908227358555,1.1271560272824814,"[34, 4096]",0.9798655790441176,0.03781738132238388,0.9976130397642134,0,0,79.12338256835938,0.5126142207304383,0.08034490888318538,0.34091150760650635,81920,0,0,0.9990629035172123,"{""min"": 0.9638721853924851, ""p1"": 0.9701750953078973, ""p5"": 0.9953867349695457, ""p25"": 0.9986798621492867, ""median"": 0.9990268320477069, ""p75"": 0.9994072329798369, ""p95"": 0.9995524279094735, ""p99"": 0.9996160162929286, ""max"": 0.9996319133887924}",0.06906753938941629,0.8943932600283095,"[20, 4096]",0.9811767578125
O0_vs_O3qL,A061,0.9999999999999998,0,0,0.0,0.0,0.0,0.0,159744,0,0,0.0,0.0,0.0,"[39, 4096]",1.0,0.03299654275178909,0.9982251812335002,0,0,155.28369140625,0.561283072674763,0.08539117629899265,0.37326669692993164,159744,0,0,0.9880628933259842,0.06041324065849433,1.0756974621137878,"[39, 4096]",0.9804124098557693,0.036494139581918716,0.9978574042719983,0,0,79.12338256835938,0.4900225382417557,0.07963875425502699,0.334122896194458,102400,0,0,0.9978311853054694,"{""min"": 0.9638721853924851, ""p1"": 0.9718337558119531, ""p5"": 0.9972287186816994, ""p25"": 0.9986635278637811, ""median"": 0.9991744000016052, ""p75"": 0.9993002950297638, ""p95"": 0.9995233682869389, ""p99"": 0.9995738367844061, ""max"": 0.99958501628227}",0.06542630531356419,0.8468841268336863,"[25, 4096]",0.981767578125
O0_vs_O3qL,A062,1.0,0,0,0.0,0.0,0.0,0.0,151552,0,0,0.0,0.0,0.0,"[37, 4096]",1.0,0.03373759612441063,0.9982229899190102,0,0,155.28369140625,0.5680362370729544,0.0859918744295212,0.37708908319473267,151552,0,0,0.9881509716650514,0.06043432757018041,1.0913492141757752,"[37, 4096]",0.9805215371621622,0.037990402430295944,0.9978296938729749,0,0,79.12338256835938,0.49468975623597583,0.08010488411335855,0.33744096755981445,94208,0,0,0.9988474818779486,"{""min"": 0.9638721853924851, ""p1"": 0.9711702916103307, ""p5"": 0.997152384532691, ""p25"": 0.9987489006524846, ""median"": 0.9991669604017364, ""p75"": 0.9993561992816504, ""p95"": 0.9995450645421566, ""p99"": 0.9996323840769958, ""max"": 0.9996533621092107}",0.06585543195355291,0.8564597735822463,"[23, 4096]",0.9820609714673914
O0_vs_O3qL,A063,1.0,0,0,0.0,0.0,0.0,0.0,135168,0,0,0.0,0.0,0.0,"[33, 4096]",1.0,0.03185665234923363,0.9981253640982777,0,0,155.28369140625,0.5885952759693309,0.08805727133329931,0.3861808776855469,135168,0,0,0.9878482631154162,0.06205945816949622,1.1390427790287576,"[33, 4096]",0.979684540719697,0.03561883047223091,0.9973484963705246,0,0,79.12338256835938,0.5149561962482135,0.0824527860375705,0.34218478202819824,77824,0,0,1.0011469378154954,"{""min"": 0.9638721853924851, ""p1"": 0.9698433632070861, ""p5"": 0.9937280744654898, ""p25"": 0.9987740444366174, ""median"": 0.9990081493491028, ""p75"": 0.9992469479271422, ""p95"": 0.999378267942896, ""p99"": 0.9994185165210955, ""max"": 0.9994285786656454}",0.07287252530868041,0.9066204123077087,"[19, 4096]",0.9809313322368421
O0_vs_O3qL,A064,1.0000000000000002,0,0,0.0,0.0,0.0,0.0,126976,0,0,0.0,0.0,0.0,"[31, 4096]",1.0,0.032155681401491165,0.9981028520275648,0,0,155.28369140625,0.6015848149224527,0.08874148394335578,0.39200639724731445,126976,0,0,0.9874699232618498,0.062480044402821365,1.1655397560318288,"[31, 4096]",0.9797835811491935,0.03660673275589943,0.9971491762532614,0,0,79.12338256835938,0.5299795814308335,0.08304111664464647,0.34618711471557617,69632,0,0,1.0012690761142107,"{""min"": 0.9638721853924851, ""p1"": 0.9691798990054638, ""p5"": 0.9904107534573782, ""p25"": 0.9986922422982164, ""median"": 0.9991457905758325, ""p75"": 0.9994059385961342, ""p95"": 0.9994615472809539, ""p99"": 0.9994687500690264, ""max"": 0.9994705507660444}",0.07556780976253748,0.9366841562837329,"[17, 4096]",0.9812586167279411
O0_vs_O3qL,A065,1.0000000000000002,0,0,0.0,0.0,0.0,0.0,143360,0,0,0.0,0.0,0.0,"[35, 4096]",1.0,0.03304268792271614,0.9981620926392597,0,0,155.28369140625,0.5752242244145496,0.08713706899509593,0.378082275390625,143360,0,0,0.9876796625993718,0.061500554123958606,1.1138762660199146,"[35, 4096]",0.9799455915178571,0.0372372567653656,0.9975433678181118,0,0,79.12338256835938,0.4996843560113034,0.08145287597825328,0.33428955078125,86016,0,0,0.9991107896203375,"{""min"": 0.9638721853924851, ""p1"": 0.9705068274087084, ""p5"": 0.9970453954736015, ""p25"": 0.998704287565418, ""median"": 0.9989833574108002, ""p75"": 0.9992187697714838, ""p95"": 0.9995676971635902, ""p99"": 0.9996165032173555, ""max"": 0.9996287047307969}",0.0700691525081128,0.879059391710254,"[21, 4096]",0.9812476748511905
O0_vs_O3qL,A066,1.0,0,0,0.0,0.0,0.0,0.0,151552,0,0,0.0,0.0,0.0,"[37, 4096]",1.0,0.03365841507911682,0.9982530094814366,0,0,155.28369140625,0.5690988383193808,0.08521495848280441,0.38050854206085205,151552,0,0,0.9894651303549168,0.059734042896799955,1.087249876915471,"[37, 4096]",0.9809174408783784,0.037863027304410934,0.9979810434908692,0,0,79.12338256835938,0.4963991582410966,0.07885506280777065,0.3425278663635254,94208,0,0,1.002247994905096,"{""min"": 0.9638721853924851, ""p1"": 0.9711702916103307, ""p5"": 0.9971538131350165, ""p25"": 0.9987949347084668, ""median"": 0.9992054137084747, ""p75"": 0.9994493875790139, ""p95"": 0.9995775014910288, ""p99"": 0.9996565515299324, ""max"": 0.9996769603532654}",0.06365566516224291,0.8480308866067533,"[23, 4096]",0.9826978600543478
O0_vs_O3qL,A067,1.0,0,0,0.0,0.0,0.0,0.0,139264,0,0,0.0,0.0,0.0,"[34, 4096]",1.0,0.03193215653300285,0.9981607152253714,0,0,155.28369140625,0.5749410409456125,0.08808000387170736,0.37509775161743164,139264,0,0,0.9876982218495909,0.06151951193249436,1.1199571313736743,"[34, 4096]",0.9798512178308824,0.03555908054113388,0.9975020046722343,0,0,79.12338256835938,0.4954259506939479,0.08277165561765057,0.3287677764892578,81920,0,0,0.9999596854483311,"{""min"": 0.9638721853924851, ""p1"": 0.9701750953078973, ""p5"": 0.9953867349695457, ""p25"": 0.9987240023386911, ""median"": 0.9990508879258501, ""p75"": 0.9992576214391179, ""p95"": 0.9996094422135458, ""p99"": 0.9996218787109098, ""max"": 0.9996249878352508}",0.07068090880621332,0.8788850074113549,"[20, 4096]",0.98115234375
O0_vs_O3qL,A068,1.0,0,0,0.0,0.0,0.0,0.0,131072,0,0,0.0,0.0,0.0,"[32, 4096]",1.0,0.03121185302734375,0.9981129615782143,0,0,155.28369140625,0.5965375037241358,0.08847775035086358,0.39066362380981445,131072,0,0,0.9879607225119461,0.06223812246224081,1.1537271967524494,"[32, 4096]",0.9795761108398438,0.0346815325319767,0.9972784580957412,0,0,79.12338256835938,0.524984652272249,0.0828889439968109,0.3477637767791748,73728,0,0,1.0021437101336874,"{""min"": 0.9638721853924851, ""p1"": 0.9695116311062749, ""p5"": 0.992069413961434, ""p25"": 0.9987517171168326, ""median"": 0.9990147526531291, ""p75"": 0.9992026151530824, ""p95"": 0.9994407352041826, ""p99"": 0.9994958448455514, ""max"": 0.9995096222558937}",0.07388739876036732,0.9248786155186995,"[18, 4096]",0.9808078342013888
O0_vs_O3qL,A069,1.0000000000000002,0,0,0.0,0.0,0.0,0.0,139264,0,0,0.0,0.0,0.0,"[34, 4096]",1.0,0.032470703125,0.9981690372921622,0,0,155.28369140625,0.5882761636455197,0.08779554147558505,0.39179301261901855,139264,0,0,0.9882362447571248,0.06129627524395313,1.1277079221520652,"[34, 4096]",0.9796573414522058,0.03647460788488388,0.9975956682536341,0,0,79.12338256835938,0.5180956592837902,0.08228806954424264,0.35297322273254395,81920,0,0,1.0009178035001904,"{""min"": 0.9638721853924851, ""p1"": 0.9701750953078973, ""p5"": 0.9953867349695457, ""p25"": 0.9987543429876105, ""median"": 0.9990669288907412, ""p75"": 0.9991740437345354, ""p95"": 0.9995272383629468, ""p99"": 0.999635080115209, ""max"": 0.9996620405532746}",0.06938241321964342,0.8955751587226402,"[20, 4096]",0.98082275390625
O0_vs_O3qL,A070,1.0000000000000002,0,0,0.0,0.0,0.0,0.0,131072,0,0,0.0,0.0,0.0,"[32, 4096]",1.0,0.03133392333984375,0.9981173535044723,0,0,155.28369140625,0.5942771388252481,0.08901705763843103,0.3879549503326416,131072,0,0,0.9886398771153759,0.06206102796389326,1.1504691276395909,"[32, 4096]",0.9794769287109375,0.0348985455930233,0.9973372884077872,0,0,79.12338256835938,0.5209662257853375,0.08384771250804192,0.3428022861480713,73728,0,0,1.0047490091893565,"{""min"": 0.9638721853924851, ""p1"": 0.9695116311062749, ""p5"": 0.992069413961434, ""p25"": 0.9987240424297601, ""median"": 0.9991102704232123, ""p75"": 0.9993735691986423, ""p95"": 0.9994489693470427, ""p99"": 0.9995414071027107, ""max"": 0.9995645165416277}",0.07330256991638381,0.9176351482057113,"[18, 4096]",0.9806315104166666
O0_vs_O3qL,A071,1.0,0,0,0.0,0.0,0.0,0.0,323584,0,0,0.0,0.0,0.0,"[79, 4096]",1.0,0.0376100167632103,0.9984350065673072,0,0,155.28369140625,0.4438587019488445,0.0770573214289058,0.3140292167663574,323584,0,0,0.9924342522910984,0.056245415038249036,0.8119099163846839,"[79, 4096]",0.9831203026107594,0.03994891792535782,0.998502444231299,0,0,79.12338256835938,0.3911594011644131,0.07304986728613107,0.2925760746002197,266240,0,0,1.0016364294062292,"{""min"": 0.9638721853924851, ""p1"": 0.9851030398443996, ""p5"": 0.9978636990146225, ""p25"": 0.9989218051316284, ""median"": 0.9991249614126357, ""p75"": 0.9992704558184221, ""p95"": 0.999544562867287, ""p99"": 0.9996341995900658, ""max"": 0.9996878357448907}",0.054796813111711626,0.6186717933261002,"[65, 4096]",0.9842247596153846
O0_vs_O3qL,A072,1.0,0,0,0.0,0.0,0.0,0.0,221184,0,0,0.0,0.0,0.0,"[54, 4096]",1.0,0.03552698343992233,0.9983367761510844,0,0,155.28369140625,0.4953752375891882,0.08058888640345786,0.3386397361755371,221184,0,0,0.9905348758806711,0.05817689431457932,0.935305575470043,"[54, 4096]",0.9821325231481481,0.03859863430261612,0.9982691309136588,0,0,79.12338256835938,0.4277696612886075,0.07531282116254213,0.30744004249572754,163840,0,0,1.0010649568006487,"{""min"": 0.9638721853924851, ""p1"": 0.9768097373241205, ""p5"": 0.9976909222809459, ""p25"": 0.9988610986228481, ""median"": 0.9991337091790298, ""p75"": 0.9993223159484067, ""p95"": 0.9995554920333222, ""p99"": 0.9996188825713844, ""max"": 0.9996528533531757}",0.05887749066730896,0.7078392117994823,"[40, 4096]",0.98358154296875
O0_vs_O3qL,A073,0.9999999999999999,0,0,0.0,0.0,0.0,0.0,233472,0,0,0.0,0.0,0.0,"[57, 4096]",1.0,0.03523334860801697,0.9983068523818207,0,0,155.28369140625,0.49398527127986946,0.08012772207716667,0.34584546089172363,233472,0,0,0.9909692752699852,0.05862822294231764,0.9174832629107262,"[57, 4096]",0.9821306195175439,0.037995096296072006,0.9982090722307806,0,0,79.12338256835938,0.43064381592280687,0.07506960788635961,0.31830012798309326,176128,0,0,1.0020987666274552,"{""min"": 0.9638721853924851, ""p1"": 0.977804933626554, ""p5"": 0.9979655349798565, ""p25"": 0.9989101291448997, ""median"": 0.9990538012682244, ""p75"": 0.9991967130118695, ""p95"": 0.9994437978491786, ""p99"": 0.9994602838548402, ""max"": 0.9994652040950056}",0.059948126231472824,0.6952270431767194,"[43, 4096]",0.9834779251453488
O0_vs_O3qL,A074,0.9999999999999999,0,0,0.0,0.0,0.0,0.0,217088,0,0,0.0,0.0,0.0,"[53, 4096]",1.0,0.0344192199409008,0.9982806685276624,0,0,155.28369140625,0.5152423237132441,0.08167844381564451,0.35733962059020996,217088,0,0,0.9903590319781033,0.05914777400365418,0.9539606946617077,"[53, 4096]",0.9814268867924528,0.037171974778175354,0.9981277750227127,0,0,79.12338256835938,0.4530350456033352,0.07665821802420822,0.3283824920654297,159744,0,0,1.0009558631557685,"{""min"": 0.9638721853924851, ""p1"": 0.9764780052233093, ""p5"": 0.9978472975590307, ""p25"": 0.9987394695480447, ""median"": 0.9989844733568323, ""p75"": 0.9992227497492765, ""p95"": 0.9994455771887087, ""p99"": 0.9995607469860813, ""max"": 0.9996167433222717}",0.06122861104661912,0.7344039150291995,"[39, 4096]",0.9826597556089743
O0_vs_O3qL,A075,1.0000000000000002,0,0,0.0,0.0,0.0,0.0,212992,0,0,0.0,0.0,0.0,"[52, 4096]",1.0,0.035048265010118484,0.9983185924675573,0,0,155.28369140625,0.511337873732985,0.08120548884884984,0.35158249735832214,212992,0,0,0.9910357776833008,0.05842112053681784,0.9550239615157392,"[52, 4096]",0.9817692683293269,0.03810521215200424,0.9982387192475968,0,0,79.12338256835938,0.44605508041693037,0.07587890528566195,0.32207679748535156,155648,0,0,1.0023804553973596,"{""min"": 0.9638721853924851, ""p1"": 0.9761462731224981, ""p5"": 0.9976295945023724, ""p25"": 0.9989075998410901, ""median"": 0.9990685288076332, ""p75"": 0.9992306779920193, ""p95"": 0.9995683301864945, ""p99"": 0.9996938153553963, ""max"": 0.9997280949476021}",0.05946943225938732,0.7296380109115918,"[38, 4096]",0.9831607216282895
O0_vs_O3qL,A076,1.0,0,0,0.0,0.0,0.0,0.0,217088,0,0,0.0,0.0,0.0,"[53, 4096]",1.0,0.034092165529727936,0.9983010333354136,0,0,155.28369140625,0.5139002164725993,0.08243737494107033,0.3580678701400757,217088,0,0,0.9907319312042417,0.058756600893150206,0.9516312971870822,"[53, 4096]",0.9816065374410378,0.03672751411795616,0.9981883575018254,0,0,79.12338256835938,0.45121115627630504,0.07768958596388946,0.33040833473205566,159744,0,0,1.0016379068264147,"{""min"": 0.9638721853924851, ""p1"": 0.9764780052233093, ""p5"": 0.9979559636326488, ""p25"": 0.9987473260602916, ""median"": 0.999072113110115, ""p75"": 0.9992441639543805, ""p95"": 0.9994457910473685, ""p99"": 0.9995348293197824, ""max"": 0.9995782560179695}",0.060265266433918885,0.7302854131864631,"[39, 4096]",0.9829038962339743
O0_vs_O3qL,A077,1.0,0,0,0.0,0.0,0.0,0.0,217088,0,0,0.0,0.0,0.0,"[53, 4096]",1.0,0.035335902124643326,0.9983247537189059,0,0,155.28369140625,0.4924567643419718,0.08060948128662028,0.33386847376823425,217088,0,0,0.9900743912785558,0.05844445732901441,0.9403683901720664,"[53, 4096]",0.9818598909198113,0.038417719304561615,0.9982271220996505,0,0,79.12338256835938,0.42207005466288816,0.0752055253565599,0.3015470504760742,159744,0,0,1.0003838345580214,"{""min"": 0.9638721853924851, ""p1"": 0.9764780052233093, ""p5"": 0.9977728897534275, ""p25"": 0.9988817300883855, ""median"": 0.999174157109807, ""p75"": 0.9993268390690963, ""p95"": 0.999519536681636, ""p99"": 0.9995659263271196, ""max"": 0.9995814258616823}",0.05955891296251982,0.7101815500385706,"[39, 4096]",0.9832481971153846
O0_vs_O3qL,A078,0.9999999999999999,0,0,0.0,0.0,0.0,0.0,204800,0,0,0.0,0.0,0.0,"[50, 4096]",1.0,0.03507812321186066,0.9982907440291541,0,0,155.28369140625,0.5106019699080935,0.08142429139425315,0.34753894805908203,204800,0,0,0.9904648341557544,0.05896469495439236,0.9688493857537656,"[50, 4096]",0.981416015625,0.0383165143430233,0.9981510907571067,0,0,79.12338256835938,0.44140616992035575,0.07588687640076718,0.31494683027267456,147456,0,0,1.0017908813814427,"{""min"": 0.9638721853924851, ""p1"": 0.9754828089208758, ""p5"": 0.997737636091725, ""p25"": 0.9987800979213324, ""median"": 0.9991245920333441, ""p75"": 0.9992789924575348, ""p95"": 0.9996095984686489, ""p99"": 0.9996340024945687, ""max"": 0.9996407754031716}",0.060890459812586444,0.7404183980643821,"[36, 4096]",0.9827473958333334
O0_vs_O3qL,A079,1.0000000000000002,0,0,0.0,0.0,0.0,0.0,208896,0,0,0.0,0.0,0.0,"[51, 4096]",1.0,0.03454829379916191,0.9983290830913764,0,0,155.28369140625,0.5230658626155584,0.08276025360289122,0.36154842376708984,208896,0,0,0.9896043251703526,0.058439398137833096,0.9728373887338793,"[51, 4096]",0.9815841375612745,0.037498679012060165,0.9982301100671062,0,0,79.12338256835938,0.4604562868951787,0.07787799768817331,0.33302319049835205,151552,0,0,0.9985691324575783,"{""min"": 0.9638721853924851, ""p1"": 0.975814541021687, ""p5"": 0.9977008690796274, ""p25"": 0.9987982523560068, ""median"": 0.998983764983929, ""p75"": 0.9993038467775205, ""p95"": 0.9995190689627476, ""p99"": 0.9996886876489552, ""max"": 0.9997088137333854}",0.059470684304066594,0.7546161323766394,"[37, 4096]",0.9829431482263513
O0_vs_O3qL,A080,1.0000000000000002,0,0,0.0,0.0,0.0,0.0,200704,0,0,0.0,0.0,0.0,"[49, 4096]",1.0,0.0335170216858387,0.9982132927400766,0,0,155.28369140625,0.5121515799424854,0.08357552789494516,0.34825146198272705,200704,0,0,0.9900304534959818,0.06030904621288836,0.9702784755716531,"[49, 4096]",0.9810915577168368,0.03622349351644516,0.9979085978575909,0,0,79.12338256835938,0.4415986011117119,0.07874039564477925,0.3156231641769409,143360,0,0,1.002620826727337,"{""min"": 0.9638721853924851, ""p1"": 0.9751510768200646, ""p5"": 0.9975520923952813, ""p25"": 0.9987513368297697, ""median"": 0.9989146670501835, ""p75"": 0.999200059204556, ""p95"": 0.9994323776892585, ""p99"": 0.9996369431736335, ""max"": 0.999737758889726}",0.06481230919214585,0.7354885184084421,"[35, 4096]",0.9823311941964286
O0_vs_O3qL,A081,1.0000000000000002,0,0,0.0,0.0,0.0,0.0,163840,0,0,0.0,0.0,0.0,"[40, 4096]",1.0,0.03404540941119194,0.9982362499555835,0,0,155.28369140625,0.5462271902933026,0.08393450798332694,0.3620424270629883,163840,0,0,0.9889632223559148,0.0600864237201555,1.0567208565858897,"[40, 4096]",0.98101806640625,0.03797325864434242,0.997919304138383,0,0,79.12338256835938,0.469600432056163,0.07761897307877072,0.32081496715545654,106496,0,0,1.0004413773994238,"{""min"": 0.9638721853924851, ""p1"": 0.9721654879127641, ""p5"": 0.9972714853770568, ""p25"": 0.9987010370096991, ""median"": 0.9992130070551039, ""p75"": 0.9994011674531048, ""p95"": 0.9995153696647924, ""p99"": 0.9996083539971631, ""max"": 0.9996390193448603}",0.06452459439237779,0.8196810047182129,"[26, 4096]",0.9826472355769231
O0_vs_O3qL,A082,1.0,0,0,0.0,0.0,0.0,0.0,167936,0,0,0.0,0.0,0.0,"[41, 4096]",1.0,0.035864852368831635,0.9984898216694047,0,0,155.28369140625,0.5548971330678862,0.08232984839127948,0.37630558013916016,167936,0,0,0.99013899763692,0.05556808692606053,1.0537639749149186,"[41, 4096]",0.9813917206554879,0.040590640157461166,0.9986037636987725,0,0,79.12338256835938,0.48560392879672115,0.07541617647249704,0.34064537286758423,110592,0,0,0.998928646848922,"{""min"": 0.9638721853924851, ""p1"": 0.9724972200135753, ""p5"": 0.9973305612844228, ""p25"": 0.9988240169505278, ""median"": 0.9992423709073399, ""p75"": 0.9994418426322778, ""p95"": 0.9997542709587367, ""p99"": 0.9998486799511798, ""max"": 0.9998780859758789}",0.05282640131323823,0.8239381729123031,"[27, 4096]",0.983154296875
O0_vs_O3qL,A083,0.9999999999999999,0,0,0.0,0.0,0.0,0.0,172032,0,0,0.0,0.0,0.0,"[42, 4096]",1.0,0.0342726930975914,0.9982933681306773,0,0,155.28369140625,0.5505861932958634,0.08345528418267856,0.37071681022644043,172032,0,0,0.9886032324283835,0.05919670494408573,1.052397805554283,"[42, 4096]",0.9811895461309523,0.0380336232483387,0.9981037960905507,0,0,79.12338256835938,0.48161227643408566,0.07735124701383787,0.3354707956314087,114688,0,0,0.9974900642844655,"{""min"": 0.9638721853924851, ""p1"": 0.9728289521143865, ""p5"": 0.9973945835528663, ""p25"": 0.9986673158370707, ""median"": 0.9990933096540109, ""p75"": 0.9993146923952084, ""p95"": 0.9995119648948152, ""p99"": 0.9995995542485625, ""max"": 0.9996317592180115}",0.061556387941162506,0.8306445402912268,"[28, 4096]",0.9827880859375
O0_vs_O3qL,A084,1.0000000000000002,0,0,0.0,0.0,0.0,0.0,159744,0,0,0.0,0.0,0.0,"[39, 4096]",1.0,0.033754006028175354,0.9982481536450681,0,0,155.28369140625,0.5525638305742597,0.08407472484174029,0.3682842254638672,159744,0,0,0.988969961561283,0.05988913584746504,1.0627224953940202,"[39, 4096]",0.9810384114583334,0.03767578303813934,0.9979492646249795,0,0,79.12338256835938,0.47642052056497053,0.07758508998171332,0.3285830020904541,102400,0,0,1.0007153443762835,"{""min"": 0.9638721853924851, ""p1"": 0.9718337558119531, ""p5"": 0.9972778844633036, ""p25"": 0.9988144966540604, ""median"": 0.9992456402080401, ""p75"": 0.9993829482341524, ""p95"": 0.9995427747109857, ""p99"": 0.9995707919316899, ""max"": 0.9995782560179695}",0.06406962175362388,0.8209318345292967,"[25, 4096]",0.982744140625
O0_vs_O3qL,A085,1.0000000000000002,0,0,0.0,0.0,0.0,0.0,159744,0,0,0.0,0.0,0.0,"[39, 4096]",1.0,0.03446764871478081,0.9983796589211763,0,0,155.28369140625,0.5615408665373065,0.08429799582767508,0.37541961669921875,159744,0,0,0.9895789227761027,0.057580462043397736,1.07315917785226,"[39, 4096]",0.9813201121794872,0.038789063692092896,0.9983499328122032,0,0,79.12338256835938,0.4904246966673236,0.07793339271977157,0.3391690254211426,102400,0,0,0.9994792044095592,"{""min"": 0.9638721853924851, ""p1"": 0.9718337558119531, ""p5"": 0.9972883242245174, ""p25"": 0.9987272177910489, ""median"": 0.9994061796108256, ""p75"": 0.9995121254869315, ""p95"": 0.999631751844647, ""p99"": 0.9996540216628684, ""max"": 0.9996580455717772}",0.05743419633121007,0.8418455002310264,"[25, 4096]",0.98318359375
O0_vs_O3qL,A086,1.0000000000000002,0,0,0.0,0.0,0.0,0.0,147456,0,0,0.0,0.0,0.0,"[36, 4096]",1.0,0.0347086600959301,0.9983225536976181,0,0,155.28369140625,0.5632281217563104,0.0846550883496757,0.36780309677124023,147456,0,0,0.9881896326743689,0.05877716280266276,1.096955135799499,"[36, 4096]",0.9808824327256944,0.039772726595401764,0.9981508649147276,0,0,79.12338256835938,0.48348800022524135,0.0776498255137858,0.32185912132263184,90112,0,0,0.9978033621332488,"{""min"": 0.9638721853924851, ""p1"": 0.9708385595095196, ""p5"": 0.9971106583779816, ""p25"": 0.9987514572120001, ""median"": 0.9993945732021994, ""p75"": 0.9995721485323329, ""p95"": 0.9996327307631737, ""p99"": 0.9997021136443074, ""max"": 0.9997205506886025}",0.06078627828848397,0.8560379785435388,"[22, 4096]",0.9827215021306818
O0_vs_O3qL,A087,1.0000000000000002,0,0,0.0,0.0,0.0,0.0,147456,0,0,0.0,0.0,0.0,"[36, 4096]",1.0,0.0331827811896801,0.9982506423120018,0,0,155.28369140625,0.5898150146213589,0.08675384107069861,0.39069604873657227,147456,0,0,0.9877276672270197,0.06005321080770368,1.1218786915033694,"[36, 4096]",0.9802042643229166,0.03727583587169647,0.9979350987737947,0,0,79.12338256835938,0.5269938249135024,0.08108414814818686,0.35438108444213867,90112,0,0,0.9964386333553432,"{""min"": 0.9638721853924851, ""p1"": 0.9708385595095196, ""p5"": 0.9970969209219228, ""p25"": 0.9986321749996214, ""median"": 0.9991235297590901, ""p75"": 0.9993435950762113, ""p95"": 0.9994848301585413, ""p99"": 0.9995196363464919, ""max"": 0.9995281760168454}",0.06424778629715822,0.9073554651073267,"[22, 4096]",0.9816117720170454
O0_vs_O3qL,A088,1.0000000000000002,0,0,0.0,0.0,0.0,0.0,155648,0,0,0.0,0.0,0.0,"[38, 4096]",1.0,0.03250282630324364,0.9982494712602098,0,0,155.28369140625,0.5511679508603935,0.0855764463638455,0.35980939865112305,155648,0,0,0.9886550939073373,0.0599169859514061,1.071726384041357,"[38, 4096]",0.9808542351973685,0.035858154296875,0.9979347369082997,0,0,79.12338256835938,0.4710377397676287,0.07969241427254542,0.3152271509170532,98304,0,0,1.0001246691807038,"{""min"": 0.9638721853924851, ""p1"": 0.9715020237111419, ""p5"": 0.9971750915763505, ""p25"": 0.9987880808734064, ""median"": 0.999232794870487, ""p75"": 0.9993987299957785, ""p95"": 0.9997226095427237, ""p99"": 0.9997664564070459, ""max"": 0.9997688210350743}",0.06427329675005518,0.82787742507223,"[24, 4096]",0.9825236002604166
O0_vs_O3qL,A089,1.0,0,0,0.0,0.0,0.0,0.0,163840,0,0,0.0,0.0,0.0,"[40, 4096]",1.0,0.03541870042681694,0.9983103155985221,0,0,155.28369140625,0.5588532117513296,0.08283774293771602,0.37541627883911133,163840,0,0,0.9895199556815004,0.05876890501830027,1.0671880957794075,"[40, 4096]",0.98109130859375,0.040086012333631516,0.99816943538857,0,0,79.12338256835938,0.4890250804531276,0.07593164223936937,0.3388824462890625,106496,0,0,1.0000267212428706,"{""min"": 0.9638721853924851, ""p1"": 0.9721654879127641, ""p5"": 0.9973199106714127, ""p25"": 0.9987673742648704, ""median"": 0.9992224307318291, ""p75"": 0.9993983715474344, ""p95"": 0.9994412538767892, ""p99"": 0.9995499755907888, ""max"": 0.9995848372564974}",0.060508080177833025,0.8402851898675364,"[26, 4096]",0.9827599158653846
O0_vs_O3qL,A090,1.0000000000000002,0,0,0.0,0.0,0.0,0.0,176128,0,0,0.0,0.0,0.0,"[43, 4096]",1.0,0.035002950578927994,0.998383876872967,0,0,155.28369140625,0.5484151470612042,0.08317664115049428,0.37285876274108887,176128,0,0,0.9877369361986931,0.05781861072202423,1.0425566692394652,"[43, 4096]",0.9810989734738372,0.03898673132061958,0.9983234560653774,0,0,79.12338256835938,0.4807715498399971,0.07714857069607636,0.33852314949035645,118784,0,0,0.9943414934260915,"{""min"": 0.9638721853924851, ""p1"": 0.9731606842151976, ""p5"": 0.9975133673288611, ""p25"": 0.9987526127043955, ""median"": 0.9992312687392131, ""p75"": 0.9993679044884483, ""p95"": 0.9994748135948623, ""p99"": 0.9996293256839783, ""max"": 0.9996878253965354}",0.058018385845711826,0.8208530362373503,"[29, 4096]",0.982598666487069
O0_vs_O3qL,A091,0.9999999999999998,0,0,0.0,0.0,0.0,0.0,147456,0,0,0.0,0.0,0.0,"[36, 4096]",1.0,0.03120931051671505,0.998144348252158,0,0,155.28369140625,0.5719888104421342,0.08775870549739417,0.3749127984046936,147456,0,0,0.9869385459026052,0.06191469985853435,1.103808700867007,"[36, 4096]",0.9802313910590278,0.03404651954770088,0.9974459147974745,0,0,79.12338256835938,0.4978236726202257,0.08272847175550689,0.33249056339263916,90112,0,0,0.9966782382975822,"{""min"": 0.9638721853924851, ""p1"": 0.9708385595095196, ""p5"": 0.9970954714674524, ""p25"": 0.9985803112801833, ""median"": 0.9989284647819658, ""p75"": 0.9991281807088992, ""p95"": 0.9993477880963963, ""p99"": 0.9995550836528966, ""max"": 0.9996101601378011}",0.07142994036843951,0.8703346605315688,"[22, 4096]",0.9816561612215909
O0_vs_O3qL,A092,1.0,0,0,0.0,0.0,0.0,0.0,196608,0,0,0.0,0.0,0.0,"[48, 4096]",1.0,0.0342254638671875,0.9982324593904098,0,0,155.28369140625,0.511994769623584,0.08279224308144088,0.34529364109039307,196608,0,0,0.9888030305274791,0.060173674875769204,0.9780901330492735,"[48, 4096]",0.9813486735026041,0.03730325028300285,0.9979212329660008,0,0,79.12338256835938,0.43930213422529907,0.07749237201835657,0.3103485107421875,139264,0,0,0.9992091224040631,"{""min"": 0.9638721853924851, ""p1"": 0.9748193447192535, ""p5"": 0.9975902430752462, ""p25"": 0.9987604244114265, ""median"": 0.9990651944711133, ""p75"": 0.9992419354160855, ""p95"": 0.9993507046176979, ""p99"": 0.9995409775871216, ""max"": 0.9996101601378011}",0.06445829236663554,0.7420586772983473,"[34, 4096]",0.9827306410845589
O0_vs_O3qL,A093,1.0000000000000002,0,0,0.0,0.0,0.0,0.0,151552,0,0,0.0,0.0,0.0,"[37, 4096]",1.0,0.031837258487939835,0.9981748487112732,0,0,155.28369140625,0.5572283102345299,0.08674245319418014,0.3602182865142822,151552,0,0,0.9876969025560635,0.06129240373699416,1.085435113728821,"[37, 4096]",0.9798550992398649,0.034933339804410934,0.9976063789129607,0,0,79.12338256835938,0.47730309132198867,0.08131233690867941,0.31316184997558594,94208,0,0,0.9987619761435045,"{""min"": 0.9638721853924851, ""p1"": 0.9711702916103307, ""p5"": 0.9971457177591643, ""p25"": 0.9986781933566636, ""median"": 0.999071026333294, ""p75"": 0.999346436984482, ""p95"": 0.9995302944345172, ""p99"": 0.9995949396798995, ""max"": 0.9996125710345853}",0.06915813876276838,0.8442827988870616,"[23, 4096]",0.9809888756793478
O0_vs_O3qL,A094,0.9999999999999999,0,0,0.0,0.0,0.0,0.0,155648,0,0,0.0,0.0,0.0,"[38, 4096]",1.0,0.03364643454551697,0.9981964640532687,0,0,155.28369140625,0.5487110500739858,0.08530365213895641,0.35780584812164307,155648,0,0,0.9875899669139794,0.06096160212065824,1.070246634280363,"[38, 4096]",0.9805843955592105,0.0376688651740551,0.9976886928666653,0,0,79.12338256835938,0.4671476468558164,0.0792604900831377,0.31251657009124756,98304,0,0,0.9980738629934629,"{""min"": 0.9638721853924851, ""p1"": 0.9715020237111419, ""p5"": 0.9972008455779053, ""p25"": 0.9988038767101707, ""median"": 0.9991275781555087, ""p75"": 0.9992622511203262, ""p95"": 0.9994469461185351, ""p99"": 0.9995957428234133, ""max"": 0.9996395310313572}",0.06795160396952746,0.8248409075974532,"[24, 4096]",0.9820963541666666
O0_vs_O3qL,A095,0.9999999999999999,0,0,0.0,0.0,0.0,0.0,192512,0,0,0.0,0.0,0.0,"[47, 4096]",1.0,0.033696599304676056,0.9982807617971124,0,0,155.28369140625,0.5279488676679803,0.08403514480282369,0.36036717891693115,192512,0,0,0.9892181110798939,0.059309799053769055,0.9945460067482912,"[47, 4096]",0.9808011968085106,0.036643289029598236,0.9980849555753821,0,0,79.12338256835938,0.45982183036736995,0.07910196322568712,0.3274550437927246,135168,0,0,0.9991898470974548,"{""min"": 0.9638721853924851, ""p1"": 0.9744876126184423, ""p5"": 0.9976157330882666, ""p25"": 0.9987272177910489, ""median"": 0.9989922195447355, ""p75"": 0.999312670554552, ""p95"": 0.9995508883867417, ""p99"": 0.9995963859092442, ""max"": 0.9996101601378011}",0.06186794193573023,0.7645788033484042,"[33, 4096]",0.9819927793560606
O0_vs_O3qL,A096,1.0,0,0,0.0,0.0,0.0,0.0,151552,0,0,0.0,0.0,0.0,"[37, 4096]",1.0,0.03260267153382301,0.9982100375834475,0,0,155.28369140625,0.5561441162922534,0.08620298062173208,0.3621365427970886,151552,0,0,0.9879042438270694,0.06068715063833977,1.0826008073383684,"[37, 4096]",0.9799672719594594,0.03616465628147125,0.9977518606750585,0,0,79.12338256835938,0.47555895324093517,0.08044448972691516,0.31661200523376465,94208,0,0,0.9989104311626957,"{""min"": 0.9638721853924851, ""p1"": 0.9711702916103307, ""p5"": 0.9971467832147705, ""p25"": 0.9988299929952572, ""median"": 0.9991172365165604, ""p75"": 0.9993456708895059, ""p95"": 0.9995981011025371, ""p99"": 0.9996124915598444, ""max"": 0.9996125710345853}",0.06702661266268371,0.8384081380025846,"[23, 4096]",0.9811693274456522
O0_vs_O3qL,A097,1.0000000000000002,0,0,0.0,0.0,0.0,0.0,163840,0,0,0.0,0.0,0.0,"[40, 4096]",1.0,0.032684326171875,0.998237923789259,0,0,155.28369140625,0.541835706380607,0.08576133790716954,0.3563232421875,163840,0,0,0.9869936935852104,0.06039437243478841,1.0528904715540306,"[40, 4096]",0.980303955078125,0.03587928041815758,0.9978482003310883,0,0,79.12338256835938,0.46284430295970824,0.08042948065391321,0.3148961067199707,106496,0,0,0.9951027188640851,"{""min"": 0.9638721853924851, ""p1"": 0.9721654879127641, ""p5"": 0.9972942283143331, ""p25"": 0.9986217895421273, ""median"": 0.9991421897637692, ""p75"": 0.9993092652518524, ""p95"": 0.9995898596628368, ""p99"": 0.9996087767572994, ""max"": 0.9996101601378011}",0.06562398010250374,0.8120623256849578,"[26, 4096]",0.9815486027644231
O0_vs_O3qL,A098,1.0,0,0,0.0,0.0,0.0,0.0,172032,0,0,0.0,0.0,0.0,"[42, 4096]",1.0,0.0345517098903656,0.9982887388404466,0,0,155.28369140625,0.5315821035272902,0.08297174306518898,0.3521919250488281,172032,0,0,0.9878974368769666,0.05939337556366064,1.0323031083602767,"[42, 4096]",0.9812593005952381,0.0384521484375,0.9980531488990732,0,0,79.12338256835938,0.45310614178122577,0.07662593533760352,0.31194496154785156,114688,0,0,0.9966734859480336,"{""min"": 0.9638721853924851, ""p1"": 0.9728289521143865, ""p5"": 0.9973313692851421, ""p25"": 0.9989261984731344, ""median"": 0.9991895900005304, ""p75"": 0.9993418871587205, ""p95"": 0.9995134851069977, ""p99"": 0.9996084709936719, ""max"": 0.9996395310313572}",0.06238441666396171,0.7919174211417819,"[28, 4096]",0.9828927176339286
O0_vs_O3qL,A099,1.0,0,0,0.0,0.0,0.0,0.0,176128,0,0,0.0,0.0,0.0,"[43, 4096]",1.0,0.03302711620926857,0.9982523227980002,0,0,155.28369140625,0.5325470782579433,0.08457286065500104,0.35478639602661133,176128,0,0,0.9870516642191848,0.0601477745306986,1.0304497414172287,"[43, 4096]",0.9805595930232558,0.03605704382061958,0.9979272985165442,0,0,79.12338256835938,0.4572430340282655,0.07921882720275883,0.3160492181777954,118784,0,0,0.9944236175198518,"{""min"": 0.9638721853924851, ""p1"": 0.9731606842151976, ""p5"": 0.9973523198642545, ""p25"": 0.9987483454876841, ""median"": 0.9990316159131167, ""p75"": 0.9992661945251463, ""p95"": 0.9995837421396147, ""p99"": 0.999640471293007, ""max"": 0.9996522589644761}",0.06444674278812475,0.7978632829341973,"[29, 4096]",0.9817988954741379
O0_vs_O3qL,A100,1.0,0,0,0.0,0.0,0.0,0.0,151552,0,0,0.0,0.0,0.0,"[37, 4096]",1.0,0.03229914605617523,0.9981936435147936,0,0,155.28369140625,0.5517652783107494,0.08725463241219017,0.3592407703399658,151552,0,0,0.9877639609171444,0.0609772771263876,1.0798449052460741,"[37, 4096]",0.9800332559121622,0.03567637503147125,0.9976719185358888,0,0,79.12338256835938,0.46851473561851575,0.08213627738982597,0.31320667266845703,94208,0,0,0.9989871178566705,"{""min"": 0.9638721853924851, ""p1"": 0.9711702916103307, ""p5"": 0.9971401877736056, ""p25"": 0.99877230421286, ""median"": 0.9991501710207199, ""p75"": 0.9992801166327923, ""p95"": 0.9995655084329005, ""p99"": 0.9996044564455551, ""max"": 0.9996125710345853}",0.06820903689521596,0.8326711249745309,"[23, 4096]",0.9812754755434783
R0_vs_O3qL,A001,1.0,0,0,0.0,0.0,0.0,0.0,122880,0,0,0.0,0.0,0.0,"[30, 4096]",1.0,0.02998860739171505,0.9961961587425662,0,0,327.15771484375,0.6922442753101374,0.09606587004201346,0.4234499931335449,122880,0,0,0.9625128132080888,0.09342259401745971,1.806431601718124,"[30, 4096]",0.976513671875,0.033355712890625,0.9916272060001375,0,0,227.82977294921875,0.6377547433710333,0.09284003775145955,0.3801846504211426,65536,0,0,0.9995935845295139,"{""min"": 0.8649684509632457, ""p1"": 0.884637444098041, ""p5"": 0.963313416637222, ""p25"": 0.9982707482905336, ""median"": 0.998643145847103, ""p75"": 0.9991423909220509, ""p95"": 0.9993898530997863, ""p99"": 0.9994070777408665, ""max"": 0.9994113839011365}",0.12937908450454422,1.6149140422551975,"[16, 4096]",0.976898193359375
R0_vs_O3qL,A002,1.0,0,0,0.0,0.0,0.0,0.0,126976,0,0,0.0,0.0,0.0,"[31, 4096]",1.0,0.03006867505609989,0.9962024022319247,0,0,327.15771484375,0.6775443082134159,0.09566036697585974,0.4113132953643799,126976,0,0,0.9625029630808493,0.09336180153811141,1.7760912023537367,"[31, 4096]",0.9765152469758065,0.033303651958703995,0.9916559997928966,0,0,227.82977294921875,0.6141541876028415,0.09229034582438832,0.36379337310791016,69632,0,0,0.9995157810310649,"{""min"": 0.8649684509632457, ""p1"": 0.8859487103070274, ""p5"": 0.9698697476821538, ""p25"": 0.9982727299233508, ""median"": 0.9988945550166722, ""p75"": 0.9992240757981206, ""p95"": 0.9993578349844666, ""p99"": 0.999369132820199, ""max"": 0.9993719572791321}",0.1291516714404543,1.564698854747527,"[17, 4096]",0.9768784466911765
R0_vs_O3qL,A003,1.0,0,0,0.0,0.0,0.0,0.0,122880,0,0,0.0,0.0,0.0,"[30, 4096]",1.0,0.02938639372587204,0.9961478520213877,0,0,327.15771484375,0.6880720383973918,0.09626589728447617,0.4184800386428833,122880,0,0,0.9623574494464734,0.09397472117197941,1.8035473936829125,"[30, 4096]",0.9764404296875,0.0322265625,0.9911119148925849,0,0,227.82977294921875,0.6299317991596354,0.09321508883107711,0.3727571964263916,65536,0,0,1.0014906494599158,"{""min"": 0.8649684509632457, ""p1"": 0.884637444098041, ""p5"": 0.963313416637222, ""p25"": 0.998123321643178, ""median"": 0.9986815939848022, ""p75"": 0.9992264361819165, ""p95"": 0.9993004427628193, ""p99"": 0.9993044350347596, ""max"": 0.9993054331027447}",0.1334349665161732,1.6088582890749719,"[16, 4096]",0.9767608642578125
R0_vs_O3qL,A004,0.9999999999999998,0,0,0.0,0.0,0.0,0.0,131072,0,0,0.0,0.0,0.0,"[32, 4096]",1.0,0.0295867919921875,0.9962192653306469,0,0,327.15771484375,0.6833596377609297,0.0957430555752536,0.4236123561859131,131072,0,0,0.9640771724958435,0.09262985218529003,1.758261404817648,"[32, 4096]",0.9765777587890625,0.0322672538459301,0.9923950576990523,0,0,227.82977294921875,0.62801422461012,0.09262457117617023,0.385992169380188,73728,0,0,1.0017258107601466,"{""min"": 0.8649684509632457, ""p1"": 0.8872599765160136, ""p5"": 0.9764260787270855, ""p25"": 0.9983172273985089, ""median"": 0.9988463727101763, ""p75"": 0.9991598024457753, ""p95"": 0.999311061534076, ""p99"": 0.9993365829330445, ""max"": 0.9993429632827866}",0.12344679990660617,1.5412614825538506,"[18, 4096]",0.9769694010416666
R0_vs_O3qL,A005,1.0,0,0,0.0,0.0,0.0,0.0,131072,0,0,0.0,0.0,0.0,"[32, 4096]",1.0,0.029815673828125,0.9962843400231282,0,0,327.15771484375,0.6732485206263163,0.0945182963867176,0.41371220350265503,131072,0,0,0.9632970973102463,0.09222620021706586,1.7529922154571769,"[32, 4096]",0.9771728515625,0.0326741524040699,0.9925579849782155,0,0,227.82977294921875,0.6100389052596964,0.09044722150766177,0.3677530288696289,73728,0,0,0.9982513891573617,"{""min"": 0.8649684509632457, ""p1"": 0.8872599765160136, ""p5"": 0.9764260787270855, ""p25"": 0.9983872161463081, ""median"": 0.9989370496150471, ""p75"": 0.9992560520730637, ""p95"": 0.9993880263667442, ""p99"": 0.9994146453639979, ""max"": 0.9994213001133114}",0.12190595271409953,1.530553975778812,"[18, 4096]",0.97802734375
R0_vs_O3qL,A006,1.0,0,0,0.0,0.0,0.0,0.0,135168,0,0,0.0,0.0,0.0,"[33, 4096]",1.0,0.028675425797700882,0.9958219465713746,0,0,291.82977294921875,0.6891364583971704,0.09587198068728198,0.4300253391265869,135168,0,0,0.9706408817387814,0.09472453089301888,1.76517162594307,"[33, 4096]",0.9767178622159091,0.03125,0.9905206599142053,0,0,291.82977294921875,0.6282436202313156,0.09119131631093016,0.38653063774108887,77824,0,0,0.9979480394303222,"{""min"": 0.8248044453427034, ""p1"": 0.8556893660094879, ""p5"": 0.9792290486766261, ""p25"": 0.9982824242806996, ""median"": 0.9987126818750404, ""p75"": 0.9990929359058829, ""p95"": 0.9992121204405799, ""p99"": 0.9992736883261668, ""max"": 0.9992890802975635}",0.13756448760346512,1.701799417469874,"[19, 4096]",0.9774876644736842
R0_vs_O3qL,A007,1.0000000000000002,0,0,0.0,0.0,0.0,0.0,122880,0,0,0.0,0.0,0.0,"[30, 4096]",1.0,0.02878418006002903,0.9962124372376217,0,0,327.15771484375,0.7011166936819184,0.09717954786660554,0.4302101135253906,122880,0,0,0.9627174592958321,0.0931809714501745,1.8140297857677994,"[30, 4096]",0.9759440104166667,0.031097412109375,0.9919473971217848,0,0,227.82977294921875,0.6543905278181228,0.09492818367256971,0.3917590379714966,65536,0,0,0.9983312865923866,"{""min"": 0.8649684509632457, ""p1"": 0.884637444098041, ""p5"": 0.963313416637222, ""p25"": 0.9982675538629971, ""median"": 0.9985641357255401, ""p75"": 0.9990658359720772, ""p95"": 0.9993340756062996, ""p99"": 0.9994028176148315, ""max"": 0.9994200031169644}",0.12681133777422793,1.6308055099584648,"[16, 4096]",0.975830078125
R0_vs_O3qL,A008,1.0,0,0,0.0,0.0,0.0,0.0,126976,0,0,0.0,0.0,0.0,"[31, 4096]",1.0,0.029808782041072845,0.9962781628069919,0,0,327.15771484375,0.6841735412310241,0.09509549593652712,0.4170503616333008,126976,0,0,0.9627324960775058,0.09249396775062119,1.781719843540368,"[31, 4096]",0.9768775201612904,0.032829731702804565,0.9923810579779428,0,0,227.82977294921875,0.6262427889878917,0.09126028687031115,0.37173980474472046,69632,0,0,0.9967136767494296,"{""min"": 0.8649684509632457, ""p1"": 0.8859487103070274, ""p5"": 0.9698697476821538, ""p25"": 0.9984541296619784, ""median"": 0.9987557214991383, ""p75"": 0.9992150275020851, ""p95"": 0.9994045709848912, ""p99"": 0.9994285122062463, ""max"": 0.9994344975115851}",0.12328263199655369,1.576324792939765,"[17, 4096]",0.9775390625
R0_vs_O3qL,A009,1.0,0,0,0.0,0.0,0.0,0.0,135168,0,0,0.0,0.0,0.0,"[33, 4096]",1.0,0.030687736347317696,0.995932350715055,0,0,291.82977294921875,0.6835325205930448,0.09474635157199486,0.42032086849212646,135168,0,0,0.9706523016745867,0.09358329807541944,1.7637999742580601,"[33, 4096]",0.9770063920454546,0.03474506735801697,0.9913200615256581,0,0,291.82977294921875,0.6185104650978342,0.08923627626858933,0.37305545806884766,77824,0,0,0.9957530113813035,"{""min"": 0.8248044453427034, ""p1"": 0.8556893660094879, ""p5"": 0.9792290486766261, ""p25"": 0.9983791216394329, ""median"": 0.9989949872829307, ""p75"": 0.9992679352547975, ""p95"": 0.9994422180952095, ""p99"": 0.9994734573688798, ""max"": 0.9994812671872974}",0.13154537871467867,1.6993275254135853,"[19, 4096]",0.9779887952302632
R0_vs_O3qL,A010,0.9999999999999999,0,0,0.0,0.0,0.0,0.0,126976,0,0,0.0,0.0,0.0,"[31, 4096]",1.0,0.02992691472172737,0.996238571075398,0,0,327.15771484375,0.6773670935245689,0.09603623615505856,0.41264891624450684,126976,0,0,0.9629490947738687,0.0928272521088596,1.776692588698953,"[31, 4096]",0.9759560861895161,0.033045150339603424,0.9920782072909119,0,0,227.82977294921875,0.6138310314055322,0.09297575432763319,0.36585092544555664,69632,0,0,0.9994752401565301,"{""min"": 0.8649684509632457, ""p1"": 0.8859487103070274, ""p5"": 0.9698697476821538, ""p25"": 0.9983470120182338, ""median"": 0.9988165808014438, ""p75"": 0.9993054331027447, ""p95"": 0.9994008813725066, ""p99"": 0.9994394774323438, ""max"": 0.9994491264473031}",0.125839368695437,1.565943374159573,"[17, 4096]",0.9758588005514706
R0_vs_O3qL,A011,1.0,0,0,0.0,0.0,0.0,0.0,172032,0,0,0.0,0.0,0.0,"[42, 4096]",1.0,0.0308837890625,0.9961451465958534,0,0,291.82977294921875,0.6348304780326327,0.0919691283941022,0.40947580337524414,172032,0,0,0.9726398981942909,0.09081488653268893,1.5903260197973204,"[42, 4096]",0.9779227120535714,0.0337350033223629,0.9932286331352982,0,0,291.82977294921875,0.5663573476663909,0.08684153713498786,0.37353646755218506,114688,0,0,0.9948966837918316,"{""min"": 0.8248044453427034, ""p1"": 0.8711318263428802, ""p5"": 0.9967986358326396, ""p25"": 0.9984529243111577, ""median"": 0.9987908549825759, ""p75"": 0.9990469353172151, ""p95"": 0.9992718527340626, ""p99"": 0.999347624623199, ""max"": 0.9993692780039136}",0.1161880575325218,1.4445418561759709,"[28, 4096]",0.9790475027901786
R0_vs_O3qL,A012,1.0,0,0,0.0,0.0,0.0,0.0,167936,0,0,0.0,0.0,0.0,"[41, 4096]",1.0,0.03060094267129898,0.9961182192541066,0,0,291.82977294921875,0.6362636638702786,0.09136975333686044,0.4060978889465332,167936,0,0,0.9728175085987749,0.09105721490948548,1.6050215206943008,"[41, 4096]",0.9783369855182927,0.03341109678149223,0.993075297088041,0,0,291.82977294921875,0.5659976250359183,0.08574146422365353,0.36769914627075195,110592,0,0,0.9961669364696449,"{""min"": 0.8248044453427034, ""p1"": 0.8694159974169478, ""p5"": 0.9967704054948154, ""p25"": 0.9984425072676965, ""median"": 0.9988638979186842, ""p75"": 0.9990761164227766, ""p95"": 0.9993216478149558, ""p99"": 0.999346530316998, ""max"": 0.9993551310330473}",0.11752026441242024,1.4634275161812371,"[27, 4096]",0.9797182436342593
R0_vs_O3qL,A013,1.0000000000000002,0,0,0.0,0.0,0.0,0.0,151552,0,0,0.0,0.0,0.0,"[37, 4096]",1.0,0.029382653534412384,0.9959506246560705,0,0,291.82977294921875,0.6599376123661361,0.09500326045711323,0.41643762588500977,151552,0,0,0.971003376929753,0.09329908046867573,1.6774825097959583,"[37, 4096]",0.9774862753378378,0.03193996101617813,0.9917118211797291,0,0,291.82977294921875,0.5918616223841483,0.09060783844089378,0.3768484592437744,94208,0,0,0.9952199463818311,"{""min"": 0.8248044453427034, ""p1"": 0.8625526817132178, ""p5"": 0.9965308126209363, ""p25"": 0.9984247086711596, ""median"": 0.9987374398606658, ""p75"": 0.9989921246337039, ""p95"": 0.9992845160178301, ""p99"": 0.999288882164489, ""max"": 0.9992890802975635}",0.12853003802543156,1.5648301105928755,"[23, 4096]",0.9785899286684783
R0_vs_O3qL,A014,1.0,0,0,0.0,0.0,0.0,0.0,159744,0,0,0.0,0.0,0.0,"[39, 4096]",1.0,0.03135642036795616,0.9961445391366692,0,0,291.82977294921875,0.646159797516959,0.09213885010385453,0.40819263458251953,159744,0,0,0.9725449705797773,0.09084600587953394,1.6387448245754366,"[39, 4096]",0.9779522235576923,0.03481445461511612,0.9931007256104192,0,0,291.82977294921875,0.5758143104179908,0.08649099205110777,0.368259072303772,102400,0,0,0.9956187194887053,"{""min"": 0.8248044453427034, ""p1"": 0.8659843395650827, ""p5"": 0.996680598868704, ""p25"": 0.9986566688729374, ""median"": 0.9989534231541979, ""p75"": 0.9990865905690691, ""p95"": 0.9992913912304066, ""p99"": 0.9993358429869389, ""max"": 0.9993496979416719}",0.11729147064143082,1.509142599139194,"[25, 4096]",0.979228515625
R0_vs_O3qL,A015,0.9999999999999998,0,0,0.0,0.0,0.0,0.0,151552,0,0,0.0,0.0,0.0,"[37, 4096]",1.0,0.029765361919999123,0.9960170545513446,0,0,291.82977294921875,0.6665744581579339,0.0949316991674868,0.4210994243621826,151552,0,0,0.9713176906373671,0.09252073076137313,1.6847155140697523,"[37, 4096]",0.9771893475506757,0.03255562111735344,0.9922738647073269,0,0,291.82977294921875,0.6025382873535621,0.09049271810540777,0.38117194175720215,94208,0,0,0.9942545115735496,"{""min"": 0.8248044453427034, ""p1"": 0.8625526817132178, ""p5"": 0.996503715557207, ""p25"": 0.9984224414011147, ""median"": 0.9986300393397486, ""p75"": 0.9990749861951187, ""p95"": 0.9993852164800714, ""p99"": 0.999515804351963, ""max"": 0.9995525828266855}",0.12408263529113893,1.577280828217363,"[23, 4096]",0.9781122622282609
R0_vs_O3qL,A016,1.0000000000000002,0,0,0.0,0.0,0.0,0.0,159744,0,0,0.0,0.0,0.0,"[39, 4096]",1.0,0.029966697096824646,0.9961076456277398,0,0,291.82977294921875,0.6589943792727214,0.09379184780829701,0.41996216773986816,159744,0,0,0.9715746929720478,0.09149548670818762,1.6521632417477154,"[39, 4096]",0.9775202824519231,0.032646484673023224,0.9929329627705209,0,0,291.82977294921875,0.5958362579569803,0.08906966847003803,0.38541126251220703,102400,0,0,0.9925782245644105,"{""min"": 0.8248044453427034, ""p1"": 0.8659843395650827, ""p5"": 0.9966533875595941, ""p25"": 0.9983813428846906, ""median"": 0.9986502396924006, ""p75"": 0.9989860396949207, ""p95"": 0.9992144924287885, ""p99"": 0.9992763032553854, ""max"": 0.9992890802975635}",0.11867711356007248,1.5317960298745679,"[25, 4096]",0.9785546875
R0_vs_O3qL,A017,0.9999999999999998,0,0,0.0,0.0,0.0,0.0,147456,0,0,0.0,0.0,0.0,"[36, 4096]",1.0,0.02968343161046505,0.9959066118915172,0,0,291.82977294921875,0.6497708632187924,0.094173071799813,0.39853936433792114,147456,0,0,0.9706134319641752,0.09386035021027547,1.6911151068991006,"[36, 4096]",0.9774169921875,0.03254838287830353,0.9911743936599227,0,0,291.82977294921875,0.5721307605984045,0.08904955600093797,0.350011944770813,90112,0,0,0.995895441003323,"{""min"": 0.8248044453427034, ""p1"": 0.8608368527872853, ""p5"": 0.9964581580443939, ""p25"": 0.9984199612556139, ""median"": 0.9989384845372158, ""p75"": 0.9991720751479136, ""p95"": 0.9993564680625356, ""p99"": 0.9993604878586538, ""max"": 0.9993611614046605}",0.13264844379374646,1.5834257479324765,"[22, 4096]",0.9785267223011364
R0_vs_O3qL,A018,1.0,0,0,0.0,0.0,0.0,0.0,143360,0,0,0.0,0.0,0.0,"[35, 4096]",1.0,0.0294363833963871,0.9958782083798509,0,0,291.82977294921875,0.671276272990664,0.09509990137859752,0.41947460174560547,143360,0,0,0.970425603733115,0.09420418864064145,1.721788693280343,"[35, 4096]",0.9772181919642857,0.0322730652987957,0.9910579285997252,0,0,291.82977294921875,0.6042759624743623,0.09035029502277525,0.37577223777770996,86016,0,0,0.9951702794015251,"{""min"": 0.8248044453427034, ""p1"": 0.8591210238613528, ""p5"": 0.9963873379359508, ""p25"": 0.9982938755831241, ""median"": 0.9985162996376874, ""p75"": 0.999045198241884, ""p95"": 0.9992890802975635, ""p99"": 0.9994177898112252, ""max"": 0.9994499671896406}",0.13349566880142638,1.632458792032345,"[21, 4096]",0.9782482328869048
R0_vs_O3qL,A019,1.0,0,0,0.0,0.0,0.0,0.0,155648,0,0,0.0,0.0,0.0,"[38, 4096]",1.0,0.03058825060725212,0.9960333850261551,0,0,291.82977294921875,0.6479057556253361,0.09329932717786464,0.40653157234191895,155648,0,0,0.9714048197925303,0.09232584762029403,1.661843993559957,"[38, 4096]",0.977551912006579,0.0337422676384449,0.9923730785445829,0,0,291.82977294921875,0.5756476821271311,0.08809308666609271,0.3634974956512451,98304,0,0,0.9942703336049685,"{""min"": 0.8248044453427034, ""p1"": 0.8642685106391503, ""p5"": 0.9966017993216528, ""p25"": 0.9983396212145886, ""median"": 0.9986825087640463, ""p75"": 0.9990224265701914, ""p95"": 0.9993085645530662, ""p99"": 0.9994470283875451, ""max"": 0.9994873606607702}",0.12328532985198312,1.543122546575157,"[24, 4096]",0.9786478678385416
R0_vs_O3qL,A020,1.0,0,0,0.0,0.0,0.0,0.0,159744,0,0,0.0,0.0,0.0,"[39, 4096]",1.0,0.03037985786795616,0.9960797344886503,0,0,291.82977294921875,0.64337866453526,0.09182856952755945,0.4056401252746582,159744,0,0,0.9716490748180402,0.0917715624415385,1.6426871585453582,"[39, 4096]",0.978202624198718,0.03329101577401161,0.992691792284825,0,0,291.82977294921875,0.5714757429665406,0.08600695435208743,0.365001916885376,102400,0,0,0.9939722935463831,"{""min"": 0.8248044453427034, ""p1"": 0.8659843395650827, ""p5"": 0.9966738790655185, ""p25"": 0.9984624986453539, ""median"": 0.99871083137435, ""p75"": 0.9989943856018721, ""p95"": 0.9993537985971261, ""p99"": 0.9993756845823665, ""max"": 0.9993774866066875}",0.12068407191433092,1.51581408020535,"[25, 4096]",0.979619140625
R0_vs_O3qL,A021,1.0,0,0,0.0,0.0,0.0,0.0,167936,0,0,0.0,0.0,0.0,"[41, 4096]",1.0,0.03126190975308418,0.9962048053355698,0,0,291.82977294921875,0.636149091515108,0.09207903162271663,0.4045712947845459,167936,0,0,0.973781370697404,0.08988212418101742,1.6076183713646817,"[41, 4096]",0.9778129763719512,0.03441478684544563,0.9936135092183959,0,0,291.82977294921875,0.5658236447928815,0.08681851643550918,0.36518359184265137,110592,0,0,0.9969637871117517,"{""min"": 0.8248044453427034, ""p1"": 0.8694159974169478, ""p5"": 0.9966882169845331, ""p25"": 0.998480571985784, ""median"": 0.998845805322917, ""p75"": 0.9991021730441277, ""p95"": 0.9993986098203121, ""p99"": 0.9994463496654462, ""max"": 0.9994606287767515}",0.11288675148425652,1.4677495390903117,"[27, 4096]",0.9789225260416666
R0_vs_O3qL,A022,1.0,0,0,0.0,0.0,0.0,0.0,155648,0,0,0.0,0.0,0.0,"[38, 4096]",1.0,0.029650235548615456,0.996010885969387,0,0,291.82977294921875,0.6541969186042288,0.09408058497526736,0.4147195816040039,155648,0,0,0.9716654516028462,0.09249332519145818,1.6622336792348795,"[38, 4096]",0.9774426912006579,0.032257080078125,0.9922894712853378,0,0,291.82977294921875,0.5856086901770444,0.08933007817864698,0.37640810012817383,98304,0,0,0.9953453002999605,"{""min"": 0.8248044453427034, ""p1"": 0.8642685106391503, ""p5"": 0.9965936812984887, ""p25"": 0.9983083787613437, ""median"": 0.9986944701827443, ""p75"": 0.9990252465456512, ""p95"": 0.9992841584446801, ""p99"": 0.9993823996410017, ""max"": 0.9994102742500807}",0.12397960827181234,1.543786953365007,"[24, 4096]",0.9784749348958334
R0_vs_O3qL,A023,1.0,0,0,0.0,0.0,0.0,0.0,143360,0,0,0.0,0.0,0.0,"[35, 4096]",1.0,0.02998046949505806,0.9959424674173828,0,0,291.82977294921875,0.675186177561149,0.09479576878326881,0.4208550453186035,143360,0,0,0.9708298813442258,0.0934304210300749,1.723682824284727,"[35, 4096]",0.9770926339285714,0.033179871737957,0.9916108397695849,0,0,291.82977294921875,0.6107924700918375,0.08984340736389412,0.37798964977264404,86016,0,0,0.9949636816287303,"{""min"": 0.8248044453427034, ""p1"": 0.8591210238613528, ""p5"": 0.9963873379359508, ""p25"": 0.9983752220103324, ""median"": 0.9987262560977279, ""p75"": 0.9991305809874794, ""p95"": 0.9993190933159317, ""p99"": 0.9993958418438821, ""max"": 0.9994150289758696}",0.1293026836534777,1.6357868641912392,"[21, 4096]",0.9780389694940477
R0_vs_O3qL,A024,1.0000000000000002,0,0,0.0,0.0,0.0,0.0,167936,0,0,0.0,0.0,0.0,"[41, 4096]",1.0,0.03056521527469158,0.9963022829201778,0,0,291.82977294921875,0.6421073235195786,0.0925039552473915,0.41309642791748047,167936,0,0,0.9737276026820226,0.08883342409193282,1.6083652017638201,"[41, 4096]",0.9780213891006098,0.033356841653585434,0.9940234667176593,0,0,291.82977294921875,0.5748713304292997,0.08746377082853404,0.3774925470352173,110592,0,0,0.9952994270629322,"{""min"": 0.8248044453427034, ""p1"": 0.8694159974169478, ""p5"": 0.9967384535992815, ""p25"": 0.9986489991268693, ""median"": 0.9989746693725845, ""p75"": 0.9991879778076157, ""p95"": 0.9995069029417779, ""p99"": 0.9995920719525311, ""max"": 0.999601570012719}",0.10917406143132308,1.468991449469763,"[27, 4096]",0.9792390046296297
R0_vs_O3qL,A025,1.0,0,0,0.0,0.0,0.0,0.0,147456,0,0,0.0,0.0,0.0,"[36, 4096]",1.0,0.03058539517223835,0.9960246091074582,0,0,291.82977294921875,0.6641701339896523,0.09344217341570867,0.4149293899536133,147456,0,0,0.9702578196927772,0.09273028355976962,1.7067989439297038,"[36, 4096]",0.9775119357638888,0.034024324268102646,0.9921388723645909,0,0,291.82977294921875,0.5956932036779935,0.08785354046331267,0.37131357192993164,90112,0,0,0.9912341043456177,"{""min"": 0.8248044453427034, ""p1"": 0.8608368527872853, ""p5"": 0.9964616412497287, ""p25"": 0.9983985372409429, ""median"": 0.9987525311297496, ""p75"": 0.9990624365013218, ""p95"": 0.9993211400108317, ""p99"": 0.9993810365580086, ""max"": 0.9993965098880185}",0.12514502206754244,1.6107273917333207,"[22, 4096]",0.9786820845170454
R0_vs_O3qL,A026,0.9999999999999998,0,0,0.0,0.0,0.0,0.0,151552,0,0,0.0,0.0,0.0,"[37, 4096]",1.0,0.029639991000294685,0.9960915845817975,0,0,291.82977294921875,0.6614678248020273,0.09342855883892048,0.41728997230529785,151552,0,0,0.9714775460356786,0.09169190814283042,1.6819017917724095,"[37, 4096]",0.9776908255912162,0.03235394135117531,0.9926781367055806,0,0,291.82977294921875,0.5943232684766688,0.08807462279423585,0.37677001953125,94208,0,0,0.9936997306357062,"{""min"": 0.8248044453427034, ""p1"": 0.8625526817132178, ""p5"": 0.996524840297525, ""p25"": 0.9985017405704083, ""median"": 0.9989646475135209, ""p75"": 0.9990738831294792, ""p95"": 0.9993073061765442, ""p99"": 0.9993182723819104, ""max"": 0.9993207942328006}",0.1207938763385589,1.5724427104482823,"[23, 4096]",0.9789189877717391
R0_vs_O3qL,A027,0.9999999999999998,0,0,0.0,0.0,0.0,0.0,155648,0,0,0.0,0.0,0.0,"[38, 4096]",1.0,0.029798006638884544,0.9961518872302215,0,0,291.82977294921875,0.6468970752669664,0.09279798992735659,0.40639829635620117,155648,0,0,0.9725316000069885,0.09077078569769592,1.6573482898712792,"[38, 4096]",0.977551912006579,0.0324910469353199,0.9931072160545854,0,0,291.82977294921875,0.5740506048930456,0.08729930268612157,0.3642861843109131,98304,0,0,0.9957009023991178,"{""min"": 0.8248044453427034, ""p1"": 0.8642685106391503, ""p5"": 0.9965652508018803, ""p25"": 0.9985657685458905, ""median"": 0.9989751244082936, ""p75"": 0.9991265265562213, ""p95"": 0.9994979606293319, ""p99"": 0.9995290248287304, ""max"": 0.9995302203925551}",0.11723815347046841,1.5354479891911617,"[24, 4096]",0.9786478678385416
R0_vs_O3qL,A028,1.0000000000000002,0,0,0.0,0.0,0.0,0.0,143360,0,0,0.0,0.0,0.0,"[35, 4096]",1.0,0.02921316958963871,0.9959802632502676,0,0,291.82977294921875,0.6753140386778665,0.09507835594754964,0.41981643438339233,143360,0,0,0.9707300111532706,0.09306390517751112,1.7252984397916444,"[35, 4096]",0.9770298549107143,0.0319010429084301,0.9918613208803847,0,0,291.82977294921875,0.6110055719530335,0.09031438597102877,0.37614965438842773,86016,0,0,0.9938270112753781,"{""min"": 0.8248044453427034, ""p1"": 0.8591210238613528, ""p5"": 0.9963873379359508, ""p25"": 0.9983396354378132, ""median"": 0.998875573397076, ""p75"": 0.9990918678516992, ""p95"": 0.9993275330010073, ""p99"": 0.9993880128838226, ""max"": 0.9994031328545264}",0.1273380700346404,1.6386231144112393,"[21, 4096]",0.9779343377976191
R0_vs_O3qL,A029,1.0000000000000002,0,0,0.0,0.0,0.0,0.0,155648,0,0,0.0,0.0,0.0,"[38, 4096]",1.0,0.030093545094132423,0.9961569988461078,0,0,291.82977294921875,0.6567055892379167,0.09374040688682089,0.415818452835083,155648,0,0,0.971560471362451,0.09097374793955958,1.6678707769571293,"[38, 4096]",0.9776675575657895,0.032958984375,0.9931164207873644,0,0,291.82977294921875,0.5895807520137168,0.08879146287194008,0.37648820877075195,98304,0,0,0.9922608041747178,"{""min"": 0.8248044453427034, ""p1"": 0.8642685106391503, ""p5"": 0.9965880609947405, ""p25"": 0.9984848152645294, ""median"": 0.9988449948677067, ""p75"": 0.9990779400129453, ""p95"": 0.9993474212758059, ""p99"": 0.9993536738529466, ""max"": 0.9993547699071098}",0.11713456723906447,1.5533836253270992,"[24, 4096]",0.9788309733072916
R0_vs_O3qL,A030,1.0,0,0,0.0,0.0,0.0,0.0,143360,0,0,0.0,0.0,0.0,"[35, 4096]",1.0,0.03033621609210968,0.9960053983362495,0,0,291.82977294921875,0.6753667049100062,0.09484591461870244,0.4227755069732666,143360,0,0,0.9717368229818588,0.09253221187662519,1.7237433754348,"[35, 4096]",0.9770438058035714,0.0337727852165699,0.9921601829124087,0,0,291.82977294921875,0.6110933490065994,0.08992698375628347,0.38083285093307495,86016,0,0,0.9964073481885575,"{""min"": 0.8248044453427034, ""p1"": 0.8591210238613528, ""p5"": 0.9963873379359508, ""p25"": 0.9983618907359119, ""median"": 0.998795877281042, ""p75"": 0.9992032509973663, ""p95"": 0.9993330956458147, ""p99"": 0.9994136847631757, ""max"": 0.9994338320425159}",0.12504483138498182,1.6358932038581395,"[21, 4096]",0.9779575892857143
R0_vs_O3qL,A031,1.0,0,0,0.0,0.0,0.0,0.0,135168,0,0,0.0,0.0,0.0,"[33, 4096]",1.0,0.029651988297700882,0.9958532508917859,0,0,291.82977294921875,0.6954183181024939,0.09672578800778148,0.4348714351654053,135168,0,0,0.9699832806906687,0.09458096027461672,1.7723624097930626,"[33, 4096]",0.9764071377840909,0.032946135848760605,0.9907645072191322,0,0,291.82977294921875,0.6391542186668774,0.09267424481495556,0.39465785026550293,77824,0,0,0.9943602370816107,"{""min"": 0.8248044453427034, ""p1"": 0.8556893660094879, ""p5"": 0.9792290486766261, ""p25"": 0.99839354975795, ""median"": 0.9986737145709076, ""p75"": 0.9989081138051015, ""p95"": 0.9991336826310837, ""p99"": 0.999215399032748, ""max"": 0.9992358281331641}",0.13564151469249783,1.7147310069073942,"[19, 4096]",0.9769479851973685
R0_vs_O3qL,A032,0.9999999999999999,0,0,0.0,0.0,0.0,0.0,126976,0,0,0.0,0.0,0.0,"[31, 4096]",1.0,0.029115738347172737,0.9961825252974162,0,0,327.15771484375,0.6856567340609246,0.09624125666114394,0.42212581634521484,126976,0,0,0.9626356555212136,0.09351881502588305,1.7834681339709781,"[31, 4096]",0.9762317288306451,0.03156594559550285,0.9916759626607434,0,0,227.82977294921875,0.6289474347365339,0.09334961525049479,0.37955474853515625,69632,0,0,0.9992910762780001,"{""min"": 0.8649684509632457, ""p1"": 0.8859487103070274, ""p5"": 0.9698697476821538, ""p25"": 0.9981743598835904, ""median"": 0.9985802277639969, ""p75"": 0.999075245329885, ""p95"": 0.9992360254276749, ""p99"": 0.9992962550934156, ""max"": 0.9993113125098507}",0.1289836231321328,1.579925910455349,"[17, 4096]",0.9763614430147058
R0_vs_O3qL,A033,1.0,0,0,0.0,0.0,0.0,0.0,147456,0,0,0.0,0.0,0.0,"[36, 4096]",1.0,0.0298597551882267,0.9958518551966214,0,0,291.82977294921875,0.6612103921076292,0.09462303222422837,0.41460561752319336,147456,0,0,0.9715964062342036,0.09416692256740375,1.695417409482162,"[36, 4096]",0.9773491753472222,0.0328369140625,0.991067224787436,0,0,291.82977294921875,0.5908499896892284,0.08978585487725406,0.3717942237854004,90112,0,0,0.9996105247495725,"{""min"": 0.8248044453427034, ""p1"": 0.8608368527872853, ""p5"": 0.9964476886094393, ""p25"": 0.9984225319643918, ""median"": 0.9987723384699589, ""p75"": 0.9990832767754975, ""p95"": 0.9992538479833825, ""p99"": 0.9993291716804826, ""max"": 0.9993480272155623}",0.13363661147445302,1.590936432877934,"[22, 4096]",0.9784157492897727
R0_vs_O3qL,A034,0.9999999999999998,0,0,0.0,0.0,0.0,0.0,131072,0,0,0.0,0.0,0.0,"[32, 4096]",1.0,0.02893829345703125,0.9961727706392591,0,0,327.15771484375,0.683624246838292,0.09679322428165182,0.4233407974243164,131072,0,0,0.9630255618075511,0.0934802037344597,1.7570179430823667,"[32, 4096]",0.9761962890625,0.0311143659055233,0.9917482225795431,0,0,227.82977294921875,0.6284846407476531,0.09449153776532263,0.3851480484008789,73728,0,0,1.000512252491633,"{""min"": 0.8649684509632457, ""p1"": 0.8872599765160136, ""p5"": 0.9764260787270855, ""p25"": 0.9981042458598544, ""median"": 0.9987287528449786, ""p75"": 0.9990448482254539, ""p95"": 0.9992866463451973, ""p99"": 0.9992993841360497, ""max"": 0.9993025685837628}",0.12850008260937687,1.5387384722091821,"[18, 4096]",0.9762912326388888
R0_vs_O3qL,A035,0.9999999999999999,0,0,0.0,0.0,0.0,0.0,122880,0,0,0.0,0.0,0.0,"[30, 4096]",1.0,0.0279541015625,0.9961577026718709,0,0,327.15771484375,0.7010345254494192,0.09792139346070082,0.4322664737701416,122880,0,0,0.9629735472086122,0.09365372166289089,1.8110942256427842,"[30, 4096]",0.975390625,0.029541015625,0.9915514855208388,0,0,227.82977294921875,0.6542364623821868,0.09631914416149832,0.3948671817779541,65536,0,0,1.00155188303162,"{""min"": 0.8649684509632457, ""p1"": 0.884637444098041, ""p5"": 0.963313416637222, ""p25"": 0.9979077479001136, ""median"": 0.9986276726063286, ""p75"": 0.9990979856455637, ""p95"": 0.9992907606128076, ""p99"": 0.9993130740188962, ""max"": 0.9993186523704184}",0.13009865299760462,1.624676365774316,"[16, 4096]",0.97479248046875
R0_vs_O3qL,A036,1.0,0,0,0.0,0.0,0.0,0.0,131072,0,0,0.0,0.0,0.0,"[32, 4096]",1.0,0.0298919677734375,0.996255685065239,0,0,327.15771484375,0.6866415740924481,0.09475857706465204,0.42693066596984863,131072,0,0,0.9641257543905126,0.09223308744888924,1.7593717018547088,"[32, 4096]",0.9772109985351562,0.0328097864985466,0.9926603286671979,0,0,227.82977294921875,0.633848778088375,0.09087438715732302,0.38996195793151855,73728,0,0,1.0004679597273085,"{""min"": 0.8649684509632457, ""p1"": 0.8872599765160136, ""p5"": 0.9764260787270855, ""p25"": 0.9981225324257879, ""median"": 0.998658486195461, ""p75"": 0.9991267363992158, ""p95"": 0.9993757301459261, ""p99"": 0.9994587583091052, ""max"": 0.9994795153499001}",0.12118758596943972,1.5435123186453585,"[18, 4096]",0.9780951605902778
R0_vs_O3qL,A037,1.0,0,0,0.0,0.0,0.0,0.0,131072,0,0,0.0,0.0,0.0,"[32, 4096]",1.0,0.0294647216796875,0.9961958199544259,0,0,327.15771484375,0.6853303719536825,0.09579284454693593,0.4255709648132324,131072,0,0,0.9627366421183403,0.09334562060855606,1.7595693832974957,"[32, 4096]",0.976531982421875,0.0320502370595932,0.9918824946620041,0,0,227.82977294921875,0.6315177520639028,0.09271308490360548,0.38887643814086914,73728,0,0,0.9984040930004603,"{""min"": 0.8649684509632457, ""p1"": 0.8872599765160136, ""p5"": 0.9764260787270855, ""p25"": 0.9980177961750731, ""median"": 0.9986156467501535, ""p75"": 0.9990721165821116, ""p95"": 0.9992218290012536, ""p99"": 0.9992717213450346, ""max"": 0.9992841944309798}",0.1273249701667673,1.5439128706670542,"[18, 4096]",0.9768880208333334
R0_vs_O3qL,A038,1.0000000000000002,0,0,0.0,0.0,0.0,0.0,131072,0,0,0.0,0.0,0.0,"[32, 4096]",1.0,0.03021240234375,0.9963541292388957,0,0,327.15771484375,0.6782703161632071,0.09397529516111858,0.4160149097442627,131072,0,0,0.9629969216191453,0.09160323383369194,1.7617967164347323,"[32, 4096]",0.9771194458007812,0.0333794504404068,0.9930450625951737,0,0,227.82977294921875,0.6189665417697243,0.08948188599548575,0.3735361099243164,73728,0,0,0.9940991926742255,"{""min"": 0.8649684509632457, ""p1"": 0.8872599765160136, ""p5"": 0.9764260787270855, ""p25"": 0.998449915149221, ""median"": 0.9987656955751691, ""p75"": 0.9991204237195068, ""p95"": 0.9994140132754701, ""p99"": 0.9994295335718328, ""max"": 0.9994334136459235}",0.11773960610419648,1.5484219442293443,"[18, 4096]",0.9779324001736112
R0_vs_O3qL,A039,0.9999999999999998,0,0,0.0,0.0,0.0,0.0,139264,0,0,0.0,0.0,0.0,"[34, 4096]",1.0,0.030539119616150856,0.9960105166164117,0,0,291.82977294921875,0.6765360142285317,0.09376274031839435,0.4176797866821289,139264,0,0,0.9714153376152824,0.09256334922422259,1.7461708680960535,"[34, 4096]",0.9771082261029411,0.03428955003619194,0.99210118572222,0,0,291.82977294921875,0.6098675070529225,0.08783964090263877,0.3717234134674072,81920,0,0,0.9956549184035334,"{""min"": 0.8248044453427034, ""p1"": 0.8574051949354203, ""p5"": 0.9878081933062884, ""p25"": 0.9984238640473634, ""median"": 0.9988717452615943, ""p75"": 0.9991839462727264, ""p95"": 0.9993473150427115, ""p99"": 0.9995457455962786, ""max"": 0.9995953532346704}",0.1254905028459755,1.6714322754833015,"[20, 4096]",0.97811279296875
R0_vs_O3qL,A040,1.0000000000000002,0,0,0.0,0.0,0.0,0.0,131072,0,0,0.0,0.0,0.0,"[32, 4096]",1.0,0.029266357421875,0.9962073048725202,0,0,327.15771484375,0.6920819170310608,0.09585430262031214,0.4310493469238281,131072,0,0,0.9645800134518371,0.09258126852251834,1.7680282216131975,"[32, 4096]",0.976531982421875,0.0316975899040699,0.9925729512232553,0,0,227.82977294921875,0.6435204988681309,0.09282234370071873,0.39734601974487305,73728,0,0,1.0018792622363129,"{""min"": 0.8649684509632457, ""p1"": 0.8872599765160136, ""p5"": 0.9764260787270855, ""p25"": 0.9982187302191569, ""median"": 0.9987122289419779, ""p75"": 0.9989729194629962, ""p95"": 0.99910888724642, ""p99"": 0.9992138197599021, ""max"": 0.9992400528882727}",0.12200632739587222,1.560997993251867,"[18, 4096]",0.9768880208333334
R0_vs_O3qL,A041,1.0,0,0,0.0,0.0,0.0,0.0,159744,0,0,0.0,0.0,0.0,"[39, 4096]",1.0,0.0316569022834301,0.9960784367997684,0,0,291.82977294921875,0.629017019213559,0.09145634541262614,0.3895077705383301,159744,0,0,0.9722804930435379,0.0916192658208641,1.635624036361222,"[39, 4096]",0.9780210837339743,0.035283204168081284,0.9926900483554527,0,0,291.82977294921875,0.5490715762646868,0.08542628473279149,0.34402668476104736,102400,0,0,0.9963242115955808,"{""min"": 0.8248044453427034, ""p1"": 0.8659843395650827, ""p5"": 0.9966116181156097, ""p25"": 0.99843287339011, ""median"": 0.9988892535744281, ""p75"": 0.9992890802975635, ""p95"": 0.9993696278546518, ""p99"": 0.9993832007854996, ""max"": 0.9993850653295074}",0.12074632515527958,1.5038518378504864,"[25, 4096]",0.9793359375
R0_vs_O3qL,A042,1.0,0,0,0.0,0.0,0.0,0.0,147456,0,0,0.0,0.0,0.0,"[36, 4096]",1.0,0.0300157330930233,0.9959200246914504,0,0,291.82977294921875,0.6538769291168036,0.09374890927137053,0.40459758043289185,147456,0,0,0.9721042464846548,0.09333003648438282,1.6933236066593809,"[36, 4096]",0.9771931966145834,0.03309215232729912,0.991597899818388,0,0,291.82977294921875,0.5788497775224228,0.08835547186348669,0.3574855327606201,90112,0,0,0.9998694926459584,"{""min"": 0.8248044453427034, ""p1"": 0.8608368527872853, ""p5"": 0.9964519273047923, ""p25"": 0.9983887375565513, ""median"": 0.9988027766731669, ""p75"": 0.9992117730912621, ""p95"": 0.9993983561165535, ""p99"": 0.9994394362942407, ""max"": 0.9994501802838698}",0.12962262273101677,1.5872832613375811,"[22, 4096]",0.9781605113636364
R0_vs_O3qL,A043,0.9999999999999998,0,0,0.0,0.0,0.0,0.0,151552,0,0,0.0,0.0,0.0,"[37, 4096]",1.0,0.03045819327235222,0.9959940165330201,0,0,291.82977294921875,0.6600269923281893,0.09354821917525225,0.4161034822463989,151552,0,0,0.9717293274382685,0.09265362468509585,1.6797588578329405,"[37, 4096]",0.9774400865709459,0.033670175820589066,0.9921365868185463,0,0,291.82977294921875,0.5920054075404946,0.08826711985703047,0.37567389011383057,94208,0,0,0.9962800580147232,"{""min"": 0.8248044453427034, ""p1"": 0.8625526817132178, ""p5"": 0.9965248384827088, ""p25"": 0.998370211525111, ""median"": 0.9988607102443771, ""p75"": 0.9990933103560453, ""p95"": 0.9992841242543775, ""p99"": 0.9994217252113788, ""max"": 0.999459137879378}",0.125228437064425,1.568753431562518,"[23, 4096]",0.978515625
R0_vs_O3qL,A044,1.0,0,0,0.0,0.0,0.0,0.0,131072,0,0,0.0,0.0,0.0,"[32, 4096]",1.0,0.0302886962890625,0.9962435978652806,0,0,327.15771484375,0.6746030929784297,0.09405867427648901,0.41764283180236816,131072,0,0,0.9628566377121969,0.09280831223928648,1.7540538427418995,"[32, 4096]",0.9772796630859375,0.0335150808095932,0.9921755718099707,0,0,227.82977294921875,0.6124470338856756,0.08963011553392203,0.3753132224082947,73728,0,0,0.9981156791888263,"{""min"": 0.8649684509632457, ""p1"": 0.8872599765160136, ""p5"": 0.9764260787270855, ""p25"": 0.9983781121832492, ""median"": 0.9986161430215448, ""p75"": 0.9991690327055814, ""p95"": 0.9992964817256462, ""p99"": 0.9993538065745338, ""max"": 0.9993681377867556}",0.12499167803990195,1.532714732735408,"[18, 4096]",0.9782172309027778
R0_vs_O3qL,A045,1.0,0,0,0.0,0.0,0.0,0.0,135168,0,0,0.0,0.0,0.0,"[33, 4096]",1.0,0.02947443164885044,0.9958521446922806,0,0,291.82977294921875,0.6857991211659695,0.09530037945820836,0.42430734634399414,135168,0,0,0.9709833172646938,0.09432372177458075,1.763737447511496,"[33, 4096]",0.9767400568181818,0.03263774514198303,0.9908032086499361,0,0,291.82977294921875,0.6224471924087036,0.09019853522885489,0.37890422344207764,77824,0,0,0.998524007432854,"{""min"": 0.8248044453427034, ""p1"": 0.8556893660094879, ""p5"": 0.9792290486766261, ""p25"": 0.9984197410286706, ""median"": 0.998664680527271, ""p75"": 0.9992014956972711, ""p95"": 0.999300430666641, ""p99"": 0.9993821533239989, ""max"": 0.9994025839883385}",0.1355308542835795,1.6992148043399156,"[19, 4096]",0.977526212993421
R0_vs_O3qL,A046,1.0000000000000002,0,0,0.0,0.0,0.0,0.0,126976,0,0,0.0,0.0,0.0,"[31, 4096]",1.0,0.028721963986754417,0.9961768296633228,0,0,327.15771484375,0.6957704645589523,0.0971960052165844,0.4364849328994751,126976,0,0,0.9627985708665048,0.09351915419977304,1.7827289929099155,"[31, 4096]",0.9759560861895161,0.030847886577248573,0.9916678453599823,0,0,227.82977294921875,0.6473901197623491,0.0950906273221803,0.4030907154083252,69632,0,0,1.000119938392473,"{""min"": 0.8649684509632457, ""p1"": 0.8859487103070274, ""p5"": 0.9698697476821538, ""p25"": 0.9981528935093751, ""median"": 0.998486802865074, ""p75"": 0.9989521545152324, ""p95"": 0.999316031381294, ""p99"": 0.9993499458726518, ""max"": 0.9993584244954913}",0.1290981113561318,1.578404004019861,"[17, 4096]",0.9758588005514706
R0_vs_O3qL,A047,1.0,0,0,0.0,0.0,0.0,0.0,135168,0,0,0.0,0.0,0.0,"[33, 4096]",1.0,0.0302734375,0.9958848760421056,0,0,291.82977294921875,0.690616742786226,0.09594663093287599,0.4277608394622803,135168,0,0,0.9708522178527081,0.09402099577555718,1.7670012807143936,"[33, 4096]",0.9763109611742424,0.03402549400925636,0.9910797596358155,0,0,291.82977294921875,0.630814640485991,0.09132097200064607,0.38426876068115234,77824,0,0,0.9970165744706796,"{""min"": 0.8248044453427034, ""p1"": 0.8556893660094879, ""p5"": 0.9792290486766261, ""p25"": 0.9983283753213602, ""median"": 0.998781269954718, ""p75"": 0.9992703703453835, ""p95"": 0.9993821767301175, ""p99"": 0.9993836601070419, ""max"": 0.999384030951273}",0.13340223315446406,1.7050940947967592,"[19, 4096]",0.9767809416118421
R0_vs_O3qL,A048,1.0000000000000002,0,0,0.0,0.0,0.0,0.0,139264,0,0,0.0,0.0,0.0,"[34, 4096]",1.0,0.029584098607301712,0.995828615272738,0,0,291.82977294921875,0.6772073159357151,0.09622082078492789,0.42037487030029297,139264,0,0,0.9707801618638626,0.09461920535577127,1.7415227276785574,"[34, 4096]",0.9766271254595589,0.03266601637005806,0.9906579307716629,0,0,291.82977294921875,0.6110087199551344,0.09201837769574576,0.3750513792037964,81920,0,0,0.9979418899246991,"{""min"": 0.8248044453427034, ""p1"": 0.8574051949354203, ""p5"": 0.9878081933062884, ""p25"": 0.998409912948675, ""median"": 0.9986526902474386, ""p75"": 0.9990425068414419, ""p95"": 0.9992903051068824, ""p99"": 0.9993089222085306, ""max"": 0.9993135764839427}",0.13656471088883243,1.663167658194589,"[20, 4096]",0.977294921875
R0_vs_O3qL,A049,1.0,0,0,0.0,0.0,0.0,0.0,159744,0,0,0.0,0.0,0.0,"[39, 4096]",1.0,0.03026091679930687,0.9962113777029329,0,0,291.82977294921875,0.6575187033654518,0.09269871380145506,0.4181709289550781,159744,0,0,0.9715179183619923,0.09040275366075913,1.6596917030267708,"[39, 4096]",0.9778833633814102,0.03310547024011612,0.9934919748296119,0,0,291.82977294921875,0.5935342035416398,0.0873643794193646,0.38210463523864746,102400,0,0,0.9904793611598103,"{""min"": 0.8248044453427034, ""p1"": 0.8659843395650827, ""p5"": 0.9966667960474014, ""p25"": 0.9984231948215595, ""median"": 0.9985893719633051, ""p75"": 0.9990108928906355, ""p95"": 0.9992814157185184, ""p99"": 0.999343605513805, ""max"": 0.9993608240031444}",0.1139419667650235,1.544439971320568,"[25, 4096]",0.97912109375
R0_vs_O3qL,A050,0.9999999999999998,0,0,0.0,0.0,0.0,0.0,143360,0,0,0.0,0.0,0.0,"[35, 4096]",1.0,0.03018275648355484,0.995948787234369,0,0,291.82977294921875,0.6747450332598549,0.09445395381943711,0.4235053062438965,143360,0,0,0.9716497059890271,0.09314750965944675,1.7220550182591092,"[35, 4096]",0.9771275111607143,0.0335170216858387,0.9917734559671564,0,0,291.82977294921875,0.6100572295896806,0.08927371575750791,0.3818848133087158,86016,0,0,0.9974190062356838,"{""min"": 0.8248044453427034, ""p1"": 0.8591210238613528, ""p5"": 0.9963873379359508, ""p25"": 0.99843287339011, ""median"": 0.9988149648259954, ""p75"": 0.9991279269966785, ""p95"": 0.9992890802975635, ""p99"": 0.9993257309534237, ""max"": 0.9993348936173888}",0.12812995074063246,1.6329269253978536,"[21, 4096]",0.9780970982142857
R0_vs_O3qL,A051,1.0,0,0,0.0,0.0,0.0,0.0,139264,0,0,0.0,0.0,0.0,"[34, 4096]",1.0,0.029979033395648003,0.9959763063931826,0,0,291.82977294921875,0.6653388253884098,0.09366982259383565,0.40392589569091797,139264,0,0,0.9715568561159401,0.09288437250278683,1.7359973319989994,"[34, 4096]",0.9770436006433824,0.03333740308880806,0.9917628688030177,0,0,291.82977294921875,0.5908322860247154,0.08768168077088902,0.35144340991973877,81920,0,0,0.9977526197132227,"{""min"": 0.8248044453427034, ""p1"": 0.8574051949354203, ""p5"": 0.9878081933062884, ""p25"": 0.998443075430362, ""median"": 0.9988489064924329, ""p75"": 0.9992859830294741, ""p95"": 0.9995473653135571, ""p99"": 0.9996918168541312, ""max"": 0.9997279297392747}",0.1282274899527221,1.6533183943003331,"[20, 4096]",0.9780029296875
R0_vs_O3qL,A052,0.9999999999999998,0,0,0.0,0.0,0.0,0.0,147456,0,0,0.0,0.0,0.0,"[36, 4096]",1.0,0.0301784947514534,0.9960294967065967,0,0,291.82977294921875,0.6595521461901322,0.09388763082056234,0.41068220138549805,147456,0,0,0.9716998859222871,0.09228852394159848,1.6960455390819014,"[36, 4096]",0.9772135416666666,0.033358488231897354,0.9922480461457647,0,0,291.82977294921875,0.5881364963696879,0.0885824707621642,0.3657693862915039,90112,0,0,0.9961999446353771,"{""min"": 0.8248044453427034, ""p1"": 0.8608368527872853, ""p5"": 0.9964615371354785, ""p25"": 0.998534410866849, ""median"": 0.9989356718608238, ""p75"": 0.9991619430204399, ""p95"": 0.999397621148037, ""p99"": 0.9994919117911593, ""max"": 0.9995163434191997}",0.12433596592131027,1.5920316087771584,"[22, 4096]",0.9781938032670454
R0_vs_O3qL,A053,0.9999999999999998,0,0,0.0,0.0,0.0,0.0,143360,0,0,0.0,0.0,0.0,"[35, 4096]",1.0,0.03005719929933548,0.9959995740894597,0,0,291.82977294921875,0.6725866813575911,0.09442153865924625,0.41977739334106445,143360,0,0,0.9720193495739147,0.09251972536400443,1.7189846942965654,"[35, 4096]",0.9772530691964286,0.0333077572286129,0.9921070163859163,0,0,291.82977294921875,0.606459976419241,0.08921969049052317,0.3768012523651123,86016,0,0,0.9977891422543481,"{""min"": 0.8248044453427034, ""p1"": 0.8591210238613528, ""p5"": 0.9963873379359508, ""p25"": 0.99843287339011, ""median"": 0.9989037455751646, ""p75"": 0.9991914287792872, ""p95"": 0.9995348120034726, ""p99"": 0.9996104961175974, ""max"": 0.9996294171461286}",0.12552272540149811,1.6275262924287108,"[21, 4096]",0.9783063616071429
R0_vs_O3qL,A054,1.0000000000000002,0,0,0.0,0.0,0.0,0.0,151552,0,0,0.0,0.0,0.0,"[37, 4096]",1.0,0.03159971535205841,0.996238474767535,0,0,291.82977294921875,0.6494555040784739,0.09191193606516064,0.4052090644836426,151552,0,0,0.9730874257484077,0.08969321302942213,1.6716558805352082,"[37, 4096]",0.9776974239864865,0.035506539046764374,0.993518856983356,0,0,291.82977294921875,0.5749991003561697,0.08563483833210046,0.3594670295715332,94208,0,0,0.9963446387021193,"{""min"": 0.8248044453427034, ""p1"": 0.8625526817132178, ""p5"": 0.996536027384326, ""p25"": 0.9986019761504694, ""median"": 0.9992890802975635, ""p75"": 0.9993560905603006, ""p95"": 0.999515043950661, ""p99"": 0.9995585290126736, ""max"": 0.9995701453706325}",0.11370253234122758,1.5547671484951018,"[23, 4096]",0.9789296025815217
R0_vs_O3qL,A055,1.0,0,0,0.0,0.0,0.0,0.0,143360,0,0,0.0,0.0,0.0,"[35, 4096]",1.0,0.03042689710855484,0.9960110753529499,0,0,291.82977294921875,0.6653657644343963,0.09454172714475169,0.41042816638946533,143360,0,0,0.9717748205227276,0.09246260769876594,1.71861874458758,"[35, 4096]",0.97734375,0.0339239202439785,0.992130441044922,0,0,291.82977294921875,0.5944251148805831,0.08942000463303222,0.36468422412872314,86016,0,0,0.99690493572778,"{""min"": 0.8248044453427034, ""p1"": 0.8591210238613528, ""p5"": 0.9963873379359508, ""p25"": 0.9984495373508927, ""median"": 0.9989240682096621, ""p75"": 0.9992180828490365, ""p95"": 0.9995042801872182, ""p99"": 0.9996348964826383, ""max"": 0.9996675505564933}",0.12529957602276642,1.6268820432297175,"[21, 4096]",0.9784574962797619
R0_vs_O3qL,A056,0.9999999999999998,0,0,0.0,0.0,0.0,0.0,151552,0,0,0.0,0.0,0.0,"[37, 4096]",1.0,0.030788112431764603,0.9960755621826208,0,0,291.82977294921875,0.6598485156092908,0.09221626939739137,0.4158463478088379,151552,0,0,0.9720360544624532,0.09171353419209156,1.6790964426473776,"[37, 4096]",0.9776842271959459,0.034200917929410934,0.9926376813468699,0,0,291.82977294921875,0.5917182928187883,0.0861244180404717,0.37549781799316406,94208,0,0,0.9957271687590011,"{""min"": 0.8248044453427034, ""p1"": 0.8625526817132178, ""p5"": 0.9965591472946583, ""p25"": 0.9984983009679781, ""median"": 0.9989120420119287, ""p75"": 0.9991648839528816, ""p95"": 0.9993388058365741, ""p99"": 0.9994039831662678, ""max"": 0.999421891792169}",0.12116096113344502,1.5676122131374446,"[23, 4096]",0.9789083729619565
R0_vs_O3qL,A057,1.0,0,0,0.0,0.0,0.0,0.0,135168,0,0,0.0,0.0,0.0,"[33, 4096]",1.0,0.029600201174616814,0.9959335832497815,0,0,291.82977294921875,0.6875720550232004,0.095039040332335,0.42395758628845215,135168,0,0,0.9705123929655136,0.09360841132462136,1.766774455317043,"[33, 4096]",0.9768140388257576,0.03285618871450424,0.991352889026149,0,0,291.82977294921875,0.6255264985817887,0.0897446304312854,0.37743520736694336,77824,0,0,0.9949950746986365,"{""min"": 0.8248044453427034, ""p1"": 0.8556893660094879, ""p5"": 0.9792290486766261, ""p25"": 0.9984040246106649, ""median"": 0.9989499306917641, ""p75"": 0.9991745840937076, ""p95"": 0.9993965884602722, ""p99"": 0.9994766414372082, ""max"": 0.9994966546814421}",0.13127343575903153,1.7046858086383112,"[19, 4096]",0.9776547080592105
R0_vs_O3qL,A058,0.9999999999999998,0,0,0.0,0.0,0.0,0.0,135168,0,0,0.0,0.0,0.0,"[33, 4096]",1.0,0.02962239645421505,0.9958257152001738,0,0,291.82977294921875,0.6822829377282632,0.0951253722890238,0.420928955078125,135168,0,0,0.9707291269880644,0.09466247242677617,1.7611825409974415,"[33, 4096]",0.976754853219697,0.032894738018512726,0.9904855943328424,0,0,291.82977294921875,0.6163401369642663,0.08989457540869228,0.37242698669433594,77824,0,0,0.9986342913872677,"{""min"": 0.8248044453427034, ""p1"": 0.8556893660094879, ""p5"": 0.9792290486766261, ""p25"": 0.9984842017124451, ""median"": 0.9987806317153617, ""p75"": 0.9990163545268114, ""p95"": 0.9993211148575636, ""p99"": 0.9993400519203668, ""max"": 0.9993447861860676}",0.13785749411185536,1.6946059209669009,"[19, 4096]",0.977551912006579
R0_vs_O3qL,A059,1.0000000000000002,0,0,0.0,0.0,0.0,0.0,143360,0,0,0.0,0.0,0.0,"[35, 4096]",1.0,0.02912248857319355,0.9959023904922513,0,0,291.82977294921875,0.6663704736344048,0.09543544188075861,0.4128838777542114,143360,0,0,0.9713719839464268,0.09370255843424305,1.7161955560066147,"[35, 4096]",0.976953125,0.0317499078810215,0.9913174306070888,0,0,291.82977294921875,0.5960996302139305,0.09090952919304375,0.3674032688140869,86016,0,0,0.9981903613661638,"{""min"": 0.8248044453427034, ""p1"": 0.8591210238613528, ""p5"": 0.9963873379359508, ""p25"": 0.99843287339011, ""median"": 0.9988524920453549, ""p75"": 0.9991291393117933, ""p95"": 0.9992890802975635, ""p99"": 0.9992946881683823, ""max"": 0.999296090136087}",0.13167000019662592,1.6226130709234843,"[21, 4096]",0.9778064546130952
R0_vs_O3qL,A060,1.0000000000000002,0,0,0.0,0.0,0.0,0.0,139264,0,0,0.0,0.0,0.0,"[34, 4096]",1.0,0.030187269672751427,0.9959880670541396,0,0,291.82977294921875,0.6765258145311664,0.09387968086836625,0.4189702272415161,139264,0,0,0.970949386907141,0.09292311762560274,1.7407155229093911,"[34, 4096]",0.9771441291360294,0.03369140625,0.9918016947072394,0,0,291.82977294921875,0.6098501675674015,0.08803843983759094,0.373410701751709,81920,0,0,0.9952434880780574,"{""min"": 0.8248044453427034, ""p1"": 0.8574051949354203, ""p5"": 0.9878081933062884, ""p25"": 0.9984089996160694, ""median"": 0.9990089680081109, ""p75"": 0.9991976814963415, ""p95"": 0.9994928373194278, ""p99"": 0.9994966920286248, ""max"": 0.999497655705924}",0.12783287651248298,1.6617304728550149,"[20, 4096]",0.978173828125
R0_vs_O3qL,A061,0.9999999999999998,0,0,0.0,0.0,0.0,0.0,159744,0,0,0.0,0.0,0.0,"[39, 4096]",1.0,0.030486278235912323,0.9961397208323286,0,0,291.82977294921875,0.6505183383093632,0.09303841841023265,0.4077162742614746,159744,0,0,0.9715279699143529,0.09116685177924885,1.6509132403754208,"[39, 4096]",0.9775703625801282,0.03345702961087227,0.9930738158780547,0,0,291.82977294921875,0.5826136340541416,0.08789431860905765,0.3661830425262451,102400,0,0,0.9920846517036758,"{""min"": 0.8248044453427034, ""p1"": 0.8659843395650827, ""p5"": 0.9965570176150499, ""p25"": 0.998441397539461, ""median"": 0.9989558107589261, ""p75"": 0.9991758147723198, ""p95"": 0.9993877650322148, ""p99"": 0.9994082043651723, ""max"": 0.9994097229210173}",0.11749627510335944,1.5296921490705855,"[25, 4096]",0.9786328125
R0_vs_O3qL,A062,1.0,0,0,0.0,0.0,0.0,0.0,151552,0,0,0.0,0.0,0.0,"[37, 4096]",1.0,0.030372412875294685,0.99610450881815,0,0,291.82977294921875,0.6569143590582531,0.09341168667709386,0.41158729791641235,151552,0,0,0.9719037560415452,0.09144115018472834,1.6788881644443485,"[37, 4096]",0.9778623838682432,0.03353218361735344,0.9927721587060435,0,0,291.82977294921875,0.5869981279323363,0.08804748062086266,0.3699122667312622,94208,0,0,0.9948927417370897,"{""min"": 0.8248044453427034, ""p1"": 0.8625526817132178, ""p5"": 0.9965273608247736, ""p25"": 0.9984969528051673, ""median"": 0.9990497065373926, ""p75"": 0.9992235639090483, ""p95"": 0.9994521762294236, ""p99"": 0.999528953411799, ""max"": 0.9995458403881459}",0.12003306948726433,1.5672533098010686,"[23, 4096]",0.9791949728260869
R0_vs_O3qL,A063,1.0,0,0,0.0,0.0,0.0,0.0,135168,0,0,0.0,0.0,0.0,"[33, 4096]",1.0,0.030332623049616814,0.9958420189702933,0,0,291.82977294921875,0.6846347253019551,0.09603299523302966,0.4227619171142578,135168,0,0,0.9703552000943222,0.09459519644033923,1.767504963698852,"[33, 4096]",0.9764293323863636,0.03412828966975212,0.9906613228744808,0,0,291.82977294921875,0.620424820644889,0.09147097315354454,0.37729454040527344,77824,0,0,0.9963086579374874,"{""min"": 0.8248044453427034, ""p1"": 0.8556893660094879, ""p5"": 0.9792290486766261, ""p25"": 0.998448963220768, ""median"": 0.9987400104704818, ""p75"": 0.9990749172531104, ""p95"": 0.9991849007363363, ""p99"": 0.999268244385318, ""max"": 0.9992890802975635}",0.13646258004998268,1.706000563054133,"[19, 4096]",0.9769865337171053
R0_vs_O3qL,A064,1.0000000000000002,0,0,0.0,0.0,0.0,0.0,126976,0,0,0.0,0.0,0.0,"[31, 4096]",1.0,0.030155304819345474,0.9962439823284592,0,0,327.15771484375,0.6810120943426873,0.0947562741851101,0.41768646240234375,126976,0,0,0.9625952336379149,0.09289868655031483,1.7777697235113867,"[31, 4096]",0.9769562752016129,0.03346162661910057,0.9920348772166163,0,0,227.82977294921875,0.6204777976032775,0.09064170602949187,0.37221527099609375,69632,0,0,0.9980527256080967,"{""min"": 0.8649684509632457, ""p1"": 0.8859487103070274, ""p5"": 0.9698697476821538, ""p25"": 0.9984489756042972, ""median"": 0.9989352862335501, ""p75"": 0.9993039475042244, ""p95"": 0.9993605640780281, ""p99"": 0.9994439577077178, ""max"": 0.9994648061151402}",0.12610716428924962,1.5681709982583771,"[17, 4096]",0.9776826746323529
R0_vs_O3qL,A065,1.0000000000000002,0,0,0.0,0.0,0.0,0.0,143360,0,0,0.0,0.0,0.0,"[35, 4096]",1.0,0.03036411851644516,0.9959555772628004,0,0,291.82977294921875,0.6625030682367651,0.09409084196785272,0.40892481803894043,143360,0,0,0.9712315268340891,0.09318673075456152,1.7163479555783032,"[35, 4096]",0.9771763392857142,0.0338192880153656,0.9916520293876893,0,0,291.82977294921875,0.5896539545511976,0.08866852933820056,0.36107921600341797,86016,0,0,0.9966456002832706,"{""min"": 0.8248044453427034, ""p1"": 0.8591210238613528, ""p5"": 0.9963873379359508, ""p25"": 0.9983583844396848, ""median"": 0.9988964348949918, ""p75"": 0.999173780851012, ""p95"": 0.9994762371221858, ""p99"": 0.9995460008422327, ""max"": 0.9995634417722444}",0.12903948373101426,1.6228817090390026,"[21, 4096]",0.9781784784226191
R0_vs_O3qL,A066,1.0,0,0,0.0,0.0,0.0,0.0,151552,0,0,0.0,0.0,0.0,"[37, 4096]",1.0,0.030537372455000877,0.9961577714223926,0,0,291.82977294921875,0.6555498691669847,0.09231294654566802,0.41204071044921875,151552,0,0,0.9730553202870534,0.09057272041422446,1.6763620951829954,"[37, 4096]",0.9781791068412162,0.033797554671764374,0.993172118932365,0,0,291.82977294921875,0.5848030789768176,0.08627994214856889,0.3694117069244385,94208,0,0,0.9972363913038125,"{""min"": 0.8248044453427034, ""p1"": 0.8625526817132178, ""p5"": 0.996525035567554, ""p25"": 0.9985356053648572, ""median"": 0.9988299259915886, ""p75"": 0.9993010760186796, ""p95"": 0.9994801599014793, ""p99"": 0.9995814491468379, ""max"": 0.9996083547431577}",0.11672900447320121,1.5628974006595215,"[23, 4096]",0.9797044836956522
R0_vs_O3qL,A067,1.0,0,0,0.0,0.0,0.0,0.0,139264,0,0,0.0,0.0,0.0,"[34, 4096]",1.0,0.030201630666851997,0.995919624186999,0,0,291.82977294921875,0.6648207033348466,0.09545543374780063,0.40520620346069336,139264,0,0,0.9705123622760633,0.09375303257514714,1.7369888987034114,"[34, 4096]",0.9768640854779411,0.03371582180261612,0.9911889582867799,0,0,291.82977294921875,0.5899514785336578,0.09071721973262943,0.35451507568359375,81920,0,0,0.995652138606266,"{""min"": 0.8248044453427034, ""p1"": 0.8574051949354203, ""p5"": 0.9878081933062884, ""p25"": 0.9984298409000695, ""median"": 0.9988425836909604, ""p75"": 0.9991750656019713, ""p95"": 0.9994707958622367, ""p99"": 0.9995377243800591, ""max"": 0.9995544565095146}",0.1325306340018495,1.6550879126804559,"[20, 4096]",0.97769775390625
R0_vs_O3qL,A068,1.0,0,0,0.0,0.0,0.0,0.0,131072,0,0,0.0,0.0,0.0,"[32, 4096]",1.0,0.0299530029296875,0.9962951179387801,0,0,327.15771484375,0.674813291713491,0.09456150838234799,0.41760730743408203,131072,0,0,0.962896327286292,0.09225788415306818,1.7547299415141226,"[32, 4096]",0.976898193359375,0.0329182930290699,0.9925543600014849,0,0,227.82977294921875,0.6128207205257846,0.09052404283322694,0.3743762969970703,73728,0,0,0.9965003157541709,"{""min"": 0.8649684509632457, ""p1"": 0.8872599765160136, ""p5"": 0.9764260787270855, ""p25"": 0.998457528104856, ""median"": 0.9988465629839854, ""p75"": 0.9991514078177222, ""p95"": 0.9993059823675571, ""p99"": 0.9993084782116397, ""max"": 0.9993091021726603}",0.12186637357714158,1.5340899082023294,"[18, 4096]",0.9775390625
R0_vs_O3qL,A069,1.0000000000000002,0,0,0.0,0.0,0.0,0.0,139264,0,0,0.0,0.0,0.0,"[34, 4096]",1.0,0.02932559698820114,0.9959508568941926,0,0,291.82977294921875,0.6816131544129241,0.0954322948262627,0.42684292793273926,139264,0,0,0.9714148672111639,0.09318747470260351,1.7441190339186496,"[34, 4096]",0.9767635569852942,0.0322265625,0.9916974747506377,0,0,291.82977294921875,0.6184986453663897,0.090677883566015,0.38516199588775635,81920,0,0,0.9970039615317545,"{""min"": 0.8248044453427034, ""p1"": 0.8574051949354203, ""p5"": 0.9878081933062884, ""p25"": 0.9984319894602035, ""median"": 0.9987655349981577, ""p75"": 0.9989836239311046, ""p95"": 0.9994345547852362, ""p99"": 0.9995656566521103, ""max"": 0.9995984321188288}",0.12870228193457378,1.6677863496684113,"[20, 4096]",0.97752685546875
R0_vs_O3qL,A070,1.0000000000000002,0,0,0.0,0.0,0.0,0.0,131072,0,0,0.0,0.0,0.0,"[32, 4096]",1.0,0.02899932861328125,0.9962479331587258,0,0,327.15771484375,0.6735300111927813,0.09520899448318386,0.4155440330505371,131072,0,0,0.9644940256620116,0.09218658426407589,1.751710405792136,"[32, 4096]",0.9767532348632812,0.0312228724360466,0.9926036786254093,0,0,227.82977294921875,0.6105393329334119,0.0916751292347129,0.37319761514663696,73728,0,0,1.0030424233895388,"{""min"": 0.8649684509632457, ""p1"": 0.8872599765160136, ""p5"": 0.9764260787270855, ""p25"": 0.9984373456610749, ""median"": 0.9988741759351873, ""p75"": 0.9992779100869136, ""p95"": 0.999386112268552, ""p99"": 0.9994629201242283, ""max"": 0.9994821220881474}",0.12184787471086535,1.527942751540368,"[18, 4096]",0.9772813585069444
R0_vs_O3qL,A071,1.0,0,0,0.0,0.0,0.0,0.0,323584,0,0,0.0,0.0,0.0,"[79, 4096]",1.0,0.03379338979721069,0.9974473555714195,0,0,212.43984985351562,0.49028699723795066,0.08258610829229339,0.34264135360717773,323584,0,0,0.9937863818901168,0.07149947966158925,1.0307000682862122,"[79, 4096]",0.9810775563686709,0.03558818995952606,0.9966715469343425,0,0,212.43984985351562,0.43840560942592743,0.07874950312894566,0.3198883533477783,266240,0,0,1.0024958233476036,"{""min"": 0.8592656103553727, ""p1"": 0.9473996794591709, ""p5"": 0.997631820104665, ""p25"": 0.9986845798825349, ""median"": 0.9988800715456364, ""p75"": 0.9991128391074868, ""p95"": 0.9994356612081722, ""p99"": 0.9995192684336109, ""max"": 0.999581877870507}",0.08172973588139573,0.9219612106452102,"[65, 4096]",0.9822340745192307
R0_vs_O3qL,A072,1.0,0,0,0.0,0.0,0.0,0.0,221184,0,0,0.0,0.0,0.0,"[54, 4096]",1.0,0.03247522562742233,0.9964465994038616,0,0,291.82977294921875,0.5643943401178654,0.08698274093429895,0.36775898933410645,221184,0,0,0.9761653336612776,0.08663431350569159,1.4133161410180153,"[54, 4096]",0.9796549479166666,0.03502807766199112,0.994830166839686,0,0,291.82977294921875,0.4918105005913276,0.08164819144198776,0.3336951732635498,163840,0,0,0.9977789853223498,"{""min"": 0.8248044453427034, ""p1"": 0.8917217734540699, ""p5"": 0.9973544825019539, ""p25"": 0.9985431836409138, ""median"": 0.9989817837546165, ""p75"": 0.9992527353698769, ""p95"": 0.9994386425688933, ""p99"": 0.9995681629318092, ""max"": 0.9996161986770005}",0.1015954461389223,1.2254270785273975,"[40, 4096]",0.981048583984375
R0_vs_O3qL,A073,0.9999999999999999,0,0,0.0,0.0,0.0,0.0,233472,0,0,0.0,0.0,0.0,"[57, 4096]",1.0,0.03260347992181778,0.9963957960350635,0,0,291.82977294921875,0.5607535217792374,0.0863602765431477,0.37375664710998535,233472,0,0,0.9766149568972402,0.08710166037825323,1.3831034731464305,"[57, 4096]",0.9796934964364035,0.03501998633146286,0.9947338984666382,0,0,291.82977294921875,0.49204828834197456,0.08119524209736707,0.34392404556274414,176128,0,0,0.9988600749642541,"{""min"": 0.8248044453427034, ""p1"": 0.8968692602318673, ""p5"": 0.9972955052030198, ""p25"": 0.998624898276153, ""median"": 0.9988635790714723, ""p75"": 0.9990337179153426, ""p95"": 0.9993254996884253, ""p99"": 0.999392257160624, ""max"": 0.99942409846565}",0.10257434656801036,1.1934264974206958,"[43, 4096]",0.9810024527616279
R0_vs_O3qL,A074,0.9999999999999999,0,0,0.0,0.0,0.0,0.0,217088,0,0,0.0,0.0,0.0,"[53, 4096]",1.0,0.032014667987823486,0.996357201939218,0,0,291.82977294921875,0.5874258220293206,0.0880931406374675,0.3888704776763916,217088,0,0,0.9758118418794851,0.08771794550624025,1.4358435119528452,"[53, 4096]",0.9792848982900944,0.03446764871478081,0.9945489061059194,0,0,291.82977294921875,0.5212485698677529,0.08302041284649087,0.3595771789550781,159744,0,0,0.997554538095864,"{""min"": 0.8248044453427034, ""p1"": 0.8900059445281374, ""p5"": 0.9975284247952526, ""p25"": 0.9985172199743548, ""median"": 0.9987576786654455, ""p75"": 0.9990157976619198, ""p95"": 0.9993482401243517, ""p99"": 0.9994849255042687, ""max"": 0.9995312951665071}",0.10431446298178892,1.255461448763086,"[39, 4096]",0.9805814302884616
R0_vs_O3qL,A075,1.0000000000000002,0,0,0.0,0.0,0.0,0.0,212992,0,0,0.0,0.0,0.0,"[52, 4096]",1.0,0.032611552625894547,0.9963963326198491,0,0,291.82977294921875,0.5841545327409676,0.08789109193401626,0.3830639123916626,212992,0,0,0.9770691735219237,0.08699360563002093,1.4424332961941073,"[52, 4096]",0.9793466421274039,0.03534899279475212,0.9947445559758217,0,0,291.82977294921875,0.5150305621004918,0.08261043231042668,0.3513033390045166,155648,0,0,1.0002566832433482,"{""min"": 0.8248044453427034, ""p1"": 0.8882901156022049, ""p5"": 0.9973992930670266, ""p25"": 0.9986794680441249, ""median"": 0.9988815433926425, ""p75"": 0.9991086741116396, ""p95"": 0.9994383299928532, ""p99"": 0.9996171802302087, ""max"": 0.9996744715936066}",0.10253610048894897,1.260699508595644,"[38, 4096]",0.980700041118421
R0_vs_O3qL,A076,1.0,0,0,0.0,0.0,0.0,0.0,217088,0,0,0.0,0.0,0.0,"[53, 4096]",1.0,0.03188568726181984,0.9963870410154484,0,0,291.82977294921875,0.5879815049762706,0.08918958023801038,0.3920546770095825,217088,0,0,0.9762071768144741,0.08729313498579648,1.4348493591304345,"[53, 4096]",0.9789486291273585,0.03429236635565758,0.9946759236453411,0,0,291.82977294921875,0.5220037287443773,0.08451044614979274,0.3622922897338867,159744,0,0,0.9980720934910293,"{""min"": 0.8248044453427034, ""p1"": 0.8900059445281374, ""p5"": 0.9972263461598303, ""p25"": 0.9984630815762621, ""median"": 0.99885038943194, ""p75"": 0.999078181312467, ""p95"": 0.9992978621895414, ""p99"": 0.9994480588283793, ""max"": 0.9994916727835307}",0.10310839388676664,1.253915891247717,"[39, 4096]",0.9801244491185898
R0_vs_O3qL,A077,1.0,0,0,0.0,0.0,0.0,0.0,217088,0,0,0.0,0.0,0.0,"[53, 4096]",1.0,0.03308796510100365,0.9963905939266491,0,0,291.82977294921875,0.563451497327288,0.08718915658142991,0.36360883712768555,217088,0,0,0.9754859648351428,0.08742303959456732,1.4276685621509002,"[53, 4096]",0.9793954525353774,0.03592623025178909,0.994593976729709,0,0,291.82977294921875,0.48866807732396506,0.08179192169341418,0.3287496566772461,159744,0,0,0.9970030944385786,"{""min"": 0.8248044453427034, ""p1"": 0.8900059445281374, ""p5"": 0.9971495286142171, ""p25"": 0.9987180303343108, ""median"": 0.9989225903900523, ""p75"": 0.99915702870052, ""p95"": 0.9994423019254884, ""p99"": 0.9994893760629278, ""max"": 0.9995106847495516}",0.10386830749135671,1.2427272938503058,"[39, 4096]",0.9807316706730769
R0_vs_O3qL,A078,0.9999999999999999,0,0,0.0,0.0,0.0,0.0,204800,0,0,0.0,0.0,0.0,"[50, 4096]",1.0,0.031621094793081284,0.9963452148789165,0,0,291.82977294921875,0.5844299955762835,0.08805176925365946,0.37758922576904297,204800,0,0,0.9758145845472044,0.08785055247238766,1.4651445202966404,"[50, 4096]",0.9790380859375,0.0341254323720932,0.9944354566669483,0,0,291.82977294921875,0.5115729287806263,0.08254022527528726,0.3426675796508789,147456,0,0,0.9987395316790866,"{""min"": 0.8248044453427034, ""p1"": 0.88485845775034, ""p5"": 0.9974745103546743, ""p25"": 0.9985204263877946, ""median"": 0.9990051165385454, ""p75"": 0.999135734807794, ""p95"": 0.9995226243473248, ""p99"": 0.9995399122597859, ""max"": 0.9995409556876551}",0.10543551387131099,1.2859962467365778,"[36, 4096]",0.9803466796875
R0_vs_O3qL,A079,1.0000000000000002,0,0,0.0,0.0,0.0,0.0,208896,0,0,0.0,0.0,0.0,"[51, 4096]",1.0,0.031111175194382668,0.9964427473381989,0,0,291.82977294921875,0.6008029890499529,0.0898856664388789,0.3959167003631592,208896,0,0,0.9750506823187544,0.08694522254211821,1.4689757837393065,"[51, 4096]",0.9788363587622549,0.03335488960146904,0.9948041837625633,0,0,291.82977294921875,0.5361102188874586,0.0852169901516268,0.3648949861526489,151552,0,0,0.9944662027575721,"{""min"": 0.8248044453427034, ""p1"": 0.8865742866762725, ""p5"": 0.9971952217018863, ""p25"": 0.99843287339011, ""median"": 0.9987485327699107, ""p75"": 0.999089659010493, ""p95"": 0.9993621724912942, ""p99"": 0.9996209336057081, ""max"": 0.999676451063019}",0.10180741721338306,1.2971514292439357,"[37, 4096]",0.9800332559121622
R0_vs_O3qL,A080,1.0000000000000002,0,0,0.0,0.0,0.0,0.0,200704,0,0,0.0,0.0,0.0,"[49, 4096]",1.0,0.030662069097161293,0.9961647230656275,0,0,291.82977294921875,0.5860554243219147,0.0902192894365866,0.3783698081970215,200704,0,0,0.9739461730246892,0.09027462813827426,1.4763633092422892,"[49, 4096]",0.9785305723852041,0.0328543521463871,0.9935079125948615,0,0,291.82977294921875,0.5117668985446341,0.08541728084628884,0.3431892395019531,143360,0,0,0.9974804187944974,"{""min"": 0.8248044453427034, ""p1"": 0.8831426288244075, ""p5"": 0.9970145345182836, ""p25"": 0.9985242002927883, ""median"": 0.9987496319692162, ""p75"": 0.9989467301764565, ""p95"": 0.9993101252164848, ""p99"": 0.999555273465754, ""max"": 0.9996562655401084}",0.11383236981152153,1.2984239637074524,"[35, 4096]",0.9796735491071429
R0_vs_O3qL,A081,1.0000000000000002,0,0,0.0,0.0,0.0,0.0,163840,0,0,0.0,0.0,0.0,"[40, 4096]",1.0,0.03093872033059597,0.9961632016756224,0,0,291.82977294921875,0.6320919304146628,0.09139358381878018,0.39624524116516113,163840,0,0,0.972889535480444,0.09055682837609944,1.6189063851200567,"[40, 4096]",0.977978515625,0.034038837999105453,0.9932426795017886,0,0,291.82977294921875,0.5568770336105724,0.08556165384532981,0.35297083854675293,106496,0,0,0.9961320088332517,"{""min"": 0.8248044453427034, ""p1"": 0.8677001684910153, ""p5"": 0.996686336066787, ""p25"": 0.9984623251153826, ""median"": 0.9990543209264313, ""p75"": 0.9992757872058189, ""p95"": 0.9994400061372395, ""p99"": 0.9995964831575623, ""max"": 0.999645897579602}",0.11609189394653219,1.4811404203138703,"[26, 4096]",0.9792198768028846
R0_vs_O3qL,A082,1.0,0,0,0.0,0.0,0.0,0.0,167936,0,0,0.0,0.0,0.0,"[41, 4096]",1.0,0.033340081572532654,0.9966839226360454,0,0,291.82977294921875,0.6384133156615707,0.08954210130317243,0.4101681709289551,167936,0,0,0.977933329345942,0.08350295268765538,1.6032699499043515,"[41, 4096]",0.9786525819359756,0.0375705286860466,0.9956094812222509,0,0,291.82977294921875,0.5692619110893617,0.08296614076509029,0.3732924461364746,110592,0,0,0.999343489057345,"{""min"": 0.8248044453427034, ""p1"": 0.8694159974169478, ""p5"": 0.9966307554434849, ""p25"": 0.9985335247871248, ""median"": 0.9991962934369826, ""p75"": 0.9993950291803126, ""p95"": 0.9997119887039123, ""p99"": 0.9998233399615486, ""max"": 0.9998570990269193}",0.09367872605278986,1.4605090567826893,"[27, 4096]",0.9801974826388888
R0_vs_O3qL,A083,0.9999999999999999,0,0,0.0,0.0,0.0,0.0,172032,0,0,0.0,0.0,0.0,"[42, 4096]",1.0,0.0314592644572258,0.9963403444853901,0,0,291.82977294921875,0.6287979121324648,0.0900028885032184,0.4006638526916504,172032,0,0,0.9742918579350196,0.08827261019079453,1.5923602293177828,"[42, 4096]",0.9785970052083334,0.0345982126891613,0.9942473268049611,0,0,291.82977294921875,0.5573084988161392,0.08389217729866214,0.36193323135375977,114688,0,0,0.9958269485606538,"{""min"": 0.8248044453427034, ""p1"": 0.8711318263428802, ""p5"": 0.996784708001428, ""p25"": 0.9983812347010188, ""median"": 0.9988777989761641, ""p75"": 0.9992335303976573, ""p95"": 0.999553980520016, ""p99"": 0.9995792136073918, ""max"": 0.9995844971276598}",0.10712025180179575,1.4478993577756751,"[28, 4096]",0.9800589425223214
R0_vs_O3qL,A084,1.0000000000000002,0,0,0.0,0.0,0.0,0.0,159744,0,0,0.0,0.0,0.0,"[39, 4096]",1.0,0.030968299135565758,0.9961507291353188,0,0,291.82977294921875,0.6406273749254792,0.0915863034367905,0.40253400802612305,159744,0,0,0.9727240939681954,0.0907333019261727,1.6369370193071038,"[39, 4096]",0.9782464443108975,0.034208983182907104,0.993135974811274,0,0,291.82977294921875,0.5671837311752824,0.08562901925048787,0.3596765995025635,102400,0,0,0.9961356072748125,"{""min"": 0.8248044453427034, ""p1"": 0.8659843395650827, ""p5"": 0.9966860158437456, ""p25"": 0.99843287339011, ""median"": 0.9990736344879451, ""p75"": 0.9992422168493642, ""p95"": 0.9994256567059631, ""p99"": 0.9994788956246771, ""max"": 0.9994916727835307}",0.11700398852422587,1.5060788108531336,"[25, 4096]",0.9796875
R0_vs_O3qL,A085,1.0000000000000002,0,0,0.0,0.0,0.0,0.0,159744,0,0,0.0,0.0,0.0,"[39, 4096]",1.0,0.031037159264087677,0.9964569289977728,0,0,291.82977294921875,0.6445670759130735,0.09097553958894611,0.40578413009643555,159744,0,0,0.9753080513651354,0.08672291322048421,1.639953311744228,"[39, 4096]",0.9788599258814102,0.03431640565395355,0.9946977537154962,0,0,291.82977294921875,0.5733296647159295,0.08467622764785064,0.3647422790527344,102400,0,0,0.9972953166923133,"{""min"": 0.8248044453427034, ""p1"": 0.8659843395650827, ""p5"": 0.9966316644465092, ""p25"": 0.9985045992444119, ""median"": 0.9992890802975635, ""p75"": 0.9994467115908521, ""p95"": 0.9995883260621007, ""p99"": 0.9996339527146471, ""max"": 0.9996457274364655}",0.10287432180464164,1.5111891070797232,"[25, 4096]",0.98064453125
R0_vs_O3qL,A086,1.0000000000000002,0,0,0.0,0.0,0.0,0.0,147456,0,0,0.0,0.0,0.0,"[36, 4096]",1.0,0.0324164479970932,0.9962918259322882,0,0,291.82977294921875,0.6532844489806848,0.0921279239429193,0.40294742584228516,147456,0,0,0.9721735169376124,0.08935485666302606,1.6950984105813065,"[36, 4096]",0.9779256184895834,0.037020597606897354,0.9936623373246355,0,0,291.82977294921875,0.5778802645724103,0.08570295041693013,0.3545567989349365,90112,0,0,0.9931753773357874,"{""min"": 0.8248044453427034, ""p1"": 0.8608368527872853, ""p5"": 0.9964698679751653, ""p25"": 0.9984807747581594, ""median"": 0.9992250460962446, ""p75"": 0.9994930454333673, ""p95"": 0.9995599107572672, ""p99"": 0.9995988289567733, ""max"": 0.9996091094241637}",0.11240727962447217,1.5903801087471123,"[22, 4096]",0.9793590198863636
R0_vs_O3qL,A087,1.0000000000000002,0,0,0.0,0.0,0.0,0.0,147456,0,0,0.0,0.0,0.0,"[36, 4096]",1.0,0.0307956263422966,0.9962069265673885,0,0,291.82977294921875,0.6792678988449047,0.09421848639852257,0.4248161315917969,147456,0,0,0.9727374933747986,0.09012532248784608,1.709613985369212,"[36, 4096]",0.9773627387152778,0.03436833992600441,0.9934575540884705,0,0,291.82977294921875,0.6203986370774973,0.08912387079882637,0.3852503299713135,90112,0,0,0.9948061170943727,"{""min"": 0.8248044453427034, ""p1"": 0.8608368527872853, ""p5"": 0.9964498826173306, ""p25"": 0.9983904791840117, ""median"": 0.9989825832623842, ""p75"": 0.9992788258239328, ""p95"": 0.9993628429038345, ""p99"": 0.9994511880350042, ""max"": 0.9994746670467726}",0.11420992446689758,1.6156052124302112,"[22, 4096]",0.9784379438920454
R0_vs_O3qL,A088,1.0000000000000002,0,0,0.0,0.0,0.0,0.0,155648,0,0,0.0,0.0,0.0,"[38, 4096]",1.0,0.029842978343367577,0.996146049315858,0,0,291.82977294921875,0.6401732323781624,0.09328430196166486,0.3960726261138916,155648,0,0,0.9722057385531468,0.09091857297506875,1.6537627387085858,"[38, 4096]",0.9778346011513158,0.032562255859375,0.9929981174287089,0,0,291.82977294921875,0.5634045203191059,0.08806929674044305,0.34903669357299805,98304,0,0,0.995250958550094,"{""min"": 0.8248044453427034, ""p1"": 0.8642685106391503, ""p5"": 0.9965581374011465, ""p25"": 0.9985411676266412, ""median"": 0.9989192777321787, ""p75"": 0.9992688308961565, ""p95"": 0.9996470786431901, ""p99"": 0.9996998424149887, ""max"": 0.9997018777742677}",0.11815165710288682,1.5293145340360248,"[24, 4096]",0.979095458984375
R0_vs_O3qL,A089,1.0,0,0,0.0,0.0,0.0,0.0,163840,0,0,0.0,0.0,0.0,"[40, 4096]",1.0,0.032135009765625,0.9963279116383161,0,0,291.82977294921875,0.6440185301095426,0.08979310385889698,0.4095344543457031,163840,0,0,0.9741959095418278,0.08843369271511291,1.6311330543875222,"[40, 4096]",0.978436279296875,0.03587928041815758,0.9941873073204259,0,0,291.82977294921875,0.5752256485257721,0.08309937698397102,0.37120628356933594,106496,0,0,0.9958226030349069,"{""min"": 0.8248044453427034, ""p1"": 0.8677001684910153, ""p5"": 0.9967430092272411, ""p25"": 0.9984421634577185, ""median"": 0.9990249934541545, ""p75"": 0.999269326370662, ""p95"": 0.9993509100269805, ""p99"": 0.9994246943915214, ""max"": 0.9994490786666527}",0.10767670200667713,1.5016361186693283,"[26, 4096]",0.9799241286057693
R0_vs_O3qL,A090,1.0000000000000002,0,0,0.0,0.0,0.0,0.0,176128,0,0,0.0,0.0,0.0,"[43, 4096]",1.0,0.031420331448316574,0.9965226110614983,0,0,291.82977294921875,0.6308468241747273,0.09014857939157901,0.4060589075088501,176128,0,0,0.9737778923065131,0.08637133711143383,1.5797306539175546,"[43, 4096]",0.978538335755814,0.034432247281074524,0.9948897354866335,0,0,291.82977294921875,0.5628116929931601,0.08431891589880222,0.37003910541534424,118784,0,0,0.9919600020621822,"{""min"": 0.8248044453427034, ""p1"": 0.8728476552688127, ""p5"": 0.9969503598608355, ""p25"": 0.998476906106096, ""median"": 0.9991186439101182, ""p75"": 0.9992203614588784, ""p95"": 0.9994159227055938, ""p99"": 0.9995047352323039, ""max"": 0.999538575934521}",0.10100988843313892,1.4325344021195983,"[29, 4096]",0.9799215382543104
R0_vs_O3qL,A091,0.9999999999999998,0,0,0.0,0.0,0.0,0.0,147456,0,0,0.0,0.0,0.0,"[36, 4096]",1.0,0.0298936627805233,0.995924578656382,0,0,291.82977294921875,0.6569840910962436,0.09482459608754265,0.40599918365478516,147456,0,0,0.970861412618646,0.09360767019824473,1.6964628290471915,"[36, 4096]",0.97735595703125,0.03289240226149559,0.9914450360818257,0,0,291.82977294921875,0.5839342243978701,0.09011568665358646,0.358339786529541,90112,0,0,0.995719194942895,"{""min"": 0.8248044453427034, ""p1"": 0.8608368527872853, ""p5"": 0.9964489345300699, ""p25"": 0.9982263969483529, ""median"": 0.9987520376806422, ""p75"": 0.9989498433456919, ""p95"": 0.9992354335282755, ""p99"": 0.9994731883408945, ""max"": 0.9995359294514434}",0.13059482709003534,1.592758982834125,"[22, 4096]",0.9784268465909091
R0_vs_O3qL,A092,1.0,0,0,0.0,0.0,0.0,0.0,196608,0,0,0.0,0.0,0.0,"[48, 4096]",1.0,0.03062947653234005,0.9961486802630343,0,0,291.82977294921875,0.5938669669622717,0.09027741950676443,0.37751197814941406,196608,0,0,0.9734195777203176,0.09057824745826842,1.495567325378157,"[48, 4096]",0.9784088134765625,0.032872818410396576,0.9934134409903155,0,0,291.82977294921875,0.5206100021022768,0.08535811128094298,0.3407886028289795,139264,0,0,0.996095840257639,"{""min"": 0.8248044453427034, ""p1"": 0.8812903700627271, ""p5"": 0.9962426396253091, ""p25"": 0.9983882530031918, ""median"": 0.9988787145160136, ""p75"": 0.9990798615741799, ""p95"": 0.9991939398591325, ""p99"": 0.9994278040619112, ""max"": 0.9995359294514434}",0.11461644962923559,1.3236149608735057,"[34, 4096]",0.9795352711397058
R0_vs_O3qL,A093,1.0000000000000002,0,0,0.0,0.0,0.0,0.0,151552,0,0,0.0,0.0,0.0,"[37, 4096]",1.0,0.030253643169999123,0.9960052621314344,0,0,291.82977294921875,0.639054448602872,0.0935935020567897,0.38753581047058105,151552,0,0,0.9710449644515247,0.09271749709068965,1.6701030297352224,"[37, 4096]",0.9770705764358109,0.033341117203235626,0.9919504876755706,0,0,291.82977294921875,0.5582669676345493,0.08833996623167768,0.3379034996032715,94208,0,0,0.9950548260656893,"{""min"": 0.8248044453427034, ""p1"": 0.8625526817132178, ""p5"": 0.9965285531194517, ""p25"": 0.9985444885886099, ""median"": 0.9989212293772577, ""p75"": 0.9992404901256912, ""p95"": 0.9994181936474219, ""p99"": 0.9994950693844896, ""max"": 0.9995158907462376}",0.12666438693270576,1.552080203244989,"[23, 4096]",0.977921195652174
R0_vs_O3qL,A094,0.9999999999999999,0,0,0.0,0.0,0.0,0.0,155648,0,0,0.0,0.0,0.0,"[38, 4096]",1.0,0.031012283638119698,0.9960219726152543,0,0,291.82977294921875,0.6316355878408151,0.09218124927581468,0.38685131072998047,155648,0,0,0.9712157878326164,0.09249636139378171,1.6512509601851655,"[38, 4096]",0.9778346011513158,0.0344136543571949,0.9921309460760359,0,0,291.82977294921875,0.5498865831349727,0.08632279665451359,0.3380730152130127,98304,0,0,0.9949197583756643,"{""min"": 0.8248044453427034, ""p1"": 0.8642685106391503, ""p5"": 0.9965883616410665, ""p25"": 0.9985783104487914, ""median"": 0.9989578886347734, ""p75"": 0.9991482242059554, ""p95"": 0.999336354905147, ""p99"": 0.9994836688244636, ""max"": 0.9995270678558472}",0.1252356311610756,1.525011134987341,"[24, 4096]",0.979095458984375
R0_vs_O3qL,A095,0.9999999999999999,0,0,0.0,0.0,0.0,0.0,192512,0,0,0.0,0.0,0.0,"[47, 4096]",1.0,0.03117208369076252,0.9962777008731398,0,0,291.82977294921875,0.6055356414453951,0.09108700049334151,0.3929891586303711,192512,0,0,0.9751356708889957,0.08875656693890906,1.5098226510479382,"[47, 4096]",0.9781779837101063,0.033713601529598236,0.9941143960503617,0,0,291.82977294921875,0.5350091153097558,0.08636208092164907,0.3590402603149414,135168,0,0,0.9983310233533184,"{""min"": 0.8248044453427034, ""p1"": 0.8797109709725426, ""p5"": 0.997165806246207, ""p25"": 0.9984444247640212, ""median"": 0.9987515545707556, ""p75"": 0.9991758161783963, ""p95"": 0.9994334279461713, ""p99"": 0.999513376052294, ""max"": 0.9995359294514434}",0.10841746866274236,1.3410015906098136,"[33, 4096]",0.9792406486742424
R0_vs_O3qL,A096,1.0,0,0,0.0,0.0,0.0,0.0,151552,0,0,0.0,0.0,0.0,"[37, 4096]",1.0,0.030689137056469917,0.9960505640019981,0,0,291.82977294921875,0.6426084891592001,0.09326410275482824,0.3919827938079834,151552,0,0,0.9713816830118663,0.09215111307307675,1.6718492935746698,"[37, 4096]",0.9771299619932432,0.034041695296764374,0.9923060413376559,0,0,291.82977294921875,0.5639843372251641,0.08781006300678317,0.3430948257446289,94208,0,0,0.9950239790359748,"{""min"": 0.8248044453427034, ""p1"": 0.8625526817132178, ""p5"": 0.9964964080378396, ""p25"": 0.9986002206519311, ""median"": 0.9989839639498684, ""p75"": 0.9992219352518263, ""p95"": 0.9994848354249998, ""p99"": 0.9995132010199207, ""max"": 0.9995158907462376}",0.1238390387160777,1.5551016665540778,"[23, 4096]",0.9780167289402174
R0_vs_O3qL,A097,1.0000000000000002,0,0,0.0,0.0,0.0,0.0,163840,0,0,0.0,0.0,0.0,"[40, 4096]",1.0,0.0302734375,0.9961375730497616,0,0,291.82977294921875,0.623597060974862,0.09267630748006847,0.38449764251708984,163840,0,0,0.970936100042407,0.09135124410905501,1.6189182466538294,"[40, 4096]",0.977685546875,0.03301532566547394,0.9928651214329027,0,0,291.82977294921875,0.5438080037031866,0.08753507486269639,0.3395702838897705,106496,0,0,0.9914181076555049,"{""min"": 0.8248044453427034, ""p1"": 0.8677001684910153, ""p5"": 0.996753662847889, ""p25"": 0.9983645511606571, ""median"": 0.99885720264334, ""p75"": 0.9991412603723423, ""p95"": 0.9995045859199012, ""p99"": 0.9995518169352189, ""max"": 0.999557112763144}",0.11925160162823828,1.4811603661231423,"[26, 4096]",0.9787691556490384
R0_vs_O3qL,A098,1.0,0,0,0.0,0.0,0.0,0.0,172032,0,0,0.0,0.0,0.0,"[42, 4096]",1.0,0.0328252874314785,0.9962695445198362,0,0,291.82977294921875,0.6083943068426292,0.08943444900301178,0.37823915481567383,172032,0,0,0.9726763157933319,0.08946303764113935,1.5792699946158268,"[42, 4096]",0.9786783854166666,0.0366472527384758,0.9937025281744085,0,0,291.82977294921875,0.5267030908813857,0.0830395180483522,0.3339650630950928,114688,0,0,0.9939884786633455,"{""min"": 0.8248044453427034, ""p1"": 0.8711318263428802, ""p5"": 0.9967277314332765, ""p25"": 0.9986929789297495, ""median"": 0.9991260123214738, ""p75"": 0.9992109034513746, ""p95"": 0.9994377700609686, ""p99"": 0.9995195838428462, ""max"": 0.9995270678558472}",0.11205073523842021,1.4262315640240717,"[28, 4096]",0.9801810128348214
R0_vs_O3qL,A099,1.0,0,0,0.0,0.0,0.0,0.0,176128,0,0,0.0,0.0,0.0,"[43, 4096]",1.0,0.03062545508146286,0.9962176375524204,0,0,291.82977294921875,0.6121788608914696,0.09156061266536258,0.3838263750076294,176128,0,0,0.9717877160989543,0.09026206119792805,1.5706556405182714,"[43, 4096]",0.9778967569040697,0.033253636211156845,0.9934586102229501,0,0,291.82977294921875,0.5351316095041919,0.08641262040820549,0.3438873291015625,118784,0,0,0.9917733296823671,"{""min"": 0.8248044453427034, ""p1"": 0.8728476552688127, ""p5"": 0.996874487089649, ""p25"": 0.9985089126391093, ""median"": 0.998828977910275, ""p75"": 0.99902423052635, ""p95"": 0.9995071443848927, ""p99"": 0.9995343505805455, ""max"": 0.9995359294514434}",0.11420520979528387,1.4176611174934042,"[29, 4096]",0.9789702316810345
R0_vs_O3qL,A100,1.0,0,0,0.0,0.0,0.0,0.0,151552,0,0,0.0,0.0,0.0,"[37, 4096]",1.0,0.029857737943530083,0.9960033776747712,0,0,291.82977294921875,0.637011502357603,0.09454111212859541,0.3888033628463745,151552,0,0,0.9711879892310676,0.09269884122284255,1.6696196033863102,"[37, 4096]",0.9769056165540541,0.03270423039793968,0.9919559172452524,0,0,291.82977294921875,0.55498048889216,0.08986438243414775,0.3390899896621704,94208,0,0,0.9955547137931012,"{""min"": 0.8248044453427034, ""p1"": 0.8625526817132178, ""p5"": 0.9965141174621377, ""p25"": 0.9985587784790382, ""median"": 0.9990370105806959, ""p75"": 0.9991364192968852, ""p95"": 0.9994039807170996, ""p99"": 0.9994917261420472, ""max"": 0.9995158907462376}",0.12663494611963338,1.5512432762845634,"[23, 4096]",0.9776558254076086
O0_vs_O3q,A001,1.0,0,0,0.0,0.0,0.0,0.0,122880,0,0,0.0,0.0,0.0,"[30, 4096]",1.0,0.03041992150247097,0.9974779227586176,0,0,157.3115234375,0.6673182686208747,0.09383255188581832,0.41106948256492615,122880,0,0,0.9872324065510083,0.07171306862430808,1.351747303782401,"[30, 4096]",0.9778564453125,0.0341339111328125,0.9968338081142759,0,0,85.86785888671875,0.5585434445749797,0.0871650564432367,0.36475706100463867,65536,0,0,0.9982563953704596,"{""min"": 0.963293790277183, ""p1"": 0.9683038620590647, ""p5"": 0.9883441491865919, ""p25"": 0.9984117325864461, ""median"": 0.9988519750940742, ""p75"": 0.9991315541532746, ""p95"": 0.9993521898057702, ""p99"": 0.9993846587234864, ""max"": 0.9993927759529154}",0.07952598792151043,0.9907096984603175,"[16, 4096]",0.97967529296875
O0_vs_O3q,A002,1.0,0,0,0.0,0.0,0.0,0.0,126976,0,0,0.0,0.0,0.0,"[31, 4096]",1.0,0.030990108847618103,0.9974726032507828,0,0,157.3115234375,0.6541477423580809,0.09351329370325918,0.4017540216445923,126976,0,0,0.98742107301303,0.0717595918622003,1.3305834355957649,"[31, 4096]",0.9776099420362904,0.03495519235730171,0.9968207603130399,0,0,85.86785888671875,0.540925121627879,0.08697508537166307,0.3529921770095825,69632,0,0,0.9990604709247491,"{""min"": 0.963293790277183, ""p1"": 0.9686378668445236, ""p5"": 0.9900141731138858, ""p25"": 0.9984278650832699, ""median"": 0.9990085751352628, ""p75"": 0.9991745179359748, ""p95"": 0.9993596209892206, ""p99"": 0.9994266926665503, ""max"": 0.9994434605858826}",0.0797081433264957,0.9631898218334467,"[17, 4096]",0.9791187959558824
O0_vs_O3q,A003,1.0,0,0,0.0,0.0,0.0,0.0,122880,0,0,0.0,0.0,0.0,"[30, 4096]",1.0,0.02978515625,0.9974529756224549,0,0,157.3115234375,0.6632844662581192,0.09379107689321217,0.406296968460083,122880,0,0,0.987606089126543,0.07200362904447699,1.346670551589438,"[30, 4096]",0.9777425130208334,0.0329437255859375,0.9967037820178444,0,0,85.86785888671875,0.5509800651448131,0.08708729083210016,0.35886311531066895,65536,0,0,1.000707699108324,"{""min"": 0.963293790277183, ""p1"": 0.9683038620590647, ""p5"": 0.9883441491865919, ""p25"": 0.9983539864353433, ""median"": 0.9988370385904294, ""p75"": 0.9992774350385738, ""p95"": 0.9993454307685123, ""p99"": 0.99936167799681, ""max"": 0.9993657398038843}",0.08122562565713018,0.9776603239056763,"[16, 4096]",0.979461669921875
O0_vs_O3q,A004,0.9999999999999998,0,0,0.0,0.0,0.0,0.0,131072,0,0,0.0,0.0,0.0,"[32, 4096]",1.0,0.03037261962890625,0.9975025040093403,0,0,157.3115234375,0.6596084359038059,0.09338169405294004,0.41355299949645996,131072,0,0,0.9876993137894703,0.07130818349659207,1.3208648678225254,"[32, 4096]",0.9777984619140625,0.0336371511220932,0.9970159200099923,0,0,85.86785888671875,0.5569231668608458,0.0871043642339622,0.37387704849243164,73728,0,0,0.9988110872579409,"{""min"": 0.963293790277183, ""p1"": 0.9689718716299823, ""p5"": 0.9916841970411798, ""p25"": 0.9983237659976648, ""median"": 0.9988463482207768, ""p75"": 0.9991582164815795, ""p95"": 0.9993065027478739, ""p99"": 0.9993322260616034, ""max"": 0.9993386568900359}",0.07721708277367567,0.9637126149836073,"[18, 4096]",0.9793701171875
O0_vs_O3q,A005,1.0,0,0,0.0,0.0,0.0,0.0,131072,0,0,0.0,0.0,0.0,"[32, 4096]",1.0,0.03107452392578125,0.9975240031984243,0,0,157.3115234375,0.6521310763168344,0.09231463143010214,0.4037201404571533,131072,0,0,0.987442999330836,0.07104568728620787,1.317169658794448,"[32, 4096]",0.97857666015625,0.0348849818110466,0.9970905623339446,0,0,85.86785888671875,0.5436300831506742,0.08520736401558365,0.35924774408340454,73728,0,0,0.9977469220873464,"{""min"": 0.963293790277183, ""p1"": 0.9689718716299823, ""p5"": 0.9916841970411798, ""p25"": 0.9984637276900881, ""median"": 0.9988721573657375, ""p75"": 0.9992633225768295, ""p95"": 0.9993988714958701, ""p99"": 0.999424474258177, ""max"": 0.9994308749487538}",0.07622887453389482,0.9546790394054327,"[18, 4096]",0.9807535807291666
O0_vs_O3q,A006,1.0,0,0,0.0,0.0,0.0,0.0,135168,0,0,0.0,0.0,0.0,"[33, 4096]",1.0,0.030902285128831863,0.9975163981655573,0,0,157.3115234375,0.6478119085168146,0.09165417382904066,0.40731024742126465,135168,0,0,0.9881654170580318,0.07105263006031035,1.3005686333867137,"[33, 4096]",0.9782270951704546,0.034385278820991516,0.9971011618752205,0,0,85.86785888671875,0.5418389492435955,0.08443432015134633,0.3674900531768799,77824,0,0,1.0002844203051515,"{""min"": 0.963293790277183, ""p1"": 0.9693058764154411, ""p5"": 0.9933542209684737, ""p25"": 0.9985222857881442, ""median"": 0.9988609092957808, ""p75"": 0.9990814778968695, ""p95"": 0.9992145457834054, ""p99"": 0.9993138346687098, ""max"": 0.9993386568900359}",0.07615383195426546,0.937697839403372,"[19, 4096]",0.9800318667763158
O0_vs_O3q,A007,1.0000000000000002,0,0,0.0,0.0,0.0,0.0,122880,0,0,0.0,0.0,0.0,"[30, 4096]",1.0,0.02989908866584301,0.9974457097083537,0,0,157.3115234375,0.6805762824287134,0.09508120770136416,0.4201040267944336,122880,0,0,0.9869399810766115,0.07219713649781496,1.3707796123840557,"[30, 4096]",0.9773681640625,0.0331573486328125,0.9967246189108073,0,0,85.86785888671875,0.5834022204646772,0.08950628609738515,0.3798947334289551,65536,0,0,0.9964225403978453,"{""min"": 0.963293790277183, ""p1"": 0.9683038620590647, ""p5"": 0.9883441491865919, ""p25"": 0.9982333812616156, ""median"": 0.9986884175291835, ""p75"": 0.9988605126948273, ""p95"": 0.9993641027168609, ""p99"": 0.9994251626211952, ""max"": 0.9994404275972787}",0.0808710412232623,1.0385858919498745,"[16, 4096]",0.978759765625
O0_vs_O3q,A008,1.0,0,0,0.0,0.0,0.0,0.0,126976,0,0,0.0,0.0,0.0,"[31, 4096]",1.0,0.030383694916963577,0.9975160083893284,0,0,157.3115234375,0.6626120252437225,0.09309245253058711,0.4074190855026245,126976,0,0,0.9865798908637813,0.0712840211657164,1.3396415444753846,"[31, 4096]",0.977814705141129,0.033849380910396576,0.9970192228792796,0,0,85.86785888671875,0.5563599904193431,0.086207669115614,0.3618736267089844,69632,0,0,0.9945574208349711,"{""min"": 0.963293790277183, ""p1"": 0.9686378668445236, ""p5"": 0.9900141731138858, ""p25"": 0.9985609812560955, ""median"": 0.9989161641959984, ""p75"": 0.9990881618213714, ""p95"": 0.9993448454721481, ""p99"": 0.9993646354948456, ""max"": 0.9993695830005199}",0.07719280846363467,0.9858198023412923,"[17, 4096]",0.9794921875
O0_vs_O3q,A009,1.0,0,0,0.0,0.0,0.0,0.0,135168,0,0,0.0,0.0,0.0,"[33, 4096]",1.0,0.03236712887883186,0.9975852062850472,0,0,157.3115234375,0.6411283412864688,0.09053602126845824,0.3975672721862793,135168,0,0,0.9878471434168526,0.07013263198858162,1.2984164735545254,"[33, 4096]",0.9787301728219697,0.036929480731487274,0.9973619276071699,0,0,85.86785888671875,0.5302306482645738,0.08249226570401891,0.3526759147644043,77824,0,0,0.9981703628229416,"{""min"": 0.963293790277183, ""p1"": 0.9693058764154411, ""p5"": 0.9933542209684737, ""p25"": 0.998576390265736, ""median"": 0.9989592516138619, ""p75"": 0.9993034873056917, ""p95"": 0.9993923513558659, ""p99"": 0.9994913369937092, ""max"": 0.99951608340317}",0.07259365624631534,0.9325032605505287,"[19, 4096]",0.9809056332236842
O0_vs_O3q,A010,0.9999999999999999,0,0,0.0,0.0,0.0,0.0,126976,0,0,0.0,0.0,0.0,"[31, 4096]",1.0,0.030493952333927155,0.9975082904534593,0,0,157.3115234375,0.6549288231935568,0.09388366632709359,0.4024208188056946,126976,0,0,0.9873391514394101,0.07127848107883104,1.3302476149143676,"[31, 4096]",0.9773579259072581,0.034050434827804565,0.9969930439051853,0,0,85.86785888671875,0.542349445504335,0.0876504707445376,0.3547208309173584,69632,0,0,0.9981132975018269,"{""min"": 0.963293790277183, ""p1"": 0.9686378668445236, ""p5"": 0.9900141731138858, ""p25"": 0.9984013228424886, ""median"": 0.9988493516663159, ""p75"": 0.9992968742476259, ""p95"": 0.9994326761245571, ""p99"": 0.999443361126907, ""max"": 0.9994460323774945}",0.07749919594934183,0.9623435956660202,"[17, 4096]",0.9786592371323529
O0_vs_O3q,A011,1.0,0,0,0.0,0.0,0.0,0.0,172032,0,0,0.0,0.0,0.0,"[42, 4096]",1.0,0.0322905033826828,0.9976930091364375,0,0,157.3115234375,0.5950803830693682,0.08766752328379955,0.38665103912353516,172032,0,0,0.9880045765582599,0.06857496078091242,1.1818121047560834,"[42, 4096]",0.9797886439732143,0.0353480763733387,0.997725311196548,0,0,85.86785888671875,0.4968043979816749,0.08077501158702922,0.3521394729614258,114688,0,0,0.9958405706299313,"{""min"": 0.963293790277183, ""p1"": 0.9723119194845702, ""p5"": 0.9970783653692497, ""p25"": 0.9986719532451681, ""median"": 0.998976102837996, ""p75"": 0.999081359925686, ""p95"": 0.9993194895107157, ""p99"": 0.9993703303031586, ""max"": 0.9993820451271902}",0.06743704949621471,0.8355499012049269,"[28, 4096]",0.9817940848214286
O0_vs_O3q,A012,1.0,0,0,0.0,0.0,0.0,0.0,167936,0,0,0.0,0.0,0.0,"[41, 4096]",1.0,0.0321551077067852,0.9976502408207965,0,0,157.3115234375,0.6003367483552532,0.08771887740027122,0.3865625858306885,167936,0,0,0.9886390681965915,0.06910280907655503,1.198402702502601,"[41, 4096]",0.9798494664634146,0.03525571525096893,0.9976181835018307,0,0,85.86785888671875,0.501146434708845,0.08059771555290217,0.3511033058166504,110592,0,0,0.9979761576655696,"{""min"": 0.963293790277183, ""p1"": 0.9719779146991114, ""p5"": 0.9970268886514032, ""p25"": 0.9986687474056337, ""median"": 0.9988803360610974, ""p75"": 0.9991094490674584, ""p95"": 0.9993406796507707, ""p99"": 0.9993432077629765, ""max"": 0.9993437914330231}",0.06897889599007537,0.855708470594431,"[27, 4096]",0.9819607204861112
O0_vs_O3q,A013,1.0000000000000002,0,0,0.0,0.0,0.0,0.0,151552,0,0,0.0,0.0,0.0,"[37, 4096]",1.0,0.0307749155908823,0.9975838822091793,0,0,157.3115234375,0.6186188839046981,0.09084332249913038,0.393829882144928,151552,0,0,0.987969246890427,0.07013443639735413,1.2391643736129432,"[37, 4096]",0.9791160789695946,0.03357464447617531,0.9973737733261975,0,0,85.86785888671875,0.5133063373498811,0.08438553386891574,0.3544600009918213,94208,0,0,0.9978554400218945,"{""min"": 0.963293790277183, ""p1"": 0.9706418955572763, ""p5"": 0.9968286998424286, ""p25"": 0.9986589966501037, ""median"": 0.9988942463214355, ""p75"": 0.9990933912263318, ""p95"": 0.9993343659168098, ""p99"": 0.9993571946891205, ""max"": 0.9993624232991187}",0.07242781429719297,0.877298641984766,"[23, 4096]",0.9811480978260869
O0_vs_O3q,A014,1.0,0,0,0.0,0.0,0.0,0.0,159744,0,0,0.0,0.0,0.0,"[39, 4096]",1.0,0.0325520820915699,0.9976866392373537,0,0,157.3115234375,0.6096400764423052,0.088503364325888,0.3891592025756836,159744,0,0,0.9880931481800752,0.06865424209719183,1.2185316305198786,"[39, 4096]",0.9795109675480769,0.03612304851412773,0.9977115729175294,0,0,85.86785888671875,0.5077244014329335,0.0812518222090748,0.351179838180542,102400,0,0,0.9964609891356377,"{""min"": 0.963293790277183, ""p1"": 0.9713099051281938, ""p5"": 0.9969421748527227, ""p25"": 0.9986837179209731, ""median"": 0.9989905704268808, ""p75"": 0.9991468399924136, ""p95"": 0.999325981808706, ""p99"": 0.9993827048938484, ""max"": 0.9993966147897893}",0.06762530019323143,0.867073749020313,"[25, 4096]",0.9816015625
O0_vs_O3q,A015,0.9999999999999998,0,0,0.0,0.0,0.0,0.0,151552,0,0,0.0,0.0,0.0,"[37, 4096]",1.0,0.03154033049941063,0.9976088893509398,0,0,157.3115234375,0.6265144450182463,0.09101378560702063,0.4000427722930908,151552,0,0,0.9879145602395351,0.06978885229680706,1.248999913210645,"[37, 4096]",0.9788389463682432,0.034805960953235626,0.9974654029100767,0,0,85.86785888671875,0.5260078921847193,0.08465975712943485,0.3635021448135376,94208,0,0,0.9968757794956813,"{""min"": 0.963293790277183, ""p1"": 0.9706418955572763, ""p5"": 0.9968298003543854, ""p25"": 0.9984118461864302, ""median"": 0.9988166492706636, ""p75"": 0.999123463166292, ""p95"": 0.9993472680538504, ""p99"": 0.9994852072937251, ""max"": 0.9995238433676443}",0.07115558764573042,0.8994562871146334,"[23, 4096]",0.9807022758152174
O0_vs_O3q,A016,1.0000000000000002,0,0,0.0,0.0,0.0,0.0,159744,0,0,0.0,0.0,0.0,"[39, 4096]",1.0,0.03115610033273697,0.9976551902017977,0,0,157.3115234375,0.620595446336502,0.09012587704784791,0.3995664119720459,159744,0,0,0.9885319145556423,0.06904603987145755,1.2253199439223181,"[39, 4096]",0.9790790264423077,0.03394531086087227,0.9976299863786369,0,0,85.86785888671875,0.5248147784678804,0.08378294205533227,0.36654651165008545,102400,0,0,0.9977684493893295,"{""min"": 0.963293790277183, ""p1"": 0.9713099051281938, ""p5"": 0.996950131789052, ""p25"": 0.9986995313619561, ""median"": 0.9989232573435121, ""p75"": 0.9990371574455198, ""p95"": 0.9992357011108227, ""p99"": 0.9993151479780397, ""max"": 0.9993386568900359}",0.0688071903958158,0.8818711411869996,"[25, 4096]",0.980927734375
O0_vs_O3q,A017,0.9999999999999998,0,0,0.0,0.0,0.0,0.0,147456,0,0,0.0,0.0,0.0,"[36, 4096]",1.0,0.0319417305290699,0.9975682867983113,0,0,157.3115234375,0.6104420004342046,0.09027512357224247,0.37936854362487793,147456,0,0,0.9879839688007233,0.07035177556934893,1.2450561939678229,"[36, 4096]",0.9789835611979166,0.035611238330602646,0.9973045194951847,0,0,85.86785888671875,0.4951390486456727,0.08316221795990758,0.33281898498535156,90112,0,0,0.9987809705842956,"{""min"": 0.963293790277183, ""p1"": 0.9703078907718174, ""p5"": 0.9967572282393267, ""p25"": 0.9987028091296553, ""median"": 0.998999316522508, ""p75"": 0.9992525550888267, ""p95"": 0.9993921685240407, ""p99"": 0.9994552599043968, ""max"": 0.9994712823670536}",0.07338852296031731,0.8710861936382711,"[22, 4096]",0.9810236150568182
O0_vs_O3q,A018,1.0,0,0,0.0,0.0,0.0,0.0,143360,0,0,0.0,0.0,0.0,"[35, 4096]",1.0,0.03065011091530323,0.9975374339405044,0,0,157.3115234375,0.6336966072828155,0.09162876202629416,0.399776816368103,143360,0,0,0.9876281941146102,0.07083262610776567,1.2717225074793905,"[35, 4096]",0.9788225446428571,0.0336332768201828,0.9971803065485135,0,0,85.86785888671875,0.528406109974856,0.08507957225893013,0.3605170249938965,86016,0,0,0.997479116873592,"{""min"": 0.963293790277183, ""p1"": 0.9699738859863587, ""p5"": 0.9966942688230616, ""p25"": 0.9985306952190801, ""median"": 0.9987875262540041, ""p75"": 0.9991215221093698, ""p95"": 0.9993386568900359, ""p99"": 0.9993687563663013, ""max"": 0.9993762812353676}",0.07504349085313436,0.9126675415276864,"[21, 4096]",0.9808523995535714
O0_vs_O3q,A019,1.0,0,0,0.0,0.0,0.0,0.0,155648,0,0,0.0,0.0,0.0,"[38, 4096]",1.0,0.03235505893826485,0.9976295586162467,0,0,157.3115234375,0.6103891061581491,0.08955765999476643,0.38700032234191895,155648,0,0,0.9876209479476723,0.0695372997941978,1.2306065658578378,"[38, 4096]",0.979138826069079,0.0359598807990551,0.9975240979770029,0,0,85.86785888671875,0.5046638786909625,0.08261897609659842,0.34781336784362793,98304,0,0,0.9958258112042826,"{""min"": 0.963293790277183, ""p1"": 0.9709759003427351, ""p5"": 0.9968903390776414, ""p25"": 0.9985816497867251, ""median"": 0.998928588418009, ""p75"": 0.9990328971630809, ""p95"": 0.9993563754214084, ""p99"": 0.9994562725873961, ""max"": 0.9994851780214957}",0.07034598874939209,0.8764127610348996,"[24, 4096]",0.9810994466145834
O0_vs_O3q,A020,1.0,0,0,0.0,0.0,0.0,0.0,159744,0,0,0.0,0.0,0.0,"[39, 4096]",1.0,0.03194486349821091,0.9976425558531038,0,0,157.3115234375,0.6081036914445763,0.08848128938360596,0.3885054588317871,159744,0,0,0.9880835062518486,0.06928712853168878,1.2191157728290296,"[39, 4096]",0.9793732471955128,0.035175781697034836,0.997579327517976,0,0,85.86785888671875,0.5053276408364763,0.08121738529911475,0.3504326343536377,102400,0,0,0.9968841469549936,"{""min"": 0.963293790277183, ""p1"": 0.9713099051281938, ""p5"": 0.9969465575698998, ""p25"": 0.9986132215804318, ""median"": 0.9988914624707182, ""p75"": 0.9990634632884169, ""p95"": 0.9993636466262419, ""p99"": 0.9993881389004374, ""max"": 0.999393900428904}",0.06954112872824089,0.8683537422581646,"[25, 4096]",0.98138671875
O0_vs_O3q,A021,1.0,0,0,0.0,0.0,0.0,0.0,167936,0,0,0.0,0.0,0.0,"[41, 4096]",1.0,0.032452840358018875,0.9977250384874944,0,0,157.3115234375,0.6015909035292525,0.08879254373647111,0.38791418075561523,167936,0,0,0.9890612188507479,0.06796917938174038,1.1963343798174337,"[41, 4096]",0.9791825457317073,0.035707827657461166,0.9978361127389025,0,0,85.86785888671875,0.5030508925656586,0.0822280977671316,0.35312652587890625,110592,0,0,0.9983885958721086,"{""min"": 0.963293790277183, ""p1"": 0.9719779146991114, ""p5"": 0.9969956361195366, ""p25"": 0.9986679862598149, ""median"": 0.9989686985336648, ""p75"": 0.9990851902598145, ""p95"": 0.999389778140851, ""p99"": 0.9993930213828478, ""max"": 0.9993931090877097}",0.06575254635167367,0.851302313650991,"[27, 4096]",0.9809479890046297
O0_vs_O3q,A022,1.0,0,0,0.0,0.0,0.0,0.0,155648,0,0,0.0,0.0,0.0,"[38, 4096]",1.0,0.03095446154475212,0.9976088921386542,0,0,157.3115234375,0.6162323609079114,0.0903189626193965,0.3948843479156494,155648,0,0,0.9876488189446457,0.06982622275275409,1.2339775030247317,"[38, 4096]",0.9787083675986842,0.0337422676384449,0.9974583366671695,0,0,85.86785888671875,0.5139156987114196,0.08382437191892934,0.3589392304420471,98304,0,0,0.9959888792379575,"{""min"": 0.963293790277183, ""p1"": 0.9709759003427351, ""p5"": 0.9968833646359909, ""p25"": 0.9985376531725679, ""median"": 0.9988390283801722, ""p75"": 0.9990831845598939, ""p95"": 0.9993127486422182, ""p99"": 0.9993615591972966, ""max"": 0.9993684001462186}",0.07126728504931572,0.8838855098933762,"[24, 4096]",0.9804178873697916
O0_vs_O3q,A023,1.0,0,0,0.0,0.0,0.0,0.0,143360,0,0,0.0,0.0,0.0,"[35, 4096]",1.0,0.0306570865213871,0.997560815166039,0,0,157.3115234375,0.6358313094470629,0.09095137285372042,0.39919185638427734,143360,0,0,0.9872965983233021,0.07055334288794263,1.2796374211677892,"[35, 4096]",0.9785505022321429,0.0336449034512043,0.9972712123936065,0,0,85.86785888671875,0.5319639469152684,0.08395059030464058,0.3588070869445801,86016,0,0,0.9956652253822343,"{""min"": 0.963293790277183, ""p1"": 0.9699738859863587, ""p5"": 0.9966942688230616, ""p25"": 0.9984801444218154, ""median"": 0.9987933071345597, ""p75"": 0.9990874752047956, ""p95"": 0.9993337299434485, ""p99"": 0.9993376715007184, ""max"": 0.9993386568900359}",0.0738424547619238,0.9309233932304314,"[21, 4096]",0.9803989955357143
O0_vs_O3q,A024,1.0000000000000002,0,0,0.0,0.0,0.0,0.0,167936,0,0,0.0,0.0,0.0,"[41, 4096]",1.0,0.03263743221759796,0.9977873350664014,0,0,157.3115234375,0.6016394580666623,0.08827279130983832,0.3884190320968628,167936,0,0,0.9884665306486772,0.06713651298721962,1.1966366674176658,"[41, 4096]",0.9796470083841463,0.03598813712596893,0.9979790593275507,0,0,85.86785888671875,0.5031246235298736,0.08143884408224479,0.35401904582977295,110592,0,0,0.9961847792323548,"{""min"": 0.963293790277183, ""p1"": 0.9719779146991114, ""p5"": 0.9970073234618476, ""p25"": 0.998740821092456, ""median"": 0.9990339589454246, ""p75"": 0.9992063165372502, ""p95"": 0.9995117262562049, ""p99"": 0.9995818242192918, ""max"": 0.9995898916061433}",0.06356899074830592,0.8519472243615918,"[27, 4096]",0.9816532841435185
O0_vs_O3q,A025,1.0,0,0,0.0,0.0,0.0,0.0,147456,0,0,0.0,0.0,0.0,"[36, 4096]",1.0,0.0319892019033432,0.9976118166193776,0,0,157.3115234375,0.6251192385526438,0.08981572364537019,0.39487946033477783,147456,0,0,0.9872976743923176,0.06983584231083538,1.262940848280485,"[36, 4096]",0.9790378146701388,0.03568892180919647,0.9974552527094716,0,0,85.86785888671875,0.519156347384937,0.08241047262502564,0.35455521941185,90112,0,0,0.9950658782110019,"{""min"": 0.963293790277183, ""p1"": 0.9703078907718174, ""p5"": 0.9967562933094027, ""p25"": 0.9986187031489877, ""median"": 0.998941925517761, ""p75"": 0.9991503481138551, ""p95"": 0.9992972824619918, ""p99"": 0.9993301040776182, ""max"": 0.9993386568900359}",0.07133532051360589,0.9122443156772279,"[22, 4096]",0.9811123934659091
O0_vs_O3q,A026,0.9999999999999998,0,0,0.0,0.0,0.0,0.0,151552,0,0,0.0,0.0,0.0,"[37, 4096]",1.0,0.03142155706882477,0.997634952924893,0,0,157.3115234375,0.6274543524086766,0.0900453136190992,0.3994324207305908,151552,0,0,0.9874981085025691,0.06947845937690468,1.253410855130735,"[37, 4096]",0.979175464527027,0.03461489453911781,0.997540352737717,0,0,85.86785888671875,0.5275199171171508,0.0831017804532134,0.36398541927337646,94208,0,0,0.9951488757682608,"{""min"": 0.963293790277183, ""p1"": 0.9706418955572763, ""p5"": 0.9968238206822679, ""p25"": 0.9986073224489602, ""median"": 0.9988597552767476, ""p75"": 0.9990742715098652, ""p95"": 0.9993286113105868, ""p99"": 0.9993980609277131, ""max"": 0.999414815912699}",0.07013532506524026,0.9092735433488827,"[23, 4096]",0.9812436311141305
O0_vs_O3q,A027,0.9999999999999998,0,0,0.0,0.0,0.0,0.0,155648,0,0,0.0,0.0,0.0,"[38, 4096]",1.0,0.03223298862576485,0.9976913467588855,0,0,157.3115234375,0.6141252695090436,0.08972241055261125,0.39086735248565674,155648,0,0,0.9880745628187919,0.06858905988415659,1.2321501663012937,"[38, 4096]",0.9791195518092105,0.0357666015625,0.9977254427179628,0,0,85.86785888671875,0.510579470663212,0.08287983114651938,0.3529054522514343,98304,0,0,0.9964519234944357,"{""min"": 0.963293790277183, ""p1"": 0.9709759003427351, ""p5"": 0.9968861414171596, ""p25"": 0.9987011563383557, ""median"": 0.9989565478205176, ""p75"": 0.9992001383588449, ""p95"": 0.9995224609968986, ""p99"": 0.9995457881717317, ""max"": 0.9995478517148169}",0.06742078911181083,0.8798399791890007,"[24, 4096]",0.9810689290364584
O0_vs_O3q,A028,1.0000000000000002,0,0,0.0,0.0,0.0,0.0,143360,0,0,0.0,0.0,0.0,"[35, 4096]",1.0,0.03026646189391613,0.9975864426867622,0,0,157.3115234375,0.6345446520320756,0.091032641892804,0.3982030153274536,143360,0,0,0.9877069457887703,0.07013482606044268,1.277430131551656,"[35, 4096]",0.9784458705357143,0.0329938605427742,0.9973766274296769,0,0,85.86785888671875,0.5298195178902894,0.0840860387031132,0.35767996311187744,86016,0,0,0.9968032664258187,"{""min"": 0.963293790277183, ""p1"": 0.9699738859863587, ""p5"": 0.9966942688230616, ""p25"": 0.9985592007276545, ""median"": 0.9989906615614662, ""p75"": 0.999157612697319, ""p95"": 0.9993929226599956, ""p99"": 0.9993946607484953, ""max"": 0.9993950952706202}",0.07238916907828809,0.9258571072087087,"[21, 4096]",0.980224609375
O0_vs_O3q,A029,1.0000000000000002,0,0,0.0,0.0,0.0,0.0,155648,0,0,0.0,0.0,0.0,"[38, 4096]",1.0,0.031429894268512726,0.9976714249993759,0,0,157.3115234375,0.6227702774213077,0.0903712413159325,0.39911317825317383,155648,0,0,0.9868271043357922,0.06906031443868207,1.2456598269040675,"[38, 4096]",0.9792544716282895,0.0344950370490551,0.9976394935011031,0,0,85.86785888671875,0.5242673998576303,0.08390714652177798,0.3636009693145752,98304,0,0,0.992595412372861,"{""min"": 0.963293790277183, ""p1"": 0.9709759003427351, ""p5"": 0.9968793300159121, ""p25"": 0.9987173355169183, ""median"": 0.9988789248213653, ""p75"": 0.9989812225469035, ""p95"": 0.9993375172043899, ""p99"": 0.9993397826492447, ""max"": 0.9993401189149824}",0.06885407585097571,0.9094610921049414,"[24, 4096]",0.9812825520833334
O0_vs_O3q,A030,1.0,0,0,0.0,0.0,0.0,0.0,143360,0,0,0.0,0.0,0.0,"[35, 4096]",1.0,0.03187081590294838,0.9976158668585726,0,0,157.3115234375,0.6353380829262668,0.09086166957642433,0.4007793664932251,143360,0,0,0.9878946795149545,0.06969278065473955,1.2763953142776912,"[35, 4096]",0.9786830357142857,0.035667784512043,0.9974844224706583,0,0,85.86785888671875,0.5311419027139415,0.08380108484248042,0.36278557777404785,86016,0,0,0.997089015927557,"{""min"": 0.963293790277183, ""p1"": 0.9699738859863587, ""p5"": 0.9966942688230616, ""p25"": 0.998640682106254, ""median"": 0.9989658315604129, ""p75"": 0.999249661842306, ""p95"": 0.9993386568900359, ""p99"": 0.9993551176823733, ""max"": 0.9993592328804577}",0.07088711642260359,0.9234753986032794,"[21, 4096]",0.9806198846726191
O0_vs_O3q,A031,1.0,0,0,0.0,0.0,0.0,0.0,135168,0,0,0.0,0.0,0.0,"[33, 4096]",1.0,0.03073212504386902,0.9975281498810835,0,0,157.3115234375,0.6516870240056685,0.09247255626339212,0.4108218550682068,135168,0,0,0.9872678200618046,0.07101312951013306,1.3073201630508997,"[33, 4096]",0.9780421401515151,0.03408974036574364,0.9971227180974709,0,0,85.86785888671875,0.5485694129873944,0.0858557212215357,0.3723742961883545,77824,0,0,0.9964713101242663,"{""min"": 0.963293790277183, ""p1"": 0.9693058764154411, ""p5"": 0.9933542209684737, ""p25"": 0.9985197704488806, ""median"": 0.9987777260943667, ""p75"": 0.9991207705445594, ""p95"": 0.999200472845594, ""p99"": 0.9992213715468853, ""max"": 0.9992265962222081}",0.07580705367088315,0.9538648915478667,"[19, 4096]",0.9797106291118421
O0_vs_O3q,A032,0.9999999999999999,0,0,0.0,0.0,0.0,0.0,126976,0,0,0.0,0.0,0.0,"[31, 4096]",1.0,0.02997416816651821,0.9974548713160769,0,0,157.3115234375,0.6611651102098075,0.09400857904297548,0.4082852602005005,126976,0,0,0.9872874443921068,0.07202191512368461,1.3389876616200778,"[31, 4096]",0.9775941910282258,0.033102598041296005,0.996752976350476,0,0,85.86785888671875,0.5537214982986745,0.08787825275585165,0.36352550983428955,69632,0,0,0.9982449253585688,"{""min"": 0.963293790277183, ""p1"": 0.9686378668445236, ""p5"": 0.9900141731138858, ""p25"": 0.9983800538603443, ""median"": 0.9987089781517867, ""p75"": 0.9989480294334548, ""p95"": 0.9993007681425278, ""p99"": 0.9993216267502433, ""max"": 0.9993268414021722}",0.08053403037418298,0.9841985334324072,"[17, 4096]",0.9790900735294118
O0_vs_O3q,A033,1.0,0,0,0.0,0.0,0.0,0.0,147456,0,0,0.0,0.0,0.0,"[36, 4096]",1.0,0.03058539517223835,0.9975409708041655,0,0,157.3115234375,0.6223013254250165,0.09059066918377445,0.3947998285293579,147456,0,0,0.9884801435855177,0.07066901836709452,1.2505954411273292,"[36, 4096]",0.9789971245659722,0.03339177742600441,0.9972273116384819,0,0,85.86785888671875,0.5145452168124559,0.08367856532423262,0.35452818870544434,90112,0,0,1.0005705649176628,"{""min"": 0.963293790277183, ""p1"": 0.9703078907718174, ""p5"": 0.9967519781284724, ""p25"": 0.9985918794977815, ""median"": 0.9989091369734604, ""p75"": 0.9991071081296428, ""p95"": 0.9993139124775591, ""p99"": 0.9993803262866999, ""max"": 0.9993979587162575}",0.07449071260751247,0.8839752817592123,"[22, 4096]",0.9810458096590909
O0_vs_O3q,A034,0.9999999999999998,0,0,0.0,0.0,0.0,0.0,131072,0,0,0.0,0.0,0.0,"[32, 4096]",1.0,0.03002166748046875,0.9974730658132618,0,0,157.3115234375,0.6530697994800505,0.09355523821366343,0.4069805145263672,131072,0,0,0.9876943580315033,0.07171545233054072,1.3143479707449481,"[32, 4096]",0.9780502319335938,0.0330132395029068,0.9968569804427357,0,0,85.86785888671875,0.545298924329725,0.08741288718635931,0.3657417297363281,73728,0,0,0.9997832317041958,"{""min"": 0.963293790277183, ""p1"": 0.9689718716299823, ""p5"": 0.9916841970411798, ""p25"": 0.9985944410083071, ""median"": 0.9988256463107221, ""p75"": 0.9991460809655041, ""p95"": 0.9992782870631097, ""p99"": 0.9992833182215083, ""max"": 0.9992845760111079}",0.07927624795004164,0.9477402049649832,"[18, 4096]",0.9798177083333334
O0_vs_O3q,A035,0.9999999999999999,0,0,0.0,0.0,0.0,0.0,122880,0,0,0.0,0.0,0.0,"[30, 4096]",1.0,0.02969563752412796,0.9974507994060535,0,0,157.3115234375,0.6776357266261281,0.09547151022923044,0.42058467864990234,122880,0,0,0.9873576439252594,0.0720678468651913,1.359226357057862,"[30, 4096]",0.9768229166666667,0.03277587890625,0.9967283395834663,0,0,85.86785888671875,0.5778886783348298,0.0902381033371344,0.38157856464385986,65536,0,0,0.9987313463273461,"{""min"": 0.963293790277183, ""p1"": 0.9683038620590647, ""p5"": 0.9883441491865919, ""p25"": 0.998093701904545, ""median"": 0.9987934469370311, ""p75"": 0.9990037490483351, ""p95"": 0.9992558890223608, ""p99"": 0.9993557658134109, ""max"": 0.9993807350111734}",0.08084942242961039,1.0097139693716237,"[16, 4096]",0.9777374267578125
O0_vs_O3q,A036,1.0,0,0,0.0,0.0,0.0,0.0,131072,0,0,0.0,0.0,0.0,"[32, 4096]",1.0,0.031829833984375,0.9975379180402878,0,0,157.3115234375,0.6577288750085586,0.09198066115458282,0.41197776794433594,131072,0,0,0.9879259444060206,0.07078482965293152,1.3176765553978502,"[32, 4096]",0.978759765625,0.0362277552485466,0.9971749199518078,0,0,85.86785888671875,0.5535817252692949,0.08461363908132713,0.3716866970062256,73728,0,0,0.9992498552151052,"{""min"": 0.963293790277183, ""p1"": 0.9689718716299823, ""p5"": 0.9916841970411798, ""p25"": 0.9983948690110845, ""median"": 0.9989310655885669, ""p75"": 0.999172650841373, ""p95"": 0.9994614209320386, ""p99"": 0.9994826280247759, ""max"": 0.9994879297979603}",0.07514309266627126,0.955921784809714,"[18, 4096]",0.9810791015625
O0_vs_O3q,A037,1.0,0,0,0.0,0.0,0.0,0.0,131072,0,0,0.0,0.0,0.0,"[32, 4096]",1.0,0.03040313720703125,0.9974406580874979,0,0,157.3115234375,0.6613635747236231,0.09337109367929425,0.4106360673904419,131072,0,0,0.9874504702965805,0.07219374935600217,1.3267275890414771,"[32, 4096]",0.97784423828125,0.03369140625,0.996725300101316,0,0,85.86785888671875,0.5600434136516318,0.08708551912525857,0.3701913356781006,73728,0,0,0.9985245273890321,"{""min"": 0.963293790277183, ""p1"": 0.9689718716299823, ""p5"": 0.9916841970411798, ""p25"": 0.9979685218984999, ""median"": 0.9986918419051325, ""p75"": 0.9990286275015803, ""p95"": 0.9992211812986246, ""p99"": 0.9992357071164549, ""max"": 0.9992393385709125}",0.08088209540296241,0.9779247631889103,"[18, 4096]",0.9794514973958334
O0_vs_O3q,A038,1.0000000000000002,0,0,0.0,0.0,0.0,0.0,131072,0,0,0.0,0.0,0.0,"[32, 4096]",1.0,0.03102874755859375,0.9975655376678654,0,0,157.3115234375,0.6536017096950673,0.09178891873729009,0.4048968553543091,131072,0,0,0.9866981208474213,0.07057689994448213,1.3243597434927648,"[32, 4096]",0.978485107421875,0.0348036028444767,0.9972496912934414,0,0,85.86785888671875,0.5462445424897547,0.08427276367280664,0.35912132263183594,73728,0,0,0.9941643879753027,"{""min"": 0.963293790277183, ""p1"": 0.9689718716299823, ""p5"": 0.9916841970411798, ""p25"": 0.9985327034921917, ""median"": 0.9989036201342902, ""p75"": 0.9991558175233811, ""p95"": 0.9993659833325883, ""p99"": 0.9994035860125347, ""max"": 0.9994129866825212}",0.07417932536563646,0.9722021815725224,"[18, 4096]",0.9805908203125
O0_vs_O3q,A039,0.9999999999999998,0,0,0.0,0.0,0.0,0.0,139264,0,0,0.0,0.0,0.0,"[34, 4096]",1.0,0.03153722360730171,0.997618169986764,0,0,157.3115234375,0.6401784237134908,0.09040697045694017,0.40147531032562256,139264,0,0,0.9878335771114125,0.0696686814142312,1.2918644067198766,"[34, 4096]",0.9788961971507353,0.03529052808880806,0.9974888768104914,0,0,85.86785888671875,0.5341606730416061,0.08267506710266018,0.3593207597732544,81920,0,0,0.9970158635546164,"{""min"": 0.963293790277183, ""p1"": 0.9696398812009, ""p5"": 0.9950242448957677, ""p25"": 0.9985073912774589, ""median"": 0.9990161071928649, ""p75"": 0.9992067114210572, ""p95"": 0.9993455033619846, ""p99"": 0.9994964264897536, ""max"": 0.9995341572716958}",0.07082488532207032,0.9388964812313801,"[20, 4096]",0.9810791015625
O0_vs_O3q,A040,1.0000000000000002,0,0,0.0,0.0,0.0,0.0,131072,0,0,0.0,0.0,0.0,"[32, 4096]",1.0,0.0305328369140625,0.9974546957465162,0,0,157.3115234375,0.6660491938243922,0.0936258938658027,0.4179263114929199,131072,0,0,0.9879934117105759,0.07192806009363556,1.3406632536178738,"[32, 4096]",0.9775009155273438,0.0339219830930233,0.9968697612626157,0,0,85.86785888671875,0.5683734031641102,0.08753849723460691,0.38102054595947266,73728,0,0,0.9993937794193989,"{""min"": 0.963293790277183, ""p1"": 0.9689718716299823, ""p5"": 0.9916841970411798, ""p25"": 0.998256524027062, ""median"": 0.9987428723623817, ""p75"": 0.9990578239883895, ""p95"": 0.9992476520660091, ""p99"": 0.9993273203554235, ""max"": 0.9993472374277771}",0.07910151545874988,1.011147939904719,"[18, 4096]",0.9788411458333334
O0_vs_O3q,A041,1.0,0,0,0.0,0.0,0.0,0.0,159744,0,0,0.0,0.0,0.0,"[39, 4096]",1.0,0.032883863896131516,0.9976763158305029,0,0,157.3115234375,0.591898575472535,0.08756570391688559,0.3722093105316162,159744,0,0,0.9886198043435928,0.06873128276983595,1.206194313332038,"[39, 4096]",0.9796048677884616,0.036640625447034836,0.9976996993119959,0,0,85.86785888671875,0.48004765992009196,0.07978907197103104,0.3295886516571045,102400,0,0,0.9986907494808368,"{""min"": 0.963293790277183, ""p1"": 0.9713099051281938, ""p5"": 0.9969068195708535, ""p25"": 0.9986995313619561, ""median"": 0.999006584256877, ""p75"": 0.9992871334961687, ""p95"": 0.9994291943701122, ""p99"": 0.9994967284988742, ""max"": 0.9995176017210347}",0.067795959858911,0.8397321536430752,"[25, 4096]",0.981748046875
O0_vs_O3q,A042,1.0,0,0,0.0,0.0,0.0,0.0,147456,0,0,0.0,0.0,0.0,"[36, 4096]",1.0,0.0323350690305233,0.9975855031929138,0,0,157.3115234375,0.6177708678011287,0.09007046202852703,0.38838839530944824,147456,0,0,0.9885340384225834,0.07003636793717143,1.2493826929350875,"[36, 4096]",0.9790717230902778,0.0362548828125,0.9973966562837705,0,0,85.86785888671875,0.5071317407006394,0.08282731725200956,0.3463706970214844,90112,0,0,1.0000883981919464,"{""min"": 0.963293790277183, ""p1"": 0.9703078907718174, ""p5"": 0.996755645756992, ""p25"": 0.9986695236514869, ""median"": 0.9989670995957893, ""p75"": 0.9992281168942926, ""p95"": 0.9994175011923776, ""p99"": 0.9994967191871473, ""max"": 0.9995172767846137}",0.07216062297717754,0.8811646268147296,"[22, 4096]",0.9811678799715909
O0_vs_O3q,A043,0.9999999999999998,0,0,0.0,0.0,0.0,0.0,151552,0,0,0.0,0.0,0.0,"[37, 4096]",1.0,0.03152713179588318,0.9976055948908993,0,0,157.3115234375,0.6214668961021645,0.08981352060580021,0.3960202932357788,151552,0,0,0.9882696230209433,0.06978708629203371,1.243875520576026,"[37, 4096]",0.978931323902027,0.03478473052382469,0.9974633591451674,0,0,85.86785888671875,0.5178879221892835,0.08272889604051499,0.3568761348724365,94208,0,0,0.9982712061344257,"{""min"": 0.963293790277183, ""p1"": 0.9706418955572763, ""p5"": 0.996814727913529, ""p25"": 0.9986077952234624, ""median"": 0.9989118865848777, ""p75"": 0.9991422088130109, ""p95"": 0.9993337867363805, ""p99"": 0.9993861216214313, ""max"": 0.9993995091097736}",0.07118637355279296,0.8879591060636192,"[23, 4096]",0.980850883152174
O0_vs_O3q,A044,1.0,0,0,0.0,0.0,0.0,0.0,131072,0,0,0.0,0.0,0.0,"[32, 4096]",1.0,0.0311126708984375,0.9974920493454794,0,0,157.3115234375,0.6516799071399078,0.09171504480351177,0.40561676025390625,131072,0,0,0.9873652294052757,0.07149939842165118,1.317605245249813,"[32, 4096]",0.97857666015625,0.0349528007209301,0.9969411083965155,0,0,85.86785888671875,0.5428280046139157,0.08414143223497852,0.3620392084121704,73728,0,0,0.9979387736727833,"{""min"": 0.963293790277183, ""p1"": 0.9689718716299823, ""p5"": 0.9916841970411798, ""p25"": 0.9985643961399477, ""median"": 0.998803373757662, ""p75"": 0.9990985344163619, ""p95"": 0.9992310966393437, ""p99"": 0.9992679611268744, ""max"": 0.9992771772487571}",0.07816278990114814,0.9557470243333762,"[18, 4096]",0.9807535807291666
O0_vs_O3q,A045,1.0,0,0,0.0,0.0,0.0,0.0,135168,0,0,0.0,0.0,0.0,"[33, 4096]",1.0,0.03152373433113098,0.9975454175772047,0,0,157.3115234375,0.6429955313988378,0.09125851077131848,0.4007723331451416,135168,0,0,0.9881489953787922,0.07065007162666358,1.297942773857053,"[33, 4096]",0.9786709872159091,0.035464636981487274,0.9972175549402603,0,0,85.86785888671875,0.5334736626702675,0.08374711589319729,0.3582204580307007,77824,0,0,0.9998929281023848,"{""min"": 0.963293790277183, ""p1"": 0.9693058764154411, ""p5"": 0.9933542209684737, ""p25"": 0.9985926322633145, ""median"": 0.9989682668836393, ""p75"": 0.9992246650450052, ""p95"": 0.9993752888503538, ""p99"": 0.9994416726241262, ""max"": 0.9994582685675694}",0.07459427418056112,0.931357180800348,"[19, 4096]",0.9808028371710527
O0_vs_O3q,A046,1.0000000000000002,0,0,0.0,0.0,0.0,0.0,126976,0,0,0.0,0.0,0.0,"[31, 4096]",1.0,0.03013167902827263,0.9974577375006781,0,0,157.3115234375,0.6700187945854792,0.09457996886623674,0.4214906692504883,126976,0,0,0.9876212407262143,0.0719362118047949,1.3368592820856406,"[31, 4096]",0.9775311869959677,0.03338982164859772,0.9967800510770253,0,0,85.86785888671875,0.5698664521601934,0.08892019890415157,0.38455522060394287,69632,0,0,0.9996778624878554,"{""min"": 0.963293790277183, ""p1"": 0.9686378668445236, ""p5"": 0.9900141731138858, ""p25"": 0.9981865812569426, ""median"": 0.9987851452615726, ""p75"": 0.9989493435059945, ""p95"": 0.9993432246841271, ""p99"": 0.9993578281851575, ""max"": 0.9993614790604151}",0.08023669413588738,0.978908246933292,"[17, 4096]",0.9789751838235294
O0_vs_O3q,A047,1.0,0,0,0.0,0.0,0.0,0.0,135168,0,0,0.0,0.0,0.0,"[33, 4096]",1.0,0.03162730857729912,0.9975543806420987,0,0,157.3115234375,0.6476917357115533,0.09180201182913733,0.4034457206726074,135168,0,0,0.9880099541058117,0.07054327565166223,1.3025244685139352,"[33, 4096]",0.9780865293560606,0.03564453125,0.9972536264057683,0,0,85.86785888671875,0.5416302280555101,0.08469109141467208,0.3618870973587036,77824,0,0,0.9989615837592171,"{""min"": 0.963293790277183, ""p1"": 0.9693058764154411, ""p5"": 0.9933542209684737, ""p25"": 0.9984453866078222, ""median"": 0.999043015337204, ""p75"": 0.9991884327363019, ""p95"": 0.9993769194731613, ""p99"": 0.9994234673595456, ""max"": 0.9994351043311417}",0.07408185836535895,0.9424011273852106,"[19, 4096]",0.9797877261513158
O0_vs_O3q,A048,1.0000000000000002,0,0,0.0,0.0,0.0,0.0,139264,0,0,0.0,0.0,0.0,"[34, 4096]",1.0,0.030330881476402283,0.9975233920260933,0,0,157.3115234375,0.6366061453255658,0.09206031546912408,0.3999934196472168,139264,0,0,0.9881788374115064,0.07095352747892877,1.2828025807539887,"[34, 4096]",0.9784509995404411,0.03323974460363388,0.9971344887216401,0,0,85.86785888671875,0.5280877997821335,0.0854857536233728,0.3583567142486572,81920,0,0,1.0001011234098602,"{""min"": 0.963293790277183, ""p1"": 0.9696398812009, ""p5"": 0.9950242448957677, ""p25"": 0.9985781375413252, ""median"": 0.9988624766379733, ""p75"": 0.9991067927650041, ""p95"": 0.9992765594190751, ""p99"": 0.9993262373958437, ""max"": 0.9993386568900359}",0.07570741260409843,0.9175312470949635,"[20, 4096]",0.980322265625
O0_vs_O3q,A049,1.0,0,0,0.0,0.0,0.0,0.0,159744,0,0,0.0,0.0,0.0,"[39, 4096]",1.0,0.03138146176934242,0.9977027471558014,0,0,157.3115234375,0.617333755938046,0.08857166273147009,0.39603757858276367,159744,0,0,0.9873697669372673,0.06852735802556689,1.2371277584236189,"[39, 4096]",0.9795172275641025,0.034296873956918716,0.9977369589583369,0,0,85.86785888671875,0.519726541446289,0.08135836772178281,0.36073970794677734,102400,0,0,0.9936666622232809,"{""min"": 0.963293790277183, ""p1"": 0.9713099051281938, ""p5"": 0.9969204654839195, ""p25"": 0.9985903712977795, ""median"": 0.998771044295583, ""p75"": 0.9991359302963958, ""p95"": 0.9993340921861436, ""p99"": 0.9993661643770392, ""max"": 0.9993748509518824}",0.0673611760889071,0.907224043846089,"[25, 4096]",0.981611328125
O0_vs_O3q,A050,0.9999999999999998,0,0,0.0,0.0,0.0,0.0,143360,0,0,0.0,0.0,0.0,"[35, 4096]",1.0,0.0315638966858387,0.9975858577854666,0,0,157.3115234375,0.6342494481300881,0.09066874113252595,0.40174293518066406,143360,0,0,0.9885878169465897,0.07002443206034378,1.2720238745986507,"[35, 4096]",0.9785574776785714,0.03515625,0.9974033300987628,0,0,85.86785888671875,0.529327511386977,0.08347953743598312,0.3638739585876465,86016,0,0,0.9999535244797189,"{""min"": 0.963293790277183, ""p1"": 0.9699738859863587, ""p5"": 0.9966942688230616, ""p25"": 0.9985714907136323, ""median"": 0.9990428158251174, ""p75"": 0.9992166925435397, ""p95"": 0.9993572704867864, ""p99"": 0.9994846917415665, ""max"": 0.9995165470552615}",0.07206317089387587,0.9133672375102009,"[21, 4096]",0.9804106212797619
O0_vs_O3q,A051,1.0,0,0,0.0,0.0,0.0,0.0,139264,0,0,0.0,0.0,0.0,"[34, 4096]",1.0,0.03147977963089943,0.9976205657755336,0,0,157.3115234375,0.6291589364480066,0.09047898637639576,0.3887752369046211,139264,0,0,0.9876461578863552,0.06966129165070147,1.2801357222186276,"[34, 4096]",0.9785874310661765,0.03519286960363388,0.9974855570830938,0,0,85.86785888671875,0.515427544690283,0.08279749416573463,0.3420126438140869,81920,0,0,0.996948481445372,"{""min"": 0.963293790277183, ""p1"": 0.9696398812009, ""p5"": 0.9950242448957677, ""p25"": 0.9985924840948078, ""median"": 0.9990277078536318, ""p75"": 0.9993112089416399, ""p95"": 0.9995186744707938, ""p99"": 0.9996173018845046, ""max"": 0.9996419587379323}",0.07087208096895414,0.9111773152271363,"[20, 4096]",0.98055419921875
O0_vs_O3q,A052,0.9999999999999998,0,0,0.0,0.0,0.0,0.0,147456,0,0,0.0,0.0,0.0,"[36, 4096]",1.0,0.03204345703125,0.997613847044737,0,0,157.3115234375,0.6277375980667885,0.09103859251995616,0.3952596187591553,147456,0,0,0.9879595686535967,0.06971238968686704,1.2597655332711393,"[36, 4096]",0.9784613715277778,0.03577769920229912,0.9974802502859146,0,0,85.86785888671875,0.5234409356808101,0.08441153078343906,0.35571956634521484,90112,0,0,0.9972586864163595,"{""min"": 0.963293790277183, ""p1"": 0.9703078907718174, ""p5"": 0.9967556694225455, ""p25"": 0.9983336902685055, ""median"": 0.9990418348778591, ""p75"": 0.9992070179029944, ""p95"": 0.9994916074370784, ""p99"": 0.9995067765627332, ""max"": 0.9995093159820957}",0.07094504478889518,0.9050313722570527,"[22, 4096]",0.9801691228693182
O0_vs_O3q,A053,0.9999999999999998,0,0,0.0,0.0,0.0,0.0,143360,0,0,0.0,0.0,0.0,"[35, 4096]",1.0,0.03146623820066452,0.9976277621802447,0,0,157.3115234375,0.63461293130479,0.09075951157585423,0.4017449617385864,143360,0,0,0.9882510534356005,0.06947496523295017,1.2692882024378318,"[35, 4096]",0.9790178571428572,0.0349934883415699,0.9975339753515928,0,0,85.86785888671875,0.5299333166781469,0.08363082150819692,0.36313438415527344,86016,0,0,0.9984146832724012,"{""min"": 0.963293790277183, ""p1"": 0.9699738859863587, ""p5"": 0.9966942688230616, ""p25"": 0.9986448406981719, ""median"": 0.9990366109856647, ""p75"": 0.9992520961453828, ""p95"": 0.999518726771989, ""p99"": 0.999601641765358, ""max"": 0.9996223705137003}",0.07019076624235816,0.9070020485396822,"[21, 4096]",0.9811779203869048
O0_vs_O3q,A054,1.0000000000000002,0,0,0.0,0.0,0.0,0.0,151552,0,0,0.0,0.0,0.0,"[37, 4096]",1.0,0.032615866512060165,0.9977690017431606,0,0,157.3115234375,0.6119617825930324,0.08821215692447598,0.38617706298828125,151552,0,0,0.9887931478368329,0.06736159969749145,1.235058408048125,"[37, 4096]",0.9793008340371622,0.03653617575764656,0.9979654029536627,0,0,85.86785888671875,0.502597087413723,0.08015278924881951,0.34480059146881104,94208,0,0,0.998188193852531,"{""min"": 0.963293790277183, ""p1"": 0.9706418955572763, ""p5"": 0.9968213296590077, ""p25"": 0.9988056862358922, ""median"": 0.9992843924177565, ""p75"": 0.9993803304057226, ""p95"": 0.9995464900599651, ""p99"": 0.9996180438042497, ""max"": 0.9996374413419157}",0.06375816922808983,0.8679343579974751,"[23, 4096]",0.9814453125
O0_vs_O3q,A055,1.0,0,0,0.0,0.0,0.0,0.0,143360,0,0,0.0,0.0,0.0,"[35, 4096]",1.0,0.03174525499343872,0.9976411313449374,0,0,157.3115234375,0.6280409397489296,0.09097335889429933,0.3925759792327881,143360,0,0,0.9878564745087002,0.06933911275893773,1.267160142476083,"[35, 4096]",0.9785086495535714,0.0354585200548172,0.9975652406584373,0,0,85.86785888671875,0.5189799974183794,0.08398723370560542,0.34989607334136963,86016,0,0,0.9970957653818389,"{""min"": 0.963293790277183, ""p1"": 0.9699738859863587, ""p5"": 0.9966942688230616, ""p25"": 0.9986497498598755, ""median"": 0.9991009904554117, ""p75"": 0.9993555911141555, ""p95"": 0.99948303969914, ""p99"": 0.9996167868814527, ""max"": 0.9996502236770309}",0.06974102836286383,0.9020291158135758,"[21, 4096]",0.9803292410714286
O0_vs_O3q,A056,0.9999999999999998,0,0,0.0,0.0,0.0,0.0,151552,0,0,0.0,0.0,0.0,"[37, 4096]",1.0,0.03234533220529556,0.9976372163150239,0,0,157.3115234375,0.6248787307545048,0.08903930134023916,0.3983825445175171,151552,0,0,0.9883977868189339,0.0693206439715001,1.2477877350680953,"[37, 4096]",0.979221653293919,0.03610096871852875,0.9975714861604519,0,0,85.86785888671875,0.5233765257604397,0.08148341287417767,0.3620755672454834,94208,0,0,0.998059968888306,"{""min"": 0.963293790277183, ""p1"": 0.9706418955572763, ""p5"": 0.9968232029189285, ""p25"": 0.9985525137915434, ""median"": 0.9990114818882843, ""p75"": 0.9992020471436718, ""p95"": 0.9993890415405574, ""p99"": 0.9994043092085382, ""max"": 0.9994054152756606}",0.06965176677588927,0.8967456787347958,"[23, 4096]",0.9813179347826086
O0_vs_O3q,A057,1.0,0,0,0.0,0.0,0.0,0.0,135168,0,0,0.0,0.0,0.0,"[33, 4096]",1.0,0.031257398426532745,0.997562066358706,0,0,157.3115234375,0.6502622260295263,0.09131065160089095,0.40489447116851807,135168,0,0,0.9876621798533487,0.07048355492572224,1.3067882558939112,"[33, 4096]",0.9785452178030303,0.03500205650925636,0.9972748256257967,0,0,85.86785888671875,0.5460947638709369,0.08383767628140204,0.36328303813934326,77824,0,0,0.9974091683806912,"{""min"": 0.963293790277183, ""p1"": 0.9693058764154411, ""p5"": 0.9933542209684737, ""p25"": 0.9984912518358298, ""median"": 0.9987689102412817, ""p75"": 0.9991886483254078, ""p95"": 0.9994530962241294, ""p99"": 0.99946518699702, ""max"": 0.9994682096902427}",0.07377628494992045,0.9525981401845411,"[19, 4096]",0.9805843955592105
O0_vs_O3q,A058,0.9999999999999998,0,0,0.0,0.0,0.0,0.0,135168,0,0,0.0,0.0,0.0,"[33, 4096]",1.0,0.03143495321273804,0.9975222259572444,0,0,157.3115234375,0.6414255736943949,0.09125012463797234,0.39944005012512207,135168,0,0,0.9882234847946295,0.07096390144653733,1.2967046058696694,"[33, 4096]",0.9783158735795454,0.03531044349074364,0.9971218327900075,0,0,85.86785888671875,0.5307468940257087,0.08373255050370132,0.35598790645599365,77824,0,0,1.0006681561243513,"{""min"": 0.963293790277183, ""p1"": 0.9693058764154411, ""p5"": 0.9933542209684737, ""p25"": 0.9984717947725761, ""median"": 0.9990657094646238, ""p75"": 0.9991784083260549, ""p95"": 0.9993472305550694, ""p99"": 0.9993719473823734, ""max"": 0.9993781265891994}",0.07589879434278513,0.9283568296115821,"[19, 4096]",0.9801860608552632
O0_vs_O3q,A059,1.0000000000000002,0,0,0.0,0.0,0.0,0.0,143360,0,0,0.0,0.0,0.0,"[35, 4096]",1.0,0.03134068101644516,0.99754488179315,0,0,157.3115234375,0.6307806886805338,0.09203321931351717,0.39520835876464844,143360,0,0,0.9882089492469912,0.07064961744268529,1.2718783919142824,"[35, 4096]",0.9783272879464285,0.0347842276096344,0.9972349540451981,0,0,85.86785888671875,0.5235462456377198,0.08575366773763515,0.35427188873291016,86016,0,0,0.9993475320774828,"{""min"": 0.963293790277183, ""p1"": 0.9699738859863587, ""p5"": 0.9966942688230616, ""p25"": 0.9985617894670601, ""median"": 0.9988548382337307, ""p75"": 0.9991714529895999, ""p95"": 0.9993386568900359, ""p99"": 0.9994085079116317, ""max"": 0.9994259706670306}",0.07434318675181371,0.9130295108444438,"[21, 4096]",0.9800269717261905
O0_vs_O3q,A060,1.0000000000000002,0,0,0.0,0.0,0.0,0.0,139264,0,0,0.0,0.0,0.0,"[34, 4096]",1.0,0.031838808208703995,0.997607830946839,0,0,157.3115234375,0.6391610327160004,0.09065802561344358,0.3987913131713867,139264,0,0,0.9874628824238577,0.06986798704755488,1.2866121124432337,"[34, 4096]",0.9784222771139706,0.03580322116613388,0.9974377110293962,0,0,85.86785888671875,0.5324311083458724,0.08310186086871596,0.3559408187866211,81920,0,0,0.9961917006269184,"{""min"": 0.963293790277183, ""p1"": 0.9696398812009, ""p5"": 0.9950242448957677, ""p25"": 0.9986022311452578, ""median"": 0.9989778132813864, ""p75"": 0.9992870698192081, ""p95"": 0.9994246165653723, ""p99"": 0.999492521171257, ""max"": 0.9995094973227281}",0.07155113666715088,0.9265547165601004,"[20, 4096]",0.9802734375
O0_vs_O3q,A061,0.9999999999999998,0,0,0.0,0.0,0.0,0.0,159744,0,0,0.0,0.0,0.0,"[39, 4096]",1.0,0.032220304012298584,0.9976734026359073,0,0,157.3115234375,0.611601040899423,0.08917061748548684,0.3887193202972412,159744,0,0,0.9874097740368701,0.06894290206330324,1.2275736903351713,"[39, 4096]",0.9793356870993589,0.03560546785593033,0.9976563463745858,0,0,85.86785888671875,0.5107835059860372,0.082292737138049,0.35111474990844727,102400,0,0,0.9943022618228988,"{""min"": 0.963293790277183, ""p1"": 0.9713099051281938, ""p5"": 0.9969195801140687, ""p25"": 0.9984922492020869, ""median"": 0.998905179726336, ""p75"": 0.9991447717469825, ""p95"": 0.9994155513598953, ""p99"": 0.999451516038161, ""max"": 0.9994568026889401}",0.06850594442596203,0.8867472593790172,"[25, 4096]",0.981328125
O0_vs_O3q,A062,1.0,0,0,0.0,0.0,0.0,0.0,151552,0,0,0.0,0.0,0.0,"[37, 4096]",1.0,0.03167229890823364,0.9976461915287295,0,0,157.3115234375,0.621248151140822,0.08994876914513404,0.3937336206436157,151552,0,0,0.9877533801948567,0.06928162991954377,1.2511176248582736,"[37, 4096]",0.9792150548986487,0.035018257796764374,0.9975816731213593,0,0,85.86785888671875,0.5175360281210368,0.08294646977770422,0.3546171188354492,94208,0,0,0.9958868980391898,"{""min"": 0.963293790277183, ""p1"": 0.9706418955572763, ""p5"": 0.996814670521382, ""p25"": 0.9985080226147052, ""median"": 0.9990202976117496, ""p75"": 0.9992346240832306, ""p95"": 0.9994049282194375, ""p99"": 0.9995036814017431, ""max"": 0.9995294579841499}",0.06952465544660187,0.9041785756439472,"[23, 4096]",0.981307319972826
O0_vs_O3q,A063,1.0,0,0,0.0,0.0,0.0,0.0,135168,0,0,0.0,0.0,0.0,"[33, 4096]",1.0,0.03076171875,0.9975188185641928,0,0,157.3115234375,0.6447394503522832,0.09215753289544983,0.4023153781890869,135168,0,0,0.987722825496565,0.07107860501218766,1.3045807064806803,"[33, 4096]",0.9780569365530303,0.034141138195991516,0.9970976189952734,0,0,85.86785888671875,0.5365025745367779,0.08530857537195165,0.3596820831298828,77824,0,0,0.9983836822582417,"{""min"": 0.963293790277183, ""p1"": 0.9693058764154411, ""p5"": 0.9933542209684737, ""p25"": 0.9985132021698466, ""median"": 0.9989524599817822, ""p75"": 0.999108401543501, ""p95"": 0.9992731485435102, ""p99"": 0.9993255552207307, ""max"": 0.9993386568900359}",0.07614454775407639,0.9473282418492166,"[19, 4096]",0.979736328125
O0_vs_O3q,A064,1.0000000000000002,0,0,0.0,0.0,0.0,0.0,126976,0,0,0.0,0.0,0.0,"[31, 4096]",1.0,0.030793221667408943,0.9974947600423154,0,0,157.3115234375,0.6587025701641499,0.09261793904342859,0.40685462951660156,126976,0,0,0.9874283186369369,0.07145304003814637,1.3329273314350105,"[31, 4096]",0.9782636088709677,0.03459616377949715,0.9969403877127107,0,0,85.86785888671875,0.5492309840977695,0.08534237981550138,0.3628120422363281,69632,0,0,0.9985159304012186,"{""min"": 0.963293790277183, ""p1"": 0.9686378668445236, ""p5"": 0.9900141731138858, ""p25"": 0.9983067717056693, ""median"": 0.999008207856087, ""p75"": 0.999283931160189, ""p95"": 0.9993804394576619, ""p99"": 0.999391208303204, ""max"": 0.9993939005145895}",0.07818149194018818,0.9690814785438294,"[17, 4096]",0.9803107766544118
O0_vs_O3q,A065,1.0000000000000002,0,0,0.0,0.0,0.0,0.0,143360,0,0,0.0,0.0,0.0,"[35, 4096]",1.0,0.03087332658469677,0.9975715811991596,0,0,157.3115234375,0.6295518438694542,0.09119165968561348,0.3949108123779297,143360,0,0,0.9873478524940471,0.07039506383578852,1.2749704773976196,"[35, 4096]",0.9785505022321429,0.0340053029358387,0.9973073996133879,0,0,85.86785888671875,0.5214981709525871,0.08435106835779566,0.3520052433013916,86016,0,0,0.9959233580949287,"{""min"": 0.963293790277183, ""p1"": 0.9699738859863587, ""p5"": 0.9966942688230616, ""p25"": 0.998381331834959, ""median"": 0.9988388516969212, ""p75"": 0.9990974529087461, ""p95"": 0.9994327137908321, ""p99"": 0.999508942481746, ""max"": 0.9995279996544745}",0.07334757151608687,0.9201891173564629,"[21, 4096]",0.9803989955357143
O0_vs_O3q,A066,1.0,0,0,0.0,0.0,0.0,0.0,151552,0,0,0.0,0.0,0.0,"[37, 4096]",1.0,0.03192303702235222,0.9977105666576798,0,0,157.3115234375,0.6215846554365959,0.08929062176684906,0.3967742919921875,151552,0,0,0.988968293094457,0.06819129362803036,1.2411846245175988,"[37, 4096]",0.9794525971283784,0.035421621054410934,0.9978074681766549,0,0,85.86785888671875,0.5180773611185863,0.08188771095176749,0.3605022430419922,94208,0,0,0.9991214095094749,"{""min"": 0.963293790277183, ""p1"": 0.9706418955572763, ""p5"": 0.9968173913870946, ""p25"": 0.9986548110802134, ""median"": 0.9991159514105223, ""p75"": 0.9993542408173015, ""p95"": 0.9994693559871112, ""p99"": 0.9995740748978936, ""max"": 0.9996018937283265}",0.06619654743807082,0.8818809240486968,"[23, 4096]",0.981689453125
O0_vs_O3q,A067,1.0,0,0,0.0,0.0,0.0,0.0,139264,0,0,0.0,0.0,0.0,"[34, 4096]",1.0,0.03025907650589943,0.9975675735280696,0,0,157.3115234375,0.6296296003100077,0.09200298639043379,0.390106201171875,139264,0,0,0.9874046837681126,0.0704430306956821,1.2824089805812116,"[34, 4096]",0.9785371668198529,0.03311767429113388,0.997279609479017,0,0,85.86785888671875,0.5162276732556847,0.08538829418959931,0.344535231590271,81920,0,0,0.9967161372015759,"{""min"": 0.963293790277183, ""p1"": 0.9696398812009, ""p5"": 0.9950242448957677, ""p25"": 0.9985704831242184, ""median"": 0.9989374546184366, ""p75"": 0.9991540539972219, ""p95"": 0.9994971110447295, ""p99"": 0.9995160754377315, ""max"": 0.999520816535982}",0.0737136216610434,0.916595414718109,"[20, 4096]",0.98046875
O0_vs_O3q,A068,1.0,0,0,0.0,0.0,0.0,0.0,131072,0,0,0.0,0.0,0.0,"[32, 4096]",1.0,0.03035736083984375,0.9975104585208573,0,0,157.3115234375,0.6536879385460566,0.09246439088698959,0.4068145751953125,131072,0,0,0.9876877532925987,0.07119951319714432,1.319847249905662,"[32, 4096]",0.9782867431640625,0.0336100272834301,0.9970485410338847,0,0,85.86785888671875,0.5463978382248469,0.08547360305005022,0.3644876480102539,73728,0,0,0.9987015555459385,"{""min"": 0.963293790277183, ""p1"": 0.9689718716299823, ""p5"": 0.9916841970411798, ""p25"": 0.9985550560124845, ""median"": 0.9989005205317374, ""p75"": 0.9990961341919317, ""p95"": 0.9993417176085232, ""p99"": 0.9993555928656659, ""max"": 0.9993590616799516}",0.07679153129856589,0.9612308234225545,"[18, 4096]",0.9802381727430556
O0_vs_O3q,A069,1.0000000000000002,0,0,0.0,0.0,0.0,0.0,139264,0,0,0.0,0.0,0.0,"[34, 4096]",1.0,0.030948415398597717,0.9975858528909304,0,0,157.3115234375,0.6430500681142749,0.09179527738119397,0.40803611278533936,139264,0,0,0.9878728652559565,0.07011995608008485,1.2900429864254646,"[34, 4096]",0.9783145680147058,0.03428955003619194,0.9973751312741377,0,0,85.86785888671875,0.5390424685229391,0.08503518887389161,0.37020349502563477,81920,0,0,0.9976507106962698,"{""min"": 0.963293790277183, ""p1"": 0.9696398812009, ""p5"": 0.9950242448957677, ""p25"": 0.9985653328859135, ""median"": 0.9989675707303171, ""p75"": 0.9990853128305394, ""p95"": 0.9993912529281841, ""p99"": 0.9995378756253221, ""max"": 0.9995745312996067}",0.07240803449835118,0.934629309928585,"[20, 4096]",0.98009033203125
O0_vs_O3q,A070,1.0000000000000002,0,0,0.0,0.0,0.0,0.0,131072,0,0,0.0,0.0,0.0,"[32, 4096]",1.0,0.030303955078125,0.9975221839510946,0,0,157.3115234375,0.650414798725933,0.09303770258329613,0.4031188488006592,131072,0,0,0.9884395592585125,0.07093649693032482,1.3149999672696318,"[32, 4096]",0.9779586791992188,0.0335150808095932,0.9971303190016005,0,0,85.86785888671875,0.5405789229890716,0.0864928238434841,0.3595893383026123,73728,0,0,1.0015951550386797,"{""min"": 0.963293790277183, ""p1"": 0.9689718716299823, ""p5"": 0.9916841970411798, ""p25"": 0.9984369919511092, ""median"": 0.9990189485370937, ""p75"": 0.9992872019424907, ""p95"": 0.9993627976685643, ""p99"": 0.9994722358645597, ""max"": 0.9994995954135585}",0.07583575468474135,0.9493467155217796,"[18, 4096]",0.9796549479166666
O0_vs_O3q,A071,1.0,0,0,0.0,0.0,0.0,0.0,323584,0,0,0.0,0.0,0.0,"[79, 4096]",1.0,0.03577432781457901,0.9980176710737809,0,0,157.3115234375,0.4735605121257414,0.07969494682265295,0.3256314992904663,323584,0,0,0.9920427513020511,0.06321730689254544,0.9125500864077067,"[79, 4096]",0.9824156942246836,0.037841796875,0.9983903900549602,0,0,85.86785888671875,0.40505273096164623,0.07500869454625878,0.30443429946899414,266240,0,0,1.0000516730735025,"{""min"": 0.963293790277183, ""p1"": 0.9846700965465452, ""p5"": 0.9976876402266688, ""p25"": 0.9988301247631416, ""median"": 0.9990609340613666, ""p75"": 0.9992049244425484, ""p95"": 0.999472407299022, ""p99"": 0.999567722310635, ""max"": 0.9996427157101572}",0.056739659032927846,0.6406070830259722,"[65, 4096]",0.9838454026442308
O0_vs_O3q,A072,1.0,0,0,0.0,0.0,0.0,0.0,221184,0,0,0.0,0.0,0.0,"[54, 4096]",1.0,0.034577544778585434,0.9978492874279957,0,0,157.3115234375,0.5343868448552106,0.0838222706209712,0.3518071174621582,221184,0,0,0.9901800903122853,0.06599709208625866,1.0610303097189993,"[54, 4096]",0.9809615523726852,0.03751831129193306,0.9981236906991006,0,0,85.86785888671875,0.4443509169188701,0.07765167400124207,0.3199934959411621,163840,0,0,0.9990497806860306,"{""min"": 0.963293790277183, ""p1"": 0.9763199769100757, ""p5"": 0.9975289587491297, ""p25"": 0.9987960632145814, ""median"": 0.9990776012686349, ""p75"": 0.9992581237555935, ""p95"": 0.9994052920945853, ""p99"": 0.9995264166095376, ""max"": 0.9995771817268799}",0.06123688192478334,0.7362043752785801,"[40, 4096]",0.98277587890625
O0_vs_O3q,A073,0.9999999999999999,0,0,0.0,0.0,0.0,0.0,233472,0,0,0.0,0.0,0.0,"[57, 4096]",1.0,0.034466661512851715,0.9978278290605914,0,0,157.3115234375,0.5302252085242033,0.08297105382243557,0.35749316215515137,233472,0,0,0.9907137326373788,0.06625884031694902,1.036896122034703,"[57, 4096]",0.9812183045504386,0.03716615214943886,0.9980838171083479,0,0,85.86785888671875,0.4451159055919307,0.07695382359060621,0.3298623561859131,176128,0,0,1.000323097485375,"{""min"": 0.963293790277183, ""p1"": 0.977321991266452, ""p5"": 0.9978724496136888, ""p25"": 0.9988024391805552, ""median"": 0.9989605408207554, ""p75"": 0.9991132054422385, ""p95"": 0.999342555030429, ""p99"": 0.9993815865488669, ""max"": 0.9993919748852046}",0.06191694762371227,0.7180597480686881,"[43, 4096]",0.9829896438953488
O0_vs_O3q,A074,0.9999999999999999,0,0,0.0,0.0,0.0,0.0,217088,0,0,0.0,0.0,0.0,"[53, 4096]",1.0,0.03347029909491539,0.9977952864667434,0,0,157.3115234375,0.5543089793003296,0.08473398873570404,0.37030696868896484,217088,0,0,0.9901682474008723,0.06680372766292343,1.0774392024182822,"[53, 4096]",0.9803581957547169,0.03608899191021919,0.9980014516777593,0,0,85.86785888671875,0.4691159732689975,0.07873245511562954,0.34174275398254395,159744,0,0,0.9992893318954038,"{""min"": 0.963293790277183, ""p1"": 0.9759859721246168, ""p5"": 0.997685514046698, ""p25"": 0.9987282100686454, ""median"": 0.9989175421345705, ""p75"": 0.999143560219055, ""p95"": 0.9993165603538613, ""p99"": 0.9994787828539047, ""max"": 0.9995646665091792}",0.06320412236982549,0.758099099766326,"[39, 4096]",0.982002453926282
O0_vs_O3q,A075,1.0000000000000002,0,0,0.0,0.0,0.0,0.0,212992,0,0,0.0,0.0,0.0,"[52, 4096]",1.0,0.03337683901190758,0.9978362610423203,0,0,157.3115234375,0.5514694748398352,0.08451821980697269,0.36549219489097595,212992,0,0,0.9905094414077987,0.06615495775102564,1.0814508390929298,"[52, 4096]",0.9807222806490384,0.03603001683950424,0.9981028026320745,0,0,85.86785888671875,0.4629884143748648,0.0782792572757847,0.336053729057312,155648,0,0,0.9999369403021928,"{""min"": 0.963293790277183, ""p1"": 0.975651967339158, ""p5"": 0.9974508234434787, ""p25"": 0.9988210566862137, ""median"": 0.9990058452784478, ""p75"": 0.9991839464234107, ""p95"": 0.9995069394527233, ""p99"": 0.9996127277268104, ""max"": 0.9996572637168905}",0.061596748607303194,0.7557383251352581,"[38, 4096]",0.9825439453125
O0_vs_O3q,A076,1.0,0,0,0.0,0.0,0.0,0.0,217088,0,0,0.0,0.0,0.0,"[53, 4096]",1.0,0.03340580686926842,0.9978319838336112,0,0,157.3115234375,0.5519144839039791,0.08544970916385576,0.3711071014404297,217088,0,0,0.990476234614311,0.06622264782729716,1.0725525863835472,"[53, 4096]",0.980445717865566,0.03600135073065758,0.9980914237033915,0,0,85.86785888671875,0.46586191542267513,0.07970510082568186,0.3433980941772461,159744,0,0,0.9998461837513166,"{""min"": 0.963293790277183, ""p1"": 0.9759859721246168, ""p5"": 0.9977853867433295, ""p25"": 0.9986946527566298, ""median"": 0.998963354703038, ""p75"": 0.9991720135083737, ""p95"": 0.99938315643176, ""p99"": 0.9994364396537042, ""max"": 0.9994634207269135}",0.06177854896777411,0.7486231427925557,"[39, 4096]",0.9821213942307693
O0_vs_O3q,A077,1.0,0,0,0.0,0.0,0.0,0.0,217088,0,0,0.0,0.0,0.0,"[53, 4096]",1.0,0.03447910398244858,0.9978311313674094,0,0,157.3115234375,0.5318337362124919,0.08385440651661183,0.3474264144897461,217088,0,0,0.9896461639939764,0.0663326990626695,1.067289804440769,"[53, 4096]",0.980712890625,0.03745993599295616,0.9980811388172972,0,0,85.86785888671875,0.4385726942009103,0.07753712543327348,0.31467580795288086,159744,0,0,0.9981164998272836,"{""min"": 0.963293790277183, ""p1"": 0.9759859721246168, ""p5"": 0.9977163313679822, ""p25"": 0.99882158444237, ""median"": 0.9991061413676223, ""p75"": 0.9992372705755068, ""p95"": 0.999415986458523, ""p99"": 0.9994920913728881, ""max"": 0.999506816623235}",0.06191963814145017,0.7383308795577791,"[39, 4096]",0.9824844751602564
O0_vs_O3q,A078,0.9999999999999999,0,0,0.0,0.0,0.0,0.0,204800,0,0,0.0,0.0,0.0,"[50, 4096]",1.0,0.03328125178813934,0.9978102070826756,0,0,157.3115234375,0.5521447720721335,0.08489011415253989,0.3622407913208008,204800,0,0,0.9900452204927088,0.06659643878143864,1.094246631084772,"[50, 4096]",0.9801953125,0.0360446497797966,0.9980494406675147,0,0,85.86785888671875,0.4590107127272252,0.07844916817067313,0.32999420166015625,147456,0,0,0.9994710728601895,"{""min"": 0.963293790277183, ""p1"": 0.9749839577682405, ""p5"": 0.9976113722074009, ""p25"": 0.9987021164131549, ""median"": 0.9990036333977167, ""p75"": 0.9992065519736556, ""p95"": 0.999487065103978, ""p99"": 0.9995537965991192, ""max"": 0.9995793937508239}",0.06244465566686102,0.7593171747897043,"[36, 4096]",0.9819132486979166
O0_vs_O3q,A079,1.0000000000000002,0,0,0.0,0.0,0.0,0.0,208896,0,0,0.0,0.0,0.0,"[51, 4096]",1.0,0.03278664872050285,0.9978456506918517,0,0,157.3115234375,0.5633826993863277,0.08587073590847044,0.3737337589263916,208896,0,0,0.9888628221929102,0.06621743428431673,1.1023179209661957,"[51, 4096]",0.9803777956495098,0.03528821840882301,0.9980825512143054,0,0,85.86785888671875,0.47701796549394987,0.07997491561754673,0.3450198173522949,151552,0,0,0.9956880703642234,"{""min"": 0.963293790277183, ""p1"": 0.9753179625536993, ""p5"": 0.9976772158030728, ""p25"": 0.9986995313619561, ""median"": 0.998889473046927, ""p75"": 0.9991650097360952, ""p95"": 0.9994712684960393, ""p99"": 0.9996264129337938, ""max"": 0.9996670212705786}",0.06194315539334832,0.7859890111763417,"[37, 4096]",0.9821183488175675
O0_vs_O3q,A080,1.0000000000000002,0,0,0.0,0.0,0.0,0.0,200704,0,0,0.0,0.0,0.0,"[49, 4096]",1.0,0.031957510858774185,0.9976958236193171,0,0,157.3115234375,0.5524120517790407,0.08677346502026645,0.3614380359649658,200704,0,0,0.9898044002528815,0.0683031338616375,1.0988908756091937,"[49, 4096]",0.9797761878188775,0.03427036851644516,0.9977761173579834,0,0,85.86785888671875,0.4567239311927551,0.08090183235743695,0.32865381240844727,143360,0,0,1.0004974855187836,"{""min"": 0.963293790277183, ""p1"": 0.9746499529827817, ""p5"": 0.9974257882725412, ""p25"": 0.9986966723759299, ""median"": 0.998867395108078, ""p75"": 0.9991675121035459, ""p95"": 0.9993311861133658, ""p99"": 0.9995506983203115, ""max"": 0.9996599317843928}",0.06671001030351158,0.757023584758918,"[35, 4096]",0.9813755580357143
O0_vs_O3q,A081,1.0000000000000002,0,0,0.0,0.0,0.0,0.0,163840,0,0,0.0,0.0,0.0,"[40, 4096]",1.0,0.03277587890625,0.9977096106075063,0,0,157.3115234375,0.5945360939676902,0.08765897102094858,0.3768186569213867,163840,0,0,0.9884108911930044,0.06827883335389016,1.2007981637323728,"[40, 4096]",0.9798583984375,0.036330003291368484,0.997785470483589,0,0,85.86785888671875,0.48840733897234784,0.08023166105212234,0.33670079708099365,106496,0,0,0.9972193716953863,"{""min"": 0.963293790277183, ""p1"": 0.9716439099136527, ""p5"": 0.9969523357871111, ""p25"": 0.9986174452960526, ""median"": 0.999078822801183, ""p75"": 0.9993162106811376, ""p95"": 0.9993983381687688, ""p99"": 0.999492371886051, ""max"": 0.9995230211863682}",0.06651672992323537,0.8449878767542978,"[26, 4096]",0.9820556640625
O0_vs_O3q,A082,1.0,0,0,0.0,0.0,0.0,0.0,167936,0,0,0.0,0.0,0.0,"[41, 4096]",1.0,0.03516815975308418,0.9980420114959954,0,0,157.3115234375,0.6047821790895197,0.0861102020302788,0.3927946090698242,167936,0,0,0.9895465093219816,0.0631214452164735,1.197001888911365,"[41, 4096]",0.9799626048018293,0.03983109071850777,0.9985062199240952,0,0,85.86785888671875,0.50789690360162,0.07815491221328406,0.35944318771362305,110592,0,0,0.9965796693983451,"{""min"": 0.963293790277183, ""p1"": 0.9719779146991114, ""p5"": 0.9970298740034329, ""p25"": 0.9987434944755187, ""median"": 0.9991346471406893, ""p75"": 0.9993483704532016, ""p95"": 0.9997118537671201, ""p99"": 0.9998109322569979, ""max"": 0.9998429093760179}",0.05467211693197027,0.8527259668336862,"[27, 4096]",0.9821325231481481
O0_vs_O3q,A083,0.9999999999999999,0,0,0.0,0.0,0.0,0.0,172032,0,0,0.0,0.0,0.0,"[42, 4096]",1.0,0.0328078493475914,0.9978017410957433,0,0,157.3115234375,0.597592795920242,0.08692814578348185,0.3862919807434082,172032,0,0,0.9882072630026509,0.06696073085160857,1.1904264987908646,"[42, 4096]",0.9800153459821429,0.0361240915954113,0.9980008886965496,0,0,85.86785888671875,0.5005730172579855,0.07966594533655269,0.35107994079589844,114688,0,0,0.9951390697024856,"{""min"": 0.963293790277183, ""p1"": 0.9723119194845702, ""p5"": 0.9971076813099983, ""p25"": 0.9986105498346056, ""median"": 0.9989091238089662, ""p75"": 0.9992329425264175, ""p95"": 0.999475694589977, ""p99"": 0.999536397416522, ""max"": 0.9995485005307965}",0.06326465181167044,0.8536959262622562,"[28, 4096]",0.9821341378348214
O0_vs_O3q,A084,1.0000000000000002,0,0,0.0,0.0,0.0,0.0,159744,0,0,0.0,0.0,0.0,"[39, 4096]",1.0,0.032733622938394547,0.9977185543490609,0,0,157.3115234375,0.6018812783669347,0.08781831805132877,0.38327765464782715,159744,0,0,0.9883953684306593,0.06815136171265783,1.209334283403955,"[39, 4096]",0.9796486879006411,0.036406248807907104,0.9978141332891354,0,0,85.86785888671875,0.49562067643535557,0.08018315002076237,0.3448176383972168,102400,0,0,0.9973685644414241,"{""min"": 0.963293790277183, ""p1"": 0.9713099051281938, ""p5"": 0.9969636600121482, ""p25"": 0.9987431864929301, ""median"": 0.9991016971137496, ""p75"": 0.9993154690473276, ""p95"": 0.9994606129254187, ""p99"": 0.9994834860573056, ""max"": 0.9994898224774295}",0.0660844455227544,0.8467480158610055,"[25, 4096]",0.98181640625
O0_vs_O3q,A085,1.0000000000000002,0,0,0.0,0.0,0.0,0.0,159744,0,0,0.0,0.0,0.0,"[39, 4096]",1.0,0.032383061945438385,0.9978925977561376,0,0,157.3115234375,0.6136700073019687,0.08826845975589681,0.39472317695617676,159744,0,0,0.9887114221451048,0.06553363509762214,1.2213868987370884,"[39, 4096]",0.9799366486378205,0.035859376192092896,0.9982258192101058,0,0,85.86785888671875,0.5140110935740085,0.08088537107988854,0.358803391456604,102400,0,0,0.9960511090789378,"{""min"": 0.963293790277183, ""p1"": 0.9713099051281938, ""p5"": 0.9969704073796365, ""p25"": 0.9987476532847208, ""median"": 0.999245466288428, ""p75"": 0.9994099744785587, ""p95"": 0.9995433354602293, ""p99"": 0.9995683596849407, ""max"": 0.9995701427072059}",0.059581400004264796,0.8733182789187711,"[25, 4096]",0.982265625
O0_vs_O3q,A086,1.0000000000000002,0,0,0.0,0.0,0.0,0.0,147456,0,0,0.0,0.0,0.0,"[36, 4096]",1.0,0.0335557721555233,0.9977950599777169,0,0,157.3115234375,0.6162986656736393,0.08851799949422856,0.38483667373657227,147456,0,0,0.9876319787989342,0.06714392379887808,1.253103561602548,"[36, 4096]",0.9796346028645834,0.03825239837169647,0.9980076649615889,0,0,85.86785888671875,0.5047226826738386,0.08028692401406662,0.34063005447387695,90112,0,0,0.9946619001385033,"{""min"": 0.963293790277183, ""p1"": 0.9703078907718174, ""p5"": 0.9967659407954423, ""p25"": 0.9987108705672557, ""median"": 0.9992143008975737, ""p75"": 0.9994750890395844, ""p95"": 0.9995745138646303, ""p99"": 0.9996766754053384, ""max"": 0.9997035547032264}",0.06318144363789908,0.8897684940763394,"[22, 4096]",0.9820889559659091
O0_vs_O3q,A087,1.0000000000000002,0,0,0.0,0.0,0.0,0.0,147456,0,0,0.0,0.0,0.0,"[36, 4096]",1.0,0.0322333425283432,0.997703755119318,0,0,157.3115234375,0.6435135322702384,0.09065320682527823,0.4067397117614746,147456,0,0,0.9871320230504311,0.06854909583464704,1.280593808463737,"[36, 4096]",0.9786919487847222,0.03608842194080353,0.997737353546367,0,0,85.86785888671875,0.5492561007410007,0.08378089964669337,0.37152111530303955,90112,0,0,0.9932001753696454,"{""min"": 0.963293790277183, ""p1"": 0.9703078907718174, ""p5"": 0.9967565734503377, ""p25"": 0.9984014435034916, ""median"": 0.9990160641272835, ""p75"": 0.999220864605629, ""p95"": 0.9993385444747884, ""p99"": 0.99939997041138, ""max"": 0.9994162689423701}",0.06738515655617912,0.9516637629437881,"[22, 4096]",0.9805464311079546
O0_vs_O3q,A088,1.0000000000000002,0,0,0.0,0.0,0.0,0.0,155648,0,0,0.0,0.0,0.0,"[38, 4096]",1.0,0.031629059463739395,0.9977150616548691,0,0,157.3115234375,0.6015492195436692,0.08954733833323159,0.37654924392700195,155648,0,0,0.9880263137623385,0.06825340711455648,1.2208387328546788,"[38, 4096]",0.9791516755756579,0.0348103828728199,0.9977978265360674,0,0,85.86785888671875,0.4906673915513693,0.0826026334658349,0.3335615396499634,98304,0,0,0.9965267105322885,"{""min"": 0.963293790277183, ""p1"": 0.9709759003427351, ""p5"": 0.9968557362711624, ""p25"": 0.9987323860065688, ""median"": 0.9991160416247031, ""p75"": 0.9992364088012968, ""p95"": 0.9996645048934772, ""p99"": 0.9997227597274755, ""max"": 0.9997252108195267}",0.06634088555178975,0.8545091707557396,"[24, 4096]",0.9811197916666666
O0_vs_O3q,A089,1.0,0,0,0.0,0.0,0.0,0.0,163840,0,0,0.0,0.0,0.0,"[40, 4096]",1.0,0.033782958984375,0.9978051842820688,0,0,157.3115234375,0.6087848347017826,0.08658546458683769,0.39134645462036133,163840,0,0,0.9891040071744092,0.0667871597156611,1.212792067119118,"[40, 4096]",0.979901123046875,0.03787935525178909,0.9980315301122843,0,0,85.86785888671875,0.510328478563259,0.07858011269195174,0.35608991980552673,106496,0,0,0.9975957561532981,"{""min"": 0.963293790277183, ""p1"": 0.9716439099136527, ""p5"": 0.9970025367841249, ""p25"": 0.9987202943613755, ""median"": 0.9990473814692898, ""p75"": 0.9992412028691976, ""p95"": 0.9994005740314961, ""p99"": 0.9994660782171412, ""max"": 0.9994833739659679}",0.06271566630974545,0.8709422843671658,"[26, 4096]",0.9821213942307693
O0_vs_O3q,A090,1.0000000000000002,0,0,0.0,0.0,0.0,0.0,176128,0,0,0.0,0.0,0.0,"[43, 4096]",1.0,0.03270348906517029,0.997880595053179,0,0,157.3115234375,0.5982303171112594,0.08713282162722583,0.3895721435546875,176128,0,0,0.9868384375711864,0.06600187314136824,1.190113220752626,"[43, 4096]",0.9798328488372093,0.0358549989759922,0.9981467217683903,0,0,85.86785888671875,0.5048638169088824,0.08021985091337752,0.35867857933044434,118784,0,0,0.9910184044798637,"{""min"": 0.963293790277183, ""p1"": 0.9726459242700289, ""p5"": 0.9972370907428749, ""p25"": 0.9986995313619561, ""median"": 0.9990781110285856, ""p75"": 0.9992327781519494, ""p95"": 0.9993633165812679, ""p99"": 0.9995596458458276, ""max"": 0.9996296028620962}",0.06126936208565468,0.866848347523485,"[29, 4096]",0.9817904768318966
O0_vs_O3q,A091,0.9999999999999998,0,0,0.0,0.0,0.0,0.0,147456,0,0,0.0,0.0,0.0,"[36, 4096]",1.0,0.0308091901242733,0.9975571148114158,0,0,157.3115234375,0.621953547522076,0.09137573723177601,0.38746947050094604,147456,0,0,0.9865108051385002,0.07072357207122956,1.2608523401871496,"[36, 4096]",0.9789021809895834,0.03375798836350441,0.9972309584453161,0,0,85.86785888671875,0.5139761256985532,0.08496322213005338,0.3452262878417969,90112,0,0,0.9931157186958574,"{""min"": 0.963293790277183, ""p1"": 0.9703078907718174, ""p5"": 0.9967532415849691, ""p25"": 0.9984768665950139, ""median"": 0.9987106515428836, ""p75"": 0.9989731823436904, ""p95"": 0.999239367951092, ""p99"": 0.9994806175975247, ""max"": 0.9995447278362438}",0.0744805391792507,0.9075045344910111,"[22, 4096]",0.9808904474431818
O0_vs_O3q,A092,1.0,0,0,0.0,0.0,0.0,0.0,196608,0,0,0.0,0.0,0.0,"[48, 4096]",1.0,0.0326080322265625,0.9977054170946088,0,0,157.3115234375,0.5522790212047539,0.08605247794211203,0.3573932647705078,196608,0,0,0.98823323210329,0.06836390120951143,1.1112177770067375,"[48, 4096]",0.9801228841145834,0.035256776958703995,0.9977620721844852,0,0,85.86785888671875,0.4537217668353418,0.0797112731687828,0.32209086418151855,139264,0,0,0.9961193413212,"{""min"": 0.963293790277183, ""p1"": 0.9743159481973229, ""p5"": 0.9973719401156779, ""p25"": 0.9986531915466392, ""median"": 0.9989859648814732, ""p75"": 0.999169136366826, ""p95"": 0.9992969983552652, ""p99"": 0.9994781604067625, ""max"": 0.9995447278362438}",0.06688457127628075,0.769990557780185,"[34, 4096]",0.9819120519301471
O0_vs_O3q,A093,1.0000000000000002,0,0,0.0,0.0,0.0,0.0,151552,0,0,0.0,0.0,0.0,"[37, 4096]",1.0,0.03129618987441063,0.9976051434532911,0,0,157.3115234375,0.6064838197478919,0.09031693543908159,0.37361645698547363,151552,0,0,0.9871674453286488,0.06994943386246359,1.2387435811061784,"[37, 4096]",0.978687183277027,0.03441321477293968,0.9974230981039585,0,0,85.86785888671875,0.4937847124019754,0.08353873729405462,0.3277096748352051,94208,0,0,0.9950122034173939,"{""min"": 0.963293790277183, ""p1"": 0.9706418955572763, ""p5"": 0.996816835067139, ""p25"": 0.9986276345857131, ""median"": 0.9989403179016895, ""p75"": 0.9992626280020238, ""p95"": 0.9994680566487615, ""p99"": 0.9995290588086306, ""max"": 0.9995461186790522}",0.0717842307327417,0.8763421388029234,"[23, 4096]",0.9804581351902174
O0_vs_O3q,A094,0.9999999999999999,0,0,0.0,0.0,0.0,0.0,155648,0,0,0.0,0.0,0.0,"[38, 4096]",1.0,0.03250282630324364,0.9976280955137427,0,0,157.3115234375,0.5968712471948924,0.08885821579168297,0.3711988925933838,155648,0,0,0.9871005799340878,0.06963484491189001,1.2225147601613038,"[38, 4096]",0.9793187191611842,0.03619384765625,0.9975014454142124,0,0,85.86785888671875,0.4832606019991393,0.0815115227750496,0.32592153549194336,98304,0,0,0.9945526268955732,"{""min"": 0.963293790277183, ""p1"": 0.9709759003427351, ""p5"": 0.9968804924676098, ""p25"": 0.9986922700739238, ""median"": 0.999041617165269, ""p75"": 0.9992105526160713, ""p95"": 0.9993951252045854, ""p99"": 0.9995383314348415, ""max"": 0.999578553787828}",0.0707075804084217,0.8582947478952357,"[24, 4096]",0.98138427734375
O0_vs_O3q,A095,0.9999999999999999,0,0,0.0,0.0,0.0,0.0,192512,0,0,0.0,0.0,0.0,"[47, 4096]",1.0,0.031899310648441315,0.9977702655870847,0,0,157.3115234375,0.5689822170015759,0.08713712138015606,0.37182921171188354,192512,0,0,0.9884293674456462,0.06739250320597763,1.1300821452372993,"[47, 4096]",0.979486993018617,0.03432765230536461,0.9979256428976944,0,0,85.86785888671875,0.47452458344386367,0.08106391064801736,0.33963584899902344,135168,0,0,0.9957974945852542,"{""min"": 0.963293790277183, ""p1"": 0.9739819434118642, ""p5"": 0.9973805553314607, ""p25"": 0.9986538644490534, ""median"": 0.998828289497256, ""p75"": 0.9992557948905932, ""p95"": 0.9994816296508604, ""p99"": 0.9995387982256863, ""max"": 0.9995447278362438}",0.06441226795000853,0.79602219193479,"[33, 4096]",0.9810606060606061
O0_vs_O3q,A096,1.0,0,0,0.0,0.0,0.0,0.0,151552,0,0,0.0,0.0,0.0,"[37, 4096]",1.0,0.03115762211382389,0.9976421493912845,0,0,157.3115234375,0.6072027109590095,0.08979833684366008,0.3763008117675781,151552,0,0,0.9872615087656612,0.06941109030793775,1.2382275591323686,"[37, 4096]",0.9788059543918919,0.03419030085206032,0.9975528235771702,0,0,85.86785888671875,0.4949411895676863,0.08270446998837654,0.3317902088165283,94208,0,0,0.9949465338644526,"{""min"": 0.963293790277183, ""p1"": 0.9706418955572763, ""p5"": 0.9968139797641452, ""p25"": 0.9987146711322222, ""median"": 0.9989970247287563, ""p75"": 0.9992465354133331, ""p95"": 0.9994523380971057, ""p99"": 0.9995281348984736, ""max"": 0.9995461186790522}",0.06996539801417652,0.8751681868347423,"[23, 4096]",0.9806492017663043
O0_vs_O3q,A097,1.0000000000000002,0,0,0.0,0.0,0.0,0.0,163840,0,0,0.0,0.0,0.0,"[40, 4096]",1.0,0.03123169019818306,0.9976753449792584,0,0,157.3115234375,0.5888060773941106,0.08938778539226318,0.3692953586578369,163840,0,0,0.9861769986748096,0.06910946381108811,1.204825764510946,"[40, 4096]",0.979119873046875,0.033954326063394547,0.9976397276753824,0,0,85.86785888671875,0.4795919288591484,0.08289137546952939,0.3284635543823242,106496,0,0,0.990918419365001,"{""min"": 0.963293790277183, ""p1"": 0.9716439099136527, ""p5"": 0.9969882654944355, ""p25"": 0.9985310348371779, ""median"": 0.9989898495592338, ""p75"": 0.9991815488835812, ""p95"": 0.9994844583442624, ""p99"": 0.9995307335337857, ""max"": 0.9995447278362438}",0.06899383848716176,0.853762555277858,"[26, 4096]",0.9809194711538461
O0_vs_O3q,A098,1.0,0,0,0.0,0.0,0.0,0.0,172032,0,0,0.0,0.0,0.0,"[42, 4096]",1.0,0.0331566222012043,0.9977526102086052,0,0,157.3115234375,0.5771022331617436,0.08631216863182284,0.36458277702331543,172032,0,0,0.987216001857272,0.06782882084678353,1.178917714846773,"[42, 4096]",0.9803466796875,0.0366472527384758,0.9978739031117465,0,0,85.86785888671875,0.4698371731202379,0.07874197960906416,0.3236171007156372,114688,0,0,0.9932686100434113,"{""min"": 0.963293790277183, ""p1"": 0.9723119194845702, ""p5"": 0.9970199750244734, ""p25"": 0.9987453268449016, ""median"": 0.9990745766582994, ""p75"": 0.9992520494016895, ""p95"": 0.9994223617173689, ""p99"": 0.9995383279653058, ""max"": 0.999578553787828}",0.0653366835152646,0.8293939525646804,"[28, 4096]",0.9826311383928571
O0_vs_O3q,A099,1.0,0,0,0.0,0.0,0.0,0.0,176128,0,0,0.0,0.0,0.0,"[43, 4096]",1.0,0.031959712505340576,0.9976980492900198,0,0,157.3115234375,0.5783074168684834,0.08792024420351816,0.3684422969818115,176128,0,0,0.9862232085983847,0.06877699042403577,1.1782851909463616,"[43, 4096]",0.9795376090116279,0.03475215658545494,0.9977071199430999,0,0,85.86785888671875,0.4753229648247662,0.08138740852650062,0.33072662353515625,118784,0,0,0.9905557014027261,"{""min"": 0.963293790277183, ""p1"": 0.9726459242700289, ""p5"": 0.9971598392256062, ""p25"": 0.9985377108791316, ""median"": 0.9988481791132238, ""p75"": 0.9990541184106572, ""p95"": 0.9995049902062305, ""p99"": 0.999560788740979, ""max"": 0.999567034648376}",0.0680561944424247,0.842549000503506,"[29, 4096]",0.9813527074353449
O0_vs_O3q,A100,1.0,0,0,0.0,0.0,0.0,0.0,151552,0,0,0.0,0.0,0.0,"[37, 4096]",1.0,0.03132918104529381,0.9976141584392277,0,0,157.3115234375,0.6008403196964709,0.09081876577768672,0.3719148635864258,151552,0,0,0.9871875495285547,0.06981908804164295,1.2364242889105483,"[37, 4096]",0.9789181271114865,0.03446628898382187,0.9974539174311103,0,0,85.86785888671875,0.4847060384062111,0.08434602957789769,0.3262977600097656,94208,0,0,0.9950801938572843,"{""min"": 0.963293790277183, ""p1"": 0.9706418955572763, ""p5"": 0.9968123104396956, ""p25"": 0.998664330453972, ""median"": 0.9989748139684442, ""p75"": 0.9991848912638364, ""p95"": 0.9994951313500925, ""p99"": 0.9995365590186351, ""max"": 0.9995461186790522}",0.07135346638346647,0.8710571770075907,"[23, 4096]",0.9808296535326086
R0_vs_O3q,A001,1.0,0,0,0.0,0.0,0.0,0.0,122880,0,0,0.0,0.0,0.0,"[30, 4096]",1.0,0.02725423127412796,0.9957075969912712,0,0,329.185546875,0.7397540451738072,0.0995848764051464,0.43817710876464844,122880,0,0,0.9623809288978149,0.09837198839141585,1.9021337442299162,"[30, 4096]",0.9751139322916667,0.0299224853515625,0.991514964777824,0,0,220.02767944335938,0.6565489172760408,0.09508360264446407,0.3938438892364502,65536,0,0,0.9963091196647842,"{""min"": 0.8659539816742694, ""p1"": 0.8854161010256818, ""p5"": 0.9632645784313316, ""p25"": 0.9981941678678419, ""median"": 0.9985614239380941, ""p75"": 0.9990026161224864, ""p95"": 0.9992631213168022, ""p99"": 0.9992994413484513, ""max"": 0.9993085213563636}",0.13008096917962295,1.6236749901485068,"[16, 4096]",0.97607421875
R0_vs_O3q,A002,1.0,0,0,0.0,0.0,0.0,0.0,126976,0,0,0.0,0.0,0.0,"[31, 4096]",1.0,0.02803679369390011,0.9957009973934459,0,0,329.185546875,0.7237745751947167,0.09930045268903091,0.42590761184692383,126976,0,0,0.962428565064197,0.09842041730657794,1.8723250240500082,"[31, 4096]",0.9749637726814516,0.031192556023597717,0.991497830714099,0,0,220.02767944335938,0.632304303072862,0.09482972844217594,0.37795162200927734,69632,0,0,0.9964837798101511,"{""min"": 0.8659539816742694, ""p1"": 0.8867135756491094, ""p5"": 0.9697519515484692, ""p25"": 0.9981352135349277, ""median"": 0.9988045569226679, ""p75"": 0.9990698517256751, ""p95"": 0.9992008093243985, ""p99"": 0.9992069265267037, ""max"": 0.99920845582728}",0.13021870594359308,1.5776261954967101,"[17, 4096]",0.9757439108455882
R0_vs_O3q,A003,1.0,0,0,0.0,0.0,0.0,0.0,122880,0,0,0.0,0.0,0.0,"[30, 4096]",1.0,0.02810058556497097,0.9956464642571689,0,0,329.185546875,0.7342157254103464,0.09975301274135848,0.43222904205322266,122880,0,0,0.9624412378304809,0.09894799277523002,1.8989936043899927,"[30, 4096]",0.9750081380208333,0.0315093994140625,0.9910010897099804,0,0,220.02767944335938,0.646164567719552,0.09539885827486172,0.3871670961380005,65536,0,0,0.9989736319749039,"{""min"": 0.8659539816742694, ""p1"": 0.8854161010256818, ""p5"": 0.9632645784313316, ""p25"": 0.9980350096604207, ""median"": 0.99866382589139, ""p75"": 0.9990688976992876, ""p95"": 0.999214662014779, ""p99"": 0.9992190306990111, ""max"": 0.9992201228700691}",0.1340910199222816,1.61676848673943,"[16, 4096]",0.9758758544921875
R0_vs_O3q,A004,0.9999999999999998,0,0,0.0,0.0,0.0,0.0,131072,0,0,0.0,0.0,0.0,"[32, 4096]",1.0,0.0276031494140625,0.9957478510845121,0,0,329.185546875,0.7289505198140205,0.09907150527441261,0.4389185905456543,131072,0,0,0.9638540922653933,0.09748553180954472,1.8504298999201618,"[32, 4096]",0.9751968383789062,0.0302463099360466,0.9922894497606635,0,0,220.02767944335938,0.6465876641806163,0.09467108438545757,0.40105199813842773,73728,0,0,0.9984378110196506,"{""min"": 0.8659539816742694, ""p1"": 0.8880110502725369, ""p5"": 0.9762393246656067, ""p25"": 0.9981289622104904, ""median"": 0.998770229047617, ""p75"": 0.9990645913377459, ""p95"": 0.9991875486482652, ""p99"": 0.9991912354134861, ""max"": 0.9991921571047914}",0.12409452139337765,1.549348433205781,"[18, 4096]",0.9761149088541666
R0_vs_O3q,A005,1.0,0,0,0.0,0.0,0.0,0.0,131072,0,0,0.0,0.0,0.0,"[32, 4096]",1.0,0.02918243408203125,0.9957826376518714,0,0,329.185546875,0.7192189159610507,0.09788546500223902,0.42846933007240295,131072,0,0,0.9631420885384538,0.09737732794397565,1.850902427358411,"[32, 4096]",0.9757843017578125,0.0330539271235466,0.9923509638476922,0,0,220.02767944335938,0.62928703510867,0.09256256834603785,0.38409000635147095,73728,0,0,0.9952553927937985,"{""min"": 0.8659539816742694, ""p1"": 0.8880110502725369, ""p5"": 0.9762393246656067, ""p25"": 0.9982671027004631, ""median"": 0.9988284131892009, ""p75"": 0.9991221590275623, ""p95"": 0.9993084389885938, ""p99"": 0.9993479567131666, ""max"": 0.9993578361443097}",0.12348279336838541,1.550351530195593,"[18, 4096]",0.9771592881944444
R0_vs_O3q,A006,1.0,0,0,0.0,0.0,0.0,0.0,135168,0,0,0.0,0.0,0.0,"[33, 4096]",1.0,0.028638435527682304,0.9953071692562628,0,0,284.0276794433594,0.7357166468646028,0.09922113380033924,0.44393491744995117,135168,0,0,0.9706402434700235,0.09986038280934839,1.8608771416345526,"[33, 4096]",0.9751642400568182,0.031751129776239395,0.9903896439027137,0,0,284.0276794433594,0.6465348221453927,0.09335318786143483,0.4016669988632202,77824,0,0,0.9956177320166821,"{""min"": 0.8264953220042994, ""p1"": 0.857015147426277, ""p5"": 0.9790944491141873, ""p25"": 0.9980518772868991, ""median"": 0.9985513141807637, ""p75"": 0.9989508530366575, ""p95"": 0.9990941021344981, ""p99"": 0.9991188290729272, ""max"": 0.9991250108075344}",0.13840406842135192,1.7121858054955197,"[19, 4096]",0.9763569078947368
R0_vs_O3q,A007,1.0000000000000002,0,0,0.0,0.0,0.0,0.0,122880,0,0,0.0,0.0,0.0,"[30, 4096]",1.0,0.02721354179084301,0.9956938494537285,0,0,329.185546875,0.750006931365715,0.10081446838652872,0.44756197929382324,122880,0,0,0.9625454080101975,0.09845088790941321,1.9166235372257225,"[30, 4096]",0.9744873046875,0.02984619140625,0.9916870682088282,0,0,220.02767944335938,0.675773078885868,0.09738908760955592,0.4093923568725586,65536,0,0,0.9950590212875703,"{""min"": 0.8659539816742694, ""p1"": 0.8854161010256818, ""p5"": 0.9632645784313316, ""p25"": 0.9979470967523626, ""median"": 0.9984799385830785, ""p75"": 0.998787091159395, ""p95"": 0.9992274014146694, ""p99"": 0.9993970738199022, ""max"": 0.9994394919212104}",0.12871724365812187,1.6553156355629293,"[16, 4096]",0.9748992919921875
R0_vs_O3q,A008,1.0,0,0,0.0,0.0,0.0,0.0,126976,0,0,0.0,0.0,0.0,"[31, 4096]",1.0,0.02806829661130905,0.995793833834435,0,0,329.185546875,0.7312102300706864,0.09866565420228644,0.4322642683982849,126976,0,0,0.9625042791053405,0.09748248535700937,1.877814118932643,"[31, 4096]",0.9752551663306451,0.03125,0.992243887333406,0,0,220.02767944335938,0.6458634384349246,0.09367215473105367,0.3884403705596924,69632,0,0,0.9933601857058915,"{""min"": 0.8659539816742694, ""p1"": 0.8867135756491094, ""p5"": 0.9697519515484692, ""p25"": 0.9983899635336864, ""median"": 0.9986297433139347, ""p75"": 0.9990224901845535, ""p95"": 0.9992842061159377, ""p99"": 0.9993397254651843, ""max"": 0.9993536053024961}",0.12431135978480536,1.5894783823103464,"[17, 4096]",0.9762752757352942
R0_vs_O3q,A009,1.0,0,0,0.0,0.0,0.0,0.0,135168,0,0,0.0,0.0,0.0,"[33, 4096]",1.0,0.028926964849233627,0.9954265172208611,0,0,284.0276794433594,0.7298476633492983,0.09800490572006831,0.4333047866821289,135168,0,0,0.9703594556546964,0.09876439838884062,1.861450140338721,"[33, 4096]",0.9756895123106061,0.03225226327776909,0.9911673323208854,0,0,284.0276794433594,0.6363413244609163,0.09124079172201689,0.38681626319885254,77824,0,0,0.9925556429778812,"{""min"": 0.8264953220042994, ""p1"": 0.857015147426277, ""p5"": 0.9790944491141873, ""p25"": 0.9982322319208888, ""median"": 0.9988410624433162, ""p75"": 0.9991224792531941, ""p95"": 0.9993220936993644, ""p99"": 0.9993618277536177, ""max"": 0.999371761267181}",0.1326244575724256,1.7132672656232237,"[19, 4096]",0.9772692228618421
R0_vs_O3q,A010,0.9999999999999999,0,0,0.0,0.0,0.0,0.0,126976,0,0,0.0,0.0,0.0,"[31, 4096]",1.0,0.02822580561041832,0.9957492665736841,0,0,329.185546875,0.7239721891976754,0.09962487410903602,0.4278215169906616,126976,0,0,0.9627280264380605,0.09784579918455881,1.8727464434977055,"[31, 4096]",0.9744046118951613,0.03153722360730171,0.9919300148303506,0,0,220.02767944335938,0.6326646580194338,0.09542132044336171,0.38181865215301514,69632,0,0,0.9959861118542176,"{""min"": 0.8659539816742694, ""p1"": 0.8867135756491094, ""p5"": 0.9697519515484692, ""p25"": 0.9980481426487545, ""median"": 0.9986841872938982, ""p75"": 0.9991567045791557, ""p95"": 0.999328547877431, ""p99"": 0.9993558450569671, ""max"": 0.9993626693518511}",0.12685147851612358,1.5785380548549435,"[17, 4096]",0.9747242647058824
R0_vs_O3q,A011,1.0,0,0,0.0,0.0,0.0,0.0,172032,0,0,0.0,0.0,0.0,"[42, 4096]",1.0,0.0294828861951828,0.9956741858154072,0,0,284.0276794433594,0.674864390293091,0.09494427594403988,0.4215226173400879,172032,0,0,0.9723277987787181,0.09580171965310791,1.677654108512541,"[42, 4096]",0.9768705822172619,0.0320172980427742,0.9930869572997848,0,0,284.0276794433594,0.583922023805014,0.08882402655734788,0.38607311248779297,114688,0,0,0.9924188571082464,"{""min"": 0.8264953220042994, ""p1"": 0.8722750601372657, ""p5"": 0.9964538614321892, ""p25"": 0.9983224428400884, ""median"": 0.9986606330205121, ""p75"": 0.9988903696364664, ""p95"": 0.9991119353646649, ""p99"": 0.9992350874657494, ""max"": 0.9992758007502948}",0.11738288460811558,1.4593968916954725,"[28, 4096]",0.9785330636160714
R0_vs_O3q,A012,1.0,0,0,0.0,0.0,0.0,0.0,167936,0,0,0.0,0.0,0.0,"[41, 4096]",1.0,0.028749046847224236,0.9956239723546145,0,0,284.0276794433594,0.6765503303200914,0.09431104354064963,0.41945862770080566,167936,0,0,0.9726987303375535,0.09622095610811654,1.6960402912479269,"[41, 4096]",0.9772651486280488,0.030996816232800484,0.9928860813212954,0,0,284.0276794433594,0.5831139191612709,0.087635775523063,0.3807271718978882,110592,0,0,0.9941943735053089,"{""min"": 0.8264953220042994, ""p1"": 0.8705795142804893, ""p5"": 0.9964263728999672, ""p25"": 0.9984082989498102, ""median"": 0.9987079173239253, ""p75"": 0.9989263537528625, ""p95"": 0.9992380050089428, ""p99"": 0.9993055706286478, ""max"": 0.9993175677763514}",0.11907535910876328,1.4827924178879706,"[27, 4096]",0.9791937934027778
R0_vs_O3q,A013,1.0000000000000002,0,0,0.0,0.0,0.0,0.0,151552,0,0,0.0,0.0,0.0,"[37, 4096]",1.0,0.02826092764735222,0.9954490114088109,0,0,284.0276794433594,0.7030193955514413,0.0982517482459862,0.4303600788116455,151552,0,0,0.9708684685873731,0.0984147792286174,1.7694608567644279,"[37, 4096]",0.9761336043074325,0.03060249611735344,0.9915655040103616,0,0,284.0276794433594,0.6094447786797347,0.09281425387206764,0.38997316360473633,94208,0,0,0.9927665798034968,"{""min"": 0.8264953220042994, ""p1"": 0.8637973308533831, ""p5"": 0.9961975047272054, ""p25"": 0.9984234830884945, ""median"": 0.9986161978418311, ""p75"": 0.9988130139322665, ""p95"": 0.9991513818269567, ""p99"": 0.9991858503359433, ""max"": 0.9991955099864038}",0.12961208986718306,1.578003897275022,"[23, 4096]",0.9777088994565217
R0_vs_O3q,A014,1.0,0,0,0.0,0.0,0.0,0.0,159744,0,0,0.0,0.0,0.0,"[39, 4096]",1.0,0.02943459525704384,0.9956626781446618,0,0,284.0276794433594,0.6892744954217424,0.09541229180553977,0.42323577404022217,159744,0,0,0.9722138920250335,0.09594621889518179,1.7307460920247528,"[39, 4096]",0.976737780448718,0.032246094197034836,0.9929379740865291,0,0,284.0276794433594,0.5954887038271408,0.0888197013748847,0.3836381435394287,102400,0,0,0.9929863679375383,"{""min"": 0.8264953220042994, ""p1"": 0.8671884225669362, ""p5"": 0.9963474057210844, ""p25"": 0.9985533421757696, ""median"": 0.9987347412683176, ""p75"": 0.9990012924047683, ""p95"": 0.9991937466853605, ""p99"": 0.999261454668043, ""max"": 0.9992824101726364}",0.11863465749478057,1.5264248489729493,"[25, 4096]",0.978525390625
R0_vs_O3q,A015,0.9999999999999998,0,0,0.0,0.0,0.0,0.0,151552,0,0,0.0,0.0,0.0,"[37, 4096]",1.0,0.028023384511470795,0.995525312187702,0,0,284.0276794433594,0.7101793245656646,0.09820174099040119,0.43415331840515137,151552,0,0,0.9709753783365037,0.09763222851946554,1.777791082132454,"[37, 4096]",0.9758696684966216,0.030220363289117813,0.9921168404282747,0,0,284.0276794433594,0.6209629253547895,0.09273380741743091,0.3954453468322754,94208,0,0,0.9913204845527331,"{""min"": 0.8264953220042994, ""p1"": 0.8637973308533831, ""p5"": 0.9961947384186562, ""p25"": 0.9980103293350575, ""median"": 0.9985386067640275, ""p75"": 0.9988828501916158, ""p95"": 0.9992500237508652, ""p99"": 0.9993952522337256, ""max"": 0.9994352529053658}",0.12531882987523282,1.5929947596056064,"[23, 4096]",0.9772843070652174
R0_vs_O3q,A016,1.0000000000000002,0,0,0.0,0.0,0.0,0.0,159744,0,0,0.0,0.0,0.0,"[39, 4096]",1.0,0.02849559299647808,0.995608926592823,0,0,284.0276794433594,0.7012780955376982,0.09709881098289963,0.4344482421875,159744,0,0,0.9715119318002514,0.0966619389766209,1.7454555213480574,"[39, 4096]",0.9762369791666666,0.030781250447034836,0.992743412905453,0,0,284.0276794433594,0.6142143200080318,0.09145067129156606,0.39942479133605957,102400,0,0,0.99075690634558,"{""min"": 0.8264953220042994, ""p1"": 0.8671884225669362, ""p5"": 0.9961996449734363, ""p25"": 0.9982571038190826, ""median"": 0.9985017505149426, ""p75"": 0.9988410736251806, ""p95"": 0.9990782010323493, ""p99"": 0.999114414620656, ""max"": 0.9991250108075344}",0.12026829316634648,1.5523337943229265,"[25, 4096]",0.977744140625
R0_vs_O3q,A017,0.9999999999999998,0,0,0.0,0.0,0.0,0.0,147456,0,0,0.0,0.0,0.0,"[36, 4096]",1.0,0.0285305455327034,0.9953939727937944,0,0,284.0276794433594,0.6928031134004615,0.09745526016899168,0.4121556282043457,147456,0,0,0.9704491617223361,0.09906100405900158,1.7848171255856966,"[36, 4096]",0.97601318359375,0.031150124967098236,0.9910130313985372,0,0,284.0276794433594,0.5884738343930539,0.09126375091089849,0.36192893981933594,90112,0,0,0.9931336547513259,"{""min"": 0.8264953220042994, ""p1"": 0.8621017849966066, ""p5"": 0.9961164355097645, ""p25"": 0.9983795518526419, ""median"": 0.9988655636254855, ""p75"": 0.9990886805548906, ""p95"": 0.9991854716956635, ""p99"": 0.9992888400277232, ""max"": 0.9993160868483493}",0.1337821686238001,1.5969590321206315,"[22, 4096]",0.9775834517045454
R0_vs_O3q,A018,1.0,0,0,0.0,0.0,0.0,0.0,143360,0,0,0.0,0.0,0.0,"[35, 4096]",1.0,0.02819475531578064,0.9953594971941621,0,0,284.0276794433594,0.7164497399682919,0.09865623732247436,0.43233823776245117,143360,0,0,0.9701588627182349,0.09947131909940606,1.8180570843232111,"[35, 4096]",0.9758370535714286,0.0307152159512043,0.990865512813992,0,0,284.0276794433594,0.6229168177676565,0.09297054572584135,0.39015746116638184,86016,0,0,0.992038067075047,"{""min"": 0.8264953220042994, ""p1"": 0.86040623913983, ""p5"": 0.9960499076819526, ""p25"": 0.9981005775935062, ""median"": 0.9984438765399842, ""p75"": 0.9988997348410273, ""p95"": 0.9991250108075344, ""p99"": 0.9992492658615614, ""max"": 0.9992803296250682}",0.13485885361873937,1.649128569113261,"[21, 4096]",0.9773646763392857
R0_vs_O3q,A019,1.0,0,0,0.0,0.0,0.0,0.0,155648,0,0,0.0,0.0,0.0,"[38, 4096]",1.0,0.02895636297762394,0.9955445642989955,0,0,284.0276794433594,0.6909530962506036,0.09656139130034067,0.4210071563720703,155648,0,0,0.9710123420917365,0.09743125997927679,1.7537402401919493,"[38, 4096]",0.976305509868421,0.0316060371696949,0.9922177957401906,0,0,284.0276794433594,0.5942387471563961,0.0903644176403755,0.37871360778808594,98304,0,0,0.9912055330269688,"{""min"": 0.8264953220042994, ""p1"": 0.8654928767101596, ""p5"": 0.9962342104057349, ""p25"": 0.9980566495354926, ""median"": 0.9984950360347887, ""p75"": 0.9989329879099385, ""p95"": 0.9992386660587871, ""p99"": 0.9994039005630461, ""max"": 0.9994472653291491}",0.124518554811234,1.5585584239979136,"[24, 4096]",0.9779154459635416
R0_vs_O3q,A020,1.0,0,0,0.0,0.0,0.0,0.0,159744,0,0,0.0,0.0,0.0,"[39, 4096]",1.0,0.029578575864434242,0.9955935425950715,0,0,284.0276794433594,0.6856623524761698,0.0951321241430089,0.42043519020080566,159744,0,0,0.9712684919796475,0.09687727303365946,1.7340780535218814,"[39, 4096]",0.9767690805288461,0.032470703125,0.992531468104855,0,0,284.0276794433594,0.5898537608320475,0.08838263982133654,0.38067626953125,102400,0,0,0.9910684537845336,"{""min"": 0.8264953220042994, ""p1"": 0.8671884225669362, ""p5"": 0.9963777560028616, ""p25"": 0.9983786484761439, ""median"": 0.9986235255134669, ""p75"": 0.9988169174021709, ""p95"": 0.999157350238467, ""p99"": 0.9992732224772181, ""max"": 0.9993072605975395}",0.12199764437284182,1.5323127912315588,"[25, 4096]",0.97857421875
R0_vs_O3q,A021,1.0,0,0,0.0,0.0,0.0,0.0,167936,0,0,0.0,0.0,0.0,"[41, 4096]",1.0,0.029808975756168365,0.9957496220509024,0,0,284.0276794433594,0.6786097130341038,0.09552460923390627,0.42074406147003174,167936,0,0,0.9733165262204018,0.09479416635018373,1.6954744306648197,"[41, 4096]",0.9765208174542683,0.0326063372194767,0.9934846460483808,0,0,284.0276794433594,0.5862411299492157,0.089478597501712,0.3831348419189453,110592,0,0,0.9941727891864864,"{""min"": 0.8264953220042994, ""p1"": 0.8705795142804893, ""p5"": 0.9963056116747976, ""p25"": 0.9984441695880466, ""median"": 0.9987450298963029, ""p75"": 0.9989160941652768, ""p95"": 0.9992848666461539, ""p99"": 0.999311337207123, ""max"": 0.9993181933258464}",0.11396811662522774,1.4818094103008865,"[27, 4096]",0.9780635127314815
R0_vs_O3q,A022,1.0,0,0,0.0,0.0,0.0,0.0,155648,0,0,0.0,0.0,0.0,"[38, 4096]",1.0,0.02898206189274788,0.9955302399268363,0,0,284.0276794433594,0.696715494522275,0.09731986672462938,0.4288172721862793,155648,0,0,0.9712019743736104,0.09752643690837429,1.752685696068439,"[38, 4096]",0.9760228207236842,0.031646728515625,0.9921548654098896,0,0,284.0276794433594,0.6033625444198757,0.09156533706216591,0.3898327350616455,98304,0,0,0.9920262919462526,"{""min"": 0.8264953220042994, ""p1"": 0.8654928767101596, ""p5"": 0.9962993575815517, ""p25"": 0.9980950601484486, ""median"": 0.9985825054199037, ""p75"": 0.9988378065557154, ""p95"": 0.9991296960622327, ""p99"": 0.9992578886277333, ""max"": 0.9992959329444152}",0.12501495740357996,1.556679061221135,"[24, 4096]",0.9774678548177084
R0_vs_O3q,A023,1.0,0,0,0.0,0.0,0.0,0.0,143360,0,0,0.0,0.0,0.0,"[35, 4096]",1.0,0.02882952056825161,0.9954398733570629,0,0,284.0276794433594,0.7218554761739921,0.0983360871799226,0.4363059997558594,143360,0,0,0.9706170782049925,0.09856789380948698,1.8184632340535363,"[35, 4096]",0.9756208147321429,0.0317731574177742,0.9914596070645518,0,0,284.0276794433594,0.6319263781104902,0.09243696215492178,0.3943915367126465,86016,0,0,0.9922062988899131,"{""min"": 0.8264953220042994, ""p1"": 0.86040623913983, ""p5"": 0.9960499076819526, ""p25"": 0.9982268869643965, ""median"": 0.9985707212139875, ""p75"": 0.9989754089198365, ""p95"": 0.9991428562940429, ""p99"": 0.9992997010273946, ""max"": 0.9993389122107326}",0.13041627623915064,1.649874739803986,"[21, 4096]",0.9770042782738095
R0_vs_O3q,A024,1.0000000000000002,0,0,0.0,0.0,0.0,0.0,167936,0,0,0.0,0.0,0.0,"[41, 4096]",1.0,0.02904677949845791,0.9958608514009218,0,0,284.0276794433594,0.6832519841440577,0.09571911082256289,0.42695045471191406,167936,0,0,0.9730994534541861,0.09369763008487254,1.69643362570703,"[41, 4096]",0.9767530487804879,0.031448930501937866,0.9939052622254017,0,0,284.0276794433594,0.5932905045976642,0.0897739517659683,0.3918033838272095,110592,0,0,0.9922188577443959,"{""min"": 0.8264953220042994, ""p1"": 0.8705795142804893, ""p5"": 0.9964915337055671, ""p25"": 0.99851076414478, ""median"": 0.9989256168893268, ""p75"": 0.9990946882276042, ""p95"": 0.9994001305976258, ""p99"": 0.9994862322759498, ""max"": 0.9994997293207968}",0.11025050421984176,1.4834755240882753,"[27, 4096]",0.9784161603009259
R0_vs_O3q,A025,1.0,0,0,0.0,0.0,0.0,0.0,147456,0,0,0.0,0.0,0.0,"[36, 4096]",1.0,0.0284152552485466,0.9955242142848045,0,0,284.0276794433594,0.7096503958123827,0.09693974877295047,0.43050050735473633,147456,0,0,0.970045199722055,0.09788114709029333,1.80160603495469,"[36, 4096]",0.9761827256944444,0.030961470678448677,0.991978589999021,0,0,284.0276794433594,0.6160421147034701,0.09042018680828558,0.38848018646240234,90112,0,0,0.9886667260433654,"{""min"": 0.8264953220042994, ""p1"": 0.8621017849966066, ""p5"": 0.9961109997292631, ""p25"": 0.9982384632424561, ""median"": 0.9986255719033816, ""p75"": 0.9989639358079841, ""p95"": 0.9991240788579698, ""p99"": 0.9992349442304795, ""max"": 0.9992641670391105}",0.12644937890877314,1.627515620765963,"[22, 4096]",0.9778608842329546
R0_vs_O3q,A026,0.9999999999999998,0,0,0.0,0.0,0.0,0.0,151552,0,0,0.0,0.0,0.0,"[37, 4096]",1.0,0.028498468920588493,0.9955927024238811,0,0,284.0276794433594,0.7061822346464347,0.09676359474475008,0.43168866634368896,151552,0,0,0.9712027906634431,0.09690221192519356,1.7774742304393472,"[37, 4096]",0.9763975401182432,0.030984628945589066,0.9924905882064649,0,0,284.0276794433594,0.6145328241803761,0.09042026780486169,0.3931276202201843,94208,0,0,0.991096366638688,"{""min"": 0.8264953220042994, ""p1"": 0.8637973308533831, ""p5"": 0.9961793453757783, ""p25"": 0.9983853536499816, ""median"": 0.9988028821429682, ""p75"": 0.9989910428252395, ""p95"": 0.99914952567309, ""p99"": 0.9991712824245178, ""max"": 0.9991766506720113}",0.12232896703302037,1.5924258606339545,"[23, 4096]",0.978133491847826
R0_vs_O3q,A027,0.9999999999999998,0,0,0.0,0.0,0.0,0.0,155648,0,0,0.0,0.0,0.0,"[38, 4096]",1.0,0.029161954298615456,0.9956825688516374,0,0,284.0276794433594,0.6906074369220924,0.09612907978194019,0.42258989810943604,155648,0,0,0.9721444895066467,0.09576149155195121,1.7484716369837257,"[38, 4096]",0.9763826069078947,0.0319315604865551,0.9929796987602829,0,0,284.0276794433594,0.5936914532195866,0.08967992440290806,0.38078737258911133,98304,0,0,0.9928875617038999,"{""min"": 0.8264953220042994, ""p1"": 0.8654928767101596, ""p5"": 0.9962733820750086, ""p25"": 0.9984400118653833, ""median"": 0.9988499136536957, ""p75"": 0.9989895572072057, ""p95"": 0.9994156581113929, ""p99"": 0.9994427229121212, ""max"": 0.9994429589380622}",0.11828493707643443,1.549157534550929,"[24, 4096]",0.9780375162760416
R0_vs_O3q,A028,1.0000000000000002,0,0,0.0,0.0,0.0,0.0,143360,0,0,0.0,0.0,0.0,"[35, 4096]",1.0,0.02835519053041935,0.9954741139834772,0,0,284.0276794433594,0.7213234372205729,0.0984249773130873,0.43508362770080566,143360,0,0,0.9703950723451845,0.09828655410740035,1.8221203820165106,"[35, 4096]",0.9756487165178571,0.03098260797560215,0.9916796113394051,0,0,284.0276794433594,0.631039646521458,0.0925851123768629,0.3924309015274048,86016,0,0,0.9907384366003252,"{""min"": 0.8264953220042994, ""p1"": 0.86040623913983, ""p5"": 0.9960499076819526, ""p25"": 0.9982066724736771, ""median"": 0.998713945073044, ""p75"": 0.9989234270812284, ""p95"": 0.9991670955505392, ""p99"": 0.9992769464744554, ""max"": 0.9993044092054345}",0.1287339670157662,1.6565859204910505,"[21, 4096]",0.97705078125
R0_vs_O3q,A029,1.0000000000000002,0,0,0.0,0.0,0.0,0.0,155648,0,0,0.0,0.0,0.0,"[38, 4096]",1.0,0.028461657464504242,0.9956677587270623,0,0,284.0276794433594,0.7017888091375329,0.09720305002709585,0.4314112663269043,155648,0,0,0.9708802446488847,0.09622959568450153,1.7642290677878931,"[38, 4096]",0.9763247841282895,0.03082275390625,0.992911915238783,0,0,284.0276794433594,0.6113952925607009,0.09138037729107124,0.3925905227661133,98304,0,0,0.988628414858735,"{""min"": 0.8264953220042994, ""p1"": 0.8654928767101596, ""p5"": 0.9962308664947525, ""p25"": 0.9982261779533785, ""median"": 0.9986811684638239, ""p75"": 0.9989083836440807, ""p95"": 0.9991817382369489, ""p99"": 0.9992052287242877, ""max"": 0.9992100988791618}",0.11892971433732202,1.5771900231583686,"[24, 4096]",0.9779459635416666
R0_vs_O3q,A030,1.0,0,0,0.0,0.0,0.0,0.0,143360,0,0,0.0,0.0,0.0,"[35, 4096]",1.0,0.029541015625,0.9955224262427735,0,0,284.0276794433594,0.7209148677075323,0.09825839556025967,0.437113881111145,143360,0,0,0.9712440884797234,0.09759373203356499,1.8180322902160388,"[35, 4096]",0.9755161830357143,0.032958984375,0.9920238849524076,0,0,284.0276794433594,0.6303586973330572,0.09230747612215019,0.39562416076660156,86016,0,0,0.9928936864759588,"{""min"": 0.8264953220042994, ""p1"": 0.86040623913983, ""p5"": 0.9960499076819526, ""p25"": 0.9982853795635012, ""median"": 0.9985759364022231, ""p75"": 0.9991250108075344, ""p95"": 0.9992012649444928, ""p99"": 0.9992744651770197, ""max"": 0.9992927652351514}",0.126053037403396,1.649083012307997,"[21, 4096]",0.9768298921130952
R0_vs_O3q,A031,1.0,0,0,0.0,0.0,0.0,0.0,135168,0,0,0.0,0.0,0.0,"[33, 4096]",1.0,0.027743251994252205,0.9953468353484383,0,0,284.0276794433594,0.7414556931298373,0.10010366788970307,0.4480956792831421,135168,0,0,0.9699056233169979,0.09965908203208607,1.8675218593181946,"[33, 4096]",0.975045868844697,0.03019634075462818,0.9906503464751863,0,0,284.0276794433594,0.6565026393429051,0.09488601022717197,0.40876513719558716,77824,0,0,0.9918332777953653,"{""min"": 0.8264953220042994, ""p1"": 0.857015147426277, ""p5"": 0.9790944491141873, ""p25"": 0.998202319617907, ""median"": 0.9984651799002574, ""p75"": 0.9989013906031038, ""p95"": 0.9990729082154925, ""p99"": 0.9990750995667632, ""max"": 0.9990756474045809}",0.13643053307489905,1.7247054921406981,"[19, 4096]",0.9761513157894737
R0_vs_O3q,A032,0.9999999999999999,0,0,0.0,0.0,0.0,0.0,126976,0,0,0.0,0.0,0.0,"[31, 4096]",1.0,0.02754063718020916,0.9956972628129905,0,0,329.185546875,0.7319913474028937,0.09987606400986951,0.4363687038421631,126976,0,0,0.9624743512862385,0.09844146827954749,1.8773465178028224,"[31, 4096]",0.9746960055443549,0.03028779849410057,0.9915654387417244,0,0,220.02767944335938,0.6472878288642439,0.09587937261546983,0.39519381523132324,69632,0,0,0.9959516169869179,"{""min"": 0.8659539816742694, ""p1"": 0.8867135756491094, ""p5"": 0.9697519515484692, ""p25"": 0.9981048681113849, ""median"": 0.9985685550961534, ""p75"": 0.9988381193041073, ""p95"": 0.9991677817116685, ""p99"": 0.9992355577575301, ""max"": 0.9992525017689956}",0.12968122166501708,1.5884708246889212,"[17, 4096]",0.9752556295955882
R0_vs_O3q,A033,1.0,0,0,0.0,0.0,0.0,0.0,147456,0,0,0.0,0.0,0.0,"[36, 4096]",1.0,0.0287204310297966,0.9953585805770173,0,0,284.0276794433594,0.7039580423303656,0.09766172389788035,0.42821240425109863,147456,0,0,0.9715775505425123,0.09913038616492616,1.7847815127695654,"[36, 4096]",0.97607421875,0.031460847705602646,0.9909834031982854,0,0,284.0276794433594,0.6067273544601697,0.0916016006490799,0.38539934158325195,90112,0,0,0.9973746883865603,"{""min"": 0.8264953220042994, ""p1"": 0.8621017849966066, ""p5"": 0.9961204596496265, ""p25"": 0.9983217913532847, ""median"": 0.9986139075026141, ""p75"": 0.9990032956943665, ""p95"": 0.9992029144980061, ""p99"": 0.9992526953400576, ""max"": 0.9992657965925965}",0.1341370310984349,1.5968939006911016,"[22, 4096]",0.9776833274147727
R0_vs_O3q,A034,0.9999999999999998,0,0,0.0,0.0,0.0,0.0,131072,0,0,0.0,0.0,0.0,"[32, 4096]",1.0,0.02758026123046875,0.9956668387788153,0,0,329.185546875,0.7280018650031934,0.10012161305803871,0.43801236152648926,131072,0,0,0.9630828373090635,0.09853559411696666,1.8520371156612185,"[32, 4096]",0.9750442504882812,0.03020562045276165,0.991578781744767,0,0,220.02767944335938,0.644901166739146,0.09653794266745956,0.4000128507614136,73728,0,0,0.9981381619435834,"{""min"": 0.8659539816742694, ""p1"": 0.8880110502725369, ""p5"": 0.9762393246656067, ""p25"": 0.9978401393414696, ""median"": 0.9986950693739658, ""p75"": 0.9990048994548671, ""p95"": 0.9992099787599582, ""p99"": 0.99925317624723, ""max"": 0.9992639756190479}",0.12967091062438066,1.552758681958799,"[18, 4096]",0.9758436414930556
R0_vs_O3q,A035,0.9999999999999999,0,0,0.0,0.0,0.0,0.0,122880,0,0,0.0,0.0,0.0,"[30, 4096]",1.0,0.02760416641831398,0.9956657139699768,0,0,329.185546875,0.7481409457461268,0.10144129678838357,0.4485175609588623,122880,0,0,0.9629610642823914,0.09858691665653797,1.9064933278709262,"[30, 4096]",0.9738932291666667,0.03057861328125,0.9914381880203802,0,0,220.02767944335938,0.6722743558491402,0.09856439086303374,0.4131433963775635,65536,0,0,0.9987943136116221,"{""min"": 0.8659539816742694, ""p1"": 0.8854161010256818, ""p5"": 0.9632645784313316, ""p25"": 0.9977678339554389, ""median"": 0.9985058435653441, ""p75"": 0.9989832771684108, ""p95"": 0.9991892984040105, ""p99"": 0.9992504461731181, ""max"": 0.999265733115395}",0.13078391307259132,1.633233916698845,"[16, 4096]",0.973785400390625
R0_vs_O3q,A036,1.0,0,0,0.0,0.0,0.0,0.0,131072,0,0,0.0,0.0,0.0,"[32, 4096]",1.0,0.02803802490234375,0.9957729540316066,0,0,329.185546875,0.7315810557198574,0.09812818610703439,0.44252538681030273,131072,0,0,0.9641001771557707,0.09715651709584161,1.85328748670492,"[32, 4096]",0.9760284423828125,0.0310194231569767,0.9925305309549187,0,0,220.02767944335938,0.6512641724576598,0.09299407253234072,0.40695858001708984,73728,0,0,0.9980571775779299,"{""min"": 0.8659539816742694, ""p1"": 0.8880110502725369, ""p5"": 0.9762393246656067, ""p25"": 0.9980131673607645, ""median"": 0.998508187621151, ""p75"": 0.9990828663405048, ""p95"": 0.9993310725098732, ""p99"": 0.9993378346096367, ""max"": 0.9993395251345776}",0.12212161538909692,1.5554086354478196,"[18, 4096]",0.9775933159722222
R0_vs_O3q,A037,1.0,0,0,0.0,0.0,0.0,0.0,131072,0,0,0.0,0.0,0.0,"[32, 4096]",1.0,0.02783203125,0.9956936120338366,0,0,329.185546875,0.7306526050900857,0.09904077068167141,0.43993043899536133,131072,0,0,0.9626868395765432,0.09840568064426194,1.854951755372692,"[32, 4096]",0.9751739501953125,0.0306532122194767,0.9917090658447695,0,0,220.02767944335938,0.6496135935602878,0.09461644510947319,0.4021310806274414,73728,0,0,0.995640564131089,"{""min"": 0.8659539816742694, ""p1"": 0.8880110502725369, ""p5"": 0.9762393246656067, ""p25"": 0.9977826426574472, ""median"": 0.9984759463072717, ""p75"": 0.9989395955824494, ""p95"": 0.9991139295343545, ""p99"": 0.999157972094483, ""max"": 0.999168982734515}",0.12856354615547302,1.5589315540231723,"[18, 4096]",0.97607421875
R0_vs_O3q,A038,1.0000000000000002,0,0,0.0,0.0,0.0,0.0,131072,0,0,0.0,0.0,0.0,"[32, 4096]",1.0,0.0284881591796875,0.9958823589966559,0,0,329.185546875,0.7237381893043562,0.09746230911944284,0.43109560012817383,131072,0,0,0.9626816713942861,0.09654332031024022,1.8568089531106526,"[32, 4096]",0.9759597778320312,0.0318196602165699,0.9929161048628594,0,0,220.02767944335938,0.637321298830102,0.09181029122106685,0.38919806480407715,73728,0,0,0.9907524962912175,"{""min"": 0.8659539816742694, ""p1"": 0.8880110502725369, ""p5"": 0.9762393246656067, ""p25"": 0.9983504941604032, ""median"": 0.9987287268551299, ""p75"": 0.9988961498516842, ""p95"": 0.9992157848122115, ""p99"": 0.999280224184713, ""max"": 0.9992963340278384}",0.11883724124204047,1.5628572085421084,"[18, 4096]",0.9774712456597222
R0_vs_O3q,A039,0.9999999999999998,0,0,0.0,0.0,0.0,0.0,139264,0,0,0.0,0.0,0.0,"[34, 4096]",1.0,0.029411764815449715,0.9955056055570992,0,0,284.0276794433594,0.7240239091091044,0.09724236528460845,0.4334728717803955,139264,0,0,0.9709915437967045,0.09782396704482256,1.8454103366708883,"[34, 4096]",0.9759808708639706,0.03291015699505806,0.9919045312781769,0,0,284.0276794433594,0.631116259197006,0.09028267868163767,0.38934755325317383,81920,0,0,0.9923296667477084,"{""min"": 0.8264953220042994, ""p1"": 0.8587106932830535, ""p5"": 0.9875721783980699, ""p25"": 0.99814328973827, ""median"": 0.9986601488746718, ""p75"": 0.9989869630199386, ""p95"": 0.9992198260342788, ""p99"": 0.9994368203271666, ""max"": 0.9994910689003885}",0.12698654090094197,1.6913582956498734,"[20, 4096]",0.977685546875
R0_vs_O3q,A040,1.0000000000000002,0,0,0.0,0.0,0.0,0.0,131072,0,0,0.0,0.0,0.0,"[32, 4096]",1.0,0.02802276611328125,0.9956994057075718,0,0,329.185546875,0.7385997799550523,0.09945629433647994,0.44669824838638306,131072,0,0,0.9642937258217753,0.09782131773124882,1.8680976528440307,"[32, 4096]",0.9751052856445312,0.0309922955930233,0.9923007105498891,0,0,220.02767944335938,0.6637419044313396,0.09535515382913283,0.41333281993865967,73728,0,0,0.9984965045305231,"{""min"": 0.8659539816742694, ""p1"": 0.8880110502725369, ""p5"": 0.9762393246656067, ""p25"": 0.9979225352189119, ""median"": 0.9985098250551945, ""p75"": 0.9987996097471736, ""p95"": 0.9990548463374007, ""p99"": 0.9991752426464328, ""max"": 0.9992053417236908}",0.12400680507631223,1.586592908789154,"[18, 4096]",0.9759521484375
R0_vs_O3q,A041,1.0,0,0,0.0,0.0,0.0,0.0,159744,0,0,0.0,0.0,0.0,"[39, 4096]",1.0,0.030242137610912323,0.9955997570641538,0,0,284.0276794433594,0.6709292047605394,0.09455782235441837,0.4040634036064148,159744,0,0,0.9718415356430468,0.09667252359844762,1.725836829586451,"[39, 4096]",0.9769255809294872,0.03350586071610451,0.9925474489116088,0,0,284.0276794433594,0.5668700503956643,0.08748672903113525,0.3581730127334595,102400,0,0,0.9932003577549628,"{""min"": 0.8264953220042994, ""p1"": 0.8671884225669362, ""p5"": 0.9962793740387119, ""p25"": 0.9982484810480543, ""median"": 0.9987947097430637, ""p75"": 0.9990752078225342, ""p95"": 0.9992012740969318, ""p99"": 0.9992554689549717, ""max"": 0.9992711979934205}",0.12186052662374126,1.5177288144286716,"[25, 4096]",0.978818359375
R0_vs_O3q,A042,1.0,0,0,0.0,0.0,0.0,0.0,147456,0,0,0.0,0.0,0.0,"[36, 4096]",1.0,0.0291273333132267,0.9954262023435303,0,0,284.0276794433594,0.6977223566434279,0.09713853837768587,0.41863560676574707,147456,0,0,0.9719523423083762,0.09837529056062674,1.7848616382589706,"[36, 4096]",0.9759589301215278,0.032126687467098236,0.9914759596780913,0,0,284.0276794433594,0.5965235051542715,0.0907454788887617,0.3726083040237427,90112,0,0,0.9972901692299118,"{""min"": 0.8264953220042994, ""p1"": 0.8621017849966066, ""p5"": 0.9961271009472491, ""p25"": 0.998355441316659, ""median"": 0.9985919527045684, ""p75"": 0.9989930763026262, ""p95"": 0.9993426188180156, ""p99"": 0.9993932176005274, ""max"": 0.9994056163132722}",0.13041942498386155,1.5970404383788228,"[22, 4096]",0.9774946732954546
R0_vs_O3q,A043,0.9999999999999998,0,0,0.0,0.0,0.0,0.0,151552,0,0,0.0,0.0,0.0,"[37, 4096]",1.0,0.028973553329706192,0.9954869612695076,0,0,284.0276794433594,0.7042453587726758,0.09682520100740105,0.4304962158203125,151552,0,0,0.9716117878538465,0.0978556786703267,1.7740692130976743,"[37, 4096]",0.9761336043074325,0.03174889460206032,0.9919522182226946,0,0,284.0276794433594,0.6114169803834596,0.090519373531735,0.3911569118499756,94208,0,0,0.9940149407336546,"{""min"": 0.8264953220042994, ""p1"": 0.8637973308533831, ""p5"": 0.9961247818453716, ""p25"": 0.9982228481426316, ""median"": 0.9986812905822268, ""p75"": 0.9990046000460315, ""p95"": 0.9991435525485733, ""p99"": 0.9993178640028998, ""max"": 0.9993667797564455}",0.12662958417065667,1.5863057893380443,"[23, 4096]",0.9777088994565217
R0_vs_O3q,A044,1.0,0,0,0.0,0.0,0.0,0.0,131072,0,0,0.0,0.0,0.0,"[32, 4096]",1.0,0.02850341796875,0.9957467955648165,0,0,329.185546875,0.720307542567582,0.097451991067185,0.43227338790893555,131072,0,0,0.9627304561315304,0.0978692893198616,1.8497050412393299,"[32, 4096]",0.9758758544921875,0.0318467877805233,0.9920067650617812,0,0,220.02767944335938,0.631222371298059,0.09179194801705291,0.3909621238708496,73728,0,0,0.9950996320601726,"{""min"": 0.8659539816742694, ""p1"": 0.8880110502725369, ""p5"": 0.9762393246656067, ""p25"": 0.9982915667503365, ""median"": 0.9984889842497211, ""p75"": 0.998969968440887, ""p95"": 0.9992120198639765, ""p99"": 0.9992644703561311, ""max"": 0.9992775829791698}",0.1262225966217221,1.54780891400203,"[18, 4096]",0.9773220486111112
R0_vs_O3q,A045,1.0,0,0,0.0,0.0,0.0,0.0,135168,0,0,0.0,0.0,0.0,"[33, 4096]",1.0,0.02854965627193451,0.995337582598766,0,0,284.0276794433594,0.7321046567018185,0.09879705331785138,0.4382908344268799,135168,0,0,0.9708505132264954,0.09951237728487464,1.8607589162742815,"[33, 4096]",0.9753861860795454,0.03159693628549576,0.9906466969228197,0,0,284.0276794433594,0.6402613655468725,0.09261662702342958,0.392691969871521,77824,0,0,0.9957588253009403,"{""min"": 0.8264953220042994, ""p1"": 0.857015147426277, ""p5"": 0.9790944491141873, ""p25"": 0.9983700435802438, ""median"": 0.9985953133011051, ""p75"": 0.9989934055137946, ""p95"": 0.9992063646323333, ""p99"": 0.9993305038277706, ""max"": 0.9993615386266298}",0.13654763173508672,1.7119626270217174,"[19, 4096]",0.9767423930921053
R0_vs_O3q,A046,1.0000000000000002,0,0,0.0,0.0,0.0,0.0,126976,0,0,0.0,0.0,0.0,"[31, 4096]",1.0,0.027327999472618103,0.9956796630208772,0,0,329.185546875,0.741193142367387,0.10056253133268177,0.45026111602783203,126976,0,0,0.9628171032265991,0.09849851005403813,1.877649034941644,"[31, 4096]",0.9745699974798387,0.029900046065449715,0.9915354850198688,0,0,220.02767944335938,0.6640675726230256,0.09713116596883335,0.41701602935791016,69632,0,0,0.997540989717435,"{""min"": 0.8659539816742694, ""p1"": 0.8867135756491094, ""p5"": 0.9697519515484692, ""p25"": 0.9980161970498124, ""median"": 0.9984251679368958, ""p75"": 0.9988518629518357, ""p95"": 0.9991882486615785, ""p99"": 0.9992891897253314, ""max"": 0.9993144249912697}",0.1299747976843413,1.589122713969832,"[17, 4096]",0.9750258501838235
R0_vs_O3q,A047,1.0,0,0,0.0,0.0,0.0,0.0,135168,0,0,0.0,0.0,0.0,"[33, 4096]",1.0,0.028586648404598236,0.9953844076348793,0,0,284.0276794433594,0.7375749016302341,0.09937106492097621,0.44164156913757324,135168,0,0,0.9706877986149853,0.09909492183983348,1.8623590652163635,"[33, 4096]",0.9749940814393939,0.03166118264198303,0.9909629290660094,0,0,284.0276794433594,0.6497623172646471,0.09361359454464639,0.3998074531555176,77824,0,0,0.9942313781066943,"{""min"": 0.8264953220042994, ""p1"": 0.857015147426277, ""p5"": 0.9790944491141873, ""p25"": 0.9981588276327442, ""median"": 0.9987554666589454, ""p75"": 0.9990798092386177, ""p95"": 0.9993022423934612, ""p99"": 0.9993296185153147, ""max"": 0.999336462545778}",0.1341758397627821,1.714982025668288,"[19, 4096]",0.976061369243421
R0_vs_O3q,A048,1.0000000000000002,0,0,0.0,0.0,0.0,0.0,139264,0,0,0.0,0.0,0.0,"[34, 4096]",1.0,0.027875114232301712,0.9953060342920925,0,0,284.0276794433594,0.7230549602139517,0.09926904857796746,0.4336378574371338,139264,0,0,0.9706698322435715,0.09986411043574968,1.8380583238818284,"[34, 4096]",0.9756002987132353,0.03029785118997097,0.9904774561207944,0,0,284.0276794433594,0.6294690460752463,0.09372804028034801,0.38849401473999023,81920,0,0,0.9952423156971207,"{""min"": 0.8264953220042994, ""p1"": 0.8587106932830535, ""p5"": 0.9875721783980699, ""p25"": 0.998314922315089, ""median"": 0.9984862703052861, ""p75"": 0.9988075428769831, ""p95"": 0.9991283682052865, ""p99"": 0.9991794006511194, ""max"": 0.9991921587625777}",0.13775744191608275,1.6776934581361465,"[20, 4096]",0.97703857421875
R0_vs_O3q,A049,1.0,0,0,0.0,0.0,0.0,0.0,159744,0,0,0.0,0.0,0.0,"[39, 4096]",1.0,0.028314052149653435,0.9957111625379091,0,0,284.0276794433594,0.7020494464983736,0.09601841286185436,0.4343843460083008,159744,0,0,0.9709226319613148,0.09577970581261977,1.758406426999706,"[39, 4096]",0.9765625,0.030498046427965164,0.993244161232288,0,0,284.0276794433594,0.6154176275066857,0.08976525022273547,0.3984241485595703,102400,0,0,0.987320804771515,"{""min"": 0.8264953220042994, ""p1"": 0.8671884225669362, ""p5"": 0.9963186123307626, ""p25"": 0.9981336600744541, ""median"": 0.9984651799002574, ""p75"": 0.9987724742827716, ""p95"": 0.9991064012282751, ""p99"": 0.999202389437354, ""max"": 0.999226824794139}",0.11619433002401439,1.5749698976144786,"[25, 4096]",0.978251953125
R0_vs_O3q,A050,0.9999999999999998,0,0,0.0,0.0,0.0,0.0,143360,0,0,0.0,0.0,0.0,"[35, 4096]",1.0,0.0286690853536129,0.9954396848149055,0,0,284.0276794433594,0.7201105899694085,0.09790439314169444,0.437228798866272,143360,0,0,0.971371030456495,0.0983825900158496,1.818838028687331,"[35, 4096]",0.9756975446428572,0.0315057672560215,0.9915818527091633,0,0,284.0276794433594,0.629018234436184,0.09171747209120816,0.397153377532959,86016,0,0,0.9944793875979723,"{""min"": 0.8264953220042994, ""p1"": 0.86040623913983, ""p5"": 0.9960499076819526, ""p25"": 0.9981775819479709, ""median"": 0.9985981254090082, ""p75"": 0.9990374586013198, ""p95"": 0.9991582266933365, ""p99"": 0.9991724083104105, ""max"": 0.999175953714679}",0.1295138026864145,1.650563154007712,"[21, 4096]",0.9771321614583334
R0_vs_O3q,A051,1.0,0,0,0.0,0.0,0.0,0.0,139264,0,0,0.0,0.0,0.0,"[34, 4096]",1.0,0.029275333508849144,0.9954933810615584,0,0,284.0276794433594,0.7114257330913996,0.09723072797668106,0.41853952407836914,139264,0,0,0.9710899747422835,0.09792065411653712,1.8301248069346117,"[34, 4096]",0.9756864659926471,0.03267822414636612,0.9916515730728415,0,0,284.0276794433594,0.6096993599669076,0.09026289525816113,0.36705970764160156,81920,0,0,0.9940885549833635,"{""min"": 0.8264953220042994, ""p1"": 0.8587106932830535, ""p5"": 0.9875721783980699, ""p25"": 0.9983716255696171, ""median"": 0.9987694668200112, ""p75"": 0.9991424782287424, ""p95"": 0.9994816480307939, ""p99"": 0.9996248343676587, ""max"": 0.999660630951875}",0.12896936265249528,1.6628838297714357,"[20, 4096]",0.97718505859375
R0_vs_O3q,A052,0.9999999999999998,0,0,0.0,0.0,0.0,0.0,147456,0,0,0.0,0.0,0.0,"[36, 4096]",1.0,0.0292087122797966,0.9955407818709769,0,0,284.0276794433594,0.703036848381291,0.09718203150920106,0.4238874912261963,147456,0,0,0.9714693757665067,0.09735493938969199,1.7891543130971013,"[36, 4096]",0.9758029513888888,0.032259855419397354,0.9921149634599911,0,0,284.0276794433594,0.6052199461798657,0.09081664946760475,0.3788125514984131,90112,0,0,0.9935608744435313,"{""min"": 0.8264953220042994, ""p1"": 0.8621017849966066, ""p5"": 0.9961346516185678, ""p25"": 0.9984878121259289, ""median"": 0.9988508734235743, ""p75"": 0.9990372449661941, ""p95"": 0.9993156178841374, ""p99"": 0.9993515910087275, ""max"": 0.9993603369607681}",0.12533949871191374,1.6048811162486825,"[22, 4096]",0.9772394353693182
R0_vs_O3q,A053,0.9999999999999998,0,0,0.0,0.0,0.0,0.0,143360,0,0,0.0,0.0,0.0,"[35, 4096]",1.0,0.02820870466530323,0.995521982667454,0,0,284.0276794433594,0.7182170857977845,0.09785226124245433,0.43564295768737793,143360,0,0,0.9717655893966674,0.09746972990163717,1.8109540770785815,"[35, 4096]",0.9759626116071428,0.03073846735060215,0.9920119093270058,0,0,284.0276794433594,0.6258623941501442,0.09163058559247471,0.39250993728637695,86016,0,0,0.9950240797915001,"{""min"": 0.8264953220042994, ""p1"": 0.86040623913983, ""p5"": 0.9960499076819526, ""p25"": 0.9984354654885649, ""median"": 0.9987161941002236, ""p75"": 0.9990101746171661, ""p95"": 0.9994848696275882, ""p99"": 0.9995228872306413, ""max"": 0.9995323916314046}",0.1261802081322387,1.636051206365015,"[21, 4096]",0.9775739397321429
R0_vs_O3q,A054,1.0000000000000002,0,0,0.0,0.0,0.0,0.0,151552,0,0,0.0,0.0,0.0,"[37, 4096]",1.0,0.02992372214794159,0.9957876227154233,0,0,284.0276794433594,0.6937707073861069,0.09527122409944595,0.42022705078125,151552,0,0,0.9727321138604238,0.0945439947079092,1.7620622495809395,"[37, 4096]",0.9764371304898649,0.03327742964029312,0.9934320792618221,0,0,284.0276794433594,0.5945664542398489,0.08801949763632895,0.37621772289276123,94208,0,0,0.9937296614471051,"{""min"": 0.8264953220042994, ""p1"": 0.8637973308533831, ""p5"": 0.9962137243976039, ""p25"": 0.9985858918431687, ""median"": 0.9991113245629637, ""p75"": 0.9992805524098058, ""p95"": 0.9994573111808569, ""p99"": 0.9995151348859802, ""max"": 0.9995308614865556}",0.1144237407564054,1.5646289442532784,"[23, 4096]",0.9781971807065217
R0_vs_O3q,A055,1.0,0,0,0.0,0.0,0.0,0.0,143360,0,0,0.0,0.0,0.0,"[35, 4096]",1.0,0.02861328050494194,0.9955310096267134,0,0,284.0276794433594,0.7114156215868466,0.09812711403668593,0.426119327545166,143360,0,0,0.9712558949849602,0.0975053335079018,1.812348775733047,"[35, 4096]",0.9756696428571429,0.0314127616584301,0.992005120580815,0,0,284.0276794433594,0.6145266204652476,0.09208867358286067,0.37985074520111084,86016,0,0,0.9932592464699084,"{""min"": 0.8264953220042994, ""p1"": 0.86040623913983, ""p5"": 0.9960499076819526, ""p25"": 0.9982266949364025, ""median"": 0.9988348225465746, ""p75"": 0.9991250108075344, ""p95"": 0.9993660548471283, ""p99"": 0.9995222273824104, ""max"": 0.9995612705162309}",0.1262038572040837,1.6386231748648972,"[21, 4096]",0.9770856584821429
R0_vs_O3q,A056,0.9999999999999998,0,0,0.0,0.0,0.0,0.0,151552,0,0,0.0,0.0,0.0,"[37, 4096]",1.0,0.029824746772646904,0.9955754598957873,0,0,284.0276794433594,0.7035043703695378,0.0954389445035358,0.42870616912841797,151552,0,0,0.9717793720190224,0.0969317154058974,1.7746311921298186,"[37, 4096]",0.9765427048141891,0.03311820700764656,0.9924460491152086,0,0,284.0276794433594,0.6102249555610204,0.08828930872116914,0.388328492641449,94208,0,0,0.9931568987930173,"{""min"": 0.8264953220042994, ""p1"": 0.8637973308533831, ""p5"": 0.9962089944340914, ""p25"": 0.9983908012582704, ""median"": 0.9987817965932497, ""p75"": 0.9990397579609891, ""p95"": 0.9992577190866013, ""p99"": 0.9993060264320927, ""max"": 0.9993165743540248}",0.12268392275631616,1.5873166890496404,"[23, 4096]",0.9783670176630435
R0_vs_O3q,A057,1.0,0,0,0.0,0.0,0.0,0.0,135168,0,0,0.0,0.0,0.0,"[33, 4096]",1.0,0.028601443395018578,0.9954212367271987,0,0,284.0276794433594,0.7357545626763926,0.09851885043548592,0.43901991844177246,135168,0,0,0.9701962903864477,0.09885777354557727,1.8658514393984067,"[33, 4096]",0.975637724905303,0.03168688341975212,0.9911733980565129,0,0,284.0276794433594,0.6466006759237644,0.09213343254353162,0.3951174020767212,77824,0,0,0.991742236173687,"{""min"": 0.8264953220042994, ""p1"": 0.857015147426277, ""p5"": 0.9790944491141873, ""p25"": 0.9981937315405807, ""median"": 0.9985006271743545, ""p75"": 0.9990498976165515, ""p95"": 0.9992865345855766, ""p99"": 0.999364163167351, ""max"": 0.9993835703127946}",0.13257306876552474,1.7215625356760174,"[19, 4096]",0.9771792763157895
R0_vs_O3q,A058,0.9999999999999998,0,0,0.0,0.0,0.0,0.0,135168,0,0,0.0,0.0,0.0,"[33, 4096]",1.0,0.02908232808113098,0.9953229202331013,0,0,284.0276794433594,0.727395285242947,0.09834177490924627,0.4334200620651245,135168,0,0,0.9705819527973394,0.09972161214254817,1.8553071535441565,"[33, 4096]",0.9754453716856061,0.03252210095524788,0.9903863856457478,0,0,284.0276794433594,0.6320819309077802,0.09182588031374701,0.3862125873565674,77824,0,0,0.9957075485720842,"{""min"": 0.8264953220042994, ""p1"": 0.857015147426277, ""p5"": 0.9790944491141873, ""p25"": 0.9983097355834636, ""median"": 0.9987180583931199, ""p75"": 0.9989626312206972, ""p95"": 0.9992679339175508, ""p99"": 0.9992835435645671, ""max"": 0.9992874459763211}",0.1384309282726958,1.7016548299181722,"[19, 4096]",0.9768451891447368
R0_vs_O3q,A059,1.0000000000000002,0,0,0.0,0.0,0.0,0.0,143360,0,0,0.0,0.0,0.0,"[35, 4096]",1.0,0.02817382849752903,0.9953880629265708,0,0,284.0276794433594,0.7122122789681141,0.09907321776297956,0.42783451080322266,143360,0,0,0.9713354363277441,0.09889961086673876,1.8113814125938879,"[35, 4096]",0.9753627232142857,0.03068033792078495,0.9911511386598958,0,0,284.0276794433594,0.61585438276736,0.09366551312668336,0.3815572261810303,86016,0,0,0.9959374240050181,"{""min"": 0.8264953220042994, ""p1"": 0.86040623913983, ""p5"": 0.9960499076819526, ""p25"": 0.9983355251540633, ""median"": 0.9986198027786726, ""p75"": 0.9991250108075344, ""p95"": 0.9991770339526366, ""p99"": 0.999191980701606, ""max"": 0.9991957173888483}",0.13282442870419786,1.6368394762021024,"[21, 4096]",0.9765741257440477
R0_vs_O3q,A060,1.0000000000000002,0,0,0.0,0.0,0.0,0.0,139264,0,0,0.0,0.0,0.0,"[34, 4096]",1.0,0.029232248663902283,0.9955089539067682,0,0,284.0276794433594,0.721993010964605,0.09732844896129475,0.43224143981933594,139264,0,0,0.9707025144073571,0.09786358940938947,1.833264676922751,"[34, 4096]",0.9757008272058824,0.03260498121380806,0.9917261597213654,0,0,284.0276794433594,0.6276637323513569,0.09042902093200438,0.3866918087005615,81920,0,0,0.9923832617905476,"{""min"": 0.8264953220042994, ""p1"": 0.8587106932830535, ""p5"": 0.9875721783980699, ""p25"": 0.9983696606609328, ""median"": 0.9988914186139657, ""p75"": 0.9991651983513052, ""p95"": 0.9993725194507912, ""p99"": 0.9994039240696581, ""max"": 0.9994117752243747}",0.12837311208910462,1.6687531257490442,"[20, 4096]",0.97720947265625
R0_vs_O3q,A061,0.9999999999999998,0,0,0.0,0.0,0.0,0.0,159744,0,0,0.0,0.0,0.0,"[39, 4096]",1.0,0.029578575864434242,0.9956566497011029,0,0,284.0276794433594,0.6935027113044597,0.09622503414134301,0.42336535453796387,159744,0,0,0.9708857803722186,0.09634018825642435,1.7445956427004083,"[39, 4096]",0.9765186798878205,0.032470703125,0.992889292256072,0,0,284.0276794433594,0.60208472060418,0.09008757941873773,0.38313722610473633,102400,0,0,0.9885760513756321,"{""min"": 0.8264953220042994, ""p1"": 0.8671884225669362, ""p5"": 0.9962368147687121, ""p25"": 0.9982615261562957, ""median"": 0.9987562258447978, ""p75"": 0.9990106856227655, ""p95"": 0.9992353449122876, ""p99"": 0.9992705964237392, ""max"": 0.9992762741441128}",0.11911950877219794,1.550825140709214,"[25, 4096]",0.97818359375
R0_vs_O3q,A062,1.0,0,0,0.0,0.0,0.0,0.0,151552,0,0,0.0,0.0,0.0,"[37, 4096]",1.0,0.029666384682059288,0.9955869157089378,0,0,284.0276794433594,0.7019077562754074,0.09676034412046221,0.4269413948059082,151552,0,0,0.9715127017853304,0.09688271799037936,1.7787970541124343,"[37, 4096]",0.9767010663006757,0.032863449305295944,0.9925126950037748,0,0,284.0276794433594,0.607656489409593,0.09041503853970292,0.38555383682250977,94208,0,0,0.9919438797477224,"{""min"": 0.8264953220042994, ""p1"": 0.8637973308533831, ""p5"": 0.9960816295795902, ""p25"": 0.9983869431193568, ""median"": 0.9989147648160681, ""p75"": 0.9990476584590653, ""p95"": 0.9993466086580273, ""p99"": 0.9993918615190889, ""max"": 0.9994001883276096}",0.12214284181702938,1.5948002823218521,"[23, 4096]",0.978621773097826
R0_vs_O3q,A063,1.0,0,0,0.0,0.0,0.0,0.0,135168,0,0,0.0,0.0,0.0,"[33, 4096]",1.0,0.02874200977385044,0.9953023860191923,0,0,284.0276794433594,0.7320975370055363,0.09961682630597819,0.4373791217803955,135168,0,0,0.9702319837560601,0.10000842691562963,1.8686508156529313,"[33, 4096]",0.9748609138257576,0.03193102404475212,0.9904192831246109,0,0,284.0276794433594,0.640248999758593,0.09404044326596557,0.39368677139282227,77824,0,0,0.9935587564676864,"{""min"": 0.8264953220042994, ""p1"": 0.857015147426277, ""p5"": 0.9790944491141873, ""p25"": 0.998287060380078, ""median"": 0.9986558784518382, ""p75"": 0.9988526692147062, ""p95"": 0.9990138526141407, ""p99"": 0.9991027791688556, ""max"": 0.9991250108075344}",0.13812856296872206,1.72682801477289,"[19, 4096]",0.975830078125
R0_vs_O3q,A064,1.0000000000000002,0,0,0.0,0.0,0.0,0.0,126976,0,0,0.0,0.0,0.0,"[31, 4096]",1.0,0.028210055083036423,0.9957352558349626,0,0,329.185546875,0.726958955195216,0.09807499882964238,0.4319570064544678,126976,0,0,0.962554677047081,0.0980420883905497,1.876197208408818,"[31, 4096]",0.9755701864919355,0.03150850161910057,0.9918394519651675,0,0,220.02767944335938,0.638111113662008,0.09259507728682037,0.3883657455444336,69632,0,0,0.9953084237531828,"{""min"": 0.8659539816742694, ""p1"": 0.8867135756491094, ""p5"": 0.9697519515484692, ""p25"": 0.9980765468519701, ""median"": 0.998895687502494, ""p75"": 0.9991567045791557, ""p95"": 0.9993063409560159, ""p99"": 0.999394298303174, ""max"": 0.9994162876399635}",0.12754032809547855,1.5859927130621996,"[17, 4096]",0.9768497242647058
R0_vs_O3q,A065,1.0000000000000002,0,0,0.0,0.0,0.0,0.0,143360,0,0,0.0,0.0,0.0,"[35, 4096]",1.0,0.02901785634458065,0.9954594212106234,0,0,284.0276794433594,0.7084807800635254,0.09773843928727213,0.4238142967224121,143360,0,0,0.9709052424653644,0.09830284032959975,1.8105783694851842,"[35, 4096]",0.9758510044642857,0.0320870541036129,0.9915117883399007,0,0,284.0276794433594,0.6096352179263791,0.0914408823338377,0.3770945072174072,86016,0,0,0.9934660333733688,"{""min"": 0.8264953220042994, ""p1"": 0.86040623913983, ""p5"": 0.9960499076819526, ""p25"": 0.9982004049420873, ""median"": 0.9987871967979911, ""p75"": 0.9990815049589967, ""p95"": 0.9993479556036279, ""p99"": 0.999451120547533, ""max"": 0.9994769117835094}",0.1300315064000373,1.6353580100746257,"[21, 4096]",0.9773879278273809
R0_vs_O3q,A066,1.0,0,0,0.0,0.0,0.0,0.0,151552,0,0,0.0,0.0,0.0,"[37, 4096]",1.0,0.029118718579411507,0.99569102446216,0,0,284.0276794433594,0.7003299016037459,0.09592647940379348,0.4272865056991577,151552,0,0,0.9725667228370009,0.0955725752041132,1.7689017364000907,"[37, 4096]",0.9767472550675675,0.031982421875,0.9930400770977437,0,0,284.0276794433594,0.605118201459529,0.08907360399549678,0.3854100704193115,94208,0,0,0.9941254399695296,"{""min"": 0.8264953220042994, ""p1"": 0.8637973308533831, ""p5"": 0.9962032570646383, ""p25"": 0.9984131977934735, ""median"": 0.9987262260754257, ""p75"": 0.9991959231703247, ""p95"": 0.9993394125651037, ""p99"": 0.9994695795306178, ""max"": 0.9995056813477543}",0.1177819310856765,1.5769951501704467,"[23, 4096]",0.9786960767663043
R0_vs_O3q,A067,1.0,0,0,0.0,0.0,0.0,0.0,139264,0,0,0.0,0.0,0.0,"[34, 4096]",1.0,0.028643440455198288,0.9954035764058266,0,0,284.0276794433594,0.7113812487402944,0.09888707278954255,0.42099475860595703,139264,0,0,0.970223931730608,0.09902390915561554,1.8346439169490447,"[34, 4096]",0.9755284926470589,0.03160400316119194,0.9910051759495517,0,0,284.0276794433594,0.609623736570029,0.09307868144002565,0.36939048767089844,81920,0,0,0.9924225626588051,"{""min"": 0.8264953220042994, ""p1"": 0.8587106932830535, ""p5"": 0.9875721783980699, ""p25"": 0.998231449959364, ""median"": 0.9987053880442087, ""p75"": 0.9990855760982305, ""p95"": 0.9993205311730193, ""p99"": 0.9994266983343216, ""max"": 0.9994532401246472}",0.1338310510542383,1.6713279658656097,"[20, 4096]",0.97691650390625
R0_vs_O3q,A068,1.0,0,0,0.0,0.0,0.0,0.0,131072,0,0,0.0,0.0,0.0,"[32, 4096]",1.0,0.02835845947265625,0.9957785460130852,0,0,329.185546875,0.7217642709990173,0.09802991077161499,0.4328765869140625,131072,0,0,0.9626302832495377,0.09759044330418873,1.8561543486882737,"[32, 4096]",0.9757003784179688,0.0315890833735466,0.9922773221702519,0,0,220.02767944335938,0.6338121107317218,0.09281936082492849,0.39109182357788086,73728,0,0,0.9930775450488508,"{""min"": 0.8659539816742694, ""p1"": 0.8880110502725369, ""p5"": 0.9762393246656067, ""p25"": 0.9983132677355596, ""median"": 0.9987676898144584, ""p75"": 0.9989753741349975, ""p95"": 0.9991237098664651, ""p99"": 0.9991501042502081, ""max"": 0.9991567028461439}",0.12404175209698366,1.5614742155863286,"[18, 4096]",0.9770100911458334
R0_vs_O3q,A069,1.0000000000000002,0,0,0.0,0.0,0.0,0.0,139264,0,0,0.0,0.0,0.0,"[34, 4096]",1.0,0.028406480327248573,0.9954438371265699,0,0,284.0276794433594,0.727975862761281,0.09898277735822235,0.44255149364471436,139264,0,0,0.9710576730162056,0.09841875901854026,1.8420290006430777,"[34, 4096]",0.9755069508272058,0.03120117262005806,0.9915116850041085,0,0,284.0276794433594,0.6378345804057062,0.0932413792067813,0.40183356404304504,81920,0,0,0.9937496438876782,"{""min"": 0.8264953220042994, ""p1"": 0.8587106932830535, ""p5"": 0.9875721783980699, ""p25"": 0.9983738720072888, ""median"": 0.9986873400986518, ""p75"": 0.9988829188997429, ""p95"": 0.9992780716449726, ""p99"": 0.9994610579304833, ""max"": 0.999506804501861}",0.1300368676963515,1.685080556752371,"[20, 4096]",0.9768798828125
R0_vs_O3q,A070,1.0000000000000002,0,0,0.0,0.0,0.0,0.0,131072,0,0,0.0,0.0,0.0,"[32, 4096]",1.0,0.02761077880859375,0.9957693467338404,0,0,329.185546875,0.7189525099595357,0.09875792579746767,0.4292416572570801,131072,0,0,0.9642986002288985,0.0971278332448474,1.8456029968489054,"[32, 4096]",0.9752960205078125,0.0302598737180233,0.9924671494117556,0,0,220.02767944335938,0.6288134244393101,0.0941136097597777,0.38720083236694336,73728,0,0,0.9998939261216843,"{""min"": 0.8659539816742694, ""p1"": 0.8880110502725369, ""p5"": 0.9762393246656067, ""p25"": 0.9980730396793451, ""median"": 0.9988465633132143, ""p75"": 0.9991923429995768, ""p95"": 0.9992678428026712, ""p99"": 0.9993749698338129, ""max"": 0.9994017515915984}",0.12273595378210726,1.5390790473757996,"[18, 4096]",0.9762912326388888
R0_vs_O3q,A071,1.0,0,0,0.0,0.0,0.0,0.0,323584,0,0,0.0,0.0,0.0,"[79, 4096]",1.0,0.03302697464823723,0.9970465411182207,0,0,219.184326171875,0.5179034963862308,0.08499466315890092,0.3532581329345703,323584,0,0,0.9933943475054576,0.07688649661922675,1.1083565599470713,"[79, 4096]",0.9803667672072784,0.034840743988752365,0.9965671389531481,0,0,219.184326171875,0.45020853426112106,0.08046180676099474,0.3304471969604492,266240,0,0,1.000909707309947,"{""min"": 0.8594479979378893, ""p1"": 0.9472858804913672, ""p5"": 0.9974201375061099, ""p25"": 0.9986230230925245, ""median"": 0.9988242403851562, ""p75"": 0.9990564997853605, ""p95"": 0.9993759549842781, ""p99"": 0.9995034054694241, ""max"": 0.9995636856563873}",0.08290232480860585,0.9351887280874375,"[65, 4096]",0.9818472055288462
R0_vs_O3q,A072,1.0,0,0,0.0,0.0,0.0,0.0,221184,0,0,0.0,0.0,0.0,"[54, 4096]",1.0,0.031905561685562134,0.9960235587909524,0,0,284.0276794433594,0.5981256264676967,0.08993955791203326,0.3804483413696289,221184,0,0,0.9758156949143999,0.09135331464079643,1.4902999619065813,"[54, 4096]",0.9785517939814815,0.03452758863568306,0.9947147382311492,0,0,284.0276794433594,0.5076074025871549,0.08390373203014656,0.34726548194885254,163840,0,0,0.9957704239745273,"{""min"": 0.8264953220042994, ""p1"": 0.8926216104185841, ""p5"": 0.9970813956631916, ""p25"": 0.9984532345499595, ""median"": 0.9989127631491057, ""p75"": 0.9991384819624343, ""p95"": 0.9993114227472022, ""p99"": 0.9994575065485638, ""max"": 0.9995166331955124}",0.10268253998672022,1.238539420552753,"[40, 4096]",0.980303955078125
R0_vs_O3q,A073,0.9999999999999999,0,0,0.0,0.0,0.0,0.0,233472,0,0,0.0,0.0,0.0,"[57, 4096]",1.0,0.031425610184669495,0.9959729280647213,0,0,284.0276794433594,0.5917428394611641,0.08875434442584745,0.3842442035675049,233472,0,0,0.976363115832783,0.09177402300192733,1.457296788687597,"[57, 4096]",0.9789011101973685,0.03370843827724457,0.9946218585735497,0,0,284.0276794433594,0.5054617238027191,0.08275373921463652,0.35432636737823486,176128,0,0,0.997090144622618,"{""min"": 0.8264953220042994, ""p1"": 0.8977082479889138, ""p5"": 0.9973401568037473, ""p25"": 0.9985453644973967, ""median"": 0.9987947339205114, ""p75"": 0.9989562066187524, ""p95"": 0.999215030625714, ""p99"": 0.999314489231266, ""max"": 0.9993348224727906}",0.10360236910282487,1.2053872787860416,"[43, 4096]",0.9806447583575582
R0_vs_O3q,A074,0.9999999999999999,0,0,0.0,0.0,0.0,0.0,217088,0,0,0.0,0.0,0.0,"[53, 4096]",1.0,0.030729474499821663,0.9959178322635112,0,0,284.0276794433594,0.6209050331934397,0.09087283073309403,0.40199875831604004,217088,0,0,0.97562385969959,0.09251765616342729,1.5144093443671793,"[53, 4096]",0.9781332915683962,0.03299654275178909,0.9944113936633958,0,0,284.0276794433594,0.5362430521405864,0.08501726109769357,0.3718045949935913,159744,0,0,0.9958936698369839,"{""min"": 0.8264953220042994, ""p1"": 0.8909260645618076, ""p5"": 0.9966857967124566, ""p25"": 0.9984743379689631, ""median"": 0.9987312986354793, ""p75"": 0.9989672511737819, ""p95"": 0.9992275249385282, ""p99"": 0.9994190894785914, ""max"": 0.9994954667944507}",0.10558492929901485,1.2707519601421993,"[39, 4096]",0.9797801482371795
R0_vs_O3q,A075,1.0000000000000002,0,0,0.0,0.0,0.0,0.0,212992,0,0,0.0,0.0,0.0,"[52, 4096]",1.0,0.031207744032144547,0.9959909150020549,0,0,284.0276794433594,0.6183620217028035,0.09081777023754493,0.39577198028564453,212992,0,0,0.9765502548700649,0.09154253929041678,1.5178587636915577,"[52, 4096]",0.9783419095552884,0.03371068090200424,0.9946614666366341,0,0,284.0276794433594,0.530535194809904,0.08478782121864219,0.36361145973205566,155648,0,0,0.9978183452935347,"{""min"": 0.8264953220042994, ""p1"": 0.8892305187050311, ""p5"": 0.9971602839072815, ""p25"": 0.9985781597675166, ""median"": 0.9988250054449812, ""p75"": 0.9989881459381744, ""p95"": 0.9994016588513397, ""p99"": 0.9995291267692697, ""max"": 0.9995668281700545}",0.10324016985222165,1.2693561660661585,"[38, 4096]",0.9801089638157895
R0_vs_O3q,A076,1.0,0,0,0.0,0.0,0.0,0.0,217088,0,0,0.0,0.0,0.0,"[53, 4096]",1.0,0.03000626526772976,0.9959701958241799,0,0,284.0276794433594,0.6209786072479646,0.09191382772467813,0.4037327766418457,217088,0,0,0.9759552288976708,0.09189106556686713,1.5104261813931346,"[53, 4096]",0.9778753316627359,0.03201372176408768,0.9945827606870193,0,0,284.0276794433594,0.5363430373941717,0.08643194931702579,0.3739662170410156,159744,0,0,0.9962867489185726,"{""min"": 0.8264953220042994, ""p1"": 0.8909260645618076, ""p5"": 0.9972207208487314, ""p25"": 0.9984512997995196, ""median"": 0.998787649509495, ""p75"": 0.999024841365865, ""p95"": 0.9992611579803464, ""p99"": 0.9993442394530175, ""max"": 0.999361508650835}",0.10396170314149861,1.2642931068586227,"[39, 4096]",0.9794295873397436
R0_vs_O3q,A077,1.0,0,0,0.0,0.0,0.0,0.0,217088,0,0,0.0,0.0,0.0,"[53, 4096]",1.0,0.03151256591081619,0.9959455588189342,0,0,284.0276794433594,0.5971995745825346,0.08992129055325372,0.37627601623535156,217088,0,0,0.9750640473413198,0.09234977742490928,1.50812502702513,"[53, 4096]",0.9783359743514151,0.03406074643135071,0.9944343724451148,0,0,284.0276794433594,0.5040279417206386,0.08372414239175677,0.3418264389038086,159744,0,0,0.9947434220362629,"{""min"": 0.8264953220042994, ""p1"": 0.8909260645618076, ""p5"": 0.9965013634648436, ""p25"": 0.9985932604825465, ""median"": 0.9989094338360054, ""p75"": 0.9990700065566352, ""p95"": 0.9993321350815195, ""p99"": 0.9994002656418356, ""max"": 0.9994082264253206}",0.105358314391129,1.2605544086564888,"[39, 4096]",0.9800555889423077
R0_vs_O3q,A078,0.9999999999999999,0,0,0.0,0.0,0.0,0.0,204800,0,0,0.0,0.0,0.0,"[50, 4096]",1.0,0.030527343973517418,0.9959247961234071,0,0,284.0276794433594,0.6201673829746869,0.09114365292289645,0.39117705821990967,204800,0,0,0.975401177510271,0.09249334780149211,1.5425756342037986,"[50, 4096]",0.9778173828125,0.0329047292470932,0.9943469928487517,0,0,284.0276794433594,0.5281633728601365,0.08490543889169133,0.3567361831665039,147456,0,0,0.9964267890506983,"{""min"": 0.8264953220042994, ""p1"": 0.885839426991478, ""p5"": 0.9973135190852561, ""p25"": 0.9984625048537066, ""median"": 0.9989079991878909, ""p75"": 0.9990539330024262, ""p95"": 0.9994019587473669, ""p99"": 0.9994305806041934, ""max"": 0.9994313213958611}",0.1061997333560017,1.2953174266019767,"[36, 4096]",0.9794786241319444
R0_vs_O3q,A079,1.0000000000000002,0,0,0.0,0.0,0.0,0.0,208896,0,0,0.0,0.0,0.0,"[51, 4096]",1.0,0.030201630666851997,0.9960352549774755,0,0,284.0276794433594,0.6351129238901908,0.09263687444271444,0.40838396549224854,208896,0,0,0.9743200842749633,0.09157139007678959,1.547136812962749,"[51, 4096]",0.977783203125,0.03239152207970619,0.9947048393565027,0,0,284.0276794433594,0.5512505781791972,0.08713226352795952,0.37734079360961914,151552,0,0,0.9915969783976762,"{""min"": 0.8264953220042994, ""p1"": 0.8875349728482546, ""p5"": 0.9972032574244268, ""p25"": 0.9983466269356895, ""median"": 0.9985914874378845, ""p75"": 0.9989801329222378, ""p95"": 0.9993062376732994, ""p99"": 0.9995605453303517, ""max"": 0.9996280681030453}",0.10281994631633491,1.310052292550312,"[37, 4096]",0.9793866131756757
R0_vs_O3q,A080,1.0000000000000002,0,0,0.0,0.0,0.0,0.0,200704,0,0,0.0,0.0,0.0,"[49, 4096]",1.0,0.02985491044819355,0.9957063540030714,0,0,284.0276794433594,0.620428128721702,0.09315532733350752,0.3907918930053711,200704,0,0,0.9737237922986822,0.09514247010140404,1.5559726459713954,"[49, 4096]",0.9771603954081632,0.03203124925494194,0.9933858591976369,0,0,284.0276794433594,0.5258997309026849,0.08754354837994098,0.35463452339172363,143360,0,0,0.9953679638948071,"{""min"": 0.8264953220042994, ""p1"": 0.8841438811347015, ""p5"": 0.9968535408622503, ""p25"": 0.9984373735731917, ""median"": 0.9986651109416285, ""p75"": 0.9988228379226323, ""p95"": 0.9992243376839209, ""p99"": 0.9994935979029781, ""max"": 0.9995873495871916}",0.11484103571983442,1.3099292674176075,"[35, 4096]",0.9786063058035714
R0_vs_O3q,A081,1.0000000000000002,0,0,0.0,0.0,0.0,0.0,163840,0,0,0.0,0.0,0.0,"[40, 4096]",1.0,0.02982177771627903,0.9957085195310523,0,0,284.0276794433594,0.6734888944467456,0.09472022440254838,0.40990376472473145,163840,0,0,0.9723461813936911,0.09544811667353517,1.7063491323781048,"[40, 4096]",0.976690673828125,0.032733622938394547,0.9931371022638756,0,0,284.0276794433594,0.5748103096961691,0.08800854346376925,0.3673996925354004,106496,0,0,0.9929238818135776,"{""min"": 0.8264953220042994, ""p1"": 0.8688839684237127, ""p5"": 0.9963658802106442, ""p25"": 0.9984487466489709, ""median"": 0.9989186603064324, ""p75"": 0.9991884236890294, ""p95"": 0.999341099148791, ""p99"": 0.9994938582235757, ""max"": 0.9995401543940471}",0.11695615233869759,1.4921669269433613,"[26, 4096]",0.9783841646634616
R0_vs_O3q,A082,1.0,0,0,0.0,0.0,0.0,0.0,167936,0,0,0.0,0.0,0.0,"[41, 4096]",1.0,0.03152986988425255,0.9963055941480867,0,0,284.0276794433594,0.6807131576700535,0.09286728602541496,0.4266550540924072,167936,0,0,0.9773481447690199,0.08794627880807816,1.688582516911962,"[41, 4096]",0.9772651486280488,0.035219546407461166,0.9955472124429106,0,0,284.0276794433594,0.5894352495815838,0.08544340299992885,0.39162492752075195,110592,0,0,0.99699353610667,"{""min"": 0.8264953220042994, ""p1"": 0.8705795142804893, ""p5"": 0.9964048816940816, ""p25"": 0.9984866307505327, ""median"": 0.9990849466060409, ""p75"": 0.9992734050231127, ""p95"": 0.9996793719856064, ""p99"": 0.9997868884478226, ""max"": 0.9998180171238612}",0.09427533956072731,1.469810628958751,"[27, 4096]",0.9791937934027778
R0_vs_O3q,A083,0.9999999999999999,0,0,0.0,0.0,0.0,0.0,172032,0,0,0.0,0.0,0.0,"[42, 4096]",1.0,0.0305059514939785,0.9959279925263907,0,0,284.0276794433594,0.6687003560268966,0.09318364705323694,0.4151120185852051,172032,0,0,0.9739016207045234,0.09280406649489088,1.674103714459302,"[42, 4096]",0.9773007347470238,0.0335518978536129,0.9942034581531191,0,0,284.0276794433594,0.5746759724057223,0.08618308322114347,0.37678802013397217,114688,0,0,0.9934798737932123,"{""min"": 0.8264953220042994, ""p1"": 0.8722750601372657, ""p5"": 0.9964951445016239, ""p25"": 0.9983713146466777, ""median"": 0.9986389991478113, ""p75"": 0.9991477346336808, ""p95"": 0.999484026987797, ""p99"": 0.9995365719094746, ""max"": 0.9995526322196824}",0.10751747472250943,1.4532684528078572,"[28, 4096]",0.9791782924107143
R0_vs_O3q,A084,1.0000000000000002,0,0,0.0,0.0,0.0,0.0,159744,0,0,0.0,0.0,0.0,"[39, 4096]",1.0,0.029259314760565758,0.9956966460578056,0,0,284.0276794433594,0.6825624927647974,0.09474025957751427,0.4173154830932617,159744,0,0,0.9721589397126467,0.09561491854949945,1.7250072073764244,"[39, 4096]",0.976981921073718,0.03197265788912773,0.9930379977411777,0,0,284.0276794433594,0.5850179796823067,0.08777133109916489,0.37512683868408203,102400,0,0,0.9928041437556794,"{""min"": 0.8264953220042994, ""p1"": 0.8671884225669362, ""p5"": 0.9963819228008104, ""p25"": 0.9984651799002574, ""median"": 0.9989832447610238, ""p75"": 0.9991342188826068, ""p95"": 0.9993705675509349, ""p99"": 0.9993741864522615, ""max"": 0.9993746140868831}",0.11779469313122308,1.5162567840082608,"[25, 4096]",0.97890625
R0_vs_O3q,A085,1.0000000000000002,0,0,0.0,0.0,0.0,0.0,159744,0,0,0.0,0.0,0.0,"[39, 4096]",1.0,0.030160756781697273,0.9960463295193374,0,0,284.0276794433594,0.6888458284580944,0.09444005619531701,0.4230940341949463,159744,0,0,0.9744530610955335,0.09142198145018433,1.728813939451883,"[39, 4096]",0.9775265424679487,0.033378906548023224,0.9946111135961361,0,0,284.0276794433594,0.59481998336385,0.08730301382293719,0.3826488256454468,102400,0,0,0.9938747118379849,"{""min"": 0.8264953220042994, ""p1"": 0.8671884225669362, ""p5"": 0.9963418620255164, ""p25"": 0.9985486029375934, ""median"": 0.9991279852403998, ""p75"": 0.9993559338917314, ""p95"": 0.9994850268148001, ""p99"": 0.9995816549331588, ""max"": 0.9996063132484441}",0.10367871044049573,1.5230053049708725,"[25, 4096]",0.979755859375
R0_vs_O3q,A086,1.0000000000000002,0,0,0.0,0.0,0.0,0.0,147456,0,0,0.0,0.0,0.0,"[36, 4096]",1.0,0.02979193814098835,0.9958262867505349,0,0,284.0276794433594,0.6986703223427766,0.09546400975632037,0.4182703495025635,147456,0,0,0.9716249012555717,0.09442305691152632,1.7912442554360433,"[36, 4096]",0.9767795138888888,0.03321422263979912,0.993521023699044,0,0,284.0276794433594,0.5980747217532056,0.08800534114470904,0.37042248249053955,90112,0,0,0.9900484859858254,"{""min"": 0.8264953220042994, ""p1"": 0.8621017849966066, ""p5"": 0.9961083038072129, ""p25"": 0.9984818524762553, ""median"": 0.9990585167639995, ""p75"": 0.9993748764743631, ""p95"": 0.9994758273939133, ""p99"": 0.9995823945708691, ""max"": 0.9996106564721993}",0.11370151268198832,1.6086914006637303,"[22, 4096]",0.9788374467329546
R0_vs_O3q,A087,1.0000000000000002,0,0,0.0,0.0,0.0,0.0,147456,0,0,0.0,0.0,0.0,"[36, 4096]",1.0,0.0296291783452034,0.995746659013274,0,0,284.0276794433594,0.7247486538991426,0.09756689457471596,0.43981659412384033,147456,0,0,0.9721508889467738,0.09510705246685937,1.8041138995814772,"[36, 4096]",0.9759453667534722,0.03294788673520088,0.9933238051622809,0,0,284.0276794433594,0.6407483552090774,0.09144642539299275,0.4007619619369507,90112,0,0,0.9915729648396504,"{""min"": 0.8264953220042994, ""p1"": 0.8621017849966066, ""p5"": 0.99611672930441, ""p25"": 0.9981869036181887, ""median"": 0.9987893589690946, ""p75"": 0.9991457095124516, ""p95"": 0.9992963418256807, ""p99"": 0.9993448042297772, ""max"": 0.9993567916893042}",0.11537280242657809,1.6320551987326237,"[22, 4096]",0.9774724786931818
R0_vs_O3q,A088,1.0000000000000002,0,0,0.0,0.0,0.0,0.0,155648,0,0,0.0,0.0,0.0,"[38, 4096]",1.0,0.028917813673615456,0.9956919843879146,0,0,284.0276794433594,0.6831003192448023,0.09674373318821959,0.41110265254974365,155648,0,0,0.9715874201233694,0.09580450012415284,1.7426352759559058,"[38, 4096]",0.9763761821546053,0.0315450020134449,0.992909699012043,0,0,284.0276794433594,0.5818051835638774,0.0906531256295171,0.36522674560546875,98304,0,0,0.9916705331251395,"{""min"": 0.8264953220042994, ""p1"": 0.8654928767101596, ""p5"": 0.9962431890740027, ""p25"": 0.9984920781692288, ""median"": 0.9988550914873311, ""p75"": 0.9990975955814387, ""p95"": 0.9995897175579065, ""p99"": 0.9996593539431589, ""max"": 0.9996639976264426}",0.1188775215922205,1.5387098750790364,"[24, 4096]",0.97802734375
R0_vs_O3q,A089,1.0,0,0,0.0,0.0,0.0,0.0,163840,0,0,0.0,0.0,0.0,"[40, 4096]",1.0,0.03118896484375,0.9958947614285948,0,0,284.0276794433594,0.686858764876888,0.093112622852702,0.4254012107849121,163840,0,0,0.9737864025562821,0.09317941667079827,1.7186665155995764,"[40, 4096]",0.977288818359375,0.034836988896131516,0.9940916698414488,0,0,284.0276794433594,0.5953793411271573,0.08553531031015946,0.38697242736816406,106496,0,0,0.9934018577368448,"{""min"": 0.8264953220042994, ""p1"": 0.8688839684237127, ""p5"": 0.9964010975197723, ""p25"": 0.9984708123830695, ""median"": 0.9988086876354916, ""p75"": 0.9990864543989342, ""p95"": 0.9993105462344583, ""p99"": 0.9993554057160409, ""max"": 0.9993640534273422}",0.10854597087215895,1.513758755237091,"[26, 4096]",0.9793043870192307
R0_vs_O3q,A090,1.0000000000000002,0,0,0.0,0.0,0.0,0.0,176128,0,0,0.0,0.0,0.0,"[43, 4096]",1.0,0.030228016898036003,0.9960814051471935,0,0,284.0276794433594,0.6734316008920824,0.09359147658047169,0.423844575881958,176128,0,0,0.9728920915759047,0.09143073106948303,1.6722669048669179,"[43, 4096]",0.9772381449854651,0.03303475305438042,0.9947177003376237,0,0,284.0276794433594,0.5849334866410384,0.08702919472125335,0.38826680183410645,118784,0,0,0.9886448720593147,"{""min"": 0.8264953220042994, ""p1"": 0.8739706059940423, ""p5"": 0.9965074514578979, ""p25"": 0.9983625570489402, ""median"": 0.9989773413705505, ""p75"": 0.9990758310761714, ""p95"": 0.9993264580008827, ""p99"": 0.9994445935399595, ""max"": 0.9994821831574712}",0.10282789445635195,1.4583175824785903,"[29, 4096]",0.9790207435344828
R0_vs_O3q,A091,0.9999999999999998,0,0,0.0,0.0,0.0,0.0,147456,0,0,0.0,0.0,0.0,"[36, 4096]",1.0,0.02851019985973835,0.995435878327317,0,0,284.0276794433594,0.6995315423093618,0.09793093562697308,0.4178580045700073,147456,0,0,0.9704406397101426,0.09865178200241495,1.7878778612043895,"[36, 4096]",0.9762437608506944,0.031116832047700882,0.9913300751833286,0,0,284.0276794433594,0.599483990789436,0.09204212893304989,0.3713347315788269,90112,0,0,0.9921601033389117,"{""min"": 0.8264953220042994, ""p1"": 0.8621017849966066, ""p5"": 0.9961248133439674, ""p25"": 0.9981551155853141, ""median"": 0.9985873865138706, ""p75"": 0.9987879155614181, ""p95"": 0.9991393194288938, ""p99"": 0.9994105118800329, ""max"": 0.9994816629956924}",0.13139775867097195,1.6025516868533756,"[22, 4096]",0.9779607599431818
R0_vs_O3q,A092,1.0,0,0,0.0,0.0,0.0,0.0,196608,0,0,0.0,0.0,0.0,"[48, 4096]",1.0,0.0296478271484375,0.9957025568318985,0,0,284.0276794433594,0.6278471121274075,0.0931156424835407,0.3889678716659546,196608,0,0,0.9728586440213544,0.09538481362835673,1.5749301250896879,"[48, 4096]",0.9772288004557291,0.03180290758609772,0.9933079087786093,0,0,284.0276794433594,0.5335933428337097,0.08732247038723585,0.35155344009399414,139264,0,0,0.9930156861488155,"{""min"": 0.8264953220042994, ""p1"": 0.8823878327012001, ""p5"": 0.995985738282396, ""p25"": 0.9982683631550974, ""median"": 0.9987222338478206, ""p75"": 0.9990155228935083, ""p95"": 0.9991179525056334, ""p99"": 0.9993673716847552, ""max"": 0.9994816629956924}",0.1154966828611647,1.3337800800916302,"[34, 4096]",0.9787454044117647
R0_vs_O3q,A093,1.0000000000000002,0,0,0.0,0.0,0.0,0.0,151552,0,0,0.0,0.0,0.0,"[37, 4096]",1.0,0.028999947011470795,0.9955191434556122,0,0,284.0276794433594,0.680360194593369,0.0965352697032492,0.3995063304901123,151552,0,0,0.9705244335343546,0.09780782452059587,1.7617941509344417,"[37, 4096]",0.9759554476351351,0.03179135546088219,0.9918195521475804,0,0,284.0276794433594,0.5729930206167488,0.0900529623033168,0.34938788414001465,94208,0,0,0.9913189715408975,"{""min"": 0.8264953220042994, ""p1"": 0.8637973308533831, ""p5"": 0.9962137629776053, ""p25"": 0.9984009082288833, ""median"": 0.9988240140293558, ""p75"": 0.9991388006393238, ""p95"": 0.9994022447122823, ""p99"": 0.9994160564886528, ""max"": 0.9994198669767473}",0.12764884080443906,1.5641431942902686,"[23, 4096]",0.9774222995923914
R0_vs_O3q,A094,0.9999999999999999,0,0,0.0,0.0,0.0,0.0,155648,0,0,0.0,0.0,0.0,"[38, 4096]",1.0,0.029630962759256363,0.9955368548832653,0,0,284.0276794433594,0.6720004950892824,0.09523413308336728,0.39883410930633545,155648,0,0,0.9707345148578458,0.09757831029420576,1.7419742370253424,"[38, 4096]",0.9767231188322368,0.0326741524040699,0.9919969470082003,0,0,284.0276794433594,0.564230461984304,0.08826292546350095,0.3508913516998291,98304,0,0,0.9914096500584415,"{""min"": 0.8264953220042994, ""p1"": 0.8654928767101596, ""p5"": 0.9962830592470633, ""p25"": 0.9984626750809086, ""median"": 0.9988585665770098, ""p75"": 0.9990857482450657, ""p95"": 0.9992602841200726, ""p99"": 0.9994571573160724, ""max"": 0.9995141626477784}",0.12626322522459502,1.537524286193473,"[24, 4096]",0.97857666015625
R0_vs_O3q,A095,0.9999999999999999,0,0,0.0,0.0,0.0,0.0,192512,0,0,0.0,0.0,0.0,"[47, 4096]",1.0,0.03003968670964241,0.9958556485646994,0,0,284.0276794433594,0.6401374998194443,0.09383674913709744,0.40401482582092285,192512,0,0,0.9743581557542376,0.09345410327491438,1.5897316314065786,"[47, 4096]",0.9769468916223404,0.03242631256580353,0.9940199313924348,0,0,284.0276794433594,0.5482416595680137,0.08817395040604983,0.3687736988067627,135168,0,0,0.9949415866362437,"{""min"": 0.8264953220042994, ""p1"": 0.8807527894211484, ""p5"": 0.9969326500630025, ""p25"": 0.9983607401250634, ""median"": 0.9986196583235938, ""p75"": 0.9991338311984806, ""p95"": 0.9993747654236992, ""p99"": 0.9994670906360127, ""max"": 0.9994816629956924}",0.10920268056677342,1.3507137746818005,"[33, 4096]",0.9783898555871212
R0_vs_O3q,A096,1.0,0,0,0.0,0.0,0.0,0.0,151552,0,0,0.0,0.0,0.0,"[37, 4096]",1.0,0.029428843408823013,0.9955729666175184,0,0,284.0276794433594,0.6855456716109837,0.09634872969187638,0.4049781560897827,151552,0,0,0.9707496976047962,0.09721451961960581,1.7637120218217273,"[37, 4096]",0.9760346283783784,0.03248131647706032,0.9921780484664042,0,0,284.0276794433594,0.5813348749494331,0.08975287619806491,0.35624122619628906,94208,0,0,0.9910755040384749,"{""min"": 0.8264953220042994, ""p1"": 0.8637973308533831, ""p5"": 0.996188689793519, ""p25"": 0.9985046358266376, ""median"": 0.9988247282196558, ""p75"": 0.9991382368123343, ""p95"": 0.9993879482280209, ""p99"": 0.9994171976740244, ""max"": 0.9994198669767473}",0.12483563491893512,1.5676163665389369,"[23, 4096]",0.9775496773097826
R0_vs_O3q,A097,1.0000000000000002,0,0,0.0,0.0,0.0,0.0,163840,0,0,0.0,0.0,0.0,"[40, 4096]",1.0,0.02951660193502903,0.9956534550001328,0,0,284.0276794433594,0.6631307481798103,0.09582834413066381,0.39667320251464844,163840,0,0,0.9701326921013201,0.09656866409574748,1.7113808781077509,"[40, 4096]",0.9765380859375,0.03226412087678909,0.9926857362607198,0,0,284.0276794433594,0.5588747000547301,0.08971334304548531,0.3514082431793213,106496,0,0,0.9872493015487531,"{""min"": 0.8264953220042994, ""p1"": 0.8688839684237127, ""p5"": 0.996434724149908, ""p25"": 0.9981060241332125, ""median"": 0.9986491896756973, ""p75"": 0.9990183198352954, ""p95"": 0.9994418368351858, ""p99"": 0.9994807538715893, ""max"": 0.9994816629956924}",0.12084942634075714,1.5010060923346265,"[26, 4096]",0.9781494140625
R0_vs_O3q,A098,1.0,0,0,0.0,0.0,0.0,0.0,172032,0,0,0.0,0.0,0.0,"[42, 4096]",1.0,0.0309884212911129,0.9958173716345174,0,0,284.0276794433594,0.6467761444629494,0.09220283352388133,0.39038538932800293,172032,0,0,0.9720053800466977,0.09441807715845774,1.6667401436088245,"[42, 4096]",0.9778180803571429,0.0342755988240242,0.9935797834730598,0,0,284.0276794433594,0.5417896550598016,0.08471186292711005,0.346640944480896,114688,0,0,0.9905927753882113,"{""min"": 0.8264953220042994, ""p1"": 0.8722750601372657, ""p5"": 0.9964127830541262, ""p25"": 0.9985261875736214, ""median"": 0.9990398945594314, ""p75"": 0.9991392707807436, ""p95"": 0.9993600368460911, ""p99"": 0.9994897386219483, ""max"": 0.9995141626477784}",0.11317303605950871,1.4405167077311674,"[28, 4096]",0.9799543108258929
R0_vs_O3q,A099,1.0,0,0,0.0,0.0,0.0,0.0,176128,0,0,0.0,0.0,0.0,"[43, 4096]",1.0,0.029790833592414856,0.9957495911149054,0,0,284.0276794433594,0.6508450300943666,0.09433701141435637,0.3980478048324585,176128,0,0,0.9709720718679469,0.09537650263315453,1.65965234834576,"[43, 4096]",0.9769712936046512,0.03238651528954506,0.9932933666028876,0,0,284.0276794433594,0.551443054078908,0.08813464292322032,0.35625171661376953,118784,0,0,0.9879157221408434,"{""min"": 0.8264953220042994, ""p1"": 0.8739706059940423, ""p5"": 0.996636917768119, ""p25"": 0.9983843630276981, ""median"": 0.9986453520236241, ""p75"": 0.9988833664331772, ""p95"": 0.999412967252669, ""p99"": 0.9994666550376802, ""max"": 0.9994816629956924}",0.11574630414256155,1.436791151389762,"[29, 4096]",0.9786250673491379
R0_vs_O3q,A100,1.0,0,0,0.0,0.0,0.0,0.0,151552,0,0,0.0,0.0,0.0,"[37, 4096]",1.0,0.02891416847705841,0.9955077758603622,0,0,284.0276794433594,0.678089300588466,0.09751547104884971,0.3998112678527832,151552,0,0,0.9706212507797735,0.09789590048689664,1.7632250024696268,"[37, 4096]",0.975856471706081,0.03165336325764656,0.991787130239524,0,0,284.0276794433594,0.5693398433045134,0.09162980794623937,0.3505134582519531,94208,0,0,0.9916612135321916,"{""min"": 0.8264953220042994, ""p1"": 0.8637973308533831, ""p5"": 0.9961983985115512, ""p25"": 0.9983982623243011, ""median"": 0.9988796010352464, ""p75"": 0.9990334888562241, ""p95"": 0.9993986462271006, ""p99"": 0.9994164674076356, ""max"": 0.9994198669767473}",0.12789958618489267,1.5667347694171159,"[23, 4096]",0.9772630774456522
