pid,layer,n,max_abs,mean_abs,median_abs,rmse,rel_l2,norm_ratio,cosine,sign_agreement,mean_rel_elementwise_sym,nan_a,nan_b,inf_a,inf_b
A001,0,122880,0.0027260184288024902,0.00043349634256628633,0.00023120641708374023,0.0006714865796497209,0.02980046367726252,1.0006751672827332,0.9995564935487856,0.9733235677083333,0.07782505958689766,0,0,0,0
A001,1,122880,0.05255603790283203,0.0016363051714203417,0.001298532821238041,0.0021813770668617535,0.010862444861302613,1.001861559996729,0.9999428427502779,0.9921142578125,0.04084015048338331,0,0,0,0
A001,2,122880,0.1507720947265625,0.002373627969608568,0.0018028933554887772,0.003373798618786113,0.009090073236493182,1.0006560804402975,0.999958927451945,0.9918131510416667,0.04076355322375756,0,0,0,0
A001,3,122880,0.3511199951171875,0.0030346212729322514,0.0023857727646827698,0.004296177172585687,0.009119455389940245,1.0011794750203753,0.9999591615153289,0.9921305338541667,0.04190685311685635,0,0,0,0
A001,4,122880,0.44567108154296875,0.003946378093257863,0.0031326264142990112,0.005550422685478715,0.010578425717876748,1.0020408534027099,0.9999462407107995,0.991357421875,0.043281604244953566,0,0,0,0
A001,5,122880,0.6224594116210938,0.005145005405497235,0.004064179956912994,0.007245568705279676,0.011529617342811561,1.0015264423801713,0.9999347985014653,0.9916829427083333,0.043730822190589366,0,0,0,0
A001,6,122880,0.8011970520019531,0.006283138166588742,0.004831910133361816,0.009261781691100427,0.013553810686621627,1.0014277055470917,0.9999092957784205,0.9912109375,0.04473490006492909,0,0,0,0
A001,7,122880,298.921875,0.057422543803617526,0.0065110474824905396,0.925308414961837,0.02354435626346044,0.9779735602750839,0.9999646346958062,0.9860921223958333,0.05712679238082464,0,0,0,0
A001,8,122880,298.060546875,0.05955571560620001,0.008261356502771378,0.9235046667878893,0.023497874255198465,0.9780184157361641,0.9999647450157093,0.9851481119791666,0.059820635470833175,0,0,0,0
A001,9,122880,297.078125,0.06159977856879474,0.010098885744810104,0.9218150732955895,0.02345404807527535,0.9780628256047714,0.9999648014683363,0.9849609375,0.061242030013637754,0,0,0,0
A001,10,122880,295.4150390625,0.062362573095686005,0.010762311518192291,0.9181402018927555,0.023360329634604528,0.9781612053576679,0.9999648462600901,0.9842854817708333,0.063586562130564,0,0,0,0
A001,11,122880,294.6357421875,0.06279702373755451,0.011026032269001007,0.917454479398541,0.023342252349773548,0.9781790631536754,0.9999648799169305,0.983642578125,0.06476464679494474,0,0,0,0
A001,12,122880,293.669921875,0.06344171111893501,0.011631906032562256,0.9167399143985121,0.023323383404261752,0.9782024175160738,0.9999648101404964,0.9842447916666667,0.06413992446184959,0,0,0,0
A001,13,122880,291.806640625,0.0641711576418667,0.012290596961975098,0.9128260262531592,0.023222482348745455,0.9783136432980396,0.9999647425854146,0.9837809244791667,0.06484651825775006,0,0,0,0
A001,14,122880,287.4462890625,0.06547219255556531,0.01345362514257431,0.9011025708020318,0.022924068104677287,0.9786329464585409,0.9999647661967269,0.9830810546875,0.06681407817230486,0,0,0,0
A001,15,122880,285.1318359375,0.06668141432766675,0.014312297105789185,0.8953348298645799,0.02277562944800896,0.9787941052117191,0.9999647324587412,0.983349609375,0.0671653804469384,0,0,0,0
A001,16,122880,282.5302734375,0.06818246709288663,0.015865027904510498,0.8895005995128793,0.022626556514475343,0.9789544037266634,0.9999647358769014,0.9830891927083333,0.06905349660807675,0,0,0,0
A001,17,122880,342.26171875,0.09515998728525878,0.017444118857383728,1.372905164541935,0.028445273874245454,0.9734842110576631,0.9999455324794475,0.9818359375,0.07339866168928119,0,0,0,0
A001,18,122880,361.359375,0.09708690717063746,0.01925770938396454,1.416231479427858,0.02928079026186111,0.9728026265295576,0.9999395213625771,0.9817545572916667,0.07349919055499661,0,0,0,0
A001,19,122880,361.73046875,0.09861634155787063,0.020552396774291992,1.4160281684221954,0.029276108968817917,0.9728165225662593,0.9999392747202457,0.9805419921875,0.07671868869885472,0,0,0,0
A001,20,122880,362.671875,0.1019267960537699,0.023468807339668274,1.420602736599236,0.029366495491772015,0.9727341291867622,0.9999388510474273,0.9807373046875,0.0774246887363024,0,0,0,0
A001,21,122880,365.75,0.104325514984176,0.0257493257522583,1.4310597170605046,0.029581070337793457,0.972534557087887,0.9999379512187551,0.9810465494791667,0.07767249204423735,0,0,0,0
A001,22,122880,366.4365234375,0.10853861433029692,0.0295562744140625,1.4335043757526624,0.0296279664145515,0.9725067397954791,0.999937307870373,0.9802083333333333,0.07858703512213244,0,0,0,0
A001,23,122880,369.16796875,0.11383854455800702,0.033948421478271484,1.4428040376108402,0.02981198571505912,0.9723578130868521,0.9999358960285736,0.9813720703125,0.0765039147981397,0,0,0,0
A001,24,122880,371.888671875,0.12099511796006178,0.04032731056213379,1.4534180676563908,0.030017635181367984,0.9721830263980275,0.9999345419545227,0.98154296875,0.07450863216541993,0,0,0,0
A001,25,122880,371.89453125,0.1316518074188707,0.05049598217010498,1.4543499134200322,0.030015909845782132,0.9722265250371895,0.9999333545583142,0.9818522135416666,0.0744673530633906,0,0,0,0
A001,26,122880,370.6513671875,0.14217052796480706,0.059957027435302734,1.4525306899395545,0.02995449065196438,0.9723266663327611,0.999932400232087,0.9817138671875,0.07425526962212779,0,0,0,0
A001,27,122880,369.9775390625,0.15476997268760898,0.0712815523147583,1.4517178747519686,0.029908168962720527,0.9724304964569292,0.9999308839831841,0.9813557942708333,0.07483056771538206,0,0,0,0
A001,28,122880,368.1083984375,0.16972625937901284,0.08447182178497314,1.448052544003299,0.029794359922018027,0.972617103964993,0.9999291186185523,0.982275390625,0.07391667861727594,0,0,0,0
A001,29,122880,362.67578125,0.1869407441768241,0.09924066066741943,1.4360770658210242,0.02948969003285447,0.9730015985761508,0.9999276835007274,0.9818766276041667,0.07470277454370057,0,0,0,0
A001,30,122880,359.8984375,0.20969745574670923,0.11901989579200745,1.4338036625030794,0.029372331064890646,0.9732504313611778,0.999924379992508,0.9809977213541666,0.07700616698102837,0,0,0,0
A001,31,122880,355.7470703125,0.23742982536668175,0.14346981048583984,1.4293024380281467,0.02916328090923393,0.9736789351860874,0.9999190192502104,0.9814127604166667,0.07753622431104494,0,0,0,0
A001,32,122880,351.69921875,0.27040469823473356,0.17020249366760254,1.4340572016026374,0.029134473134877298,0.9739642599417695,0.9999122361202056,0.9810302734375,0.08023554238799573,0,0,0,0
A001,33,122880,350.55078125,0.3107130977598596,0.2042158842086792,1.443368304509912,0.02917139378292827,0.9743471190721641,0.9999010106811187,0.97958984375,0.08336919481309278,0,0,0,0
A001,34,122880,313.5673828125,0.36863566713964246,0.24932146072387695,1.3402818041622508,0.026967998663455953,0.9773972346522645,0.9998893039887599,0.9777425130208334,0.08883739173423205,0,0,0,0
A001,35,122880,555.029296875,0.4949425827194621,0.34760522842407227,1.9010418727872025,0.05850599032809357,0.983104384645588,0.9984042950397386,0.9789225260416666,0.08931338452125077,0,0,0,0
A001,36,122880,329.82373046875,0.7370237174568804,0.43748337030410767,1.8872886285310777,0.09760424871294934,0.9624933472965111,0.9957818719513195,0.9752034505208333,0.0993231645759968,0,0,0,0
A002,0,126976,0.0027260184288024902,0.0003999785995626054,0.00020823627710342407,0.0006394449324537718,0.02841808501097704,1.0006730985494532,0.9995967042107942,0.9750189012096774,0.07269930620546827,0,0,0,0
A002,1,126976,0.04532337188720703,0.0016460678451529298,0.001308799721300602,0.0021854523297223107,0.010824000087886518,1.00129987054083,0.9999423402929153,0.9923922631048387,0.039801426552109026,0,0,0,0
A002,2,126976,0.1507720947265625,0.0024404650089180787,0.00187234440818429,0.003427067219824077,0.009168652958541508,1.0003697502997724,0.9999580517694754,0.9921323714717742,0.03956151735832324,0,0,0,0
A002,3,126976,0.3511199951171875,0.0031631573261719378,0.002493336796760559,0.0044389867162788746,0.009321909338952276,1.0008741222760746,0.9999569706609188,0.9925103956653226,0.0404999696644298,0,0,0,0
A002,4,126976,0.44567108154296875,0.004027594812953339,0.0032033771276474,0.005634122336833746,0.01067054435957712,1.0019443210470536,0.9999450667415927,0.9913841985887096,0.042237369155806295,0,0,0,0
A002,5,126976,0.6224594116210938,0.005317378157828458,0.004168665036559105,0.007448953037948863,0.011882795432507608,1.0018204152764176,0.9999311818199105,0.9917228452620968,0.043371920673631804,0,0,0,0
A002,6,126976,0.8011970520019531,0.006567314911124765,0.005011942237615585,0.0096041419338793,0.013900022997797735,1.0017110610298499,0.9999050210600172,0.9912266885080645,0.0444678218682607,0,0,0,0
A002,7,126976,298.921875,0.05608102695468768,0.006671063601970673,0.9102677397101843,0.02354422205472007,0.9779742284333809,0.9999646229026063,0.9862729964717742,0.0566749485438298,0,0,0,0
A002,8,126976,298.060546875,0.05798616407918372,0.008256286382675171,0.9084914423230782,0.02349777447394297,0.9780188222954402,0.9999647382901137,0.9854775705645161,0.05953857372872507,0,0,0,0
A002,9,126976,297.078125,0.060081940818067336,0.010103702545166016,0.9068328625344766,0.023454017422515003,0.9780633321322739,0.999964790860747,0.9849971648185484,0.06100786799978428,0,0,0,0
A002,10,126976,295.4150390625,0.06084602522803966,0.010775148868560791,0.9032188051063442,0.023360327307251592,0.9781617937418902,0.9999648332005139,0.9844380040322581,0.06346101064343689,0,0,0,0
A002,11,126976,294.6357421875,0.06128140403497597,0.011034548282623291,0.9025439785858478,0.02334210900728522,0.9781800873197708,0.9999648605280214,0.9838394657258065,0.06414238539050966,0,0,0,0
A002,12,126976,293.669921875,0.06192130010761561,0.011660635471343994,0.9018434144393633,0.02332332396403445,0.9782029766561715,0.9999647991185245,0.9843356224798387,0.0639143895543429,0,0,0,0
A002,13,126976,291.806640625,0.06271265313439252,0.012385278940200806,0.8979960985651588,0.023222473031128097,0.9783141891736902,0.9999647307259515,0.9842017389112904,0.0643093136144821,0,0,0,0
A002,14,126976,287.4462890625,0.06394662960740921,0.013436928391456604,0.8864617015845359,0.022923953781134786,0.9786336707852897,0.9999647530864157,0.9833039314516129,0.06634203109393122,0,0,0,0
A002,15,126976,285.1318359375,0.06507775240590909,0.014306455850601196,0.8807854993093087,0.022775425292880326,0.9787947164254964,0.9999647239892915,0.9834614415322581,0.0668561842260298,0,0,0,0
A002,16,126976,282.5302734375,0.06651937178900968,0.015731528401374817,0.8750471412012444,0.022626329307094843,0.9789552300395663,0.9999647233943351,0.9828707787298387,0.06883556750387938,0,0,0,0
A002,17,126976,342.26171875,0.0926055911562461,0.017213813960552216,1.350586199981686,0.028444812849277242,0.9734850831825287,0.9999455222447546,0.9820438508064516,0.07246173374910775,0,0,0,0
A002,18,126976,361.359375,0.09449948790703391,0.018934011459350586,1.3932077331607107,0.02928023816132315,0.9728037018412777,0.9999395079844875,0.9822801159274194,0.0726549202737033,0,0,0,0
A002,19,126976,361.73046875,0.09610931984047232,0.020309392362833023,1.3930119243409618,0.029275547010257506,0.9728179434033378,0.9999392520189783,0.9813193044354839,0.07538736258011569,0,0,0,0
A002,20,126976,362.671875,0.09942837864836138,0.023299992084503174,1.397512080471666,0.029365625685885115,0.9727358935675924,0.9999388279628876,0.9815004410282258,0.07607048244739995,0,0,0,0
A002,21,126976,365.75,0.10178383060596638,0.025461480021476746,1.4078011466766367,0.029580122862796755,0.972536369945851,0.9999379289574372,0.9806577620967742,0.07720332087309956,0,0,0,0
A002,22,126976,366.4365234375,0.10592982484321796,0.029207276180386543,1.4102077700254556,0.029627020829966388,0.9725084989946047,0.9999372870592617,0.9804766255040323,0.07764146108290729,0,0,0,0
A002,23,126976,369.16796875,0.11093218009543102,0.033196836709976196,1.4193522561873757,0.029810270420185886,0.9723606491904633,0.9999358681835521,0.9816973286290323,0.07516005453843465,0,0,0,0
A002,24,126976,371.888671875,0.11787622753245747,0.03936615586280823,1.4297958887679436,0.030016194524352405,0.9721851575480049,0.9999345256034277,0.981720955141129,0.07405948236227455,0,0,0,0
A002,25,126976,371.89453125,0.12817302230617375,0.0488007515668869,1.4307081379862177,0.0300137430700329,0.9722291246701953,0.9999333473698735,0.9816815776209677,0.07388447921021428,0,0,0,0
A002,26,126976,370.6513671875,0.13842304715508508,0.05802583694458008,1.4289104585234864,0.02995105538803186,0.9723309804006383,0.9999323835834109,0.9818705897177419,0.07358041385071744,0,0,0,0
A002,27,126976,369.9775390625,0.15071011976050935,0.06923067569732666,1.4281024496672887,0.02990302928613621,0.9724358082140065,0.9999308918436883,0.9815398185483871,0.0739704384481618,0,0,0,0
A002,28,126976,368.1083984375,0.16548158127591617,0.08196103572845459,1.4245038614988497,0.02978808599113993,0.9726219769211927,0.9999291739634828,0.9821541078629032,0.07338951558958916,0,0,0,0
A002,29,126976,362.67578125,0.18217121914772033,0.09580254554748535,1.4127085743185053,0.02948355718186496,0.9730038227790833,0.9999278078069865,0.9821698588709677,0.07372022882507262,0,0,0,0
A002,30,126976,359.8984375,0.2043264492070252,0.11479461193084717,1.4104645445542787,0.029363776664793437,0.9732601133820797,0.9999243728158301,0.9814374369959677,0.07613889951514424,0,0,0,0
A002,31,126976,355.7470703125,0.23141248282380025,0.13788318634033203,1.4060565579910553,0.02915092489769309,0.9737042459488312,0.999918707481287,0.9818548387096774,0.07654084434896417,0,0,0,0
A002,32,126976,351.69921875,0.2639433560723099,0.16406559944152832,1.4108319091051706,0.029120956530263965,0.9740129306335426,0.9999113449475112,0.9807680191532258,0.0794336814012158,0,0,0,0
A002,33,126976,350.55078125,0.3044377787446431,0.1985296607017517,1.4202551826238001,0.029158479224005662,0.974395067659195,0.9999001409402924,0.9801773563508065,0.082550571241804,0,0,0,0
A002,34,126976,313.5673828125,0.3626786397041043,0.24392378330230713,1.3193826815924867,0.02696149139170329,0.9774510373693127,0.9998882469330985,0.9785865045362904,0.0874324196666352,0,0,0,0
A002,35,126976,555.029296875,0.4870436110195442,0.3410569429397583,1.8713480755757101,0.05822228947237337,0.9833087837225021,0.9984179749321449,0.9789566532258065,0.08888617136038662,0,0,0,0
A002,36,126976,329.82373046875,0.7207894380229728,0.4246448278427124,1.8574441753732025,0.09763819236281301,0.9625673540865165,0.9957758729333225,0.9750819052419355,0.09899773542561711,0,0,0,0
A003,0,122880,0.0027260184288024902,0.0004250261828777487,0.0002185441553592682,0.0006661991677940446,0.03012349847170677,1.000704935213359,0.9995468553243786,0.9728271484375,0.07825676345132729,0,0,0,0
A003,1,122880,0.04532337188720703,0.001735070864693474,0.0013766167685389519,0.0023124796744406644,0.011303588721518112,1.0015550747711042,0.9999374208849823,0.9919677734375,0.04087335658623902,0,0,0,0
A003,2,122880,0.1507720947265625,0.002550188866252749,0.001972390338778496,0.003555426951374686,0.00939879024375921,1.000454534073474,0.9999559546916826,0.9919840494791666,0.04019239685929659,0,0,0,0
A003,3,122880,0.3511199951171875,0.0033425100657931734,0.0026099421083927155,0.004689399634036725,0.009674966613477023,1.0011547839852122,0.9999539174888855,0.9921956380208333,0.04117302736465592,0,0,0,0
A003,4,122880,0.44567108154296875,0.004272658192400058,0.0033777356147766113,0.00594895763110522,0.011038466871932853,1.0022131766925853,0.9999416543293729,0.99111328125,0.0430569221700734,0,0,0,0
A003,5,122880,0.6224594116210938,0.005448912460478065,0.004293367266654968,0.007599197491546267,0.011906095447156451,1.0017157057061103,0.9999307131444898,0.9917073567708333,0.04353267183410672,0,0,0,0
A003,6,122880,0.8011970520019531,0.006608889684686877,0.005114391446113586,0.009614450342514307,0.013771467669719279,1.0018612460913416,0.9999070784075681,0.9912760416666667,0.04423450289680748,0,0,0,0
A003,7,122880,298.921875,0.057663704415256235,0.006725475192070007,0.9253115765633585,0.02354419678678268,0.9779742652638519,0.9999646226827612,0.98603515625,0.057076266214859166,0,0,0,0
A003,8,122880,298.060546875,0.059611613314996245,0.008322402834892273,0.9235059131736139,0.023497689889915758,0.9780188848291052,0.9999647389191162,0.985400390625,0.05887742459225201,0,0,0,0
A003,9,122880,297.078125,0.061717431757142546,0.010210689157247543,0.9218182379715365,0.023453886052804764,0.978063495338397,0.999964790356384,0.9845133463541667,0.06128183986397072,0,0,0,0
A003,10,122880,295.4150390625,0.0623486916253834,0.010741397738456726,0.9181411724351192,0.02336013147709516,0.9781619625336561,0.9999648341149626,0.9845784505208334,0.06281150597387547,0,0,0,0
A003,11,122880,294.6357421875,0.06287474287535133,0.01104775071144104,0.9174590715017084,0.023342206103987177,0.9781796880778849,0.9999648671025069,0.9838785807291667,0.06429165756083663,0,0,0,0
A003,12,122880,293.669921875,0.06363575433491254,0.011833935976028442,0.9167481229720251,0.023323520084181287,0.9782028916560942,0.999964796333385,0.9839274088541666,0.0649497725459018,0,0,0,0
A003,13,122880,291.806640625,0.06439723009410728,0.012491315603256226,0.9128362668938556,0.023222674293311815,0.9783137447538647,0.9999647357838414,0.983935546875,0.06547459381721188,0,0,0,0
A003,14,122880,287.4462890625,0.06560683129063515,0.013528887182474136,0.9011099917634895,0.02292415462598541,0.9786331368063867,0.9999647600208971,0.98330078125,0.06736803659273317,0,0,0,0
A003,15,122880,285.1318359375,0.0668114879085446,0.014433681964874268,0.8953446886335115,0.02277575751941039,0.9787938229777826,0.9999647355831922,0.98310546875,0.06792878539862718,0,0,0,0
A003,16,122880,282.5302734375,0.06832301948460705,0.015960469841957092,0.8895136675302134,0.022626707473854334,0.9789543403647074,0.999964733747645,0.9822916666666667,0.07029200888154485,0,0,0,0
A003,17,122880,342.26171875,0.09545046708701647,0.017669305205345154,1.3729168196801143,0.028445295741887516,0.9734844309290984,0.9999455258639373,0.9818766276041667,0.0736801476706648,0,0,0,0
A003,18,122880,361.359375,0.09744339447064855,0.019470572471618652,1.4162456432653538,0.029280766220362874,0.9728030432068627,0.99993951046285,0.9821614583333333,0.07387055075950504,0,0,0,0
A003,19,122880,361.73046875,0.09899180286410379,0.02077871561050415,1.4160425514791402,0.029276097565596713,0.9728167989711902,0.9999392673571097,0.9808268229166667,0.0770516732987488,0,0,0,0
A003,20,122880,362.671875,0.102218418327332,0.023600444197654724,1.4206163951879498,0.02936644687904571,0.9727342154209451,0.9999388501032959,0.9808024088541667,0.07760540589089629,0,0,0,0
A003,21,122880,365.75,0.10456466809110149,0.025776654481887817,1.431074260295662,0.029581022578178164,0.9725344476686955,0.9999379557545767,0.9806640625,0.07798256904672078,0,0,0,0
A003,22,122880,366.4365234375,0.1088564410397396,0.029649455100297928,1.4335244399184832,0.029628136659544557,0.972506526816363,0.99993730869107,0.9801350911458333,0.07867268697968759,0,0,0,0
A003,23,122880,369.16796875,0.11409232832878995,0.03395017981529236,1.4428210949830294,0.029811970779003487,0.9723577106286438,0.9999358993924375,0.9809407552083333,0.07649927864369946,0,0,0,0
A003,24,122880,371.888671875,0.12119836146384841,0.040248677134513855,1.4534374078984948,0.03001757754711393,0.9721837443913187,0.9999345232388197,0.9813313802083333,0.07451023312187974,0,0,0,0
A003,25,122880,371.89453125,0.1315930218652814,0.05006057024002075,1.4543589022816794,0.030016110392770707,0.9722265846743312,0.9999333466671754,0.9819742838541666,0.0738998815766754,0,0,0,0
A003,26,122880,370.6513671875,0.14211202380690793,0.059538066387176514,1.4525296250839743,0.029953813579902577,0.9723257047757625,0.9999324483909166,0.9819254557291667,0.07369805749483836,0,0,0,0
A003,27,122880,369.9775390625,0.15464488250684857,0.07090255618095398,1.451708980656577,0.029907380259058893,0.9724268950154014,0.9999310100964115,0.981591796875,0.07437649726152702,0,0,0,0
A003,28,122880,368.1083984375,0.16969344807656248,0.08399271965026855,1.4480693533458537,0.02979452121142189,0.9726088518870738,0.9999293454408698,0.9822347005208333,0.07348190554662908,0,0,0,0
A003,29,122880,362.67578125,0.18656166246184208,0.09820634126663208,1.4360854677642714,0.02949035463559551,0.9729907742679019,0.9999279629645038,0.9817545572916667,0.07433970898216792,0,0,0,0
A003,30,122880,359.8984375,0.20931977217840844,0.11777174472808838,1.4338643886010134,0.029372327170198508,0.9732462915711694,0.9999244935788753,0.980810546875,0.07646247963850675,0,0,0,0
A003,31,122880,355.7470703125,0.23712980691864233,0.14167457818984985,1.4294003480808277,0.02916681871559585,0.9736693735778696,0.9999191710089298,0.9817057291666667,0.07720371583989476,0,0,0,0
A003,32,122880,351.69921875,0.2699954883239267,0.16852563619613647,1.4341112287913378,0.02913879749718618,0.9739524734304894,0.9999124208399046,0.9805094401041666,0.07994274048719009,0,0,0,0
A003,33,122880,350.55078125,0.3105046313041991,0.20316016674041748,1.443406983917387,0.029178424894179763,0.97431695411373,0.9999015917600017,0.9793863932291667,0.08380068026192143,0,0,0,0
A003,34,122880,313.5673828125,0.3692481937747895,0.24878692626953125,1.3403373516589847,0.026978131923400088,0.9773701139881648,0.9998896488351341,0.9779622395833333,0.08846076476694305,0,0,0,0
A003,35,122880,555.029296875,0.49648212181527923,0.3501906394958496,1.9023303939726355,0.058589554978035675,0.983155629036434,0.9983985225602316,0.9788655598958333,0.08970030676551831,0,0,0,0
A003,36,122880,329.82373046875,0.7313169278679804,0.4314882755279541,1.8838573107108718,0.09815930877221758,0.9625613280875817,0.9957230799203035,0.9751708984375,0.0994664824614883,0,0,0,0
A004,0,131072,0.0027260184288024902,0.00043552260687818034,0.00023695826530456543,0.0006687867248029174,0.029633237659228137,1.0007375578396802,0.9995615310049443,0.9738998413085938,0.07731589110621782,0,0,0,0
A004,1,131072,0.04532337188720703,0.0016642066290559754,0.0013164430856704712,0.0022128982151998554,0.011092022144540758,1.001579171087289,0.9999398254389618,0.9921951293945312,0.04015563229298237,0,0,0,0
A004,2,131072,0.1507720947265625,0.0024066308538635006,0.0018421337008476257,0.0033901185849299965,0.009287604787949218,1.0005582294591688,0.99995704998468,0.9922027587890625,0.0402699161558839,0,0,0,0
A004,3,131072,0.3511199951171875,0.003061346320352598,0.002410106360912323,0.0043067391894110055,0.00934986991144489,1.0010712629744047,0.999956909929297,0.9920501708984375,0.04193191049862154,0,0,0,0
A004,4,131072,0.44567108154296875,0.004057873760104691,0.0032172687351703644,0.005660157240991172,0.010853303478265618,1.0020668290498678,0.9999433558667049,0.9915390014648438,0.0426038218349233,0,0,0,0
A004,5,131072,0.6224594116210938,0.005226855384385942,0.004127778112888336,0.00728760654342944,0.011703838920583546,1.0015184462094315,0.9999327650094227,0.991485595703125,0.0435076930687089,0,0,0,0
A004,6,131072,0.8011970520019531,0.0063968844372919165,0.0049297865480184555,0.009315336351014959,0.013596683993715917,1.0014916371185578,0.9999088135998534,0.9912261962890625,0.044109425169312495,0,0,0,0
A004,7,131072,298.921875,0.0544056501829111,0.006564199924468994,0.8959303727197317,0.023544144471366584,0.9779742763381175,0.999964623693214,0.9865493774414062,0.05590762331462949,0,0,0,0
A004,8,131072,298.060546875,0.05645272347572927,0.008263543248176575,0.8941851087765577,0.02349768050271279,0.97801904665273,0.9999647355134907,0.9856491088867188,0.05885015486258827,0,0,0,0
A004,9,131072,297.078125,0.05862068206285187,0.010229252278804779,0.8925540059321475,0.023453909047961248,0.9780636722724709,0.9999647858429803,0.9853057861328125,0.05989782037960384,0,0,0,0
A004,10,131072,295.4150390625,0.05937762732250107,0.01088685542345047,0.8889969840653714,0.023360213972822275,0.9781621594897904,0.9999648277547658,0.9848480224609375,0.062378231752223956,0,0,0,0
A004,11,131072,294.6357421875,0.05988977617994351,0.011202134191989899,0.8883363341576893,0.023342126955718412,0.9781800991670058,0.9999648598358756,0.9840469360351562,0.06381849615653609,0,0,0,0
A004,12,131072,293.669921875,0.06058621175652945,0.011832103133201599,0.8876489869862596,0.02332338673987165,0.9782029958872672,0.9999647971939281,0.9846572875976562,0.06355893944267908,0,0,0,0
A004,13,131072,291.806640625,0.061378788934394635,0.012559682130813599,0.8838621619993338,0.02322242947962923,0.9783144812088094,0.9999647252969163,0.9840850830078125,0.06442994719727047,0,0,0,0
A004,14,131072,287.4462890625,0.06272472355021819,0.013711556792259216,0.8725157849310389,0.022924061757801314,0.978633870696091,0.9999647461997233,0.9836349487304688,0.0662108336957838,0,0,0,0
A004,15,131072,285.1318359375,0.06397176828867934,0.014641016721725464,0.8669366294777033,0.022775646324788654,0.9787949184378701,0.9999647144768773,0.9836807250976562,0.06679049372658592,0,0,0,0
A004,16,131072,282.5302734375,0.0655011294472061,0.016184836626052856,0.8612944036703238,0.02262664948347083,0.9789552985659018,0.9999647145234827,0.9830551147460938,0.06909631152962449,0,0,0,0
A004,17,131072,342.26171875,0.09080901304403,0.01769658923149109,1.3293349009449982,0.028444770721942528,0.9734855944371184,0.9999455095793516,0.9821014404296875,0.07260189795917824,0,0,0,0
A004,18,131072,361.359375,0.09267328309293532,0.019392937421798706,1.3712866011558538,0.029280195250937176,0.9728041178903134,0.9999394976706802,0.9825973510742188,0.07264039632755835,0,0,0,0
A004,19,131072,361.73046875,0.09430045603134829,0.02081272006034851,1.371097407043101,0.0292754856839231,0.9728182208538728,0.9999392461294688,0.9810714721679688,0.0753083813640827,0,0,0,0
A004,20,131072,362.671875,0.09767559176470009,0.023758381605148315,1.375535695038408,0.02936532683696709,0.9727370126496248,0.9999388056898079,0.981170654296875,0.07616497931472227,0,0,0,0
A004,21,131072,365.75,0.0999870087175374,0.02581682801246643,1.3856664212532899,0.0295799004697108,0.972537454753335,0.9999379051573889,0.9811935424804688,0.0766590237229041,0,0,0,0
A004,22,131072,366.4365234375,0.10415949291163962,0.029633164405822754,1.3880450962083815,0.029626793493773458,0.9725099342609559,0.9999372535055502,0.9804000854492188,0.0772301284479822,0,0,0,0
A004,23,131072,369.16796875,0.10920312103613838,0.0336732417345047,1.3970543276950833,0.02981007067681354,0.9723629547618512,0.9999358089262604,0.9813232421875,0.0756415950898628,0,0,0,0
A004,24,131072,371.888671875,0.11618456810316502,0.03988638520240784,1.407349966939534,0.030015061529300016,0.9721909561223402,0.9999343950916159,0.982208251953125,0.07299391028552688,0,0,0,0
A004,25,131072,371.89453125,0.12642987093807534,0.049273133277893066,1.4082695180893932,0.030012037974240645,0.9722371724863257,0.9999331707141583,0.9822235107421875,0.0727739223792561,0,0,0,0
A004,26,131072,370.6513671875,0.13690676788602474,0.058788180351257324,1.406541613426263,0.029948734361923607,0.9723405343273521,0.9999321839191474,0.9821701049804688,0.07253682090243005,0,0,0,0
A004,27,131072,369.9775390625,0.1493266976515315,0.06975317001342773,1.4057999369346483,0.029902152999468155,0.9724461045319289,0.9999306277242972,0.982269287109375,0.07315162983646456,0,0,0,0
A004,28,131072,368.1083984375,0.16484090035444865,0.08352571725845337,1.4024022050292595,0.029787798642424368,0.9726370767142677,0.999928758947948,0.982208251953125,0.07300099432480381,0,0,0,0
A004,29,131072,362.67578125,0.18198558903510786,0.098213791847229,1.3909435733662203,0.02948113650660193,0.9730279467236262,0.9999272139344746,0.9825897216796875,0.0726350013408482,0,0,0,0
A004,30,131072,359.8984375,0.2046492108450053,0.11755490303039551,1.3890200721808474,0.029364513220029295,0.9732897032532322,0.9999235403991992,0.981658935546875,0.07526239839789808,0,0,0,0
A004,31,131072,355.7470703125,0.23290513864434814,0.14134162664413452,1.385129163104749,0.029157908215222517,0.9737369299748573,0.9999176190409325,0.9817047119140625,0.07664455385379439,0,0,0,0
A004,32,131072,351.69921875,0.2660192950554148,0.1687757968902588,1.3903317285047465,0.02913076403336762,0.9740534381601356,0.9999099755028893,0.980743408203125,0.0791464733703951,0,0,0,0
A004,33,131072,350.55078125,0.3064891461831394,0.20235443115234375,1.4000555390102922,0.02916767167528251,0.9744493964151014,0.9998984453537907,0.980194091796875,0.08225841035838678,0,0,0,0
A004,34,131072,313.5673828125,0.36508225736821487,0.24860811233520508,1.3018150557131527,0.026984763389418243,0.9775104767492507,0.9998862422427045,0.9781875610351562,0.08780852227823877,0,0,0,0
A004,35,131072,555.029296875,0.49573263457642724,0.3532402515411377,1.8484452098228599,0.058041653630552054,0.9835994539599937,0.9984242286668225,0.979217529296875,0.08894578591702768,0,0,0,0
A004,36,131072,329.82373046875,0.7271501911326368,0.4383659362792969,1.8364477443487754,0.0967489149445777,0.9639480656978535,0.9958189601375503,0.9752883911132812,0.09888639968308893,0,0,0,0
A005,0,131072,0.0027260184288024902,0.00041819010029087167,0.0002202056348323822,0.0006535018359036441,0.029263539698329122,1.000685801422711,0.9995723510662052,0.974578857421875,0.07468232070977522,0,0,0,0
A005,1,131072,0.04532337188720703,0.0016562528543913047,0.0013208072632551193,0.0021930969176559172,0.010846847537360576,1.0016326670101956,0.9999425994659924,0.992156982421875,0.04027445349408889,0,0,0,0
A005,2,131072,0.1507720947265625,0.002526377670859059,0.001926378346979618,0.0035569820387507944,0.009442279766415554,1.0005607795923583,0.9999556038097593,0.9922256469726562,0.03951719110729639,0,0,0,0
A005,3,131072,0.3511199951171875,0.0032991591792859154,0.0025406479835510254,0.004664758680491362,0.009816528359911404,1.0013130490150772,0.9999527419864258,0.99237060546875,0.04054491225645119,0,0,0,0
A005,4,131072,0.44567108154296875,0.004117848179017614,0.003237806260585785,0.005748816225696255,0.010934274105623957,1.0022937606796838,0.9999429822789258,0.9914703369140625,0.04235066470707746,0,0,0,0
A005,5,131072,0.6224594116210938,0.005319179719588618,0.004159802570939064,0.007424349985229815,0.011861131776381059,1.0019678883905747,0.999931727421665,0.991943359375,0.0429315933284293,0,0,0,0
A005,6,131072,0.8011970520019531,0.006474418696560846,0.004967235028743744,0.009419137839336986,0.013612988061849528,1.001674906041033,0.9999088985195571,0.9911575317382812,0.044398931413628176,0,0,0,0
A005,7,131072,298.921875,0.054506821536705274,0.006611809134483337,0.8959323220833803,0.0235440116349288,0.9779746976764228,0.9999646174172071,0.9864120483398438,0.056062296217290204,0,0,0,0
A005,8,131072,298.060546875,0.05634977409815889,0.008142128586769104,0.8941839287369507,0.02349753829081292,0.9780193045150445,0.9999647331441173,0.9859237670898438,0.05850335027191052,0,0,0,0
A005,9,131072,297.078125,0.05825918156920551,0.009788058698177338,0.8925484394372211,0.02345367574951905,0.9780637862502332,0.9999647888852156,0.9854583740234375,0.059593095811038874,0,0,0,0
A005,10,131072,295.4150390625,0.05915318738177078,0.010604746639728546,0.8889930261570267,0.023360000419666585,0.9781623825836182,0.9999648278821553,0.9849624633789062,0.061562718751476946,0,0,0,0
A005,11,131072,294.6357421875,0.0596542871271879,0.010935727506875992,0.8883305182596941,0.023341971858195653,0.9781804154390196,0.9999648564933784,0.984375,0.06290504716115118,0,0,0,0
A005,12,131072,293.669921875,0.060498702914756564,0.011725425720214844,0.8876455560598082,0.02332319173516144,0.9782036067200047,0.9999647882546001,0.9849319458007812,0.06305983304040035,0,0,0,0
A005,13,131072,291.806640625,0.06123516125080286,0.012407451868057251,0.8838572720886235,0.023222286202227205,0.978314712697032,0.9999647235750667,0.9849929809570312,0.06306780931618194,0,0,0,0
A005,14,131072,287.4462890625,0.06249202871751436,0.013479597866535187,0.8725076995537754,0.02292377911829951,0.9786342872768101,0.9999647437404394,0.9839630126953125,0.0649941643887077,0,0,0,0
A005,15,131072,285.1318359375,0.06352841833285616,0.014228858053684235,0.8669202546061477,0.022775259078008613,0.9787952632612511,0.9999647160297445,0.9836349487304688,0.06652609566359033,0,0,0,0
A005,16,131072,282.5302734375,0.06495646596985694,0.015689000487327576,0.8612739833874301,0.022626141965974456,0.9789556263421788,0.999964719219259,0.983062744140625,0.0681894836853556,0,0,0,0
A005,17,131072,342.26171875,0.09032723651252894,0.01716770976781845,1.3293240871976195,0.02844466252160514,0.9734852364083963,0.99994552247241,0.982574462890625,0.07176731097614782,0,0,0,0
A005,18,131072,361.359375,0.09224418212064478,0.018925249576568604,1.3712754303922066,0.029280080364829875,0.9728037592940687,0.9999395111313503,0.9828643798828125,0.0718935337574158,0,0,0,0
A005,19,131072,361.73046875,0.09377847430505426,0.020266443490982056,1.3710815655580775,0.02927528460976899,0.9728180547861999,0.9999392568102551,0.9819107055664062,0.07484744222149492,0,0,0,0
A005,20,131072,362.671875,0.09709958444788747,0.02317032217979431,1.3755158162419034,0.029365314799443216,0.9727358740483724,0.9999388378939549,0.9816513061523438,0.0756324127076831,0,0,0,0
A005,21,131072,365.75,0.09953392740122169,0.02544628083705902,1.385648462718569,0.029579816281102633,0.9725366612220153,0.9999379300754399,0.9812545776367188,0.0761199654035268,0,0,0,0
A005,22,131072,366.4365234375,0.10370993033656895,0.029192939400672913,1.3880249922705603,0.02962682834409019,0.9725095662440956,0.9999372628229698,0.98046875,0.0771808635603674,0,0,0,0
A005,23,131072,369.16796875,0.10877594592643192,0.03312823176383972,1.3970365428039815,0.029810203910375515,0.9723616047818879,0.9999358431234164,0.9811630249023438,0.07588582586270413,0,0,0,0
A005,24,131072,371.888671875,0.11571010454433406,0.03932046890258789,1.4073239452907307,0.030015074048637513,0.97218828725935,0.9999344708703821,0.982147216796875,0.07293701141965253,0,0,0,0
A005,25,131072,371.89453125,0.12569992854856338,0.04827308654785156,1.4082279766010815,0.030011642000750672,0.9722335538219441,0.9999332860290037,0.9824981689453125,0.07238106718626885,0,0,0,0
A005,26,131072,370.6513671875,0.13595698813785617,0.05735601484775543,1.406482637564606,0.029948567042486815,0.9723355117925215,0.9999323316085245,0.9822311401367188,0.0727359940987479,0,0,0,0
A005,27,131072,369.9775390625,0.1484483910949166,0.06863135099411011,1.4057391609486827,0.02990064276632215,0.9724421167566312,0.9999307868783833,0.9822311401367188,0.07297632860731743,0,0,0,0
A005,28,131072,368.1083984375,0.16366770553416643,0.08203470706939697,1.4023080270653676,0.029785718521303996,0.9726337188743909,0.9999289168766722,0.9826278686523438,0.07237517512928289,0,0,0,0
A005,29,131072,362.67578125,0.18052823138479823,0.09596264362335205,1.3908264626020326,0.02947824795172992,0.9730232790546274,0.9999274304981293,0.9826889038085938,0.07240994639783961,0,0,0,0
A005,30,131072,359.8984375,0.20324858939947887,0.11555975675582886,1.388856424859607,0.02935703958095722,0.9732908979561467,0.9999237331607226,0.9816055297851562,0.07485966141453163,0,0,0,0
A005,31,131072,355.7470703125,0.2313844432792891,0.13989686965942383,1.3848963198271458,0.029145119069943715,0.973748255079583,0.9999176974883405,0.9818191528320312,0.07586504612521752,0,0,0,0
A005,32,131072,351.69921875,0.26419711148862746,0.16607990860939026,1.3899367197015173,0.029113409394095284,0.974062954807664,0.999910241790649,0.9814071655273438,0.07812790227444161,0,0,0,0
A005,33,131072,350.55078125,0.30526074083815047,0.20173490047454834,1.3996010682442495,0.02915314815813586,0.9744576189539343,0.9998986652604551,0.980224609375,0.08177128815318764,0,0,0,0
A005,34,131072,313.5673828125,0.36255507338654525,0.24643373489379883,1.300710243457293,0.026953674181660527,0.9775307157319824,0.9998866369041877,0.9784164428710938,0.08710933428014785,0,0,0,0
A005,35,131072,555.029296875,0.48777666957346355,0.34386301040649414,1.8458066888326818,0.05784352763497593,0.9836068086129679,0.9984357891087876,0.979583740234375,0.08761705678645572,0,0,0,0
A005,36,131072,329.82373046875,0.7175865689247303,0.427606463432312,1.8371833030269475,0.09665555479732973,0.9632096950352385,0.9958530474854246,0.9758377075195312,0.09774035638860809,0,0,0,0
A006,0,135168,0.0027260184288024902,0.00042169525871334673,0.00022978335618972778,0.0006520581331324238,0.028803061336775477,1.0006667602122175,0.99958569035859,0.9754083806818182,0.07377812196695949,0,0,0,0
A006,1,135168,0.04532337188720703,0.0016061359149279215,0.0012788912281394005,0.0021370287300394118,0.010866362525901422,1.0015523821408288,0.9999422556691514,0.9922096946022727,0.040237937127581835,0,0,0,0
A006,2,135168,0.24414443969726562,0.0023810042212936582,0.0018123220652341843,0.0034123862571610944,0.009439302270507223,1.0006887629288375,0.9999557174836647,0.9921135179924242,0.039964129767149185,0,0,0,0
A006,3,135168,0.3528327941894531,0.0030590884846165263,0.0024071261286735535,0.004362769405272792,0.00955158558172678,1.0013910114835367,0.9999554130838235,0.9923132694128788,0.04151162719806114,0,0,0,0
A006,4,135168,0.44567108154296875,0.004101173198135353,0.0032624639570713043,0.005755027557318792,0.011121523044407618,1.0020505155110608,0.9999403804203895,0.9912479285037878,0.04353864974320868,0,0,0,0
A006,5,135168,0.6224594116210938,0.005354170597618604,0.004223093390464783,0.007498309497726031,0.012222534623460273,1.0013069875285268,0.9999262553152717,0.9915512547348485,0.044777125264352215,0,0,0,0
A006,6,135168,0.8011970520019531,0.006561996542757242,0.005070328712463379,0.009395248497600312,0.013846570447592086,1.0011603364999826,0.9999049197588905,0.9911665482954546,0.04525903110578902,0,0,0,0
A006,7,135168,234.921875,0.05261133070040146,0.0066502392292022705,0.724708065268253,0.019428378688805877,0.982454799666498,0.9999645643526013,0.9867794152462122,0.056078676511302376,0,0,0,0
A006,8,135168,234.060546875,0.05446049928700218,0.008254677057266235,0.7231826045091267,0.019387011340540748,0.9824994979245212,0.9999645859178699,0.9860395951704546,0.05797273979976097,0,0,0,0
A006,9,135168,233.078125,0.05654205619216692,0.010115057229995728,0.7218706939928974,0.019351074479943206,0.9825438650421333,0.999964506706346,0.9852405894886364,0.05982151931264138,0,0,0,0
A006,10,135168,231.4150390625,0.05727423550363118,0.010743819177150726,0.7187012865611753,0.019265839218104385,0.9826428982374972,0.9999644308327519,0.9851148200757576,0.061096609416248226,0,0,0,0
A006,11,135168,230.6357421875,0.05762545190079684,0.01096123456954956,0.7184367511761626,0.01925821721998891,0.9826606773742876,0.9999642670033568,0.9843971946022727,0.06258058485434255,0,0,0,0
A006,12,135168,229.669921875,0.058518203297870226,0.011805593967437744,0.7182582008101122,0.01925267627853258,0.9826838875118792,0.9999639671551119,0.9850778290719697,0.062181404657973054,0,0,0,0
A006,13,135168,227.806640625,0.05975719384726248,0.012647271156311035,0.7149968641516197,0.019164130602985815,0.9827960133698505,0.9999637326846932,0.9847005208333334,0.06297304157980545,0,0,0,0
A006,14,135168,223.4462890625,0.06100267402404935,0.01389583945274353,0.7041409362837474,0.01887289088019537,0.9831158627275558,0.9999638333987673,0.9841530539772727,0.06531719718616219,0,0,0,0
A006,15,135168,221.1318359375,0.06263200812989309,0.014741167426109314,0.6990466620608872,0.018734840179339223,0.9832765280430931,0.99996373363941,0.9835316051136364,0.06655614495762469,0,0,0,0
A006,16,135168,218.5302734375,0.06413555128759099,0.01636286824941635,0.6940304393855896,0.018599732156162497,0.9834366738280153,0.9999635938620621,0.9829027580492424,0.06905538372642488,0,0,0,0
A006,17,135168,470.26171875,0.09030085767263893,0.017728667706251144,1.4946741812147875,0.03244295342235782,0.9724290377079977,0.9998496613872463,0.9824292732007576,0.07206518530409674,0,0,0,0
A006,18,135168,489.359375,0.0923077789003938,0.01962289959192276,1.5422180668960073,0.03340301562702847,0.97172587942928,0.9998372300431491,0.9829693418560606,0.07165745085829812,0,0,0,0
A006,19,135168,489.73046875,0.09374828619932928,0.021128103137016296,1.5423574468165804,0.03340544815147498,0.9717409583357168,0.9998367103250639,0.9821185487689394,0.07452201495267084,0,0,0,0
A006,20,135168,490.671875,0.09721666991111988,0.02415555715560913,1.5465898335406565,0.03349145531034074,0.9716605419213543,0.9998360781976483,0.9815414891098485,0.07568664087002416,0,0,0,0
A006,21,135168,493.75,0.09974206529242371,0.026441454887390137,1.5567572234263287,0.033709555534815264,0.9714621810169798,0.999834308000693,0.9812233664772727,0.076806358661668,0,0,0,0
A006,22,135168,494.4365234375,0.103927944226169,0.030300557613372803,1.559381398230159,0.03376150183692466,0.971436093130187,0.9998332663193659,0.9802320075757576,0.07788671204793732,0,0,0,0
A006,23,135168,497.16796875,0.10889467853287511,0.03418925404548645,1.5686222180112144,0.0339508773056888,0.9712903358891929,0.9998309376484383,0.9816598603219697,0.07546769431313635,0,0,0,0
A006,24,135168,499.888671875,0.11589211397337308,0.04037052392959595,1.5787264300269683,0.03415248195771879,0.9711205704656398,0.9998288726530203,0.9821629379734849,0.07359784982809608,0,0,0,0
A006,25,135168,499.89453125,0.12597195453207805,0.04931604862213135,1.579557655746279,0.03414502317193444,0.971171838202185,0.9998276207764681,0.9822813091856061,0.07321938395476553,0,0,0,0
A006,26,135168,498.6513671875,0.13627143061599287,0.0584946870803833,1.5775435435869123,0.03407212060353216,0.9712778602444428,0.9998270587109866,0.9824144767992424,0.07290729986950542,0,0,0,0
A006,27,135168,497.9775390625,0.14926533144303408,0.07027027010917664,1.5767664638776075,0.03401884258746175,0.9713923776653502,0.9998255670915581,0.9823109019886364,0.07345731328816359,0,0,0,0
A006,28,135168,496.1083984375,0.16394251919560207,0.08333753049373627,1.5730828866310447,0.033891969802289625,0.9715896725799947,0.9998242473532789,0.982614228219697,0.07277337444577617,0,0,0,0
A006,29,135168,490.67578125,0.18118002043746112,0.09770679473876953,1.5606870000815474,0.033553389646800824,0.9719933892851542,0.9998243508048406,0.9828287760416666,0.07274760267201485,0,0,0,0
A006,30,135168,487.8984375,0.20395601006056854,0.1177678108215332,1.5576171397704648,0.03339831757578354,0.9722749185942461,0.999821672105644,0.9819557883522727,0.074644395483067,0,0,0,0
A006,31,135168,483.7470703125,0.23187527335801061,0.14143633842468262,1.552550123403447,0.0331450301815561,0.9727580882088246,0.999816772909926,0.9819779829545454,0.07609961174432542,0,0,0,0
A006,32,135168,479.69921875,0.2639547434262595,0.16846084594726562,1.5540320425559957,0.033016334825447885,0.973105159382199,0.9998115589513049,0.9811197916666666,0.07899471635502942,0,0,0,0
A006,33,135168,478.55078125,0.30585329701440944,0.20446091890335083,1.5629657201037102,0.03300896282744637,0.9735371179259488,0.999800055132922,0.9798916903409091,0.0823752536480512,0,0,0,0
A006,34,135168,441.5673828125,0.3631039544028626,0.2496967315673828,1.465349419809239,0.030771800435395,0.9766143929607212,0.9997952021348826,0.9782492897727273,0.08773116447393337,0,0,0,0
A006,35,135168,683.029296875,0.4999067185628078,0.3562438488006592,2.0763193338977506,0.06614080226718838,0.9888764747600007,0.9978506552540781,0.9794034090909091,0.08920877127687439,0,0,0,0
A006,36,135168,278.0806579589844,0.7334935889334839,0.4433155059814453,1.8449268086490582,0.09900443895242672,0.9707163733031651,0.9953929137357963,0.9751864346590909,0.09898301250634144,0,0,0,0
A007,0,122880,0.0027260184288024902,0.00041481792857969897,0.00022172927856445312,0.000652532212057814,0.02902251754478317,1.000707475808266,0.9995793945668601,0.9739013671875,0.07550617092836426,0,0,0,0
A007,1,122880,0.04532337188720703,0.0016885947499882075,0.001343287993222475,0.002240618759242023,0.011009519213149764,1.0014989183256955,0.9999406076457096,0.9918050130208333,0.04060903958755191,0,0,0,0
A007,2,122880,0.1507720947265625,0.002464326060426932,0.0018946360796689987,0.0034604956678518386,0.00923139757162253,1.0005680153011003,0.9999575760675713,0.9919921875,0.04022058678690517,0,0,0,0
A007,3,122880,0.3511199951171875,0.0031286727304158527,0.0024760402739048004,0.004391529043026172,0.00926822662982446,1.0010931249773087,0.9999576936947554,0.9921875,0.04148288009150705,0,0,0,0
A007,4,122880,0.44567108154296875,0.004068538834515797,0.003243565559387207,0.005673291022655121,0.01063901312469821,1.0021324292134226,0.999945794915547,0.9910970052083333,0.042717915810917946,0,0,0,0
A007,5,122880,0.6224594116210938,0.005330831452473224,0.004221882671117783,0.007445329010747731,0.01167602038973933,1.0018625740937757,0.999933693366075,0.9918131510416667,0.043178296559477095,0,0,0,0
A007,6,122880,0.8011970520019531,0.006508933508460283,0.005036160349845886,0.009505029656912408,0.013757033172325052,1.0017223821096877,0.9999070154740978,0.9913736979166666,0.0441690075041719,0,0,0,0
A007,7,122880,298.921875,0.05787118962067931,0.0068459659814834595,0.9253162898487401,0.02354441850533473,0.9779740329123366,0.9999646225695776,0.9860270182291667,0.05730972906631679,0,0,0,0
A007,8,122880,298.060546875,0.06012109990111867,0.008622154593467712,0.9235186046157965,0.023498067421156614,0.9780188809672765,0.9999647299352081,0.9854573567708333,0.059791435332519044,0,0,0,0
A007,9,122880,297.078125,0.06224662784716202,0.010513871908187866,0.9218330657843866,0.023454298052283842,0.9780634269599747,0.9999647820077479,0.9851318359375,0.06141996942285006,0,0,0,0
A007,10,122880,295.4150390625,0.06304451933435379,0.011190801858901978,0.9181604296929186,0.02336064570342507,0.9781617942854881,0.9999648255844522,0.9841796875,0.06431402530426514,0,0,0,0
A007,11,122880,294.6357421875,0.06365753006424105,0.01156286895275116,0.9174821350989907,0.02334279581142976,0.9781794690119617,0.9999648579090692,0.9835611979166666,0.06574827729871181,0,0,0,0
A007,12,122880,293.669921875,0.06459804055504416,0.012362226843833923,0.916779061497498,0.023324323656470844,0.9782025626509215,0.9999647844926633,0.9841634114583333,0.06604955932148088,0,0,0,0
A007,13,122880,291.806640625,0.06553707689400881,0.01312325894832611,0.9128777301526945,0.02322373282162719,0.9783137277924876,0.9999647110318761,0.9835774739583333,0.06706419767003373,0,0,0,0
A007,14,122880,287.4462890625,0.0670489262539301,0.01430211216211319,0.9011716790759537,0.022925804208276754,0.9786328945439507,0.9999647266592968,0.9828369140625,0.06932334018154006,0,0,0,0
A007,15,122880,285.1318359375,0.06851841614699765,0.015355184674263,0.8954234867218214,0.022777710707227995,0.9787942441600196,0.9999646810222238,0.9825602213541667,0.06991907841810366,0,0,0,0
A007,16,122880,282.5302734375,0.07034372997013634,0.017091378569602966,0.8896154699266081,0.022629342627783922,0.9789544613425942,0.9999646702409989,0.9816487630208334,0.07295551383663351,0,0,0,0
A007,17,122880,342.26171875,0.09730257721145487,0.018826007843017578,1.3729832621564193,0.028446734010028063,0.9734842267238673,0.9999454893872475,0.9811767578125,0.07623909411569048,0,0,0,0
A007,18,122880,361.359375,0.09937198140011484,0.020766720175743103,1.4163158953674664,0.029282384426582275,0.9728024783192833,0.999939477512262,0.98125,0.07684769692427885,0,0,0,0
A007,19,122880,361.73046875,0.1010889623734935,0.022261500358581543,1.4161238685200277,0.02927784042024883,0.972816557780618,0.9999392216303087,0.9799153645833333,0.07992189031985565,0,0,0,0
A007,20,122880,362.671875,0.1044365247393955,0.025407075881958008,1.4207041848606532,0.02936810174316968,0.9727341778280327,0.9999388011935858,0.9803385416666667,0.08010653198568841,0,0,0,0
A007,21,122880,365.75,0.10675252666147798,0.027577519416809082,1.4311663862509314,0.029582751331166356,0.9725347745203705,0.9999378939607915,0.9799723307291667,0.08044290199413388,0,0,0,0
A007,22,122880,366.4365234375,0.1109692988152555,0.03158944845199585,1.433616505836276,0.029629720674640158,0.9725069817420698,0.9999372475999562,0.9790852864583334,0.08148545339567113,0,0,0,0
A007,23,122880,369.16796875,0.11606049686225409,0.03597274422645569,1.4429156519366526,0.029813550196625176,0.9723578439055115,0.9999358471870432,0.9805908203125,0.07865220205926701,0,0,0,0
A007,24,122880,371.888671875,0.12319456609848203,0.042336106300354004,1.4535458558391996,0.03001974494326879,0.9721833161069433,0.9999344685402735,0.9814208984375,0.07615490084643725,0,0,0,0
A007,25,122880,371.89453125,0.13397185734134684,0.052702128887176514,1.454512547956045,0.030018413434698125,0.9722279217136105,0.9999332374590925,0.9812418619791666,0.07613889765425509,0,0,0,0
A007,26,122880,370.6513671875,0.14473502343065928,0.0624522864818573,1.452734786665542,0.029957327509091154,0.9723271932582145,0.999932297872861,0.9811360677083333,0.07596708261459288,0,0,0,0
A007,27,122880,369.9775390625,0.15777002189964454,0.07444921135902405,1.4519913438971253,0.029911798849921206,0.9724324342867523,0.9999307175355667,0.9811197916666666,0.07613570627319798,0,0,0,0
A007,28,122880,368.1083984375,0.17344987783591628,0.08826998621225357,1.4484691612947682,0.029800715495934178,0.9726173904749125,0.9999289158609446,0.9815266927083334,0.0759745416283872,0,0,0,0
A007,29,122880,362.67578125,0.19107752206256615,0.10363495349884033,1.4366254051807161,0.02949812942805225,0.9729980287775797,0.9999275264770908,0.981396484375,0.07630251744761833,0,0,0,0
A007,30,122880,359.8984375,0.21416295998552262,0.12303924560546875,1.4345563192547075,0.029384838224669894,0.9732465245476095,0.999924109531869,0.9806233723958333,0.07847735625775339,0,0,0,0
A007,31,122880,355.7470703125,0.24271261639971725,0.14761680364608765,1.4304586006599234,0.029181878124032785,0.9736786854040371,0.999918468786898,0.9810302734375,0.07890302796692411,0,0,0,0
A007,32,122880,351.69921875,0.276735710233288,0.1743793487548828,1.435766310891529,0.029167897130347672,0.9739636184957892,0.9999112528138165,0.98037109375,0.08195967049145654,0,0,0,0
A007,33,122880,350.55078125,0.3180889885200789,0.2105729579925537,1.4456482126011765,0.02921654081872255,0.9743337411886497,0.9999000088943836,0.9791422526041667,0.08544828020676278,0,0,0,0
A007,34,122880,313.5673828125,0.3767480465858777,0.25583481788635254,1.3432515172156458,0.027022163300966517,0.9773782120130133,0.9998882459138891,0.9772298177083333,0.09029375318682398,0,0,0,0
A007,35,122880,555.029296875,0.5048283278227852,0.35764503479003906,1.9049286276078874,0.05850019623418911,0.9830789822037301,0.9984050355195528,0.9788330078125,0.09027574814185696,0,0,0,0
A007,36,122880,329.82373046875,0.7459947730904484,0.4457007646560669,1.9013840602826422,0.09766808418860899,0.9626153837143367,0.9957711847992538,0.9745930989583333,0.10040349611022106,0,0,0,0
A008,0,126976,0.0027260184288024902,0.0004247600852550242,0.00022592023015022278,0.0006614014160290831,0.029377648607086384,1.0007094883806216,0.9995690343331737,0.9744833669354839,0.0756634927960576,0,0,0,0
A008,1,126976,0.04532337188720703,0.0016632948740383682,0.0013284236192703247,0.0022039985933688055,0.010877163703447245,1.0015080527376623,0.9999420681307284,0.991911857358871,0.04053613920252338,0,0,0,0
A008,2,126976,0.1507720947265625,0.0024598481563532825,0.0018776357173919678,0.0034734049691641077,0.00925512872876042,1.0004256489863244,0.999957280068332,0.9921323714717742,0.04000927736896969,0,0,0,0
A008,3,126976,0.3511199951171875,0.003184833053071103,0.002490363083779812,0.004505041526235395,0.009467930866155397,1.0012230042083168,0.9999559808478123,0.9923135080645161,0.041225413644750464,0,0,0,0
A008,4,126976,0.44567108154296875,0.004024291456859843,0.0031974539160728455,0.0056364823996186905,0.010660823247303906,1.0021546366916272,0.999945611840206,0.9915653351814516,0.04245458568173799,0,0,0,0
A008,5,126976,0.6224594116210938,0.005259490089918751,0.00414479523897171,0.007364444945134052,0.011675444751048175,1.001512127602034,0.999933086441714,0.9916283392137096,0.043300560099068734,0,0,0,0
A008,6,126976,0.8011970520019531,0.006418787077826261,0.004931747913360596,0.009396016777539613,0.013637560804429988,1.0014667785825737,0.9999082188100419,0.9914078251008065,0.04436259932500591,0,0,0,0
A008,7,126976,298.921875,0.05596736513935837,0.006630554795265198,0.9102656018177544,0.023544212946114786,0.97797412249271,0.999964625504043,0.9860761088709677,0.056759199304939584,0,0,0,0
A008,8,126976,298.060546875,0.058038246130583886,0.008328109979629517,0.9084922128750772,0.02349771477749546,0.9780189470854082,0.9999647369241996,0.9855799521169355,0.05921626350988433,0,0,0,0
A008,9,126976,297.078125,0.06008887119151041,0.010188847780227661,0.9068318595806377,0.023453898239856788,0.9780635511540904,0.9999647888142872,0.985320060483871,0.06035571459597548,0,0,0,0
A008,10,126976,295.4150390625,0.060850200496995584,0.010793909430503845,0.9032189115457021,0.023360228646271172,0.9781621335296259,0.9999648279829754,0.984587638608871,0.06253579905758896,0,0,0,0
A008,11,126976,294.6357421875,0.061440500360695004,0.011217623949050903,0.9025476336769505,0.02334220212328568,0.978180212597074,0.9999648555160027,0.9837134576612904,0.06428132607968176,0,0,0,0
A008,12,126976,293.669921875,0.06217968421908755,0.011902779340744019,0.9018488915729627,0.023323421506924503,0.9782034296651099,0.9999647867149424,0.9847215221774194,0.06378222083804992,0,0,0,0
A008,13,126976,291.806640625,0.06300802579872403,0.012684270739555359,0.8980028393947042,0.023222611791748008,0.9783143328491057,0.9999647242525573,0.9841229838709677,0.06483071141874079,0,0,0,0
A008,14,126976,287.4462890625,0.06431272663082617,0.013775311410427094,0.8864727437135881,0.02292424936052892,0.9786336459874929,0.9999647467030996,0.9833354334677419,0.06701985726113606,0,0,0,0
A008,15,126976,285.1318359375,0.06561049176496402,0.014765888452529907,0.8808030145947158,0.022775808368287173,0.9787951040430554,0.9999647066919333,0.9833354334677419,0.06746003340689614,0,0,0,0
A008,16,126976,282.5302734375,0.0671892817097086,0.016360923647880554,0.8750698046346089,0.022626769843695906,0.9789556019698643,0.9999647052302613,0.9823982484879032,0.07003940657717717,0,0,0,0
A008,17,126976,342.26171875,0.0933952393897412,0.018032506108283997,1.3506065219615164,0.028445214487272368,0.973485049892714,0.9999455114138389,0.9815870715725806,0.07351944791157562,0,0,0,0
A008,18,126976,361.359375,0.09537910604691176,0.019805818796157837,1.3932315254136223,0.029280722355652888,0.9728036982287297,0.9999394935114622,0.9815870715725806,0.07408448265039994,0,0,0,0
A008,19,126976,361.73046875,0.09700212504560934,0.021198511123657227,1.393036811283804,0.02927603596145996,0.9728178850054705,0.9999392389326593,0.9811460433467742,0.07641585117259468,0,0,0,0
A008,20,126976,362.671875,0.10032541022357302,0.02417495846748352,1.3975412873153101,0.029366109302704033,0.9727361850228299,0.9999388052123995,0.9809019027217742,0.07713621563456742,0,0,0,0
A008,21,126976,365.75,0.10266071055500267,0.02626711130142212,1.4078330207055771,0.02958078918968223,0.9725363271882607,0.9999379098952926,0.9808231476814516,0.07732380545480766,0,0,0,0
A008,22,126976,366.4365234375,0.10683799226340933,0.03012753278017044,1.4102434895158926,0.029627710876285778,0.9725090111155018,0.9999372515932878,0.9802639868951613,0.07826316117911507,0,0,0,0
A008,23,126976,369.16796875,0.1119783357147269,0.03446057438850403,1.4193955750540226,0.02981124913880018,0.972361284400435,0.9999358201641599,0.9811539188508065,0.07621419493020834,0,0,0,0
A008,24,126976,371.888671875,0.11893121144701933,0.04065368324518204,1.4298392795399795,0.030016096088766906,0.9721873957519753,0.9999344647596187,0.9815791960685484,0.07414310108622109,0,0,0,0
A008,25,126976,371.89453125,0.12896749857190293,0.049997687339782715,1.4307428947869292,0.030013207565270077,0.9722315200034886,0.9999332956480167,0.9823746219758065,0.07315400510451331,0,0,0,0
A008,26,126976,370.6513671875,0.1391685052702219,0.059043705463409424,1.4289448101658062,0.02995064621345639,0.9723313285223173,0.9999323863052615,0.9819965977822581,0.07311454652887764,0,0,0,0
A008,27,126976,369.9775390625,0.15136838287482182,0.07006847858428955,1.428131710162425,0.029902409266615883,0.9724371781223585,0.9999308721770849,0.9820517263104839,0.07360254517137892,0,0,0,0
A008,28,126976,368.1083984375,0.1659896106101945,0.08274105191230774,1.4245273660347244,0.029786694147917812,0.9726266838121087,0.9999290844517048,0.982146232358871,0.07299241108011773,0,0,0,0
A008,29,126976,362.67578125,0.18243614374147998,0.0966360867023468,1.4127034545548214,0.029480045208549972,0.9730099784287987,0.9999277439059201,0.9820674773185484,0.07341821117879056,0,0,0,0
A008,30,126976,359.8984375,0.20508166178596213,0.1161954402923584,1.410536628511942,0.02936180517009254,0.9732618228109657,0.9999243854633952,0.9814925655241935,0.07545220457021294,0,0,0,0
A008,31,126976,355.7470703125,0.23301701995827048,0.14046907424926758,1.4062289315884298,0.02914884033035304,0.9737027224972284,0.9999188109035266,0.9817918346774194,0.07642791991627915,0,0,0,0
A008,32,126976,351.69921875,0.2656028109582885,0.16700458526611328,1.410987819482518,0.02911860163982062,0.9739957132676079,0.9999118733118333,0.9813193044354839,0.07901386358330056,0,0,0,0
A008,33,126976,350.55078125,0.30521070314259097,0.2002699375152588,1.4201217274971891,0.029150944519206915,0.9743665927162974,0.9999011121692645,0.9802797379032258,0.08199791172181219,0,0,0,0
A008,34,126976,313.5673828125,0.3630684360473864,0.24550729990005493,1.318941633429,0.026947140094432578,0.9774141693593615,0.9998894897269177,0.9780745967741935,0.08765594360509196,0,0,0,0
A008,35,126976,555.029296875,0.48911523475298085,0.3440253734588623,1.871700897137685,0.05823650509922976,0.98315019830511,0.9984195829312894,0.9793425529233871,0.08850600226316659,0,0,0,0
A008,36,126976,329.82373046875,0.7284084806838843,0.43173718452453613,1.863022056835903,0.09671458881059031,0.9626079462083577,0.9958677122740462,0.9753339213709677,0.09839816771663325,0,0,0,0
A009,0,135168,0.0027260184288024902,0.00041651889041256226,0.0002240389585494995,0.0006478021341430058,0.028896229452283595,1.0006685091255978,0.9995830061781212,0.9756821141098485,0.0731059950110618,0,0,0,0
A009,1,135168,0.045386314392089844,0.0016601866239511764,0.0013222172856330872,0.002199469051478552,0.010989719772269656,1.0016158248430533,0.9999410137860147,0.9920173413825758,0.040720713849980564,0,0,0,0
A009,2,135168,0.24414443969726562,0.002411893861406611,0.0018585072830319405,0.00343986078191161,0.009486318118699554,1.0008401278508985,0.9999553952653577,0.9920987215909091,0.04042284501129171,0,0,0,0
A009,3,135168,0.3528327941894531,0.003060047839645022,0.0024271374568343163,0.004353707861679734,0.009526636111782944,1.0013029650698235,0.9999555284061163,0.9921505089962122,0.04188988049162473,0,0,0,0
A009,4,135168,0.44567108154296875,0.00404904258903805,0.0032166987657546997,0.0057085210587635125,0.011126979907824266,1.002098441958404,0.9999404219095569,0.9913589015151515,0.043316965332388976,0,0,0,0
A009,5,135168,0.6224594116210938,0.005419189657666059,0.004256930202245712,0.007586759129482446,0.012318502987863073,1.001636859908906,0.9999255886981261,0.9911739464962122,0.0447236137664214,0,0,0,0
A009,6,135168,0.8011970520019531,0.006687706981715495,0.005143605172634125,0.009579513129052945,0.01411929690108656,1.0014892799999757,0.9999015782824642,0.991262724905303,0.045197728192950565,0,0,0,0
A009,7,135168,234.921875,0.05286469682979797,0.006796091794967651,0.7247144357840212,0.01942856753482159,0.98245484614867,0.9999645597896637,0.9863503196022727,0.05670326982083933,0,0,0,0
A009,8,135168,234.060546875,0.054960596223295535,0.008615568280220032,0.7231951981687071,0.019387275692649482,0.9824998930164083,0.9999645736784089,0.9859138257575758,0.058221203507374274,0,0,0,0
A009,9,135168,233.078125,0.05701690247990358,0.010546039789915085,0.721883446637001,0.019351375630180974,0.982544199659408,0.9999644948424338,0.9849964488636364,0.06051042469935719,0,0,0,0
A009,10,135168,231.4150390625,0.057796337741465184,0.011170998215675354,0.7187179640978887,0.019266302825387015,0.9826430159993444,0.9999644196672527,0.9849298650568182,0.06238948729698687,0,0,0,0
A009,11,135168,230.6357421875,0.05814970896325934,0.01137031614780426,0.7184545114566657,0.01925854573411199,0.9826608094682526,0.9999642582390488,0.9846043442234849,0.06291812074710197,0,0,0,0
A009,12,135168,229.669921875,0.058798041613665024,0.011979982256889343,0.718271295727032,0.019252895601889607,0.9826838791942553,0.9999639630043804,0.9853071732954546,0.06224113756120151,0,0,0,0
A009,13,135168,227.806640625,0.06028756000853264,0.01295587420463562,0.7150206528766645,0.01916463031676038,0.9827960616536197,0.9999637220969156,0.984567353219697,0.0638571570223888,0,0,0,0
A009,14,135168,223.4462890625,0.061398741737090146,0.014166433364152908,0.7041568791352137,0.018873275645566585,0.9831162101185826,0.9999638200590604,0.9839311079545454,0.06646681623111206,0,0,0,0
A009,15,135168,221.1318359375,0.06355847551072263,0.01518087089061737,0.6991062274101271,0.018736328384200716,0.9832767549545446,0.9999637014319169,0.9826290246212122,0.0691477581722902,0,0,0,0
A009,16,135168,218.5302734375,0.06475871740981072,0.016740337014198303,0.6940654255929863,0.01860047888302815,0.9834370158502045,0.9999635739912279,0.9820963541666666,0.07155632486762682,0,0,0,0
A009,17,135168,470.26171875,0.09076017899212385,0.018025189638137817,1.4946867587756585,0.0324432362455368,0.9724290789070434,0.9998496507897017,0.9817782315340909,0.07440768024344495,0,0,0,0
A009,18,135168,489.359375,0.0926499877073597,0.01975761353969574,1.5422289241960583,0.03340327573653399,0.9717256955188546,0.9998372264222828,0.9824144767992424,0.07379644830193872,0,0,0,0
A009,19,135168,489.73046875,0.09390126597307616,0.02113698422908783,1.5423631815793413,0.03340546436589644,0.9717408349863559,0.9998367133340462,0.9815858783143939,0.07635431923371275,0,0,0,0
A009,20,135168,490.671875,0.09722977796428378,0.023910246789455414,1.5465963254838189,0.03349166994606909,0.9716599785994045,0.9998360871344905,0.9810532078598485,0.07718333161472565,0,0,0,0
A009,21,135168,493.75,0.09957992514069136,0.026012644171714783,1.556758623016395,0.03370968991125344,0.9714615272250183,0.999834322432457,0.9810014204545454,0.07750031498611183,0,0,0,0
A009,22,135168,494.4365234375,0.10364904553513339,0.02966439723968506,1.5593832076112075,0.03376220800763906,0.9714344773890953,0.9998332890096775,0.9804761482007576,0.07827084634593534,0,0,0,0
A009,23,135168,497.16796875,0.1087109696737419,0.03382390737533569,1.5686211997080957,0.03395200411792917,0.971287229281024,0.9998309895511001,0.9813343394886364,0.07656660677068426,0,0,0,0
A009,24,135168,499.888671875,0.11579328167272251,0.040077418088912964,1.5787257078384191,0.034154117471913326,0.9711168636564457,0.999828924721792,0.9823922821969697,0.0737431902292756,0,0,0,0
A009,25,135168,499.89453125,0.12608643036524522,0.049189746379852295,1.5795827054453824,0.034146870166662034,0.9711680530788368,0.9998276675299127,0.981985381155303,0.07369079710005305,0,0,0,0
A009,26,135168,498.6513671875,0.13677308127869242,0.058789610862731934,1.5775972640796934,0.03407156747097963,0.9712815095987453,0.9998269708546494,0.9825772372159091,0.07216329965741079,0,0,0,0
A009,27,135168,497.9775390625,0.14988794790973992,0.07059428095817566,1.5768467243256412,0.03401959710487705,0.9713950277328317,0.9998254631025013,0.9823848839962122,0.07299079622326565,0,0,0,0
A009,28,135168,496.1083984375,0.16468076810173388,0.083529531955719,1.573209988484884,0.03389396969766085,0.9715909494372308,0.9998241404841286,0.9825550426136364,0.07248432821536471,0,0,0,0
A009,29,135168,490.67578125,0.18180625363555175,0.0982077568769455,1.5608068508912887,0.03355515401989613,0.9719934820954077,0.9998242872393441,0.9825254498106061,0.07311338960469761,0,0,0,0
A009,30,135168,487.8984375,0.20530903573361767,0.11920976638793945,1.5578401335261483,0.03340317999586854,0.9722709062056502,0.9998216187541118,0.9817264441287878,0.0752276743897273,0,0,0,0
A009,31,135168,483.7470703125,0.23495386655601136,0.14465273916721344,1.5530346482957362,0.03314588244941985,0.9727530400200273,0.9998168843064257,0.9819927793560606,0.07613058160720716,0,0,0,0
A009,32,135168,479.69921875,0.26813883644603487,0.17254352569580078,1.5548138242796317,0.03302645510753488,0.973082233452775,0.9998118449970154,0.9808460582386364,0.07931628083464737,0,0,0,0
A009,33,135168,478.55078125,0.31017706317911553,0.20820653438568115,1.563911915300145,0.03302017892648264,0.9735133835168337,0.9998003153473841,0.9800396543560606,0.08225442689080918,0,0,0,0
A009,34,135168,441.5673828125,0.36833221277381445,0.255509614944458,1.466937346632153,0.030803703776895484,0.9766004728971713,0.9997945268772249,0.9784416429924242,0.0875566532075163,0,0,0,0
A009,35,135168,683.029296875,0.4964785683265346,0.35121917724609375,2.075674964354024,0.06604663025256996,0.9886656675895459,0.9978588867726885,0.9795291785037878,0.08881004928573673,0,0,0,0
A009,36,135168,278.0806579589844,0.7280329912090647,0.43284082412719727,1.8458069011449445,0.09793440295982261,0.9704404625581288,0.9955085441273028,0.9757191051136364,0.09778581016894172,0,0,0,0
A010,0,126976,0.0027260184288024902,0.00042235418760033246,0.00021972507238388062,0.0006605591495672217,0.029717639153000314,1.000732216093981,0.9995590219230353,0.9741683467741935,0.07577259040889783,0,0,0,0
A010,1,126976,0.04532337188720703,0.0016512750046569723,0.001314055174589157,0.0021914082782168763,0.010901942700788831,1.0015720278842466,0.9999419007920842,0.99169921875,0.04101708995096793,0,0,0,0
A010,2,126976,0.1507720947265625,0.0024585797674710136,0.0018766066059470177,0.00346492492837234,0.009299438057137056,1.000725062313487,0.9999570542219548,0.9918331023185484,0.040504316298309424,0,0,0,0
A010,3,126976,0.3511199951171875,0.0031233335097028666,0.0024599265307188034,0.00438658349081567,0.009327811912132224,1.0011851108358092,0.9999572488711383,0.9922426285282258,0.041307600820791775,0,0,0,0
A010,4,126976,0.44567108154296875,0.004019522557281298,0.0031973347067832947,0.005606019821577033,0.010667893902217274,1.0021003332479166,0.9999454183593556,0.9911636844758065,0.042696640836145106,0,0,0,0
A010,5,126976,0.6224594116210938,0.005226219281553313,0.0041340067982673645,0.007302228471013578,0.011674779579030237,1.0016051906049033,0.999933245233454,0.9915810861895161,0.04361044659014647,0,0,0,0
A010,6,126976,0.8011970520019531,0.006387259422729863,0.004917822778224945,0.00933098135204693,0.013571287480122839,1.0016057289873848,0.9999093448284935,0.9912266885080645,0.04430656828414341,0,0,0,0
A010,7,126976,298.921875,0.0558177215680629,0.006489787250757217,0.9102632284957043,0.023544152950677796,0.977974085586182,0.9999646277782724,0.9862414944556451,0.05663813265398517,0,0,0,0
A010,8,126976,298.060546875,0.05771914582830061,0.008043639361858368,0.9084863744717989,0.02349767328104422,0.9780186898516071,0.9999647436932965,0.9856823336693549,0.058675144711307255,0,0,0,0
A010,9,126976,297.078125,0.059894391311533374,0.009969882667064667,0.9068278114226708,0.02345393493365477,0.9780632400294034,0.9999647949012666,0.9853436869959677,0.060056514045813934,0,0,0,0
A010,10,126976,295.4150390625,0.06065213010004578,0.010639727115631104,0.903213442707476,0.023360237890390788,0.9781617714127995,0.9999648358336634,0.9849814138104839,0.06238665071481057,0,0,0,0
A010,11,126976,294.6357421875,0.06123959842681958,0.011062555015087128,0.9025412874568032,0.023342187979783026,0.978179820464375,0.9999648645866133,0.9838158392137096,0.06390263366454868,0,0,0,0
A010,12,126976,293.669921875,0.06199648512887096,0.01177021861076355,0.9018422341981012,0.02332337013550336,0.978202810056272,0.9999648017239744,0.9845955141129032,0.0637787189434294,0,0,0,0
A010,13,126976,291.806640625,0.06272812394818247,0.012425314635038376,0.897994511133826,0.02322242251039676,0.9783139295698845,0.9999647376703603,0.9843356224798387,0.0641323356849563,0,0,0,0
A010,14,126976,287.4462890625,0.06405015074686514,0.013578876852989197,0.88646504342758,0.022924109408671612,0.9786331699064361,0.9999647603586018,0.9834063130040323,0.06682619400691842,0,0,0,0
A010,15,126976,285.1318359375,0.06521285944611206,0.014407038688659668,0.8807940114252161,0.02277564984596479,0.9787942084933434,0.9999647297501963,0.9833196824596774,0.06729746433147048,0,0,0,0
A010,16,126976,282.5302734375,0.06664452013557175,0.015862304717302322,0.875055667224394,0.022626540594918507,0.9789545801738491,0.999964732457953,0.9829652847782258,0.06863654034884634,0,0,0,0
A010,17,126976,342.26171875,0.09273417421378884,0.01731705665588379,1.3505922867827396,0.02844489180019225,0.9734847136497244,0.9999455299822376,0.9821698588709677,0.07218923636847845,0,0,0,0
A010,18,126976,361.359375,0.0946235940533194,0.019054055213928223,1.3932134099855784,0.029280315828968034,0.9728031488378645,0.9999395210726608,0.9823667464717742,0.0727188509330878,0,0,0,0
A010,19,126976,361.73046875,0.0960842992346971,0.020317107439041138,1.3930139965101356,0.029275630908632905,0.9728169914795741,0.9999392760334607,0.9817918346774194,0.07481009549501537,0,0,0,0
A010,20,126976,362.671875,0.0993324350765009,0.02318626642227173,1.3975133483511613,0.029365656971913404,0.9727348257266608,0.9999388568816027,0.9814453125,0.07568501012615002,0,0,0,0
A010,21,126976,365.75,0.10161772057790219,0.025281831622123718,1.4078010284703346,0.029580186642667268,0.9725350727793829,0.999937963566581,0.9810200352822581,0.07654579696733563,0,0,0,0
A010,22,126976,366.4365234375,0.10578726871636945,0.028909161686897278,1.410208762189444,0.029627043209724476,0.972507501738124,0.9999373145047964,0.980011970766129,0.07788248393317433,0,0,0,0
A010,23,126976,369.16796875,0.11101444386564517,0.033215343952178955,1.4193630056074467,0.02981061695276165,0.9723595860258647,0.9999358877105582,0.9810672883064516,0.07580339006003357,0,0,0,0
A010,24,126976,371.888671875,0.11802113366021301,0.03955078125,1.4298075124842036,0.030016093883906015,0.9721859961655271,0.9999345047741659,0.9817918346774194,0.07356775075459489,0,0,0,0
A010,25,126976,371.89453125,0.12823156473835648,0.048946499824523926,1.4307082004899172,0.03001363786382066,0.9722299650385073,0.9999333266713021,0.9823588709677419,0.07322438429220353,0,0,0,0
A010,26,126976,370.6513671875,0.13872217998517689,0.05834996700286865,1.4289274536828476,0.029951636290648544,0.9723298781422374,0.9999323969797602,0.9821856098790323,0.07342761121807533,0,0,0,0
A010,27,126976,369.9775390625,0.15138937991964813,0.06982550024986267,1.4281591143029988,0.029904478835739788,0.9724339301981577,0.9999309003697088,0.9815004410282258,0.0742413420316684,0,0,0,0
A010,28,126976,368.1083984375,0.16635632199659672,0.08306172490119934,1.4246040280142942,0.029789237205463538,0.9726228971139761,0.9999291128703325,0.9821147303427419,0.07356886567563692,0,0,0,0
A010,29,126976,362.67578125,0.1831840634218943,0.09696418046951294,1.4128474404524043,0.029483866456589788,0.9730102233176439,0.9999276213484237,0.9823194934475806,0.07364533425311348,0,0,0,0
A010,30,126976,359.8984375,0.2053346895965455,0.1162271499633789,1.4106274544996962,0.029364919535996112,0.9732663116545408,0.9999241685420341,0.9813980594758065,0.07589374574554898,0,0,0,0
A010,31,126976,355.7470703125,0.23302611081441038,0.14021289348602295,1.4063330163162697,0.029156423275830602,0.9737085919718855,0.9999184258599298,0.9816815776209677,0.07728355254982797,0,0,0,0
A010,32,126976,351.69921875,0.2656518369340853,0.16632628440856934,1.4111071939264368,0.02912413140059654,0.9740172004712009,0.9999111364982048,0.9806420110887096,0.08031326382421977,0,0,0,0
A010,33,126976,350.55078125,0.3059108287355142,0.20063579082489014,1.4204408922009863,0.02915856818025465,0.9744006720449911,0.9998999915988537,0.979767830141129,0.08341348388542723,0,0,0,0
A010,34,126976,313.5673828125,0.3634656874235647,0.24521875381469727,1.319195636973618,0.02694664018898902,0.9774644610543879,0.9998883484205302,0.9781691028225806,0.08824225250318675,0,0,0,0
A010,35,126976,555.029296875,0.48865672973337376,0.34359312057495117,1.8716546664347662,0.058098040901427665,0.9834627340278072,0.9984229696340172,0.9791535408266129,0.08887131056662599,0,0,0,0
A010,36,126976,329.82373046875,0.7213986539063626,0.42731809616088867,1.8581002025494993,0.09708057378226129,0.9628608740269428,0.9958221777699813,0.9744833669354839,0.09937457764392402,0,0,0,0
A011,0,172032,0.0027260184288024902,0.0004541645280531676,0.0002518594264984131,0.0006890476282724632,0.02977201299516229,1.0007091526343042,0.9995573789557175,0.9720575241815477,0.0811929890931484,0,0,0,0
A011,1,172032,0.04532337188720703,0.001590076381231616,0.0012774765491485596,0.002102068018976498,0.010849362679372886,1.0013013878197783,0.9999420678620335,0.9917631603422619,0.04111001649193244,0,0,0,0
A011,2,172032,0.24414443969726562,0.0022662560996356738,0.0017421022057533264,0.0032224526283202285,0.009551930531201097,1.0007769017039256,0.9999547172799146,0.9920944940476191,0.03975091464657582,0,0,0,0
A011,3,172032,0.3528327941894531,0.002970505026684664,0.002352491021156311,0.004189497938740368,0.009837701586519953,1.0010208070104252,0.99995217965257,0.9923909505208334,0.04082729465814335,0,0,0,0
A011,4,172032,0.44567108154296875,0.003998026984647362,0.003138575702905655,0.0056388992362582935,0.011641222170461719,1.0020920699653362,0.9999345662435553,0.9913795107886905,0.042855982764002966,0,0,0,0
A011,5,172032,0.6224594116210938,0.005161939636628804,0.004043295979499817,0.007218569164379042,0.012318937042058286,1.001540644278128,0.999925423583203,0.9917224702380952,0.04316243819696831,0,0,0,0
A011,6,172032,0.8011970520019531,0.00633821403772978,0.004915997385978699,0.00904777102466186,0.013647511004809416,1.0013104167265277,0.9999078520698742,0.9910365513392857,0.04486290383073589,0,0,0,0
A011,7,172032,234.921875,0.042824990204307835,0.006392814218997955,0.6423999221765325,0.01942791001689047,0.9824567313112735,0.9999645391959169,0.9875546409970238,0.05373204567252529,0,0,0,0
A011,8,172032,234.060546875,0.044618404937046934,0.007910490036010742,0.6410536085456642,0.01938652693103744,0.982501851446025,0.9999645536425569,0.9873221261160714,0.055426416965596706,0,0,0,0
A011,9,172032,233.078125,0.046443690864764776,0.00952942669391632,0.6398937365218041,0.01935054861037666,0.9825465661600216,0.999964469175752,0.9862699962797619,0.057048147383975296,0,0,0,0
A011,10,172032,231.4150390625,0.04723216930879982,0.010175272822380066,0.63709224416195,0.019265494194415943,0.9826457476336606,0.9999643873738168,0.9863920665922619,0.057903644781786244,0,0,0,0
A011,11,172032,230.6357421875,0.04750990035804426,0.010318338871002197,0.6368570955460425,0.019257657866163475,0.9826640395901779,0.9999642187663703,0.9858689081101191,0.05896532447506368,0,0,0,0
A011,12,172032,229.669921875,0.04803605581064728,0.010778725147247314,0.6366960028765666,0.01925196737607157,0.9826870326679953,0.9999639257425551,0.9865199497767857,0.05845300850626497,0,0,0,0
A011,13,172032,227.806640625,0.04910989470240728,0.011439338326454163,0.6338058791045464,0.019163075170136847,0.9827998989645197,0.9999636853980038,0.9861014229910714,0.0588795432109478,0,0,0,0
A011,14,172032,223.4462890625,0.05023328918559314,0.01255713403224945,0.624182235581366,0.018871595172313436,0.9831207952306918,0.9999637737544308,0.9856073288690477,0.06103181635246907,0,0,0,0
A011,15,172032,221.1318359375,0.051538592654341506,0.013143304735422134,0.6196680180902118,0.018733450279555888,0.9832815354031428,0.999963675153896,0.9854213169642857,0.06175171619254881,0,0,0,0
A011,16,172032,218.5302734375,0.05305423236421532,0.014633819460868835,0.6152319250142699,0.018598212504549287,0.9834427851574593,0.9999635199189486,0.9845319475446429,0.06448791533614646,0,0,0,0
A011,17,172032,470.26171875,0.07382907216764406,0.0158541202545166,1.3249113049475456,0.03244016631978434,0.9724356369718555,0.9998495683053028,0.9841482979910714,0.0669839507686725,0,0,0,0
A011,18,172032,489.359375,0.07568079219262949,0.017427988350391388,1.3670576346280734,0.03339947136582981,0.971733863506866,0.9998371209303512,0.9843226841517857,0.06696725823654012,0,0,0,0
A011,19,172032,489.73046875,0.0770456235463176,0.018828369677066803,1.3671857270870158,0.03340123468127711,0.9717504337921092,0.9998365812474808,0.9838169642857143,0.06871105838192121,0,0,0,0
A011,20,172032,490.671875,0.08037242167762992,0.021579384803771973,1.3709535842837364,0.0334855124701869,0.9716746377607034,0.9998358743827358,0.9835495721726191,0.06977815675635039,0,0,0,0
A011,21,172032,493.75,0.08264845336586155,0.0236026793718338,1.379970132841639,0.0337028081872581,0.9714768792244494,0.9998341129532654,0.9829682849702381,0.07104624380087061,0,0,0,0
A011,22,172032,494.4365234375,0.08626892184123373,0.026660650968551636,1.382306131709544,0.0337546593615882,0.9714518839171269,0.9998330426333483,0.9823288690476191,0.07190485040995982,0,0,0,0
A011,23,172032,497.16796875,0.09092531646077921,0.030176393687725067,1.3905210522989593,0.03394082947711296,0.9713125636419756,0.9998306359285795,0.9832589285714286,0.07039053061060198,0,0,0,0
A011,24,172032,499.888671875,0.0972264774770251,0.035409778356552124,1.399502130324454,0.03413727117291633,0.9711516371786734,0.9998284895824149,0.9838809058779762,0.06837706463802766,0,0,0,0
A011,25,172032,499.89453125,0.10688039761290231,0.04376702010631561,1.400314037459909,0.03412046530587795,0.9712205075067792,0.9998270490779776,0.9839390345982143,0.06765241058066288,0,0,0,0
A011,26,172032,498.6513671875,0.11639971609898632,0.05171957612037659,1.3986060195514456,0.03404083319470203,0.9713420215146997,0.9998262720101423,0.9847063337053571,0.06694882655663614,0,0,0,0
A011,27,172032,497.9775390625,0.12857212904450102,0.062365055084228516,1.3980374856865787,0.03397854114345258,0.9714726136707296,0.9998246324792579,0.9842064267113095,0.06769588306369984,0,0,0,0
A011,28,172032,496.1083984375,0.1424687432148901,0.07402032613754272,1.3949505981105443,0.03383961302601807,0.9716998141189027,0.9998228779691817,0.9841773623511905,0.06767011290301643,0,0,0,0
A011,29,172032,490.67578125,0.1580503009405718,0.08653759956359863,1.3841370373457251,0.03348236487793449,0.9721340372205163,0.9998227832464467,0.9839797247023809,0.06835075074846382,0,0,0,0
A011,30,172032,487.8984375,0.17934831875857613,0.10503125190734863,1.3817254191597028,0.03330159356202095,0.9724621890191324,0.9998197024500737,0.9834449404761905,0.06970810305578296,0,0,0,0
A011,31,172032,483.7470703125,0.2059318220197199,0.12733197212219238,1.3778417375657228,0.03299473672122739,0.9730436095414015,0.9998139828157773,0.9836135137648809,0.07092837364001811,0,0,0,0
A011,32,172032,479.69921875,0.2356365025884229,0.15125536918640137,1.3797778199119315,0.03280957185026923,0.9735059003069445,0.999807638204178,0.9831717354910714,0.07246905547962983,0,0,0,0
A011,33,172032,478.55078125,0.2768632500249385,0.18692302703857422,1.3891461477363694,0.03275966881890485,0.9740216165081305,0.9997955284125508,0.9816603887648809,0.0765408055104998,0,0,0,0
A011,34,172032,441.5673828125,0.33067844158311,0.22967267036437988,1.304996659235593,0.030537948040048925,0.9771558992511539,0.9997898424745797,0.9804920014880952,0.08147607395592418,0,0,0,0
A011,35,172032,683.029296875,0.472773062788855,0.3441915512084961,1.8541813807367484,0.06327903959173041,0.9897661825497388,0.9980300873576006,0.9801606677827381,0.08618123101409325,0,0,0,0
A011,36,172032,278.0806579589844,0.6727684268629067,0.4204963445663452,1.663816638234246,0.09501153683676757,0.9723528467569598,0.9957511169545088,0.9770624069940477,0.09465304883593902,0,0,0,0
A012,0,167936,0.0027260184288024902,0.0004406609146804485,0.00023564323782920837,0.0006808337895557471,0.029865098052225286,1.0006703286867047,0.9995545612198323,0.9715129573170732,0.08093708638726496,0,0,0,0
A012,1,167936,0.04532337188720703,0.0016219423337830454,0.0012916922569274902,0.002150635662533125,0.011057183613118915,1.0011702344100117,0.9999396247227871,0.9918183117378049,0.04176944115460062,0,0,0,0
A012,2,167936,0.24414443969726562,0.002382761920293181,0.0018237829208374023,0.0033763156249441394,0.009809513320772024,1.0006445489094173,0.9999521253034368,0.9921815453506098,0.040292949438468915,0,0,0,0
A012,3,167936,0.3528327941894531,0.003077058194042909,0.0024341437965631485,0.004310993476330112,0.009900409737518294,1.0010235971445334,0.9999515643976157,0.9925388243140244,0.04059898682268727,0,0,0,0
A012,4,167936,0.44567108154296875,0.004010271862732569,0.00318942591547966,0.005599903075949056,0.011332840310653604,1.0018053829943758,0.999937525858877,0.9916158536585366,0.04194398636332726,0,0,0,0
A012,5,167936,0.6224594116210938,0.005281542691492876,0.004139117896556854,0.0073857691695177405,0.012367903008628646,1.001160506237276,0.9999242787499311,0.9917825838414634,0.04240450437742498,0,0,0,0
A012,6,167936,0.8011970520019531,0.006571663982278673,0.005057930946350098,0.009351953512124587,0.013763829339985897,1.0010310968222265,0.9999059071001679,0.991455078125,0.04369728727006082,0,0,0,0
A012,7,167936,234.921875,0.043857346669860485,0.006500184535980225,0.650189836502137,0.019427878900440468,0.9824568592279086,0.9999645375317168,0.9874833269817073,0.05293348561134027,0,0,0,0
A012,8,167936,234.060546875,0.04555739807905711,0.007963202893733978,0.6488249784180172,0.019386579892078058,0.9825016322805316,0.9999645564929477,0.987376143292683,0.0549786154149114,0,0,0,0
A012,9,167936,233.078125,0.047315369192696514,0.009511828422546387,0.6476472630043848,0.019350556834260995,0.9825460797834751,0.9999644776360581,0.9867211318597561,0.056226363581275994,0,0,0,0
A012,10,167936,231.4150390625,0.04810462591691559,0.010161466896533966,0.644810462660124,0.01926557084519601,0.9826449968923114,0.9999643991027557,0.986328125,0.05835633303151208,0,0,0,0
A012,11,167936,230.6357421875,0.04857009062695907,0.010492824018001556,0.6445782975211101,0.019257873697189395,0.982663052809037,0.9999642319097919,0.985667158917683,0.05896250787899471,0,0,0,0
A012,12,167936,229.669921875,0.049261742504485506,0.011157572269439697,0.6444181308826246,0.019252351395449167,0.9826861893640418,0.9999639330458271,0.9862209413109756,0.05915357734762318,0,0,0,0
A012,13,167936,227.806640625,0.05049015234331408,0.011958390474319458,0.6414989499752373,0.01916347198828069,0.9827994476228724,0.9999636855429963,0.9857147961128049,0.06020922998091937,0,0,0,0
A012,14,167936,223.4462890625,0.05152885523422655,0.012965127825737,0.6317572299304258,0.01887200956365926,0.9831197548789241,0.9999637836238812,0.9853336985518293,0.06184592352495661,0,0,0,0
A012,15,167936,221.1318359375,0.05301972751351098,0.013793885707855225,0.6271924210836515,0.018733825982002492,0.9832809696933736,0.9999636775938249,0.985083603277439,0.06286203594460166,0,0,0,0
A012,16,167936,218.5302734375,0.05460553911289913,0.015378907322883606,0.62270867505449,0.018598738479280875,0.9834418837492114,0.9999635251149896,0.9842797256097561,0.06569774340440396,0,0,0,0
A012,17,167936,470.26171875,0.07595178831244505,0.016686759889125824,1.3409819601492226,0.03244026633812488,0.9724357332716828,0.9998495622539314,0.9836604420731707,0.06808595372068435,0,0,0,0
A012,18,167936,489.359375,0.07790636757759763,0.01837998628616333,1.3836427820861383,0.033399827223304,0.9717337119447625,0.9998371130824051,0.984154677972561,0.0679501225061253,0,0,0,0
A012,19,167936,489.73046875,0.0794005397098173,0.01982545480132103,1.3837773055229383,0.03340163583743331,0.9717497480805021,0.9998365872778824,0.9831900247713414,0.07040629747525808,0,0,0,0
A012,20,167936,490.671875,0.08270978366838806,0.02259175479412079,1.3875945019997926,0.03348620300572698,0.9716737222447269,0.9998358771195669,0.9833388910060976,0.07110504749953156,0,0,0,0
A012,21,167936,493.75,0.08507003078757795,0.02474820613861084,1.3967275198368427,0.033703696655024484,0.971476708214874,0.9998340871215802,0.9828089272103658,0.07218702652601915,0,0,0,0
A012,22,167936,494.4365234375,0.08883481009090063,0.02795758843421936,1.3991015169723526,0.033755880126971144,0.9714511664216242,0.9998330211771445,0.9816596798780488,0.07367006746611723,0,0,0,0
A012,23,167936,497.16796875,0.09372834472657549,0.03174257278442383,1.4074292510092463,0.033943258461159226,0.9713088463487058,0.9998306601971374,0.9827255621189024,0.07221450813013476,0,0,0,0
A012,24,167936,499.888671875,0.10042217543414375,0.03735405206680298,1.4165421434338823,0.034140298887342456,0.9711477148728028,0.9998284989780885,0.9832972084603658,0.06960369557506692,0,0,0,0
A012,25,167936,499.89453125,0.1104352360228282,0.04624378681182861,1.4173966160749971,0.034125982599261376,0.9712134181799765,0.9998270640678985,0.9836604420731707,0.06917573152983666,0,0,0,0
A012,26,167936,498.6513671875,0.12029375299582681,0.054732322692871094,1.4156987246886874,0.034047971057796854,0.9713297554258936,0.9998263816137997,0.9837438071646342,0.06906174900215938,0,0,0,0
A012,27,167936,497.9775390625,0.13312254467431248,0.06615415215492249,1.4151835622071316,0.03398772730646006,0.9714633253141822,0.9998245822583047,0.9837497618140244,0.06956197991292783,0,0,0,0
A012,28,167936,496.1083984375,0.1470968891295986,0.07779082655906677,1.4121092381258757,0.03385218743729697,0.9716851342095163,0.9998228649603474,0.9833924828506098,0.06973398566803381,0,0,0,0
A012,29,167936,490.67578125,0.16367112431849243,0.09138713777065277,1.401317410562523,0.03350391358244621,0.9721149441654195,0.9998225848247081,0.9839641291920732,0.06939933517672152,0,0,0,0
A012,30,167936,487.8984375,0.1867489699398991,0.11147725582122803,1.399156740031005,0.033326676251545874,0.972453857379652,0.9998190775973356,0.9829637480945121,0.07135272752820436,0,0,0,0
A012,31,167936,483.7470703125,0.21424669202412322,0.13453292846679688,1.3954981227898826,0.03304037090715212,0.9730318633967221,0.999812757561424,0.9830709317835366,0.07204511641910963,0,0,0,0
A012,32,167936,479.69921875,0.24561923202481478,0.16020441055297852,1.3979341776043324,0.032881473155456815,0.9734865340118162,0.999805735680488,0.982666015625,0.07421911151184928,0,0,0,0
A012,33,167936,478.55078125,0.28605627397292865,0.19474482536315918,1.407331386804024,0.032850680210755635,0.9739879344661686,0.9997933549160476,0.9814334032012195,0.07775563623696141,0,0,0,0
A012,34,167936,441.5673828125,0.34089856110244354,0.23938584327697754,1.3227005520267896,0.030644937778991667,0.9771552860755759,0.9997865071892185,0.9798911490091463,0.08294870643344014,0,0,0,0
A012,35,167936,683.029296875,0.47280468371980355,0.34141111373901367,1.8747575791034303,0.06373083299801882,0.9899190689230127,0.9979998395689301,0.9803913395579268,0.0861132251775922,0,0,0,0
A012,36,167936,278.0806579589844,0.6751538739263196,0.41829848289489746,1.6824087815265127,0.0954476036675171,0.9727558493051258,0.995698817280429,0.977294921875,0.09412807966250067,0,0,0,0
A013,0,151552,0.0027260184288024902,0.00046736677303842216,0.0002489238977432251,0.0007027638038253437,0.0313640733478521,1.000726014643505,0.9995087676420322,0.9718644425675675,0.08318830910120488,0,0,0,0
A013,1,151552,0.04532337188720703,0.0017101661082830487,0.0013503916561603546,0.0022863805995371233,0.011554506852808512,1.0015259395632914,0.9999345108639333,0.9915738492398649,0.04196879409118509,0,0,0,0
A013,2,151552,0.24414443969726562,0.0024406186276278246,0.0018695294857025146,0.0034559806457676863,0.009764834214641568,1.000736386124355,0.9999526300212374,0.9922534839527027,0.04038150860794072,0,0,0,0
A013,3,151552,0.3528327941894531,0.0030965011859399746,0.00245106965303421,0.004360345442141238,0.009805888039872148,1.0011392184935655,0.9999526251595575,0.9921083192567568,0.04170115686437633,0,0,0,0
A013,4,151552,0.44567108154296875,0.003982058380747608,0.003169141709804535,0.00557911685845048,0.011084343214649114,1.001968853629748,0.9999406237631767,0.991481471706081,0.04251385618631183,0,0,0,0
A013,5,151552,0.6224594116210938,0.0051599565534950894,0.0040594469755887985,0.007239987269466438,0.011965283111055342,1.0017595331367237,0.9999300869927189,0.9915474556587838,0.0431087996547535,0,0,0,0
A013,6,151552,0.8011970520019531,0.006373767486975893,0.004946574568748474,0.009095642072505013,0.013412090954976487,1.001204817290295,0.9999108910604501,0.991428684543919,0.044160794768428074,0,0,0,0
A013,7,151552,234.921875,0.04756380113763105,0.006433591246604919,0.6844193955867542,0.01942801431524195,0.9824558313133045,0.9999645531722103,0.9869417757601351,0.05420088793607175,0,0,0,0
A013,8,151552,234.060546875,0.04931458632061524,0.007920235395431519,0.6829800327848377,0.019386616612741516,0.9825006992169654,0.9999645723530532,0.9864073057432432,0.056280969493043224,0,0,0,0
A013,9,151552,233.078125,0.051194743690075484,0.009559914469718933,0.6817392980907474,0.01935057787501836,0.9825451371754174,0.9999644939325263,0.9859718116554054,0.057868966024169084,0,0,0,0
A013,10,151552,231.4150390625,0.05201775111993971,0.010290578007698059,0.678751343325911,0.01926545623365535,0.9826442043713752,0.9999644153185464,0.9858860325168919,0.059282503302164336,0,0,0,0
A013,11,151552,230.6357421875,0.05256262358067476,0.010671854019165039,0.6785091339210854,0.019257932027975187,0.9826624207438506,0.9999642418952586,0.9851932010135135,0.06100631236075155,0,0,0,0
A013,12,151552,229.669921875,0.05330031292615368,0.011363819241523743,0.6783380129570237,0.01925231331954709,0.9826855237503787,0.9999639454949508,0.9856880806587838,0.06062116309121327,0,0,0,0
A013,13,151552,227.806640625,0.054497209784791584,0.01215161383152008,0.6752610507117855,0.019163708771315267,0.9827979204863204,0.9999637075980782,0.9852591849662162,0.06161311643146357,0,0,0,0
A013,14,151552,223.4462890625,0.055669203840997813,0.01327265053987503,0.6650070402558477,0.018872456340067553,0.9831179823759408,0.9999638054178002,0.9845729518581081,0.06412237274041645,0,0,0,0
A013,15,151552,221.1318359375,0.05716129959339131,0.014007806777954102,0.6601951435575559,0.018734286378802034,0.9832789474189637,0.9999637031348569,0.9841440561655406,0.06494478744098081,0,0,0,0
A013,16,151552,218.5302734375,0.0588592971015702,0.015802904963493347,0.655469241503874,0.01859925420198776,0.9834399860276888,0.9999635472448108,0.9837283572635135,0.06780946316934888,0,0,0,0
A013,17,151552,470.26171875,0.08229218205483571,0.017036303877830505,1.4115887208353228,0.03244205320613437,0.9724320406335186,0.9998496067486587,0.9829167546452703,0.07107835511287647,0,0,0,0
A013,18,151552,489.359375,0.08415264886535452,0.018613316118717194,1.4564903723893174,0.0334018265528958,0.9717295692903793,0.9998371641789223,0.983424831081081,0.07048247413595175,0,0,0,0
A013,19,151552,489.73046875,0.08560150042944155,0.02012413740158081,1.4566254613764607,0.03340368720155697,0.9717456238718429,0.9998366359773241,0.9825142525337838,0.07258687316379984,0,0,0,0
A013,20,151552,490.671875,0.08891786342102681,0.02290196716785431,1.4606289927110856,0.03348872631303929,0.9716675840387136,0.9998359680815225,0.982151340793919,0.07338608241658529,0,0,0,0
A013,21,151552,493.75,0.09127302298002239,0.024946212768554688,1.4702319770760282,0.03370629979831254,0.9714694624598733,0.9998342083378774,0.981861011402027,0.0742251267884862,0,0,0,0
A013,22,151552,494.4365234375,0.09525560323750235,0.028545916080474854,1.4727197612321905,0.03375881448287017,0.9714431310205642,0.9998331540061228,0.9811483847128378,0.07558114685465749,0,0,0,0
A013,23,151552,497.16796875,0.10012798345880854,0.032464273273944855,1.4814633429623743,0.03394696979982754,0.9712995056511815,0.9998308048234285,0.982448268581081,0.07356409236437425,0,0,0,0
A013,24,151552,499.888671875,0.10694828252408607,0.038308560848236084,1.4910279121064869,0.034146240372344164,0.971134158190036,0.9998286905545631,0.9826462204391891,0.07205683610720717,0,0,0,0
A013,25,151552,499.89453125,0.11695889204552996,0.047041863203048706,1.4918657139457074,0.034134880428772635,0.9711911996769582,0.9998274062378526,0.9827979835304054,0.07149996491204434,0,0,0,0
A013,26,151552,498.6513671875,0.12709893966044128,0.05587926506996155,1.4900254804376245,0.03405826492690053,0.9713045372566529,0.9998267609102667,0.9831938872466216,0.07110847777789742,0,0,0,0
A013,27,151552,497.9775390625,0.13943300627825256,0.0668480396270752,1.4893411947669772,0.03400012561310126,0.9714264967293383,0.9998252243202692,0.982936549831081,0.07188231421417358,0,0,0,0
A013,28,151552,496.1083984375,0.15350426295755235,0.07855275273323059,1.485964846300165,0.03386806055359254,0.9716322203623495,0.999823845588425,0.982837573902027,0.07158062056540365,0,0,0,0
A013,29,151552,490.67578125,0.16935209425459893,0.09140294790267944,1.4743023747560997,0.0335228979690619,0.972044076368951,0.9998239529304798,0.9834578230574325,0.0710019940733267,0,0,0,0
A013,30,151552,487.8984375,0.1922994976182201,0.11186325550079346,1.4716426856064124,0.033356710973123066,0.972342229647529,0.9998211957192276,0.9822635135135135,0.07348303921272885,0,0,0,0
A013,31,151552,483.7470703125,0.21966596460537083,0.1349402666091919,1.4672214515701478,0.03308290681623317,0.9728519348304937,0.999816281764899,0.9827122043918919,0.07405276687954364,0,0,0,0
A013,32,151552,479.69921875,0.2509620859228021,0.1599411964416504,1.4690279545993872,0.03293759631131876,0.9732389761936597,0.9998105640728419,0.9818412162162162,0.07700756703659482,0,0,0,0
A013,33,151552,478.55078125,0.2931596962035483,0.19693422317504883,1.4783124945796826,0.0329213319382898,0.9736909388796545,0.9997988851575387,0.9804489548141891,0.08071660008841483,0,0,0,0
A013,34,151552,441.5673828125,0.3489066931202074,0.24220561981201172,1.3874142607515305,0.03070371267970347,0.9767826476188904,0.9997933662510734,0.9793272276182432,0.08590876711829262,0,0,0,0
A013,35,151552,683.029296875,0.48539562071301906,0.3494293689727783,1.9673255744837104,0.06495767458035544,0.9889997148924493,0.9979279603660526,0.9793734163851351,0.08914264192757937,0,0,0,0
A013,36,151552,278.0806579589844,0.701071554957535,0.42904090881347656,1.7548027161362134,0.09759951526371365,0.9709251617975657,0.9955298721751411,0.9762193834459459,0.09799615816423456,0,0,0,0
A014,0,159744,0.0027260184288024902,0.0004547724979369004,0.0002430155873298645,0.0006966949858317644,0.03055664415613448,1.0006739000884195,0.9995336870679483,0.9703400440705128,0.08401110626661834,0,0,0,0
A014,1,159744,0.052510738372802734,0.0016231228507312158,0.0012935493141412735,0.002155111768066265,0.011015460627222338,1.0013641036412226,0.9999403415832205,0.9916804387019231,0.04205026635070601,0,0,0,0
A014,2,159744,0.24414443969726562,0.0023466310896742616,0.0017999522387981415,0.003334457242283067,0.009638600770346091,1.0009930940234157,0.9999540874009923,0.9919934395032052,0.04060335345431248,0,0,0,0
A014,3,159744,0.3528327941894531,0.0030514808595282186,0.002422139048576355,0.004297115603534235,0.009857366917772784,1.0013436378192535,0.9999523828202627,0.9922438401442307,0.04149146192563897,0,0,0,0
A014,4,159744,0.44567108154296875,0.004123974416510616,0.003255680203437805,0.00575830895351989,0.011714685848568895,1.0022094328354563,0.9999339697538566,0.9913924779647436,0.04348545808606784,0,0,0,0
A014,5,159744,0.6224594116210938,0.005385148521461302,0.0042418986558914185,0.0074757125676085685,0.012514765373179963,1.001855911360809,0.9999235544035674,0.9913048377403846,0.04446495469432209,0,0,0,0
A014,6,159744,0.8011970520019531,0.006585083015820076,0.005103409290313721,0.009364432680347624,0.013895111023937697,1.0015076105218912,0.9999047430000146,0.9911671173878205,0.045451437722434845,0,0,0,0
A014,7,159744,234.921875,0.04574136754569608,0.006576422601938248,0.6666486401969307,0.019428097083246523,0.9824563634169032,0.9999645420528023,0.9869666466346154,0.05494540309258412,0,0,0,0
A014,8,159744,234.060546875,0.0475884380116003,0.008179649710655212,0.6652511131253178,0.01938676748874154,0.9825012790689978,0.9999645590693241,0.9865409655448718,0.057032931892766286,0,0,0,0
A014,9,159744,233.078125,0.049423433545575206,0.009795233607292175,0.6640458290229183,0.019350788507470483,0.982545810746224,0.9999644778428698,0.9861152844551282,0.05812177982172155,0,0,0,0
A014,10,159744,231.4150390625,0.05015214032346485,0.010396867990493774,0.6611345242475144,0.019265684452912376,0.9826447819655174,0.9999644006635464,0.9858523637820513,0.05985244232063533,0,0,0,0
A014,11,159744,230.6357421875,0.05053540020061612,0.010686658322811127,0.6608918708631382,0.019257958831570512,0.9826627941940539,0.9999642347946738,0.985107421875,0.061332564863950945,0,0,0,0
A014,12,159744,229.669921875,0.05111611409233191,0.01117454469203949,0.6607244132252452,0.01925232182883304,0.9826859207274691,0.9999639383483313,0.9855831830929487,0.06092068696935447,0,0,0,0
A014,13,159744,227.806640625,0.05235645503049186,0.011987671256065369,0.6577305123053995,0.019163652738374844,0.9827988724358298,0.9999636920641651,0.9855143229166666,0.06153749707732182,0,0,0,0
A014,14,159744,223.4462890625,0.053500761905997236,0.013101466000080109,0.6477448040285735,0.018872427106270018,0.9831190762420746,0.9999637872361121,0.9846379206730769,0.06387078028348717,0,0,0,0
A014,15,159744,221.1318359375,0.05507089478397685,0.013927444815635681,0.6430664011500221,0.018734460502256262,0.9832804558980365,0.9999636742218843,0.9846066205929487,0.064473442746062,0,0,0,0
A014,16,159744,218.5302734375,0.05669974074349062,0.015615254640579224,0.6384650148281537,0.018599521182824545,0.9834414128991087,0.9999635182225839,0.9836613581730769,0.06780758565650909,0,0,0,0
A014,17,159744,470.26171875,0.07894750496247746,0.016834087669849396,1.3749258837382508,0.0324416492215903,0.9724335862369264,0.9998495766494496,0.9829977964743589,0.07061108251366847,0,0,0,0
A014,18,159744,489.359375,0.08094580625043608,0.018572673201560974,1.4186664694208875,0.033401444989310955,0.9717316135672648,0.9998371181654253,0.9833671374198718,0.07085789475219857,0,0,0,0
A014,19,159744,489.73046875,0.08247489182059116,0.02014973759651184,1.418804636921093,0.033403340335152014,0.9717476794758031,0.99983658848009,0.9824281350160257,0.07279605414154505,0,0,0,0
A014,20,159744,490.671875,0.08604789653819814,0.023149579763412476,1.4227192574697647,0.03348833864898229,0.9716704370618937,0.9998358987383781,0.982108874198718,0.07410007471465016,0,0,0,0
A014,21,159744,493.75,0.08848427265951532,0.025359056890010834,1.4320809807495192,0.03370577659679587,0.9714729916002826,0.9998341234545169,0.982108874198718,0.07440961279172253,0,0,0,0
A014,22,159744,494.4365234375,0.09226464547208188,0.028649255633354187,1.4345051323957787,0.03375787162421148,0.9714470687830149,0.9998330716999744,0.9813889723557693,0.07532479390766769,0,0,0,0
A014,23,159744,497.16796875,0.09703034162665365,0.03228276968002319,1.4430306327167597,0.03394597399394903,0.9713051246870397,0.9998306745878262,0.9825408153044872,0.07307426391963476,0,0,0,0
A014,24,159744,499.888671875,0.10385452463774178,0.038130730390548706,1.4523592519666004,0.03414312861565229,0.9711442866066715,0.9998285007486423,0.9832106370192307,0.07074474887113645,0,0,0,0
A014,25,159744,499.89453125,0.11370006529525128,0.04672515392303467,1.4531996216161776,0.03412932522116142,0.9712070876956385,0.99982713313909,0.9836237980769231,0.06988247885610252,0,0,0,0
A014,26,159744,498.6513671875,0.1236383906913465,0.05535024404525757,1.4514347664159217,0.03405173555913831,0.9713254177113839,0.9998263769180701,0.9833859174679487,0.06970773250771262,0,0,0,0
A014,27,159744,497.9775390625,0.13593094464965524,0.06612110137939453,1.4508377757420092,0.03399227412753766,0.9714547116610264,0.9998246746812183,0.9830979567307693,0.0704053441217678,0,0,0,0
A014,28,159744,496.1083984375,0.14999264038169713,0.07773393392562866,1.4476064626404224,0.0338576311250016,0.9716749259746733,0.9998229709557896,0.9831605568910257,0.07047565226300129,0,0,0,0
A014,29,159744,490.67578125,0.16559469314766737,0.09044164419174194,1.436278830936201,0.033503099597038836,0.9721046892563553,0.999822905225677,0.9838741987179487,0.06991151152658819,0,0,0,0
A014,30,159744,487.8984375,0.18720682412015613,0.1088549792766571,1.4337207021004104,0.033330379713565145,0.9724344220191703,0.9998194977910672,0.9827473958333334,0.07232913380715948,0,0,0,0
A014,31,159744,483.7470703125,0.21342543171473877,0.13051855564117432,1.4294646471206804,0.033043312999834984,0.9729889899852256,0.9998138386581372,0.9828037359775641,0.0730454905266102,0,0,0,0
A014,32,159744,479.69921875,0.24430374448490674,0.1558765470981598,1.4314602448552098,0.03287795919799559,0.9734171932046054,0.9998077316763478,0.9819148137019231,0.07558651686958981,0,0,0,0
A014,33,159744,478.55078125,0.28383015622966923,0.1890120655298233,1.4403659458006908,0.03284239585754765,0.9739048694649728,0.9997958388234354,0.9811573517628205,0.07844502862141677,0,0,0,0
A014,34,159744,441.5673828125,0.3393120735421316,0.233708918094635,1.3525025540516582,0.03062440094798309,0.9770025005480504,0.9997907021977159,0.979667467948718,0.0837425103187902,0,0,0,0
A014,35,159744,683.029296875,0.47513061609457413,0.34038782119750977,1.9189437847543045,0.06423334110481244,0.9896143215204877,0.9979698859926392,0.9804374499198718,0.0862897320923364,0,0,0,0
A014,36,159744,278.0806579589844,0.6883142756010691,0.4226059317588806,1.7173054230712872,0.0952011174782557,0.9721489969143451,0.9957374978411045,0.9767753405448718,0.09527917270095589,0,0,0,0
A015,0,151552,0.0027260184288024902,0.0004861733009911896,0.00025922060012817383,0.0007282070367327129,0.032221706686287994,1.0007768217719837,0.9994815852510078,0.9683277027027027,0.08963165976445503,0,0,0,0
A015,1,151552,0.04586601257324219,0.0016268642183661086,0.0013069435954093933,0.002150129773601471,0.011139773669788194,1.0013647464181383,0.9999389672818692,0.991455078125,0.04326406587977319,0,0,0,0
A015,2,151552,0.24414443969726562,0.002429901330022578,0.001850382424890995,0.003446959652876054,0.009769327004590824,1.000965250181927,0.9999527915468636,0.9920489336993243,0.041057396533210035,0,0,0,0
A015,3,151552,0.3528327941894531,0.0031057221321598386,0.0024377629160881042,0.004405404295613625,0.00992888436069761,1.0013611175079637,0.9999517006891491,0.9919367609797297,0.04245619338924739,0,0,0,0
A015,4,151552,0.44567108154296875,0.003993491531704225,0.0031698010861873627,0.005605427795587745,0.011197589398877088,1.0019702771081362,0.9999393674546843,0.9913758973817568,0.0435818482935173,0,0,0,0
A015,5,151552,0.6224594116210938,0.005216860345683472,0.004086095839738846,0.0073036161394692874,0.012124524885692814,1.00162349984007,0.9999279328250608,0.9911581503378378,0.04436971865374707,0,0,0,0
A015,6,151552,0.8011970520019531,0.006387554410996534,0.004920355975627899,0.009157715409971344,0.013573245397644216,1.0013671147972885,0.999908942492189,0.9915078652871622,0.04455516806297137,0,0,0,0
A015,7,151552,234.921875,0.04757778085287727,0.006429955363273621,0.6844200547225897,0.019428106910533947,0.9824558462454329,0.9999645510750286,0.9872914907094594,0.05434698068639417,0,0,0,0
A015,8,151552,234.060546875,0.049439471219252976,0.00800345093011856,0.6829823528981909,0.019386761420283203,0.9825005914525465,0.9999645714112221,0.9864073057432432,0.0570152495582078,0,0,0,0
A015,9,151552,233.078125,0.05140805820130752,0.009808287024497986,0.6817438445183462,0.01935072775230007,0.9825450184018527,0.9999644930865018,0.9859982052364865,0.05832575809131372,0,0,0,0
A015,10,151552,231.4150390625,0.05219929741474516,0.010463178157806396,0.6787568691834373,0.019265682950472443,0.9826439913269436,0.999964414628743,0.9857870565878378,0.060237962567524936,0,0,0,0
A015,11,151552,230.6357421875,0.05246801672871476,0.010563850402832031,0.6785046245300368,0.019257904360445107,0.9826622022382545,0.9999642462847509,0.9850546347128378,0.06113500315915818,0,0,0,0
A015,12,151552,229.669921875,0.053124012998056504,0.011160477995872498,0.6783333741812657,0.019252311848262798,0.9826852522691771,0.9999639502972304,0.9853845544763513,0.06121083656413815,0,0,0,0
A015,13,151552,227.806640625,0.05427182450562275,0.011892572045326233,0.6752538537240144,0.01916355514086773,0.9827980792991622,0.9999637078198764,0.9851272170608109,0.061896039246567974,0,0,0,0
A015,14,151552,223.4462890625,0.055351830449974326,0.012962453067302704,0.6649954612095527,0.01887216076171945,0.9831182029581224,0.9999638073121615,0.9847511085304054,0.06372490476124915,0,0,0,0
A015,15,151552,221.1318359375,0.05684814712781405,0.013666659593582153,0.6601846026042291,0.01873400559763241,0.9832788197106137,0.9999637106515307,0.9844211887668919,0.06428753688821941,0,0,0,0
A015,16,151552,218.5302734375,0.05860278149961343,0.015555217862129211,0.6554610247077498,0.018599096046655907,0.9834393392420833,0.9999635611032854,0.9836821684966216,0.06713680494849697,0,0,0,0
A015,17,151552,470.26171875,0.08222216976396585,0.01704806089401245,1.4115856725687097,0.0324418372355028,0.9724316099447908,0.999849626097101,0.9827715899493243,0.07075197682432562,0,0,0,0
A015,18,151552,489.359375,0.08421061771895365,0.018821194767951965,1.4564884739392692,0.03340167100550243,0.9717290954583354,0.9998371832315024,0.9831411000844594,0.07076516969800126,0,0,0,0
A015,19,151552,489.73046875,0.08558603845892776,0.020256221294403076,1.456621836828715,0.0334036170441453,0.9717449306782411,0.9998366584279308,0.9819995777027027,0.07325505521109187,0,0,0,0
A015,20,151552,490.671875,0.08894260355722158,0.023061580955982208,1.4606248927758487,0.033488940856109005,0.9716661796080073,0.9998360014023603,0.982593433277027,0.07343536136030981,0,0,0,0
A015,21,151552,493.75,0.09142112527583961,0.025288835167884827,1.4702344697021625,0.033706739838388844,0.971468069491932,0.9998342337426568,0.9818676097972973,0.07449988136349957,0,0,0,0
A015,22,151552,494.4365234375,0.09538411331493689,0.028737545013427734,1.47271896403972,0.033758991346534,0.9714418053761017,0.9998331866022411,0.9815574852195946,0.07519042588635964,0,0,0,0
A015,23,151552,497.16796875,0.10027006634389157,0.03238806128501892,1.481464731916803,0.03394721734594896,0.9712979101763858,0.9998308430390678,0.9825802364864865,0.07353781239885224,0,0,0,0
A015,24,151552,499.888671875,0.1069483157821995,0.03817707300186157,1.4910269211785383,0.034146427847851726,0.9711319824088964,0.9998287482540201,0.982837573902027,0.07162446429492086,0,0,0,0
A015,25,151552,499.89453125,0.11708777896888023,0.046922504901885986,1.4918743451895768,0.03413460770595679,0.9711904338580402,0.99982743840432,0.9828969594594594,0.07099891452856373,0,0,0,0
A015,26,151552,498.6513671875,0.12736218214805328,0.05588889122009277,1.490043097006643,0.03405821346429374,0.9713055356758268,0.9998267333968742,0.9834314294763513,0.07031547396911117,0,0,0,0
A015,27,151552,497.9775390625,0.13991662460795998,0.06712746620178223,1.4893875790916085,0.034000773174701765,0.9714277559095318,0.9998251648452259,0.983180690456081,0.07109332159667042,0,0,0,0
A015,28,151552,496.1083984375,0.1541019027486564,0.07906252145767212,1.4860218383354535,0.03386822362544919,0.9716342935313146,0.9998237797541961,0.983180690456081,0.07133942620407402,0,0,0,0
A015,29,151552,490.67578125,0.17079654984761233,0.09278780221939087,1.474472093058532,0.0335203745111508,0.9720492204899953,0.9998238929547316,0.9829431482263513,0.07181957189830465,0,0,0,0
A015,30,151552,487.8984375,0.19336152587494645,0.11255621910095215,1.4718918633345446,0.033355729294801566,0.9723417181970976,0.9998212438497734,0.9822635135135135,0.07371437228359556,0,0,0,0
A015,31,151552,483.7470703125,0.21990758924562215,0.1345292329788208,1.467394061395749,0.03307768368621897,0.9728664470732525,0.9998160572477894,0.9822173247466216,0.07504726966431828,0,0,0,0
A015,32,151552,479.69921875,0.2506093874784145,0.15906667709350586,1.4691570998894723,0.03292500718901452,0.9732556476395429,0.999810535024323,0.982006176097973,0.07621705675896982,0,0,0,0
A015,33,151552,478.55078125,0.29274778083438563,0.19501709938049316,1.478627697671065,0.03291784837413964,0.9737179657949127,0.9997982786425718,0.9810889991554054,0.07980316472160515,0,0,0,0
A015,34,151552,441.5673828125,0.35066181206009883,0.24231791496276855,1.3884062004044697,0.030720686989102915,0.9767871249575494,0.9997927270789098,0.9789247255067568,0.08594125247829736,0,0,0,0
A015,35,151552,683.029296875,0.48797436544909206,0.35100412368774414,1.9679186940546949,0.06508614781174214,0.9889369000581022,0.9979200824357927,0.9799144847972973,0.08828655707628992,0,0,0,0
A015,36,151552,278.0806579589844,0.7086275309933675,0.43328630924224854,1.7636998120533258,0.09685836812927578,0.9710508899186506,0.9956009038296227,0.9759224556587838,0.0979616519561457,0,0,0,0
A016,0,159744,0.0027260184288024902,0.00043385456533192506,0.0002393573522567749,0.0006728194498156715,0.029212904591904048,1.0006482819241695,0.9995737895419143,0.9712352263621795,0.08094981311218777,0,0,0,0
A016,1,159744,0.04532337188720703,0.0015957918160657196,0.001268874853849411,0.0021185580767851867,0.010937503181775473,1.0010453405483901,0.9999407937711772,0.9915614983974359,0.04151056247558385,0,0,0,0
A016,2,159744,0.24414443969726562,0.0023022089421803646,0.001763974316418171,0.0032792402051713206,0.009539616292144028,1.0007003375340409,0.9999547747697559,0.9923189603365384,0.03954068474377916,0,0,0,0
A016,3,159744,0.3528327941894531,0.003068169213861438,0.0024129506200551987,0.00434153079924309,0.01000040139411091,1.0014359893301288,0.9999510972424946,0.9922814002403846,0.04147911617242746,0,0,0,0
A016,4,159744,0.44567108154296875,0.003956806731690239,0.0031406530179083347,0.005551264529177179,0.011411814450341737,1.002086761742855,0.9999371935947652,0.9916428786057693,0.042958214750145836,0,0,0,0
A016,5,159744,0.6224594116210938,0.0052884905313237305,0.004156176000833511,0.007390593681410615,0.012386427460298478,1.0016132207889943,0.9999247109059746,0.9914613381410257,0.043556609282844605,0,0,0,0
A016,6,159744,0.8011970520019531,0.0065772536790783915,0.005100701004266739,0.009315668191750762,0.013877695146673733,1.001315651149874,0.9999046956449666,0.9908854166666666,0.04526248012989109,0,0,0,0
A016,7,159744,234.921875,0.04583826248280076,0.006635921075940132,0.6666507321187973,0.01942818877579762,0.9824562265627601,0.999964542678438,0.9871732271634616,0.05470846261440405,0,0,0,0
A016,8,159744,234.060546875,0.04767118455375415,0.008227720856666565,0.6652530271605677,0.01938690121717008,0.9825012157948578,0.999964557555235,0.9865409655448718,0.05718504903956097,0,0,0,0
A016,9,159744,233.078125,0.049610070025312036,0.009982660412788391,0.6640502586389541,0.019350940834773074,0.982545689283731,0.9999644769961483,0.9861465845352564,0.05806251598625575,0,0,0,0
A016,10,159744,231.4150390625,0.05037049976601793,0.01059296727180481,0.6611396589245545,0.019265556350767404,0.9826450167123447,0.9999643990375976,0.9859900841346154,0.05871305631503281,0,0,0,0
A016,11,159744,230.6357421875,0.0507510839562166,0.010813586413860321,0.6608987606367437,0.019257734496221552,0.9826634685303739,0.9999642273185168,0.9856270032051282,0.05923578108064216,0,0,0,0
A016,12,159744,229.669921875,0.05146916478154486,0.011488303542137146,0.6607360239641483,0.01925234964338245,0.9826859898721575,0.9999639365876712,0.9861653645833334,0.058954924628371826,0,0,0,0
A016,13,159744,227.806640625,0.05269140887780675,0.012302696704864502,0.6577419558498718,0.01916373212693906,0.9827987247723846,0.9999636930951484,0.9855518830128205,0.06050175577781648,0,0,0,0
A016,14,159744,223.4462890625,0.053861795679436816,0.013416111469268799,0.6477589218667532,0.018872480638625608,0.9831189331740618,0.9999637886598086,0.9850448217147436,0.0626082324187111,0,0,0,0
A016,15,159744,221.1318359375,0.055428373588324864,0.014277227222919464,0.6430798192800146,0.018734390974356138,0.9832803327708376,0.999963677635693,0.9850260416666666,0.06358146938166846,0,0,0,0
A016,16,159744,218.5302734375,0.057201747156729,0.016112346202135086,0.6384882384762983,0.018599579032784933,0.9834411945519287,0.9999635207968062,0.9835236378205128,0.06701250914555228,0,0,0,0
A016,17,159744,470.26171875,0.07975714170214442,0.01751018315553665,1.3749469554257965,0.03244130236566726,0.9724339437147214,0.9998495781425834,0.9832669771634616,0.07033367467890035,0,0,0,0
A016,18,159744,489.359375,0.08194161038208665,0.019512400031089783,1.4186940404056956,0.033401306357368155,0.9717316356348694,0.9998371222923643,0.9833483573717948,0.07072731088306929,0,0,0,0
A016,19,159744,489.73046875,0.08367877302708703,0.02120646834373474,1.418840140537663,0.03340341223686445,0.9717479017332862,0.9998365795840544,0.9822027744391025,0.07384503350924958,0,0,0,0
A016,20,159744,490.671875,0.08732567001876736,0.024173609912395477,1.422766248886905,0.03348855102983179,0.9716703743968552,0.9998358932351606,0.9823717948717948,0.07417538522989749,0,0,0,0
A016,21,159744,493.75,0.09002247528811926,0.02647063136100769,1.4321453509687339,0.03370631813014944,0.9714733807739262,0.9998340933041503,0.9822278145032052,0.07515663570658858,0,0,0,0
A016,22,159744,494.4365234375,0.09397134409989022,0.030033469200134277,1.434580880285297,0.03375854579120037,0.9714481832253551,0.9998330157087097,0.9813639322916666,0.07591713164408051,0,0,0,0
A016,23,159744,497.16796875,0.09885817531476394,0.03393954038619995,1.4431131207207506,0.03394606783790287,0.9713057325674012,0.9998306534558946,0.9819774138621795,0.07433845307090625,0,0,0,0
A016,24,159744,499.888671875,0.10589211012192652,0.03991033136844635,1.4524762217024212,0.0341446453866904,0.971144247640007,0.9998284485723258,0.9827724358974359,0.07220327851365012,0,0,0,0
A016,25,159744,499.89453125,0.11596075820152808,0.048793792724609375,1.4533489963897315,0.034132314515576474,0.9712085800252658,0.9998269841118888,0.9828600761217948,0.0715399113863461,0,0,0,0
A016,26,159744,498.6513671875,0.12598443382227323,0.05749869346618652,1.4515957353959323,0.0340538388122942,0.9713257647213045,0.9998262930000975,0.9832481971153846,0.07061042285120964,0,0,0,0
A016,27,159744,497.9775390625,0.13812971528078868,0.06793759763240814,1.4509970842194508,0.03399635662183958,0.9714527186793339,0.9998245900257396,0.9830916967147436,0.07135727617356907,0,0,0,0
A016,28,159744,496.1083984375,0.15213391058437198,0.07979752123355865,1.4478092315287479,0.033862668468299925,0.9716683733697337,0.9998229852603503,0.9834359975961539,0.07089871847842819,0,0,0,0
A016,29,159744,490.67578125,0.1683750415054419,0.09261247515678406,1.4366570111611443,0.03351755076600309,0.9720919237363864,0.9998227711391269,0.9834422576121795,0.07094176902146225,0,0,0,0
A016,30,159744,487.8984375,0.1904345366733884,0.11156630516052246,1.4342614930564752,0.03335489994412388,0.972398854241547,0.9998196593395945,0.9824093549679487,0.07313065536016317,0,0,0,0
A016,31,159744,483.7470703125,0.21823752362064835,0.13460397720336914,1.4303593416677278,0.03307424306947539,0.9729340401601234,0.9998143042808411,0.9828350360576923,0.07306509950723804,0,0,0,0
A016,32,159744,479.69921875,0.2488552519770658,0.15918850898742676,1.4324746633526007,0.03293838094405078,0.9733134935644755,0.9998085060384214,0.9818396935096154,0.07589764359507474,0,0,0,0
A016,33,159744,478.55078125,0.2894446597910689,0.19377470016479492,1.441772939950713,0.03292499504432707,0.9737678070142797,0.9997967034096948,0.9811448317307693,0.0792315408357826,0,0,0,0
A016,34,159744,441.5673828125,0.3456425421472653,0.2397165298461914,1.3544115649182615,0.030717158522683745,0.9768890384031892,0.9997904433023181,0.9794358473557693,0.0845630270676413,0,0,0,0
A016,35,159744,683.029296875,0.4856505644100905,0.35205984115600586,1.9215104407246637,0.06450509963907824,0.9893150462786465,0.997954777065889,0.9794921875,0.08800468276187752,0,0,0,0
A016,36,159744,278.0806579589844,0.6998594591490334,0.434298038482666,1.7311088425962382,0.09586743131425748,0.9716619450604888,0.9956839314991818,0.9762056790865384,0.09698286870371334,0,0,0,0
A017,0,147456,0.0027260184288024902,0.00045878242862171546,0.00023743882775306702,0.0007068823127041413,0.03149389893056744,1.000731873307161,0.9995046974830357,0.9686075846354166,0.08738145397317384,0,0,0,0
A017,1,147456,0.04532337188720703,0.001678098931274895,0.0013388227671384811,0.002226321922868627,0.011077429906888928,1.0010009784021616,0.9999392071045858,0.9913465711805556,0.04293092513286924,0,0,0,0
A017,2,147456,0.24414443969726562,0.002414811903086505,0.0018568523228168488,0.0034255607443146796,0.009567889531249936,1.000637670573696,0.999954460096296,0.9917873806423612,0.04080414268531149,0,0,0,0
A017,3,147456,0.3528327941894531,0.003132980810777989,0.0024457741528749466,0.004448458323138754,0.009787220307826479,1.0013943208732239,0.99995314255898,0.9922756618923612,0.04146277743218541,0,0,0,0
A017,4,147456,0.44567108154296875,0.004075654107214493,0.0032096579670906067,0.0057252567743385895,0.011144675416511603,1.0022408801035747,0.9999405421147423,0.9914754231770834,0.04251370573117913,0,0,0,0
A017,5,147456,0.6224594116210938,0.005244494295763186,0.004101485013961792,0.007348588450294271,0.012049181041269608,1.0017156239413922,0.9999290021065577,0.9915228949652778,0.04374456546515423,0,0,0,0
A017,6,147456,0.8011970520019531,0.006434524938714819,0.004960775375366211,0.009224863139120456,0.013545481844602312,1.0015648991595734,0.9999096258419323,0.9914822048611112,0.04482952411050586,0,0,0,0
A017,7,147456,234.921875,0.048627033570993045,0.006351634860038757,0.6938585884293111,0.01942807771711505,0.9824558718709504,0.9999645511956476,0.98687744140625,0.055254649574144006,0,0,0,0
A017,8,147456,234.060546875,0.050355938404149155,0.007835596799850464,0.6923964575265945,0.01938660037523556,0.982500605996304,0.9999645743304445,0.9863959418402778,0.05717803109365269,0,0,0,0
A017,9,147456,233.078125,0.05211981106180019,0.009374365210533142,0.691135306265922,0.019350504793933306,0.9825452236525964,0.9999644938386744,0.9857516818576388,0.05830469067157746,0,0,0,0
A017,10,147456,231.4150390625,0.05286954268206361,0.010003134608268738,0.6881034394129938,0.01926533142455909,0.982644314171131,0.9999644158301731,0.985595703125,0.05976266462235999,0,0,0,0
A017,11,147456,230.6357421875,0.05326803314027176,0.010294033214449883,0.6878490496616126,0.019257533807900493,0.9826623746507562,0.999964250510946,0.9854532877604166,0.05969282412905901,0,0,0,0
A017,12,147456,229.669921875,0.05387158922839161,0.010834857821464539,0.6876724480925271,0.01925190193113541,0.9826853512639925,0.9999639565874142,0.9856296115451388,0.05993788367595506,0,0,0,0
A017,13,147456,227.806640625,0.05506244936341255,0.011602312326431274,0.6845497535489544,0.019163054965453875,0.9827983305667993,0.9999637131840267,0.9857584635416666,0.0597544798379415,0,0,0,0
A017,14,147456,223.4462890625,0.05613308380680198,0.012709766626358032,0.6741478357867403,0.0188715863943426,0.9831185496359295,0.9999638123974615,0.985107421875,0.062297386233346144,0,0,0,0
A017,15,147456,221.1318359375,0.05758432984770599,0.013376615941524506,0.6692642500992518,0.01873322798744191,0.9832795630348626,0.9999637128537963,0.9848564995659722,0.06323954564699347,0,0,0,0
A017,16,147456,218.5302734375,0.0590724296489245,0.014896154403686523,0.6644615940429301,0.018597838386504858,0.9834405258201581,0.9999635649509783,0.9839545355902778,0.0660635956442849,0,0,0,0
A017,17,147456,470.26171875,0.08317821911953792,0.016212835907936096,1.431033709338883,0.03244105075801303,0.9724330536792679,0.9998496116294442,0.9838460286458334,0.06798638176236779,0,0,0,0
A017,18,147456,489.359375,0.08499757412372826,0.017728954553604126,1.4765516390930769,0.033400854260156196,0.9717299993027079,0.9998371851614597,0.9835679796006944,0.06852818546555638,0,0,0,0
A017,19,147456,489.73046875,0.0863660128009845,0.01916499435901642,1.4766850000933205,0.0334030199370895,0.9717454184693639,0.9998366648520206,0.9824150933159722,0.0712902209219102,0,0,0,0
A017,20,147456,490.671875,0.08959260644975903,0.02189294993877411,1.4807345798888756,0.03348800500565513,0.9716671686265621,0.9998360049840551,0.9828287760416666,0.07128534378194962,0,0,0,0
A017,21,147456,493.75,0.09188757300513986,0.02392899990081787,1.490466705556154,0.033705753173218715,0.9714694856003178,0.9998342266278891,0.9824693467881944,0.07266917887266669,0,0,0,0
A017,22,147456,494.4365234375,0.09579724313376896,0.027365803718566895,1.4929774488341632,0.03375755528336769,0.9714432880201946,0.999833193175758,0.9814927842881944,0.07397289534152622,0,0,0,0
A017,23,147456,497.16796875,0.10060220146636488,0.03112885355949402,1.5018245792504286,0.033945831348653664,0.9712984181392929,0.999830876557344,0.9825439453125,0.07283596358064275,0,0,0,0
A017,24,147456,499.888671875,0.10725149868231812,0.03679002821445465,1.5114921511985302,0.0341453025949006,0.9711331653924489,0.9998287528626931,0.9828016493055556,0.07113381862599187,0,0,0,0
A017,25,147456,499.89453125,0.11707310941651865,0.0452711284160614,1.5122941914466617,0.034133033419626584,0.9711912207778375,0.999827470531557,0.9833645290798612,0.06994814018724625,0,0,0,0
A017,26,147456,498.6513671875,0.12707399655842108,0.05395019054412842,1.5103839379093627,0.03405597662564031,0.9713037741161877,0.999826863555505,0.9835340711805556,0.06982681502180255,0,0,0,0
A017,27,147456,497.9775390625,0.13934310751263487,0.06470030546188354,1.509642565311441,0.03399872896447054,0.9714257762516539,0.9998252942650495,0.9829237196180556,0.07081624042799997,0,0,0,0
A017,28,147456,496.1083984375,0.15350192272887853,0.07648956775665283,1.506172541766244,0.03386756256324436,0.9716305799022469,0.9998239105456493,0.9835408528645834,0.0702759169450051,0,0,0,0
A017,29,147456,490.67578125,0.16930596417598232,0.08898270130157471,1.4942753118111065,0.033521629843128946,0.9720415978697841,0.9998240674995735,0.9832288953993056,0.07069799635382948,0,0,0,0
A017,30,147456,487.8984375,0.19221686319200318,0.10943460464477539,1.491469348929653,0.03335892924866746,0.9723350256590995,0.9998213232341913,0.9821099175347222,0.0733504253830172,0,0,0,0
A017,31,147456,483.7470703125,0.2186744391288092,0.13104695081710815,1.48667767936631,0.03308167733499499,0.972846508492197,0.999816473990955,0.982666015625,0.07453078349857573,0,0,0,0
A017,32,147456,479.69921875,0.24932382344191714,0.15559512376785278,1.48819299056999,0.032931292938621425,0.9732313117613305,0.9998109866687678,0.9819200303819444,0.07621740598094569,0,0,0,0
A017,33,147456,478.55078125,0.28860943316885823,0.18853330612182617,1.4967469213087172,0.032910891021775114,0.9736687943577007,0.9997998321608285,0.9810112847222222,0.0796144341598015,0,0,0,0
A017,34,147456,441.5673828125,0.34340550199269476,0.23208415508270264,1.403668619317507,0.03068500317921007,0.9767816751522258,0.9997939770874037,0.9790378146701388,0.0856029392988392,0,0,0,0
A017,35,147456,683.029296875,0.4742047997176794,0.3334609270095825,1.9882834145070007,0.06525515807595136,0.9891076642752882,0.9979074104733534,0.9798923068576388,0.08817950178037148,0,0,0,0
A017,36,147456,278.0806579589844,0.6903077566063681,0.4107351303100586,1.7694109315314084,0.09820592875191948,0.9705359552983099,0.9954786453485152,0.9761081271701388,0.09711406170388108,0,0,0,0
A018,0,143360,0.0027260184288024902,0.0004381618226683973,0.00022929906845092773,0.0006783010860904356,0.030453616757592426,1.0006938559305167,0.9995368506901127,0.9723214285714286,0.08023816432612833,0,0,0,0
A018,1,143360,0.055791378021240234,0.0016464980827984325,0.0013154633343219757,0.002181516746874999,0.010907328066285428,1.0015676601635957,0.999941835059282,0.9914341517857143,0.041758182238070936,0,0,0,0
A018,2,143360,0.24414443969726562,0.002434167728390792,0.001857684925198555,0.0034658737189398156,0.009510097608333963,1.000786269949914,0.9999551234170657,0.991845703125,0.040369528434469934,0,0,0,0
A018,3,143360,0.3528327941894531,0.0031013007916718444,0.0024432912468910217,0.004404255089407494,0.009661581472761744,1.0012028103125077,0.9999541055004243,0.9923130580357142,0.041342423120301806,0,0,0,0
A018,4,143360,0.44567108154296875,0.0040287434502488395,0.003194175660610199,0.005667814527312058,0.011076001816020885,1.001989573117453,0.9999407581584562,0.9916364397321429,0.04248965344209388,0,0,0,0
A018,5,143360,0.6224594116210938,0.005241281700422665,0.004114717245101929,0.007367493997215373,0.012008935130805424,1.0013962329383768,0.9999289666508231,0.9913643973214286,0.04359569915974693,0,0,0,0
A018,6,143360,0.8011970520019531,0.006456866814265335,0.004987102001905441,0.009241932179165545,0.013558669780137927,1.001224764119412,0.9999089427840814,0.9914899553571429,0.04429311035782547,0,0,0,0
A018,7,143360,234.921875,0.04985457233422364,0.0064382366836071014,0.7036989245507026,0.019428121118566916,0.9824555346078966,0.9999645563479204,0.9870675223214286,0.054942320845534375,0,0,0,0
A018,8,143360,234.060546875,0.051577581980466546,0.007873497903347015,0.7022158468282133,0.019386704301977194,0.9825003512773994,0.9999645768074349,0.985888671875,0.057779089769737585,0,0,0,0
A018,9,143360,233.078125,0.05337665113939433,0.009483158588409424,0.7009347828389826,0.019350501549548302,0.9825449146624092,0.9999644993806216,0.9857491629464286,0.058366768631772356,0,0,0,0
A018,10,143360,231.4150390625,0.054360385876949684,0.010343611240386963,0.6978658222719358,0.019265421839978352,0.9826442464723341,0.9999644152507825,0.9855747767857143,0.05985899460406308,0,0,0,0
A018,11,143360,230.6357421875,0.054704717809090656,0.010567516088485718,0.6976122623242798,0.019257963788407658,0.9826617386574755,0.9999642532826246,0.9849051339285714,0.060930590911752375,0,0,0,0
A018,12,143360,229.669921875,0.055406576144735355,0.011205807328224182,0.697435186714078,0.019252434499695582,0.9826845852005207,0.9999639596236904,0.9854422433035714,0.06046484674478395,0,0,0,0
A018,13,143360,227.806640625,0.05674844925484065,0.012137964367866516,0.6942721995794224,0.01916381021880799,0.9827971730087209,0.9999637186758527,0.9851771763392857,0.06148156582038302,0,0,0,0
A018,14,143360,223.4462890625,0.05798353222702579,0.013382486999034882,0.6837271733457165,0.018872436974373498,0.9831175895319898,0.9999638125210544,0.9843470982142857,0.06432730080389672,0,0,0,0
A018,15,143360,221.1318359375,0.05958368886312298,0.014237776398658752,0.6787826484850583,0.018734329461723525,0.9832782549005489,0.9999637140652448,0.9842633928571428,0.06497331030543313,0,0,0,0
A018,16,143360,218.5302734375,0.06113975972922552,0.015864551067352295,0.6739150303366889,0.01859902962868888,0.9834390761909306,0.9999635667793483,0.9836565290178572,0.06742696503781662,0,0,0,0
A018,17,143360,470.26171875,0.08581987751441116,0.017128892242908478,1.4513440547882497,0.03244207952849184,0.9724313684672796,0.999849624822363,0.9827287946428571,0.07051907326312758,0,0,0,0
A018,18,143360,489.359375,0.08764062703929605,0.01873248815536499,1.4975067051065203,0.03340189545113618,0.9717285288912729,0.9998371919051097,0.9831961495535714,0.07046544943167571,0,0,0,0
A018,19,143360,489.73046875,0.08899612182361645,0.02019750326871872,1.4976400492724897,0.03340393853302447,0.9717442375450992,0.9998366674144561,0.9822893415178572,0.07329939511453447,0,0,0,0
A018,20,143360,490.671875,0.09234945334732499,0.022966250777244568,1.5017532542937848,0.03348933788736591,0.9716655192329401,0.9998360068637371,0.9820591517857142,0.07386761801602343,0,0,0,0
A018,21,143360,493.75,0.09475559136572298,0.025253012776374817,1.511623421856696,0.03370700698126259,0.9714673258975676,0.9998342461863544,0.9822893415178572,0.07405643261902327,0,0,0,0
A018,22,143360,494.4365234375,0.09868314476159575,0.028725743293762207,1.5141672323744595,0.033759227149948966,0.9714405076538256,0.9998332163358745,0.9811174665178571,0.07564093054292916,0,0,0,0
A018,23,143360,497.16796875,0.10364148556356798,0.032646819949150085,1.5231435485586458,0.03394806544129308,0.971296027791262,0.9998308686964402,0.9814732142857143,0.07452633624174947,0,0,0,0
A018,24,143360,499.888671875,0.11055085066040451,0.03857393562793732,1.5329578329853042,0.03414804635072203,0.9711289884027267,0.9998287798207592,0.9829520089285714,0.07178114126888571,0,0,0,0
A018,25,143360,499.89453125,0.12046425436998497,0.04743605852127075,1.5337804735032152,0.034137664545031206,0.9711839343483128,0.9998275226303184,0.9827497209821429,0.07176953333414053,0,0,0,0
A018,26,143360,498.6513671875,0.1305670351637218,0.056299179792404175,1.5318366688980292,0.0340617189633891,0.9712952576044258,0.999826912331697,0.9829380580357143,0.07145587416521218,0,0,0,0
A018,27,143360,497.9775390625,0.1431488454065142,0.06764090061187744,1.531096917060442,0.03400522447912112,0.9714143331435834,0.9998254015147428,0.9825613839285714,0.07238522157318728,0,0,0,0
A018,28,143360,496.1083984375,0.1575628664971451,0.07970523834228516,1.5275793600337189,0.03387398367967488,0.9716195918250914,0.9998240056061899,0.9826102120535715,0.07184258252686644,0,0,0,0
A018,29,143360,490.67578125,0.1737106719143802,0.09308066964149475,1.5155101829926971,0.033528736712851295,0.9720293702108327,0.9998241719513667,0.9828892299107143,0.07194437314270379,0,0,0,0
A018,30,143360,487.8984375,0.19623894507948145,0.11295902729034424,1.512581100098308,0.03336744300524384,0.9723155591457913,0.9998215815925025,0.9819963727678571,0.07371783280066668,0,0,0,0
A018,31,143360,483.7470703125,0.2237083538976614,0.13626691699028015,1.507738998363952,0.03309819440713816,0.9728156012783589,0.9998167695199969,0.9822614397321429,0.07482918863113314,0,0,0,0
A018,32,143360,479.69921875,0.2551211710550758,0.16224771738052368,1.509316129263449,0.03296596298207419,0.9731557937044928,0.9998118783723683,0.9809919084821429,0.07784893106407713,0,0,0,0
A018,33,143360,478.55078125,0.2960944213723581,0.197357177734375,1.518088679797749,0.032954860053251725,0.973584133033967,0.9998006208398487,0.9803152901785714,0.08102938143509594,0,0,0,0
A018,34,143360,441.5673828125,0.3531257937284993,0.24363493919372559,1.4239070154490585,0.030733477675955974,0.976661827824426,0.9997952841207833,0.9788016183035714,0.0866339681208684,0,0,0,0
A018,35,143360,683.029296875,0.49007329232897195,0.35016536712646484,2.0189246836594,0.06547956420005338,0.9887868892138791,0.9978954820701376,0.97919921875,0.0886467872906022,0,0,0,0
A018,36,143360,278.0806579589844,0.7143156609170547,0.4312080144882202,1.8029770013727324,0.09864624283741893,0.9701971475660842,0.9954427452013616,0.9758928571428571,0.0984110433452505,0,0,0,0
A019,0,155648,0.0027260184288024902,0.00044040359598272375,0.000244140625,0.0006719143117195778,0.02942387298180422,1.0006661152482685,0.9995676277139098,0.973388671875,0.07812398453961844,0,0,0,0
A019,1,155648,0.061188697814941406,0.001577534939556065,0.0012596696615219116,0.002100147034576236,0.01075143792920465,1.0013239744245446,0.9999431550066834,0.9918534128289473,0.040502589017792294,0,0,0,0
A019,2,155648,0.24414443969726562,0.0023307122420539216,0.0017738789319992065,0.0033444306336518847,0.009561672654122125,1.0005663812587697,0.9999544733873131,0.992296720805921,0.03912755342413682,0,0,0,0
A019,3,155648,0.3528327941894531,0.003146683209407504,0.0024305731058120728,0.004505221091211203,0.010150890229072063,1.0014894770470006,0.999949663959093,0.9923031455592105,0.041007311736950956,0,0,0,0
A019,4,155648,0.44567108154296875,0.004010097936114819,0.0031355656683444977,0.005677124382564879,0.01136953944366575,1.0023280386285915,0.9999382204934252,0.9914229543585527,0.04258653866520558,0,0,0,0
A019,5,155648,0.6224594116210938,0.00518697253850806,0.004043344408273697,0.0073038673042182265,0.01214714007266401,1.0018322656521723,0.9999280339536526,0.9914936266447368,0.043612176728422776,0,0,0,0
A019,6,155648,0.8011970520019531,0.006344091990317374,0.004886291921138763,0.009087592511796439,0.013518120259520117,1.0015353860898195,0.999909947183389,0.990953947368421,0.04481471162587094,0,0,0,0
A019,7,155648,234.921875,0.04661637220810857,0.006471134722232819,0.6753586126015314,0.019428120342171076,0.9824560135001398,0.9999645478287241,0.9872725637335527,0.05428853264332798,0,0,0,0
A019,8,155648,234.060546875,0.04850458635440933,0.008073762059211731,0.673943177048075,0.01938677141789497,0.982501056981778,0.999964562939266,0.9866043893914473,0.05624858242325783,0,0,0,0
A019,9,155648,233.078125,0.05043046592571667,0.009823784232139587,0.6727223294048734,0.01935077589561246,0.9825456135323763,0.9999644815875018,0.986218904194079,0.058046466930178425,0,0,0,0
A019,10,155648,231.4150390625,0.051170513069663276,0.01041342318058014,0.6697720119928178,0.019265669770549023,0.9826447951123171,0.999964400719689,0.9861225328947368,0.05913368437799917,0,0,0,0
A019,11,155648,230.6357421875,0.05148326874018494,0.010624825954437256,0.669524869238707,0.019257880357882912,0.9826628022299105,0.9999642361910919,0.9849403782894737,0.06058230191834065,0,0,0,0
A019,12,155648,229.669921875,0.052244462855816506,0.011293694376945496,0.6693588177926847,0.01925230097193379,0.9826859740521654,0.9999639378193721,0.985730622944079,0.06027329032808018,0,0,0,0
A019,13,155648,227.806640625,0.05344125728754534,0.012109875679016113,0.666325155219945,0.019163683583642767,0.982798289571661,0.9999637016427523,0.9851523951480263,0.06160062180067807,0,0,0,0
A019,14,155648,223.4462890625,0.05444376355970498,0.013088449835777283,0.6562031954804131,0.018872198611776695,0.9831184670884621,0.9999638020597823,0.9846576891447368,0.06348283974732773,0,0,0,0
A019,15,155648,221.1318359375,0.05608300092317551,0.013956069946289062,0.651462384439549,0.018734131987443215,0.9832797197027704,0.9999636929722676,0.9843557257401315,0.0645192426568898,0,0,0,0
A019,16,155648,218.5302734375,0.05738558457048121,0.015336811542510986,0.6467848592775406,0.018598774700318715,0.9834403532583064,0.9999635501431748,0.9840537623355263,0.06654642893722304,0,0,0,0
A019,17,155648,470.26171875,0.08007279693842854,0.016379058361053467,1.3928854097707166,0.03244122417462592,0.9724327319783254,0.9998496149141475,0.9835012335526315,0.0693175742051039,0,0,0,0
A019,18,155648,489.359375,0.08178319094973799,0.017831534147262573,1.4371894785483619,0.03340085926735225,0.9717301558890274,0.9998371804601198,0.9837325246710527,0.06861420380766818,0,0,0,0
A019,19,155648,489.73046875,0.08304528128759987,0.01912340521812439,1.437318551291637,0.03340265134798656,0.9717463001310249,0.9998366520352355,0.9830579255756579,0.07036511311255392,0,0,0,0
A019,20,155648,490.671875,0.08634699205584777,0.021933220326900482,1.4412683857372641,0.03348727277449087,0.971668686042618,0.9998359862307495,0.9826595908717105,0.07122076092345485,0,0,0,0
A019,21,155648,493.75,0.08861335912684797,0.02388918399810791,1.450743556434373,0.03370493447357703,0.971470689593975,0.9998342198796757,0.9830707750822368,0.07178959833385805,0,0,0,0
A019,22,155648,494.4365234375,0.09244464637971443,0.027215689420700073,1.453192562534097,0.03375672075605166,0.971445196440865,0.9998331664045036,0.9820942125822368,0.07295874337251625,0,0,0,0
A019,23,155648,497.16796875,0.09728009302919442,0.030980229377746582,1.4618158724797217,0.03394397788862163,0.9713025247307286,0.9998308207073979,0.9831735711348685,0.07148546333127596,0,0,0,0
A019,24,155648,499.888671875,0.10410232469074512,0.03694307804107666,1.471252524155397,0.03414210980438942,0.9711394078323972,0.9998286806822234,0.9833213404605263,0.06962457509943858,0,0,0,0
A019,25,155648,499.89453125,0.11380467142298824,0.0453113317489624,1.472060642488311,0.03412945825564086,0.9711991027804268,0.9998273638025352,0.9834819592927632,0.06953474975158726,0,0,0,0
A019,26,155648,498.6513671875,0.12348012066608685,0.05375778675079346,1.4702082019686427,0.034051452730020006,0.9713150933742014,0.999826689831554,0.9836939761513158,0.06925698060588306,0,0,0,0
A019,27,155648,497.9775390625,0.13553527501870266,0.06435573101043701,1.4695050696026581,0.033991955887049216,0.9714390346975814,0.9998251437743972,0.983045076069079,0.07033263163067903,0,0,0,0
A019,28,155648,496.1083984375,0.14952137660696663,0.07626132667064667,1.4661598676354566,0.03385722853983813,0.9716530855294768,0.9998236179303579,0.9834241365131579,0.06975258785785689,0,0,0,0
A019,29,155648,490.67578125,0.16527477473883473,0.08865165710449219,1.454643729421953,0.03350498060644593,0.9720773146369243,0.9998236213506948,0.9834369860197368,0.06988421003703207,0,0,0,0
A019,30,155648,487.8984375,0.1872965262874387,0.10783261060714722,1.451943648011833,0.03333380124613035,0.9723897570283522,0.9998206394164264,0.982653166118421,0.07192746823005661,0,0,0,0
A019,31,155648,483.7470703125,0.2141753160776656,0.13016903400421143,1.4474979059166344,0.033049929667799946,0.9729336141645594,0.999815142264788,0.9828651829769737,0.07310627812827718,0,0,0,0
A019,32,155648,479.69921875,0.2445006176707777,0.15509909391403198,1.4492121301401566,0.03289688455867282,0.9733468554474544,0.9998090018491126,0.982164884868421,0.07560935442923802,0,0,0,0
A019,33,155648,478.55078125,0.2839542895330612,0.1882643699645996,1.4578972212803176,0.03285996367557093,0.9738154498444097,0.9997976276993902,0.9808542351973685,0.07906112490515822,0,0,0,0
A019,34,155648,441.5673828125,0.33813029759130586,0.23138445615768433,1.367896921558062,0.030623118881293432,0.9769383899207873,0.9997922399432969,0.9795628597861842,0.08431648487261006,0,0,0,0
A019,35,155648,683.029296875,0.4742202398951792,0.3385121822357178,1.9405153927332055,0.06445895505155472,0.9894409061600734,0.9979566933212266,0.9796592310855263,0.0877740900718583,0,0,0,0
A019,36,155648,278.0806579589844,0.6886861177603063,0.4195406436920166,1.7390929716910632,0.0966175124284195,0.9710670991537581,0.9956244882748664,0.976427580180921,0.0962475005753119,0,0,0,0
A020,0,159744,0.0027260184288024902,0.00046097578527993534,0.0002489238977432251,0.0007000567425821202,0.03045329086381214,1.0006547093709859,0.9995368161107946,0.9701522435897436,0.08449077054161708,0,0,0,0
A020,1,159744,0.04532337188720703,0.0016185182728758007,0.001294911839067936,0.0021403547681604954,0.011014674802037485,1.0015440513279583,0.9999406221991276,0.9916115785256411,0.04213199901075227,0,0,0,0
A020,2,159744,0.24414443969726562,0.0023407961424667815,0.0018039625138044357,0.003314755043309508,0.009613463054103748,1.000851703810044,0.9999541923782693,0.992012219551282,0.04056880981750663,0,0,0,0
A020,3,159744,0.3528327941894531,0.0030048047811732934,0.0023865513503551483,0.004233328306698796,0.009774517084489594,1.0011481710291297,0.9999529425861982,0.9923815604967948,0.04150741632113242,0,0,0,0
A020,4,159744,0.44567108154296875,0.0039299837261174055,0.003147556446492672,0.005485191905192333,0.011209542763939137,1.0020142336768894,0.999939323860089,0.991279797676282,0.04313923137509602,0,0,0,0
A020,5,159744,0.6224594116210938,0.005103336294988973,0.004041809588670731,0.007134773429735428,0.012025873215693159,1.0016875515568604,0.9999292325255904,0.9915614983974359,0.043820811139293765,0,0,0,0
A020,6,159744,0.8011970520019531,0.006313737225146572,0.004928238689899445,0.008988682811945467,0.013511098634923129,1.0014261788937513,0.9999098706405475,0.9912046774839743,0.04460608746324753,0,0,0,0
A020,7,159744,234.921875,0.04552413864397901,0.006422743201255798,0.6666435389635216,0.019428090141343418,0.9824560612888363,0.9999645475742963,0.9870292467948718,0.05442309266973114,0,0,0,0
A020,8,159744,234.060546875,0.047378885661472823,0.007980115711688995,0.6652461880961067,0.019386755671176092,0.9825011131192561,0.9999645622521653,0.9866599058493589,0.056443270256018266,0,0,0,0
A020,9,159744,233.078125,0.04918104110335009,0.009551327675580978,0.6640386178916928,0.019350709628763865,0.9825457309786803,0.9999644808104765,0.9861278044871795,0.05799292715401945,0,0,0,0
A020,10,159744,231.4150390625,0.05017407801843978,0.010420762002468109,0.6611347823069229,0.019265782636303203,0.9826450884504969,0.9999643933366572,0.985664563301282,0.05981843727739227,0,0,0,0
A020,11,159744,230.6357421875,0.0505861135595751,0.010706990957260132,0.6608955044437765,0.01925817997622722,0.982663130435792,0.9999642245406729,0.9856457832532052,0.0607012966495371,0,0,0,0
A020,12,159744,229.669921875,0.0513243201168606,0.011348456144332886,0.6607335680050277,0.01925256970084843,0.9826862306472542,0.9999639280430137,0.9857209034455128,0.06034167296444199,0,0,0,0
A020,13,159744,227.806640625,0.05240369550683856,0.012056112289428711,0.6577335339746132,0.01916372112561859,0.9827990865327355,0.9999636869914461,0.9857021233974359,0.06081233933243698,0,0,0,0
A020,14,159744,223.4462890625,0.05352274082809881,0.013144373893737793,0.6477470649575194,0.018872448684861435,0.9831195134509491,0.9999637793308666,0.9851512419871795,0.0632723936771275,0,0,0,0
A020,15,159744,221.1318359375,0.054952316868015064,0.013872303068637848,0.6430599762711078,0.018734187015379142,0.9832804225082661,0.9999636799991177,0.9847005208333334,0.06393754549358639,0,0,0,0
A020,16,159744,218.5302734375,0.05665365288014539,0.015604183077812195,0.6384598148206826,0.018599165782196,0.983441511816209,0.9999635232822692,0.9839680989583334,0.06662743081174789,0,0,0,0
A020,17,159744,470.26171875,0.07910231324303123,0.01707637310028076,1.3749292957449986,0.03244134255917208,0.9724337163243694,0.9998495832124875,0.9833608774038461,0.06971682339625367,0,0,0,0
A020,18,159744,489.359375,0.08119787809784658,0.01899676024913788,1.418670771156803,0.0334011697600069,0.9717316729773061,0.999837125907554,0.9833671374198718,0.06991170405068567,0,0,0,0
A020,19,159744,489.73046875,0.08268491643626383,0.020499154925346375,1.4188061809213819,0.03340284837595971,0.9717481633438112,0.9998365914044616,0.9821839943910257,0.0727071962277279,0,0,0,0
A020,20,159744,490.671875,0.08606705762558092,0.023279577493667603,1.4227156996308827,0.0334876576963388,0.971671427253112,0.9998358935051666,0.9820212339743589,0.07330352350993029,0,0,0,0
A020,21,159744,493.75,0.08840864285329457,0.025462418794631958,1.4320717025925314,0.03370534147995145,0.971473544318582,0.99983412241516,0.9825408153044872,0.07350625103181085,0,0,0,0
A020,22,159744,494.4365234375,0.09221515531023582,0.028762124478816986,1.434495440699945,0.033757586097940454,0.9714471187199787,0.9998330801628214,0.9817270132211539,0.0745839426634448,0,0,0,0
A020,23,159744,497.16796875,0.09691309962446819,0.03242337703704834,1.443013707555624,0.0339454785764773,0.9713039311328662,0.9998307269553754,0.9826973157051282,0.07258502301298402,0,0,0,0
A020,24,159744,499.888671875,0.10357506476307557,0.03814131021499634,1.4523318192425332,0.03414268577595933,0.9711415843871738,0.9998285961358959,0.9833608774038461,0.07003113276155447,0,0,0,0
A020,25,159744,499.89453125,0.11342083673153305,0.04670757055282593,1.4531585737977177,0.03412925260913387,0.9712029822100127,0.9998272566825847,0.9836237980769231,0.06935961971877565,0,0,0,0
A020,26,159744,498.6513671875,0.12327576145192044,0.05523297190666199,1.4513757678613712,0.034050983812091734,0.9713176932707581,0.9998266299576376,0.9838554186698718,0.06877097003779561,0,0,0,0
A020,27,159744,497.9775390625,0.13582109784776827,0.06667637825012207,1.45074942522613,0.03399130517713773,0.971445572449151,0.9998249755289786,0.9835674579326923,0.06969430440268622,0,0,0,0
A020,28,159744,496.1083984375,0.14985505992294398,0.0783696174621582,1.4475056235190569,0.03385540277096634,0.9716642167124502,0.9998233588947908,0.9833608774038461,0.06943746861394998,0,0,0,0
A020,29,159744,490.67578125,0.16577363661386138,0.09159135818481445,1.436238502685694,0.033503852177624846,0.972083459155926,0.9998234848794056,0.9832732371794872,0.07003242840512724,0,0,0,0
A020,30,159744,487.8984375,0.1872331827929044,0.10980403423309326,1.4336567008245311,0.03333502322450385,0.9723860671813083,0.9998207016228275,0.9829289362980769,0.07204657418684007,0,0,0,0
A020,31,159744,483.7470703125,0.21322914089073025,0.1310727596282959,1.4292599254557616,0.03304270421255104,0.972936986615909,0.9998152945086912,0.9828663361378205,0.07286398362375596,0,0,0,0
A020,32,159744,479.69921875,0.2435874066246493,0.1565837860107422,1.431046869730166,0.03288318132323817,0.9733405399012004,0.9998096366143263,0.9818897736378205,0.0755478965712534,0,0,0,0
A020,33,159744,478.55078125,0.28358843112535115,0.1900315284729004,1.4398996471712653,0.03283598839708943,0.9738474966452862,0.99979758190905,0.9810071113782052,0.07870013699106392,0,0,0,0
A020,34,159744,441.5673828125,0.33912211322268165,0.23476290702819824,1.3518528610098086,0.030609077381069428,0.9770083011196461,0.9997910471178966,0.9797112880608975,0.08336850402687787,0,0,0,0
A020,35,159744,683.029296875,0.4737470479578452,0.3398919105529785,1.9174307787073275,0.06402372342220625,0.9895738771008442,0.9979838124194294,0.9803685897435898,0.08580473847488972,0,0,0,0
A020,36,159744,278.0806579589844,0.683616852355697,0.4193105697631836,1.7199487743357598,0.09608791638693719,0.9713005966059227,0.9956711485868581,0.9769193209134616,0.09487736724080426,0,0,0,0
A021,0,167936,0.0027260184288024902,0.0004588351709194618,0.00025060027837753296,0.0007006051712502869,0.03039908135596778,1.000646623223938,0.9995384554325902,0.9718642816310976,0.08140350050274857,0,0,0,0
A021,1,167936,0.04532337188720703,0.0016495033307375884,0.0013134554028511047,0.002188903840772462,0.011190776471548952,1.001565491800192,0.9999387046007151,0.9914967606707317,0.04174152563483793,0,0,0,0
A021,2,167936,0.24414443969726562,0.002323062529122129,0.0017912625335156918,0.0032924626662891557,0.00966238865668253,1.0008728804698683,0.9999537404619282,0.9921696360518293,0.04080977197105766,0,0,0,0
A021,3,167936,0.3528327941894531,0.002953705870810409,0.002336885780096054,0.0041641508599914515,0.009701510933354241,1.0011427150873737,0.9999536462108644,0.991943359375,0.04259309611255281,0,0,0,0
A021,4,167936,0.44567108154296875,0.003859083996447713,0.0030719414353370667,0.00542729138979451,0.011107982528612297,1.0016667234865742,0.9999397956896005,0.9912228467987805,0.04299117951677857,0,0,0,0
A021,5,167936,0.6224594116210938,0.005040388031875686,0.003969550132751465,0.007112337358624395,0.012104672996947856,1.0012216173316293,0.9999275730982297,0.9914193502286586,0.043981897188809335,0,0,0,0
A021,6,167936,0.8011970520019531,0.006310438261073714,0.004890743643045425,0.00905764154654765,0.01363035648796924,1.001070754758128,0.9999077786952826,0.991455078125,0.044264629567106126,0,0,0,0
A021,7,167936,234.921875,0.043706338374981786,0.006403625011444092,0.6501864712307726,0.01942805084200742,0.9824562681618147,0.9999645446647515,0.9876321932164634,0.053557536455371625,0,0,0,0
A021,8,167936,234.060546875,0.045541394357079164,0.007975872606039047,0.6488246513826171,0.01938669387203252,0.9825011353548475,0.9999645630763617,0.9870069550304879,0.055326974997249555,0,0,0,0
A021,9,167936,233.078125,0.0475000419868615,0.00965379923582077,0.647655337167153,0.019350725078062923,0.9825459768097284,0.9999644761481052,0.9866615853658537,0.055842746613885226,0,0,0,0
A021,10,167936,231.4150390625,0.04828566583153577,0.010296940803527832,0.6448191309629185,0.01926574679491307,0.9826446996834932,0.999964400891536,0.9864948551829268,0.05799891216934164,0,0,0,0
A021,11,167936,230.6357421875,0.048434041748001484,0.010349705815315247,0.644577281930633,0.019257934092710014,0.9826625340425698,0.9999642398599421,0.9856373856707317,0.059334099494114535,0,0,0,0
A021,12,167936,229.669921875,0.049255742771509445,0.011090680956840515,0.644423319455343,0.019252494700587777,0.9826856867668798,0.9999639390751198,0.986012528582317,0.058858227827600154,0,0,0,0
A021,13,167936,227.806640625,0.05036073412122178,0.011765755712985992,0.6414999521147841,0.01916366194539251,0.9827987323786792,0.9999636943307786,0.9860303925304879,0.05948534993471758,0,0,0,0
A021,14,167936,223.4462890625,0.0515220036043047,0.012935876846313477,0.6317594171778906,0.01887230830573005,0.9831193771192615,0.9999637843614914,0.9850181021341463,0.061978274133943155,0,0,0,0
A021,15,167936,221.1318359375,0.05288656173505393,0.013582348823547363,0.6271909762784574,0.018734091146167055,0.983280452612238,0.9999636813149118,0.9849406916920732,0.06269444153540353,0,0,0,0
A021,16,167936,218.5302734375,0.05438147051173784,0.015050768852233887,0.622701774129892,0.018599119849597782,0.9834408845500168,0.9999635346893638,0.9842737709603658,0.06560003460419443,0,0,0,0
A021,17,167936,470.26171875,0.07546535951778756,0.016080066561698914,1.340971642976858,0.032440813915181665,0.9724340047178521,0.999849592717775,0.9842261337652439,0.06730939265916638,0,0,0,0
A021,18,167936,489.359375,0.07721505413181748,0.01764848083257675,1.3836247481582122,0.03340040655271365,0.9717317729531032,0.9998371492492475,0.9841010861280488,0.06761254671302537,0,0,0,0
A021,19,167936,489.73046875,0.07860936845058193,0.019074946641921997,1.3837546139597159,0.03340208828354188,0.9717478623711646,0.999836626231249,0.9836723513719512,0.06959021290976501,0,0,0,0
A021,20,167936,490.671875,0.08188013428075215,0.02170601487159729,1.3875671665968787,0.03348690092647448,0.9716706057539339,0.9998359433981931,0.9834758479420732,0.06998571830105786,0,0,0,0
A021,21,167936,493.75,0.08443102547710724,0.024043172597885132,1.396701478068837,0.03370432088364313,0.9714729902342236,0.9998341740000545,0.9830113852896342,0.07118175881455314,0,0,0,0
A021,22,167936,494.4365234375,0.08826035033872419,0.02744843065738678,1.3990658854760565,0.03375592495799706,0.9714483958811875,0.9998331005674688,0.9824695121951219,0.07204449866329163,0,0,0,0
A021,23,167936,497.16796875,0.09314592119262781,0.03135264664888382,1.4073815967684125,0.033942724056682076,0.9713066854884174,0.999830742326991,0.9830113852896342,0.07043692886926926,0,0,0,0
A021,24,167936,499.888671875,0.0998617113400098,0.03705155849456787,1.4164856497823881,0.034138702537725656,0.9711468426150303,0.999828580856536,0.9840713128810976,0.06779071299062676,0,0,0,0
A021,25,167936,499.89453125,0.10935040214928073,0.045176804065704346,1.4172996519118934,0.034122881711405,0.9712141616409756,0.9998271511168603,0.9841368140243902,0.06715571137102992,0,0,0,0
A021,26,167936,498.6513671875,0.11890440177194805,0.05336266756057739,1.4155664857110706,0.034044046861804476,0.9713317405055906,0.9998264609246104,0.984130859375,0.06746462567393026,0,0,0,0
A021,27,167936,497.9775390625,0.13075923192975938,0.06358981132507324,1.4149645327288158,0.033979846307322994,0.971469557522506,0.9998246760258882,0.9840236756859756,0.06791117561004269,0,0,0,0
A021,28,167936,496.1083984375,0.14438529660176244,0.07479643821716309,1.4117902301310785,0.033844046488248646,0.9716833798569466,0.9998231993499653,0.9841606326219512,0.06786389415564961,0,0,0,0
A021,29,167936,490.67578125,0.15961554889777402,0.08695578575134277,1.4007941487354818,0.03348716291727003,0.9721177756217307,0.9998230812908709,0.9843333174542683,0.06826527566259362,0,0,0,0
A021,30,167936,487.8984375,0.18062121702969972,0.10449367761611938,1.3983023348781765,0.03331489504301119,0.9724411780692719,0.9998198381694341,0.983178115472561,0.07087674483746391,0,0,0,0
A021,31,167936,483.7470703125,0.20611949012458153,0.1251978874206543,1.3941300904278455,0.03301963435347231,0.9730060024124156,0.9998141736298747,0.9833924828506098,0.07190657768299363,0,0,0,0
A021,32,167936,479.69921875,0.23498772940499804,0.14786715805530548,1.3958927434865278,0.032857766947516645,0.9734372162605744,0.9998078708300121,0.9822134622713414,0.0745699491151119,0,0,0,0
A021,33,167936,478.55078125,0.2727083068640662,0.1791548728942871,1.4043840668998695,0.03280608016419398,0.9739374149567659,0.9997961981178116,0.9817549542682927,0.0772191330905681,0,0,0,0
A021,34,167936,441.5673828125,0.3251501091396299,0.22095662355422974,1.3180215050233126,0.030543345871763626,0.9771023210916162,0.9997909163304444,0.9803913395579268,0.08260531242238418,0,0,0,0
A021,35,167936,683.029296875,0.46661403975303983,0.3352010250091553,1.872662114414364,0.06350975128344238,0.9897289330245321,0.9980156214695741,0.9796112804878049,0.08673197901138024,0,0,0,0
A021,36,167936,278.0806579589844,0.6759319385225642,0.41878998279571533,1.681572629050626,0.09401691505641671,0.9732069784721832,0.9958275503085248,0.9765982278963414,0.0951618268850489,0,0,0,0
A022,0,155648,0.0027260184288024902,0.0004329140880671682,0.000240325927734375,0.0006552818681415082,0.0289193399114721,1.0006322181464031,0.9995822998170698,0.9755602384868421,0.07437847736027436,0,0,0,0
A022,1,155648,0.04572486877441406,0.0016874783272780142,0.0013376343995332718,0.0022463009324838706,0.011354545490963522,1.0018150700840638,0.9999372981962203,0.9922388980263158,0.03909436928990506,0,0,0,0
A022,2,155648,0.24414443969726562,0.002470953581705185,0.0019026882946491241,0.0034849310065679694,0.009842248638121514,1.0008842378161797,0.9999519984539129,0.9925986842105263,0.0380776864198894,0,0,0,0
A022,3,155648,0.3528327941894531,0.003115657385281242,0.002470891922712326,0.0043824384565585425,0.009903653660513202,1.001212735158739,0.9999517526965706,0.9927914268092105,0.04000177289034344,0,0,0,0
A022,4,155648,0.44567108154296875,0.003962568994541914,0.0031679142266511917,0.005526702954275045,0.011101204886298574,1.0022114585486246,0.9999409574696012,0.9918277138157895,0.0412262255103887,0,0,0,0
A022,5,155648,0.6224594116210938,0.005139361340775095,0.004066914319992065,0.007183260941549727,0.01207359728409394,1.0017352704771805,0.9999287433556765,0.9915771484375,0.04298192925923828,0,0,0,0
A022,6,155648,0.8011970520019531,0.006407539967296459,0.0050069913268089294,0.00911169201052266,0.0136063318974485,1.0014363650377043,0.9999085967268745,0.9919048108552632,0.043001261858165586,0,0,0,0
A022,7,155648,234.921875,0.04657898768957873,0.006511121988296509,0.6753571882726478,0.019427998786565738,0.9824560179847635,0.999964550152565,0.9874331825657895,0.05282491244467699,0,0,0,0
A022,8,155648,234.060546875,0.04832698670762619,0.007985815405845642,0.6739374861912983,0.01938663404204237,0.9825008130779889,0.9999645699852757,0.9868678042763158,0.05532181786062786,0,0,0,0
A022,9,155648,233.078125,0.05027348027924985,0.009682774543762207,0.672717112930629,0.01935052664140218,0.9825458457117207,0.9999644823802951,0.9862381784539473,0.05636932032304074,0,0,0,0
A022,10,155648,231.4150390625,0.05135516419307793,0.010566279292106628,0.6697790266465135,0.01926564963485225,0.9826451933017637,0.9999643940962633,0.9857241981907895,0.05870249869471276,0,0,0,0
A022,11,155648,230.6357421875,0.051842573501816286,0.010950163006782532,0.6695401359053025,0.01925815397323813,0.9826629873238752,0.9999642275699641,0.9854543585526315,0.059700016497212335,0,0,0,0
A022,12,155648,229.669921875,0.05257319987635798,0.011578381061553955,0.6693726907003472,0.019252565827975656,0.9826862426984162,0.9999639279070046,0.9858591180098685,0.05969512840975786,0,0,0,0
A022,13,155648,227.806640625,0.053738432825343206,0.012344978749752045,0.6663375232631521,0.01916402903503817,0.9827985394820773,0.999963690541836,0.9853708367598685,0.06074072445815372,0,0,0,0
A022,14,155648,223.4462890625,0.05489240033451599,0.013464093208312988,0.6562209151968984,0.01887273743249766,0.9831187557907942,0.999963786769541,0.9851138466282895,0.06249576128477283,0,0,0,0
A022,15,155648,221.1318359375,0.05638471903585104,0.01421547681093216,0.6514763528372682,0.018734673721812662,0.9832797333081662,0.9999636824197644,0.9844970703125,0.06383921178193301,0,0,0,0
A022,16,155648,218.5302734375,0.05806429172022981,0.015947282314300537,0.6468164114227072,0.01859969333105898,0.9834406869441522,0.9999635271633155,0.9838481702302632,0.06681214968726767,0,0,0,0
A022,17,155648,470.26171875,0.08076494160167458,0.017033182084560394,1.3929010455127908,0.03244172837960589,0.9724327897574543,0.9998495964642587,0.983289216694079,0.06947538451132063,0,0,0,0
A022,18,155648,489.359375,0.08252266505165178,0.018618285655975342,1.4372062918285293,0.03340144655448539,0.9717301601141403,0.9998371601511664,0.983777497944079,0.0692058804320004,0,0,0,0
A022,19,155648,489.73046875,0.083946541179282,0.020080313086509705,1.4373406202404793,0.03340338501073898,0.9717462646119011,0.9998366278429066,0.9829551295230263,0.07169361996390315,0,0,0,0
A022,20,155648,490.671875,0.08729677523191681,0.02288399636745453,1.4412958045394224,0.03348827357288636,0.9716687067897266,0.9998359511376167,0.9824154502467105,0.07296977914276764,0,0,0,0
A022,21,155648,493.75,0.08959167644050431,0.024900197982788086,1.4507725647820038,0.03370592442524108,0.9714704081198997,0.9998341937511306,0.9820877878289473,0.07399937717042009,0,0,0,0
A022,22,155648,494.4365234375,0.09343634950188798,0.028332769870758057,1.4532223044966968,0.033758152467160074,0.9714441524956738,0.999833147160096,0.9820299650493421,0.07394076459909467,0,0,0,0
A022,23,155648,497.16796875,0.09823477235234254,0.03202351927757263,1.4618482439112266,0.033945063754755596,0.9713030129885221,0.9998307684186191,0.982775236430921,0.072253213682841,0,0,0,0
A022,24,155648,499.888671875,0.10516537137187984,0.0381351113319397,1.4712894953926232,0.03414307631420463,0.97113971953654,0.9998286374941355,0.983385587993421,0.06971679575229357,0,0,0,0
A022,25,155648,499.89453125,0.11491061885636841,0.04671013355255127,1.4721089950927875,0.03413163366740973,0.9711986845273631,0.9998272996817251,0.9834755345394737,0.0693727107586885,0,0,0,0
A022,26,155648,498.6513671875,0.12473131335511162,0.05522775650024414,1.4702748126033247,0.034054112016059075,0.9713134834418206,0.9998266438597321,0.983873869243421,0.06864206676893678,0,0,0,0
A022,27,155648,497.9775390625,0.1371087739827616,0.06619322299957275,1.4696144791551737,0.03399607416376975,0.9714373474219693,0.999825048966279,0.9831350226151315,0.07001308087593797,0,0,0,0
A022,28,155648,496.1083984375,0.1512266624223876,0.07816863059997559,1.4662880682639785,0.03386180077497691,0.9716495005530766,0.9998235625435732,0.9836233038651315,0.06932845000641556,0,0,0,0
A022,29,155648,490.67578125,0.16721209697820277,0.09104084968566895,1.4548348161193918,0.03351561868677742,0.9720665639468762,0.9998235615445761,0.9837196751644737,0.07001805202870638,0,0,0,0
A022,30,155648,487.8984375,0.1891969786373633,0.11023831367492676,1.4522061866298661,0.03335286819360982,0.9723685333576649,0.999820584554125,0.9825375205592105,0.07255736920820907,0,0,0,0
A022,31,155648,483.7470703125,0.2159503515888745,0.1322321891784668,1.4478247013196206,0.03306879845673807,0.9729068829753755,0.9998152400566017,0.9828587582236842,0.07284271458525649,0,0,0,0
A022,32,155648,479.69921875,0.2465298482760605,0.15733155608177185,1.4496479403920157,0.032923125753216244,0.9732943996393656,0.9998095421493871,0.9820235402960527,0.07578648370026617,0,0,0,0
A022,33,155648,478.55078125,0.286220578184049,0.19086647033691406,1.4583860731281026,0.032887296483949925,0.9737593623149668,0.9997982031192121,0.9811112253289473,0.0792895560476986,0,0,0,0
A022,34,155648,441.5673828125,0.3425925608550977,0.23630255460739136,1.368958597113983,0.030658891211867073,0.9768631747143984,0.9997928804480923,0.9795114617598685,0.08481692429286071,0,0,0,0
A022,35,155648,683.029296875,0.4818741813146277,0.34645605087280273,1.942532870342644,0.0646305567421877,0.9892146942665632,0.9979474698118738,0.9799226459703947,0.08743532108869477,0,0,0,0
A022,36,155648,278.0806579589844,0.6940770405543797,0.4270162582397461,1.7379108611086065,0.09670430604214197,0.9712160635506486,0.9956120949140747,0.976087068256579,0.0969766440549475,0,0,0,0
A023,0,143360,0.0027260184288024902,0.00042185533580517843,0.00023776665329933167,0.0006480399784663791,0.02815986032711215,1.000602673975066,0.9996039314413518,0.9756975446428572,0.07257743950981477,0,0,0,0
A023,1,143360,0.051810264587402344,0.001609020250350568,0.0012812018394470215,0.0021440791327861646,0.0108398435272602,1.0013047577330592,0.9999421755394349,0.9920619419642858,0.039490060310000956,0,0,0,0
A023,2,143360,0.24414443969726562,0.002320720384109417,0.0017727557569742203,0.003337780420979817,0.009415367290428548,1.0007845864677267,0.9999560177252531,0.9923897879464286,0.03913927700710728,0,0,0,0
A023,3,143360,0.3528327941894531,0.002986975339553867,0.002359457314014435,0.004257555780040896,0.009492495493814519,1.0011912068180326,0.9999557085118144,0.9921316964285715,0.04110856542919332,0,0,0,0
A023,4,143360,0.44567108154296875,0.003925106926664869,0.00309956818819046,0.005548078276062791,0.010996217591554858,1.0024092070104973,0.9999425820702278,0.9917829241071429,0.04211282593968848,0,0,0,0
A023,5,143360,0.6224594116210938,0.005121529149708489,0.0040121302008628845,0.007231961299587457,0.011968844232802185,1.001849992901747,0.9999302137248475,0.991845703125,0.04316196314356675,0,0,0,0
A023,6,143360,0.8011970520019531,0.006326333558079763,0.004883464425802231,0.009125632525597144,0.013618092749071716,1.0016882244599716,0.999908852702949,0.9913713727678571,0.04447555454983931,0,0,0,0
A023,7,143360,234.921875,0.049949729918187455,0.006525017321109772,0.7037013984661554,0.01942831352342538,0.9824554217865866,0.9999645545537565,0.9868512834821429,0.05521289337358414,0,0,0,0
A023,8,143360,234.060546875,0.0518429355785364,0.008137650787830353,0.7022221869802876,0.01938695548339908,0.9825001506383091,0.9999645754175267,0.986376953125,0.05726964567292921,0,0,0,0
A023,9,143360,233.078125,0.053890833768478585,0.009989678859710693,0.7009490507854447,0.019350865480652735,0.9825447507055782,0.9999644951200088,0.98564453125,0.05853881674839486,0,0,0,0
A023,10,143360,231.4150390625,0.054652721622626035,0.010622233152389526,0.697874434496042,0.019265759734149228,0.9826436396730264,0.9999644193217598,0.9857352120535714,0.06017638062995378,0,0,0,0
A023,11,143360,230.6357421875,0.05501824322041752,0.010871648788452148,0.697616840766234,0.019257983627258442,0.9826617214475649,0.9999642531968563,0.9851841517857143,0.06118003824605627,0,0,0,0
A023,12,143360,229.669921875,0.05573728775530721,0.011511951684951782,0.6974410085630052,0.019252306102211084,0.9826849623964873,0.9999639555067218,0.9858049665178571,0.060258091027984455,0,0,0,0
A023,13,143360,227.806640625,0.05703353009257301,0.01237894594669342,0.69427836135328,0.019163824556952595,0.9827974746906095,0.9999637131268314,0.98515625,0.060945331299003806,0,0,0,0
A023,14,143360,223.4462890625,0.058189911203550895,0.013579964637756348,0.683732905317319,0.018872557601347432,0.9831174062447363,0.9999638133461672,0.9844098772321429,0.06372488943774254,0,0,0,0
A023,15,143360,221.1318359375,0.059765004661759186,0.014369115233421326,0.6787861120099629,0.01873442593551533,0.9832781909642768,0.9999637133120814,0.9843191964285715,0.06466255701190765,0,0,0,0
A023,16,143360,218.5302734375,0.06144569727246432,0.01610928773880005,0.6739278481074887,0.018599610602260577,0.9834383649880944,0.9999635677420967,0.98330078125,0.06801894765004983,0,0,0,0
A023,17,143360,470.26171875,0.08628283592169542,0.017461881041526794,1.4513563759017083,0.0324425050196953,0.9724305389400869,0.9998496340164622,0.9827706473214286,0.07116208219023609,0,0,0,0
A023,18,143360,489.359375,0.0882296390393289,0.019271373748779297,1.4975221986546945,0.033402363856631465,0.9717274926836383,0.9998372057785545,0.9833984375,0.07089620629289134,0,0,0,0
A023,19,143360,489.73046875,0.08975856696871623,0.020864248275756836,1.4976624347061616,0.033404620315050274,0.9717432288613157,0.9998366731386535,0.9822963169642858,0.07369966878890447,0,0,0,0
A023,20,143360,490.671875,0.09325087371301737,0.02390207350254059,1.5017796449155776,0.033490357724053565,0.9716637772981996,0.9998360222172912,0.9814522879464286,0.07521131951587776,0,0,0,0
A023,21,143360,493.75,0.09594166158006569,0.02636364847421646,1.5116601160117091,0.033708298550488895,0.9714660960803816,0.999834237283435,0.9817661830357143,0.07600023363041927,0,0,0,0
A023,22,143360,494.4365234375,0.1001296973819649,0.03015109896659851,1.5142202243741465,0.033760513500191665,0.9714399639141423,0.9998331875243917,0.9810337611607143,0.07671839092422161,0,0,0,0
A023,23,143360,497.16796875,0.10531945113947845,0.03428110480308533,1.5232151481554945,0.033949329547303626,0.9712954432206615,0.9998308416872004,0.9818080357142858,0.07516990223189955,0,0,0,0
A023,24,143360,499.888671875,0.11259543054668808,0.040652453899383545,1.5330590264351374,0.03414828569007033,0.9711312150072693,0.9998287056046226,0.9823521205357143,0.07258768107614855,0,0,0,0
A023,25,143360,499.89453125,0.12265905610224763,0.04953843355178833,1.5339071047727815,0.03413881961539496,0.9711858699019978,0.9998274249441753,0.9827078683035714,0.07179968423902984,0,0,0,0
A023,26,143360,498.6513671875,0.13285700248850715,0.058583855628967285,1.532006151656494,0.03406381588077694,0.9712962662085787,0.9998268091670394,0.9826241629464286,0.07182066105062378,0,0,0,0
A023,27,143360,497.9775390625,0.1458625944105214,0.07014249265193939,1.531339157163465,0.03400776218773188,0.9714185260117881,0.9998251900573322,0.9828334263392857,0.07225872978651644,0,0,0,0
A023,28,143360,496.1083984375,0.1603485673295836,0.08227819204330444,1.5278817159216995,0.03387936779970766,0.9716214180824925,0.9998237648715411,0.9828962053571428,0.0715673961677573,0,0,0,0
A023,29,143360,490.67578125,0.17735787154837712,0.09656059741973877,1.515960468680233,0.033534356151293694,0.9720398518148446,0.9998236784452281,0.9827845982142858,0.07198481158078951,0,0,0,0
A023,30,143360,487.8984375,0.1994460855312744,0.11572182178497314,1.513108522671787,0.0333732923962943,0.9723390776258314,0.9998207158249631,0.9819963727678571,0.0743993485807794,0,0,0,0
A023,31,143360,483.7470703125,0.22702935779020664,0.13876640796661377,1.5084335243294524,0.033106471570504996,0.9728561384691046,0.999815363635571,0.982275390625,0.07567426096486511,0,0,0,0
A023,32,143360,479.69921875,0.2582790280200243,0.16449227929115295,1.5101170519005769,0.03297134522037173,0.9732366543972426,0.9998094847044067,0.9814662388392857,0.07799488686849237,0,0,0,0
A023,33,143360,478.55078125,0.2995543726390419,0.19966334104537964,1.5191775125229783,0.03295137417531745,0.9736913179036064,0.9997978587776466,0.9802036830357143,0.0814831997959614,0,0,0,0
A023,34,143360,441.5673828125,0.35625244785488963,0.24494314193725586,1.4254022577210228,0.03072938926662484,0.9767820499278912,0.9997925728880981,0.9787806919642857,0.08648568143069342,0,0,0,0
A023,35,143360,683.029296875,0.4933329574633847,0.35181474685668945,2.0200705635142886,0.06543577596357038,0.9890058116191119,0.9978963881966536,0.9788504464285714,0.0895877300097376,0,0,0,0
A023,36,143360,278.0806579589844,0.7203100364667729,0.43561840057373047,1.8035722709504423,0.09776074476056452,0.9707297718300444,0.9955186205206132,0.9755929129464286,0.09811115931925964,0,0,0,0
A024,0,167936,0.0027260184288024902,0.0004890092096923958,0.00025850534439086914,0.0007374452944320756,0.032447589233394934,1.0007289940163828,0.9994742259787242,0.9686606802591463,0.08897725218923572,0,0,0,0
A024,1,167936,0.04532337188720703,0.0016808495857438496,0.0013382351025938988,0.0022305853039483767,0.011341387499938455,1.0019813816160588,0.9999377726973757,0.9912883479420732,0.04379621570093123,0,0,0,0
A024,2,167936,0.24414443969726562,0.002417095948395169,0.0018431209027767181,0.0034579014897703065,0.009940171559645087,1.00078640884971,0.9999509442919651,0.9917111280487805,0.04240673928606635,0,0,0,0
A024,3,167936,0.3528327941894531,0.0031102880934175885,0.002452574670314789,0.004454454873615209,0.009913636013846785,1.0006184857943736,0.9999510814282726,0.9916039443597561,0.04336633195541541,0,0,0,0
A024,4,167936,0.4562263488769531,0.004028696235220595,0.003185909241437912,0.005760908892920795,0.01138294263492064,1.001317301000498,0.9999361660379901,0.9911156631097561,0.04481000913833319,0,0,0,0
A024,5,167936,0.6224594116210938,0.005199108502320475,0.004076428711414337,0.007427600220137361,0.012311874467643128,1.0009868405317623,0.9999247700406372,0.9909608422256098,0.04573806145245137,0,0,0,0
A024,6,167936,0.8011970520019531,0.0064147059353877565,0.004968080669641495,0.009224270046072338,0.013739340809790626,1.001012585406249,0.9999062228790025,0.9908834317835366,0.04644752047280225,0,0,0,0
A024,7,167936,234.921875,0.04384488111707458,0.00652628019452095,0.6501892229305941,0.019428199702891065,0.982456252128211,0.9999645420067534,0.9870307736280488,0.054996538117769465,0,0,0,0
A024,8,167936,234.060546875,0.04585028870590899,0.008261654525995255,0.6488320609031938,0.019386992481527983,0.9825011569922757,0.9999645567995655,0.9867151772103658,0.05696032119816554,0,0,0,0
A024,9,167936,233.078125,0.04787651979730005,0.010050386190414429,0.6476651745705966,0.01935126236589118,0.9825456279039254,0.9999644717517929,0.9857028868140244,0.05897100772444647,0,0,0,0
A024,10,167936,231.4150390625,0.048794236155469836,0.010806247591972351,0.6448363579298367,0.019266406955060864,0.9826447163667323,0.9999643876541531,0.985863662347561,0.060494385592089854,0,0,0,0
A024,11,167936,230.6357421875,0.04905120195949499,0.010953202843666077,0.6445963406567166,0.019258560350345972,0.9826628735959388,0.9999642216080877,0.9848751905487805,0.061868836512384916,0,0,0,0
A024,12,167936,229.669921875,0.04988979205158347,0.011678934097290039,0.6444434733798512,0.019253130800187142,0.9826860659725665,0.9999639199452615,0.9855480659298781,0.061482799975592965,0,0,0,0
A024,13,167936,227.806640625,0.05102942836886197,0.012470647692680359,0.641522168528405,0.0191643889550969,0.9827991393157957,0.9999636730472747,0.9853694264481707,0.06183406476202516,0,0,0,0
A024,14,167936,223.4462890625,0.05235561474173055,0.013697102665901184,0.6317975665440583,0.018873584880834182,0.98311887247649,0.9999637685015602,0.9845238662347561,0.064775924345733,0,0,0,0
A024,15,167936,221.1318359375,0.05394798227674422,0.014543145895004272,0.6272445920068487,0.01873577751184748,0.9832799036295962,0.9999636584984224,0.9844226371951219,0.06535410739247327,0,0,0,0
A024,16,167936,218.5302734375,0.05547013424313996,0.016177549958229065,0.6227549857804823,0.01860089011233524,0.9834404102177707,0.9999635091773373,0.9835770769817073,0.06848749861279876,0,0,0,0
A024,17,167936,470.26171875,0.07677037428350825,0.01748073101043701,1.3410052383517814,0.032441673073498344,0.9724335718609556,0.9998495762590227,0.9836783060213414,0.07033693965309343,0,0,0,0
A024,18,167936,489.359375,0.07875849025186853,0.01927696168422699,1.3836643186805175,0.03340137478340028,0.9717315333855568,0.9998371228977282,0.9835889862804879,0.07073458877942078,0,0,0,0
A024,19,167936,489.73046875,0.08026503594179281,0.020717158913612366,1.3837997435721303,0.03340330254277053,0.9717479875425272,0.9998365808743948,0.9828148818597561,0.07265629189259754,0,0,0,0
A024,20,167936,490.671875,0.08366420394521971,0.02363651990890503,1.3876188539638008,0.03348807960425885,0.9716706300585983,0.9998359020719374,0.9822849180640244,0.07357775061076467,0,0,0,0
A024,21,167936,493.75,0.08619823606138874,0.025798916816711426,1.3967599183926207,0.03370580118131833,0.9714728044813913,0.9998341280643012,0.9820110041920732,0.07451181567184424,0,0,0,0
A024,22,167936,494.4365234375,0.09015544727554647,0.029398828744888306,1.399140274797691,0.03375759227683421,0.971448287217646,0.9998330458050152,0.9815644054878049,0.07530228006902812,0,0,0,0
A024,23,167936,497.16796875,0.09497478440824501,0.03318220376968384,1.407470829502753,0.03394532750939446,0.9713064899596396,0.9998306570867767,0.9826064691310976,0.07316440954766709,0,0,0,0
A024,24,167936,499.888671875,0.10199136669854586,0.03928324580192566,1.4166032274496194,0.03414265410558267,0.9711469269409047,0.9998284394486696,0.9833448456554879,0.07053831262634971,0,0,0,0
A024,25,167936,499.89453125,0.11194591316656465,0.04789982736110687,1.4174615380568156,0.03412876264804998,0.9712133514788658,0.999826968345165,0.9832674352134146,0.07029354643907439,0,0,0,0
A024,26,167936,498.6513671875,0.12167443139360219,0.0563385933637619,1.4157527545698487,0.03405129458131011,0.9713317285364291,0.9998262072245592,0.9835413490853658,0.07020587465652184,0,0,0,0
A024,27,167936,497.9775390625,0.1338563313671862,0.06699520349502563,1.4152044220191846,0.033991551215876256,0.9714640942622366,0.9998244260185218,0.983225752667683,0.07052538274340948,0,0,0,0
A024,28,167936,496.1083984375,0.1483337255299486,0.07935002446174622,1.4121736432765413,0.03385803161220394,0.9716852439756887,0.9998226581611316,0.9832376619664634,0.07088821849537211,0,0,0,0
A024,29,167936,490.67578125,0.16464631333025043,0.09271621704101562,1.401334143233944,0.033504916957139134,0.9721183948543758,0.9998224518964789,0.983571122332317,0.07059529050579598,0,0,0,0
A024,30,167936,487.8984375,0.18718607435204565,0.11224007606506348,1.3991474041098075,0.033339441881500266,0.9724314869018774,0.9998192698019024,0.982933974847561,0.07250169992123476,0,0,0,0
A024,31,167936,483.7470703125,0.21484866000039846,0.13536286354064941,1.395501710120993,0.03305159035561131,0.9729957958622996,0.9998133699110165,0.982933974847561,0.07403836090517438,0,0,0,0
A024,32,167936,479.69921875,0.24501635487806153,0.15948331356048584,1.3976910210048117,0.032887272950636065,0.973435148238772,0.9998069304494934,0.9818859565548781,0.07622575176132747,0,0,0,0
A024,33,167936,478.55078125,0.285233978472184,0.1942511796951294,1.4071206439763195,0.03284726530711859,0.9739439556555674,0.9997946363397224,0.9812309451219512,0.07957154643017722,0,0,0,0
A024,34,167936,441.5673828125,0.34037563549281913,0.2387866973876953,1.3225445542459466,0.030632318416143615,0.9771284045503728,0.9997875258506441,0.9793135480182927,0.08555578622850303,0,0,0,0
A024,35,167936,683.029296875,0.47626447848499703,0.3459731340408325,1.8763694817930745,0.06359798232291608,0.9896601089977993,0.998010534134999,0.9796767816310976,0.0876638595793977,0,0,0,0
A024,36,167936,278.0806579589844,0.6810623325210122,0.4257570505142212,1.682128655932862,0.09290753623978229,0.9731304589831161,0.9959358799312715,0.976782822027439,0.0954566937227427,0,0,0,0
A025,0,147456,0.0027260184288024902,0.0004392090642871456,0.00023510679602622986,0.0006841854545377119,0.030043914058354743,1.0006555009635543,0.9995491919598882,0.9741143120659722,0.07678860407133632,0,0,0,0
A025,1,147456,0.045745849609375,0.0017055407821765635,0.0013479813933372498,0.0022789018299922887,0.011284198663764584,1.0017154816743221,0.9999379113808344,0.9914482964409722,0.04149374875797006,0,0,0,0
A025,2,147456,0.24414443969726562,0.0024292301891857765,0.001872919499874115,0.0034912824259652553,0.009566374876691135,1.0005032022845166,0.9999543917922833,0.9917331271701388,0.04105048783365203,0,0,0,0
A025,3,147456,0.5627899169921875,0.0031040591298692436,0.002455835696309805,0.004676854943918834,0.0099915575045243,1.0001753848254502,0.9999501085194443,0.9920518663194444,0.042701650873311875,0,0,0,0
A025,4,147456,0.5956687927246094,0.004014432240157678,0.0031814593821763992,0.005900346000401424,0.011189628750344736,1.0011154896342622,0.9999380873257233,0.9911770290798612,0.04358685347078243,0,0,0,0
A025,5,147456,0.7483634948730469,0.005162595048084029,0.0040517523884773254,0.007563006634595224,0.012132211334723626,1.0008915080063194,0.9999268673157016,0.9909328884548612,0.044751020454159685,0,0,0,0
A025,6,147456,0.8011970520019531,0.006368484622569781,0.004929620772600174,0.009166090373455551,0.013363219666588457,1.0012951739980247,0.999911665326686,0.9914822048611112,0.04458114582488348,0,0,0,0
A025,7,147456,234.921875,0.04867217092314036,0.006443500518798828,0.6938578972772347,0.01942812678186469,0.9824556262657692,0.9999645546024346,0.9870402018229166,0.05449108964148589,0,0,0,0
A025,8,147456,234.060546875,0.050463390031142,0.007965236902236938,0.6923975318003498,0.019386678911831868,0.9825003575683803,0.9999645771966098,0.9867146809895834,0.05604134052546233,0,0,0,0
A025,9,147456,233.078125,0.05239059660203162,0.009712740778923035,0.6911394239695389,0.019350564703501348,0.9825447615803384,0.9999645008508595,0.9860297309027778,0.05771525695809506,0,0,0,0
A025,10,147456,231.4150390625,0.053212738461938774,0.010386258363723755,0.6881101603355076,0.019265439784274408,0.9826437702095139,0.9999644232937402,0.9859822591145834,0.05936563703442621,0,0,0,0
A025,11,147456,230.6357421875,0.05355136901974649,0.010616183280944824,0.6878555507999422,0.019257639006017225,0.9826617189563259,0.9999642599944714,0.9854058159722222,0.0600083940353979,0,0,0,0
A025,12,147456,229.669921875,0.054214501516570285,0.011180520057678223,0.68768154880213,0.01925208060887556,0.9826847135839678,0.999963964299473,0.9857516818576388,0.05992408372663179,0,0,0,0
A025,13,147456,227.806640625,0.05542631552349538,0.011981666088104248,0.6845602390820533,0.019163477569019018,0.9827971410885858,0.9999637257197694,0.9854261610243056,0.060598174146982875,0,0,0,0
A025,14,147456,223.4462890625,0.056530536819612585,0.013123616576194763,0.6741604641317926,0.018872072173081816,0.9831172313060424,0.9999638256623575,0.9849378797743056,0.06289194755441828,0,0,0,0
A025,15,147456,221.1318359375,0.058046353993175454,0.01383855938911438,0.6692845197958481,0.01873398081210022,0.9832779991009616,0.9999637250487313,0.9846394856770834,0.06397510100688912,0,0,0,0
A025,16,147456,218.5302734375,0.05957179398727893,0.015427904203534126,0.6644845125293937,0.018598874482063085,0.9834384807543305,0.9999635797186734,0.9839341905381944,0.06660119404812861,0,0,0,0
A025,17,147456,470.26171875,0.08364914259153187,0.016699448227882385,1.431043926211116,0.03244184310265801,0.9724312856770536,0.9998496350442521,0.9831000434027778,0.06968503203200337,0,0,0,0
A025,18,147456,489.359375,0.08543923166075729,0.0182783305644989,1.4765620773567416,0.03340182588125812,0.9717280675105806,0.9998372076427069,0.9835476345486112,0.06964891752191435,0,0,0,0
A025,19,147456,489.73046875,0.08687579490779423,0.019777923822402954,1.4766950444135807,0.03340379582541362,0.971744091054264,0.9998366765550105,0.9825846354166666,0.07230132096026094,0,0,0,0
A025,20,147456,490.671875,0.09020208754948239,0.022486716508865356,1.480751318235705,0.033489070593194344,0.9716651026804674,0.9998360281530088,0.9822252061631944,0.07320256662137724,0,0,0,0
A025,21,147456,493.75,0.09264830578029798,0.024667978286743164,1.4904862190491943,0.03370694056975905,0.9714673108647993,0.9998342489295916,0.9817301432291666,0.07430060440134825,0,0,0,0
A025,22,147456,494.4365234375,0.09678304994855422,0.02844373881816864,1.4930074636400554,0.033759134894192765,0.9714410883769385,0.9998332025690554,0.9818115234375,0.07460520622038731,0,0,0,0
A025,23,147456,497.16796875,0.10178035962820786,0.03244687616825104,1.5018652636042091,0.03394683239532455,0.9712977887162552,0.9998308600611897,0.9823676215277778,0.07297308331857923,0,0,0,0
A025,24,147456,499.888671875,0.1088960609137833,0.03855136036872864,1.5115612846259376,0.03414606137256423,0.9711321694174936,0.9998287556137098,0.9827541775173612,0.07122512045040792,0,0,0,0
A025,25,147456,499.89453125,0.11885589017825599,0.04730157554149628,1.5123912470957093,0.034135455809318635,0.9711894190815684,0.9998274385182404,0.98309326171875,0.0705919424414933,0,0,0,0
A025,26,147456,498.6513671875,0.12900611970448178,0.05630141496658325,1.5105004543292213,0.03405899654816894,0.971303165206141,0.999826775547154,0.98333740234375,0.07048816738224578,0,0,0,0
A025,27,147456,497.9775390625,0.14133530967481217,0.0672110915184021,1.5097840323803156,0.03400254194949572,0.9714210985134314,0.9998252975721,0.9830186631944444,0.07069468325964373,0,0,0,0
A025,28,147456,496.1083984375,0.15584782493949156,0.07948577404022217,1.5063767739251477,0.03387196438446318,0.9716262249799336,0.9998238834782489,0.983154296875,0.07049916873518533,0,0,0,0
A025,29,147456,490.67578125,0.17207732680472215,0.09283077716827393,1.4945598516317278,0.03352719439520473,0.9720427350317241,0.999823843084689,0.9832492404513888,0.07079310303196781,0,0,0,0
A025,30,147456,487.8984375,0.19380676630439414,0.11140373349189758,1.4917017459570905,0.03336601698311272,0.9723383064595894,0.9998209873058163,0.9823811848958334,0.07310237040266526,0,0,0,0
A025,31,147456,483.7470703125,0.22084093839010344,0.1342334747314453,1.487022610993981,0.03308950303053109,0.9728688359949036,0.9998155891435404,0.9824286566840278,0.07402305763600557,0,0,0,0
A025,32,147456,479.69921875,0.2516152014880567,0.1591336727142334,1.4886553454591556,0.03294750018127893,0.9732437142943263,0.9998100994961471,0.9816012912326388,0.07653495651661062,0,0,0,0
A025,33,147456,478.55078125,0.29128545988315735,0.19234395027160645,1.4972671763892582,0.03291242108039347,0.9736954930466657,0.999799064297766,0.9811130099826388,0.07924190630913268,0,0,0,0
A025,34,147456,441.5673828125,0.3475277318305719,0.23758149147033691,1.404723707391811,0.030673451057523057,0.9768034248960282,0.9997938277585041,0.9794447157118056,0.08475982528250842,0,0,0,0
A025,35,147456,683.029296875,0.48645609845051596,0.3467717170715332,1.9926110319471309,0.06496544718211947,0.9890089575229017,0.997927366440084,0.9796685112847222,0.08786893625003732,0,0,0,0
A025,36,147456,278.0806579589844,0.7074455674194016,0.4290773868560791,1.7868081377131955,0.09707717822672424,0.9700488685936446,0.9956049078886591,0.9762776692708334,0.09671663277544601,0,0,0,0
A026,0,151552,0.0027260184288024902,0.0004136327912001926,0.0002261921763420105,0.0006508609439895371,0.028136816712816957,1.0006116944521677,0.9996045887285672,0.9742464632601351,0.07471607534208896,0,0,0,0
A026,1,151552,0.04532337188720703,0.0015730187870225429,0.0012491196393966675,0.0020941848863961486,0.010774045811627726,1.0014824854958093,0.9999431431395184,0.9921083192567568,0.039930873988302494,0,0,0,0
A026,2,151552,0.24414443969726562,0.002316107494438428,0.0017825905233621597,0.0033039867862384724,0.009476331573122995,1.000923083003102,0.999955566626765,0.9924448374155406,0.039131732136144425,0,0,0,0
A026,3,151552,0.3528327941894531,0.0029717364850804138,0.0023627784103155136,0.0042165024426817155,0.009609745928065466,1.0012745719083314,0.9999546964010693,0.9924250422297297,0.04092907804303998,0,0,0,0
A026,4,151552,0.44567108154296875,0.0039738400954301804,0.003162096254527569,0.005577443794212768,0.011203443191378174,1.0022226262700817,0.9999398451658122,0.9914880701013513,0.042298117029743995,0,0,0,0
A026,5,151552,0.6224594116210938,0.00527485100306151,0.004152070730924606,0.007381574911955138,0.012237853061037836,1.0017511523535618,0.9999267789646995,0.9916530299831081,0.043224616077535256,0,0,0,0
A026,6,151552,0.8011970520019531,0.006512444804255862,0.005040980875492096,0.009268862965936427,0.013834267593509517,1.0016233602731481,0.9999057771270327,0.9913231102195946,0.04458592270124931,0,0,0,0
A026,7,151552,234.921875,0.04790224822872731,0.006694808602333069,0.6844270918916255,0.019428316997367665,0.9824557931416106,0.9999645478669129,0.9873442778716216,0.0542805213286722,0,0,0,0
A026,8,151552,234.060546875,0.04985606078293979,0.008336067199707031,0.6829938654200268,0.019387095520527718,0.9825005373926834,0.9999645657795966,0.9863809121621622,0.05706121573012592,0,0,0,0
A026,9,151552,233.078125,0.051858390211255274,0.01013551652431488,0.6817595067854152,0.019351238767959793,0.9825450947977494,0.9999644816677602,0.9858332453547297,0.05873170348668735,0,0,0,0
A026,10,151552,231.4150390625,0.052709528349310315,0.010850697755813599,0.6787753081605931,0.01926621345555826,0.9826439090398678,0.9999644056779594,0.985523120777027,0.060722813210501526,0,0,0,0
A026,11,151552,230.6357421875,0.05295626071915649,0.011006295680999756,0.6785214065156425,0.01925838880076229,0.9826618918856114,0.9999642422552479,0.9850876266891891,0.061304637707173884,0,0,0,0
A026,12,151552,229.669921875,0.053665981805988236,0.01163262128829956,0.6783533643783436,0.0192528653684456,0.9826850036465545,0.9999639438243622,0.9856550886824325,0.060910915119299754,0,0,0,0
A026,13,151552,227.806640625,0.054830137731239514,0.012398108839988708,0.6752727061387264,0.019164157685497642,0.9827979504490094,0.9999636983212031,0.9854637352195946,0.06145010920845603,0,0,0,0
A026,14,151552,223.4462890625,0.05615623474063427,0.013732679188251495,0.6650251952848671,0.01887310856362498,0.9831180883490577,0.999963791081301,0.9842892208614865,0.06463695988376522,0,0,0,0
A026,15,151552,221.1318359375,0.05773198620969854,0.01457124948501587,0.6602176361118425,0.018734909247165817,0.9832792790829877,0.999963685639455,0.9840318834459459,0.06516507416601196,0,0,0,0
A026,16,151552,218.5302734375,0.05938036052276476,0.01632186770439148,0.6554934157646151,0.018600196320863405,0.9834394635414371,0.9999635382054313,0.9836755701013513,0.06828746398784527,0,0,0,0
A026,17,151552,470.26171875,0.0828639314455801,0.0176173597574234,1.4116001433850969,0.032442312356320405,0.9724318475567179,0.9998496035467035,0.9826858108108109,0.07155954614960985,0,0,0,0
A026,18,151552,489.359375,0.08468811089699409,0.01924847811460495,1.456500571078491,0.0334022074506542,0.9717288865959091,0.9998371708334316,0.9828705658783784,0.07098533470672258,0,0,0,0
A026,19,151552,489.73046875,0.0861411902337504,0.020816221833229065,1.4566362354533593,0.03340420792026906,0.971744839337189,0.9998366407569941,0.982250316722973,0.07384845956461077,0,0,0,0
A026,20,151552,490.671875,0.08959718423686103,0.023733556270599365,1.4606456052791261,0.033489770006260265,0.9716654138901273,0.9998359950243683,0.981861011402027,0.0745281158996237,0,0,0,0
A026,21,151552,493.75,0.09229099430536747,0.026183009147644043,1.4702634246979815,0.033707482103691025,0.9714675852517414,0.999834222127792,0.9819203969594594,0.07464813145182697,0,0,0,0
A026,22,151552,494.4365234375,0.09631163296007891,0.029797300696372986,1.4727529150426304,0.033759682557467814,0.9714415666151561,0.9998331695594859,0.9814915012668919,0.07566410174950015,0,0,0,0
A026,23,151552,497.16796875,0.10133758995901779,0.03379160165786743,1.4815054030124826,0.03394804361078999,0.9712978454128861,0.9998308160629563,0.9823228990709459,0.07390794271296791,0,0,0,0
A026,24,151552,499.888671875,0.10828681889538652,0.03988504409790039,1.4910772067279978,0.03414683154892553,0.971134800145104,0.9998286508000132,0.9830223289695946,0.07157053172968528,0,0,0,0
A026,25,151552,499.89453125,0.11837491937701482,0.04889100790023804,1.4919251700990217,0.03413407943819296,0.9711959488239534,0.999827294370747,0.9836821684966216,0.06956366673912569,0,0,0,0
A026,26,151552,498.6513671875,0.12826634522999436,0.057641804218292236,1.4900814904122885,0.034059152427160275,0.9713073563885337,0.9998266470111515,0.9835172086148649,0.0697609745717362,0,0,0,0
A026,27,151552,497.9775390625,0.14062498503306023,0.06859466433525085,1.4894043742390009,0.034001561683224886,0.9714295920129802,0.9998250835741738,0.9832466744087838,0.07071812989208219,0,0,0,0
A026,28,151552,496.1083984375,0.15465185932094214,0.08080822229385376,1.486029506171385,0.03387206655665923,0.9716341388864701,0.9998236502802902,0.9832532728040541,0.07041961867623532,0,0,0,0
A026,29,151552,490.67578125,0.171208900619739,0.09456905722618103,1.474450740728373,0.03352513173264097,0.9720533520210128,0.999823610852368,0.9835238070101351,0.07098865513533677,0,0,0,0
A026,30,151552,487.8984375,0.19296277062360517,0.1135219931602478,1.4717069428671834,0.033363852535543366,0.9723487037618266,0.9998207677600575,0.9826594172297297,0.07274312200854065,0,0,0,0
A026,31,151552,483.7470703125,0.21976522392889353,0.1353600025177002,1.4671757494873463,0.03309133080918459,0.9728633298065175,0.9998156795026882,0.982593433277027,0.07434895728778597,0,0,0,0
A026,32,151552,479.69921875,0.2503723414652086,0.16055607795715332,1.4688333624387968,0.032945549345298794,0.9732543283966895,0.9998098758662797,0.9815244932432432,0.07673887258471039,0,0,0,0
A026,33,151552,478.55078125,0.2901605201358187,0.19412630796432495,1.4776742946787018,0.0329213220504223,0.9736974598502559,0.9997987106655907,0.9805743243243243,0.08058468521751741,0,0,0,0
A026,34,151552,441.5673828125,0.34611219106891195,0.2391332983970642,1.3867088769923734,0.03069599012050829,0.9767964895557631,0.9997932829832722,0.9790830869932432,0.08533387090946144,0,0,0,0
A026,35,151552,683.029296875,0.48260368167718076,0.3460524082183838,1.966031680864523,0.06483903535608807,0.9890616445059673,0.9979351879088215,0.9798880912162162,0.0876502500635726,0,0,0,0
A026,36,151552,278.0806579589844,0.7039829955875403,0.4305553436279297,1.7626484941334017,0.09609396018412014,0.9712282185153677,0.9956723694731003,0.9764965160472973,0.09654098680614785,0,0,0,0
A027,0,155648,0.0027260184288024902,0.00048496150427461925,0.0002450980246067047,0.0007496634065844053,0.03287226753794734,1.0006897172600724,0.9994603170970193,0.9693989000822368,0.08741467642317176,0,0,0,0
A027,1,155648,0.04534769058227539,0.0016569833681482524,0.0013409927487373352,0.002179278874182133,0.010986809267768807,1.0013642599961934,0.9999406565735878,0.9908190275493421,0.04455776963455737,0,0,0,0
A027,2,155648,0.24414443969726562,0.0023534656447093552,0.0018219724297523499,0.003351448389043906,0.009367410458303365,1.0006382248238246,0.9999563573299509,0.9911081414473685,0.04431107937796128,0,0,0,0
A027,3,155648,0.3528327941894531,0.003054384281328438,0.002426944673061371,0.004375874081248044,0.009465078255800572,1.0005516848888094,0.999955382939473,0.9911916632401315,0.04513923510320636,0,0,0,0
A027,4,155648,0.44567108154296875,0.004035301634673179,0.003205038607120514,0.005727747892825991,0.010819415766035232,1.0010655915015738,0.9999420995620799,0.9906519839638158,0.04488495096543232,0,0,0,0
A027,5,155648,0.6224594116210938,0.00517491199468473,0.0040600113570690155,0.007380422742532582,0.01182626851589485,1.0006384329854943,0.9999303179721383,0.9911852384868421,0.045459694045091,0,0,0,0
A027,6,155648,0.8011970520019531,0.00635934452780499,0.004894666373729706,0.009158321798377693,0.013354685601450433,1.0006887067558592,0.9999111245538614,0.9911274157072368,0.045346602772748,0,0,0,0
A027,7,155648,234.921875,0.04658372235709413,0.006471112370491028,0.6753576439179488,0.01942814130006122,0.9824558555475335,0.9999645502291971,0.9876323499177632,0.05351058868194427,0,0,0,0
A027,8,155648,234.060546875,0.0485421819764784,0.008160054683685303,0.6739418915659506,0.019386766426917917,0.9825008066646835,0.999964567487053,0.9865786903782895,0.05599014136029473,0,0,0,0
A027,9,155648,233.078125,0.05070226559515552,0.010145053267478943,0.6727273959577353,0.019350883438999173,0.9825452886978274,0.9999644852282994,0.9859811883223685,0.0584133594899916,0,0,0,0
A027,10,155648,231.4150390625,0.05144100345330272,0.0107555091381073,0.669778801105061,0.019265841649109036,0.9826440444616688,0.999964410580721,0.9857241981907895,0.060436677374094444,0,0,0,0
A027,11,155648,230.6357421875,0.05158719255725349,0.010722339153289795,0.6695272221105072,0.019257930231503056,0.9826621862023855,0.999964246060086,0.9854543585526315,0.060848835304291915,0,0,0,0
A027,12,155648,229.669921875,0.05239101300558583,0.011468511074781418,0.6693632666006943,0.019252383837709754,0.9826852991879391,0.9999639480618658,0.9855250308388158,0.060630687166615876,0,0,0,0
A027,13,155648,227.806640625,0.05354902070481079,0.012192726135253906,0.6663278797589887,0.01916372145963839,0.9827981909505925,0.9999637026267106,0.9852808902138158,0.06135154612282969,0,0,0,0
A027,14,155648,223.4462890625,0.0546700026600918,0.01332860067486763,0.65620853434174,0.018872362474465467,0.9831184571903651,0.9999637990838162,0.9846255653782895,0.06353301540757998,0,0,0,0
A027,15,155648,221.1318359375,0.05614098061851049,0.014059580862522125,0.6514642954680274,0.018734285864706192,0.9832794287823042,0.9999636949767661,0.9845677425986842,0.06430596201845577,0,0,0,0
A027,16,155648,218.5302734375,0.05768694562801245,0.015623718500137329,0.6468002888891566,0.01859926412756278,0.9834400243411761,0.9999635464133586,0.984021638569079,0.06646147351470122,0,0,0,0
A027,17,155648,470.26171875,0.08044123216115838,0.016787216067314148,1.392893437936219,0.0324413802009306,0.9724329949717934,0.9998496022941282,0.9837582236842105,0.06850515737948602,0,0,0,0
A027,18,155648,489.359375,0.08233024957096284,0.018445685505867004,1.437201048532565,0.033401099875661124,0.9717304371934579,0.9998371640531575,0.9840409128289473,0.06843081582005596,0,0,0,0
A027,19,155648,489.73046875,0.08369449319492392,0.0198705792427063,1.4373320391364484,0.033402998776359494,0.9717463597976399,0.9998366383679401,0.9827495374177632,0.07104670221040899,0,0,0,0
A027,20,155648,490.671875,0.08702859698309633,0.022680088877677917,1.4412857148798197,0.03348793225125838,0.9716679489908853,0.9998359848688986,0.9826724403782895,0.07183659711995416,0,0,0,0
A027,21,155648,493.75,0.08956493339284059,0.024993866682052612,1.4507687649810692,0.03370538080075803,0.9714705786267483,0.9998342076342213,0.9824732730263158,0.07260204217400706,0,0,0,0
A027,22,155648,494.4365234375,0.0934779784365539,0.02845054864883423,1.4532198556727312,0.033757520813140554,0.97144366613122,0.9998331833235813,0.9817729749177632,0.07371263007433174,0,0,0,0
A027,23,155648,497.16796875,0.09848806086382697,0.03251093626022339,1.4618530570496269,0.033945401106241765,0.9713014147265254,0.9998308035721039,0.9830900493421053,0.07187472336051696,0,0,0,0
A027,24,155648,499.888671875,0.10568859679870002,0.038826048374176025,1.471313140615283,0.034142903177435985,0.9711412087551049,0.9998285995886764,0.983385587993421,0.06972644432885292,0,0,0,0
A027,25,155648,499.89453125,0.11586573138106958,0.04783749580383301,1.4721616384082545,0.03412991057195655,0.9712032950176925,0.9998272243414261,0.9832313939144737,0.06987107293941879,0,0,0,0
A027,26,155648,498.6513671875,0.12575172207002533,0.05644214153289795,1.470345794581063,0.034052632701788044,0.9713206769064954,0.9998264845849394,0.9835269325657895,0.06957802880827818,0,0,0,0
A027,27,155648,497.9775390625,0.13827941392513535,0.06772875785827637,1.4697177195463118,0.03399397460319357,0.9714459463826426,0.9998248711971027,0.9831478721217105,0.07038149403161956,0,0,0,0
A027,28,155648,496.1083984375,0.15262953950842098,0.0797111988067627,1.4664287662807804,0.033862057014715195,0.9716549059931712,0.9998233968928197,0.9835976048519737,0.07017792145846756,0,0,0,0
A027,29,155648,490.67578125,0.1694442561909957,0.09386944770812988,1.4550597853664462,0.03350869310847067,0.9720863399893659,0.9998232358153231,0.983533357319079,0.07035334595432065,0,0,0,0
A027,30,155648,487.8984375,0.1908868161296093,0.11219179630279541,1.452399537278933,0.03333984499687258,0.9723911188125522,0.9998203938018175,0.9824796977796053,0.07319122849978724,0,0,0,0
A027,31,155648,483.7470703125,0.2185597378000083,0.13547486066818237,1.448233521823085,0.03305498462133556,0.9729238559989556,0.9998152401998712,0.982556794819079,0.07432431960517852,0,0,0,0
A027,32,155648,479.69921875,0.24932294742475997,0.16057413816452026,1.4501568072409474,0.03290258727895059,0.9733172558176589,0.9998096142802702,0.9818179481907895,0.07650769199214814,0,0,0,0
A027,33,155648,478.55078125,0.2894795938880059,0.1943461298942566,1.4590476769633067,0.03286030608188637,0.9738141744951274,0.9997976501735418,0.9807064658717105,0.08020683662803221,0,0,0,0
A027,34,155648,441.5673828125,0.3444907464845528,0.2391597032546997,1.3694518598483945,0.030628437843918215,0.9769170391630307,0.9997925729066489,0.9796206825657895,0.08470104651913847,0,0,0,0
A027,35,155648,683.029296875,0.4777755953559551,0.3429872989654541,1.941479062629771,0.0642564756442127,0.9892608205849617,0.9979714325058714,0.9795885587993421,0.08762962011991808,0,0,0,0
A027,36,155648,278.0806579589844,0.6896447217667102,0.4225592613220215,1.7344010617929568,0.094990864657719,0.9721269452626748,0.995758600649732,0.9763569078947368,0.09610170306607317,0,0,0,0
A028,0,143360,0.0027260184288024902,0.00044388093848673246,0.00023552775382995605,0.0006916977428904051,0.0302726440315965,1.0006777980397095,0.9995423234290425,0.9736746651785714,0.0780272759065425,0,0,0,0
A028,1,143360,0.06070899963378906,0.0017028412070463413,0.0013588666915893555,0.002258050371346739,0.011199682715432055,1.0015204580940407,0.9999385329080824,0.9918666294642857,0.04160171238545569,0,0,0,0
A028,2,143360,0.24414443969726562,0.002425554918787043,0.0018684174865484238,0.0034441060230221195,0.009571088754286238,1.0008244185878548,0.9999545744127313,0.9917410714285714,0.04135986020774299,0,0,0,0
A028,3,143360,0.43665313720703125,0.003055698577907151,0.0024130642414093018,0.004510068801720047,0.009929698470018542,1.0008635533624621,0.9999511156206223,0.9922154017857143,0.04200135781180168,0,0,0,0
A028,4,143360,0.5590457916259766,0.004128160972448671,0.003216363489627838,0.006049380115259966,0.011734358625046999,1.0015159853295634,0.9999324039941423,0.9911411830357143,0.04351620883326723,0,0,0,0
A028,5,143360,0.6224594116210938,0.005415674042048327,0.004220485687255859,0.0077184425409919395,0.012473526823900273,1.0011579232458738,0.9999229651578427,0.9913713727678571,0.04443957751198741,0,0,0,0
A028,6,143360,0.8011970520019531,0.006596973292953732,0.005062870681285858,0.009574498262033548,0.013990308532050357,1.0009577356865735,0.9999026874621019,0.991357421875,0.04455645600794018,0,0,0,0
A028,7,143360,234.921875,0.050122704710130556,0.006640419363975525,0.7037055880568295,0.019428309121323834,0.9824554415013697,0.9999645542894567,0.9868582589285714,0.054766813440488296,0,0,0,0
A028,8,143360,234.060546875,0.05196691244230871,0.008249625563621521,0.702225343542312,0.019386924302141,0.9825000876651221,0.9999645771521841,0.9863839285714285,0.05688569622298431,0,0,0,0
A028,9,143360,233.078125,0.05386716380507031,0.009960919618606567,0.700949301883736,0.019350924849408993,0.9825443324956878,0.9999645013653844,0.9855608258928571,0.05893306936364856,0,0,0,0
A028,10,143360,231.4150390625,0.05469030590737215,0.010665282607078552,0.6978766449094609,0.01926581031032948,0.9826432686776904,0.9999644248696601,0.985302734375,0.06091398176928653,0,0,0,0
A028,11,143360,230.6357421875,0.05497101209308052,0.010823763906955719,0.6976170375948848,0.01925800960911239,0.9826615690742294,0.999964255370644,0.9851422991071429,0.060984593824939724,0,0,0,0
A028,12,143360,229.669921875,0.05576771179563755,0.011542215943336487,0.6974448668792125,0.019252575553475565,0.982684563961631,0.9999639572336629,0.9853794642857143,0.0608570845357595,0,0,0,0
A028,13,143360,227.806640625,0.0571507020935087,0.012509629130363464,0.6942834490372687,0.019164046538191405,0.9827971232097606,0.999963714937614,0.9852608816964286,0.06172049144154518,0,0,0,0
A028,14,143360,223.4462890625,0.058413975088050005,0.013755828142166138,0.683743238815651,0.01887283132154416,0.983117175218689,0.9999638120504395,0.9847307477678572,0.06410596420096216,0,0,0,0
A028,15,143360,221.1318359375,0.0601723632922569,0.014729693531990051,0.6788038838817497,0.018734883468526843,0.9832778934445715,0.9999637096433258,0.984375,0.06518059624702638,0,0,0,0
A028,16,143360,218.5302734375,0.061861651486625695,0.01646444946527481,0.6739464369198928,0.018600110052713312,0.9834383199873744,0.999963559052115,0.9834681919642857,0.06846551959181196,0,0,0,0
A028,17,143360,470.26171875,0.08668647374984825,0.01791192591190338,1.4513634504780508,0.0324426359062423,0.9724308665155124,0.9998496204133737,0.98271484375,0.07182564789417575,0,0,0,0
A028,18,143360,489.359375,0.08875256841274677,0.019731223583221436,1.4975345601723902,0.03340285285020403,0.9717276329885695,0.9998371849109967,0.9827985491071428,0.07210593209696006,0,0,0,0
A028,19,143360,489.73046875,0.09042394177585525,0.02140769362449646,1.497679170205317,0.03340497523615962,0.9717432911666471,0.9998366591365642,0.9819056919642857,0.07519313550191924,0,0,0,0
A028,20,143360,490.671875,0.0938823609954836,0.02442169189453125,1.5017999611184616,0.033490730006407156,0.9716637060495454,0.999836011451528,0.9815569196428572,0.07619219166753194,0,0,0,0
A028,21,143360,493.75,0.09654563868035504,0.026876389980316162,1.5116804514049653,0.033708897092457266,0.9714652678398432,0.9998342407009291,0.9812639508928571,0.0772321385382005,0,0,0,0
A028,22,143360,494.4365234375,0.10074100620013755,0.03074336051940918,1.5142403629889125,0.03376110789187861,0.9714393513998154,0.9998331847700234,0.9803989955357143,0.07835135865851425,0,0,0,0
A028,23,143360,497.16796875,0.10568152095326176,0.03473570942878723,1.5232220576778626,0.033949673467393,0.9712945060250989,0.9998308572002833,0.9814801897321429,0.07583755523993822,0,0,0,0
A028,24,143360,499.888671875,0.11313703621946324,0.04145798087120056,1.533074566327335,0.034150069744606944,0.9711273142668788,0.9998287581467273,0.9825055803571429,0.07311444160972713,0,0,0,0
A028,25,143360,499.89453125,0.1233572391656123,0.050562381744384766,1.5339410844609447,0.03414127744011415,0.9711821691649872,0.9998274476911498,0.9826799665178572,0.07254757653031282,0,0,0,0
A028,26,143360,498.6513671875,0.13356702646434054,0.05967715382575989,1.532022640124872,0.03406772444455852,0.9712902334694481,0.9998268493067246,0.9825962611607143,0.07272025845446971,0,0,0,0
A028,27,143360,497.9775390625,0.14622630586776983,0.07110823690891266,1.5313153968702842,0.034013200623408554,0.9714070168753403,0.999825336276768,0.9822056361607143,0.07309223214868803,0,0,0,0
A028,28,143360,496.1083984375,0.16120408034355152,0.08429110050201416,1.5278834885397055,0.03388525809835591,0.9716105578089678,0.9998238747583983,0.982568359375,0.07249412484681254,0,0,0,0
A028,29,143360,490.67578125,0.17826724835775687,0.09887611865997314,1.515965238532402,0.03354380105628848,0.9720179396991131,0.9998239791280357,0.9829450334821429,0.07257619271709322,0,0,0,0
A028,30,143360,487.8984375,0.20059892651966688,0.11796671152114868,1.513136001320063,0.033388719314629105,0.9723034359414061,0.9998211942363032,0.9818917410714286,0.0746441214209918,0,0,0,0
A028,31,143360,483.7470703125,0.22802111217738458,0.14096799492835999,1.508475329430781,0.03312973652067985,0.9727986750843952,0.9998161657833603,0.9819963727678571,0.07586723227528118,0,0,0,0
A028,32,143360,479.69921875,0.25937556559138103,0.16660386323928833,1.510171879550096,0.03299652473816502,0.9731678508935855,0.9998105124317506,0.9812430245535714,0.0783121578286247,0,0,0,0
A028,33,143360,478.55078125,0.30037709506411503,0.20114922523498535,1.519107360822753,0.03298570185519075,0.9736023050086822,0.9997990872535881,0.9799246651785715,0.08185375404213158,0,0,0,0
A028,34,143360,441.5673828125,0.3569933454272749,0.24706155061721802,1.42507590629497,0.030745285325786006,0.9767274595538591,0.9997933602526493,0.9786760602678571,0.08669551360928707,0,0,0,0
A028,35,143360,683.029296875,0.49217355193629503,0.3513667583465576,2.019740800211028,0.0654488533610397,0.9888972524796201,0.9978965047211215,0.9791782924107143,0.08919768632490122,0,0,0,0
A028,36,143360,278.0806579589844,0.7192489476184813,0.43396830558776855,1.8071941030461829,0.09748141930943728,0.97040837405316,0.99555498333739,0.9755998883928572,0.09819719860714977,0,0,0,0
A029,0,155648,0.0027260184288024902,0.0004725772232632153,0.0002548210322856903,0.0007227192534382564,0.031574014778853236,1.0007003046664213,0.9995021346661016,0.9714676706414473,0.08294092348459428,0,0,0,0
A029,1,155648,0.10574722290039062,0.0017177761888569577,0.0013588117435574532,0.0023159309978213007,0.011610316166935381,1.0021455579193166,0.9999350413611666,0.9913394325657895,0.043108249348294964,0,0,0,0
A029,2,155648,0.24414443969726562,0.0024106930184589117,0.0018501952290534973,0.0034304779442278907,0.009557141633550682,1.0007963468825312,0.9999546836935761,0.9914743523848685,0.042777265900928806,0,0,0,0
A029,3,155648,0.3528327941894531,0.003160822601077634,0.0024808216840028763,0.004574768223174736,0.009791297313058514,1.0006798430439436,0.9999523287507139,0.9917955900493421,0.04324368588413149,0,0,0,0
A029,4,155648,0.44567108154296875,0.004080960018951062,0.0032244957983493805,0.005862818368319159,0.01117909019084431,1.0014483011864561,0.9999386516103612,0.9911081414473685,0.044489827668533335,0,0,0,0
A029,5,155648,0.6224594116210938,0.0052069066963889256,0.004071541130542755,0.007484988109242924,0.012090672548946054,1.000951863507917,0.9999274299175394,0.9911723889802632,0.04531265088113069,0,0,0,0
A029,6,155648,0.8011970520019531,0.006397840145428733,0.0049345605075359344,0.009193971055642397,0.013506088119839896,1.0011517550621145,0.9999095602261786,0.9911145662006579,0.04534924848791417,0,0,0,0
A029,7,155648,234.921875,0.046559942758990835,0.006421610713005066,0.6753577106994473,0.019428153165728226,0.982455828696318,0.9999645504730784,0.9873111122532895,0.05405039060542888,0,0,0,0
A029,8,155648,234.060546875,0.04843778050645884,0.008053898811340332,0.6739406057628222,0.019386834604535316,0.9825008589560197,0.9999645652122993,0.9868935032894737,0.05598247142617994,0,0,0,0
A029,9,155648,233.078125,0.05049174344564658,0.009881287813186646,0.6727228345522188,0.019350885999111358,0.9825454252895921,0.9999644827563016,0.986096833881579,0.05774838156439717,0,0,0,0
A029,10,155648,231.4150390625,0.05140411877813808,0.010634876787662506,0.6697791297649875,0.01926581859870228,0.9826443720257186,0.9999644052589688,0.9860775596217105,0.05923187432690964,0,0,0,0
A029,11,155648,230.6357421875,0.051860649070907754,0.010968878865242004,0.6695363980302192,0.019258133714825793,0.9826624565859623,0.9999642373115637,0.9851845189144737,0.060402992460514525,0,0,0,0
A029,12,155648,229.669921875,0.052736610048471355,0.011696536093950272,0.669377999607406,0.019252815911783943,0.9826852760287461,0.9999639400039562,0.9855764288651315,0.06048968595415313,0,0,0,0
A029,13,155648,227.806640625,0.05385106753816684,0.0124039426445961,0.6663411313984963,0.019164088746345065,0.9827984082137676,0.9999636916701834,0.9853130139802632,0.061602245720247244,0,0,0,0
A029,14,155648,223.4462890625,0.054972751021511466,0.01349690556526184,0.6562254247428498,0.018872889548253016,0.983118487427148,0.9999637884476474,0.9849275287828947,0.06349175925423171,0,0,0,0
A029,15,155648,221.1318359375,0.056476706287237506,0.01429843157529831,0.6514822406463365,0.01873474941344982,0.9832792940621218,0.9999636884306651,0.9848054584703947,0.06423518560854742,0,0,0,0
A029,16,155648,218.5302734375,0.05802720658997666,0.015877947211265564,0.646819998282777,0.018599961101263534,0.9834396986857429,0.9999635387032643,0.9837004009046053,0.06769609317688491,0,0,0,0
A029,17,155648,470.26171875,0.08088681143565161,0.01710907369852066,1.392906877856717,0.03244191902593281,0.9724322182653922,0.9998496062168537,0.9831799958881579,0.07019761393193517,0,0,0,0
A029,18,155648,489.359375,0.08291907962081113,0.018993772566318512,1.4372175141727759,0.03340187788915911,0.9717295737587218,0.999837162285061,0.983045076069079,0.07101220231408904,0,0,0,0
A029,19,155648,489.73046875,0.08448349071854984,0.02068769931793213,1.437354595280831,0.03340382738324081,0.9717457675861585,0.9998366270041267,0.9820877878289473,0.07351361453809017,0,0,0,0
A029,20,155648,490.671875,0.08793932350731755,0.023521363735198975,1.4413166262304702,0.03348893847158183,0.9716678004567777,0.9998359544955352,0.9823961759868421,0.07360413851121667,0,0,0,0
A029,21,155648,493.75,0.09055501384579812,0.025977998971939087,1.4508044773150066,0.033706567890030195,0.9714704732596653,0.9998341695235383,0.9818757709703947,0.0744633902160658,0,0,0,0
A029,22,155648,494.4365234375,0.09464311899850786,0.029755249619483948,1.4532654641190303,0.03375824199804657,0.9714452104559157,0.9998331131321663,0.9817793996710527,0.0750349733433784,0,0,0,0
A029,23,155648,497.16796875,0.09952177722641409,0.03354834020137787,1.4618999423682786,0.033946146220454734,0.9713029340022382,0.9998307329079175,0.9824861225328947,0.07318218625444647,0,0,0,0
A029,24,155648,499.888671875,0.10662961243522324,0.039771124720573425,1.4713645925928769,0.03414431691357478,0.9711407017215202,0.9998285648620335,0.9831607216282895,0.07107146024515391,0,0,0,0
A029,25,155648,499.89453125,0.11670365084490927,0.04873847961425781,1.4722117034347968,0.034132459241917844,0.9712006064009694,0.9998272140173619,0.9832121196546053,0.07011672694176134,0,0,0,0
A029,26,155648,498.6513671875,0.12651317859067485,0.05739259719848633,1.470393012802917,0.03405534062377273,0.9713137454149231,0.9998265930939044,0.9833406147203947,0.07054719957879785,0,0,0,0
A029,27,155648,497.9775390625,0.1389456535491598,0.06826937198638916,1.4697592544473481,0.0339987744920859,0.9714361418557035,0.9998249896929782,0.983167146381579,0.07110757060991835,0,0,0,0
A029,28,155648,496.1083984375,0.1535338085181449,0.08075869083404541,1.4665198258416328,0.0338675571334381,0.9716458637022931,0.9998234673795185,0.9833663137335527,0.07045517231732254,0,0,0,0
A029,29,155648,490.67578125,0.1703872779205779,0.09488052129745483,1.4551862675716036,0.03352081301975304,0.9720662073543986,0.9998233926190728,0.9833084909539473,0.07084030434498476,0,0,0,0
A029,30,155648,487.8984375,0.1924754269779274,0.11395263671875,1.4526408809449152,0.03336254280037895,0.9723604107101231,0.9998204820135886,0.9825053967927632,0.07346763247112881,0,0,0,0
A029,31,155648,483.7470703125,0.22007432703593932,0.1370096206665039,1.4484947897503186,0.033087274162549724,0.9728910243868334,0.9998150506358423,0.982678865131579,0.0745163101674481,0,0,0,0
A029,32,155648,479.69921875,0.250549914524778,0.16182351112365723,1.4503488270096263,0.03293706885874644,0.9732942149430036,0.9998090754348536,0.9815224095394737,0.07730594213527923,0,0,0,0
A029,33,155648,478.55078125,0.28979724515250527,0.19424739480018616,1.4592440044395865,0.03290538145196963,0.9737570074664305,0.9997976551293795,0.9809763055098685,0.07998657428853206,0,0,0,0
A029,34,155648,441.5673828125,0.3453773858607172,0.23938512802124023,1.3697945365679838,0.03067236722155905,0.9769045389731058,0.9997914874101422,0.979382966694079,0.08537912993807356,0,0,0,0
A029,35,155648,683.029296875,0.48116317730871644,0.34597301483154297,1.9426273676298806,0.06443989091963129,0.9893727803866746,0.9979585239127737,0.9794664884868421,0.08827836690920979,0,0,0,0
A029,36,155648,278.0806579589844,0.6989154419174347,0.42976808547973633,1.7491462935080342,0.09540690814508164,0.9709597169310726,0.9957469192917777,0.9764083059210527,0.0968297608058826,0,0,0,0
A030,0,143360,0.0027260184288024902,0.00044265318616193585,0.0002393573522567749,0.0006871525925334658,0.03004747533223988,1.0006411751442366,0.999549069291424,0.9738071986607143,0.07737683031333992,0,0,0,0
A030,1,143360,0.04532337188720703,0.001643647713098671,0.0013124756515026093,0.0021801690554364614,0.01088754183055152,1.0017909076515532,0.9999424374807087,0.9920758928571428,0.04073615103532175,0,0,0,0
A030,2,143360,0.24414443969726562,0.0023666904853489054,0.001817239448428154,0.0033960538655823202,0.009317466339516156,1.000514931814548,0.9999567472601048,0.991845703125,0.04111583497699862,0,0,0,0
A030,3,143360,0.3528327941894531,0.0030366911465104555,0.0023985672742128372,0.004395233222949825,0.009392397248063166,1.0006804604476254,0.9999561527864724,0.9918387276785714,0.04278548543075248,0,0,0,0
A030,4,143360,0.44567108154296875,0.003978845425866341,0.003142513334751129,0.005705345201953341,0.01073639051479893,1.001526474003037,0.9999436160893715,0.9911411830357143,0.04430589695482634,0,0,0,0
A030,5,143360,0.6224594116210938,0.005216513001198564,0.004075257107615471,0.007441376564419882,0.011853917803053041,1.001301854244234,0.9999306799731672,0.9909737723214286,0.04517375836221736,0,0,0,0
A030,6,143360,0.8011970520019531,0.006435396433125464,0.004978865385055542,0.009249593060529191,0.013460348487659349,1.001719119514135,0.9999110401278996,0.9912527901785714,0.04514482040285371,0,0,0,0
A030,7,143360,234.921875,0.05002628338404195,0.006601173430681229,0.7037024584826744,0.019428296838260466,0.9824554591202741,0.9999645542183565,0.9868024553571428,0.054862220552453995,0,0,0,0
A030,8,143360,234.060546875,0.051936520474522956,0.008263591676950455,0.7022241624676628,0.019386924353061153,0.9825002990121647,0.9999645733943914,0.9864606584821428,0.056891042064931834,0,0,0,0
A030,9,143360,233.078125,0.053945556844999895,0.01005449891090393,0.7009517412274837,0.019350890733651347,0.9825448174477702,0.9999644934393758,0.9856863839285714,0.05879390826851268,0,0,0,0
A030,10,143360,231.4150390625,0.05484404387386803,0.010808005928993225,0.6978812698832422,0.019265786907316087,0.9826440106619065,0.9999644122497582,0.9855189732142857,0.060348599490512064,0,0,0,0
A030,11,143360,230.6357421875,0.055321623100625016,0.011120378971099854,0.6976294911834716,0.01925811283769386,0.9826619329399683,0.9999642469407146,0.9850795200892857,0.0606122311103045,0,0,0,0
A030,12,143360,229.669921875,0.055976991593232536,0.01170777902007103,0.6974527856868633,0.019252538734676965,0.9826851627053846,0.9999639474269674,0.9859375,0.06005492103203879,0,0,0,0
A030,13,143360,227.806640625,0.057232599553049116,0.0126023069024086,0.6942886918644632,0.019164022606073274,0.9827975267152848,0.9999637083563017,0.9848842075892857,0.061743022432264816,0,0,0,0
A030,14,143360,223.4462890625,0.058417758411984065,0.013838633894920349,0.6837425175863767,0.01887262636710889,0.9831176028981243,0.9999638086563194,0.9843331473214286,0.06411767282843821,0,0,0,0
A030,15,143360,221.1318359375,0.06000508702649086,0.014613233506679535,0.6787965864987711,0.01873453799192658,0.9832781049604024,0.9999637126364888,0.9840262276785714,0.06539646444509334,0,0,0,0
A030,16,143360,218.5302734375,0.06161630880186359,0.0163087397813797,0.6739350333780054,0.018599572096425647,0.9834385292641513,0.9999635657099536,0.9835100446428572,0.06776625882249897,0,0,0,0
A030,17,143360,470.26171875,0.08646390610160129,0.017726480960845947,1.4513600666220063,0.03244234404967801,0.9724309170196966,0.9998496287263472,0.9831403459821428,0.07089709494725918,0,0,0,0
A030,18,143360,489.359375,0.08850098320012875,0.019574366509914398,1.497527785243222,0.033402416210557104,0.9717277511890949,0.999837196501031,0.9831194196428571,0.07138259241851964,0,0,0,0
A030,19,143360,489.73046875,0.0901000219420374,0.021331459283828735,1.4976681763596673,0.03340465285302131,0.9717433460168144,0.9998366686331285,0.9821428571428571,0.07449561410506296,0,0,0,0
A030,20,143360,490.671875,0.0934902646652696,0.024188168346881866,1.501783859934236,0.03349014897552912,0.9716638464876077,0.9998360274061462,0.9817522321428571,0.07521577045174936,0,0,0,0
A030,21,143360,493.75,0.09598457280394866,0.026493564248085022,1.5116607958931239,0.03370819175940603,0.9714658586524828,0.9998342479221575,0.9810616629464286,0.07667503968911385,0,0,0,0
A030,22,143360,494.4365234375,0.10008911239623006,0.030195146799087524,1.5142158654673765,0.03376027152082249,0.9714397732986078,0.9998332015052119,0.9808733258928571,0.07680417925122737,0,0,0,0
A030,23,143360,497.16796875,0.10510407850993034,0.03431013226509094,1.5231985939789743,0.03394850237843595,0.9712950608284826,0.9998308818328507,0.9817243303571429,0.07515924444865883,0,0,0,0
A030,24,143360,499.888671875,0.11223547821520177,0.040579602122306824,1.5330309958507637,0.03414858223151627,0.9711276683922664,0.9998287999885204,0.9824497767857143,0.07304209233395514,0,0,0,0
A030,25,143360,499.89453125,0.1221321739936619,0.049363136291503906,1.5338657415466694,0.03413935639958913,0.9711832342316375,0.9998274838082973,0.9830357142857142,0.07193727034542088,0,0,0,0
A030,26,143360,498.6513671875,0.1323718027828428,0.05844992399215698,1.5319394332279739,0.03406407982866855,0.9712927925527652,0.9998269019508155,0.9826032366071429,0.07215537921322307,0,0,0,0
A030,27,143360,497.9775390625,0.14507277571788757,0.06985962390899658,1.5312287648555245,0.03400969838752932,0.9714096796561176,0.9998253810034278,0.9824497767857143,0.07260537600162643,0,0,0,0
A030,28,143360,496.1083984375,0.15982497841592444,0.08250504732131958,1.5277490513703023,0.03388081721781603,0.9716116455200331,0.9998239980413768,0.98291015625,0.07201109597309215,0,0,0,0
A030,29,143360,490.67578125,0.177012844649354,0.09701395034790039,1.5158128463501312,0.03354009426874726,0.9720232790874629,0.9998239543136974,0.9828822544642857,0.07229326117650688,0,0,0,0
A030,30,143360,487.8984375,0.19969497621137375,0.11672890186309814,1.5130145555677903,0.03338239366282053,0.9723120860327574,0.9998211666645942,0.9819614955357143,0.0743909060110632,0,0,0,0
A030,31,143360,483.7470703125,0.2274825540470439,0.13980555534362793,1.5083844759413252,0.0331166200691269,0.9728217849023619,0.9998159708414924,0.9821707589285714,0.07511762616343758,0,0,0,0
A030,32,143360,479.69921875,0.2594839224560799,0.16617107391357422,1.5102056916145472,0.03298518450748249,0.9731890506175354,0.9998103167159712,0.9815080915178571,0.07757632107691445,0,0,0,0
A030,33,143360,478.55078125,0.3005172121592685,0.20096039772033691,1.5192374265263717,0.0329650134610859,0.9736399846297448,0.9997987748508923,0.9804268973214286,0.08074075637523612,0,0,0,0
A030,34,143360,441.5673828125,0.35869531511739944,0.24779367446899414,1.425882802150034,0.03074066638309989,0.9767332906779098,0.999793367948625,0.9785505022321429,0.08641480757716725,0,0,0,0
A030,35,143360,683.029296875,0.4930788868825143,0.3527815341949463,2.0196572425700707,0.06531636523081531,0.9889046845419637,0.9979051967259254,0.9792410714285714,0.08888747894983974,0,0,0,0
A030,36,143360,278.0806579589844,0.7187776111671286,0.43598413467407227,1.8032427806474756,0.09679981685311968,0.9712431605096803,0.9956019001869513,0.9755719866071428,0.0979936218397578,0,0,0,0
A031,0,135168,0.0027260184288024902,0.000409132197334698,0.00021829083561897278,0.0006441855736542089,0.028405682614096976,1.0006589915587973,0.9995970412789466,0.9758892637310606,0.07232490303400896,0,0,0,0
A031,1,135168,0.04532337188720703,0.001661228588698226,0.001323619857430458,0.0022028008445650732,0.01085497837072646,1.0014928708197954,0.999942285214647,0.9921653053977273,0.03946424773378669,0,0,0,0
A031,2,135168,0.24414443969726562,0.002411353159247524,0.001850796863436699,0.0034354163104936544,0.009390713644141443,1.0008418569246218,0.9999562984006624,0.9924464370265151,0.03882036965220037,0,0,0,0
A031,3,135168,0.3528327941894531,0.0030736428814782703,0.0024282969534397125,0.004377418634704815,0.00945534759510794,1.0012671111550429,0.999956156540803,0.9925944010416666,0.0402593545454983,0,0,0,0
A031,4,135168,0.44567108154296875,0.004039289356872662,0.0031981728971004486,0.005695433718734176,0.01103114169170358,1.0019187426875646,0.999941110736583,0.9914402817234849,0.04215577867437209,0,0,0,0
A031,5,135168,0.6224594116210938,0.005266952008725818,0.004136562347412109,0.007383940535487389,0.012004751095001683,1.0014017227558476,0.9999290248763609,0.9918619791666666,0.04322300988010293,0,0,0,0
A031,6,135168,0.8011970520019531,0.00649649573397014,0.00504651665687561,0.009299282357334595,0.013678015717959752,1.001374023145813,0.999907526972892,0.9918249881628788,0.044007989367201794,0,0,0,0
A031,7,135168,234.921875,0.05269604211986062,0.0067777931690216064,0.7247093761547337,0.019428436016622398,0.9824548090399541,0.9999645630518654,0.9864243016098485,0.05627580851377387,0,0,0,0
A031,8,135168,234.060546875,0.0546788557158269,0.00847981870174408,0.7231869059730182,0.019387107260519152,0.9824994593829202,0.999964584710263,0.9856918797348485,0.058414048500024164,0,0,0,0
A031,9,135168,233.078125,0.05672606512083197,0.010324910283088684,0.7218731805480083,0.01935111851931237,0.9825438420412036,0.999964506246805,0.9852775804924242,0.05973871293267651,0,0,0,0
A031,10,135168,231.4150390625,0.05752901208550708,0.011008858680725098,0.718706964343181,0.01926603768309422,0.9826425975055474,0.9999644322427957,0.984811493844697,0.06240765210226922,0,0,0,0
A031,11,135168,230.6357421875,0.05777388928940623,0.011133722960948944,0.7184382562854337,0.019258275510509813,0.9826603508262209,0.9999642716111878,0.9842048413825758,0.06360552818350558,0,0,0,0
A031,12,135168,229.669921875,0.05845308722883381,0.011749207973480225,0.7182563846296086,0.019252864513177023,0.9826834398753528,0.9999639713388159,0.9848336884469697,0.06318965183600539,0,0,0,0
A031,13,135168,227.806640625,0.05976692397823144,0.012670367956161499,0.7149971611340489,0.019164390711313466,0.9827958203305741,0.9999637309847252,0.9842418323863636,0.06467686903216079,0,0,0,0
A031,14,135168,223.4462890625,0.0609893154030677,0.013945057988166809,0.7041350219464438,0.01887306320984071,0.9831159617618951,0.9999638283933601,0.9838793205492424,0.0665662926109193,0,0,0,0
A031,15,135168,221.1318359375,0.06267644502993404,0.014828681945800781,0.6990399459871772,0.01873502336534872,0.9832765844880225,0.9999637291911353,0.9835611979166666,0.06768499836578144,0,0,0,0
A031,16,135168,218.5302734375,0.06435409925018465,0.016603246331214905,0.6940320923020467,0.018600189004298173,0.9834368460245969,0.9999635823277961,0.9828509706439394,0.07075150219438768,0,0,0,0
A031,17,135168,470.26171875,0.090458941174678,0.01789143681526184,1.4946755746935119,0.03244351714696124,0.9724287586497069,0.9998496504485973,0.9821629379734849,0.07341199639860765,0,0,0,0
A031,18,135168,489.359375,0.0925498600722814,0.01975306123495102,1.5422213441195518,0.03340365711284739,0.9717255047972279,0.9998372188298131,0.9822073271780303,0.07362989722679104,0,0,0,0
A031,19,135168,489.73046875,0.09401534282217268,0.021373137831687927,1.5423612338269952,0.03340589366528028,0.9717408464733235,0.9998366982438349,0.9813195430871212,0.07628480583072837,0,0,0,0
A031,20,135168,490.671875,0.09740279390612125,0.024239033460617065,1.5465941036105233,0.03349213869106965,0.9716600934568662,0.9998360676468172,0.9809866240530303,0.07731692606362861,0,0,0,0
A031,21,135168,493.75,0.10002142714076302,0.026706695556640625,1.5567651238713422,0.03371027817856728,0.9714613538650407,0.9998343070826347,0.980764678030303,0.07818274666963757,0,0,0,0
A031,22,135168,494.4365234375,0.10407647099712718,0.030348360538482666,1.5593874517763362,0.033762483530019795,0.9714343095750673,0.999833284339729,0.9806315104166666,0.07833941865989572,0,0,0,0
A031,23,135168,497.16796875,0.10915304628787398,0.03451082110404968,1.5686254881172663,0.03395184367019439,0.9712886828970075,0.9998309524425653,0.9812455610795454,0.07631185128756923,0,0,0,0
A031,24,135168,499.888671875,0.11630459654136785,0.040856748819351196,1.5787342955104113,0.03415321726925036,0.9711201222383407,0.9998288600438296,0.9822221235795454,0.07388942088581983,0,0,0,0
A031,25,135168,499.89453125,0.1264745022336256,0.05004662275314331,1.5795721086105088,0.03414536400495055,0.9711718352642968,0.9998276088798895,0.9821407433712122,0.07362586729484218,0,0,0,0
A031,26,135168,498.6513671875,0.13682349069905064,0.059393107891082764,1.5775556700462126,0.03407087935137946,0.9712803895522264,0.9998270279112406,0.9818966027462122,0.07339067872689939,0,0,0,0
A031,27,135168,497.9775390625,0.149305273558694,0.07059833407402039,1.576736630276506,0.03401721979289882,0.9713928585543172,0.9998256098458199,0.9820667613636364,0.07398610568121722,0,0,0,0
A031,28,135168,496.1083984375,0.1639719904286942,0.08313000202178955,1.573078049051945,0.033892498203821474,0.9715865266528065,0.9998243203474538,0.9825106534090909,0.07301213205027815,0,0,0,0
A031,29,135168,490.67578125,0.181394903763455,0.09833300113677979,1.5606931875820174,0.03355193526180941,0.9719969902178429,0.9998242979112126,0.9830507220643939,0.07275986514692652,0,0,0,0
A031,30,135168,487.8984375,0.20398546104263116,0.11756747961044312,1.5576228228787896,0.033397548204474714,0.9722717302611794,0.9998217888720945,0.9817634351325758,0.0749839523099304,0,0,0,0
A031,31,135168,483.7470703125,0.23199184195926714,0.14136016368865967,1.5526048840261553,0.03314332120214462,0.972751948872135,0.9998170019343292,0.9814897017045454,0.07686855798464504,0,0,0,0
A031,32,135168,479.69921875,0.26404961086497925,0.16781949996948242,1.5541826458416212,0.033020580003808205,0.9730915252174838,0.9998117891898269,0.9806832978219697,0.07959839521567838,0,0,0,0
A031,33,135168,478.55078125,0.3054106575886125,0.20313453674316406,1.562971679358356,0.03301447763854015,0.9735109634918244,0.9998005740596797,0.9798399029356061,0.08251951463602834,0,0,0,0
A031,34,135168,441.5673828125,0.36350959928170073,0.2501501441001892,1.4654084006184422,0.030779850199929928,0.9765751842349748,0.9997958799326765,0.9782492897727273,0.08763622358331172,0,0,0,0
A031,35,135168,683.029296875,0.5037301386026118,0.36049532890319824,2.0777622313929207,0.06618293816631315,0.9886205157235853,0.9978501919723876,0.9791000828598485,0.09002333166015221,0,0,0,0
A031,36,135168,278.0806579589844,0.7397852957183204,0.4472222328186035,1.8525427807021695,0.09885973330312155,0.9699420041152403,0.9954276834519361,0.9751864346590909,0.09987433752672771,0,0,0,0
A032,0,126976,0.0027260184288024902,0.00041992608443721226,0.00021829456090927124,0.000659673107898096,0.02951132412790167,1.0006671091069428,0.9995650535481286,0.9741368447580645,0.07604063526338985,0,0,0,0
A032,1,126976,0.04532337188720703,0.0016581771645855915,0.001323385164141655,0.0021989756923547557,0.010974296138844744,1.0015995328669027,0.9999411557880759,0.9918016003024194,0.040998184800726936,0,0,0,0
A032,2,126976,0.1507720947265625,0.002459477402100579,0.0018679723143577576,0.003469748091035137,0.00935824583871395,1.0007567707596223,0.9999565308645729,0.9921323714717742,0.040098323811957264,0,0,0,0
A032,3,126976,0.3511199951171875,0.0031116484816750252,0.0024429596960544586,0.004388786852136991,0.00937566539966893,1.0012663759864975,0.9999569048778539,0.9921796244959677,0.041857209045979324,0,0,0,0
A032,4,126976,0.44567108154296875,0.004018869616141919,0.003194652497768402,0.005632252892714291,0.010783736180105762,1.0024198280994816,0.9999449165933896,0.9909825478830645,0.04335095078535295,0,0,0,0
A032,5,126976,0.6224594116210938,0.005245874902215981,0.004148811101913452,0.00735259977091652,0.011730602826267268,1.0021977743154515,0.9999337571714251,0.9916362147177419,0.04363958023908903,0,0,0,0
A032,6,126976,0.8011970520019531,0.006401060623259567,0.0049616992473602295,0.00935792546151049,0.013700612034123523,1.001844939311883,0.9999080182162867,0.991455078125,0.04425277593786024,0,0,0,0
A032,7,126976,298.921875,0.05602344972112772,0.006692156195640564,0.9102665565728847,0.023544263943456434,0.9779741036480878,0.9999646247000434,0.9861076108870968,0.056775076945050545,0,0,0,0
A032,8,126976,298.060546875,0.05804723073357133,0.008367456495761871,0.9084921928963571,0.023497816949282525,0.9780188140767441,0.9999647374540257,0.9852649319556451,0.05961181681185986,0,0,0,0
A032,9,126976,297.078125,0.060161133503261376,0.010219067335128784,0.9068332125602876,0.02345400734670086,0.9780633971130339,0.9999647896472752,0.9849814138104839,0.06095047645398682,0,0,0,0
A032,10,126976,295.4150390625,0.06089538246947306,0.010881803929805756,0.9032179944814208,0.02336030606916742,0.9781618283460594,0.9999648329363995,0.984619140625,0.0633100953268356,0,0,0,0
A032,11,126976,294.6357421875,0.06148866655694878,0.011267334222793579,0.9025470068666512,0.02334229087277998,0.978179662729395,0.9999648656442136,0.9841151083669355,0.06430964559932094,0,0,0,0
A032,12,126976,293.669921875,0.062344481215661524,0.012056790292263031,0.9018511483338784,0.02332354773986299,0.9782031382436209,0.9999647901882267,0.9842253654233871,0.06422453379608392,0,0,0,0
A032,13,126976,291.806640625,0.0632276923063163,0.012886971235275269,0.8980062195986191,0.023222734441414636,0.978314366287625,0.9999647206011651,0.984406502016129,0.06462802818937324,0,0,0,0
A032,14,126976,287.4462890625,0.06461511586283655,0.014054477214813232,0.8864805822407317,0.022924467127224644,0.9786335412466571,0.9999647438849678,0.9833354334677419,0.067272208414224,0,0,0,0
A032,15,126976,285.1318359375,0.06577321885976611,0.014964550733566284,0.8808078412762902,0.0227759644845251,0.9787946764456942,0.9999647123074852,0.9836504536290323,0.06727490272214874,0,0,0,0
A032,16,126976,282.5302734375,0.06714849193607617,0.016331076622009277,0.8750704221235112,0.022626920044875314,0.9789548525460064,0.9999647178421047,0.9828707787298387,0.06923818679157683,0,0,0,0
A032,17,126976,342.26171875,0.09331866735757807,0.01799410581588745,1.350604765302414,0.0284452076743101,0.9734848663471728,0.999945516601914,0.9822328629032258,0.07297936819705354,0,0,0,0
A032,18,126976,361.359375,0.09522492765894376,0.019695401191711426,1.3932271770646163,0.029280772543241632,0.9728030824998378,0.9999395091764537,0.9818784652217742,0.07344013494542759,0,0,0,0
A032,19,126976,361.73046875,0.09705203116870889,0.021388020366430283,1.3930362082669583,0.02927603125027794,0.9728174683929028,0.9999392506893434,0.9812484248991935,0.07616940035646651,0,0,0,0
A032,20,126976,362.671875,0.10043117493981321,0.02441207692027092,1.3975454902152233,0.029366324440361108,0.9727355615033705,0.999938816154508,0.9809806577620968,0.07729175290619768,0,0,0,0
A032,21,126976,365.75,0.10283265420582666,0.026644766330718994,1.407839680540515,0.02958097513053895,0.9725359703909188,0.9999379142926424,0.9809727822580645,0.07735141378441933,0,0,0,0
A032,22,126976,366.4365234375,0.1072579694732282,0.030736982822418213,1.4102635221658901,0.029628158610088235,0.972508489825017,0.9999372526552726,0.9803506174395161,0.07855422260577445,0,0,0,0
A032,23,126976,369.16796875,0.11259991178669607,0.035298943519592285,1.4194277585447141,0.0298117052026937,0.9723613080036081,0.9999358055124201,0.9810121597782258,0.07634435801629909,0,0,0,0
A032,24,126976,371.888671875,0.12012569940998219,0.0421331524848938,1.4299080309294576,0.03001751237499473,0.9721874251320044,0.9999344201924969,0.9815161920362904,0.07475305480826168,0,0,0,0
A032,25,126976,371.89453125,0.1304817968512071,0.05165354907512665,1.430843161237865,0.03001502728729685,0.9722318611740881,0.9999332297498225,0.98193359375,0.07377021261667938,0,0,0,0
A032,26,126976,370.6513671875,0.1410954253106616,0.061396121978759766,1.4290914705527442,0.029952759804721726,0.9723341241782587,0.9999322418437966,0.9822171118951613,0.07317748143821658,0,0,0,0
A032,27,126976,369.9775390625,0.15375654771268302,0.07295775413513184,1.4283397898971226,0.02990600293385924,0.9724402768745407,0.9999306740599212,0.9818863407258065,0.07404812366672904,0,0,0,0
A032,28,126976,368.1083984375,0.1687172648576932,0.0862087607383728,1.4248115777851575,0.029792050932385055,0.9726250151433238,0.9999289672275015,0.9824376260080645,0.07322258938660875,0,0,0,0
A032,29,126976,362.67578125,0.18594708341798916,0.10100048780441284,1.413133720875843,0.02948897996089908,0.9730105619690382,0.9999274570187497,0.9823194934475806,0.07406043043029867,0,0,0,0
A032,30,126976,359.8984375,0.20893817450150304,0.12118089199066162,1.4110907903654824,0.029370774393127914,0.97326954807297,0.9999239032349658,0.9814610635080645,0.07602129982635975,0,0,0,0
A032,31,126976,355.7470703125,0.23721976748603787,0.1461467742919922,1.4069821847969566,0.029165157978923436,0.9737075839430073,0.9999181914054858,0.9815004410282258,0.07749576435150815,0,0,0,0
A032,32,126976,351.69921875,0.27049423873769785,0.17334765195846558,1.4119962615286847,0.029138999600509554,0.9740143755634674,0.9999107669123152,0.9807680191532258,0.08008686066043905,0,0,0,0
A032,33,126976,350.55078125,0.31030844216823633,0.20688819885253906,1.4214369489460636,0.02917788101097163,0.9743935005468273,0.999899601174507,0.9796969506048387,0.08324838674375921,0,0,0,0
A032,34,126976,313.5673828125,0.3684732165817085,0.2515871524810791,1.3208797380088533,0.026975373603528984,0.9774655381968455,0.9998875311692844,0.9781927293346774,0.08809371435103884,0,0,0,0
A032,35,126976,555.029296875,0.4954624790448912,0.3509697914123535,1.873802059257486,0.05814530133601091,0.9834210375175302,0.9984208116605376,0.9791141633064516,0.08906441860965837,0,0,0,0
A032,36,126976,329.82373046875,0.7291426805418122,0.43538427352905273,1.8626716970488,0.09767197213801693,0.9626094767260703,0.9957709937895468,0.9748928931451613,0.09957003477298468,0,0,0,0
A033,0,147456,0.0027260184288024902,0.00041095906864383223,0.0002238154411315918,0.0006391113708083745,0.028113480329533418,1.0006268007785564,0.9996052599748441,0.9766031901041666,0.07089278474881158,0,0,0,0
A033,1,147456,0.04532337188720703,0.0016232967783291012,0.0013014161959290504,0.002148330697567164,0.01081789897819744,1.0016004549565813,0.9999428587109419,0.9924045138888888,0.03894642817849855,0,0,0,0
A033,2,147456,0.24414443969726562,0.0023777634264021685,0.0018332242034375668,0.003366738014907445,0.00946672189839706,1.000907615751904,0.9999556427307821,0.9923909505208334,0.039187167843669934,0,0,0,0
A033,3,147456,0.3528327941894531,0.00310770972157136,0.002433091402053833,0.004413099164928451,0.009757500637157043,1.0015332439460432,0.9999536420871468,0.9923909505208334,0.04042300062945239,0,0,0,0
A033,4,147456,0.44567108154296875,0.004059553279374326,0.003215748816728592,0.005689510138658743,0.011187780741733905,1.0022842622822326,0.9999401623929142,0.9917670355902778,0.04193594224606824,0,0,0,0
A033,5,147456,0.6224594116210938,0.005275499260864396,0.004129424691200256,0.00739063941013166,0.012109105565762753,1.001733352346854,0.9999283112981573,0.9917466905381944,0.042814265726903916,0,0,0,0
A033,6,147456,0.8011970520019531,0.006652337397593694,0.005084671080112457,0.009542017587461083,0.013944784036164075,1.0013430588607546,0.9999038026014125,0.9916585286458334,0.043461182559918286,0,0,0,0
A033,7,147456,234.921875,0.04904234294551202,0.006684333086013794,0.6938671481346603,0.01942832950680944,0.9824555940661264,0.9999645511673638,0.9870944552951388,0.054051065301691875,0,0,0,0
A033,8,147456,234.060546875,0.05117965146676953,0.008419796824455261,0.6924202362981176,0.01938708166591309,0.9825006920983158,0.9999645633030887,0.9867078993055556,0.056063853858529064,0,0,0,0
A033,9,147456,233.078125,0.053206563411297085,0.010303005576133728,0.6911666940065867,0.019351117646795046,0.9825451619976737,0.9999644828618616,0.9858534071180556,0.05795202884649407,0,0,0,0
A033,10,147456,231.4150390625,0.05397118400438217,0.010975651443004608,0.6881359038494844,0.019266019417794628,0.9826441910746038,0.9999644045111192,0.98583984375,0.059603632959364355,0,0,0,0
A033,11,147456,230.6357421875,0.054148917091052025,0.011030346155166626,0.6878787090207328,0.01925823496565862,0.9826620247810828,0.9999642429301593,0.9849446614583334,0.061356716232641766,0,0,0,0
A033,12,147456,229.669921875,0.05487896611558401,0.01163560152053833,0.6877105160140866,0.01925276635856629,0.9826852825990714,0.9999639408592769,0.98516845703125,0.06139250004160432,0,0,0,0
A033,13,147456,227.806640625,0.05619177199151674,0.012483015656471252,0.68459876506699,0.019164278184961137,0.9827977545899806,0.9999636993924385,0.9852498372395834,0.061599357780681166,0,0,0,0
A033,14,147456,223.4462890625,0.057489503067977746,0.013793230056762695,0.6742086243703423,0.018873006415913732,0.9831180920962066,0.999963792978038,0.9845648871527778,0.06385392266077891,0,0,0,0
A033,15,147456,221.1318359375,0.059016834128846715,0.014646470546722412,0.6693316473854287,0.01873496990366326,0.9832786061685465,0.9999636959020681,0.9842597113715278,0.06507186013042573,0,0,0,0
A033,16,147456,218.5302734375,0.060440254910746366,0.01607007533311844,0.6645363775797409,0.018599957483264477,0.9834393241827339,0.9999635450641992,0.98370361328125,0.06751894602053532,0,0,0,0
A033,17,147456,470.26171875,0.08452044960092861,0.017359107732772827,1.4310709706802816,0.03244215824128378,0.9724321877584815,0.999849599096342,0.98291015625,0.07062522765709428,0,0,0,0
A033,18,147456,489.359375,0.08639347656875568,0.019087377935647964,1.476589041515906,0.03340197739090923,0.9717293246809316,0.999837166069507,0.9830796983506944,0.07059696510655472,0,0,0,0
A033,19,147456,489.73046875,0.08784408769976279,0.020604640245437622,1.4767271639577533,0.03340410213357237,0.9717450187276212,0.9998366392075445,0.9822048611111112,0.07290679074403866,0,0,0,0
A033,20,147456,490.671875,0.09118906368979493,0.023410260677337646,1.4807893690725618,0.033489637101434815,0.9716657969934743,0.9998359884982282,0.9818250868055556,0.07428638302015717,0,0,0,0
A033,21,147456,493.75,0.09367686360996193,0.02573613077402115,1.4905291955905786,0.033707547155498396,0.9714682086200154,0.999834201668654,0.9816080729166666,0.07485029610622757,0,0,0,0
A033,22,147456,494.4365234375,0.09756582845085246,0.029120445251464844,1.493042776772301,0.03375944927459281,0.9714425594233362,0.9998331486509984,0.9814927842881944,0.07554836065215267,0,0,0,0
A033,23,147456,497.16796875,0.10250776654151474,0.03314204514026642,1.5018984060591365,0.033948018274738256,0.9712979837609006,0.9998308128843633,0.9820692274305556,0.07399353319707619,0,0,0,0
A033,24,147456,499.888671875,0.10963599169487123,0.03941485285758972,1.5116006239900195,0.03414872542327647,0.9711303787413914,0.9998287148545135,0.9825914171006944,0.07234886270764135,0,0,0,0
A033,25,147456,499.89453125,0.12012945020844275,0.048844754695892334,1.512471292112124,0.034138547052890024,0.9711884290114365,0.9998273590571943,0.9832017686631944,0.07121791652343305,0,0,0,0
A033,26,147456,498.6513671875,0.13025486611372925,0.05744987726211548,1.5106043430328617,0.034064082915027355,0.9713018502309153,0.9998266357957665,0.9829169379340278,0.07134548361777454,0,0,0,0
A033,27,147456,497.9775390625,0.14360710144339667,0.06969431042671204,1.5099651145123343,0.03400708986166103,0.9714242059570782,0.9998250475160121,0.98284912109375,0.07200752738719673,0,0,0,0
A033,28,147456,496.1083984375,0.15803953862446937,0.08195973187685013,1.5065696891920057,0.033879438532714516,0.9716286973199342,0.9998235511464039,0.9827134874131944,0.07165978554100119,0,0,0,0
A033,29,147456,490.67578125,0.17550965885785294,0.09675049781799316,1.49489476748598,0.03353878525193958,0.9720421177667349,0.9998234608712239,0.98309326171875,0.07137951530443433,0,0,0,0
A033,30,147456,487.8984375,0.1979973981040454,0.11626195907592773,1.492170926933509,0.0333801603050613,0.972337530561773,0.9998205238018689,0.9823065863715278,0.0735143863549756,0,0,0,0
A033,31,147456,483.7470703125,0.2259155277080064,0.14016476273536682,1.487700512550303,0.03311535515764386,0.9728569772098461,0.9998150380428672,0.9820149739583334,0.07505672590118131,0,0,0,0
A033,32,147456,479.69921875,0.2583000594099379,0.1669694185256958,1.4897680936946278,0.03298830560568399,0.9732366708705409,0.9998089095223324,0.98193359375,0.07711976677508242,0,0,0,0
A033,33,147456,478.55078125,0.29872199741662875,0.20128262042999268,1.4988436184465288,0.03298423707983443,0.9736906053791075,0.9997967651899711,0.9805365668402778,0.08092288509284239,0,0,0,0
A033,34,147456,441.5673828125,0.35461715391183035,0.24514532089233398,1.406829218247295,0.03077078741778615,0.9768002342732962,0.999790841456523,0.97869873046875,0.08611180963378234,0,0,0,0
A033,35,147456,683.029296875,0.48654768077641264,0.34738051891326904,1.9926146649523966,0.06533321470597708,0.9892688698713479,0.9979008377214381,0.9794040256076388,0.08870458413506799,0,0,0,0
A033,36,147456,278.0806579589844,0.7019910057009232,0.4271879196166992,1.7696337409507685,0.09828904818647223,0.9716672108950564,0.9954418601576679,0.9761691623263888,0.09745851853171886,0,0,0,0
A034,0,131072,0.0027260184288024902,0.00045632873748502334,0.00022982805967330933,0.0007240476914743431,0.03175618614045656,1.0007315346727823,0.9994964082871942,0.9685745239257812,0.08686173592814071,0,0,0,0
A034,1,131072,0.047553062438964844,0.0016776147460415558,0.001354452222585678,0.0022143095434959074,0.011015755672011716,1.0016951338072209,0.9999408635470001,0.9911041259765625,0.04375647332102777,0,0,0,0
A034,2,131072,0.1507720947265625,0.0023877786907284815,0.0018433192744851112,0.0033527293386207144,0.009160937408494187,1.0004561221598913,0.9999581617199782,0.9916152954101562,0.041980182701562584,0,0,0,0
A034,3,131072,0.3511199951171875,0.0030506936829439724,0.0024102628231048584,0.004306473232066106,0.009291584893402219,1.0009415343899166,0.9999573166564237,0.9918060302734375,0.042882183644659386,0,0,0,0
A034,4,131072,0.44567108154296875,0.004129727783576342,0.0032475292682647705,0.005800041212890738,0.011113927686272087,1.0021673230170074,0.9999407174346908,0.9908447265625,0.04430272924302984,0,0,0,0
A034,5,131072,0.6224594116210938,0.005341292090431438,0.004183530807495117,0.007479520720252577,0.01198860609566694,1.0016537715874456,0.9999296205337352,0.9912185668945312,0.04481106479380099,0,0,0,0
A034,6,131072,0.8011970520019531,0.006469987685056466,0.004967734217643738,0.009437662130344696,0.01385265024406624,1.0016047828048273,0.999905491370357,0.991180419921875,0.0453239157688032,0,0,0,0
A034,7,131072,298.921875,0.05451825612330197,0.0066247135400772095,0.8959330135986764,0.02354431030502374,0.977974218448402,0.999964621002541,0.9861297607421875,0.057018369962658494,0,0,0,0
A034,8,131072,298.060546875,0.0566061041303918,0.008384153246879578,0.8941892176391942,0.023497892248627042,0.9780187892781751,0.999964736201346,0.985748291015625,0.059553800500998885,0,0,0,0
A034,9,131072,297.078125,0.05889682414231601,0.010432809591293335,0.8925623285570178,0.02345413065344296,0.9780636470893069,0.999964781092779,0.9852218627929688,0.06087087737634641,0,0,0,0
A034,10,131072,295.4150390625,0.05967547257937511,0.011087983846664429,0.8890070084301952,0.02336051438749948,0.9781622023777219,0.9999648196243478,0.9843215942382812,0.06364431486443788,0,0,0,0
A034,11,131072,294.6357421875,0.0602415869115589,0.011433839797973633,0.8883464000735478,0.023342487232093277,0.9781800522490551,0.9999648522834991,0.9840621948242188,0.06458011276678062,0,0,0,0
A034,12,131072,293.669921875,0.060954219240322516,0.012076228857040405,0.8876612410474688,0.0233237832057302,0.9782030428525945,0.999964786696052,0.98431396484375,0.064806613720312,0,0,0,0
A034,13,131072,291.806640625,0.06182055222976501,0.012876689434051514,0.8838770585455885,0.023223019257620662,0.9783142679177033,0.999964716017256,0.9839935302734375,0.06555614925395062,0,0,0,0
A034,14,131072,287.4462890625,0.06311147401057582,0.014008522033691406,0.8725311150725394,0.022924690987187333,0.9786337699667151,0.9999647336556634,0.983489990234375,0.06725728998242589,0,0,0,0
A034,15,131072,285.1318359375,0.06431009593615045,0.014869660139083862,0.8669498392765475,0.022776193091394538,0.9787952361856053,0.9999646948816482,0.9833297729492188,0.06801611755464539,0,0,0,0
A034,16,131072,282.5302734375,0.06585077003446216,0.016383059322834015,0.8613114797614286,0.022627393807298557,0.9789554852490768,0.9999646933132036,0.9828033447265625,0.07003268210528717,0,0,0,0
A034,17,131072,342.26171875,0.09134121367915782,0.017998263239860535,1.329355537410194,0.028445366446454894,0.9734855610363649,0.9999454930802442,0.9819259643554688,0.07373711471160825,0,0,0,0
A034,18,131072,361.359375,0.09331725071952945,0.019736051559448242,1.3713131225686601,0.0292810544136392,0.9728036536591804,0.9999394847599303,0.982391357421875,0.07320510197400242,0,0,0,0
A034,19,131072,361.73046875,0.09533901026505731,0.02134007215499878,1.371142967944349,0.02927662881869991,0.9728178076690087,0.9999392232470785,0.9810104370117188,0.07615104914060315,0,0,0,0
A034,20,131072,362.671875,0.09895465040649576,0.024496883153915405,1.3755950790608968,0.02936693678556655,0.9727362383598868,0.9999387787394455,0.9812698364257812,0.07667633824606991,0,0,0,0
A034,21,131072,365.75,0.10174010762858998,0.026969581842422485,1.3857518165675988,0.02958176128099618,0.9725373870810345,0.999937850465311,0.9804534912109375,0.07772849775071675,0,0,0,0
A034,22,131072,366.4365234375,0.10596263872854728,0.03080078959465027,1.388142301526736,0.02962870869907666,0.9725100903907387,0.9999371907551109,0.980560302734375,0.07800761465522775,0,0,0,0
A034,23,131072,369.16796875,0.1113705982411588,0.035290561616420746,1.3971831742417655,0.02981280989184557,0.9723624683908244,0.9999357387372189,0.9814605712890625,0.0764178448379024,0,0,0,0
A034,24,131072,371.888671875,0.11873793963850687,0.04167836904525757,1.4075281032571283,0.03001918161127434,0.9721883759399153,0.9999343415150238,0.9817047119140625,0.07484896158615817,0,0,0,0
A034,25,131072,371.89453125,0.12913443456165652,0.05129505693912506,1.4084937426777824,0.030016963080528904,0.9722336132452299,0.999933120066314,0.9817276000976562,0.07417413586963593,0,0,0,0
A034,26,131072,370.6513671875,0.1396163908718293,0.06079661846160889,1.4068055912545556,0.029955850613313042,0.9723333596406396,0.9999321683268982,0.9818115234375,0.07427795836265025,0,0,0,0
A034,27,131072,369.9775390625,0.15245270076400175,0.07209539413452148,1.4061820828730711,0.029911104634519976,0.9724413549154338,0.9999304866762003,0.9814987182617188,0.07497558715363274,0,0,0,0
A034,28,131072,368.1083984375,0.1679055769364055,0.08531379699707031,1.4028830216530213,0.029801235160936624,0.9726266682525689,0.9999286394612183,0.9822235107421875,0.07455424289314716,0,0,0,0
A034,29,131072,362.67578125,0.18554823686393718,0.09979060292243958,1.3916101268306829,0.02949849531576078,0.9730206037136949,0.9999268908585407,0.9818496704101562,0.07519397857333557,0,0,0,0
A034,30,131072,359.8984375,0.208947526556031,0.11967265605926514,1.3899330812964785,0.02939106443575183,0.97327081019516,0.9999232561587803,0.9810867309570312,0.0773778766457799,0,0,0,0
A034,31,131072,355.7470703125,0.2379662185126321,0.14361286163330078,1.3866169775479245,0.029200696940870054,0.9737102183859063,0.9999170553613049,0.9811172485351562,0.07920720160453686,0,0,0,0
A034,32,131072,351.69921875,0.27141065924730867,0.17036151885986328,1.3921907747243016,0.029187976647199576,0.9740072584322046,0.9999094897060462,0.9801483154296875,0.08176260522782507,0,0,0,0
A034,33,131072,350.55078125,0.3121688711523234,0.20389044284820557,1.4024582277648623,0.02924276874037987,0.974389668695447,0.9998977562773523,0.979888916015625,0.08442788259241876,0,0,0,0
A034,34,131072,313.5673828125,0.3711630156521437,0.2506117820739746,1.3052589605268106,0.027080392059799667,0.9774765162416986,0.9998843755784694,0.977783203125,0.09007887382565667,0,0,0,0
A034,35,131072,555.029296875,0.5004018278909257,0.35509371757507324,1.8512467022783419,0.05815691398379518,0.9836610985744046,0.9984164937757334,0.978424072265625,0.09100535559113705,0,0,0,0
A034,36,131072,329.82373046875,0.727825964484623,0.4385204315185547,1.8390475452967037,0.09784449833796298,0.9631966870683147,0.9957334456593299,0.9750289916992188,0.10012519125515205,0,0,0,0
A035,0,122880,0.0027260184288024902,0.00041982865951316247,0.00021828711032867432,0.0006631011622470128,0.029356883357998922,1.0006892081181524,0.9995696208244893,0.9737060546875,0.0763299787231751,0,0,0,0
A035,1,122880,0.04532337188720703,0.0016773146513529014,0.0013403017073869705,0.002218504153684346,0.010865517139731079,1.0014195388613556,0.9999420600619262,0.9919026692708334,0.040629952991738154,0,0,0,0
A035,2,122880,0.1507720947265625,0.0024157725205848617,0.001849386841058731,0.0034058373884516225,0.00911702565586878,1.0005479138905151,0.9999586127030858,0.9923990885416667,0.039462569866121476,0,0,0,0
A035,3,122880,0.3511199951171875,0.003068573028979434,0.00241793692111969,0.004338792554046805,0.009154717110513244,1.001134007343744,0.999958785301411,0.9920735677083333,0.041378523827775134,0,0,0,0
A035,4,122880,0.44567108154296875,0.003989318152673604,0.003164641559123993,0.005607152667831808,0.010614765567735211,1.0021959500279394,0.9999461926325235,0.9913818359375,0.04300764205479034,0,0,0,0
A035,5,122880,0.6224594116210938,0.0051863951023259835,0.00409315899014473,0.007276776761485423,0.011588273903896492,1.0016888144471694,0.9999343927994707,0.9917724609375,0.043701727172053485,0,0,0,0
A035,6,122880,0.8011970520019531,0.006367942043704033,0.00492829829454422,0.009311615779443127,0.013615538810346944,1.0016159905602646,0.9999087617044221,0.9911946614583333,0.044906727982212326,0,0,0,0
A035,7,122880,298.921875,0.05753033596226184,0.006643680855631828,0.9253093329239334,0.023544326029179243,0.9779738196843047,0.9999646295905494,0.9861165364583333,0.056947151267115075,0,0,0,0
A035,8,122880,298.060546875,0.05963038535138215,0.00838278979063034,0.923505593442666,0.023497866299669868,0.9780184967144296,0.9999647433897334,0.9853678385416667,0.0592816422540877,0,0,0,0
A035,9,122880,297.078125,0.06184738769383481,0.010325223207473755,0.9218213153371219,0.023454124849575052,0.9780630045832389,0.9999647956193912,0.9845133463541667,0.06161305831393176,0,0,0,0
A035,10,122880,295.4150390625,0.0626393251886346,0.011032700538635254,0.9181469781450755,0.02336038876094611,0.9781614379257955,0.9999648396640243,0.984033203125,0.06367185675922592,0,0,0,0
A035,11,122880,294.6357421875,0.06320420195721302,0.011339887976646423,0.9174641361619998,0.023342157253620995,0.9781799095800093,0.9999648633351378,0.9840250651041667,0.06361544495257004,0,0,0,0
A035,12,122880,293.669921875,0.06402625188657869,0.012117922306060791,0.9167553966091808,0.023323364976597528,0.978203295552488,0.9999647910463139,0.9845296223958333,0.06333364640695842,0,0,0,0
A035,13,122880,291.806640625,0.06486153339939164,0.012938737869262695,0.9128444603769177,0.02322265129574984,0.9783141772978986,0.999964726757243,0.9841634114583333,0.06414447011381215,0,0,0,0
A035,14,122880,287.4462890625,0.06632343125023302,0.014198273420333862,0.9011288506824471,0.02292441790114896,0.9786332243395085,0.9999647519457415,0.9836100260416667,0.06644178829078978,0,0,0,0
A035,15,122880,285.1318359375,0.06757543874627268,0.015223205089569092,0.8953631294303361,0.022776048171558923,0.9787942293452075,0.9999647200304332,0.9835774739583333,0.06713880053415537,0,0,0,0
A035,16,122880,282.5302734375,0.06908962584151747,0.01669555902481079,0.8895343640435881,0.022627103315566548,0.9789544646928205,0.99996472193009,0.9827718098958333,0.0693758500158091,0,0,0,0
A035,17,122880,342.26171875,0.09624649641920466,0.018530741333961487,1.3729337463393239,0.028445401845692515,0.9734846399748662,0.9999455170813466,0.9817545572916667,0.07355877454814377,0,0,0,0
A035,18,122880,361.359375,0.09820282280596378,0.020258456468582153,1.4162610516457226,0.029280980967805768,0.9728030333872145,0.999939504272983,0.982275390625,0.07355061171891115,0,0,0,0
A035,19,122880,361.73046875,0.09995405064682927,0.02191910147666931,1.4160665900098728,0.029276364076725757,0.9728170557310424,0.999939252178131,0.9808756510416666,0.07711844261941801,0,0,0,0
A035,20,122880,362.671875,0.10348573628493606,0.02517339587211609,1.420648731928953,0.029366530371471553,0.972734550685069,0.9999388382063591,0.9809326171875,0.07743947824662945,0,0,0,0
A035,21,122880,365.75,0.10595497478046051,0.02747771143913269,1.4311159349484823,0.02958125729936811,0.9725351849854714,0.9999379278397869,0.9804768880208333,0.07802417937267811,0,0,0,0
A035,22,122880,366.4365234375,0.11024075219152678,0.03142230212688446,1.4335686580235407,0.029628193125336794,0.9725074295328273,0.9999372815089759,0.980419921875,0.07837453716086015,0,0,0,0
A035,23,122880,369.16796875,0.11539280746905357,0.0355525016784668,1.4428710673862244,0.02981153637556545,0.9723597351453296,0.999935855293403,0.9812255859375,0.0765053268421311,0,0,0,0
A035,24,122880,371.888671875,0.12244917083714123,0.042007267475128174,1.4534923541450708,0.030016956151632825,0.9721857362321301,0.9999344855705498,0.9813232421875,0.07471150149028756,0,0,0,0
A035,25,122880,371.89453125,0.13322979162499754,0.05174833536148071,1.4544675193486316,0.030015361471315196,0.972229938744937,0.9999332742096433,0.9816650390625,0.07393845746956297,0,0,0,0
A035,26,122880,370.6513671875,0.1437315894104131,0.06128811836242676,1.452662959755569,0.029953632929546378,0.9723285027187586,0.9999323745197616,0.9816650390625,0.07418840811773975,0,0,0,0
A035,27,122880,369.9775390625,0.15648946807268657,0.07293689250946045,1.4518907156487408,0.029908582031776324,0.9724326864653038,0.9999308093477811,0.9814046223958334,0.07512958352133879,0,0,0,0
A035,28,122880,368.1083984375,0.17172383337733663,0.08639079332351685,1.4482846818875514,0.029795900375790125,0.972617132978615,0.9999290706135981,0.9818522135416666,0.07457847735774312,0,0,0,0
A035,29,122880,362.67578125,0.1895167946975107,0.10120773315429688,1.4364729725244891,0.029494279721023062,0.9729998156659114,0.9999275937261662,0.9817952473958333,0.07466503080100657,0,0,0,0
A035,30,122880,359.8984375,0.21222096550756456,0.12100288271903992,1.4342808715808464,0.029381356929908797,0.9732434301148094,0.9999242994617462,0.9809895833333333,0.07743586404680446,0,0,0,0
A035,31,122880,355.7470703125,0.23978196755963382,0.14473462104797363,1.4298713542411758,0.029180062753095128,0.9736596391762081,0.999919036669694,0.9810546875,0.07869585039473109,0,0,0,0
A035,32,122880,351.69921875,0.2726716888721209,0.1714763343334198,1.4346660487510667,0.02915424594248828,0.9739519962658881,0.9999119712477614,0.9800537109375,0.08127798407593273,0,0,0,0
A035,33,122880,350.55078125,0.3125827732037578,0.2050243616104126,1.4440014008150523,0.029195945732364687,0.974320309404056,0.9999009787970948,0.9793375651041667,0.08415915051245468,0,0,0,0
A035,34,122880,313.5673828125,0.3702393215700795,0.2498546838760376,1.3409269027550386,0.02698403460687687,0.9773827675926946,0.9998891944235765,0.9779866536458334,0.08888086762390772,0,0,0,0
A035,35,122880,555.029296875,0.5029331507523845,0.356748104095459,1.9036243921004887,0.05843755134246905,0.983164054506549,0.9984074385490944,0.9790364583333333,0.09014667654272289,0,0,0,0
A035,36,122880,329.82373046875,0.7451285458280229,0.4473496675491333,1.8916282310513326,0.09781822576220309,0.9630492433958627,0.9957411072518361,0.9740966796875,0.10115319019130745,0,0,0,0
A036,0,131072,0.0027260184288024902,0.00041669666300947483,0.00022067874670028687,0.0006532793156536522,0.029088958756113257,1.0007151434998522,0.9995774741209915,0.9743804931640625,0.07487798609335747,0,0,0,0
A036,1,131072,0.04532337188720703,0.0016392494281149972,0.0013051638379693031,0.0021752745735402522,0.010892969685094919,1.0012187432178226,0.9999414855872791,0.9918670654296875,0.04058429828484616,0,0,0,0
A036,2,131072,0.1507720947265625,0.002413640623294633,0.0018524928018450737,0.003388340836924713,0.009193261368384185,1.000538873995833,0.999957909846587,0.9921340942382812,0.0397783296070428,0,0,0,0
A036,3,131072,0.3511199951171875,0.00306493783356121,0.0024171099066734314,0.004306813292030949,0.00926564350135262,1.001072305909052,0.9999576942099823,0.9922256469726562,0.041392450514912034,0,0,0,0
A036,4,131072,0.44567108154296875,0.004125459012581878,0.0032868757843971252,0.005733565408022807,0.010847322518013399,1.0017416301448234,0.9999427840838406,0.9912872314453125,0.042164189771461136,0,0,0,0
A036,5,131072,0.6224594116210938,0.00533631014759095,0.0042055100202560425,0.007446532542566202,0.011838222579470585,1.0012790747642715,0.9999308347267614,0.9917831420898438,0.0431037478071169,0,0,0,0
A036,6,131072,0.8011970520019531,0.006584583888288975,0.00506216287612915,0.009575776486531955,0.013805202508116537,1.0011505971891115,0.9999054788845305,0.9914703369140625,0.04405574719830975,0,0,0,0
A036,7,131072,298.921875,0.05465984103834387,0.006740465760231018,0.8959350950190335,0.023544119247566386,0.977974524209728,0.9999646187269494,0.9867172241210938,0.05546540472240957,0,0,0,0
A036,8,131072,298.060546875,0.05670593294495063,0.008424047380685806,0.8941911822997556,0.02349771998889511,0.9780191668716589,0.9999647318672286,0.985931396484375,0.05841019418022386,0,0,0,0
A036,9,131072,297.078125,0.05885528994899403,0.01034247875213623,0.892561482421462,0.023453908757618207,0.9780639107238875,0.9999647805104933,0.9852142333984375,0.06021476428187619,0,0,0,0
A036,10,131072,295.4150390625,0.059664265011956985,0.01107795536518097,0.8890054675628998,0.02336029835193668,0.9781624065890945,0.9999648202319735,0.984405517578125,0.0633532553129386,0,0,0,0
A036,11,131072,294.6357421875,0.060024728494575186,0.011274334043264389,0.8883400867944462,0.023342157030172943,0.9781803364164593,0.9999648538345322,0.9837722778320312,0.06428867349821976,0,0,0,0
A036,12,131072,293.669921875,0.0606813027597255,0.011879593133926392,0.8876526808634053,0.023323337774060236,0.9782036158234824,0.9999647845700842,0.9845123291015625,0.06398994754566412,0,0,0,0
A036,13,131072,291.806640625,0.06141179404607655,0.012499049305915833,0.8838668093818115,0.02322257615086427,0.9783145816071459,0.9999647195935195,0.9838943481445312,0.06516366414191395,0,0,0,0
A036,14,131072,287.4462890625,0.06266186717497035,0.013525158166885376,0.872517891746617,0.02292418926335666,0.9786338380009668,0.9999647439255962,0.9834518432617188,0.0667876357246805,0,0,0,0
A036,15,131072,285.1318359375,0.06383773820185468,0.014492470771074295,0.8669346539532353,0.02277574259068535,0.9787950266129747,0.9999647098972035,0.9833297729492188,0.06727494188136071,0,0,0,0
A036,16,131072,282.5302734375,0.06533988766135934,0.01598033308982849,0.8612884545602675,0.02262666119546164,0.9789557581831625,0.9999647043890226,0.9830169677734375,0.06949867365242252,0,0,0,0
A036,17,131072,342.26171875,0.09080659144925107,0.017633676528930664,1.329335897340151,0.028445042279365902,0.9734856112573352,0.9999455011873565,0.982147216796875,0.07304431957111557,0,0,0,0
A036,18,131072,361.359375,0.09274730986806645,0.019377224147319794,1.3712905314454316,0.029280658668135933,0.9728038739520019,0.9999394905267269,0.9819793701171875,0.07358048922617476,0,0,0,0
A036,19,131072,361.73046875,0.09448536597590618,0.020954348146915436,1.3711027089239485,0.029276080503995536,0.9728176998755972,0.9999392427534786,0.98089599609375,0.07649390540841294,0,0,0,0
A036,20,131072,362.671875,0.09793656927106831,0.02398182451725006,1.3755430878352939,0.02936626394925442,0.9727362587556112,0.9999387984817963,0.9813079833984375,0.07679202553638123,0,0,0,0
A036,21,131072,365.75,0.10038791513299472,0.026211947202682495,1.3856782768655658,0.029580825772981045,0.9725369031542981,0.9999378925546867,0.9807205200195312,0.0779994127532902,0,0,0,0
A036,22,131072,366.4365234375,0.10459066468090406,0.029979810118675232,1.388063418282135,0.029628021069376898,0.9725098485814759,0.9999372185239805,0.980499267578125,0.07856076044259237,0,0,0,0
A036,23,131072,369.16796875,0.10984686873057825,0.034122198820114136,1.3970900113053215,0.02981158320489279,0.9723625767477372,0.9999357732742169,0.9813613891601562,0.07648784937458006,0,0,0,0
A036,24,131072,371.888671875,0.11713142717640324,0.040397584438323975,1.4074107929718933,0.030017520334791048,0.9721887225916499,0.999934382917123,0.981689453125,0.07496056285929231,0,0,0,0
A036,25,131072,371.89453125,0.12793721275286174,0.050164610147476196,1.4084013306616,0.030016145993066387,0.9722346895567247,0.9999331146287713,0.9815292358398438,0.07478738543961437,0,0,0,0
A036,26,131072,370.6513671875,0.13871248930622215,0.05982542037963867,1.4067296719327937,0.029954251518976793,0.9723383750639041,0.999932075245952,0.9817657470703125,0.07432847129226217,0,0,0,0
A036,27,131072,369.9775390625,0.1517358204814485,0.07126331329345703,1.406125694521962,0.029909136243560466,0.9724457776890364,0.9999304222061633,0.9813232421875,0.07518260172782576,0,0,0,0
A036,28,131072,368.1083984375,0.16697920493827212,0.08464881777763367,1.4027762993714403,0.02979678630829362,0.9726335440955269,0.9999285827810628,0.982269287109375,0.07416893300786138,0,0,0,0
A036,29,131072,362.67578125,0.18452738095017196,0.09912502765655518,1.39147053222122,0.029494926268122324,0.97302009161103,0.999927013213752,0.9820175170898438,0.07451107411023081,0,0,0,0
A036,30,131072,359.8984375,0.20864029867226463,0.11957287788391113,1.389988858057169,0.029384255326226082,0.9732871409732867,0.9999230146904301,0.98101806640625,0.07700493716462914,0,0,0,0
A036,31,131072,355.7470703125,0.23739021248842818,0.14365601539611816,1.3865197872318644,0.029182752301151554,0.9737373706850556,0.9999168629354229,0.9811782836914062,0.07770990266289242,0,0,0,0
A036,32,131072,351.69921875,0.27145156078439925,0.17160701751708984,1.3921736645828704,0.02916239301863314,0.9740477593432593,0.9999091798272871,0.9803314208984375,0.08068107424240434,0,0,0,0
A036,33,131072,350.55078125,0.31260278584170464,0.2062358856201172,1.4024586679977817,0.02921063957866642,0.9744420914533719,0.9998973490692414,0.9799575805664062,0.0835726528338388,0,0,0,0
A036,34,131072,313.5673828125,0.3711439360001805,0.25261592864990234,1.3049254573371236,0.02703775850894407,0.9775173894770633,0.9998846196437573,0.9780502319335938,0.08823762644660152,0,0,0,0
A036,35,131072,555.029296875,0.4985565601683106,0.354461669921875,1.8496372099215515,0.05797363762286692,0.9837628847669851,0.998425789996707,0.9785308837890625,0.08972566267237715,0,0,0,0
A036,36,131072,329.82373046875,0.7282358028255658,0.4411294460296631,1.8383987306602545,0.09637599076543338,0.9641882979678523,0.9958483972422958,0.97613525390625,0.09781096244263382,0,0,0,0
A037,0,131072,0.0027260184288024902,0.00042564431444702677,0.00022286176681518555,0.0006627959272621708,0.029681431933201975,1.0007316357132594,0.9995600957942333,0.9741668701171875,0.076496802013486,0,0,0,0
A037,1,131072,0.04532337188720703,0.0017170910715984533,0.0013582706451416016,0.0022829950758809967,0.011342080535574154,1.001340963200042,0.9999366626287981,0.9920272827148438,0.04066778992426661,0,0,0,0
A037,2,131072,0.1507720947265625,0.002464614250230479,0.0018927454948425293,0.0034500080844266116,0.00940746101527582,1.000555925104027,0.9999559288652345,0.9920120239257812,0.040225056604444726,0,0,0,0
A037,3,131072,0.3511199951171875,0.0031736653471927667,0.0024990886449813843,0.0044406189517805705,0.009489168181209871,1.0010569888882028,0.9999555834042173,0.9922714233398438,0.04129979902235312,0,0,0,0
A037,4,131072,0.44567108154296875,0.004014380146456276,0.0032058320939540863,0.005586218727051695,0.010741608015902689,1.0020875044203252,0.9999446034066019,0.9913406372070312,0.04264866244842769,0,0,0,0
A037,5,131072,0.6224594116210938,0.005213114633979998,0.004114428535103798,0.0072967870452012125,0.011717582927928405,1.0016531777331317,0.9999328266729207,0.99163818359375,0.04323389708016475,0,0,0,0
A037,6,131072,0.8011970520019531,0.0064076128796131115,0.00494660809636116,0.009322581336660009,0.013688205118757188,1.001535187684583,0.9999076367159032,0.9913330078125,0.04431409800320078,0,0,0,0
A037,7,131072,298.921875,0.05458173357013152,0.00675780326128006,0.8959331805407401,0.02354422171547147,0.9779743345692685,0.9999646205242438,0.9866104125976562,0.056296534430196554,0,0,0,0
A037,8,131072,298.060546875,0.05668479245558444,0.008482221513986588,0.8941894433997689,0.023497773056791696,0.978019141307358,0.9999647311658593,0.9857025146484375,0.059249736835087725,0,0,0,0
A037,9,131072,297.078125,0.05898107071259062,0.01056130975484848,0.892562731973228,0.02345396989467939,0.9780637055960587,0.9999647836376858,0.9851608276367188,0.06029696155369887,0,0,0,0
A037,10,131072,295.4150390625,0.05967421964745867,0.011124327778816223,0.889005153118892,0.023360138436040376,0.9781624600296566,0.9999648228599002,0.9845962524414062,0.06223981127034011,0,0,0,0
A037,11,131072,294.6357421875,0.06013668532818883,0.011364385485649109,0.8883428134721908,0.02334209107887401,0.9781803596236106,0.9999648548914809,0.983856201171875,0.06374593856196908,0,0,0,0
A037,12,131072,293.669921875,0.060801172025421124,0.01200246810913086,0.8876542310597839,0.023323402996238973,0.9782034053676674,0.9999647876968218,0.984405517578125,0.0638969844515125,0,0,0,0
A037,13,131072,291.806640625,0.061763352977830976,0.012930653989315033,0.8838720047613688,0.0232225849522433,0.9783145688414971,0.999964719667102,0.98455810546875,0.06365132501631916,0,0,0,0
A037,14,131072,287.4462890625,0.06340696862773143,0.014297187328338623,0.872538204332916,0.022924550923745252,0.9786336066070728,0.9999647404973795,0.9835357666015625,0.06624904768154109,0,0,0,0
A037,15,131072,285.1318359375,0.06474609324261849,0.015366822481155396,0.8669626170256778,0.02277617768927046,0.9787948406143928,0.999964703795578,0.9835968017578125,0.06688551431743124,0,0,0,0
A037,16,131072,282.5302734375,0.06630012063885005,0.016887232661247253,0.8613240246898769,0.022627295232046284,0.9789550458227307,0.9999647050222124,0.9830398559570312,0.06914440005258744,0,0,0,0
A037,17,131072,342.26171875,0.09183567851917118,0.018659114837646484,1.3293635058526798,0.028445235262939968,0.9734852006036075,0.9999455067102879,0.9819183349609375,0.07312346632594921,0,0,0,0
A037,18,131072,361.359375,0.09383910057209022,0.020564913749694824,1.3713195170282155,0.02928089478016571,0.9728035732072944,0.9999394918089947,0.9819793701171875,0.07358723561505455,0,0,0,0
A037,19,131072,361.73046875,0.09581158059299355,0.022350367158651352,1.3711394335749287,0.029276160677415515,0.9728182509707917,0.9999392249767083,0.9813690185546875,0.07626869199560363,0,0,0,0
A037,20,131072,362.671875,0.09933876226997818,0.025582700967788696,1.3755863673313324,0.02936618897697009,0.9727367416357896,0.9999387872415532,0.9813766479492188,0.07693472741307052,0,0,0,0
A037,21,131072,365.75,0.10173410097502611,0.02767622470855713,1.3857266415060938,0.02958091872694605,0.9725372855530862,0.9999378789534691,0.9807968139648438,0.07754121005644934,0,0,0,0
A037,22,131072,366.4365234375,0.10613632595010536,0.03194069862365723,1.3881158485494445,0.02962789569777839,0.9725102569105251,0.999937210827606,0.9804611206054688,0.07818006997622089,0,0,0,0
A037,23,131072,369.16796875,0.11137633968190386,0.03624856472015381,1.3971439446843492,0.02981134393906815,0.9723628829130663,0.9999357719279656,0.981689453125,0.07586266985187085,0,0,0,0
A037,24,131072,371.888671875,0.11880131896903379,0.043180227279663086,1.407468195571701,0.030015977828053195,0.9721908408982872,0.9999343700898726,0.981842041015625,0.07383442152277597,0,0,0,0
A037,25,131072,371.89453125,0.12919488527355583,0.05273798108100891,1.40842471516899,0.030013631380925797,0.9722363213113537,0.9999331457735666,0.981964111328125,0.07364327479779574,0,0,0,0
A037,26,131072,370.6513671875,0.1394537967515035,0.0619281530380249,1.4066994304046687,0.02995135924774488,0.9723362541483185,0.9999322245336021,0.9820022583007812,0.07346070354477016,0,0,0,0
A037,27,131072,369.9775390625,0.15259824626434693,0.07408773899078369,1.406050409816732,0.02990580424147502,0.9724427777975999,0.9999306094739461,0.98223876953125,0.0738653333445107,0,0,0,0
A037,28,131072,368.1083984375,0.1679128117468025,0.08778911828994751,1.4026711233406888,0.029794616522226428,0.9726264989945002,0.9999288469846594,0.9822769165039062,0.07391369558767173,0,0,0,0
A037,29,131072,362.67578125,0.18520994275390024,0.10266327857971191,1.391294858361466,0.02949251531405513,0.9730125236838424,0.9999272956009337,0.9821395874023438,0.07428560702376832,0,0,0,0
A037,30,131072,359.8984375,0.20854176274305303,0.12220096588134766,1.38952497370788,0.029379307916560682,0.9732723728480778,0.9999235683223752,0.9814987182617188,0.07586184581436066,0,0,0,0
A037,31,131072,355.7470703125,0.23717491891095932,0.14742612838745117,1.3858150331610857,0.0291791687737932,0.973710909783629,0.9999176821249951,0.981170654296875,0.07759989127418644,0,0,0,0
A037,32,131072,351.69921875,0.2704501250291429,0.17441806197166443,1.3910681543763719,0.029156488274138328,0.9740181216844334,0.9999101439676646,0.9807205200195312,0.08003882010859822,0,0,0,0
A037,33,131072,350.55078125,0.30984037692968514,0.20708441734313965,1.4007639306556916,0.02919930794888036,0.9743957869518496,0.9998988994710788,0.9802474975585938,0.08255955249693968,0,0,0,0
A037,34,131072,313.5673828125,0.36679503382396206,0.25067901611328125,1.3023155929337757,0.02700382878635056,0.9774689789263552,0.9998866665524552,0.9783477783203125,0.0879516729642123,0,0,0,0
A037,35,131072,555.029296875,0.49478184695641403,0.35300683975219727,1.8475401214599845,0.05800924976623275,0.9834174850431783,0.9984289005925024,0.9790191650390625,0.08903909608036457,0,0,0,0
A037,36,131072,329.82373046875,0.7279203645289272,0.4387335777282715,1.840741768884638,0.09765183710722519,0.9627432269659373,0.995768438600611,0.97528076171875,0.09880468566600409,0,0,0,0
A038,0,131072,0.0027260184288024902,0.00040564297422918116,0.00021204352378845215,0.0006447219245248337,0.028508829120703915,1.000670491975837,0.999594120249944,0.97503662109375,0.07320550881726685,0,0,0,0
A038,1,131072,0.04532337188720703,0.0016800057633812315,0.0013394169509410858,0.0022238231394616733,0.01093472701577933,1.0014808920148532,0.9999413991746195,0.9923477172851562,0.039711266712598114,0,0,0,0
A038,2,131072,0.1507720947265625,0.0024331761078162373,0.0018720217049121857,0.003407148721033536,0.00925254842832597,1.000566976260108,0.9999573800693196,0.992218017578125,0.03979227182813779,0,0,0,0
A038,3,131072,0.3511199951171875,0.003094479081047652,0.0024511776864528656,0.004340234327138523,0.00933930924542314,1.001167977701864,0.9999571208192921,0.992156982421875,0.04138097288485983,0,0,0,0
A038,4,131072,0.44567108154296875,0.004072006908069525,0.0032406486570835114,0.0056757260005177055,0.010745852909516945,1.0021397259463936,0.999944670925243,0.9917449951171875,0.041675921700020775,0,0,0,0
A038,5,131072,0.6224594116210938,0.0052364786923995155,0.0041404105722904205,0.007313940734971687,0.011699296951409487,1.0017348163418407,0.9999331839328964,0.9918289184570312,0.042799273185526954,0,0,0,0
A038,6,131072,0.8011970520019531,0.0064445557593213465,0.004990820772945881,0.009383299059664943,0.013628615801474725,1.0017165881925745,0.9999087603740437,0.9914321899414062,0.04366582516852285,0,0,0,0
A038,7,131072,298.921875,0.054420786721930625,0.00659073144197464,0.8959315878028901,0.023544022891950345,0.977974571111612,0.9999646199920414,0.9866561889648438,0.05518084759200261,0,0,0,0
A038,8,131072,298.060546875,0.056387656423126487,0.00819462537765503,0.8941851881667684,0.023497523679680533,0.9780193395011778,0.9999647327101182,0.9860610961914062,0.05744521291550813,0,0,0,0
A038,9,131072,297.078125,0.0583075060592293,0.00984690710902214,0.8925491851337433,0.02345369461408742,0.9780637926858021,0.9999647882887428,0.9856109619140625,0.0593359946218509,0,0,0,0
A038,10,131072,295.4150390625,0.059247258183734886,0.010698571801185608,0.8889955073559276,0.023359958276723575,0.9781627855064549,0.9999648199078551,0.9850387573242188,0.06162068526415064,0,0,0,0
A038,11,131072,294.6357421875,0.059644324717091024,0.010925553739070892,0.8883318001572363,0.023341931654667306,0.9781807040328626,0.9999648510256921,0.984619140625,0.06280749220582332,0,0,0,0
A038,12,131072,293.669921875,0.06038841699216846,0.011609219014644623,0.8876445424679824,0.023323138668600793,0.9782039634240357,0.9999647815846647,0.9844131469726562,0.0630245162931309,0,0,0,0
A038,13,131072,291.806640625,0.061302499365684326,0.012471314519643784,0.8838607148523668,0.023222263649776233,0.9783154279275007,0.9999647082826855,0.9844512939453125,0.06362984330013972,0,0,0,0
A038,14,131072,287.4462890625,0.06265335510267533,0.013608098030090332,0.8725151426701797,0.022923910085903484,0.9786348078472819,0.9999647293263279,0.9842300415039062,0.06531519008617812,0,0,0,0
A038,15,131072,285.1318359375,0.06400932368437395,0.01467052847146988,0.8669373451306496,0.022775390667981052,0.978796418625675,0.9999646879802244,0.9833984375,0.06681343188504546,0,0,0,0
A038,16,131072,282.5302734375,0.06550230788615607,0.01614058017730713,0.8612955618268404,0.022626384144553164,0.9789568151138481,0.9999646881107334,0.9831695556640625,0.0684214649000883,0,0,0,0
A038,17,131072,342.26171875,0.09095335000299087,0.01780146360397339,1.3293400135018922,0.02844454196648736,0.9734866085401636,0.999945488700076,0.9823989868164062,0.07194863792448364,0,0,0,0
A038,18,131072,361.359375,0.09288742094049951,0.01954743266105652,1.3712935000982625,0.029280023336400493,0.9728052040257961,0.9999394725490707,0.982574462890625,0.07225734870166789,0,0,0,0
A038,19,131072,361.73046875,0.09476107994421312,0.02130907028913498,1.3711107061619767,0.029275324494177277,0.9728195280359355,0.9999392145384414,0.981414794921875,0.07503934770493083,0,0,0,0
A038,20,131072,362.671875,0.09828675460052061,0.024318844079971313,1.3755557522511004,0.029365150419849436,0.9727387293587251,0.9999387630107616,0.9814605712890625,0.07581415134363609,0,0,0,0
A038,21,131072,365.75,0.10067005801435513,0.02655412256717682,1.3856924121133003,0.02957981673710044,0.9725394294873879,0.9999378520697174,0.9813232421875,0.07663883264472138,0,0,0,0
A038,22,131072,366.4365234375,0.10488145446196562,0.030393779277801514,1.3880743314501156,0.029626678298040297,0.9725127850631085,0.9999371766192363,0.9805221557617188,0.07740787792120171,0,0,0,0
A038,23,131072,369.16796875,0.10992964442080932,0.03451736271381378,1.397083699683737,0.029809784695284527,0.9723652789771983,0.9999357517898505,0.9812469482421875,0.07566692635723955,0,0,0,0
A038,24,131072,371.888671875,0.11700211447671904,0.04080808162689209,1.4073882680847827,0.030014581501681133,0.9721917498359178,0.9999343872617961,0.9822463989257812,0.07325774039432476,0,0,0,0
A038,25,131072,371.89453125,0.12717148330708739,0.05027097463607788,1.4083121507930303,0.030011035947996475,0.9722390658300815,0.9999331477116824,0.9822540283203125,0.0724465073260038,0,0,0,0
A038,26,131072,370.6513671875,0.13753853514104009,0.05981087684631348,1.4065682604171306,0.029947446979734928,0.9723419771158427,0.9999321826302636,0.9823455810546875,0.07227105566200927,0,0,0,0
A038,27,131072,369.9775390625,0.15004205651489144,0.07124519348144531,1.4058287359324568,0.029900673478223356,0.9724473093672443,0.9999306391657176,0.9820556640625,0.07281185869112987,0,0,0,0
A038,28,131072,368.1083984375,0.16484442207625705,0.08391302824020386,1.4023740091726027,0.029786606953200016,0.9726357030897866,0.9999288339879198,0.9826812744140625,0.07212351590559142,0,0,0,0
A038,29,131072,362.67578125,0.18159566311895503,0.09799575805664062,1.3908527155776846,0.029478419770417087,0.9730187874848177,0.9999275494958655,0.9827423095703125,0.07247325080986841,0,0,0,0
A038,30,131072,359.8984375,0.20391740855605178,0.11714845895767212,1.3887953096611285,0.029359084995110245,0.973269503765487,0.9999242571342074,0.9818878173828125,0.0743724990776786,0,0,0,0
A038,31,131072,355.7470703125,0.23097657646203373,0.14068758487701416,1.3846408299610868,0.029139275417391843,0.9737264364672185,0.9999184590121044,0.982147216796875,0.0753567028862267,0,0,0,0
A038,32,131072,351.69921875,0.2632537907118859,0.1664934754371643,1.389488852671213,0.02910078382559969,0.9740259739030316,0.9999116011316981,0.9812393188476562,0.07813749138012667,0,0,0,0
A038,33,131072,350.55078125,0.30198324252872055,0.19865989685058594,1.3986377046747724,0.02911902686037343,0.9744359606240006,0.9999002512099642,0.9803085327148438,0.08107396063919403,0,0,0,0
A038,34,131072,313.5673828125,0.35946709193001425,0.24487781524658203,1.2993940941214746,0.026908611887874155,0.9775048986121284,0.9998884691996985,0.9794387817382812,0.08532316740144041,0,0,0,0
A038,35,131072,555.029296875,0.48461320629121474,0.3430904150009155,1.8450949481696055,0.05771649089480387,0.9835964627716743,0.998443407737061,0.9794921875,0.08730588425204722,0,0,0,0
A038,36,131072,329.82373046875,0.7205767839836312,0.42971271276474,1.8424896947655909,0.09579880174105924,0.9627639656575151,0.9959538950150948,0.9760208129882812,0.09715351832075207,0,0,0,0
A039,0,139264,0.0027260184288024902,0.00042207260554171037,0.00022499263286590576,0.0006644942515202729,0.029256905930480557,1.000696498198191,0.9995725569958399,0.9719022863051471,0.07857940032598376,0,0,0,0
A039,1,139264,0.04532337188720703,0.0016086323247438874,0.0012881532311439514,0.0021321647555848336,0.010853334992332177,1.0016714277684076,0.9999425953429026,0.9921085133272058,0.04091128326732892,0,0,0,0
A039,2,139264,0.24414443969726562,0.00243025553668479,0.0018739337101578712,0.0034707112118192345,0.009544496923286253,1.0007946287560483,0.9999548029215685,0.9923526539522058,0.039584392046377,0,0,0,0
A039,3,139264,0.3528327941894531,0.0030779548301525747,0.0024291276931762695,0.004392593721031573,0.009617710759147118,1.0012286709920841,0.999954560466317,0.9919792624080882,0.04115854113066042,0,0,0,0
A039,4,139264,0.44567108154296875,0.003996712903991258,0.0031743720173835754,0.00564186876740844,0.011081306720797752,1.0021104136075927,0.9999409538552647,0.9914766199448529,0.042860779826878956,0,0,0,0
A039,5,139264,0.6224594116210938,0.0052465289064417345,0.0041338056325912476,0.007367775689864045,0.0120349671512784,1.0015978679282258,0.9999289698705581,0.9913904526654411,0.0439817702958508,0,0,0,0
A039,6,139264,0.8011970520019531,0.006483619893119193,0.005032099783420563,0.00928505718780413,0.013622541579504353,1.001195832344778,0.9999080381588993,0.9913330078125,0.0446537924995478,0,0,0,0
A039,7,139264,234.921875,0.05132304112773641,0.00663674995303154,0.713975484976425,0.019428358651681618,0.9824551539803831,0.999964558434161,0.9866297104779411,0.055051973173450064,0,0,0,0
A039,8,139264,234.060546875,0.05332183701316621,0.008319232612848282,0.7124768643381226,0.019387058109960966,0.9825000376567709,0.9999645754007751,0.9859906364889706,0.05741667807432056,0,0,0,0
A039,9,139264,233.078125,0.05551124858768349,0.010325789451599121,0.7111894309705118,0.019351153235922285,0.9825443817728561,0.9999644959936874,0.9855454388786765,0.059039461658428306,0,0,0,0
A039,10,139264,231.4150390625,0.056334050790607146,0.010999277234077454,0.7080725349786419,0.01926611336134802,0.9826430421495076,0.9999644229210244,0.9854736328125,0.061041055261136415,0,0,0,0
A039,11,139264,230.6357421875,0.056712419779781906,0.011246919631958008,0.7078117540951651,0.01925849024407934,0.9826606316812301,0.9999642624571883,0.9845401539522058,0.06260690754340813,0,0,0,0
A039,12,139264,229.669921875,0.05744022190780176,0.011953040957450867,0.707634479460465,0.019253094582878626,0.9826835778675643,0.9999639644046444,0.9849925321691176,0.062607291098176,0,0,0,0
A039,13,139264,227.806640625,0.05888578519378531,0.012941047549247742,0.7044288207246939,0.019164601032586492,0.9827960594682349,0.999963722706135,0.9845975988051471,0.06344541800723034,0,0,0,0
A039,14,139264,223.4462890625,0.06027491122332281,0.01438722014427185,0.6937391125990802,0.018873589851597965,0.9831160596056052,0.9999638166064164,0.9838364545036765,0.06628467850342447,0,0,0,0
A039,15,139264,221.1318359375,0.061912567442003394,0.015250332653522491,0.6887216489369289,0.018735569677769456,0.9832768142365493,0.9999637148827074,0.9836138556985294,0.06706284461463724,0,0,0,0
A039,16,139264,218.5302734375,0.0635544738865506,0.016920290887355804,0.6837937094098154,0.018600962162767794,0.9834367679521361,0.9999635690164108,0.98291015625,0.06987898469168728,0,0,0,0
A039,17,139264,470.26171875,0.0890558662843178,0.018391191959381104,1.4725559914027262,0.032443469777314056,0.9724292171078974,0.9998496391013519,0.9823859719669118,0.07263558996268549,0,0,0,0
A039,18,139264,489.359375,0.0911055543592805,0.02027258276939392,1.519399191640906,0.033403578941619605,0.9717260164383396,0.9998372067155197,0.9829173368566176,0.07257021726761662,0,0,0,0
A039,19,139264,489.73046875,0.09263125705261727,0.021824732422828674,1.5195414684008874,0.03340566754937647,0.971741355084909,0.9998366913117767,0.9812370749080882,0.0760120989881275,0,0,0,0
A039,20,139264,490.671875,0.09606418672177763,0.024739757180213928,1.5237173351655575,0.03349162597611074,0.971661048379656,0.9998360576292953,0.9812442555147058,0.07657775060718122,0,0,0,0
A039,21,139264,493.75,0.09859981013602237,0.027032382786273956,1.533739123372842,0.03370958428242259,0.9714636670956085,0.9998342636025568,0.9812298943014706,0.0767937791063659,0,0,0,0
A039,22,139264,494.4365234375,0.1028775898307602,0.030958741903305054,1.536335139131062,0.03376184386069224,0.9714374561824486,0.9998332145886064,0.9807057100183824,0.07748506744174238,0,0,0,0
A039,23,139264,497.16796875,0.1079579196669877,0.03524258732795715,1.545448102211965,0.03395106943927113,0.9712918483290014,0.9998308864919074,0.9817325367647058,0.07507226144702826,0,0,0,0
A039,24,139264,499.888671875,0.11547132511997033,0.04198098182678223,1.5554413373839253,0.034150819542647676,0.9711272427056123,0.9998287338944759,0.9825654871323529,0.07249320086502001,0,0,0,0
A039,25,139264,499.89453125,0.12563334685931107,0.05095359683036804,1.556310524507474,0.03414109315347456,0.9711842052885223,0.9998273941158473,0.9827880859375,0.07170170499816245,0,0,0,0
A039,26,139264,498.6513671875,0.1363645312088559,0.06055170297622681,1.55439449659039,0.03406700165391345,0.9712960503905903,0.9998267037746249,0.9826229319852942,0.071915813518147,0,0,0,0
A039,27,139264,497.9775390625,0.14937850304974798,0.07256448268890381,1.5536857671152302,0.03401144174557345,0.9714146723321593,0.9998251739337436,0.9823572495404411,0.0724352410369032,0,0,0,0
A039,28,139264,496.1083984375,0.16420276367767214,0.0857154130935669,1.550144507841844,0.03388240713725463,0.9716166576953409,0.9998237970755653,0.9826085707720589,0.07182641980592311,0,0,0,0
A039,29,139264,490.67578125,0.18105776386112346,0.10000324249267578,1.5379772917632943,0.03354268140608949,0.9720240209306596,0.9998238438229674,0.9831040326286765,0.07170980983468152,0,0,0,0
A039,30,139264,487.8984375,0.20363261857409376,0.11963200569152832,1.5350927773818712,0.033386906573383425,0.9723117473212376,0.9998210212953325,0.9821131089154411,0.07400972800793319,0,0,0,0
A039,31,139264,483.7470703125,0.23132697065931124,0.14286398887634277,1.5302914962102943,0.0331313833779195,0.9728025041850151,0.9998160033591665,0.9819264131433824,0.0757779163567854,0,0,0,0
A039,32,139264,479.69921875,0.263087306696073,0.16902446746826172,1.531943826566578,0.033002039124655,0.9731599418455095,0.9998105420040463,0.9811437270220589,0.07839047986121972,0,0,0,0
A039,33,139264,478.55078125,0.30327809438564574,0.20227450132369995,1.5407322721190027,0.032984616587613175,0.9736253390198507,0.9997985045304959,0.9805405560661765,0.08130357068267667,0,0,0,0
A039,34,139264,441.5673828125,0.3591991566525608,0.24698710441589355,1.4447717153736934,0.030753360775398364,0.9767005478391126,0.9997937419361151,0.9791187959558824,0.08594904371934547,0,0,0,0
A039,35,139264,683.029296875,0.49203756696999124,0.34860992431640625,2.0460657508554534,0.06558229786968055,0.9890478945772486,0.9978863060102546,0.9795209099264706,0.08802290330657517,0,0,0,0
A039,36,139264,278.0806579589844,0.7219344647319839,0.4320852756500244,1.830463716541035,0.09703165671364065,0.970960986839816,0.9955858792292075,0.97607421875,0.09698260932735492,0,0,0,0
A040,0,131072,0.0027260184288024902,0.0004086234319657933,0.00021829083561897278,0.0006460248716470133,0.028486968817810706,1.000690711041806,0.9995947647451233,0.9752655029296875,0.07319950510916488,0,0,0,0
A040,1,131072,0.04532337188720703,0.0016690511662793561,0.0013309791684150696,0.0022094978621723525,0.01103666304035165,1.001331262430261,0.9999400619575601,0.9923324584960938,0.039761779011777666,0,0,0,0
A040,2,131072,0.1507720947265625,0.002475105800635813,0.0018904637545347214,0.00346930221620462,0.009458347125327263,1.0005590923104928,0.9999554510339187,0.992095947265625,0.039901914527489236,0,0,0,0
A040,3,131072,0.3511199951171875,0.0031643406278121233,0.0024870308116078377,0.004427736844893912,0.00954975170419467,1.0012018183484588,0.9999551771737607,0.9920654296875,0.04146893161902585,0,0,0,0
A040,4,131072,0.44567108154296875,0.004149182561560494,0.003290534019470215,0.005780601063950095,0.011126192779798877,1.0022340333504245,0.9999407317768058,0.9912567138671875,0.043113812377966035,0,0,0,0
A040,5,131072,0.6224594116210938,0.0053512962886141935,0.00422663614153862,0.007468578616054296,0.012084381961689062,1.0018183712632076,0.999928766622055,0.991546630859375,0.04414754041782079,0,0,0,0
A040,6,131072,0.8011970520019531,0.006639095157851216,0.00514577142894268,0.009624254783507955,0.014159199135626285,1.0014156250183424,0.9999009008242876,0.9912796020507812,0.0444640313545491,0,0,0,0
A040,7,131072,298.921875,0.054785923825178884,0.006883472204208374,0.8959372560565717,0.023544262322646187,0.9779743670609082,0.9999646188160544,0.9860763549804688,0.05668666299262899,0,0,0,0
A040,8,131072,298.060546875,0.05671627140765878,0.008490234613418579,0.8941910765407555,0.02349786828480752,0.9780188348358518,0.9999647357548241,0.9853134155273438,0.05936478565162026,0,0,0,0
A040,9,131072,297.078125,0.05869803328978662,0.010215938091278076,0.8925576169939973,0.023454018659489786,0.9780632213281709,0.9999647933122928,0.9847793579101562,0.061044429698773585,0,0,0,0
A040,10,131072,295.4150390625,0.059474781855545444,0.010850831866264343,0.8890017917098307,0.023360260926702632,0.9781617393652967,0.9999648359978489,0.9847488403320312,0.06268640703324167,0,0,0,0
A040,11,131072,294.6357421875,0.059944554241141645,0.011150963604450226,0.8883409640453681,0.023342125161922325,0.9781796704823078,0.9999648694258891,0.9841156005859375,0.06321249711265861,0,0,0,0
A040,12,131072,293.669921875,0.06070013875758917,0.011882156133651733,0.8876533546848361,0.023323329377102946,0.9782032461651073,0.9999647929938063,0.9849624633789062,0.06270976736753157,0,0,0,0
A040,13,131072,291.806640625,0.061499551207855774,0.01262093335390091,0.8838655794352072,0.023222422043141316,0.9783147301881849,0.9999647199635201,0.9844512939453125,0.06329373632408071,0,0,0,0
A040,14,131072,287.4462890625,0.06288376964310771,0.013801872730255127,0.8725220599620774,0.02292406403221641,0.9786342874907233,0.9999647370618396,0.98394775390625,0.06509318045307876,0,0,0,0
A040,15,131072,285.1318359375,0.06397461292822015,0.014577068388462067,0.866938388176834,0.022775658084654267,0.9787951815106725,0.9999647085134212,0.9835357666015625,0.06623030926571591,0,0,0,0
A040,16,131072,282.5302734375,0.06547432110659912,0.016091033816337585,0.8612940302704877,0.02262660622576676,0.9789555751170534,0.9999647095882594,0.98345947265625,0.06753339993045612,0,0,0,0
A040,17,131072,342.26171875,0.0909175169302614,0.017789185047149658,1.3293399491292026,0.028444699866262208,0.9734860156302975,0.9999455002015321,0.9825286865234375,0.07116139921750296,0,0,0,0
A040,18,131072,361.359375,0.09281406300128481,0.01943698525428772,1.3712911220682993,0.029280217131564628,0.9728043074026828,0.9999394917258657,0.982574462890625,0.07137163454219454,0,0,0,0
A040,19,131072,361.73046875,0.09461683584093805,0.021109849214553833,1.3711053351041778,0.029275524747050655,0.972818171139854,0.9999392463398911,0.9817733764648438,0.07421624870980381,0,0,0,0
A040,20,131072,362.671875,0.09808706216170116,0.024242833256721497,1.3755460842158718,0.02936536320975243,0.9727368177820519,0.9999388100411061,0.9816970825195312,0.07474127834819484,0,0,0,0
A040,21,131072,365.75,0.10056277768864064,0.026563584804534912,1.3856820346048837,0.029579818336340328,0.9725375680573843,0.9999379044632435,0.981475830078125,0.07540658156934428,0,0,0,0
A040,22,131072,366.4365234375,0.10492883310106116,0.030531279742717743,1.3880721037664403,0.02962659558905438,0.9725108287724165,0.9999372343074208,0.9809341430664062,0.07632980496118742,0,0,0,0
A040,23,131072,369.16796875,0.11014173580067421,0.03484565019607544,1.3970939327338776,0.02981031273031452,0.9723631410688363,0.9999357962225095,0.9817428588867188,0.07436573914743873,0,0,0,0
A040,24,131072,371.888671875,0.11753638875990191,0.0414450466632843,1.4074129206704789,0.03001535055249001,0.9721904770677496,0.999934399839292,0.9821014404296875,0.07231467792467942,0,0,0,0
A040,25,131072,371.89453125,0.12778629088102633,0.05101025104522705,1.4083428091446684,0.030012548947555028,0.9722359022087471,0.9999331911278568,0.9825439453125,0.07171658836069764,0,0,0,0
A040,26,131072,370.6513671875,0.13836021756120687,0.06069782376289368,1.4066394054370601,0.0299496976065485,0.9723398470722097,0.999932173752247,0.9826278686523438,0.0713050799821704,0,0,0,0
A040,27,131072,369.9775390625,0.15070424614819444,0.07167080044746399,1.4059033052120122,0.02990345363590825,0.9724432370365058,0.9999306687788075,0.9821929931640625,0.07256163684344293,0,0,0,0
A040,28,131072,368.1083984375,0.16607651453408323,0.0851401537656784,1.4025389286288639,0.029792584635899476,0.9726284013098654,0.9999288558280607,0.9829025268554688,0.07223296436424274,0,0,0,0
A040,29,131072,362.67578125,0.18322114833439684,0.10000312328338623,1.3910771379789961,0.029487291886437762,0.9730158050899378,0.9999273631491324,0.9827957153320312,0.07223050377128078,0,0,0,0
A040,30,131072,359.8984375,0.20626227410282638,0.11986604332923889,1.3891804856308683,0.02937259620835896,0.97327766249099,0.9999236260669462,0.9818115234375,0.07502353874819255,0,0,0,0
A040,31,131072,355.7470703125,0.23347403610411988,0.14313071966171265,1.3851547135483477,0.029168242683972372,0.9737209731639117,0.9999177386878609,0.982147216796875,0.07604581531709295,0,0,0,0
A040,32,131072,351.69921875,0.2664045389744416,0.1698848009109497,1.3902871563406103,0.02914795674687758,0.9740300320491609,0.9999100827790796,0.981109619140625,0.07904465700143595,0,0,0,0
A040,33,131072,350.55078125,0.30683217653574957,0.20388484001159668,1.3999100636252202,0.029189032739747323,0.9744064469473892,0.9998989283809425,0.9801254272460938,0.08218451157094524,0,0,0,0
A040,34,131072,313.5673828125,0.3649822716478184,0.25015830993652344,1.3013795491652362,0.026994004026757158,0.9774734485987367,0.9998868354246967,0.9779891967773438,0.08772575903195459,0,0,0,0
A040,35,131072,555.029296875,0.4965564459099596,0.35469841957092285,1.848450187403139,0.05804102042226522,0.983524072664794,0.9984254051546949,0.9788436889648438,0.08932678817637182,0,0,0,0
A040,36,131072,329.82373046875,0.7350426982649196,0.44508981704711914,1.8540218586983608,0.09708425094603716,0.9643885043397433,0.9957708054783488,0.9753189086914062,0.09902141744793853,0,0,0,0
A041,0,159744,0.0027260184288024902,0.0004145083454111442,0.00022977590560913086,0.0006370109181410633,0.027931126475886584,1.0005344254969857,0.9996102771700172,0.9778645833333334,0.0690857974218595,0,0,0,0
A041,1,159744,0.04532337188720703,0.0016568256640651631,0.001315101981163025,0.0022034086532243583,0.01084800878689721,1.0014557668760773,0.9999423039732434,0.9923940805288461,0.03903343935944463,0,0,0,0
A041,2,159744,0.24414443969726562,0.0023568471527004075,0.0018070396035909653,0.0033502840775549475,0.009627388977722267,1.000985284229832,0.9999541872218503,0.9924692007211539,0.03879143582297432,0,0,0,0
A041,3,159744,0.3528327941894531,0.003010516179614342,0.0023854542523622513,0.0042496393330577744,0.009743883896439438,1.0013965419634665,0.9999535683717514,0.9926945612980769,0.04052497768131691,0,0,0,0
A041,4,159744,0.44567108154296875,0.003956883629792302,0.0031327158212661743,0.005556405976971721,0.011163376579477741,1.0021283022954022,0.9999400818708947,0.9917242588141025,0.041641734810987985,0,0,0,0
A041,5,159744,0.6224594116210938,0.005187167552563574,0.004067443311214447,0.0072748031318149225,0.012135057879188406,1.0016725186213153,0.9999278894506404,0.9916929587339743,0.043105962532620445,0,0,0,0
A041,6,159744,0.8011970520019531,0.006469803116457429,0.005015850067138672,0.009265456029018458,0.013744424453264448,1.0013550396855184,0.9999065900387031,0.9913173577724359,0.04435774830927597,0,0,0,0
A041,7,159744,234.921875,0.045790423597136164,0.006607085466384888,0.6666508212422156,0.01942819566780185,0.9824562040953584,0.999964542942539,0.9875237880608975,0.05349636538495487,0,0,0,0
A041,8,159744,234.060546875,0.047851204746574436,0.008268758654594421,0.6652615721551153,0.01938704007289057,0.9825013914374682,0.9999645516933771,0.9871106270032052,0.05579164222883786,0,0,0,0
A041,9,159744,233.078125,0.04981374411311616,0.010031372308731079,0.6640603045640538,0.01935104502354134,0.9825461634151073,0.9999644665387893,0.9861215444711539,0.05728591192212811,0,0,0,0
A041,10,159744,231.4150390625,0.0504490852874095,0.010528288781642914,0.6611470857317371,0.019265942527013982,0.9826452200158063,0.9999643878829666,0.9858022836538461,0.05937514646779167,0,0,0,0
A041,11,159744,230.6357421875,0.050734732600689406,0.010648667812347412,0.6609054294540337,0.0192582023868516,0.9826632764861959,0.9999642215300697,0.9855080629006411,0.05985114380269515,0,0,0,0
A041,12,159744,229.669921875,0.05141970047056405,0.011264517903327942,0.6607418760878391,0.019252730265199754,0.9826861871310645,0.9999639256623674,0.9859400040064102,0.05969015632841135,0,0,0,0
A041,13,159744,227.806640625,0.052504194111024964,0.011973649263381958,0.6577415332072866,0.019163835419897246,0.9827990691764207,0.9999636850659293,0.9854392027243589,0.06014077531363212,0,0,0,0
A041,14,159744,223.4462890625,0.053572472872118825,0.013039439916610718,0.6477527964245953,0.018872441165674898,0.9831193080703539,0.9999637829941167,0.9846692207532052,0.06283243596825361,0,0,0,0
A041,15,159744,221.1318359375,0.054991963774552795,0.01366901583969593,0.6430688567156049,0.018734347074577024,0.9832803707156317,0.9999636778283021,0.9848382411858975,0.0633893390909429,0,0,0,0
A041,16,159744,218.5302734375,0.05649776766609904,0.015216931700706482,0.6384630863940393,0.018599233381007444,0.9834412451609091,0.9999635264837157,0.9839367988782052,0.06626890778865849,0,0,0,0
A041,17,159744,470.26171875,0.07867970309201575,0.016344040632247925,1.3749255404784222,0.032441041885637595,0.9724338592590407,0.9998495892134517,0.9836989182692307,0.06852860724143582,0,0,0,0
A041,18,159744,489.359375,0.08036597804590574,0.017793960869312286,1.418656946207411,0.03340065282838704,0.9717312908236564,0.9998371547289597,0.9842435396634616,0.06787974875659043,0,0,0,0
A041,19,159744,489.73046875,0.08168930605034593,0.01917847990989685,1.418787229383642,0.03340265204101842,0.9717469334527142,0.9998366337041481,0.9831668169070513,0.07024618970787747,0,0,0,0
A041,20,159744,490.671875,0.0849347612193233,0.02183106541633606,1.4226880824844843,0.033487485923719265,0.9716692528307013,0.9998359624546144,0.9826472355769231,0.07182407296676564,0,0,0,0
A041,21,159744,493.75,0.08724511168750618,0.023911654949188232,1.4320425310953373,0.03370516693461795,0.9714714090465902,0.9998341908092705,0.9827912159455128,0.07236886308426298,0,0,0,0
A041,22,159744,494.4365234375,0.09098981264828901,0.027207106351852417,1.4344598198727287,0.03375695808028213,0.9714453098813752,0.9998331548427042,0.9820963541666666,0.07316998825364217,0,0,0,0
A041,23,159744,497.16796875,0.0957363878612446,0.030832946300506592,1.4429716123784062,0.033943879711871294,0.971303237428855,0.9998308032058568,0.9826096754807693,0.07197069223652261,0,0,0,0
A041,24,159744,499.888671875,0.10230839800172549,0.03653758764266968,1.4522782047711584,0.03414138413510046,0.9711414063508517,0.9998286471562863,0.9835298978365384,0.06900053832209585,0,0,0,0
A041,25,159744,499.89453125,0.11201246783241167,0.04499119520187378,1.4530889522848127,0.03412884397704029,0.9712026918198998,0.9998272796010477,0.9838303786057693,0.06846128733751107,0,0,0,0
A041,26,159744,498.6513671875,0.12188900782476034,0.05347490310668945,1.4513033179695203,0.034050652080622655,0.9713195586058005,0.9998265868397455,0.9838366386217948,0.06818657365843991,0,0,0,0
A041,27,159744,497.9775390625,0.13431890012231099,0.0644901692867279,1.4506721512737097,0.03398996972659872,0.9714483805220208,0.9998249402263576,0.9835048577724359,0.06866645752447528,0,0,0,0
A041,28,159744,496.1083984375,0.14849727070683608,0.07620882987976074,1.4474485227672513,0.033856037841554415,0.9716600528701637,0.9998234574458462,0.9835611979166666,0.06853323532423976,0,0,0,0
A041,29,159744,490.67578125,0.1649147362554686,0.08961749076843262,1.4362104569401022,0.033504439232480615,0.9720910716904734,0.9998232474410562,0.9842059795673077,0.06856860068020518,0,0,0,0
A041,30,159744,487.8984375,0.18675921913392393,0.10851073265075684,1.4336562482473358,0.033330293407534864,0.972406194216137,0.999820296115413,0.9830478766025641,0.07083667046698684,0,0,0,0
A041,31,159744,483.7470703125,0.21352108034328665,0.13083577156066895,1.4293880561836216,0.03303344206437469,0.9729826722373338,0.9998143480323489,0.9829351963141025,0.07230226563194887,0,0,0,0
A041,32,159744,479.69921875,0.2440693008970345,0.15572476387023926,1.4312517249520018,0.03285913125608106,0.9734169045569653,0.9998083752491755,0.9826597556089743,0.07438210645509774,0,0,0,0
A041,33,159744,478.55078125,0.28227947136992254,0.18737304210662842,1.4399035137831557,0.03280497462134148,0.9739156358063094,0.9997968138666398,0.9813201121794872,0.0779923433983386,0,0,0,0
A041,34,159744,441.5673828125,0.3345351346598153,0.22812986373901367,1.3508443288108123,0.03053823253254379,0.9770893305275843,0.9997913778925835,0.9800618489583334,0.08246182911085297,0,0,0,0
A041,35,159744,683.029296875,0.46308173118599466,0.3274822235107422,1.914033923579913,0.0636127294356419,0.9894854015458318,0.9980110759797713,0.9800555889423077,0.08539716501673746,0,0,0,0
A041,36,159744,278.0806579589844,0.6685967563664749,0.4028165340423584,1.7113225562012102,0.09585950847888662,0.9718905261082156,0.9956790900735636,0.9769068008814102,0.09428871138014548,0,0,0,0
A042,0,147456,0.0027260184288024902,0.0004315702710250156,0.00023780018091201782,0.0006581506888587335,0.029008816796353056,1.0006130161833038,0.9995796898253974,0.9757419162326388,0.07369215475206944,0,0,0,0
A042,1,147456,0.04532337188720703,0.0016372964522564832,0.0013080062344670296,0.002167727279422329,0.01098652911477106,1.001651444560853,0.9999411089788307,0.9921671549479166,0.03995904058741336,0,0,0,0
A042,2,147456,0.24414443969726562,0.0023860312219888945,0.0018334947526454926,0.003382211515550489,0.009572960094157807,1.0007477723040832,0.9999544928282301,0.9922078450520834,0.03974780702194518,0,0,0,0
A042,3,147456,0.3528327941894531,0.00306284356524363,0.0024312809109687805,0.004318833611800166,0.009686187264695372,1.001228682462493,0.9999539003602528,0.9923299153645834,0.041639118122266144,0,0,0,0
A042,4,147456,0.44567108154296875,0.004064390681146317,0.0031918026506900787,0.005745387885692883,0.01140531259684243,1.0017018895857415,0.999936515679669,0.991455078125,0.042984474859508036,0,0,0,0
A042,5,147456,0.6224594116210938,0.005263200825233917,0.004128552973270416,0.007381318371270352,0.012267909342792802,1.001277454991253,0.9999256601116677,0.9915296766493056,0.04424606392404554,0,0,0,0
A042,6,147456,0.8011970520019531,0.006518052834536547,0.005071789026260376,0.009300260658374767,0.013837546014756416,1.0013806732404555,0.9999053449771007,0.9912380642361112,0.04511730550904419,0,0,0,0
A042,7,147456,234.921875,0.048862770690105445,0.006611846387386322,0.6938616364658261,0.01942823093385597,0.9824555515113531,0.999964553875062,0.9872097439236112,0.05453115647552138,0,0,0,0
A042,8,147456,234.060546875,0.05066679519315977,0.008133530616760254,0.6924027752920707,0.01938685050583754,0.9825003585396588,0.9999645737934397,0.9867757161458334,0.056624616594685664,0,0,0,0
A042,9,147456,233.078125,0.052540172523110745,0.009834587574005127,0.6911439356437085,0.01935070120168597,0.9825450348949849,0.9999644933169978,0.9862806532118056,0.05779983285044004,0,0,0,0
A042,10,147456,231.4150390625,0.05311768926430065,0.010300196707248688,0.6881078117624041,0.019265491122300304,0.9826441714550843,0.9999644152147159,0.9856838650173612,0.05956489931826217,0,0,0,0
A042,11,147456,230.6357421875,0.05326119123174698,0.01033109612762928,0.6878486183232614,0.019257474402355076,0.9826623049183982,0.9999642529029232,0.9852634006076388,0.05981262205752764,0,0,0,0
A042,12,147456,229.669921875,0.05385401556799252,0.010878846049308777,0.6876721039269901,0.019251873419490487,0.9826853284784235,0.9999639575466288,0.98583984375,0.05915905226486556,0,0,0,0
A042,13,147456,227.806640625,0.05497198202727797,0.011536844074726105,0.6845453790524344,0.019163040513447114,0.9827981017561465,0.9999637174622131,0.98577880859375,0.059757759174486,0,0,0,0
A042,14,147456,223.4462890625,0.05607329831290523,0.012638956308364868,0.6741428939608781,0.018871559345865898,0.9831185698881313,0.999963812569663,0.9852091471354166,0.06180165980262019,0,0,0,0
A042,15,147456,221.1318359375,0.057634974452374386,0.013408884406089783,0.669265723592381,0.018733380929672427,0.9832795802059447,0.9999637096486063,0.9845309787326388,0.06318981965712916,0,0,0,0
A042,16,147456,218.5302734375,0.05913039287877256,0.01496356725692749,0.6644627533521066,0.018598085982136827,0.983440272700808,0.9999635645214235,0.9841851128472222,0.06576438444997144,0,0,0,0
A042,17,147456,470.26171875,0.08318712782924347,0.016253098845481873,1.4310336873341813,0.03244135348646758,0.9724323705242899,0.9998496207911267,0.9836764865451388,0.06852246414192623,0,0,0,0
A042,18,147456,489.359375,0.08506839959887379,0.01782083511352539,1.476551828423147,0.03340104507502292,0.9717297783862311,0.9998371849926542,0.98382568359375,0.0687825713129015,0,0,0,0
A042,19,147456,489.73046875,0.08635412530868002,0.019205152988433838,1.4766839152552118,0.033403201819719154,0.9717453308097929,0.9998366611339952,0.9823744032118056,0.07147961913294439,0,0,0,0
A042,20,147456,490.671875,0.08972417141140612,0.02198629081249237,1.480739736951682,0.03348845830360375,0.9716664390226811,0.9998360105129207,0.9824557834201388,0.07207450183086096,0,0,0,0
A042,21,147456,493.75,0.09210279792639477,0.024148814380168915,1.4904728931355733,0.03370646383562635,0.9714677367212573,0.9998342530357305,0.9819742838541666,0.07330198524305974,0,0,0,0
A042,22,147456,494.4365234375,0.09605585196527973,0.02761709690093994,1.4929852144474127,0.03375861533369047,0.9714414245894176,0.9998332107981169,0.9812486436631944,0.07467597159842794,0,0,0,0
A042,23,147456,497.16796875,0.10111291966305519,0.03161144256591797,1.501840159132286,0.033946303609760496,0.9712973603656184,0.9998308911255243,0.9825507269965278,0.07276772402174206,0,0,0,0
A042,24,147456,499.888671875,0.10806811921867797,0.03763049840927124,1.5115218411747269,0.03414570491280009,0.971131513387834,0.9998287875328267,0.9830118815104166,0.07064140062502963,0,0,0,0
A042,25,147456,499.89453125,0.11823955860355302,0.04650592803955078,1.5123618761211268,0.03413549568547721,0.9711880640007505,0.9998274770757128,0.9830457899305556,0.07048565932456075,0,0,0,0
A042,26,147456,498.6513671875,0.12849191994706644,0.05536523461341858,1.5104835428315382,0.0340593994599014,0.9713020336419697,0.9998267946494356,0.9831000434027778,0.07045125707907475,0,0,0,0
A042,27,147456,497.9775390625,0.14109237168097227,0.06678104400634766,1.5097871756618482,0.03400257235839416,0.9714225546391021,0.999825253931973,0.9826727973090278,0.07127002465362653,0,0,0,0
A042,28,147456,496.1083984375,0.155833754364077,0.07915818691253662,1.5063931025118389,0.033871231078236565,0.9716311310166027,0.9998237666762494,0.9833780924479166,0.07039663231987542,0,0,0,0
A042,29,147456,490.67578125,0.1730916263035422,0.0936272144317627,1.4946838847393147,0.033525025956887604,0.972054634218267,0.9998235778706969,0.9833713107638888,0.07052023140761965,0,0,0,0
A042,30,147456,487.8984375,0.19530659078381835,0.11277240514755249,1.4919367600543114,0.03335982019516242,0.9723621022031816,0.999820527657323,0.9824625651041666,0.0735493425978909,0,0,0,0
A042,31,147456,483.7470703125,0.2232178423168168,0.13622307777404785,1.4874179906626068,0.03307337691102927,0.9729162379371117,0.9998148257379356,0.9826863606770834,0.07407932606908582,0,0,0,0
A042,32,147456,479.69921875,0.2544620943943225,0.16218030452728271,1.4891759530216284,0.03291732600590004,0.9733296756964611,0.9998087779699845,0.9819403754340278,0.07640394838323916,0,0,0,0
A042,33,147456,478.55078125,0.29419981774238596,0.19489538669586182,1.4979472106890623,0.03287731437943772,0.9738242368956013,0.999796807672415,0.9812282986111112,0.07933493877497205,0,0,0,0
A042,34,147456,441.5673828125,0.3494535744608432,0.2392789125442505,1.4052479942941885,0.030636776321497156,0.9769593639865586,0.999791321333057,0.9794650607638888,0.08491060270452305,0,0,0,0
A042,35,147456,683.029296875,0.48123141443223477,0.34139764308929443,1.9903745314762153,0.06462716089240977,0.9894148973532495,0.9979459448519299,0.9795600043402778,0.08768628689466379,0,0,0,0
A042,36,147456,278.0806579589844,0.6958418313639514,0.41741859912872314,1.7695631253672828,0.09753209038275006,0.972051320747617,0.9955087865238634,0.9759046766493056,0.09693569004629346,0,0,0,0
A043,0,151552,0.0027260184288024902,0.0004150911511905596,0.00023121386766433716,0.0006384847490317267,0.028041923956875013,1.000574632008445,0.9996072160575972,0.9765559016047297,0.07091815271363165,0,0,0,0
A043,1,151552,0.04532337188720703,0.0016076587733672063,0.0012759938836097717,0.0021449380916285705,0.010824916278639322,1.0013573138470697,0.9999424099120441,0.9924118454391891,0.0391621069896237,0,0,0,0
A043,2,151552,0.24414443969726562,0.002456776818511236,0.0018710456788539886,0.0034934445496182325,0.009803848200996142,1.000977211005296,0.9999524662014511,0.992213893581081,0.039363878613463424,0,0,0,0
A043,3,151552,0.3528327941894531,0.0031280141019926085,0.002467237412929535,0.004417045222480479,0.009888391203038548,1.0013546351668041,0.9999520922754145,0.9922996727195946,0.040613069152282646,0,0,0,0
A043,4,151552,0.44567108154296875,0.004105940826552858,0.0032548680901527405,0.00574972806749917,0.011330752321917352,1.0021278030000993,0.9999382022920622,0.9916596283783784,0.04199184200554376,0,0,0,0
A043,5,151552,0.6224594116210938,0.00543228601106814,0.004263941198587418,0.007565142695019648,0.01243129019624742,1.0015445225918158,0.9999240416065016,0.9914682749155406,0.04335773888572049,0,0,0,0
A043,6,151552,0.8011970520019531,0.00683034784981527,0.005221854895353317,0.00972277453947216,0.014074690879566436,1.0012307348472194,0.999901829714046,0.9914682749155406,0.04374758198834885,0,0,0,0
A043,7,151552,234.921875,0.04805027409617122,0.006775349378585815,0.6844304796072431,0.019428154386042413,0.9824561514186988,0.9999645446976415,0.987331081081081,0.05391265420484141,0,0,0,0
A043,8,151552,234.060546875,0.04986796388787273,0.008340932428836823,0.6829943191222848,0.019386868795831607,0.982500853958875,0.9999645646264547,0.9866118559966216,0.05646064850286463,0,0,0,0
A043,9,151552,233.078125,0.05179706156514545,0.010099947452545166,0.6817567221977073,0.019350917892357742,0.9825452954039501,0.9999644844308613,0.9861763619087838,0.05778055797039146,0,0,0,0
A043,10,151552,231.4150390625,0.05248456564652315,0.010590225458145142,0.6787678067833182,0.019265718116295384,0.9826444491924932,0.9999644058688967,0.9863215266047297,0.05880217883777601,0,0,0,0
A043,11,151552,230.6357421875,0.052733124516075924,0.010785862803459167,0.6785160362508473,0.019257925414393737,0.9826621831257552,0.9999642462086623,0.9852327913851351,0.060009778180029644,0,0,0,0
A043,12,151552,229.669921875,0.0532961785436082,0.011237949132919312,0.6783439907907362,0.01925242442149875,0.9826849726365422,0.9999639530086034,0.985767261402027,0.05959055616744347,0,0,0,0
A043,13,151552,227.806640625,0.054506754225697576,0.012045413255691528,0.6752651653803341,0.019163723302606184,0.982797817170622,0.9999637091192733,0.9854505384290541,0.060401838577750826,0,0,0,0
A043,14,151552,223.4462890625,0.0555588398616741,0.013089284300804138,0.6650054019801526,0.018872265516727903,0.9831182143576773,0.9999638051059254,0.9851404138513513,0.062288660413265376,0,0,0,0
A043,15,151552,221.1318359375,0.05710863618059334,0.01390528678894043,0.6601955283022698,0.01873404095268849,0.9832792263118071,0.9999637030785485,0.9847511085304054,0.06353940144750087,0,0,0,0
A043,16,151552,218.5302734375,0.05869814792508559,0.015558511018753052,0.6554656916570509,0.018598934939077244,0.9834398717657294,0.9999635552026156,0.984348606418919,0.06594911751124488,0,0,0,0
A043,17,151552,470.26171875,0.08212605895621006,0.016803517937660217,1.4115852029364198,0.03244156329043943,0.9724322057444272,0.9998496184377264,0.9833852407094594,0.06919596879011462,0,0,0,0
A043,18,151552,489.359375,0.08401793832366378,0.018500670790672302,1.4564870455362984,0.033401386455055845,0.9717291125875459,0.9998371925169616,0.9836293813344594,0.06967800813318602,0,0,0,0
A043,19,151552,489.73046875,0.08549139455151424,0.02003377676010132,1.4566225051211656,0.03340342600050503,0.9717447147260603,0.9998366712379044,0.9824812605574325,0.07244549609420266,0,0,0,0
A043,20,151552,490.671875,0.08880029464404822,0.022751793265342712,1.4606267879410917,0.033488384901715296,0.9716663590607553,0.9998360153608903,0.9823888830236487,0.07239296861739457,0,0,0,0
A043,21,151552,493.75,0.09131058368971456,0.024960577487945557,1.4702368376931372,0.03370633940726018,0.9714679486557675,0.9998342511645533,0.9821843327702703,0.07318673083094197,0,0,0,0
A043,22,151552,494.4365234375,0.09543774123533147,0.028644166886806488,1.4727271225664498,0.03375821053900454,0.9714426433975814,0.9998331892444293,0.9817092483108109,0.07425949803251565,0,0,0,0
A043,23,151552,497.16796875,0.10046251204617702,0.03258371353149414,1.4814740447051116,0.03394568469198997,0.9713004641533556,0.9998308215822366,0.9826066300675675,0.07283716506372222,0,0,0,0
A043,24,151552,499.888671875,0.10734238247892496,0.038634687662124634,1.4910379165075942,0.034145347418159826,0.9711342229533674,0.9998287200379002,0.9826198268581081,0.07140373610482231,0,0,0,0
A043,25,151552,499.89453125,0.11758541794920102,0.04764881730079651,1.491896045157248,0.03413438745790601,0.9711927315247977,0.9998273783981083,0.9833588471283784,0.07052458256916759,0,0,0,0
A043,26,151552,498.6513671875,0.12766949461798824,0.05651700496673584,1.490050381832689,0.03405819607024259,0.9713044716119694,0.9998267652523356,0.9832928631756757,0.07021791665538343,0,0,0,0
A043,27,151552,497.9775390625,0.13994461998389532,0.06733287870883942,1.4893682715326921,0.034000832110030015,0.9714247069318787,0.9998252519171977,0.982982738597973,0.0708861672350266,0,0,0,0
A043,28,151552,496.1083984375,0.15397205189429844,0.0790485143661499,1.4859943929393589,0.03386972158479158,0.9716352583028409,0.9998236995489015,0.9832730679898649,0.06965292884875571,0,0,0,0
A043,29,151552,490.67578125,0.17004663417897925,0.09235262870788574,1.4743596831861479,0.03352785304928087,0.9720455265578681,0.9998237405886328,0.9836491765202703,0.07011207189886134,0,0,0,0
A043,30,151552,487.8984375,0.19241770097267216,0.11171293258666992,1.471673922023532,0.03336517102239119,0.9723411767049536,0.9998209352130565,0.9828573690878378,0.07199054072426751,0,0,0,0
A043,31,151552,483.7470703125,0.21962516120170467,0.1342993974685669,1.4672850437752782,0.03309675085902763,0.9728562932181195,0.9998156900962332,0.9827056059966216,0.0737140788572657,0,0,0,0
A043,32,151552,479.69921875,0.25129611121707746,0.16065382957458496,1.4691488405522195,0.03294797858397978,0.9732551023864056,0.9998097725131364,0.9818412162162162,0.07630717403385968,0,0,0,0
A043,33,151552,478.55078125,0.29100318631948097,0.1940823793411255,1.478010264173327,0.03292378328870625,0.9737011927004822,0.9997985273903306,0.9810494087837838,0.07930770816811332,0,0,0,0
A043,34,151552,441.5673828125,0.3475062827250981,0.2401573657989502,1.387252061768404,0.0307128040387968,0.9767945819608985,0.9997927993699842,0.9790171030405406,0.08489405942655243,0,0,0,0
A043,35,151552,683.029296875,0.4843868455829726,0.34783482551574707,1.966801292771808,0.06509773220782378,0.9891062903101676,0.997917796161976,0.9793998099662162,0.08785716070927556,0,0,0,0
A043,36,151552,278.0806579589844,0.7023318881020296,0.4299025535583496,1.7589558331697057,0.09702204149375258,0.9716649542339743,0.9955692537435188,0.9762259818412162,0.09659646931767847,0,0,0,0
A044,0,131072,0.0027260184288024902,0.00044347654510090706,0.00022582709789276123,0.0007005977359485726,0.03110010540000605,1.0007163826647194,0.9995169943409972,0.9722366333007812,0.08024727951976729,0,0,0,0
A044,1,131072,0.04532337188720703,0.001664397620162461,0.001326749101281166,0.0022078584641312122,0.010810506275360137,1.0015332935542307,0.9999428296305558,0.991424560546875,0.042078932447102944,0,0,0,0
A044,2,131072,0.1507720947265625,0.0024287644449909607,0.0018689744174480438,0.0034235292345455464,0.009034711441351456,1.0006560246031557,0.9999594287944349,0.9913787841796875,0.042220457513438836,0,0,0,0
A044,3,131072,0.3511199951171875,0.0031022178770054865,0.0024401843547821045,0.004369223913794108,0.008919515437401621,1.000912184311814,0.99996067303573,0.9916610717773438,0.04324494994999539,0,0,0,0
A044,4,131072,0.44567108154296875,0.003985894974516402,0.003166358917951584,0.005578682314859779,0.010230666135583747,1.0018219808664335,0.9999494187005096,0.9908905029296875,0.04438404088381549,0,0,0,0
A044,5,131072,0.6224594116210938,0.005135289190196346,0.004052162170410156,0.007224793205460605,0.011259138451004423,1.0014091318682004,0.9999376965208004,0.9908523559570312,0.045728117205817605,0,0,0,0
A044,6,131072,0.8011970520019531,0.0063416422575919285,0.004891693592071533,0.009287270653394715,0.01334789902356312,1.0013968309297525,0.9999120152639526,0.9912338256835938,0.0452003432714021,0,0,0,0
A044,7,131072,298.921875,0.05437549121377927,0.0065354108810424805,0.8959304154920528,0.02354416039709556,0.9779742296254013,0.9999646243601759,0.9859848022460938,0.05698969503095292,0,0,0,0
A044,8,131072,298.060546875,0.05638790493827628,0.008188813924789429,0.8941849203059301,0.023497637882461442,0.9780189649917705,0.9999647383698625,0.9859466552734375,0.05863380162583276,0,0,0,0
A044,9,131072,297.078125,0.05849290887067582,0.010065391659736633,0.8925534140799722,0.023453726696629512,0.9780635857809062,0.9999647921524887,0.9850997924804688,0.06031441982482285,0,0,0,0
A044,10,131072,295.4150390625,0.05930710224049207,0.010743856430053711,0.8889984066227228,0.023360047353786162,0.9781621558972681,0.9999648318139783,0.9845504760742188,0.06230880012758662,0,0,0,0
A044,11,131072,294.6357421875,0.059877126969254846,0.011133968830108643,0.8883401081349956,0.023342047095870056,0.9781802243689586,0.9999648589532257,0.9843978881835938,0.06300121144527221,0,0,0,0
A044,12,131072,293.669921875,0.06058391771161098,0.01181553304195404,0.8876515474189737,0.023323232545229017,0.9782037055799238,0.9999647850823304,0.9846343994140625,0.06287875218959126,0,0,0,0
A044,13,131072,291.806640625,0.06151089213361516,0.01261293888092041,0.8838691214218752,0.023222391972456846,0.9783150052557531,0.9999647145901404,0.9846420288085938,0.06328487513539365,0,0,0,0
A044,14,131072,287.4462890625,0.06286468234763021,0.013750344514846802,0.8725243976849378,0.02292398676784134,0.9786344144095863,0.9999647361053867,0.9840164184570312,0.06523576488540901,0,0,0,0
A044,15,131072,285.1318359375,0.06400987248749956,0.014627829194068909,0.8669404909924873,0.022775559210579412,0.9787956962853518,0.9999646996806418,0.98388671875,0.06625242436765967,0,0,0,0
A044,16,131072,282.5302734375,0.06545471873724651,0.01608368754386902,0.8612953357194332,0.02262636206614051,0.9789565021387158,0.9999646953373512,0.9831924438476562,0.06805198713241702,0,0,0,0
A044,17,131072,342.26171875,0.09087810084290027,0.017695382237434387,1.3293410519803512,0.028444708992182845,0.9734864625275373,0.999945487788258,0.982391357421875,0.07217633063341211,0,0,0,0
A044,18,131072,361.359375,0.0927528614270372,0.019423753023147583,1.3712933040552884,0.029280140055065688,0.9728048065306101,0.9999394801233417,0.9829559326171875,0.07195017489147476,0,0,0,0
A044,19,131072,361.73046875,0.09441428710055533,0.020907171070575714,1.3711020569690144,0.029275329853035527,0.9728190960945093,0.9999392264186838,0.9817047119140625,0.07465409118703534,0,0,0,0
A044,20,131072,362.671875,0.09778588073456085,0.023877739906311035,1.375540774095213,0.02936508722762674,0.972738285337141,0.9999387773343957,0.981658935546875,0.07560131570915679,0,0,0,0
A044,21,131072,365.75,0.10014924699259709,0.026111751794815063,1.3856716412334,0.029579830214974477,0.9725387679199327,0.9999378702977311,0.9811859130859375,0.07640427985787164,0,0,0,0
A044,22,131072,366.4365234375,0.10429011301783042,0.029878944158554077,1.3880496692385142,0.02962686325398966,0.9725114108798348,0.9999372097370337,0.980865478515625,0.0770686255217036,0,0,0,0
A044,23,131072,369.16796875,0.10954924142995281,0.03415113687515259,1.3970701062392927,0.02980969487354603,0.9723647911057302,0.9999357683767619,0.9816970825195312,0.07505674906680752,0,0,0,0
A044,24,131072,371.888671875,0.11672352357717841,0.04071791470050812,1.4073782130895016,0.030015175704954777,0.9721911505205811,0.9999343860190659,0.982208251953125,0.07344878028022336,0,0,0,0
A044,25,131072,371.89453125,0.12704697402634935,0.050089359283447266,1.4083090938689673,0.03001328811504108,0.9722342014775586,0.9999332167621292,0.982177734375,0.07301968767408624,0,0,0,0
A044,26,131072,370.6513671875,0.13763406060449057,0.0596805214881897,1.4065971331581146,0.02995058789342098,0.9723371310672879,0.9999322234061828,0.9820022583007812,0.0732576798598229,0,0,0,0
A044,27,131072,369.9775390625,0.15023584417049562,0.07101991772651672,1.4058757210669064,0.029903153539389434,0.9724456491073737,0.9999306098296548,0.982147216796875,0.07283914656446983,0,0,0,0
A044,28,131072,368.1083984375,0.16554945435993318,0.08449482917785645,1.4024879797512877,0.029789817893638666,0.9726347563054467,0.9999287622168682,0.9825515747070312,0.07245150649595906,0,0,0,0
A044,29,131072,362.67578125,0.18278689493111244,0.09890580177307129,1.3910529817988466,0.029484419860354886,0.9730203421783443,0.9999273247062798,0.9825592041015625,0.07262839926835962,0,0,0,0
A044,30,131072,359.8984375,0.20551621415829402,0.11835134029388428,1.3891513691443076,0.029367636608102425,0.9732738821281371,0.9999238792357591,0.9814987182617188,0.07485749291357728,0,0,0,0
A044,31,131072,355.7470703125,0.23332302291242257,0.14263916015625,1.385167447112733,0.02915515535517826,0.9737167918692121,0.9999182431403725,0.9822158813476562,0.07554865389962169,0,0,0,0
A044,32,131072,351.69921875,0.2665134307211616,0.16957592964172363,1.3902368466433148,0.029126189012557334,0.9740206394547568,0.999910983553617,0.9810714721679688,0.07837818506703859,0,0,0,0
A044,33,131072,350.55078125,0.30637188789660286,0.20344853401184082,1.399645828953257,0.02915874852341047,0.9744109030810129,0.999899718520337,0.9803466796875,0.0817827216191955,0,0,0,0
A044,34,131072,313.5673828125,0.3649265161434414,0.25004178285598755,1.3012347024416624,0.026959253192013227,0.9775146960789607,0.9998868495577945,0.9786605834960938,0.08714877143848779,0,0,0,0
A044,35,131072,555.029296875,0.4906442125554804,0.3498704433441162,1.84602606740908,0.05783467246757994,0.9835568450053485,0.9984370644112405,0.9789581298828125,0.08875461513086962,0,0,0,0
A044,36,131072,329.82373046875,0.7174989684316415,0.43115234375,1.835303620855317,0.0971072993015852,0.9628550493906459,0.9958196821904959,0.9759674072265625,0.09715365266343991,0,0,0,0
A045,0,135168,0.0027260184288024902,0.0004145449814986381,0.00021829083561897278,0.0006487155365934501,0.029086718576955453,1.00070358925694,0.9995775261681829,0.9752826112689394,0.07337191505763396,0,0,0,0
A045,1,135168,0.04532337188720703,0.0016643167453153321,0.001318521797657013,0.0022126767480767136,0.011073831812946647,1.0014387715020878,0.999939806760524,0.9919211647727273,0.04060656600348529,0,0,0,0
A045,2,135168,0.24414443969726562,0.002483940251027858,0.0018970966339111328,0.0035230502850212616,0.009633077504260203,1.0009658644162553,0.9999541126768663,0.9920321377840909,0.040382304957115214,0,0,0,0
A045,3,135168,0.3528327941894531,0.00315477562984921,0.00248824805021286,0.004477314323762704,0.009732102463522595,1.0014400829911276,0.9999537466190377,0.9921135179924242,0.04190986604575768,0,0,0,0
A045,4,135168,0.44567108154296875,0.004141487648141581,0.0032787024974823,0.005847535374359499,0.011262834878719348,1.0026718354738324,0.9999403031278675,0.9913884943181818,0.042987271849868086,0,0,0,0
A045,5,135168,0.6224594116210938,0.005522546184109119,0.0043153315782547,0.007777766745937195,0.01243342122749309,1.0023971130701432,0.9999257560649323,0.9912775213068182,0.04384949318846586,0,0,0,0
A045,6,135168,0.8011970520019531,0.006738041283471595,0.005175068974494934,0.009627266607006225,0.013975036742037181,1.002015680235012,0.9999045730077367,0.9912849195075758,0.04473726912063652,0,0,0,0
A045,7,135168,234.921875,0.05274774549633838,0.0067014992237091064,0.724712042776033,0.019428363500753203,0.9824553338832305,0.9999645551320423,0.9863429214015151,0.056000787323638654,0,0,0,0
A045,8,135168,234.060546875,0.05456861307920297,0.008296459913253784,0.7231856935760929,0.019386932485864528,0.9825002852423417,0.9999645734786757,0.9857066761363636,0.05826389422588934,0,0,0,0
A045,9,135168,233.078125,0.05645050700044604,0.010054819285869598,0.7218668486706086,0.019350886803984654,0.9825443365560563,0.9999645020426887,0.9855291193181818,0.0595955192099421,0,0,0,0
A045,10,135168,231.4150390625,0.05699984025082386,0.010471224784851074,0.7186942847724714,0.01926564229940855,0.9826430469752611,0.9999644320716858,0.9852109966856061,0.06150061755859598,0,0,0,0
A045,11,135168,230.6357421875,0.05719951105784689,0.010534487664699554,0.7184245992231872,0.019257767182059984,0.9826609358576082,0.9999642712715335,0.9848410866477273,0.06214794007462402,0,0,0,0
A045,12,135168,229.669921875,0.05780391385453089,0.011131837964057922,0.7182375777291005,0.01925215837120721,0.982683940659703,0.9999639763671992,0.9855883049242424,0.06103682633476177,0,0,0,0
A045,13,135168,227.806640625,0.059029448213347234,0.011886179447174072,0.7149733217794552,0.01916347421920258,0.9827963635219017,0.9999637393672148,0.9849224668560606,0.06204432580722495,0,0,0,0
A045,14,135168,223.4462890625,0.06004874835349311,0.012932360172271729,0.7041019538117242,0.01887185807139662,0.9831165962228028,0.999963840655198,0.9840716737689394,0.06409910649954537,0,0,0,0
A045,15,135168,221.1318359375,0.06177151077861426,0.013803135603666306,0.6990105048994786,0.018733788792999712,0.9832772473612358,0.9999637414641129,0.9843084161931818,0.06499020853975979,0,0,0,0
A045,16,135168,218.5302734375,0.06341403852469063,0.015538958832621574,0.6939958991854498,0.018598692842980713,0.9834380474149449,0.9999635904355008,0.9831099076704546,0.06847865163099763,0,0,0,0
A045,17,135168,470.26171875,0.08962626246125183,0.01691444218158722,1.494660307729815,0.03244253337854195,0.972430023222623,0.9998496476118948,0.9830951112689394,0.07096701975682024,0,0,0,0
A045,18,135168,489.359375,0.09156547643908997,0.018599022179841995,1.5422007009932839,0.03340250199937258,0.9717267949687193,0.9998372212134542,0.9830655184659091,0.07146082013875574,0,0,0,0
A045,19,135168,489.73046875,0.09298711693752397,0.02011798322200775,1.542339475627978,0.0334046709277197,0.9717422350091146,0.9998367001319506,0.9821037523674242,0.07395643208544075,0,0,0,0
A045,20,135168,490.671875,0.09646263316475231,0.023097071796655655,1.5465710430409128,0.033490454610067465,0.9716617867111095,0.9998360765947886,0.9814823035037878,0.07515542932375005,0,0,0,0
A045,21,135168,493.75,0.09890037658982292,0.025350064039230347,1.5567343793693926,0.03370844640583055,0.9714634757167916,0.9998343086750168,0.9811271898674242,0.07610023271406151,0,0,0,0
A045,22,135168,494.4365234375,0.1028538713981158,0.028788268566131592,1.559351830774025,0.033760555869911384,0.9714367710401345,0.9998332793787064,0.9809792258522727,0.0763365962789915,0,0,0,0
A045,23,135168,497.16796875,0.10797529276551772,0.03303602337837219,1.568589289796509,0.03394946944784278,0.9712913239308543,0.9998309578259088,0.9816672585227273,0.07471002831411029,0,0,0,0
A045,24,135168,499.888671875,0.114893901450242,0.039117008447647095,1.5786839431641222,0.03415073808397384,0.97112226381944,0.9998288839226797,0.9821703361742424,0.07305317610300009,0,0,0,0
A045,25,135168,499.89453125,0.12477570435199789,0.04788011312484741,1.5795023961923094,0.03414233844360834,0.9711736112213165,0.9998276628501274,0.9825032552083334,0.07241406063640948,0,0,0,0
A045,26,135168,498.6513671875,0.1354155670402854,0.057291023433208466,1.5775052998921362,0.03406730588868504,0.9712837686109929,0.9998270539485049,0.9823626893939394,0.07220757226098046,0,0,0,0
A045,27,135168,497.9775390625,0.14811679448359538,0.06875854730606079,1.5767061254436932,0.03401434388970091,0.9713968688549163,0.9998255931793649,0.9824440696022727,0.07257354721707403,0,0,0,0
A045,28,135168,496.1083984375,0.16256871584550248,0.0808984637260437,1.5730255337973527,0.0338873025245623,0.9715939926093783,0.9998242846193421,0.9826364228219697,0.071739414813608,0,0,0,0
A045,29,135168,490.67578125,0.17933066475004097,0.09501433372497559,1.5605857466720892,0.03354610131909734,0.9720009323412753,0.9998243864215588,0.9827621922348485,0.07198204660583887,0,0,0,0
A045,30,135168,487.8984375,0.20207353932551775,0.11467242240905762,1.5574639487436897,0.033390416387307484,0.9722794104396704,0.9998218162303827,0.9817190459280303,0.07445263331751846,0,0,0,0
A045,31,135168,483.7470703125,0.23121925028843207,0.14001435041427612,1.5525007469895973,0.033129685154393664,0.9727721902165148,0.9998169034762676,0.9817190459280303,0.07576350694987934,0,0,0,0
A045,32,135168,479.69921875,0.2635606354659682,0.16670647263526917,1.5540446673507844,0.032999100271003036,0.9731117533072583,0.9998119625997516,0.9814601089015151,0.07809817962316039,0,0,0,0
A045,33,135168,478.55078125,0.304256858816657,0.2011399269104004,1.5626557097203406,0.03298634414986878,0.9735393701386496,0.9998007610274359,0.9800766453598485,0.0817950803044406,0,0,0,0
A045,34,135168,441.5673828125,0.36226244827897364,0.24885010719299316,1.4650558067014094,0.030760784053024022,0.9766260353086126,0.9997952729111731,0.9785378196022727,0.08710706822151013,0,0,0,0
A045,35,135168,683.029296875,0.4967958647827221,0.3518252372741699,2.075200322377167,0.0660812215658187,0.9888122726989701,0.9978552235249407,0.9793516216856061,0.08901592440461918,0,0,0,0
A045,36,135168,278.0806579589844,0.7299913571680945,0.4374730587005615,1.8446939794551533,0.09865323317984268,0.9709643094614104,0.9954223914282107,0.9754009824810606,0.0985452160455244,0,0,0,0
A046,0,126976,0.0027260184288024902,0.0004079392940492389,0.00021661818027496338,0.0006441904217391041,0.028523284131993207,1.0006837879346702,0.9995937227216338,0.9748377646169355,0.07338390121918845,0,0,0,0
A046,1,126976,0.04532337188720703,0.0016817707828476701,0.0013326248154044151,0.00223876056730905,0.010886176246627365,1.0011961049925862,0.9999415308521805,0.9919827368951613,0.039963772347720895,0,0,0,0
A046,2,126976,0.1507720947265625,0.0024498513804675688,0.0018736626952886581,0.003447794964899035,0.009248031790989543,1.0004938379917954,0.999957379939382,0.9920536164314516,0.03976120396267522,0,0,0,0
A046,3,126976,0.3511199951171875,0.0031814547643710784,0.0025095082819461823,0.004450813424845644,0.009452143724400033,1.0011335923542146,0.9999560208597366,0.9922347530241935,0.0417569507802163,0,0,0,0
A046,4,126976,0.44567108154296875,0.004133067165333438,0.0032844319939613342,0.00574850931342308,0.010852245777961156,1.0020390065604328,0.9999433087484972,0.9912896925403226,0.04284580592488225,0,0,0,0
A046,5,126976,0.6224594116210938,0.005364524108668525,0.004228699952363968,0.0074496945665380255,0.01180287775602861,1.0014633342065926,0.9999315169254641,0.9918173513104839,0.04330413174262013,0,0,0,0
A046,6,126976,0.8011970520019531,0.006567583952711366,0.005058165639638901,0.009545251735978958,0.013812932243891936,1.0015324512370587,0.9999059198280857,0.9912503150201613,0.04469182333499159,0,0,0,0
A046,7,126976,298.921875,0.05609011884744617,0.006730198860168457,0.9102674171531276,0.02354421229754392,0.9779741708517607,0.9999646244322676,0.9861391129032258,0.05664706151861431,0,0,0,0
A046,8,126976,298.060546875,0.05808737752848232,0.008387602865695953,0.9084931380585816,0.023497732080306026,0.9780188445635816,0.9999647388089805,0.9856114541330645,0.05897284953963692,0,0,0,0
A046,9,126976,297.078125,0.06004651584537295,0.01010538637638092,0.90683090123179,0.023453829567817358,0.9780632730577621,0.999964796688335,0.9850444178427419,0.060523216321398676,0,0,0,0
A046,10,126976,295.4150390625,0.06078205298859801,0.010737709701061249,0.9032170399197633,0.02336012017492646,0.9781619910934267,0.9999648337482907,0.9849971648185484,0.06215698149679506,0,0,0,0
A046,11,126976,294.6357421875,0.061289929627191084,0.011038541793823242,0.9025436481555675,0.02334205553840497,0.9781801278423098,0.9999648609014719,0.9839339717741935,0.06391834849238541,0,0,0,0
A046,12,126976,293.669921875,0.061936282342531415,0.011652424931526184,0.9018433959194928,0.02332321705348616,0.9782034145265597,0.9999647919265054,0.9847924017137096,0.0632412607054642,0,0,0,0
A046,13,126976,291.806640625,0.062755717129166,0.012373462319374084,0.897995787147766,0.023222363116062378,0.9783146124607797,0.9999647239675818,0.9843986265120968,0.06395014727234917,0,0,0,0
A046,14,126976,287.4462890625,0.06412883929459484,0.013614356517791748,0.8864670967475972,0.022923928748180656,0.9786341147903884,0.9999647439950136,0.9836583291330645,0.06596106620599416,0,0,0,0
A046,15,126976,285.1318359375,0.06518472129409526,0.014368653297424316,0.8807899813846702,0.02277534977554737,0.9787953527189863,0.9999647119845363,0.9836662046370968,0.06660170271711648,0,0,0,0
A046,16,126976,282.5302734375,0.06664132375722294,0.015865646302700043,0.8750513962115679,0.022626281692219904,0.9789553020377195,0.9999647229496839,0.9832724294354839,0.06846946434962203,0,0,0,0
A046,17,126976,342.26171875,0.09285429994413115,0.017504125833511353,1.3505927549269419,0.028444802220448095,0.9734851392729851,0.9999455210307233,0.9821934853830645,0.07222064710502471,0,0,0,0
A046,18,126976,361.359375,0.09481220835120821,0.019306302070617676,1.393216817285617,0.02928022506967633,0.9728040956740353,0.9999394973928746,0.9823037424395161,0.07253667548684234,0,0,0,0
A046,19,126976,361.73046875,0.09643383085596079,0.020780429244041443,1.3930227680691112,0.029275627415362555,0.9728180184423582,0.9999392475072809,0.9810909148185484,0.07552614426138678,0,0,0,0
A046,20,126976,362.671875,0.09976492563960128,0.023630768060684204,1.3975301556226152,0.02936566017988552,0.9727366309534098,0.9999388063005749,0.9813980594758065,0.0758710240763338,0,0,0,0
A046,21,126976,365.75,0.10213519924337605,0.025807753205299377,1.407819292696766,0.029580202455780448,0.9725368713164612,0.9999379124104198,0.9812247983870968,0.07643664129625014,0,0,0,0
A046,22,126976,366.4365234375,0.10636748560427034,0.029648542404174805,1.4102277521104223,0.02962723735419628,0.9725090823964624,0.9999372640087553,0.9806892641129032,0.07782796381630608,0,0,0,0
A046,23,126976,369.16796875,0.11153977908357744,0.03377842903137207,1.4193885096469119,0.0298105766615447,0.972361941847138,0.9999358221372825,0.9815398185483871,0.07542870521558742,0,0,0,0
A046,24,126976,371.888671875,0.11872411779473448,0.040286123752593994,1.429850367167648,0.030016642786657662,0.9721868415556486,0.9999344636976744,0.981720955141129,0.07391737158257265,0,0,0,0
A046,25,126976,371.89453125,0.1293584857662095,0.05006691813468933,1.430786241518472,0.03001464346028456,0.9722308670074269,0.9999332699262644,0.9823116179435484,0.07335173455514324,0,0,0,0
A046,26,126976,370.6513671875,0.14010505043120247,0.05979767441749573,1.4290366379868842,0.029952653904470335,0.9723328018276907,0.9999322826397665,0.9818863407258065,0.07336356978352379,0,0,0,0
A046,27,126976,369.9775390625,0.152914172006897,0.07161712646484375,1.428299691665028,0.029907135586148922,0.9724360875937189,0.9999307576644121,0.9820596018145161,0.07357070354862474,0,0,0,0
A046,28,126976,368.1083984375,0.1681850282454962,0.08511066436767578,1.4247992559080278,0.029794966890925673,0.9726224653269768,0.9999289494885296,0.9823588709677419,0.07352736133986273,0,0,0,0
A046,29,126976,362.67578125,0.18548895948173771,0.0996587872505188,1.4131325036140352,0.029493598641140414,0.9730068527949313,0.9999274196454198,0.9819414692540323,0.07443096264433004,0,0,0,0
A046,30,126976,359.8984375,0.20878160694341968,0.11972630023956299,1.4111363101806766,0.029380496709072383,0.9732572572845227,0.999923946470567,0.9809964087701613,0.07692054956854931,0,0,0,0
A046,31,126976,355.7470703125,0.23646069105138262,0.14388632774353027,1.4069219798552044,0.02917888317124501,0.9736900090086262,0.9999182534504405,0.9812247983870968,0.07845215160529165,0,0,0,0
A046,32,126976,351.69921875,0.27011592250811456,0.17144036293029785,1.4120302265643232,0.029153605044361857,0.973996154114731,0.9999108144906304,0.9805475050403226,0.08043548769597568,0,0,0,0
A046,33,126976,350.55078125,0.31158303755851635,0.20772886276245117,1.4216913587761295,0.029196083376125594,0.9743698283549911,0.9998996758826758,0.9798387096774194,0.08339269952138581,0,0,0,0
A046,34,126976,313.5673828125,0.37149558288283224,0.25648194551467896,1.321552299464501,0.02700983304397979,0.9774351588138783,0.9998872769097165,0.9778462071572581,0.08939718099631838,0,0,0,0
A046,35,126976,555.029296875,0.5032905935390919,0.3609786033630371,1.8766233644326817,0.05841725576409432,0.9834165337326076,0.9984047632361553,0.9787991431451613,0.09005094157178396,0,0,0,0
A046,36,126976,329.82373046875,0.7376534740561188,0.4486449360847473,1.8624232833058918,0.0976997911120709,0.9629299111968176,0.9957571897993536,0.9746014994959677,0.1001929696102856,0,0,0,0
A047,0,135168,0.0027260184288024902,0.0004229485987597207,0.00022403523325920105,0.0006572322033407872,0.02923666941766869,1.000706585295612,0.9995731598110719,0.9746537642045454,0.07502786358472216,0,0,0,0
A047,1,135168,0.04532337188720703,0.0016987459246736894,0.0013418905436992645,0.0022674539979496513,0.011206280019171103,1.0018595273050395,0.9999390518996216,0.9921505089962122,0.040273340208730635,0,0,0,0
A047,2,135168,0.24414443969726562,0.0024830318780999505,0.0018948744982481003,0.0035383718394265246,0.009654402169073565,1.0010813945322548,0.9999540306774206,0.9921283143939394,0.039693422716922666,0,0,0,0
A047,3,135168,0.3528327941894531,0.0031187767532125663,0.0024523064494132996,0.004432476651567523,0.009614996443796358,1.0014935970371082,0.9999549586114322,0.9925870028409091,0.04103079020261005,0,0,0,0
A047,4,135168,0.44567108154296875,0.00398345290780829,0.0031523704528808594,0.00563169997391148,0.010979896014327403,1.0024447253728401,0.9999428490013286,0.991506865530303,0.042623861251437814,0,0,0,0
A047,5,135168,0.6224594116210938,0.00528371397331112,0.0041473545134067535,0.007469296837248247,0.01213906632292369,1.0020661488905924,0.9999286035357485,0.9917584043560606,0.04340657072936765,0,0,0,0
A047,6,135168,0.8011970520019531,0.006547317804197725,0.005048833787441254,0.00944929046420537,0.013927726945124595,1.0020328105714955,0.999905267942808,0.9911369554924242,0.044839265912318696,0,0,0,0
A047,7,135168,234.921875,0.05259877857207412,0.006635650992393494,0.7247092703970456,0.019428383536570244,0.9824551151084211,0.9999645586348356,0.986764618844697,0.05569372845439255,0,0,0,0
A047,8,135168,234.060546875,0.05438658026444252,0.00815574824810028,0.7231817840391819,0.01938693102906529,0.9824998859808516,0.9999645806045189,0.9858768347537878,0.057993733955218514,0,0,0,0
A047,9,135168,233.078125,0.05627435188983492,0.009871125221252441,0.7218636316596188,0.019350856248716835,0.9825442456711921,0.9999645042558246,0.9852627840909091,0.0594157815880703,0,0,0,0
A047,10,135168,231.4150390625,0.05711996086998197,0.010570675134658813,0.7186992140246332,0.019265784470429547,0.9826434119269234,0.9999644228512221,0.9851518110795454,0.06110463404717911,0,0,0,0
A047,11,135168,230.6357421875,0.05769564983750046,0.010984107851982117,0.7184395929189286,0.01925816271693733,0.982661593635542,0.9999642519375813,0.9849076704545454,0.06135650826431999,0,0,0,0
A047,12,135168,229.669921875,0.05872762420893085,0.011932387948036194,0.7182668696379582,0.01925281067291562,0.9826848359262296,0.9999639478450693,0.9854551373106061,0.06145629810583456,0,0,0,0
A047,13,135168,227.806640625,0.06004482609865025,0.012849047780036926,0.7150079148459807,0.019164131214846242,0.9827974158015017,0.9999637081757817,0.9850112452651515,0.06220523388553939,0,0,0,0
A047,14,135168,223.4462890625,0.061328416071195206,0.014199793338775635,0.7041507586050836,0.018872883620974917,0.9831174436798591,0.9999638064461531,0.9843823982007576,0.06470848962318904,0,0,0,0
A047,15,135168,221.1318359375,0.06310740843292362,0.015120744705200195,0.6990619192502688,0.01873497382957951,0.9832782896320841,0.999963701198573,0.9838423295454546,0.06590688649338522,0,0,0,0
A047,16,135168,218.5302734375,0.06481540053587334,0.01693865656852722,0.6940553008906921,0.018600031312864366,0.9834386937514654,0.9999635542608617,0.9825772372159091,0.06975625560605449,0,0,0,0
A047,17,135168,470.26171875,0.09090513560357233,0.018319368362426758,1.4946869534978942,0.032442959652479716,0.9724301598912607,0.9998496295366731,0.9822221235795454,0.07249784269048828,0,0,0,0
A047,18,135168,489.359375,0.09296329564663072,0.020197466015815735,1.5422334467304077,0.03340307949193098,0.9717267073982995,0.9998372038956037,0.9827547940340909,0.07241742237984827,0,0,0,0
A047,19,135168,489.73046875,0.09445505905705431,0.02175930142402649,1.5423743070336704,0.03340543896342933,0.9717420350661538,0.9998366795102596,0.9814379142992424,0.07561153573040558,0,0,0,0
A047,20,135168,490.671875,0.09792854372329884,0.02473914623260498,1.5466140274951246,0.033491365830044986,0.9716620069672127,0.9998360388006582,0.9814009232954546,0.07594969002991811,0,0,0,0
A047,21,135168,493.75,0.10044419929335452,0.026983052492141724,1.5567822471727333,0.03370937469908395,0.9714634832609504,0.9998342762437533,0.9814527107007576,0.07706005880517604,0,0,0,0
A047,22,135168,494.4365234375,0.10466092720089605,0.03089910000562668,1.559408314445593,0.03376168248671702,0.9714366201226298,0.9998332446360355,0.9803207859848485,0.07785784536612428,0,0,0,0
A047,23,135168,497.16796875,0.10987067605005353,0.03531306982040405,1.5686566663755943,0.03395090876080988,0.9712914093359484,0.9998309050071834,0.9813861268939394,0.0757185249308619,0,0,0,0
A047,24,135168,499.888671875,0.11690388981528624,0.04145757853984833,1.5787628389365291,0.034152285127029176,0.9711221322855127,0.9998288334059078,0.9821629379734849,0.07372670780752728,0,0,0,0
A047,25,135168,499.89453125,0.12761391205799555,0.051232874393463135,1.5796421464005508,0.034144369090198745,0.9711738645532845,0.9998275839847024,0.9825624408143939,0.0726175843408612,0,0,0,0
A047,26,135168,498.6513671875,0.13834581936466198,0.06092071533203125,1.5776689441899225,0.0340711950640582,0.9712825767498003,0.999826952555822,0.982473662405303,0.07290870333327305,0,0,0,0
A047,27,135168,497.9775390625,0.1515315487028574,0.07299947738647461,1.5769385556548365,0.03401847307936578,0.9713995826532986,0.9998253691661473,0.9822961055871212,0.07336783376210114,0,0,0,0
A047,28,135168,496.1083984375,0.1667152769220703,0.0861467719078064,1.573354016140025,0.033894532754298407,0.9715956593102222,0.9998239839910094,0.9819927793560606,0.0735298954730721,0,0,0,0
A047,29,135168,490.67578125,0.18413233698708031,0.10106611251831055,1.5610225875324233,0.03355975489427603,0.9719943732480584,0.999824102881557,0.9827252012310606,0.07352807890454657,0,0,0,0
A047,30,135168,487.8984375,0.20759750363307225,0.12183904647827148,1.5581300696194744,0.033404574415930206,0.9722863480843996,0.9998211334088482,0.9816968513257576,0.07546146714072524,0,0,0,0
A047,31,135168,483.7470703125,0.2361037044738003,0.1458371877670288,1.553331866686937,0.03315661430655523,0.9727751927676371,0.9998159025095948,0.9813195430871212,0.07689636556357304,0,0,0,0
A047,32,135168,479.69921875,0.2694399786504563,0.17338109016418457,1.5552526710192671,0.03303948607756115,0.9731182782785915,0.9998104132427683,0.9810458096590909,0.07923867651350831,0,0,0,0
A047,33,135168,478.55078125,0.3109548517942323,0.20829790830612183,1.564366574428278,0.03302898585582297,0.9735560288592633,0.9997988660717195,0.9797659209280303,0.08285918806549648,0,0,0,0
A047,34,135168,441.5673828125,0.36897317254023976,0.254619836807251,1.4674079477240367,0.030801930794358362,0.9766466898986154,0.9997934862974803,0.9783750591856061,0.08758520789464204,0,0,0,0
A047,35,135168,683.029296875,0.5028876110546028,0.3583945035934448,2.0770112088595742,0.06602271403685851,0.9887901403160653,0.9978593345331568,0.9789743134469697,0.08974315756783838,0,0,0,0
A047,36,135168,278.0806579589844,0.7360957628688166,0.44152402877807617,1.8468917294567886,0.09827191490374218,0.9707555635607664,0.9954663498584987,0.9750754616477273,0.09916033959553183,0,0,0,0
A048,0,139264,0.0027260184288024902,0.0004349421022411929,0.00023265182971954346,0.0006665731192502422,0.029707027697090594,1.0006487911941497,0.9995592426771789,0.9746740004595589,0.07585629655394921,0,0,0,0
A048,1,139264,0.04532337188720703,0.0016940431882475464,0.0013300403952598572,0.002267290664082321,0.011048540934031422,1.0014956452750872,0.9999401728292349,0.9919864430147058,0.03985086826920225,0,0,0,0
A048,2,139264,0.24414443969726562,0.002413336142900428,0.0018377956002950668,0.0034501844113952467,0.00953802844253498,1.0009283130412638,0.9999549856766495,0.9922880284926471,0.03948375488431572,0,0,0,0
A048,3,139264,0.3528327941894531,0.0030673966040223257,0.002416040748357773,0.004368469413809564,0.009609353485777666,1.0013361902114377,0.9999547832830675,0.9926111557904411,0.04118122137520014,0,0,0,0
A048,4,139264,0.44567108154296875,0.004049299057112756,0.0032013505697250366,0.005726087021851912,0.011130173401628442,1.0021171451217223,0.9999404268966636,0.9915340647977942,0.04238171063573046,0,0,0,0
A048,5,139264,0.6224594116210938,0.005216713229595584,0.0040770024061203,0.007352299604400866,0.011975384819342147,1.0016766950513514,0.9999298184054943,0.9915197035845589,0.04371994227651831,0,0,0,0
A048,6,139264,0.8011970520019531,0.006424406048727647,0.0049671269953250885,0.00921418590447083,0.013552426307641715,1.0017544311360735,0.9999098630240104,0.9911678538602942,0.04481910323796695,0,0,0,0
A048,7,139264,234.921875,0.05113541232174826,0.006489172577857971,0.7139711462397775,0.019428231235358927,0.9824554550055791,0.9999645555889995,0.9867015165441176,0.055244376642284584,0,0,0,0
A048,8,139264,234.060546875,0.053033790672918045,0.008134350180625916,0.7124688934892465,0.019386802196827754,0.9825002895780104,0.9999645759724939,0.9865148207720589,0.056786871497756436,0,0,0,0
A048,9,139264,233.078125,0.05504510483321129,0.009982138872146606,0.7111742037148743,0.01935070877085023,0.9825445379444058,0.9999645019784519,0.985595703125,0.05893512274099436,0,0,0,0
A048,10,139264,231.4150390625,0.05572049670218897,0.01051756739616394,0.7080513797321988,0.019265480447238508,0.9826433623789398,0.99996442968526,0.9853659237132353,0.06054673934741387,0,0,0,0
A048,11,139264,230.6357421875,0.055862693876265974,0.010531216859817505,0.7077852951214105,0.019257581882597137,0.9826616883562369,0.9999642616527429,0.9846909466911765,0.06127134411480991,0,0,0,0
A048,12,139264,229.669921875,0.056369542608856994,0.010956227779388428,0.7076009655821608,0.019252016069939547,0.9826847762527857,0.9999639644619247,0.9854161879595589,0.06119379256259466,0,0,0,0
A048,13,139264,227.806640625,0.057593828858246605,0.011736147105693817,0.7043837188826421,0.019163302596141695,0.9827971873641083,0.9999637283232379,0.9851648667279411,0.061625201081023484,0,0,0,0
A048,14,139264,223.4462890625,0.058633540570467095,0.012834489345550537,0.6936749447939036,0.018871706783260257,0.9831171046168531,0.9999638348473122,0.9843103745404411,0.06416043195757538,0,0,0,0
A048,15,139264,221.1318359375,0.06022340105308016,0.01363113522529602,0.6886539333429423,0.018733585556134434,0.9832780772871149,0.9999637312525219,0.9838292738970589,0.0652537247797722,0,0,0,0
A048,16,139264,218.5302734375,0.061771591810029614,0.015245646238327026,0.6837126708206943,0.018598439647112032,0.9834386229273195,0.9999635855532346,0.9834702435661765,0.06773919666324414,0,0,0,0
A048,17,139264,470.26171875,0.08727448316012536,0.016599386930465698,1.4725160564101705,0.03244220383666991,0.9724307109407776,0.9998496392147741,0.9829388786764706,0.07078634547131879,0,0,0,0
A048,18,139264,489.359375,0.08924542211100824,0.018359512090682983,1.519354224172027,0.03340214814054471,0.9717276394176667,0.9998372089489524,0.9826444738051471,0.07136085020571602,0,0,0,0
A048,19,139264,489.73046875,0.09066178622110917,0.019893497228622437,1.5194918323002313,0.03340419489042417,0.9717435104289293,0.9998366796227643,0.9819192325367647,0.07375289507190722,0,0,0,0
A048,20,139264,490.671875,0.09406036679305216,0.022699370980262756,1.5236628384174407,0.03348988041227135,0.9716640039178173,0.9998360320981459,0.9818330652573529,0.07443682713751201,0,0,0,0
A048,21,139264,493.75,0.09653304990749068,0.024990320205688477,1.5336769096461713,0.03370780559723604,0.9714655632091618,0.9998342699487213,0.9815745634191176,0.07540622679945239,0,0,0,0
A048,22,139264,494.4365234375,0.10060857041604182,0.028702378273010254,1.5362558006972487,0.03375987878841184,0.9714388744386627,0.9998332414261967,0.9806195427389706,0.07662256670875787,0,0,0,0
A048,23,139264,497.16796875,0.10575750064455246,0.032860010862350464,1.5453607928071917,0.03394861638125325,0.9712935112778073,0.9998309233740207,0.9817971622242647,0.07469597886096413,0,0,0,0
A048,24,139264,499.888671875,0.1126584160628601,0.038821011781692505,1.5553129043357146,0.03414882345759751,0.9711266248943705,0.9998288223466303,0.9825367647058824,0.07240376109160564,0,0,0,0
A048,25,139264,499.89453125,0.12288834200574804,0.047953128814697266,1.5561496947113111,0.03413971822900765,0.9711819249045359,0.9998275097075244,0.9830035041360294,0.07154599761485825,0,0,0,0
A048,26,139264,498.6513671875,0.13330855963079102,0.05719125270843506,1.5541971722555157,0.03406506146793702,0.9712924005201242,0.9998268790403706,0.9827952665441176,0.07152881244637042,0,0,0,0
A048,27,139264,497.9775390625,0.1459050350251399,0.06839127838611603,1.5534184967475122,0.03400917226799538,0.9714096793415047,0.9998253994322829,0.9829676011029411,0.07162133578241982,0,0,0,0
A048,28,139264,496.1083984375,0.16066807522460133,0.08114337921142578,1.549850408640781,0.03388093592236738,0.9716122217165588,0.9998239771714168,0.9829029756433824,0.07144756308781443,0,0,0,0
A048,29,139264,490.67578125,0.17764085141102975,0.09540176391601562,1.5376490024293352,0.03353883493289849,0.9720219204306414,0.9998240366266047,0.9830250459558824,0.07196027926154523,0,0,0,0
A048,30,139264,487.8984375,0.19966079991119093,0.11418867111206055,1.5346231527519296,0.03338213604111984,0.9723081370642609,0.9998212872439464,0.9818546070772058,0.074629583891008,0,0,0,0
A048,31,139264,483.7470703125,0.22688915845716404,0.13702261447906494,1.529641568026035,0.033115739612989296,0.9728164113047413,0.9998161499376418,0.9820987477022058,0.07551859490351799,0,0,0,0
A048,32,139264,479.69921875,0.2585515242301426,0.16300034523010254,1.5312006991309763,0.03298105009058544,0.9731769211425687,0.9998107887180192,0.9815458409926471,0.07837850502453286,0,0,0,0
A048,33,139264,478.55078125,0.2989686428353546,0.19785678386688232,1.5397663367589833,0.03296532127691334,0.9735950931350303,0.9997999716190603,0.9800091911764706,0.0819751125352803,0,0,0,0
A048,34,139264,441.5673828125,0.3549415249848714,0.2420821189880371,1.4436119576926574,0.030733489804376235,0.9766755150606589,0.9997949596402819,0.9784079159007353,0.08741238095378889,0,0,0,0
A048,35,139264,683.029296875,0.4921394867506024,0.34964585304260254,2.0463242392939365,0.0658320275919759,0.9889035322515715,0.9978710136413451,0.9790110868566176,0.08993034818670759,0,0,0,0
A048,36,139264,278.0806579589844,0.7211717108613598,0.4323306083679199,1.8225161477184992,0.09901968369660863,0.9707698996524426,0.9953899997330713,0.9756218405330882,0.0990504172117549,0,0,0,0
A049,0,159744,0.0027260184288024902,0.0004103893275220262,0.00023599714040756226,0.0006282701695685345,0.027309211608770825,1.000408405895835,0.9996273390752605,0.9777331229967948,0.06894420353272764,0,0,0,0
A049,1,159744,0.04532337188720703,0.0016067973437394118,0.0012800134718418121,0.0021317337877430616,0.010888973982432349,1.0011723065216258,0.9999414708881551,0.9924504206730769,0.038632452333312514,0,0,0,0
A049,2,159744,0.24414443969726562,0.002376890434503637,0.0018202755600214005,0.0033697145134223908,0.009694619501779451,1.0010213460941628,0.9999535761650823,0.9925130208333334,0.038137269476285665,0,0,0,0
A049,3,159744,0.3528327941894531,0.003021877839065231,0.002382434904575348,0.004270598892732745,0.009779911303639015,1.0012653942536263,0.9999530367058376,0.9924629407051282,0.04001135052018131,0,0,0,0
A049,4,159744,0.44567108154296875,0.003974985145739596,0.0031636273488402367,0.005560662379866611,0.011335358413183848,1.002075113598214,0.999938036454441,0.9914362980769231,0.04230096999719316,0,0,0,0
A049,5,159744,0.6224594116210938,0.0052176198150321465,0.0041072554886341095,0.007296446670751883,0.0123173754966902,1.0015069131179686,0.99992538895637,0.9915051582532052,0.04367011740217856,0,0,0,0
A049,6,159744,0.8011970520019531,0.006542136471508888,0.005073778331279755,0.009291410122341746,0.013888136871890059,1.0009976712360966,0.9999041531247319,0.9909417568108975,0.04477034400419239,0,0,0,0
A049,7,159744,234.921875,0.04580787372693953,0.006645500659942627,0.6666490787550515,0.01942812987122776,0.9824560051307537,0.9999645477894393,0.9871857471955128,0.05389837466831871,0,0,0,0
A049,8,159744,234.060546875,0.04771877519509615,0.008283421397209167,0.6652535065001554,0.01938681496094677,0.9825011178442479,0.9999645609982704,0.9866599058493589,0.056088696759021894,0,0,0,0
A049,9,159744,233.078125,0.049683565084362086,0.010037064552307129,0.6640516118253039,0.019350863807138314,0.9825459830024561,0.9999644733061155,0.9862905649038461,0.057509111438514525,0,0,0,0
A049,10,159744,231.4150390625,0.05044244105952727,0.01061241328716278,0.6611435364042214,0.019265887687673705,0.9826450624733568,0.9999643917348631,0.9861841446314102,0.05912626750175161,0,0,0,0
A049,11,159744,230.6357421875,0.05070166130212492,0.01078498363494873,0.6608976864215665,0.01925809623013114,0.982662932351321,0.9999642296694832,0.9857209034455128,0.06009960802261564,0,0,0,0
A049,12,159744,229.669921875,0.051345740093263606,0.011341877281665802,0.6607343117907674,0.019252630757914394,0.9826858053018135,0.9999639343253608,0.9859525240384616,0.060028902558543804,0,0,0,0
A049,13,159744,227.806640625,0.05248532878407238,0.012063790112733841,0.6577391917102957,0.019163882017566945,0.9827986976620043,0.9999636906458917,0.9856583032852564,0.06055794262421234,0,0,0,0
A049,14,159744,223.4462890625,0.05368903491359024,0.01326945424079895,0.6477542817277178,0.018872576042181108,0.9831192146604194,0.9999637820054137,0.9849947415865384,0.06286656284671185,0,0,0,0
A049,15,159744,221.1318359375,0.05523380722214364,0.014047592878341675,0.6430736212054016,0.01873444487198462,0.9832803720974976,0.9999636759415266,0.9848945813301282,0.06361013510361128,0,0,0,0
A049,16,159744,218.5302734375,0.05687611694288418,0.015737205743789673,0.63847449220529,0.018599699438743567,0.9834411261790784,0.9999635196682922,0.9839367988782052,0.06651129927756126,0,0,0,0
A049,17,159744,470.26171875,0.07922933283192343,0.017042338848114014,1.3749343281292967,0.03244140954282997,0.9724338962046936,0.9998495759064882,0.9835486778846154,0.06910730661075079,0,0,0,0
A049,18,159744,489.359375,0.08110175113493148,0.01870979368686676,1.4186719460207464,0.03340117532554,0.9717313855811286,0.9998371340286726,0.9839618389423077,0.06874572931847828,0,0,0,0
A049,19,159744,489.73046875,0.08278074065838271,0.020376920700073242,1.4188131454605106,0.03340323747471742,0.971747301966614,0.9998366029280537,0.9830040564903846,0.07171004658805037,0,0,0,0
A049,20,159744,490.671875,0.08632359328011792,0.023266270756721497,1.4227281373170173,0.03348811565287308,0.9716699032998114,0.9998359218959779,0.9824969951923077,0.07288921236097846,0,0,0,0
A049,21,159744,493.75,0.0889571502559385,0.025641024112701416,1.432099922682766,0.03370600593776434,0.9714722520007153,0.9998341370895036,0.9824406550480769,0.07348895179560079,0,0,0,0
A049,22,159744,494.4365234375,0.09323463956243562,0.029500551521778107,1.4345429682257274,0.0337581135738711,0.9714469227176793,0.9998330675602598,0.9817144931891025,0.07488295191974412,0,0,0,0
A049,23,159744,497.16796875,0.09815115895539514,0.0333942174911499,1.4430781696717228,0.0339452841471729,0.9713046807073549,0.9998307117359484,0.9825282952724359,0.07317085846409174,0,0,0,0
A049,24,159744,499.888671875,0.10515001663184893,0.03943300247192383,1.452427144564714,0.034143007824930315,0.9711461016215677,0.9998284513879301,0.9826847956730769,0.0709916327771162,0,0,0,0
A049,25,159744,499.89453125,0.11487015571879056,0.04779505729675293,1.4532737960085533,0.034131393672271075,0.97120734357626,0.9998270529087854,0.9832607171474359,0.07011761125078696,0,0,0,0
A049,26,159744,498.6513671875,0.12512977606590353,0.05679260194301605,1.451530049898538,0.03405349171034094,0.9713286801138782,0.9998262196306131,0.9836175380608975,0.06977031736740161,0,0,0,0
A049,27,159744,497.9775390625,0.1372463658230677,0.06765550374984741,1.4509064878117903,0.03399622763831587,0.9714519153875358,0.9998246180005418,0.9833608774038461,0.07028853210047709,0,0,0,0
A049,28,159744,496.1083984375,0.15172457635905326,0.07966220378875732,1.4477511091204207,0.03386240407662348,0.9716652815303384,0.9998230840673085,0.9834860777243589,0.06975053381187127,0,0,0,0
A049,29,159744,490.67578125,0.16858790216257638,0.09382796287536621,1.4366498756406758,0.03351235947407892,0.9720971396163652,0.9998228013405793,0.9835611979166666,0.07008509351840504,0,0,0,0
A049,30,159744,487.8984375,0.1909989055831293,0.11313003301620483,1.43426319237456,0.03334409188734969,0.9724087439388299,0.9998197511823378,0.9831668169070513,0.07163243273049406,0,0,0,0
A049,31,159744,483.7470703125,0.2190724674362744,0.1365981101989746,1.4303942145309652,0.03305614598433091,0.9729745195052145,0.999813801808732,0.9825282952724359,0.07323055982381417,0,0,0,0
A049,32,159744,479.69921875,0.24919783099704335,0.16141271591186523,1.432335999676396,0.032896826218038966,0.9733912569819295,0.9998077977547396,0.9822528545673077,0.07539482718983653,0,0,0,0
A049,33,159744,478.55078125,0.2891320464307286,0.19460296630859375,1.441490724392414,0.03285559041695686,0.9738781596514411,0.9997961042279699,0.9813326322115384,0.07858516943072855,0,0,0,0
A049,34,159744,441.5673828125,0.3445746875463206,0.23954987525939941,1.3539063357763912,0.030617972869008487,0.9770306537121857,0.9997902474235782,0.9798803084935898,0.08376725984661688,0,0,0,0
A049,35,159744,683.029296875,0.48217086983118534,0.3475714325904846,1.920448327949439,0.0637509527908606,0.9894568966225922,0.99800242589323,0.9799241286057693,0.08679570819765456,0,0,0,0
A049,36,159744,278.0806579589844,0.6980046638008133,0.43134498596191406,1.7433356732730623,0.09495880779032619,0.9709180625629511,0.9957919126201557,0.9766501402243589,0.09557141827680765,0,0,0,0
A050,0,143360,0.0027260184288024902,0.00045912031815272973,0.00023695826530456543,0.0007166088805912401,0.031540415621481334,1.0007175943964088,0.9995032150521658,0.9699428013392857,0.08456986747265029,0,0,0,0
A050,1,143360,0.05687141418457031,0.0016840515101445622,0.0013541574589908123,0.0022247388848731092,0.011104104177754127,1.0014089639126096,0.9999394273695091,0.9912039620535714,0.042990909901287476,0,0,0,0
A050,2,143360,0.24414443969726562,0.0023924380256017588,0.001844644546508789,0.003406771249695817,0.00954814951789348,1.0007425062542965,0.9999547256946162,0.9918736049107143,0.04136732163233238,0,0,0,0
A050,3,143360,0.3528327941894531,0.0030280517795785856,0.0023993514478206635,0.004317574355573745,0.009612329372776311,1.0011467094885858,0.9999545111957834,0.9919991629464285,0.04258769537418004,0,0,0,0
A050,4,143360,0.44567108154296875,0.003955409903958948,0.0031321640126407146,0.005595268546954289,0.01099405966814678,1.0020701254287256,0.9999418284580402,0.9915318080357143,0.04310116198614261,0,0,0,0
A050,5,143360,0.6224594116210938,0.0051794582766336,0.004059873521327972,0.007315875444799609,0.011991066240555097,1.0015762751746704,0.9999294606763048,0.991162109375,0.04431505775403769,0,0,0,0
A050,6,143360,0.8011970520019531,0.006406299404102356,0.004950016736984253,0.009180041607474104,0.013567118395430506,1.001596053878612,0.9999093849696845,0.9912737165178571,0.04485584065888254,0,0,0,0
A050,7,143360,234.921875,0.04988504329541813,0.00647599995136261,0.7036989402096598,0.019428192875284286,0.9824554690191418,0.999964556097829,0.9866559709821429,0.055134498824149725,0,0,0,0
A050,8,143360,234.060546875,0.05168532802687358,0.008002681657671928,0.7022177217168667,0.019386793569798416,0.9825002722472436,0.9999645764507838,0.9863141741071428,0.05684211246594983,0,0,0,0
A050,9,143360,233.078125,0.0537156628305898,0.009835422039031982,0.7009437235452731,0.019350790285709615,0.9825445968555961,0.9999644993285954,0.9858189174107143,0.05904672129798086,0,0,0,0
A050,10,143360,231.4150390625,0.054619915531127716,0.010624662041664124,0.697872834883654,0.0192657418387715,0.9826435426561002,0.9999644213827122,0.9856375558035714,0.060604891422103756,0,0,0,0
A050,11,143360,230.6357421875,0.05491329255947416,0.010781198740005493,0.6976134756764444,0.019257957679354832,0.9826614142494539,0.999964259114516,0.9846470424107143,0.0613759236770868,0,0,0,0
A050,12,143360,229.669921875,0.055647618078683084,0.011452414095401764,0.697438235988696,0.01925240759150393,0.9826845748684002,0.9999639603325455,0.9857770647321429,0.06033581406062467,0,0,0,0
A050,13,143360,227.806640625,0.05693209164951116,0.012274444103240967,0.6942737641439604,0.01916367444900582,0.9827975185298574,0.999963715288087,0.9855189732142857,0.06017661063538877,0,0,0,0
A050,14,143360,223.4462890625,0.05808211717241777,0.013512596487998962,0.6837254612065621,0.018872247953630832,0.9831177637232792,0.9999638131647351,0.984912109375,0.06272069651347546,0,0,0,0
A050,15,143360,221.1318359375,0.05973670362963373,0.014376729726791382,0.6787826916912113,0.018734187459087313,0.9832786522071117,0.9999637100289022,0.9847935267857143,0.0638054766455416,0,0,0,0
A050,16,143360,218.5302734375,0.06137270109359179,0.016042031347751617,0.6739214772909536,0.018599240331682483,0.9834394129697056,0.99996355713571,0.9840122767857142,0.06680699838292042,0,0,0,0
A050,17,143360,470.26171875,0.08625510287168774,0.01754280924797058,1.451352974339854,0.032442157168616925,0.9724318208511188,0.999849609477036,0.9832868303571428,0.06989467288520905,0,0,0,0
A050,18,143360,489.359375,0.08811508979583778,0.019200652837753296,1.4975178527064326,0.03340215678255889,0.971728553956901,0.9998371821970904,0.9831891741071429,0.07041881830190284,0,0,0,0
A050,19,143360,489.73046875,0.0895544684595604,0.02069525420665741,1.4976555648107477,0.03340415841375682,0.9717442041939649,0.9998366608201367,0.9821707589285714,0.07282096918437035,0,0,0,0
A050,20,143360,490.671875,0.09293443204351044,0.0236225426197052,1.5017681050881813,0.0334889761149336,0.9716662317028295,0.9998359986768554,0.9822265625,0.07320388909507534,0,0,0,0
A050,21,143360,493.75,0.09535510992370747,0.025818124413490295,1.5116404734835738,0.033707054439801695,0.9714675673500057,0.9998342374892863,0.9820731026785714,0.07441976990971239,0,0,0,0
A050,22,143360,494.4365234375,0.09939126984390084,0.029495157301425934,1.514189752436133,0.03375910382794487,0.9714416158856337,0.999833188231416,0.9810686383928572,0.07539071334124074,0,0,0,0
A050,23,143360,497.16796875,0.10450324771606055,0.03365407884120941,1.5231717235079782,0.03394746077011017,0.9712971558711005,0.9998308566901168,0.9822265625,0.07382326459445825,0,0,0,0
A050,24,143360,499.888671875,0.11161736341564392,0.03993713855743408,1.5329958772764989,0.03414665141671532,0.9711325382105408,0.999828723969325,0.9829380580357143,0.07140463716339329,0,0,0,0
A050,25,143360,499.89453125,0.12168384715324204,0.049013927578926086,1.533831525577239,0.034135851064106694,0.9711898398101553,0.9998274122195445,0.9829171316964286,0.07042481717535218,0,0,0,0
A050,26,143360,498.6513671875,0.13220169178754468,0.058398544788360596,1.531935780581255,0.034060247306569175,0.9713033038676656,0.9998267276162174,0.9828752790178571,0.0707918685246947,0,0,0,0
A050,27,143360,497.9775390625,0.14497525860593408,0.06981706619262695,1.5312369501918583,0.034005902974921585,0.9714202045927349,0.9998252060591223,0.9828055245535714,0.0715977793809147,0,0,0,0
A050,28,143360,496.1083984375,0.16006726706069196,0.08285188674926758,1.527812086432488,0.0338755413247652,0.971628226359836,0.9998237006957693,0.9828892299107143,0.07082172580859541,0,0,0,0
A050,29,143360,490.67578125,0.17686789055531854,0.09662306308746338,1.5158605532869482,0.03352963422400602,0.9720469280771794,0.999823639100454,0.9831682477678572,0.07093807710637542,0,0,0,0
A050,30,143360,487.8984375,0.19889353506831478,0.11539158225059509,1.5129654387321823,0.03337134092458788,0.9723341157391227,0.9998209230564221,0.9821498325892857,0.07317677721058469,0,0,0,0
A050,31,143360,483.7470703125,0.22681478277153733,0.13870525360107422,1.5083705062404924,0.033096045107365704,0.9728745177664364,0.9998152092542372,0.9824148995535714,0.07429213538002741,0,0,0,0
A050,32,143360,479.69921875,0.2591178136988804,0.16548454761505127,1.5103168922940433,0.03296031674425617,0.9732471275485659,0.9998095723660578,0.9818638392857143,0.07651138001370857,0,0,0,0
A050,33,143360,478.55078125,0.3001131026652989,0.19989341497421265,1.5193041512207066,0.03293693825620153,0.9736854313661315,0.9997985050578628,0.9806919642857143,0.0804721829425496,0,0,0,0
A050,34,143360,441.5673828125,0.35753127479017294,0.24702659249305725,1.425398630757772,0.030699217381151937,0.976797528396941,0.9997931571039155,0.979150390625,0.08565469666385896,0,0,0,0
A050,35,143360,683.029296875,0.4924825916485653,0.3514831066131592,2.0200991932834333,0.06512466752590511,0.9891186142948979,0.9979159133667522,0.9794224330357143,0.08823127218233864,0,0,0,0
A050,36,143360,278.0806579589844,0.7176740136952763,0.43597495555877686,1.8033587232711688,0.097545300419707,0.9714012729278861,0.9955233750015522,0.9758161272321428,0.09760288718234109,0,0,0,0
A051,0,139264,0.0027260184288024902,0.0004179478230158191,0.00022466108202934265,0.0006495094007494872,0.028749485429286566,1.0006353396445729,0.9995871976417116,0.9751335592830882,0.073776505059159,0,0,0,0
A051,1,139264,0.04532337188720703,0.0016597014827636138,0.00131969153881073,0.0021994545272058697,0.01096084450330921,1.0013487966116037,0.9999409192579418,0.9924890854779411,0.03940856249619482,0,0,0,0
A051,2,139264,0.24414443969726562,0.0025127933078274074,0.0019280202686786652,0.0035453973404459107,0.009653263785006649,1.0007532774470853,0.9999537258199017,0.9922234030330882,0.03924013220596609,0,0,0,0
A051,3,139264,0.3528327941894531,0.0031559982063209405,0.002491246908903122,0.004462818120710354,0.009703175590361362,1.0013202546984683,0.9999538566489413,0.9925967945772058,0.040716896893349404,0,0,0,0
A051,4,139264,0.44567108154296875,0.00403357779390824,0.003210902214050293,0.005677474621286542,0.011041058125803492,1.0020540977684864,0.9999412777976978,0.9917135799632353,0.04221163747847342,0,0,0,0
A051,5,139264,0.6224594116210938,0.005303427453608332,0.004176530987024307,0.0074541589252540156,0.012009616199141858,1.001620645929235,0.9999293123656159,0.9915986902573529,0.04350267724079663,0,0,0,0
A051,6,139264,0.8011970520019531,0.0065041756487991785,0.005048148334026337,0.00929127300548469,0.013420806522609234,1.0016279802243568,0.999911410358132,0.9912827435661765,0.04442031141004334,0,0,0,0
A051,7,139264,234.921875,0.051142834824100404,0.006488516926765442,0.7139711742598336,0.019428129256615672,0.9824555099261059,0.9999645566268612,0.9866153492647058,0.05504276334693921,0,0,0,0
A051,8,139264,234.060546875,0.05297935207460114,0.008056864142417908,0.7124687021929155,0.019386649245130637,0.9825002631150782,0.9999645794609295,0.9863712086397058,0.056526296569101284,0,0,0,0
A051,9,139264,233.078125,0.05482391549393844,0.009730175137519836,0.7111694519848543,0.01935044781787907,0.982544590489439,0.9999645061861598,0.9857967601102942,0.058472478554917266,0,0,0,0
A051,10,139264,231.4150390625,0.055497348181886,0.010278210043907166,0.7080474295800829,0.01926533456778845,0.9826436316919712,0.9999644277981808,0.9855526194852942,0.06043240478321576,0,0,0,0
A051,11,139264,230.6357421875,0.05581938982956725,0.010498635470867157,0.7077845970343626,0.019257372129103445,0.982662099753165,0.9999642585196038,0.9851935891544118,0.06037138115830731,0,0,0,0
A051,12,139264,229.669921875,0.056463554633604175,0.011086076498031616,0.7076024927980611,0.019251729173595116,0.9826850954599549,0.999963964469762,0.9856818704044118,0.06009970209385889,0,0,0,0
A051,13,139264,227.806640625,0.05761523303763905,0.011770814657211304,0.704386678922016,0.019163003933550377,0.9827974587486928,0.9999637294064923,0.9854951746323529,0.060654954386686256,0,0,0,0
A051,14,139264,223.4462890625,0.05863195686849983,0.01281769573688507,0.6936783556238721,0.018871340306112445,0.9831179580748128,0.9999638272575522,0.9848058363970589,0.06283123607844457,0,0,0,0
A051,15,139264,221.1318359375,0.06015526853170841,0.01350538432598114,0.6886533170470478,0.018732991652529937,0.983278728182712,0.9999637315223953,0.9846550436580882,0.06357519865537405,0,0,0,0
A051,16,139264,218.5302734375,0.06160342488430735,0.01499638706445694,0.6837082447807649,0.01859764633379193,0.9834391560538575,0.9999635915976566,0.9838149126838235,0.06619437028684334,0,0,0,0
A051,17,139264,470.26171875,0.08696039334267211,0.016212373971939087,1.4725095722449164,0.03244136884025289,0.9724318294611214,0.9998496355340762,0.9831686580882353,0.06904591708164112,0,0,0,0
A051,18,139264,489.359375,0.08881385282817893,0.017778605222702026,1.519344682530759,0.03340118608472946,0.9717288816200353,0.9998372060852588,0.9836066750919118,0.06907315394245704,0,0,0,0
A051,19,139264,489.73046875,0.09016033880218,0.019266605377197266,1.5194792342275403,0.03340327757308683,0.9717444492251905,0.9998366840153854,0.9825152228860294,0.07201155023549173,0,0,0,0
A051,20,139264,490.671875,0.09354646503791407,0.022145748138427734,1.5236474779556426,0.033488810489575624,0.9716650354145944,0.9998360390678181,0.9821490119485294,0.07294931743340996,0,0,0,0
A051,21,139264,493.75,0.09606448365818043,0.024524569511413574,1.5336628416993308,0.03370664530903178,0.9714668896293736,0.9998342714744035,0.9817109949448529,0.07455018542560138,0,0,0,0
A051,22,139264,494.4365234375,0.09998968727126947,0.02801334857940674,1.5362411126408346,0.03375882279269076,0.9714408719419861,0.9998332197407618,0.9813304227941176,0.07483276938929288,0,0,0,0
A051,23,139264,497.16796875,0.1050704024817485,0.032004065811634064,1.5453421464756738,0.033947331315229715,0.9712955609129653,0.9998309080709605,0.9822782628676471,0.07351129922231586,0,0,0,0
A051,24,139264,499.888671875,0.1117746761449994,0.037861377000808716,1.5552818386113147,0.03414788894109191,0.9711274571429155,0.9998288306104145,0.9828598920036765,0.07127951109937435,0,0,0,0
A051,25,139264,499.89453125,0.1216569272827963,0.046526432037353516,1.5560897169414343,0.034138146807707465,0.9711809531331965,0.9998275936095772,0.9830753102022058,0.07067420301872274,0,0,0,0
A051,26,139264,498.6513671875,0.13182330648613944,0.055403292179107666,1.5541111452382221,0.03406246680743109,0.9712932694870003,0.9998269445085118,0.9830968520220589,0.07070396668122385,0,0,0,0
A051,27,139264,497.9775390625,0.1441643755837878,0.06634995341300964,1.5533028048865487,0.03400494501174038,0.9714112121091287,0.9998255025843041,0.9830968520220589,0.07110681531575729,0,0,0,0
A051,28,139264,496.1083984375,0.1586197311064017,0.07858574390411377,1.5497098125889477,0.033874498182503744,0.9716154923653154,0.9998241066779312,0.9829676011029411,0.07100712088886825,0,0,0,0
A051,29,139264,490.67578125,0.17511261140481005,0.09210926294326782,1.5374204703331626,0.03352669504945618,0.9720279145825499,0.9998242839978088,0.9833481732536765,0.07048103332164483,0,0,0,0
A051,30,139264,487.8984375,0.19757944578572384,0.11145976185798645,1.5344134432362522,0.033365000451386045,0.9723108969019288,0.9998217973151132,0.9818187040441176,0.07401283461042181,0,0,0,0
A051,31,139264,483.7470703125,0.22428955786610646,0.13361871242523193,1.529288851208645,0.03308737364009634,0.9728206240449643,0.9998169982171978,0.9820413028492647,0.07492876924913386,0,0,0,0
A051,32,139264,479.69921875,0.2557152062676029,0.15943193435668945,1.5307300924042646,0.03294470474806687,0.9731893054665942,0.9998116809198815,0.9816032858455882,0.07710678246817049,0,0,0,0
A051,33,139264,478.55078125,0.29530556531324903,0.19235318899154663,1.5390400866799383,0.03291112309431672,0.9736173246791047,0.9998012070777554,0.9807487936580882,0.08035487377849432,0,0,0,0
A051,34,139264,441.5673828125,0.35110299635262515,0.2364819049835205,1.4425784370992762,0.030663648183818278,0.9767152803322762,0.9997962143329003,0.9791187959558824,0.08528472566457779,0,0,0,0
A051,35,139264,683.029296875,0.48072629477428563,0.33585309982299805,2.043068710160317,0.0654086160891921,0.9888908421746726,0.9978992253270449,0.9799158432904411,0.08763681218460516,0,0,0,0
A051,36,139264,278.0806579589844,0.7093198142894621,0.4175231456756592,1.8142156386886048,0.09706943557931158,0.9711885851528649,0.9955763598185,0.9757367302389706,0.09702133816006216,0,0,0,0
A052,0,147456,0.0027260184288024902,0.00044082098768032866,0.00023695826530456543,0.000685319095261802,0.030389180707268783,1.0006743735867916,0.9995387872675224,0.9731309678819444,0.07865940605155614,0,0,0,0
A052,1,147456,0.0774688720703125,0.0017015190721462797,0.0013501737266778946,0.0022657485080461908,0.011317336223797776,1.0017527834824416,0.9999376044412718,0.9918416341145834,0.04112752806084323,0,0,0,0
A052,2,147456,0.24414443969726562,0.0025295476248064436,0.001944802701473236,0.0035603472403329785,0.009727315502973047,1.0009888636353677,0.9999532248464451,0.99188232421875,0.040936392641274,0,0,0,0
A052,3,147456,0.3528327941894531,0.0032404813928918782,0.002556249499320984,0.004606598280685393,0.009724882050340118,1.0005340337931732,0.999952881093688,0.9919569227430556,0.04246945337895082,0,0,0,0
A052,4,147456,0.44567108154296875,0.004165578096823374,0.0033111125230789185,0.005881409068689887,0.011101288939157052,1.001186713788712,0.9999391570399331,0.9908854166666666,0.044439909276571925,0,0,0,0
A052,5,147456,0.6224594116210938,0.005505859559014602,0.004350572824478149,0.007728737204880182,0.012169703286139671,1.0009837402409079,0.9999265053330562,0.9910549587673612,0.04494373986431356,0,0,0,0
A052,6,147456,0.8011970520019531,0.006720122166383489,0.005194179713726044,0.00956514938372151,0.013646427926585497,1.0011437756715411,0.9999076472446504,0.9912651909722222,0.04516599702893882,0,0,0,0
A052,7,147456,234.921875,0.04895577129442409,0.006638467311859131,0.6938643553273808,0.019428149361569124,0.9824558509081709,0.9999645501524591,0.9872097439236112,0.05450653720081664,0,0,0,0
A052,8,147456,234.060546875,0.0508322502551645,0.008272752165794373,0.6924073736270668,0.019386778622707376,0.9825007553828426,0.9999645681579311,0.9864908854166666,0.05637628236231504,0,0,0,0
A052,9,147456,233.078125,0.05263742418795422,0.009908422827720642,0.6911469295759,0.019350601915816164,0.9825452563454955,0.9999644913463225,0.9861518012152778,0.05777312110308611,0,0,0,0
A052,10,147456,231.4150390625,0.05342959847096848,0.010572336614131927,0.6881182166735463,0.019265541265073124,0.9826444307934104,0.9999644096605231,0.9858534071180556,0.05930069447594358,0,0,0,0
A052,11,147456,230.6357421875,0.05370390761421125,0.010753929615020752,0.6878631982115638,0.019257685933319724,0.9826626145521334,0.9999642433057396,0.9856838650173612,0.0594269054675138,0,0,0,0
A052,12,147456,229.669921875,0.05434970124139858,0.011318206787109375,0.6876904556714641,0.01925216719764278,0.9826852297389573,0.9999639535272995,0.9855075412326388,0.0597244682643374,0,0,0,0
A052,13,147456,227.806640625,0.05552286619717014,0.012094944715499878,0.6845672499650961,0.019163369696387652,0.982797805803554,0.9999637162127725,0.9858466254340278,0.05994422593346419,0,0,0,0
A052,14,147456,223.4462890625,0.0566086685810458,0.013150695711374283,0.6741659068728376,0.018871886032867567,0.9831181425578062,0.9999638136208356,0.9848836263020834,0.06258060034920615,0,0,0,0
A052,15,147456,221.1318359375,0.05816046642505373,0.013950616121292114,0.6692883025905216,0.018733525932934637,0.9832794137440065,0.9999637097105157,0.9844767252604166,0.06342597146268453,0,0,0,0
A052,16,147456,218.5302734375,0.05978890698668869,0.015612415969371796,0.664498555166632,0.01859849644926233,0.983440023854423,0.9999635609399188,0.9836290147569444,0.06675930262765006,0,0,0,0
A052,17,147456,470.26171875,0.08399438993975789,0.017019569873809814,1.4310521540107284,0.032441118033026226,0.9724335490514501,0.9998495954188233,0.9835340711805556,0.06915097343310943,0,0,0,0
A052,18,147456,489.359375,0.0860145267974417,0.018805906176567078,1.4765759033797348,0.03340091795560088,0.9717306649932098,0.9998371637172979,0.9832017686631944,0.06984878496400021,0,0,0,0
A052,19,147456,489.73046875,0.08745468708746608,0.020261764526367188,1.4767109469752175,0.033403007518502635,0.9717464443705972,0.9998366356226891,0.9825642903645834,0.07214796035919008,0,0,0,0
A052,20,147456,490.671875,0.09077593418901762,0.023014158010482788,1.4807688046457228,0.03348828325526645,0.9716674217258843,0.9998359880569232,0.9823133680555556,0.07330025942362356,0,0,0,0
A052,21,147456,493.75,0.09334780167598448,0.025362104177474976,1.4905118781433215,0.033706102914599564,0.9714698718040448,0.9998342032171235,0.9817572699652778,0.07432076182770854,0,0,0,0
A052,22,147456,494.4365234375,0.09739284999095964,0.02891724556684494,1.4930317425823794,0.03375836082834687,0.971443691403879,0.9998331533942474,0.9813571506076388,0.07537635810711055,0,0,0,0
A052,23,147456,497.16796875,0.10226922677004621,0.03286287188529968,1.5018835746400798,0.03394630315759299,0.9712997563827939,0.99983082075733,0.9820624457465278,0.07378322704096377,0,0,0,0
A052,24,147456,499.888671875,0.10906119021213574,0.03875353932380676,1.5115685933229943,0.03414607873068488,0.9711344732910402,0.999828686927688,0.9829508463541666,0.07138694768090088,0,0,0,0
A052,25,147456,499.89453125,0.11932592883668273,0.04774400591850281,1.5124234740275688,0.0341355400982481,0.9711936965607806,0.9998273094331461,0.9830457899305556,0.07083199038143037,0,0,0,0
A052,26,147456,498.6513671875,0.12950344387612883,0.05674353241920471,1.5105448999641884,0.03405785692696266,0.9713080884358224,0.9998266709434127,0.9829576280381944,0.07057369702408238,0,0,0,0
A052,27,147456,497.9775390625,0.14200026910824212,0.06780445575714111,1.509837439297273,0.03400026668249061,0.9714304198083101,0.999825104703733,0.9832221137152778,0.07082172282042107,0,0,0,0
A052,28,147456,496.1083984375,0.156977845207027,0.0805056244134903,1.5064964879871428,0.033870573773905954,0.9716400575454787,0.9998235306227419,0.9830661349826388,0.07084152199265017,0,0,0,0
A052,29,147456,490.67578125,0.1738559174913487,0.0943833589553833,1.4947851519901931,0.03352228321290133,0.9720645188498044,0.9998233901361194,0.9833780924479166,0.07038711776650372,0,0,0,0
A052,30,147456,487.8984375,0.1964568017667716,0.11365312337875366,1.4920908145384413,0.03335990501253799,0.9723634139588501,0.9998204877058193,0.9828762478298612,0.07254308548754883,0,0,0,0
A052,31,147456,483.7470703125,0.22402476151338785,0.1365199089050293,1.487643691453014,0.03307951445961914,0.9729028615150593,0.9998149869955915,0.9825439453125,0.07390623095740786,0,0,0,0
A052,32,147456,479.69921875,0.2554500278180285,0.16166675090789795,1.4896059327881332,0.0329417670173762,0.9732897016600033,0.9998090393969127,0.9815538194444444,0.0767016457545596,0,0,0,0
A052,33,147456,478.55078125,0.29612524480161384,0.19615614414215088,1.4985760859362585,0.03291502172171752,0.9737492983045949,0.9997975355072768,0.9809231228298612,0.07977133607396507,0,0,0,0
A052,34,147456,441.5673828125,0.35271471855018416,0.24222564697265625,1.4064600134109222,0.030694462249299816,0.9768523050258895,0.9997920185947935,0.9788072374131944,0.08524580494796202,0,0,0,0
A052,35,147456,683.029296875,0.4837025396626713,0.343938946723938,1.9908985011335463,0.06482250534912702,0.9893234047273373,0.9979339579486406,0.9796481662326388,0.08793806791439246,0,0,0,0
A052,36,147456,278.0806579589844,0.7012130472921854,0.4230513572692871,1.773788431015407,0.09651882117016129,0.9715724310086501,0.9956216562503285,0.9759182400173612,0.09696542493562034,0,0,0,0
A053,0,143360,0.0027260184288024902,0.0004397632973190671,0.0002351701259613037,0.0006807877877126745,0.030192819729193944,1.0007370401791644,0.9995448039303058,0.9719656808035714,0.08059749529852395,0,0,0,0
A053,1,143360,0.04643726348876953,0.0016777394035541095,0.0013363882899284363,0.0022258644343056836,0.011262414146162986,1.0018710593152622,0.9999384446190495,0.9915876116071428,0.04195853724835704,0,0,0,0
A053,2,143360,0.24414443969726562,0.002550437452753889,0.0019326694309711456,0.0036579080169154418,0.01006289432511347,1.001498862143179,0.9999505664668141,0.9920758928571428,0.040289143634773046,0,0,0,0
A053,3,143360,0.3528327941894531,0.0031969915768513602,0.0024888142943382263,0.004574096838005541,0.010069258496998136,1.001779514749649,0.9999509755926884,0.9926967075892857,0.041138519888181624,0,0,0,0
A053,4,143360,0.44567108154296875,0.004084731885653323,0.0032198280096054077,0.005773382122821929,0.011343653784730064,1.0025621911862352,0.9999390992107091,0.9912737165178571,0.04300896968861426,0,0,0,0
A053,5,143360,0.6224594116210938,0.005363259475521838,0.004204750061035156,0.007554392395667546,0.012275327950595107,1.0021580604199516,0.9999271440018866,0.9914969308035714,0.04336991618626665,0,0,0,0
A053,6,143360,0.8011970520019531,0.006659556378344535,0.005120880901813507,0.009561018509514962,0.013884478098015659,1.0015527677291018,0.9999049637470095,0.9913643973214286,0.04457113461239499,0,0,0,0
A053,7,143360,234.921875,0.05025477808027452,0.006705101579427719,0.7037083165476428,0.019428297201828287,0.9824558215644128,0.9999645477518403,0.9868373325892857,0.05490950170475676,0,0,0,0
A053,8,143360,234.060546875,0.052364462398288326,0.008476778864860535,0.7022374775293685,0.019387092020234486,0.9825005216286116,0.9999645661288739,0.9862025669642858,0.057865255936443726,0,0,0,0
A053,9,143360,233.078125,0.05429375135050967,0.01025274395942688,0.700962825564369,0.019351063831348887,0.9825449632503963,0.9999644874453159,0.9856654575892857,0.05886255566681555,0,0,0,0
A053,10,143360,231.4150390625,0.054923349852187386,0.01079639419913292,0.6978855526754693,0.019265911191267093,0.9826439044732306,0.9999644116847525,0.985693359375,0.0606329305637662,0,0,0,0
A053,11,143360,230.6357421875,0.05542536529351309,0.011126048862934113,0.6976339164023658,0.01925817804920948,0.9826623450611335,0.9999642384063304,0.9848353794642857,0.06134652400039674,0,0,0,0
A053,12,143360,229.669921875,0.056159586578866896,0.011771313846111298,0.697461071611967,0.019252736618486577,0.9826852551660615,0.9999639419243017,0.9857003348214286,0.06077264762655251,0,0,0,0
A053,13,143360,227.806640625,0.05745381985404947,0.012658599764108658,0.6943028526422717,0.019164219136316135,0.9827975479178533,0.9999637041537103,0.9850306919642857,0.06171254315913372,0,0,0,0
A053,14,143360,223.4462890625,0.05863761101550154,0.013825535774230957,0.6837602250139071,0.018872729891892818,0.9831182545845879,0.9999637955022337,0.9848702566964286,0.06351393287838819,0,0,0,0
A053,15,143360,221.1318359375,0.060181558270478164,0.014648020267486572,0.6788111087386878,0.018734438388920638,0.9832793541131065,0.9999636933377207,0.9842494419642858,0.06500217510822036,0,0,0,0
A053,16,143360,218.5302734375,0.061729693657473814,0.01629379391670227,0.6739451209247028,0.018599161395968018,0.9834404176202977,0.9999635417485598,0.9834333147321429,0.06797448639137668,0,0,0,0
A053,17,143360,470.26171875,0.08631876478365094,0.017503440380096436,1.4513565740196621,0.032441496423038084,0.9724329679657137,0.9998495991782347,0.9828543526785715,0.070535268064496,0,0,0,0
A053,18,143360,489.359375,0.08817338519627031,0.019204959273338318,1.497521479282619,0.03340150161545843,0.9717300449297585,0.9998371615902241,0.9833844866071428,0.07024803205495365,0,0,0,0
A053,19,143360,489.73046875,0.08957664519354824,0.02069200575351715,1.497657719755361,0.033403521705684835,0.9717455367694535,0.9998366441841592,0.9826450892857143,0.07274591549443782,0,0,0,0
A053,20,143360,490.671875,0.09293658247105765,0.0234672948718071,1.5017722758845458,0.03348902458894843,0.9716659148864439,0.9998360061911125,0.9818080357142858,0.07453738797383577,0,0,0,0
A053,21,143360,493.75,0.09547659021731891,0.02582760900259018,1.511648589248814,0.03370670309340521,0.9714678612937454,0.999834241096846,0.981884765625,0.0749082603993768,0,0,0,0
A053,22,143360,494.4365234375,0.09945354659777844,0.02940913289785385,1.5141999567572282,0.03375909001902313,0.9714410310016679,0.9998332058054354,0.9811593191964286,0.07560538491710514,0,0,0,0
A053,23,143360,497.16796875,0.10469431013643121,0.0336911678314209,1.5231879859149955,0.033947568661317616,0.9712975035919346,0.9998308427043499,0.9821916852678572,0.07403530607022211,0,0,0,0
A053,24,143360,499.888671875,0.11170140847906233,0.039785683155059814,1.5330116789094572,0.034148491746319724,0.9711295215624839,0.9998287484027865,0.9825892857142857,0.07240323741838424,0,0,0,0
A053,25,143360,499.89453125,0.1218391527050049,0.048756375908851624,1.5338613565306236,0.03413813198604529,0.9711856254556169,0.9998274563243479,0.9829938616071429,0.07144723351195463,0,0,0,0
A053,26,143360,498.6513671875,0.13222901225937805,0.05798327922821045,1.5319487777577807,0.03406298996997001,0.9712975136778069,0.999826801489821,0.9830147879464286,0.07136703859338064,0,0,0,0
A053,27,143360,497.9775390625,0.14488282133730276,0.06947630643844604,1.531240832175991,0.034005628477982726,0.9714188294116952,0.9998252558805195,0.9824428013392857,0.0723421116902065,0,0,0,0
A053,28,143360,496.1083984375,0.15984720625270452,0.08220803737640381,1.527791868506628,0.03387665073456674,0.9716233567948368,0.9998238033374756,0.9825962611607143,0.07197535772201547,0,0,0,0
A053,29,143360,490.67578125,0.17671575118811234,0.09615027904510498,1.515852965604705,0.03353111020009093,0.9720419965230739,0.9998237291217559,0.9830984933035715,0.07174529980932003,0,0,0,0
A053,30,143360,487.8984375,0.19903713366464737,0.11520153284072876,1.5130001388479,0.03337281644770369,0.9723252048342705,0.9998211243581588,0.98212890625,0.07412541165394806,0,0,0,0
A053,31,143360,483.7470703125,0.22625696671739856,0.13814324140548706,1.5082346640308506,0.033109135895426106,0.9728268183817635,0.9998160859293138,0.9821079799107143,0.07569649346763632,0,0,0,0
A053,32,143360,479.69921875,0.25875563399228796,0.16495287418365479,1.5101250915851867,0.03297903380927611,0.9731825093291289,0.9998107041271397,0.9814383370535714,0.07801100082980979,0,0,0,0
A053,33,143360,478.55078125,0.30083433168292684,0.20081543922424316,1.5193969971935402,0.032981230187555256,0.973610135940836,0.9997990280682288,0.9797991071428571,0.08233105770858742,0,0,0,0
A053,34,143360,441.5673828125,0.3579789859187128,0.24683880805969238,1.4255982252688713,0.030763266093985588,0.976687837966131,0.9997937305931273,0.9791155133928572,0.08673246853153806,0,0,0,0
A053,35,143360,683.029296875,0.49312094398077794,0.3528172969818115,2.0200402154350736,0.06553028269627822,0.9890037419162955,0.9978901494091796,0.9792340959821428,0.08942053659003123,0,0,0,0
A053,36,143360,278.0806579589844,0.7161874428051566,0.43436431884765625,1.7954652910702131,0.09663608767522831,0.9718394764594618,0.9956034311416178,0.9760881696428572,0.09762477924841788,0,0,0,0
A054,0,151552,0.0027260184288024902,0.00048108310473351693,0.00026109442114830017,0.0007146809697405836,0.031836597419164114,1.000706456265798,0.9994938226647632,0.9692250844594594,0.08583257006081182,0,0,0,0
A054,1,151552,0.06472444534301758,0.0016019399025839066,0.001267220824956894,0.0021426230563399208,0.011045995600789648,1.0014578561534808,0.9999401429258797,0.9916398331925675,0.042416346561407026,0,0,0,0
A054,2,151552,0.24414443969726562,0.0023214907366599083,0.0017731264233589172,0.003322379522823143,0.009532792949076744,1.0006695281180296,0.9999548173143241,0.9918575802364865,0.04086531899950048,0,0,0,0
A054,3,151552,0.3528327941894531,0.00296915635092887,0.002346508204936981,0.004233029094639839,0.009659343135561094,1.001199438137519,0.9999541228977639,0.9921743032094594,0.04191711136172229,0,0,0,0
A054,4,151552,0.44567108154296875,0.00392164006257036,0.0031034760177135468,0.005530457885692176,0.01104203551305207,1.0017587239372763,0.9999406875949551,0.9915936444256757,0.04256825179315011,0,0,0,0
A054,5,151552,0.6224594116210938,0.005171036252492642,0.00408598966896534,0.007239909944406062,0.012012943505466025,1.0013874643374938,0.9999289057635292,0.9914616765202703,0.04326194893006059,0,0,0,0
A054,6,151552,0.8011970520019531,0.006384702620418675,0.004960477352142334,0.009093635486524844,0.01338144462842285,1.00116517333556,0.9999112506926056,0.9911911423141891,0.044347926825891205,0,0,0,0
A054,7,151552,234.921875,0.04753636275577756,0.006406873464584351,0.6844191284314434,0.019428018090236438,0.9824558847879953,0.9999645521445695,0.9871925147804054,0.053396619853994166,0,0,0,0
A054,8,151552,234.060546875,0.049462635432709665,0.008058372884988785,0.682982966132564,0.01938649397221829,0.9825010964395015,0.9999645677124598,0.9869681693412162,0.05486686265760735,0,0,0,0
A054,9,151552,233.078125,0.051322892977408184,0.00973045825958252,0.6817418386159436,0.01935034247973386,0.9825456486648924,0.9999644895004881,0.9865062816722973,0.05666524317821494,0,0,0,0
A054,10,151552,231.4150390625,0.05200559894743996,0.010265782475471497,0.6787508718940122,0.0192652533749853,0.9826445586448807,0.9999644130513129,0.9863413217905406,0.05838834759530304,0,0,0,0
A054,11,151552,230.6357421875,0.05232744550826774,0.010497167706489563,0.6785001386555096,0.01925742449451609,0.9826626576484547,0.9999642476704484,0.9857012774493243,0.059418322071734565,0,0,0,0
A054,12,151552,229.669921875,0.05285414554158263,0.010955661535263062,0.6783247398601132,0.01925181408533248,0.9826853826372095,0.9999639577567712,0.9861301731418919,0.0593618719805234,0,0,0,0
A054,13,151552,227.806640625,0.05410318012104346,0.011738032102584839,0.6752492800960798,0.01916321030358646,0.9827979610058349,0.9999637166099185,0.9855099239864865,0.060296352644109305,0,0,0,0
A054,14,151552,223.4462890625,0.0551256346606769,0.012778878211975098,0.6649870937641353,0.018871634940603364,0.9831181071803222,0.9999638190469492,0.9849490603885135,0.06170673505584435,0,0,0,0
A054,15,151552,221.1318359375,0.056636307074410454,0.013542257249355316,0.6601771768182024,0.01873345837734401,0.983278651557114,0.9999637239306909,0.9850018475506757,0.06280916417546056,0,0,0,0
A054,16,151552,218.5302734375,0.05815636001297379,0.01508323848247528,0.6554416427654088,0.01859818518189309,0.9834392237381815,0.9999635802701692,0.9842826224662162,0.06551972580251397,0,0,0,0
A054,17,151552,470.26171875,0.08165581667751483,0.016453178599476814,1.4115731098124729,0.03244085008486701,0.9724328069386896,0.9998496252806045,0.9836293813344594,0.06825551346005425,0,0,0,0
A054,18,151552,489.359375,0.08346611162560416,0.017965182662010193,1.4564729880706808,0.033400672924492024,0.9717297514161175,0.9998371985645427,0.9835304054054054,0.06861463869111267,0,0,0,0
A054,19,151552,489.73046875,0.08487586022166348,0.019467651844024658,1.45660414390378,0.03340260776056221,0.9717455361558696,0.9998366756181143,0.9827583931587838,0.07088044891247665,0,0,0,0
A054,20,151552,490.671875,0.08819136368611828,0.022295042872428894,1.4606040233929267,0.03348797102361649,0.9716665261522102,0.9998360247809212,0.982883762668919,0.0719251975745318,0,0,0,0
A054,21,151552,493.75,0.09059469766186118,0.02443726360797882,1.470206495601305,0.033705607903424174,0.97146961622786,0.9998342278540819,0.9826858108108109,0.07237398919860988,0,0,0,0
A054,22,151552,494.4365234375,0.09435651822285904,0.02772878110408783,1.4726812753920382,0.03375751897284835,0.971443456941562,0.9998331895009238,0.9821711359797297,0.07322365674838513,0,0,0,0
A054,23,151552,497.16796875,0.0992064537199624,0.031542837619781494,1.4814154605435468,0.03394637706050459,0.9712982149009219,0.9998308634554146,0.9827451963682432,0.07160351927262826,0,0,0,0
A054,24,151552,499.888671875,0.1056856645785698,0.03695434331893921,1.4909547791980033,0.034145478310042644,0.9711331608101665,0.9998287468198838,0.9832400760135135,0.06950737031792628,0,0,0,0
A054,25,151552,499.89453125,0.11526712504118027,0.04535168409347534,1.491751225045191,0.03413472800643939,0.9711905731193461,0.9998274300697725,0.9832598711993243,0.06925640267164934,0,0,0,0
A054,26,151552,498.6513671875,0.12522126722308566,0.05396682024002075,1.4898809011016665,0.03405821064178831,0.9713038026053644,0.9998267843869733,0.9836887668918919,0.06867784151833407,0,0,0,0
A054,27,151552,497.9775390625,0.13708079779010135,0.06443798542022705,1.489147993809771,0.03399918599351584,0.9714280714750835,0.9998252111717996,0.9832004856418919,0.06966039282578516,0,0,0,0
A054,28,151552,496.1083984375,0.15123466032888688,0.07649552822113037,1.4857223215429511,0.033867941507580865,0.9716341805866255,0.999823792864738,0.983616184543919,0.06920443851690879,0,0,0,0
A054,29,151552,490.67578125,0.1672551776866348,0.08934295177459717,1.4740338927768437,0.0335203357011179,0.9720532616089516,0.9998237788337595,0.9832994615709459,0.07016988309213167,0,0,0,0
A054,30,151552,487.8984375,0.18941546809082865,0.10878491401672363,1.4712658882704577,0.03335493589309148,0.9723640365887204,0.9998206405925991,0.9827715899493243,0.07165007256062858,0,0,0,0
A054,31,151552,483.7470703125,0.21642410207026522,0.13200128078460693,1.4666688414144162,0.03307454096921302,0.9728958775334814,0.9998153493020475,0.9831213048986487,0.0729988828913059,0,0,0,0
A054,32,151552,479.69921875,0.2479967311648358,0.15751540660858154,1.4685229274806992,0.032927598172460645,0.9732816304637986,0.9998097388057368,0.9820259712837838,0.07571107985482343,0,0,0,0
A054,33,151552,478.55078125,0.2883028802471263,0.1914750337600708,1.4772978292764758,0.03288775687234783,0.973767349014262,0.9997979740362247,0.9810758023648649,0.0787865647621238,0,0,0,0
A054,34,151552,441.5673828125,0.34348173135490595,0.23520374298095703,1.3859730480683101,0.03064997539004356,0.9768587969972975,0.9997932629996072,0.9797693201013513,0.08391234767735209,0,0,0,0
A054,35,151552,683.029296875,0.4756800574750004,0.3377952575683594,1.9647310565621328,0.0645622108939723,0.989441055793191,0.9979499598540998,0.9804291596283784,0.08622026447825078,0,0,0,0
A054,36,151552,278.0806579589844,0.6913684010250034,0.41858476400375366,1.7467242711114388,0.0937210307316959,0.9728248835795038,0.995865060205213,0.9763975401182432,0.09500172933551702,0,0,0,0
A055,0,143360,0.0027260184288024902,0.00043919099624482833,0.00023456662893295288,0.0006805196455803265,0.02994667336062213,1.000678108331761,0.9995521319957961,0.9716448102678571,0.08079579765301122,0,0,0,0
A055,1,143360,0.05762815475463867,0.001685944165746735,0.0013354960829019547,0.0022433895366509964,0.011089760799426663,1.0017779077051454,0.9999401954076556,0.9920758928571428,0.041117223286581295,0,0,0,0
A055,2,143360,0.24414443969726562,0.002426988583963764,0.0018613683059811592,0.0034489769111145565,0.009584394906064261,1.001036240726782,0.999954653574377,0.9923618861607143,0.03969113010672883,0,0,0,0
A055,3,143360,0.3528327941894531,0.003143456747266425,0.0024548713117837906,0.004492902991396244,0.009930480888838689,1.0016988064805903,0.9999522169205922,0.9924037388392857,0.04124800446826065,0,0,0,0
A055,4,143360,0.44567108154296875,0.004068658760911603,0.0031937770545482635,0.005774224234529778,0.011405246493541786,1.0027055952002526,0.9999387859194273,0.991455078125,0.04352251597449038,0,0,0,0
A055,5,143360,0.6224594116210938,0.0053597943182938125,0.00420001894235611,0.007507947426831648,0.01230351385628249,1.0022350470395804,0.9999269727104558,0.9916573660714286,0.04422558992449483,0,0,0,0
A055,6,143360,0.8011970520019531,0.0064955401243894685,0.005034059286117554,0.009278763524927508,0.01361298165733994,1.0020299824738208,0.9999095873157846,0.9912109375,0.04525784752472399,0,0,0,0
A055,7,143360,234.921875,0.04986596673021657,0.006445541977882385,0.70369892240249,0.0194281870870475,0.9824555243467089,0.9999645552262588,0.9868722098214285,0.05561486371054688,0,0,0,0
A055,8,143360,234.060546875,0.051643903885503405,0.007994353771209717,0.7022173516791154,0.019386718897207885,0.9825003714554631,0.9999645761607714,0.986279296875,0.05743335369561956,0,0,0,0
A055,9,143360,233.078125,0.053436923538070655,0.009561389684677124,0.7009367813924987,0.019350558884052533,0.98254486152297,0.9999644991935718,0.9861049107142857,0.058310511302452246,0,0,0,0
A055,10,143360,231.4150390625,0.05409001936423985,0.010081872344017029,0.6978586546305489,0.019265337875277132,0.9826438640241744,0.9999644236381058,0.9857770647321429,0.059907155916895924,0,0,0,0
A055,11,143360,230.6357421875,0.05446875925051375,0.010344788432121277,0.6976015003249064,0.019257579574920535,0.982662139959508,0.9999642537463058,0.9847935267857143,0.06127651923170025,0,0,0,0
A055,12,143360,229.669921875,0.05499782469428932,0.010871943086385727,0.6974204247018722,0.019251904603706477,0.9826853261721592,0.999963956976247,0.9856724330357143,0.06050260984070306,0,0,0,0
A055,13,143360,227.806640625,0.056209341817907446,0.011625662446022034,0.6942524818459586,0.019163197504681713,0.9827978175772056,0.9999637193646445,0.9857561383928571,0.06041773153563057,0,0,0,0
A055,14,143360,223.4462890625,0.057367473628119114,0.012773849070072174,0.6837056696449244,0.018871710603791687,0.9831184507561483,0.9999638117074348,0.9849679129464286,0.06276266048474416,0,0,0,0
A055,15,143360,221.1318359375,0.05893827611496525,0.01352950930595398,0.6787581695193708,0.018733434608995212,0.9832792935738998,0.9999637134894802,0.9846400669642857,0.06346609762682112,0,0,0,0
A055,16,143360,218.5302734375,0.060484908343109316,0.015152700245380402,0.6738882149082668,0.01859824941477249,0.9834401782863401,0.9999635630170046,0.9841727120535714,0.06609957214734813,0,0,0,0
A055,17,143360,470.26171875,0.08534065850881883,0.016596194356679916,1.451334141119654,0.032441523215605145,0.9724323182984786,0.9998496166012542,0.9833217075892857,0.06901715349817729,0,0,0,0
A055,18,143360,489.359375,0.08725654279577222,0.018292799592018127,1.497499617448514,0.03340148825620027,0.9717292548091645,0.9998371849038618,0.9835100446428572,0.06906350344017305,0,0,0,0
A055,19,143360,489.73046875,0.0887274943106604,0.019840002059936523,1.4976343404747994,0.03340345266197356,0.9717455009775213,0.9998366475921882,0.9829380580357143,0.07124793858598986,0,0,0,0
A055,20,143360,490.671875,0.09227522421256741,0.0228794664144516,1.5017495204022497,0.03348893435516932,0.9716665586309855,0.9998359906381451,0.9826590401785714,0.07244518887248655,0,0,0,0
A055,21,143360,493.75,0.09477581767514819,0.025244414806365967,1.5116258165195378,0.03370682933826119,0.9714683794988014,0.9998342215853796,0.9821149553571429,0.07358044087219301,0,0,0,0
A055,22,143360,494.4365234375,0.09867571214255771,0.028612487018108368,1.5141685293759968,0.03375902537172516,0.9714415969998531,0.999833191509849,0.9814243861607143,0.07452504632963151,0,0,0,0
A055,23,143360,497.16796875,0.1036413518302587,0.032598257064819336,1.5231427194418272,0.03394770771564702,0.9712964162951694,0.999830869785921,0.9824288504464286,0.07299055732974459,0,0,0,0
A055,24,143360,499.888671875,0.11044181805921523,0.03852654993534088,1.5329548317206874,0.034148096655966444,0.9711288085187006,0.9998287833679951,0.983056640625,0.07170458640848826,0,0,0,0
A055,25,143360,499.89453125,0.12055331232400021,0.047276854515075684,1.5337904789926982,0.034136690474490625,0.9711855156134327,0.9998275102332647,0.9829938616071429,0.07111654256140049,0,0,0,0
A055,26,143360,498.6513671875,0.13065812445940667,0.05624222755432129,1.5318619459596194,0.034061247974986456,0.9712947264124292,0.9998269444522156,0.9831333705357143,0.07082464322387233,0,0,0,0
A055,27,143360,497.9775390625,0.1431094859023038,0.0672333836555481,1.5311113345622551,0.034003013639318694,0.9714180134991806,0.9998253712719416,0.9823590959821429,0.07188466548899289,0,0,0,0
A055,28,143360,496.1083984375,0.15759782446741935,0.079496830701828,1.5276049633787927,0.033872451175376864,0.9716222588166834,0.9998239816189592,0.9829659598214285,0.0709529773070146,0,0,0,0
A055,29,143360,490.67578125,0.17464531322702898,0.09337687492370605,1.5156822060841522,0.03352607141635931,0.9720411713877903,0.9998239265077844,0.9830775669642857,0.07128163312317959,0,0,0,0
A055,30,143360,487.8984375,0.1965803019165443,0.11220681667327881,1.5127491247246787,0.033363112447237574,0.9723364735821255,0.9998211387787336,0.981982421875,0.07401356377193755,0,0,0,0
A055,31,143360,483.7470703125,0.22331964042284977,0.1342759132385254,1.507927189309135,0.0330902825455473,0.9728454093709217,0.9998162118034045,0.9820661272321428,0.07534156567582886,0,0,0,0
A055,32,143360,479.69921875,0.25424224889049063,0.1586756706237793,1.5095804209833596,0.03295007063564499,0.9732064110569995,0.9998110314819806,0.98076171875,0.07825651647813492,0,0,0,0
A055,33,143360,478.55078125,0.2941848871622954,0.19244909286499023,1.518280079505898,0.03293082895285973,0.9736406898340695,0.9997999127053916,0.9802176339285714,0.08123798837205774,0,0,0,0
A055,34,143360,441.5673828125,0.3498302345517524,0.23710571229457855,1.4236162767420641,0.03069631679012728,0.9767387686995488,0.9997946334292638,0.9787318638392857,0.08663690341780295,0,0,0,0
A055,35,143360,683.029296875,0.48453310732927224,0.3427194356918335,2.017011516802955,0.06521195909305733,0.9890884551770023,0.9979104306714455,0.9795479910714285,0.08877903945304587,0,0,0,0
A055,36,143360,278.0806579589844,0.7092694819424651,0.42392420768737793,1.796965669414081,0.09667771415995836,0.9713243393602037,0.9956120285693241,0.9757533482142857,0.09786481304204468,0,0,0,0
A056,0,151552,0.0027260184288024902,0.0004037655337777176,0.00022229552268981934,0.0006304979928367765,0.027466856673659494,1.0006266906415338,0.9996232183883244,0.976635082347973,0.07050548363631452,0,0,0,0
A056,1,151552,0.04532337188720703,0.0016108100538228635,0.0012725312262773514,0.0021436196607923477,0.010983315392087892,1.001278984108547,0.9999405772923734,0.9923986486486487,0.03878939876291542,0,0,0,0
A056,2,151552,0.24414443969726562,0.002375968731385185,0.0018310705199837685,0.0033636937738551168,0.00961687901874881,1.0008034051018782,0.9999541174111547,0.9922270903716216,0.03924599501911006,0,0,0,0
A056,3,151552,0.3528327941894531,0.0030244252739773424,0.002402298152446747,0.004261054650963566,0.009683499098064704,1.0012607688410928,0.9999539677276993,0.9923986486486487,0.041141597148936365,0,0,0,0
A056,4,151552,0.44567108154296875,0.004000402773121513,0.0031971782445907593,0.005583116653823557,0.01115477167504107,1.0018371643029274,0.9999395841146849,0.9912241342905406,0.04289303269850365,0,0,0,0
A056,5,151552,0.6224594116210938,0.005459467247491731,0.00431109219789505,0.007579548315970741,0.01231890066051462,1.001264651062133,0.9999250168419435,0.9918311866554054,0.04223677075999863,0,0,0,0
A056,6,151552,0.8011970520019531,0.006860104544820253,0.0053030699491500854,0.009723310539550768,0.014204645850218956,1.00121204161793,0.9998999697813646,0.9916002428209459,0.04362209743912293,0,0,0,0
A056,7,151552,234.921875,0.048374687264437874,0.006937630474567413,0.6844401365450192,0.01942863813813997,0.9824554825781256,0.99996454705095,0.9870077597128378,0.05481274608733955,0,0,0,0
A056,8,151552,234.060546875,0.05073026585941805,0.008753202855587006,0.6830274238136766,0.01938777710971117,0.9825005569116279,0.9999645519830187,0.9864271009290541,0.05729670258918892,0,0,0,0
A056,9,151552,233.078125,0.05257750008799293,0.010435156524181366,0.6817920833059897,0.019351852227253198,0.9825449910895593,0.99996447142411,0.9856880806587838,0.05960158122485869,0,0,0,0
A056,10,151552,231.4150390625,0.0536735889190423,0.011414259672164917,0.6788150399200502,0.019266986466058296,0.9826448639913556,0.9999643736897367,0.9855561127533784,0.06114294638279503,0,0,0,0
A056,11,151552,230.6357421875,0.0541021967699979,0.01168164610862732,0.678571466257739,0.01925936581162982,0.9826631809306616,0.9999642004109901,0.9849424619932432,0.061936762465182725,0,0,0,0
A056,12,151552,229.669921875,0.055042640725265005,0.012384124100208282,0.6784212502582124,0.01925429869273706,0.982686109853063,0.9999638962912892,0.9852393897804054,0.061959879645774776,0,0,0,0
A056,13,151552,227.806640625,0.05629120748951541,0.013171643018722534,0.6753541306095932,0.019165996047076486,0.9827988512347157,0.9999636467393402,0.9848038956925675,0.06317457036012264,0,0,0,0
A056,14,151552,223.4462890625,0.05772849439917868,0.014525562524795532,0.6651226885180074,0.01887512295357433,0.9831196043053202,0.9999637264340006,0.9844739759290541,0.06519160057689946,0,0,0,0
A056,15,151552,221.1318359375,0.059401902389954804,0.015547975897789001,0.6603217863659334,0.01873702347993832,0.9832809603955609,0.9999636168264855,0.9840780722128378,0.06668307934008778,0,0,0,0
A056,16,151552,218.5302734375,0.06091068029458428,0.017209313809871674,0.655597810021912,0.01860191403973726,0.9834425539766795,0.999963453794613,0.9832334776182432,0.06908780567648046,0,0,0,0
A056,17,151552,470.26171875,0.08421068836814566,0.01838955283164978,1.4116460553182177,0.03244205434228288,0.9724349877572477,0.9998495236217905,0.9830157305743243,0.07151479188737184,0,0,0,0
A056,18,151552,489.359375,0.08609327236842694,0.020180165767669678,1.4565489641216613,0.03340175942975775,0.9717320081735825,0.9998370959439228,0.9829695418074325,0.0716710304451655,0,0,0,0
A056,19,151552,489.73046875,0.08738751925619835,0.02153027057647705,1.4566855616866845,0.033403837314921005,0.9717477981140888,0.9998365679672363,0.982204127956081,0.07379106497972346,0,0,0,0
A056,20,151552,490.671875,0.09082308680320553,0.024484969675540924,1.4606995598584935,0.03348875002203762,0.9716700523450399,0.9998358957121622,0.9817818306587838,0.07498396049773004,0,0,0,0
A056,21,151552,493.75,0.09323821624710073,0.02674650400876999,1.470306605722886,0.03370647351535502,0.9714724176746428,0.9998341160296224,0.9816960515202703,0.07524180889873747,0,0,0,0
A056,22,151552,494.4365234375,0.09711088902550524,0.030251972377300262,1.4727974610781964,0.03375904477987679,0.9714457123366766,0.9998330705687554,0.981174778293919,0.07631351364087942,0,0,0,0
A056,23,151552,497.16796875,0.10200217696784249,0.03414219617843628,1.4815425296152211,0.03394740174973694,0.9713020497239498,0.9998307149997245,0.9824878589527027,0.07442539303180327,0,0,0,0
A056,24,151552,499.888671875,0.1088226042292066,0.040130615234375,1.4911137822420168,0.0341465670255132,0.9711378832752224,0.9998285690098552,0.982738597972973,0.07219851310212728,0,0,0,0
A056,25,151552,499.89453125,0.11887781044242114,0.04906490445137024,1.491966691107443,0.0341353430434422,0.9711986112338211,0.9998271714735019,0.9828969594594594,0.07132892166654752,0,0,0,0
A056,26,151552,498.6513671875,0.12898552563092994,0.05801958590745926,1.4901330052412987,0.03405772422893369,0.9713156154006267,0.999826454627897,0.9831213048986487,0.07057675547726733,0,0,0,0
A056,27,151552,497.9775390625,0.141158249302616,0.06894499063491821,1.4894542649878546,0.033997676813192886,0.9714418044183809,0.9998248626462908,0.9829959353885135,0.07126367504197585,0,0,0,0
A056,28,151552,496.1083984375,0.15536755233864136,0.08125591278076172,1.4860911611668275,0.033866602276657456,0.9716501035170445,0.9998233777169736,0.9833786423141891,0.07071721257619967,0,0,0,0
A056,29,151552,490.67578125,0.1717483225873587,0.0946810245513916,1.4745184704971983,0.033518242570004395,0.9720807748545901,0.9998230653968478,0.9832796663851351,0.0706401317367265,0,0,0,0
A056,30,151552,487.8984375,0.19453818607870424,0.11434674263000488,1.4719502264441195,0.03335069195453701,0.9723860065999121,0.9998201660554706,0.982936549831081,0.07213658612485208,0,0,0,0
A056,31,151552,483.7470703125,0.22188671937143792,0.13726282119750977,1.4675270023448332,0.033077138865008744,0.9729047284605861,0.9998150161237931,0.9827583931587838,0.073585968145969,0,0,0,0
A056,32,151552,479.69921875,0.25437608687734364,0.16444754600524902,1.4696293297294225,0.03292519261819909,0.9733019605296347,0.9998092662850578,0.9821183488175675,0.07504141483084645,0,0,0,0
A056,33,151552,478.55078125,0.29568080132205954,0.19936537742614746,1.4790737777820837,0.032915125459137676,0.9737501081880278,0.9997975103363094,0.9809504328547297,0.07863025222428828,0,0,0,0
A056,34,151552,441.5673828125,0.3524814875965259,0.2449641227722168,1.3887449113434034,0.030711700700359862,0.9768116238553383,0.999792432971835,0.9796175570101351,0.08376629004405241,0,0,0,0
A056,35,151552,683.029296875,0.4877352143316907,0.3506656885147095,1.967372062248078,0.06479320004770385,0.9890896023295618,0.9979379411200522,0.9798946896114865,0.08690588998122972,0,0,0,0
A056,36,151552,278.0806579589844,0.7017798776781805,0.4277915954589844,1.7598167927039934,0.09612254155872187,0.9719180665777161,0.9956524380492628,0.976536106418919,0.09524047905508931,0,0,0,0
A057,0,135168,0.0027260184288024902,0.0004232368107681616,0.00022583454847335815,0.0006571869891109568,0.0292300110856698,1.0007099089146128,0.9995733580881957,0.9743726325757576,0.07533681787750046,0,0,0,0
A057,1,135168,0.0625600814819336,0.0016793942804922883,0.0013313922099769115,0.0022347390969138536,0.011026839298616737,1.0014879085824357,0.9999404000228332,0.992431640625,0.0400665777621405,0,0,0,0
A057,2,135168,0.24414443969726562,0.002460412390477424,0.0018897689878940582,0.0034959274085892057,0.00956115831461292,1.0008447174401363,0.9999546871761505,0.9921505089962122,0.04027800676713848,0,0,0,0
A057,3,135168,0.3528327941894531,0.0030969415764678324,0.0024462342262268066,0.004394716314874786,0.009558744555784055,1.0013162973294947,0.9999552404374803,0.9922096946022727,0.041546939705479395,0,0,0,0
A057,4,135168,0.44567108154296875,0.0040840059033388516,0.0032282695174217224,0.005753876406882485,0.011139243789470664,1.0022893454372983,0.9999407148992401,0.9912775213068182,0.043274775145794114,0,0,0,0
A057,5,135168,0.6224594116210938,0.0054001419624062855,0.00424310564994812,0.0075785299017719155,0.012210096191723325,1.0017528748241722,0.9999271208086683,0.9912923177083334,0.04424175916662555,0,0,0,0
A057,6,135168,0.8011970520019531,0.00664631717236916,0.005116954445838928,0.009530929798277939,0.013902264877263556,1.0015781777030985,0.9999047591450662,0.9907004616477273,0.04545544300409492,0,0,0,0
A057,7,135168,234.921875,0.052689882615103066,0.006682217121124268,0.7247109011547368,0.01942839384862025,0.9824550974902718,0.9999645587449043,0.9866536458333334,0.05605133181540933,0,0,0,0
A057,8,135168,234.060546875,0.05463561330672443,0.00833326205611229,0.7231880252794876,0.019387032977589654,0.9824999891431925,0.9999645767590557,0.9857806581439394,0.05864689358604969,0,0,0,0
A057,9,135168,233.078125,0.056516229535776744,0.010026596486568451,0.7218704734874906,0.019350956410168128,0.9825445041449505,0.9999644977005377,0.985055634469697,0.0605118635716248,0,0,0,0
A057,10,135168,231.4150390625,0.05738301404539581,0.010757625102996826,0.7187068672025497,0.019265838499108814,0.9826437122733184,0.9999644164977858,0.9848336884469697,0.062145743973215664,0,0,0,0
A057,11,135168,230.6357421875,0.05775991560939143,0.01099182665348053,0.7184430654208283,0.0192580767695345,0.9826616505144092,0.9999642526204523,0.984426787405303,0.06291157765975725,0,0,0,0
A057,12,135168,229.669921875,0.0584364245723884,0.011617660522460938,0.7182595853699223,0.01925254487537764,0.9826843988489462,0.9999639607380356,0.9848558830492424,0.06286177995988766,0,0,0,0
A057,13,135168,227.806640625,0.05968979076177413,0.012440159916877747,0.7149998860929225,0.019163969686330835,0.9827967532010429,0.999963722899226,0.9846635298295454,0.06354924754091547,0,0,0,0
A057,14,135168,223.4462890625,0.0608024288468724,0.01355162262916565,0.7041347326690119,0.018872501721970233,0.9831171132733384,0.9999638194391783,0.9841752485795454,0.0651347689861842,0,0,0,0
A057,15,135168,221.1318359375,0.06242878922569334,0.014430046081542969,0.699037506246102,0.018734323008678624,0.9832774260548985,0.999963728253415,0.9839533025568182,0.066028779148768,0,0,0,0
A057,16,135168,218.5302734375,0.06399151972098163,0.01612822711467743,0.6940198413665412,0.01859910662837384,0.9834381765722213,0.9999635804396105,0.9829841382575758,0.06925075437233398,0,0,0,0
A057,17,135168,470.26171875,0.09022309284413992,0.017607450485229492,1.4946714667776235,0.032442545930688016,0.9724301507076696,0.9998496435984373,0.9825402462121212,0.07172828143962998,0,0,0,0
A057,18,135168,489.359375,0.0920855830369984,0.01929110288619995,1.542212336341191,0.03340256880526275,0.9717266896031727,0.9998372219650963,0.9828509706439394,0.07194161331523921,0,0,0,0
A057,19,135168,489.73046875,0.09346886061938207,0.02083165943622589,1.5423482854774895,0.03340452885706116,0.9717424828044113,0.9998366978516845,0.9818152225378788,0.0746725276783647,0,0,0,0
A057,20,135168,490.671875,0.09683424315319268,0.023677051067352295,1.546578786835613,0.03349041428405335,0.9716621416307303,0.9998360676935372,0.9816302675189394,0.07554659305488481,0,0,0,0
A057,21,135168,493.75,0.09920268201002466,0.025764718651771545,1.556739841576934,0.03370833078354211,0.9714638747934982,0.9998343010323058,0.981252959280303,0.0761738390441462,0,0,0,0
A057,22,135168,494.4365234375,0.10316620705513956,0.029336631298065186,1.5593562990058856,0.03376078396468271,0.9714365318456201,0.9998332784436845,0.9806832978219697,0.07699674314351007,0,0,0,0
A057,23,135168,497.16796875,0.10827334377323138,0.03342798352241516,1.5685957667878956,0.033950077549863844,0.9712902174581658,0.9998309690831134,0.9813047466856061,0.07590415338034769,0,0,0,0
A057,24,135168,499.888671875,0.11512734586821435,0.03948521614074707,1.5786845154572315,0.0341512340358667,0.9711210625181468,0.9998289019933149,0.9825032552083334,0.07273854493534249,0,0,0,0
A057,25,135168,499.89453125,0.1251907143572556,0.048597514629364014,1.5795122889279802,0.03414327162963383,0.9711728759795178,0.9998276517360797,0.9825032552083334,0.07256112277084349,0,0,0,0
A057,26,135168,498.6513671875,0.13554702773802257,0.057699888944625854,1.5774946023608578,0.034069223881820085,0.9712813372087769,0.9998270581290284,0.9821703361742424,0.07281105486705536,0,0,0,0
A057,27,135168,497.9775390625,0.1480517744059784,0.06906139850616455,1.5766761372960314,0.034013806885522024,0.9713959171878694,0.999825639834732,0.9823996803977273,0.07315625641303111,0,0,0,0
A057,28,135168,496.1083984375,0.1627988856796423,0.08177638053894043,1.5729949985557448,0.03388623953455273,0.971593550460087,0.9998243345408344,0.9830063328598485,0.07183543208747428,0,0,0,0
A057,29,135168,490.67578125,0.17976872113940495,0.09596133232116699,1.560539446806216,0.03354330251915741,0.9720019336689425,0.999824454348396,0.9827473958333334,0.07261671789537077,0,0,0,0
A057,30,135168,487.8984375,0.20244679423846415,0.1153532862663269,1.5574585369314151,0.033385177393630096,0.9722871016812897,0.9998217782917302,0.9814009232954546,0.07513760397896893,0,0,0,0
A057,31,135168,483.7470703125,0.2302244177436602,0.13944214582443237,1.552392096123255,0.033125747463040624,0.9727829770049622,0.9998167377448517,0.9819483901515151,0.07634659664882286,0,0,0,0
A057,32,135168,479.69921875,0.2618688852399056,0.16518831253051758,1.5538188168065274,0.03299982969781696,0.9731219098947865,0.9998116592439992,0.9808756510416666,0.07882820646984075,0,0,0,0
A057,33,135168,478.55078125,0.3026180375921313,0.20010030269622803,1.5623308480888547,0.03299129819106593,0.9735315327231719,0.9998008046050331,0.979928681344697,0.08220334454214627,0,0,0,0
A057,34,135168,441.5673828125,0.3613743568696395,0.24717378616333008,1.465014751623511,0.03078077851246282,0.976593522107964,0.9997954148222993,0.9786487926136364,0.08716320020977666,0,0,0,0
A057,35,135168,683.029296875,0.4946846142170905,0.349963903427124,2.074442015982262,0.06630456529080336,0.9885939090507595,0.9978422907380865,0.9792628432765151,0.08908188112416798,0,0,0,0
A057,36,135168,278.0806579589844,0.7339132040008487,0.4389653205871582,1.8500478245058678,0.09802045598145663,0.970312093465986,0.9955031798247154,0.9756673177083334,0.09836562930836977,0,0,0,0
A058,0,135168,0.0027260184288024902,0.0004334005224694865,0.00022211670875549316,0.0006859222080395766,0.03066457475611292,1.0007140770169751,0.9995304321880889,0.9730557528409091,0.07798346981209098,0,0,0,0
A058,1,135168,0.04764366149902344,0.0016532129272932975,0.0013143208343535662,0.0021956565551404833,0.010824439669253219,1.0016090124260122,0.9999428022453147,0.9916252367424242,0.041924124473618415,0,0,0,0
A058,2,135168,0.24414443969726562,0.002510716972568358,0.0019145458936691284,0.003589175682466655,0.009525389489300254,1.000227397726945,0.9999546696404218,0.9916696259469697,0.04214064000819454,0,0,0,0
A058,3,135168,0.3528327941894531,0.003169025754766263,0.002488641068339348,0.004572421515781766,0.009447964472298863,1.0006807329933949,0.9999556298865697,0.9917879971590909,0.04346802958309387,0,0,0,0
A058,4,135168,0.44567108154296875,0.004280169989670819,0.0033508799970149994,0.006074822134030711,0.010970133891777319,1.0018879341163278,0.9999417202571268,0.9911295572916666,0.04386549039609846,0,0,0,0
A058,5,135168,0.6224594116210938,0.0054964170956936596,0.004306887276470661,0.007768871916352035,0.011981109209370268,1.0016740275497906,0.9999297453034723,0.9913662997159091,0.044845421809648865,0,0,0,0
A058,6,135168,0.8011970520019531,0.006715052467014134,0.005133580416440964,0.009682114591606651,0.013624127204122061,1.0014365062473063,0.9999083550026732,0.9911073626893939,0.04514862935387483,0,0,0,0
A058,7,135168,234.921875,0.052757905355282346,0.006723128259181976,0.7247137736076803,0.019428317080773864,0.9824554251148797,0.9999645544240937,0.9863503196022727,0.056213110746662215,0,0,0,0
A058,8,135168,234.060546875,0.05461353442483518,0.008341193199157715,0.7231880146116685,0.019386840283780647,0.9825001955322822,0.999964576892657,0.9859212239583334,0.05804516674839696,0,0,0,0
A058,9,135168,233.078125,0.05636852491289629,0.009948357939720154,0.7218670847898732,0.019350703962578854,0.9825444595302305,0.9999645034633904,0.9856992779356061,0.05934185590044028,0,0,0,0
A058,10,135168,231.4150390625,0.057012940447372894,0.010466031730175018,0.7186957208954661,0.01926539153573824,0.9826436647287174,0.9999644260989579,0.9854329427083334,0.06045835854052666,0,0,0,0
A058,11,135168,230.6357421875,0.05727005881065204,0.01060841977596283,0.7184285399143966,0.019257643958165697,0.9826618035047852,0.9999642584087115,0.9846117424242424,0.06139107833617763,0,0,0,0
A058,12,135168,229.669921875,0.057815726442358384,0.01111658662557602,0.7182407940170948,0.01925200790088171,0.9826846688499901,0.9999639665105059,0.9853367660984849,0.06105745972538556,0,0,0,0
A058,13,135168,227.806640625,0.059091875823073126,0.01189558207988739,0.7149786146240532,0.01916345579744255,0.9827966670472276,0.9999637344245219,0.9847892992424242,0.06189111122082912,0,0,0,0
A058,14,135168,223.4462890625,0.06023388521995195,0.013101845979690552,0.704110659844252,0.018871881032230583,0.9831169216812933,0.9999638346372572,0.9845451586174242,0.06343288250939424,0,0,0,0
A058,15,135168,221.1318359375,0.06202652405408854,0.014096945524215698,0.6990182924298588,0.01873359810451158,0.9832782766522988,0.9999637276303575,0.9843380089962122,0.06429273276564197,0,0,0,0
A058,16,135168,218.5302734375,0.06356731435964706,0.015709057450294495,0.6939996799497159,0.018598215150707437,0.9834388028377868,0.9999635867757399,0.9836869673295454,0.06690614862212506,0,0,0,0
A058,17,135168,470.26171875,0.08967610586661535,0.017026767134666443,1.4946606074878848,0.032441846439843866,0.972430779586717,0.9998496492026119,0.9830137310606061,0.06985290713245093,0,0,0,0
A058,18,135168,489.359375,0.09149845593907974,0.018588580191135406,1.5421994297248365,0.03340179742839215,0.9717272226250601,0.9998372330610954,0.9834206321022727,0.0700532264160929,0,0,0,0
A058,19,135168,489.73046875,0.09293177730751268,0.020162314176559448,1.5423364078111954,0.03340396987234295,0.9717425127986545,0.9998367161999611,0.9822443181818182,0.0728374683470856,0,0,0,0
A058,20,135168,490.671875,0.09618293541325157,0.022902339696884155,1.5465600698023023,0.033489913410281166,0.9716620668704382,0.999836087124818,0.9816524621212122,0.07418606963273384,0,0,0,0
A058,21,135168,493.75,0.09863425717628616,0.025151222944259644,1.5567237851440388,0.033707881337269714,0.9714639489155087,0.9998343144626676,0.9816154711174242,0.07463994493444641,0,0,0,0
A058,22,135168,494.4365234375,0.10265360547417961,0.028787970542907715,1.5593402241611014,0.033760386527963766,0.9714371266829221,0.9998332748679795,0.9814675071022727,0.07528852887392275,0,0,0,0
A058,23,135168,497.16796875,0.10763681403772574,0.032803624868392944,1.5685718536385482,0.033950081037716455,0.9712896654458111,0.9998309851819016,0.9819705847537878,0.07410403445174443,0,0,0,0
A058,24,135168,499.888671875,0.11451279701999408,0.03880178928375244,1.5786601211163225,0.03415144226677549,0.971120289596083,0.9998289175195667,0.9824292732007576,0.07204206395055313,0,0,0,0
A058,25,135168,499.89453125,0.12455086535789467,0.047858595848083496,1.5794794660881626,0.034143185765615876,0.9711735525478978,0.9998276347926498,0.9829027580492424,0.07114513938598904,0,0,0,0
A058,26,135168,498.6513671875,0.1353452149156083,0.057648420333862305,1.5774732563851936,0.03406953238552045,0.9712838567478669,0.9998269732625757,0.983102509469697,0.07168980428131216,0,0,0,0
A058,27,135168,497.9775390625,0.1480732024909671,0.0691385567188263,1.5766728382669273,0.034016103519991944,0.9713979331343374,0.9998255004163948,0.9822887073863636,0.07272494129281105,0,0,0,0
A058,28,135168,496.1083984375,0.16338024703833126,0.08267593383789062,1.5730377180644601,0.03389021165472709,0.9715939050788016,0.9998241856934555,0.982370087594697,0.07229633320830903,0,0,0,0
A058,29,135168,490.67578125,0.18004138275813547,0.09638333320617676,1.5605888204805096,0.03354850876915131,0.9720059979501846,0.9998241583433695,0.9825476444128788,0.07270622635619783,0,0,0,0
A058,30,135168,487.8984375,0.20304179281705123,0.11635768413543701,1.557508267360815,0.03338905463767233,0.9722957396204872,0.9998214005717249,0.9816228693181818,0.07449314625821221,0,0,0,0
A058,31,135168,483.7470703125,0.2310252447954705,0.14031028747558594,1.5523994382310822,0.03312512941107592,0.9727804765187902,0.999816828283175,0.9821333451704546,0.07541519021266282,0,0,0,0
A058,32,135168,479.69921875,0.2637842292791709,0.16767489910125732,1.5540453538158894,0.032994017780089695,0.9731369931668968,0.9998114427486906,0.9812159682765151,0.07803371185117536,0,0,0,0
A058,33,135168,478.55078125,0.3043909555612889,0.20159697532653809,1.5627409970617014,0.03298056197905182,0.9735706895551066,0.9998001126050544,0.9799952651515151,0.08154081197334954,0,0,0,0
A058,34,135168,441.5673828125,0.36149256011754693,0.24707531929016113,1.465071807588397,0.030762894441507645,0.9766185244954678,0.9997953846524376,0.9791000828598485,0.08605545931563842,0,0,0,0
A058,35,135168,683.029296875,0.49394798707594006,0.34821128845214844,2.075259233573542,0.06611628319564083,0.9887612920339739,0.9978533472229033,0.9798916903409091,0.0880426287999801,0,0,0,0
A058,36,135168,278.0806579589844,0.7252587774859091,0.4322013854980469,1.839085142231694,0.09884968906653178,0.9706920548360574,0.9954093034271696,0.9754305752840909,0.09815116249109226,0,0,0,0
A059,0,143360,0.0027260184288024902,0.0004253380616449119,0.00023473799228668213,0.0006522520128746977,0.028635627863383636,1.0006482738808282,0.9995904760216457,0.9754673549107142,0.07405147563935492,0,0,0,0
A059,1,143360,0.04532337188720703,0.0016409680210050022,0.0013087503612041473,0.002178231867965659,0.010893525263237613,1.0014272676490146,0.9999417672139119,0.9921456473214286,0.039441966654345725,0,0,0,0
A059,2,143360,0.24414443969726562,0.0024156194296405635,0.0018466860055923462,0.0034410526294477487,0.00959264344972596,1.000860915122163,0.9999544004405971,0.992333984375,0.03911529157510751,0,0,0,0
A059,3,143360,0.3528327941894531,0.003064854156919442,0.0024191252887248993,0.0043507321145989436,0.009649506035178288,1.0014145607522127,0.9999545083583902,0.9923200334821428,0.04064382166721945,0,0,0,0
A059,4,143360,0.44567108154296875,0.00395839443468081,0.0031539946794509888,0.005580593629830959,0.011004858629170867,1.002292990327769,0.9999422079621817,0.9917340959821429,0.042306948746703626,0,0,0,0
A059,5,143360,0.6224594116210938,0.005263106378885953,0.004159849137067795,0.007379666385951869,0.012076508146198246,1.0019144597735887,0.9999290473895287,0.9914411272321428,0.04374322067884363,0,0,0,0
A059,6,143360,0.8011970520019531,0.006587323607949916,0.0050911568105220795,0.009416348591449651,0.013667472234821634,1.0016749577124884,0.9999081566767073,0.9912806919642857,0.04442736132591536,0,0,0,0
A059,7,143360,234.921875,0.05000595230295468,0.006541512906551361,0.7037031950841444,0.01942820267598708,0.9824556502411192,0.9999645526743414,0.9866768973214286,0.054943090699379894,0,0,0,0
A059,8,143360,234.060546875,0.05188317280705438,0.008139818906784058,0.7022251074654827,0.019386766710069447,0.9825006447490122,0.9999645703595,0.9865094866071429,0.05649486757717121,0,0,0,0
A059,9,143360,233.078125,0.05381857937348156,0.009936526417732239,0.7009498113168501,0.019350696240176702,0.9825451038742047,0.9999644921917878,0.9855887276785714,0.058564017775116765,0,0,0,0
A059,10,143360,231.4150390625,0.05452598459091535,0.01049438863992691,0.6978742889923619,0.019265666749992586,0.9826440682443944,0.9999644135905971,0.9855259486607143,0.06032087508971974,0,0,0,0
A059,11,143360,230.6357421875,0.054892073605839996,0.010719269514083862,0.6976177170618734,0.019257900137809595,0.982662203324688,0.9999642463483748,0.9849679129464286,0.061094735104700364,0,0,0,0
A059,12,143360,229.669921875,0.05559489002608383,0.01135149598121643,0.6974417880389293,0.019252386916271885,0.9826850354023895,0.9999639526397538,0.98564453125,0.060266984379108976,0,0,0,0
A059,13,143360,227.806640625,0.05683986538424831,0.012177109718322754,0.6942771284567901,0.019163667374831928,0.9827975885520316,0.9999637142029765,0.985205078125,0.060870471804307186,0,0,0,0
A059,14,143360,223.4462890625,0.05793414993756544,0.01327475905418396,0.6837282702686613,0.01887211405595763,0.9831179362117848,0.9999638127794368,0.9847935267857143,0.06307890591652324,0,0,0,0
A059,15,143360,221.1318359375,0.059537143429015164,0.014159239828586578,0.6787796336772497,0.018733919010790454,0.9832787198936875,0.9999637139949928,0.984716796875,0.06397536978613153,0,0,0,0
A059,16,143360,218.5302734375,0.061052648036411486,0.015776820480823517,0.673907566391481,0.01859852786585762,0.9834395749009185,0.9999635678890986,0.9836774553571429,0.06700810919921651,0,0,0,0
A059,17,143360,470.26171875,0.08580511051998525,0.017113730311393738,1.4513430641596792,0.032441656489829475,0.9724317883962988,0.9998496270955622,0.9831891741071429,0.07006299248447648,0,0,0,0
A059,18,143360,489.359375,0.08763613398069928,0.01869504526257515,1.4975067626239849,0.03340158881317646,0.9717288178602675,0.9998371940865334,0.9832659040178572,0.06992956908044272,0,0,0,0
A059,19,143360,489.73046875,0.08909515813450396,0.020268350839614868,1.4976440277320753,0.03340348603121266,0.9717447990016569,0.9998366667380645,0.9823869977678571,0.07259131244548563,0,0,0,0
A059,20,143360,490.671875,0.09239306645414444,0.023034758865833282,1.5017514396200549,0.03348865470026727,0.9716658754956982,0.9998360200814675,0.982080078125,0.07340197667332855,0,0,0,0
A059,21,143360,493.75,0.0947761970730588,0.025220215320587158,1.5116236611051779,0.033706620959293505,0.9714676648540559,0.9998342496825868,0.9820940290178571,0.07391533110227855,0,0,0,0
A059,22,143360,494.4365234375,0.09872667499365986,0.028651505708694458,1.5141683874014076,0.033758978256978316,0.9714407832036428,0.9998332169317278,0.9814871651785714,0.07488771919017709,0,0,0,0
A059,23,143360,497.16796875,0.10387237009324833,0.03289604187011719,1.5231512487094123,0.03394711796319992,0.9712959606992561,0.9998309037826166,0.9821847098214286,0.07322230254452557,0,0,0,0
A059,24,143360,499.888671875,0.11084451601504303,0.039085447788238525,1.5329670047145492,0.03414737517248508,0.9711297939507731,0.9998287796152907,0.9825613839285714,0.07159736293353894,0,0,0,0
A059,25,143360,499.89453125,0.12086494606722746,0.04793250560760498,1.5338008154137277,0.034137787061151594,0.9711849408308271,0.9998274886396905,0.9827845982142858,0.0709652240226452,0,0,0,0
A059,26,143360,498.6513671875,0.1312775571615735,0.05705225467681885,1.5318838762531994,0.034061666798282396,0.9712990958461425,0.9998268014212779,0.9833775111607143,0.07031375850347177,0,0,0,0
A059,27,143360,497.9775390625,0.14369421656135403,0.06820029020309448,1.5311325659006518,0.03400553898744453,0.9714167370841741,0.9998253201998926,0.9828194754464286,0.0712228852679326,0,0,0,0
A059,28,143360,496.1083984375,0.15836766349051945,0.08082008361816406,1.5276420940071909,0.03387634716304599,0.971619895792616,0.9998239143806288,0.9830636160714286,0.0712770133788427,0,0,0,0
A059,29,143360,490.67578125,0.17500924707431165,0.09481823444366455,1.5156236354475534,0.0335313916874399,0.9720333031410509,0.9998239679164337,0.9833286830357143,0.0711018652646047,0,0,0,0
A059,30,143360,487.8984375,0.19698537726085955,0.11377286911010742,1.5127094385367015,0.0333720477735912,0.9723258726745576,0.9998211318555064,0.9820521763392858,0.07417885474039705,0,0,0,0
A059,31,143360,483.7470703125,0.22380694124730585,0.13586688041687012,1.5078329593263584,0.03310497303431138,0.9728470656906989,0.9998156660945781,0.9821428571428571,0.0754694704816911,0,0,0,0
A059,32,143360,479.69921875,0.2549084251122492,0.16154778003692627,1.5094352367101407,0.032968075522338935,0.9732151560087596,0.9998101827053699,0.9813337053571428,0.07779717748696442,0,0,0,0
A059,33,143360,478.55078125,0.294307271803856,0.19395530223846436,1.5179761668348697,0.032951772094975434,0.9736571858134659,0.9997987610882755,0.98056640625,0.08107968661538223,0,0,0,0
A059,34,143360,441.5673828125,0.35043269368974767,0.2395864725112915,1.4236108027513013,0.030721608980636476,0.9767532650824433,0.9997934961732645,0.9788364955357143,0.08674373655274133,0,0,0,0
A059,35,143360,683.029296875,0.4848204324811377,0.34322428703308105,2.017839879750929,0.0655341794920748,0.9891346210863257,0.9978887240757104,0.9793875558035714,0.08900100003087305,0,0,0,0
A059,36,143360,278.0806579589844,0.7098476301010773,0.42626601457595825,1.795749055199227,0.09804609981019774,0.9714602800529032,0.9954714967487642,0.9754185267857143,0.09878051573531661,0,0,0,0
A060,0,139264,0.0027260184288024902,0.00039191286140628697,0.000208243727684021,0.0006272068770788405,0.027445376579789377,1.000613013299354,0.9996237941640306,0.9763111787683824,0.07005319956744872,0,0,0,0
A060,1,139264,0.04532337188720703,0.0016111318797827573,0.0012766942381858826,0.002149252757209416,0.010771464572327435,1.0012772487887072,0.9999428764187434,0.9923311121323529,0.038767289380691856,0,0,0,0
A060,2,139264,0.24414443969726562,0.0024483052915120892,0.0018842071294784546,0.0034738343689235045,0.009609711648126554,1.000788524108793,0.9999541737412652,0.9921731387867647,0.039632064876895884,0,0,0,0
A060,3,139264,0.3528327941894531,0.0031398133716339436,0.002491522580385208,0.0044348467457583154,0.009675739616115207,1.0012219136048142,0.9999539927847115,0.9922664866727942,0.04117400405286647,0,0,0,0
A060,4,139264,0.44567108154296875,0.004132139073020118,0.0032946765422821045,0.0057761393879885515,0.011159640700559519,1.0019201563425544,0.99993969051355,0.9916058708639706,0.04222048356049951,0,0,0,0
A060,5,139264,0.6224594116210938,0.0055955717185173295,0.004387408494949341,0.007836992180552175,0.012471905873699021,1.0020015828231617,0.9999243803079146,0.9918930951286765,0.04282362953044771,0,0,0,0
A060,6,139264,0.8011970520019531,0.0068804171229146505,0.005259735509753227,0.009872404122682876,0.014149844272398153,1.0017844773339428,0.9999016586211724,0.9914191750919118,0.04374508828951177,0,0,0,0
A060,7,139264,234.921875,0.05166704806543641,0.006860896944999695,0.7139828033079179,0.01942834754962959,0.9824557924642308,0.9999645472748057,0.9865148207720589,0.05496836131919097,0,0,0,0
A060,8,139264,234.060546875,0.053632712330598305,0.008533857762813568,0.712485912941258,0.019386981777047504,0.9825006692219704,0.9999645656807549,0.9861414292279411,0.057149534578902914,0,0,0,0
A060,9,139264,233.078125,0.05549050420343599,0.010264217853546143,0.7111900915343993,0.019350965099284623,0.9825448590704764,0.9999644912368337,0.9857249540441176,0.05871369315299964,0,0,0,0
A060,10,139264,231.4150390625,0.0561178683844466,0.010739311575889587,0.7080671763054637,0.01926582355933523,0.9826435915686967,0.999964418918321,0.9851720473345589,0.061028553482646644,0,0,0,0
A060,11,139264,230.6357421875,0.056552611096683046,0.011031106114387512,0.7078095734295776,0.019258124637698704,0.9826616914074799,0.9999642509622959,0.9845688763786765,0.061437217563559854,0,0,0,0
A060,12,139264,229.669921875,0.05732937388615804,0.011685118079185486,0.7076367543330632,0.01925267596764774,0.9826843165075013,0.9999639596175931,0.9852151309742647,0.06125041514735042,0,0,0,0
A060,13,139264,227.806640625,0.058407436672197,0.01239246129989624,0.7044190944157381,0.019163857555281407,0.9827969741523688,0.9999637212262757,0.9854090073529411,0.0611486735627414,0,0,0,0
A060,14,139264,223.4462890625,0.0595293469254276,0.013548672199249268,0.6937172929771951,0.01887239804768234,0.9831170133618865,0.9999638231414563,0.9844252642463235,0.06356946964418367,0,0,0,0
A060,15,139264,221.1318359375,0.06111151669116519,0.014331825077533722,0.6886988490702998,0.01873424397125986,0.9832777318902483,0.999963724569302,0.9842457490808824,0.06425066377578666,0,0,0,0
A060,16,139264,218.5302734375,0.06262328155050642,0.01595968008041382,0.6837577052015426,0.018598981844638617,0.9834385439462914,0.9999635766263794,0.9835061465992647,0.06712728954611702,0,0,0,0
A060,17,139264,470.26171875,0.08802215898774246,0.017303846776485443,1.4725348038356896,0.03244173893234516,0.9724315001216228,0.9998496324731492,0.9831183938419118,0.06981611493105386,0,0,0,0
A060,18,139264,489.359375,0.08998615432999954,0.019086889922618866,1.5193740839249263,0.033401628534332886,0.9717283623950518,0.9998372058961525,0.9834558823529411,0.07023139750367317,0,0,0,0
A060,19,139264,489.73046875,0.09152984959865428,0.020832061767578125,1.5195154313796195,0.033403700137762005,0.9717439641097539,0.9998366835141843,0.9822567210477942,0.07287573076969586,0,0,0,0
A060,20,139264,490.671875,0.09480801806678668,0.023533135652542114,1.5236838772363146,0.033489316044302886,0.9716641567465608,0.9998360471187399,0.9817971622242647,0.07403300316809298,0,0,0,0
A060,21,139264,493.75,0.09729120031167827,0.02579609304666519,1.5336987341134258,0.03370716036524297,0.971465862657961,0.9998342835922446,0.9818689682904411,0.07462557719336839,0,0,0,0
A060,22,139264,494.4365234375,0.10125734499525198,0.02933943271636963,1.5362833032812484,0.03375958203487384,0.971438658281276,0.9998332580571934,0.9814453125,0.07532654889082041,0,0,0,0
A060,23,139264,497.16796875,0.10623718297099191,0.033308982849121094,1.5453871041084979,0.03394846687969605,0.9712927060887878,0.9998309522568645,0.9819192325367647,0.07412384468987336,0,0,0,0
A060,24,139264,499.888671875,0.11313498343144388,0.03927946090698242,1.5553422885456096,0.03414954742937196,0.9711236450641868,0.999828884963856,0.9828814338235294,0.07171583733329204,0,0,0,0
A060,25,139264,499.89453125,0.12298897956435774,0.04826924204826355,1.5561552832216174,0.034139728487628515,0.9711764152569246,0.9998276718737661,0.9826157513786765,0.0713985891099995,0,0,0,0
A060,26,139264,498.6513671875,0.13340295795292015,0.057559579610824585,1.5541937356027358,0.03406482399261165,0.971285100407382,0.999827101859746,0.9828886144301471,0.07092398277979482,0,0,0,0
A060,27,139264,497.9775390625,0.1463071646441195,0.06909215450286865,1.553440087170028,0.034008543491504596,0.9714030616723981,0.9998256150499883,0.9833194508272058,0.07090460703503505,0,0,0,0
A060,28,139264,496.1083984375,0.16084340102405376,0.0816335678100586,1.5498486300704477,0.03388074699657837,0.9715991884382236,0.9998243622865587,0.9830681295955882,0.07086071666955962,0,0,0,0
A060,29,139264,490.67578125,0.177927359149889,0.09617558121681213,1.5376462332478111,0.03353480616073889,0.9720182399374923,0.9998242809064655,0.9832189223345589,0.07077081654834194,0,0,0,0
A060,30,139264,487.8984375,0.20009206318349348,0.11502039432525635,1.5346393353472745,0.0333735561674472,0.9723118260521294,0.9998214773977891,0.9823069852941176,0.07300441146339537,0,0,0,0
A060,31,139264,483.7470703125,0.22767577955420726,0.13838978111743927,1.5296463084401841,0.033105076522406525,0.9728131711442842,0.9998166027974803,0.9826372931985294,0.07423656562180107,0,0,0,0
A060,32,139264,479.69921875,0.25990634815625796,0.16526883840560913,1.531268861294715,0.03296497874658749,0.9731703074660766,0.9998115142747971,0.9815458409926471,0.07697746785901179,0,0,0,0
A060,33,139264,478.55078125,0.30215803388760193,0.2018747329711914,1.5402358912839995,0.03294948582221145,0.9736037087692945,0.999800275809495,0.9804615693933824,0.08051774070129143,0,0,0,0
A060,34,139264,441.5673828125,0.35980929060574723,0.24787789583206177,1.4448084387328566,0.030735900966820127,0.9766543895166614,0.9997953840766536,0.9788674747242647,0.08518099519039156,0,0,0,0
A060,35,139264,683.029296875,0.49196873438631883,0.34996747970581055,2.0451975600526784,0.06573986339506219,0.9886677716132222,0.9978793127684595,0.9797865923713235,0.08719351049774976,0,0,0,0
A060,36,139264,278.0806579589844,0.7198232926547301,0.43113136291503906,1.8173601429875075,0.09701457137157996,0.9708256434502867,0.995591029122439,0.9757223690257353,0.09712718875306839,0,0,0,0
A061,0,159744,0.0027260184288024902,0.0004137907683052151,0.00023217499256134033,0.0006507783198444589,0.028228022778597865,1.0006761110826476,0.9996020869615185,0.9760929987980769,0.07120126135510729,0,0,0,0
A061,1,159744,0.048282623291015625,0.0016162038563392728,0.0012880368158221245,0.002144388779537654,0.01068507798794752,1.0016586746579643,0.9999443824064992,0.9921499399038461,0.03953079655127586,0,0,0,0
A061,2,159744,0.24414443969726562,0.002361318259525401,0.0018119867891073227,0.0033535251912537208,0.009399396656380867,1.0007533050765705,0.9999561424436368,0.9924253806089743,0.0392286821963587,0,0,0,0
A061,3,159744,0.4168853759765625,0.003014938292106232,0.0023825913667678833,0.00441112858216453,0.00979408169722572,1.000500976425139,0.9999521874235173,0.9922751402243589,0.04150799263679237,0,0,0,0
A061,4,159744,0.5051651000976562,0.0038781228159264058,0.003080815076828003,0.005621769711194193,0.011180712042134642,1.001220647946153,0.9999383161241164,0.991386217948718,0.04321179906546527,0,0,0,0
A061,5,159744,0.6224594116210938,0.0051933236327808795,0.004094921052455902,0.007429711023877514,0.01223465311214509,1.000772940122405,0.999925512923879,0.9913736979166666,0.04426623605392543,0,0,0,0
A061,6,159744,0.8011970520019531,0.006523284380321934,0.005063056945800781,0.009368817553310054,0.013880096428743095,1.0007073575015404,0.9999039895525917,0.9909730568910257,0.045539303550516316,0,0,0,0
A061,7,159744,234.921875,0.04581026758167949,0.00664476677775383,0.6666504521548378,0.01942821021315645,0.9824559093826161,0.99996454790702,0.9870042067307693,0.05452018912120378,0,0,0,0
A061,8,159744,234.060546875,0.047933643352659296,0.008443951606750488,0.6652608740924627,0.019387026079337673,0.9825010145999009,0.9999645586675577,0.9869416065705128,0.05645457952234242,0,0,0,0
A061,9,159744,233.078125,0.05006838441740095,0.010413795709609985,0.6640640510495475,0.019351209767071706,0.9825456561030617,0.9999644722878052,0.9860652043269231,0.05818471513425724,0,0,0,0
A061,10,159744,231.4150390625,0.051003628543176444,0.011178731918334961,0.6611604076494267,0.019266366982438114,0.9826448059452161,0.9999643868590162,0.985770983573718,0.0606380380019084,0,0,0,0
A061,11,159744,230.6357421875,0.051306185445926716,0.011319592595100403,0.6609178530695617,0.01925864086980649,0.9826628036545659,0.9999642212614696,0.9849446614583334,0.061820649086953595,0,0,0,0
A061,12,159744,229.669921875,0.05210805563767561,0.012015879154205322,0.6607593784948581,0.019253119041223173,0.9826860155393905,0.9999639210623782,0.9856833433493589,0.0607964821385675,0,0,0,0
A061,13,159744,227.806640625,0.05339750297694023,0.012876838445663452,0.6577731756644508,0.019164695000443623,0.9827987786363568,0.9999636733787173,0.9852514022435898,0.061460697355900255,0,0,0,0
A061,14,159744,223.4462890625,0.054723910655225035,0.014118537306785583,0.6478016066814661,0.01887365203497474,0.9831194868111182,0.9999637566864584,0.9850135216346154,0.06368427356462328,0,0,0,0
A061,15,159744,221.1318359375,0.056285053440635925,0.014902472496032715,0.6431296903733702,0.01873583417320258,0.9832806099100674,0.9999636454352572,0.9840870392628205,0.06554860208266652,0,0,0,0
A061,16,159744,218.5302734375,0.05802486108272357,0.016497552394866943,0.6385537240235503,0.01860172600104148,0.9834413229591353,0.9999634780320915,0.9837677784455128,0.06811397322673161,0,0,0,0
A061,17,159744,470.26171875,0.08052338024202026,0.017643161118030548,1.3749928917200447,0.03244235350056497,0.9724346939282603,0.9998495219248887,0.9827536558493589,0.07112681734905628,0,0,0,0
A061,18,159744,489.359375,0.08264814686816489,0.019199199974536896,1.4187630489259513,0.0334030472790672,0.9717317843479558,0.9998370581489274,0.9830729166666666,0.07139382502736472,0,0,0,0
A061,19,159744,489.73046875,0.08461181573567536,0.02089107036590576,1.4189503122481741,0.03340608493209901,0.9717475447605265,0.9998364980260845,0.9814766125801282,0.07489734508015743,0,0,0,0
A061,20,159744,490.671875,0.08884818048821841,0.023858457803726196,1.4229802373658316,0.03349332709053702,0.9716706499264262,0.9998357206302217,0.9813639322916666,0.07587503227932857,0,0,0,0
A061,21,159744,493.75,0.09196622353692,0.0259857177734375,1.4324738592495028,0.03371430996922822,0.971472197257135,0.9998338505372175,0.9810697115384616,0.07710349909492077,0,0,0,0
A061,22,159744,494.4365234375,0.09639361435443433,0.029646381735801697,1.4350239168972525,0.03376881898401616,0.971446692028294,0.9998327022253957,0.9800055088141025,0.07828739204023688,0,0,0,0
A061,23,159744,497.16796875,0.10131496881678732,0.03343653678894043,1.4435857565613628,0.03395637614498303,0.9713059267641382,0.9998302874341909,0.9811886518429487,0.076396088162395,0,0,0,0
A061,24,159744,499.888671875,0.1083775760731115,0.03931313753128052,1.4530584928609724,0.0341579182828859,0.9711427546466024,0.9998280259156366,0.9817332732371795,0.07430311134765481,0,0,0,0
A061,25,159744,499.89453125,0.11843576424391755,0.047882795333862305,1.4540620268246782,0.034149458914565015,0.9712040515162434,0.9998265148839981,0.982597155448718,0.07271941916088771,0,0,0,0
A061,26,159744,498.6513671875,0.1288573758593266,0.05675250291824341,1.4524582117481883,0.03407482188598264,0.9713223571924645,0.9998256571121549,0.9828913762019231,0.07215922103877878,0,0,0,0
A061,27,159744,497.9775390625,0.14145389569245173,0.06779682636260986,1.4520214066002821,0.034018015670756296,0.9714501885536693,0.9998239057130326,0.9824156149839743,0.07243774809160455,0,0,0,0
A061,28,159744,496.1083984375,0.1562026051460984,0.08015477657318115,1.449058861036155,0.033888714152503434,0.9716681676978424,0.9998220831777735,0.9827661758814102,0.071442768265146,0,0,0,0
A061,29,159744,490.67578125,0.1726553677248702,0.0938183069229126,1.4379773677561731,0.033538579627411705,0.9721042415438321,0.9998216945422288,0.9833045372596154,0.0711902375974497,0,0,0,0
A061,30,159744,487.8984375,0.1948546604839626,0.11298716068267822,1.4357064354012778,0.03337870804146432,0.9724116856603081,0.9998184806560756,0.9823404947916666,0.07329141643847822,0,0,0,0
A061,31,159744,483.7470703125,0.2222921161451326,0.13588190078735352,1.4318880566319283,0.03310008152636488,0.9729746729845556,0.9998123039032251,0.9826973157051282,0.07445063576559949,0,0,0,0
A061,32,159744,479.69921875,0.25322185684258214,0.1612032949924469,1.4342868137963634,0.032965533585650415,0.9733901751069168,0.9998055026476393,0.9816080729166666,0.07732911777670907,0,0,0,0
A061,33,159744,478.55078125,0.29326902201766925,0.19475793838500977,1.44377249586013,0.032941882572708164,0.9738894130553205,0.9997928897925011,0.9810008513621795,0.08029455708454623,0,0,0,0
A061,34,159744,441.5673828125,0.347747844938847,0.23868298530578613,1.356347080829156,0.030722270218044558,0.977008872968222,0.9997874809652971,0.9791854467147436,0.0855736048068343,0,0,0,0
A061,35,159744,683.029296875,0.48058802254458083,0.34266388416290283,1.9210242422486024,0.06420253324781829,0.9896141519424357,0.9979718866046515,0.9796424278846154,0.0879688514293527,0,0,0,0
A061,36,159744,278.0806579589844,0.6918583971695252,0.42261457443237305,1.7310247081289472,0.09559077311435366,0.9708305977716705,0.9957321380798763,0.976493639823718,0.09605844541294575,0,0,0,0
A062,0,151552,0.0027260184288024902,0.00041894197625584346,0.0002288222312927246,0.0006595488981807636,0.028648728439242585,1.0006393170792256,0.9995900916040095,0.975124049831081,0.07333213306161332,0,0,0,0
A062,1,151552,0.04532337188720703,0.0016092520327077864,0.0012824791483581066,0.002136178214826221,0.010720119762627628,1.0015650141618855,0.9999438520231798,0.991771801097973,0.040237469387185226,0,0,0,0
A062,2,151552,0.24414443969726562,0.0023900440182078116,0.0018288493156433105,0.0034139289618324927,0.009426583378943372,1.000368991435215,0.9999556542034583,0.9916596283783784,0.040796756063298044,0,0,0,0
A062,3,151552,0.3528327941894531,0.003043811368943782,0.00239495187997818,0.004438445383173258,0.00960835245154399,1.0004528656176501,0.9999539631737139,0.9919235641891891,0.04190022489358646,0,0,0,0
A062,4,151552,0.483734130859375,0.0038998402552502323,0.0030973106622695923,0.005675608971158257,0.011020215652059328,1.001057134399215,0.9999398997241294,0.990749049831081,0.04402211869469854,0,0,0,0
A062,5,151552,0.6224594116210938,0.005146397527137135,0.004058167338371277,0.00738025701533148,0.011964735884382615,1.0005820780201766,0.9999286334958931,0.9912571262668919,0.044474312957122675,0,0,0,0
A062,6,151552,0.8011970520019531,0.006401631280890324,0.004957877099514008,0.009208119122795554,0.013471765229272617,1.0007087085138753,0.9999095709924902,0.9912571262668919,0.04528274052636252,0,0,0,0
A062,7,151552,234.921875,0.047549256541602775,0.00640401616692543,0.6844195725376936,0.019428127461157397,0.9824556310143736,0.999964554504374,0.9866844383445946,0.05531064868215017,0,0,0,0
A062,8,151552,234.060546875,0.04938173277266926,0.007981330156326294,0.6829813172499583,0.01938673903160813,0.9825004932302384,0.9999645735989062,0.9865920608108109,0.057082697694382734,0,0,0,0
A062,9,151552,233.078125,0.05130631299791914,0.009714379906654358,0.6817419367103856,0.019350811725862043,0.9825447842811629,0.9999644955834202,0.9859454180743243,0.05835963214856814,0,0,0,0
A062,10,151552,231.4150390625,0.05236489059210099,0.0105886310338974,0.6787628799481115,0.019265915694959317,0.9826439753338079,0.9999644103474358,0.9860377956081081,0.06003415204104257,0,0,0,0
A062,11,151552,230.6357421875,0.052834923517292666,0.010821759700775146,0.6785206803913647,0.019258405920943317,0.9826620650068031,0.9999642388714843,0.9847841005067568,0.06157210991406364,0,0,0,0
A062,12,151552,229.669921875,0.05371217660167162,0.011499732732772827,0.678364390783271,0.019253277611994378,0.9826849636862682,0.9999639364501964,0.9854439400337838,0.06164134329197828,0,0,0,0
A062,13,151552,227.806640625,0.05506869618276031,0.012361418455839157,0.6752990290283979,0.019164825576330445,0.9827976415382537,0.999963690692922,0.984836887668919,0.06256094280093909,0,0,0,0
A062,14,151552,223.4462890625,0.05636831820590266,0.013622313737869263,0.6650563377191164,0.01887373536426463,0.9831182370611429,0.9999637765001228,0.9841242609797297,0.06507308737819295,0,0,0,0
A062,15,151552,221.1318359375,0.058122345577982217,0.014573216438293457,0.660264070339003,0.018735951064174035,0.9832797672839901,0.9999636575049237,0.9838735219594594,0.06639735856744419,0,0,0,0
A062,16,151552,218.5302734375,0.05977959350563553,0.016293764114379883,0.6555461925091042,0.01860128204356023,0.9834409476577389,0.9999634927346867,0.9831015097128378,0.0690338301225185,0,0,0,0
A062,17,151552,470.26171875,0.08304871025462195,0.017405889928340912,1.4116200042448301,0.0324423371120835,0.972433297786831,0.9998495618326462,0.9831608952702703,0.07094157207788325,0,0,0,0
A062,18,151552,489.359375,0.08496913121573901,0.019049346446990967,1.4565264811391103,0.03340237944556777,0.971729711534641,0.9998371410594151,0.9830223289695946,0.07121253306556471,0,0,0,0
A062,19,151552,489.73046875,0.08654675649188141,0.020627975463867188,1.4566708781742232,0.033404737343229754,0.9717454108846661,0.9998366060352146,0.9820655616554054,0.07406670841795132,0,0,0,0
A062,20,151552,490.671875,0.0901848849125584,0.023726999759674072,1.4606909561935397,0.03349010877387165,0.9716671610611731,0.9998359326958199,0.9813991237331081,0.075474505005788,0,0,0,0
A062,21,151552,493.75,0.0929584445719573,0.026195406913757324,1.4703156614993051,0.03370797875992841,0.971470338715668,0.9998341244985888,0.9816696579391891,0.07590742000556813,0,0,0,0
A062,22,151552,494.4365234375,0.09714183665513966,0.030073389410972595,1.472822192396915,0.033760217411159574,0.9714451815602156,0.99983304532789,0.9809174408783784,0.07691511422115323,0,0,0,0
A062,23,151552,497.16796875,0.10187851188813535,0.033733025193214417,1.4815650878693458,0.03394828732351508,0.9713011845492813,0.9998307094600747,0.9819863809121622,0.07466082934460974,0,0,0,0
A062,24,151552,499.888671875,0.10883341199203986,0.039694011211395264,1.4911535570221934,0.034147759340037366,0.9711386682362411,0.9998285038956524,0.9825868348817568,0.07253729856275316,0,0,0,0
A062,25,151552,499.89453125,0.11882399149589513,0.04840719699859619,1.4920107123896045,0.034135774995806153,0.9711987513225927,0.9998271521618364,0.9828903610641891,0.07167865481316738,0,0,0,0
A062,26,151552,498.6513671875,0.1289271525354006,0.057338595390319824,1.4901844906641641,0.03405835436625028,0.9713143092611487,0.9998264708726318,0.9832400760135135,0.07102969929774339,0,0,0,0
A062,27,151552,497.9775390625,0.14156788158948688,0.06864464282989502,1.489550600656428,0.033999248906375484,0.9714422051342478,0.9998247959184785,0.982738597972973,0.07157930686212795,0,0,0,0
A062,28,151552,496.1083984375,0.15591576472452534,0.08088192343711853,1.486229289063276,0.033868025896896255,0.9716529039566468,0.9998232469008927,0.9830751161317568,0.0708088907906462,0,0,0,0
A062,29,151552,490.67578125,0.1725446301014484,0.09471482038497925,1.4746850559180193,0.03351331209710713,0.9720880007835508,0.9998230291973658,0.9831872888513513,0.0706647677295003,0,0,0,0
A062,30,151552,487.8984375,0.19456375017967434,0.11335766315460205,1.472021917080638,0.033350959694583404,0.9723841923529448,0.9998202080600959,0.9820655616554054,0.07316116985539088,0,0,0,0
A062,31,151552,483.7470703125,0.22166813167755944,0.13650190830230713,1.4675247336493882,0.03306937089115504,0.9729143917265074,0.9998150129555846,0.982837573902027,0.07369326770447251,0,0,0,0
A062,32,151552,479.69921875,0.2521231048586201,0.1611471176147461,1.4693053837230863,0.03292426348287349,0.9733082728208712,0.9998091258255682,0.9818412162162162,0.0766859381739368,0,0,0,0
A062,33,151552,478.55078125,0.2918231423598234,0.1945289969444275,1.4780722384178249,0.03288958295016205,0.9737778060680684,0.9997976328842292,0.98095703125,0.07964617524876667,0,0,0,0
A062,34,151552,441.5673828125,0.34747560422987883,0.2396705150604248,1.387144507839606,0.030658442568185215,0.976894954885716,0.9997921491000946,0.9793008340371622,0.08517563339038817,0,0,0,0
A062,35,151552,683.029296875,0.48108724531777775,0.3421359062194824,1.9662190567999893,0.06460981589137858,0.9892827197908821,0.9979482264608361,0.9795845650337838,0.08768842316331855,0,0,0,0
A062,36,151552,278.0806579589844,0.7005136358773696,0.4263225793838501,1.7639236597399353,0.09607263408045885,0.9715780979338613,0.9956657388016411,0.9766548775337838,0.09663387223138797,0,0,0,0
A063,0,135168,0.0027260184288024902,0.00039582452189168896,0.00021547824144363403,0.0006272080883651269,0.027381859941947116,1.000553364225547,0.9996254772265473,0.9759410511363636,0.07059740926550094,0,0,0,0
A063,1,135168,0.04532337188720703,0.0016209754914209016,0.0012844689190387726,0.0021594012465732666,0.010813290051246895,1.0012084762150828,0.9999423362717583,0.9925870028409091,0.038915167866854596,0,0,0,0
A063,2,135168,0.24414443969726562,0.002393700198047875,0.0018392056226730347,0.0034170495914441924,0.009418083765588047,1.0006940613937356,0.9999559213030231,0.992135712594697,0.039164349105429215,0,0,0,0
A063,3,135168,0.3528327941894531,0.0030361871601226912,0.002401024103164673,0.004320180374689646,0.009447935793711611,1.0012263450327699,0.9999561739615329,0.9921283143939394,0.041209499782506535,0,0,0,0
A063,4,135168,0.44567108154296875,0.003993721523811749,0.003191232681274414,0.005627355400696259,0.010950213301025243,1.0020842022504661,0.9999423385419821,0.9913515033143939,0.042592494632679556,0,0,0,0
A063,5,135168,0.6224594116210938,0.00534482464144565,0.0042200759053230286,0.007472000720351211,0.012021202758629116,1.001728969276365,0.9999293621401859,0.9916696259469697,0.04324289946014894,0,0,0,0
A063,6,135168,0.8011970520019531,0.006569748327091351,0.005081593990325928,0.009397846299408543,0.013664284243512488,1.0017898094016335,0.9999084093067875,0.9912775213068182,0.04416086535278742,0,0,0,0
A063,7,135168,234.921875,0.05268521978477262,0.0066759586334228516,0.7247103382856112,0.019428270017304072,0.9824553360690088,0.999964556941748,0.9868312026515151,0.054782215858602566,0,0,0,0
A063,8,135168,234.060546875,0.05462187859401032,0.008260510861873627,0.7231882756319987,0.019386943200723497,0.9825002044325489,0.9999645747036735,0.9860100023674242,0.057559575538671914,0,0,0,0
A063,9,135168,233.078125,0.056379966293592806,0.00986260175704956,0.7218677650440074,0.019350863443597963,0.9825445194777085,0.9999644992596444,0.9856400923295454,0.05887899839327272,0,0,0,0
A063,10,135168,231.4150390625,0.05706738312539983,0.010437823832035065,0.7186970429792613,0.019265583009398728,0.9826434150061141,0.9999644267467853,0.9855587121212122,0.06073828357683179,0,0,0,0
A063,11,135168,230.6357421875,0.057344294825022436,0.010644480586051941,0.718428970827331,0.019257865965609543,0.9826614138436313,0.9999642609190427,0.9844193892045454,0.061990266801677595,0,0,0,0
A063,12,135168,229.669921875,0.058083188235211004,0.011311545968055725,0.7182484480316271,0.01925231175200694,0.982684736643637,0.9999639593655747,0.9855291193181818,0.06071751521634497,0,0,0,0
A063,13,135168,227.806640625,0.059267153312155395,0.012038856744766235,0.7149837091250577,0.019163679832099018,0.9827967198663782,0.9999637291334464,0.9853663589015151,0.061290920598554316,0,0,0,0
A063,14,135168,223.4462890625,0.06040686827502255,0.013211607933044434,0.7041182808238575,0.01887216248792874,0.9831168380224313,0.9999638306680025,0.9846339370265151,0.06382348215548601,0,0,0,0
A063,15,135168,221.1318359375,0.0620014563602164,0.014018505811691284,0.6990224638748863,0.018733984395266946,0.983277508395142,0.9999637333076177,0.9842862215909091,0.06427470672200555,0,0,0,0
A063,16,135168,218.5302734375,0.06355346847352172,0.015636742115020752,0.694002088614447,0.018598654532783986,0.983438097468176,0.9999635903189327,0.9834576231060606,0.06735194662925087,0,0,0,0
A063,17,135168,470.26171875,0.0896437542180937,0.0168878436088562,1.49466153307411,0.0324422170355682,0.9724302143327107,0.9998496527770665,0.9831099076704546,0.06989379562162566,0,0,0,0
A063,18,135168,489.359375,0.09137796804810877,0.01838567852973938,1.5421980680069869,0.03340206785896652,0.9717270503263984,0.9998372287496242,0.9832726680871212,0.06984572791652195,0,0,0,0
A063,19,135168,489.73046875,0.09268584813583981,0.01980876922607422,1.542333264045303,0.03340428001449947,0.9717424504644379,0.9998367073408285,0.9819261955492424,0.073028875644505,0,0,0,0
A063,20,135168,490.671875,0.09600237226109096,0.022537142038345337,1.5465605297294092,0.03348998279185708,0.97166268509837,0.9998360668077247,0.9815192945075758,0.07400955229306336,0,0,0,0
A063,21,135168,493.75,0.09848858010567449,0.024967938661575317,1.556722352993334,0.033707809901196636,0.9714641612999373,0.9998343107389632,0.9815488873106061,0.07476857520933994,0,0,0,0
A063,22,135168,494.4365234375,0.10258877300560698,0.028645813465118408,1.5593375697563285,0.03375971476641129,0.9714377131740872,0.999833281069908,0.980764678030303,0.07558989680495132,0,0,0,0
A063,23,135168,497.16796875,0.10763642161689611,0.032671526074409485,1.5685717570922773,0.033948718903974086,0.9712919465795532,0.9998309657641112,0.982229521780303,0.07381988042416708,0,0,0,0
A063,24,135168,499.888671875,0.11448064382455303,0.03853583335876465,1.578661584637257,0.034149870756734216,0.9711226742386545,0.9998289022909308,0.9826068300189394,0.07194859912296496,0,0,0,0
A063,25,135168,499.89453125,0.12475043831170407,0.04788169264793396,1.5794917491458615,0.034141120452686746,0.97117586789662,0.9998276390892125,0.9826068300189394,0.07177925586162875,0,0,0,0
A063,26,135168,498.6513671875,0.13519724791340057,0.0572604238986969,1.5774703472387477,0.034065758740811476,0.9712854216951113,0.9998270596346579,0.982961943655303,0.07128706576315627,0,0,0,0
A063,27,135168,497.9775390625,0.1480460948191511,0.06884074211120605,1.5766696688723154,0.034011705714431496,0.9714013477587524,0.9998255544856042,0.982370087594697,0.0724697054064261,0,0,0,0
A063,28,135168,496.1083984375,0.16283294156945968,0.08174896240234375,1.5729943360404663,0.03388458677465697,0.971597447038413,0.9998242789710943,0.9827917850378788,0.07191103805441057,0,0,0,0
A063,29,135168,490.67578125,0.17990091630110439,0.09616494178771973,1.5605622571673667,0.03354106581960185,0.9720089665487287,0.9998243302508528,0.9828879616477273,0.07213934265416978,0,0,0,0
A063,30,135168,487.8984375,0.20223345600900508,0.11542004346847534,1.5574336043565224,0.033386042934328446,0.972288227598881,0.9998217166868006,0.9815562855113636,0.07498270589633364,0,0,0,0
A063,31,135168,483.7470703125,0.22968272307804743,0.13869646191596985,1.5522857942527923,0.033121784139425604,0.9727840845247485,0.9998168419204776,0.9819187973484849,0.07600425307108487,0,0,0,0
A063,32,135168,479.69921875,0.26150243008979407,0.16463994979858398,1.5537134377650221,0.032995125950878224,0.9731216412346606,0.9998118261114145,0.9812751538825758,0.07816665366009704,0,0,0,0
A063,33,135168,478.55078125,0.3019336351354661,0.1987069845199585,1.562214175883832,0.032972815902568675,0.9735599159902558,0.9998006653007546,0.9801802201704546,0.08144887693099288,0,0,0,0
A063,34,135168,441.5673828125,0.35856575137266633,0.24446582794189453,1.4640200892937618,0.03073636108821231,0.9766279628095016,0.9997959961286764,0.978515625,0.08697861973021073,0,0,0,0
A063,35,135168,683.029296875,0.49524807194481557,0.3505864143371582,2.0747866528804253,0.0660198076351841,0.9888185426672883,0.9978592684959753,0.9789891098484849,0.08963104394529489,0,0,0,0
A063,36,135168,278.0806579589844,0.7295008142461457,0.43597865104675293,1.8524037669233537,0.09913890021119877,0.9703138400182485,0.9953895053993793,0.9749127012310606,0.09933738037942459,0,0,0,0
A064,0,126976,0.0027260184288024902,0.00040884107292802057,0.0002182796597480774,0.0006447010218001178,0.028646189273541324,1.0006730650775908,0.9995902002502522,0.9744439894153226,0.07412423281321061,0,0,0,0
A064,1,126976,0.04532337188720703,0.0016637805796858262,0.001320023089647293,0.002215361692636023,0.01097125411798027,1.0015589659801842,0.9999411227666071,0.9920142389112904,0.04030074502846012,0,0,0,0
A064,2,126976,0.1507720947265625,0.0024847828563153026,0.0019022151827812195,0.0034791566726358396,0.00929770036993107,1.0006512589887262,0.9999570164464769,0.9924395161290323,0.039670944335595607,0,0,0,0
A064,3,126976,0.3511199951171875,0.0031812874332786123,0.002486594021320343,0.004485634062560136,0.00949793477142579,1.0013362673016113,0.9999558464236694,0.9924395161290323,0.04074234583366918,0,0,0,0
A064,4,126976,0.44567108154296875,0.004067109475620841,0.0032250937074422836,0.0056873712363013145,0.010803965952581328,1.0023310475967657,0.9999444834629869,0.9916755922379032,0.04216019650903547,0,0,0,0
A064,5,126976,0.6224594116210938,0.005315159242308431,0.004201631993055344,0.007430011412405157,0.011805328181437135,1.0018789335640694,0.9999322096824369,0.9915653351814516,0.04316903298071521,0,0,0,0
A064,6,126976,0.8011970520019531,0.006523131820399025,0.005049705505371094,0.009476320677695424,0.013732162609949866,1.0019709433003685,0.9999078378102245,0.9913526965725806,0.04407794282512089,0,0,0,0
A064,7,126976,298.921875,0.056161810391461495,0.006766997277736664,0.9102691063935971,0.02354419391452843,0.9779745017679251,0.9999646174339983,0.9861863659274194,0.05635242384863363,0,0,0,0
A064,8,126976,298.060546875,0.05817209869870464,0.008399080485105515,0.9084954680872576,0.023497745760194103,0.9780192600043346,0.9999647291582715,0.9856350806451613,0.058985001855704544,0,0,0,0
A064,9,126976,297.078125,0.06019991097374963,0.010199815034866333,0.9068348871752042,0.023453913500834127,0.978063792125763,0.9999647830524155,0.9849656628024194,0.06086099773093046,0,0,0,0
A064,10,126976,295.4150390625,0.06088543304792893,0.01081327348947525,0.903219790521377,0.023360175286878903,0.9781623036990725,0.9999648254643225,0.9843907510080645,0.06299491033060775,0,0,0,0
A064,11,126976,294.6357421875,0.061275601998710454,0.011000260710716248,0.902543788855728,0.023341921562073722,0.9781806279822767,0.9999648529601812,0.983674080141129,0.0636529713647465,0,0,0,0
A064,12,126976,293.669921875,0.06183606690561764,0.011566072702407837,0.9018409207741346,0.023323098583784552,0.9782034543290209,0.9999647938657048,0.9847766507056451,0.06308527261312816,0,0,0,0
A064,13,126976,291.806640625,0.06251591875365736,0.012181255966424942,0.8979919170262091,0.023222195643424072,0.9783145261857178,0.9999647298521572,0.9845246345766129,0.06323901665988699,0,0,0,0
A064,14,126976,287.4462890625,0.06379448801838025,0.01330750435590744,0.8864596976860127,0.02292364276509732,0.9786340522255792,0.9999647520576427,0.9836032006048387,0.06583626815840551,0,0,0,0
A064,15,126976,285.1318359375,0.06496556579683542,0.01416216790676117,0.8807850725745349,0.022774979126665523,0.9787954639805136,0.9999647182026484,0.9835480720766129,0.06586840473781086,0,0,0,0
A064,16,126976,282.5302734375,0.06638251498902865,0.015548855066299438,0.8750476151378566,0.022625868426603073,0.9789559647556809,0.9999647182788696,0.9831621723790323,0.06764722150415321,0,0,0,0
A064,17,126976,342.26171875,0.09256677981937672,0.017176151275634766,1.3505874624820433,0.028444388631347545,0.9734861067599188,0.9999455068186757,0.9827447706653226,0.0710287096644441,0,0,0,0
A064,18,126976,361.359375,0.09441139389047837,0.018806546926498413,1.3932100657825233,0.029279836640244805,0.9728044179674279,0.9999395000940514,0.9825163810483871,0.07140459338238489,0,0,0,0
A064,19,126976,361.73046875,0.09610030186419657,0.020260095596313477,1.393015147687449,0.029275024089884912,0.9728188640331424,0.999939242089465,0.9817130796370968,0.07415921480743135,0,0,0,0
A064,20,126976,362.671875,0.09933081173877113,0.02306431531906128,1.3975154160757555,0.029364823772361343,0.9727371579061328,0.9999388168143993,0.9815713205645161,0.07472036952412912,0,0,0,0
A064,21,126976,365.75,0.10163026794289694,0.025186538696289062,1.4078017024100786,0.029579229130459562,0.9725376247641412,0.9999379207861565,0.9813744329637096,0.07555280601711135,0,0,0,0
A064,22,126976,366.4365234375,0.10588569496129521,0.02910470962524414,1.410212956191703,0.02962617927013201,0.9725105239777713,0.9999372555858466,0.9804214969758065,0.07705063977915794,0,0,0,0
A064,23,126976,369.16796875,0.11106909959814784,0.033361077308654785,1.4193655973632497,0.029809271475668548,0.9723636542672935,0.9999358135920128,0.9815713205645161,0.07461468037396027,0,0,0,0
A064,24,126976,371.888671875,0.11815312961554751,0.039743855595588684,1.4298163453263095,0.03001465507242737,0.9721897361962103,0.9999344424542169,0.9820596018145161,0.07327078177972615,0,0,0,0
A064,25,126976,371.89453125,0.12867636626353282,0.049384474754333496,1.4307490680370512,0.030011878317309934,0.9722358705203845,0.999933212732471,0.9825321320564516,0.07299443964496086,0,0,0,0
A064,26,126976,370.6513671875,0.1390743544928213,0.058602213859558105,1.4289776539411463,0.029947488038468202,0.9723416847734971,0.9999321896609443,0.9821304813508065,0.0726097971794033,0,0,0,0
A064,27,126976,369.9775390625,0.15158657763005626,0.07011175155639648,1.4281748698516346,0.029900400252912806,0.9724448083347873,0.9999307182544327,0.9823194934475806,0.07325567446734547,0,0,0,0
A064,28,126976,368.1083984375,0.1664238525861859,0.0831373929977417,1.4246095615726233,0.029786280303121967,0.9726333793106641,0.9999289092019241,0.9826266381048387,0.07285312579462398,0,0,0,0
A064,29,126976,362.67578125,0.18329497363795105,0.09730702638626099,1.4128502468579627,0.029479354140781115,0.973016980277437,0.9999275711677866,0.9822013608870968,0.0731429083825449,0,0,0,0
A064,30,126976,359.8984375,0.20600312101318666,0.11666673421859741,1.4107002075877348,0.02936031181527452,0.9732758750992168,0.9999240456575778,0.9813744329637096,0.0753571515070578,0,0,0,0
A064,31,126976,355.7470703125,0.23310903511396058,0.13978803157806396,1.4063647692939614,0.029141996017895754,0.9737290273810888,0.9999183079044128,0.9818075856854839,0.07628487700927829,0,0,0,0
A064,32,126976,351.69921875,0.2655827375195317,0.16595441102981567,1.4110733086967246,0.02910553147945905,0.9740337349315303,0.9999112530526946,0.9806892641129032,0.07930627717426517,0,0,0,0
A064,33,126976,350.55078125,0.30561762114848534,0.2002882957458496,1.4202085000095002,0.029129813232489716,0.9744373611261015,0.9998998922247105,0.9804451234879032,0.08193870974293238,0,0,0,0
A064,34,126976,313.5673828125,0.3628648358873996,0.2444305419921875,1.3190186119205956,0.02692391274648321,0.9775057331381423,0.9998880287713379,0.977814705141129,0.08743672867186089,0,0,0,0
A064,35,126976,555.029296875,0.4887644205863316,0.34453344345092773,1.8725183844286672,0.058063285966158645,0.983591874717063,0.9984230661712313,0.9792637978830645,0.08836119938388647,0,0,0,0
A064,36,126976,329.82373046875,0.7234845380670806,0.43035292625427246,1.8608900087659375,0.09724219922448923,0.9626777209685011,0.9958121536302925,0.9756095640120968,0.09777290294848993,0,0,0,0
A065,0,143360,0.0027260184288024902,0.00041236546495773446,0.00022163987159729004,0.0006529116593696803,0.0284933738000988,1.0006490822494427,0.9995945376570369,0.9727678571428572,0.07671048966317415,0,0,0,0
A065,1,143360,0.05172920227050781,0.0017200897956951978,0.0013766726478934288,0.0022758974381355624,0.011215077867832317,1.0013584092639394,0.9999381177135447,0.9918108258928572,0.04082123579116389,0,0,0,0
A065,2,143360,0.24414443969726562,0.0024961938551277692,0.0019334666430950165,0.0035198104352122395,0.009810879969972573,1.0007813693465473,0.9999522159231482,0.9920061383928571,0.04010201785275374,0,0,0,0
A065,3,143360,0.3528327941894531,0.003138587614104641,0.002490028738975525,0.004436761085263106,0.00984344160913925,1.001349445111578,0.9999525278907043,0.9922293526785714,0.041631419006695335,0,0,0,0
A065,4,143360,0.44567108154296875,0.004091542179086056,0.0032503828406333923,0.005747548119297224,0.011307007330241366,1.0021189503393195,0.999938451186766,0.9913295200892858,0.04284218023217291,0,0,0,0
A065,5,143360,0.6224594116210938,0.005600291274668377,0.004394426941871643,0.007806409860615249,0.012606682133826912,1.0017844408906533,0.9999222666080777,0.9914132254464286,0.043613836978876046,0,0,0,0
A065,6,143360,0.8011970520019531,0.006955072258602156,0.005290091037750244,0.009928879388474076,0.014454115379177861,1.00123893276421,0.9998964350614955,0.9911411830357143,0.045045660607337605,0,0,0,0
A065,7,143360,234.921875,0.05048970491276837,0.006870536133646965,0.7037131545416039,0.019428455817163383,0.9824555203670237,0.9999645499829727,0.9866978236607142,0.05629887458270943,0,0,0,0
A065,8,143360,234.060546875,0.05242658746192644,0.008530721068382263,0.7022385561570139,0.019387118988394087,0.9825006313192125,0.9999645636469715,0.9859375,0.05832298169063554,0,0,0,0
A065,9,143360,233.078125,0.054253274326158264,0.010190896689891815,0.7009627921139373,0.019351120190390474,0.9825450795785222,0.9999644842729603,0.9855259486607143,0.059007014741201146,0,0,0,0
A065,10,143360,231.4150390625,0.05514701031842313,0.010940760374069214,0.6978950392047534,0.01926613170164286,0.9826446298125832,0.999964394576492,0.9854143415178571,0.060275448179846765,0,0,0,0
A065,11,143360,230.6357421875,0.055405476517554626,0.01107586920261383,0.6976363572998667,0.01925835157259748,0.9826627534114623,0.9999642278158097,0.9851004464285714,0.0608971799998406,0,0,0,0
A065,12,143360,229.669921875,0.05596023934108741,0.011552728712558746,0.6974559500918731,0.019252761391762924,0.9826855058029291,0.9999639370319957,0.9856515066964285,0.060524526169881875,0,0,0,0
A065,13,143360,227.806640625,0.05728294472659334,0.012408062815666199,0.6942948710246654,0.01916400784930048,0.9827984932559508,0.9999636917623131,0.9852678571428571,0.06095082380525189,0,0,0,0
A065,14,143360,223.4462890625,0.058451552342999744,0.013591289520263672,0.68375193333779,0.01887260452290497,0.9831188837877327,0.9999637871278424,0.9843331473214286,0.06347050986750895,0,0,0,0
A065,15,143360,221.1318359375,0.06002730443263674,0.014437749981880188,0.6788049502345999,0.018734390089542283,0.9832799890656481,0.9999636834842691,0.9844935825892858,0.06413897080577771,0,0,0,0
A065,16,143360,218.5302734375,0.061608876089888194,0.0161268413066864,0.6739405575799444,0.01859920668636678,0.9834413207758596,0.9999635257182099,0.9838309151785715,0.06701312526352944,0,0,0,0
A065,17,143360,470.26171875,0.08630149067382392,0.017417356371879578,1.4513580042588787,0.03244151550044229,0.9724333332009841,0.9998495882444742,0.9829659598214285,0.06989375453459523,0,0,0,0
A065,18,143360,489.359375,0.08810985887031555,0.01904202252626419,1.4975215561977635,0.033401425330080815,0.9717302891577324,0.9998371571481781,0.9836286272321428,0.06951367232999865,0,0,0,0
A065,19,143360,489.73046875,0.08952451137428658,0.020531684160232544,1.4976597307957535,0.03340352984888843,0.9717461030500377,0.9998366275344404,0.9824009486607143,0.07198723486597192,0,0,0,0
A065,20,143360,490.671875,0.09288474456380982,0.023393750190734863,1.5017735754380774,0.03348880605209244,0.9716673712539863,0.9998359715018915,0.9823311941964286,0.07292349868741173,0,0,0,0
A065,21,143360,493.75,0.09542686309219854,0.025746509432792664,1.5116482019250836,0.03370669664806907,0.9714692197885815,0.9998342016541071,0.9823032924107142,0.07386935681225551,0,0,0,0
A065,22,143360,494.4365234375,0.09944792926192707,0.029434943571686745,1.514195333306986,0.033758556043579996,0.9714435584146928,0.9998331504968433,0.9814732142857143,0.07478141665316164,0,0,0,0
A065,23,143360,497.16796875,0.10427705153349831,0.03327389061450958,1.5231693024178956,0.03394699700927299,0.971298547560163,0.999830832016265,0.9821568080357143,0.07351250642695982,0,0,0,0
A065,24,143360,499.888671875,0.11115074349561058,0.03937828540802002,1.5329867277478024,0.034147329568431486,0.9711319269447709,0.9998287181867355,0.9827078683035714,0.0717582920662076,0,0,0,0
A065,25,143360,499.89453125,0.1211195157567155,0.04817157983779907,1.5338177977633336,0.034136670379415264,0.9711875448088639,0.9998274510972447,0.982861328125,0.07134455956504306,0,0,0,0
A065,26,143360,498.6513671875,0.13155623287660612,0.05746603012084961,1.5319015285991493,0.03405998249395095,0.9713023277006301,0.9998267655690252,0.9830915178571429,0.07055137772737295,0,0,0,0
A065,27,143360,497.9775390625,0.14409785250588486,0.06883752346038818,1.5311563762901024,0.034002675865525404,0.9714220118226526,0.9998252661800848,0.9829520089285714,0.07141123608621926,0,0,0,0
A065,28,143360,496.1083984375,0.15874274315027442,0.08129571378231049,1.5276592847673345,0.033873720689549,0.9716282029736367,0.9998237648486336,0.9828473772321429,0.07153765683174428,0,0,0,0
A065,29,143360,490.67578125,0.17550686183036046,0.09546926617622375,1.5156665399293912,0.033526013733147925,0.9720431360937687,0.9998238723444215,0.9831821986607143,0.0710845262299461,0,0,0,0
A065,30,143360,487.8984375,0.19773399374136197,0.11446666717529297,1.5127872183919961,0.03336690933979516,0.9723292779646121,0.9998212119141072,0.9823939732142857,0.07356968279221321,0,0,0,0
A065,31,143360,483.7470703125,0.2250138122941475,0.13732411712408066,1.5080051736780524,0.03309721120491935,0.9728325458466094,0.9998163328180733,0.982470703125,0.07476406597730388,0,0,0,0
A065,32,143360,479.69921875,0.25628469630632283,0.16283512115478516,1.509667201224514,0.032959040572935874,0.9731776897898858,0.9998115133370135,0.9815499441964286,0.0776358830032296,0,0,0,0
A065,33,143360,478.55078125,0.29575764837692464,0.19582951068878174,1.5181540469862698,0.032937402273011805,0.9736191582895656,0.9998002691012036,0.9801478794642857,0.08110546332770113,0,0,0,0
A065,34,143360,441.5673828125,0.3511107114451339,0.24032020568847656,1.423437422075308,0.030713630755178932,0.9766934917954155,0.9997951589762617,0.979052734375,0.08611099507104314,0,0,0,0
A065,35,143360,683.029296875,0.48167092115389615,0.34028172492980957,2.0158144267492175,0.06558041609227361,0.9887539563108219,0.9978891020109032,0.9797084263392857,0.08823039112244908,0,0,0,0
A065,36,143360,278.0806579589844,0.7066370383831132,0.42323923110961914,1.7950059140506631,0.09745735546911574,0.9710358240290885,0.9955413526303127,0.9758510044642857,0.09757333471477775,0,0,0,0
A066,0,151552,0.0027260184288024902,0.0004220762132324642,0.00023934245109558105,0.0006452735642715626,0.02825508769945255,1.0005306165166472,0.9996011774083465,0.976489917652027,0.07188261588827426,0,0,0,0
A066,1,151552,0.04532337188720703,0.001652183898507268,0.0012951362878084183,0.002224422023227665,0.01139945332960496,1.0017238617869344,0.9999366213376776,0.992260082347973,0.039591308697472724,0,0,0,0
A066,2,151552,0.24414443969726562,0.002421917177765958,0.0018483065068721771,0.003438780424300505,0.009759671464707643,1.0009699749727832,0.9999528905271837,0.9922270903716216,0.03934276714172952,0,0,0,0
A066,3,151552,0.3528327941894531,0.00305883050779007,0.002413801848888397,0.004332102547256392,0.009799983875460197,1.0014642934124738,0.9999531208804052,0.9922798775337838,0.04102515702056052,0,0,0,0
A066,4,151552,0.44567108154296875,0.0039402185895006684,0.0031260373070836067,0.005543142299958256,0.011189344241469645,1.002174203847793,0.9999398935525787,0.9915342588682432,0.04254488587739273,0,0,0,0
A066,5,151552,0.6224594116210938,0.005226410465141,0.00410141795873642,0.007347871490980099,0.012140604878046104,1.0016782522024552,0.9999278322375319,0.9919499577702703,0.04270097486298667,0,0,0,0
A066,6,151552,0.8011970520019531,0.00644972356414772,0.004979398101568222,0.009201194737704239,0.013526229801939531,1.0013850776968394,0.9999096049779145,0.9914946684966216,0.04390541416282835,0,0,0,0
A066,7,151552,234.921875,0.04761000002572104,0.006418697535991669,0.6844208703743975,0.019428046055148484,0.9824559262721291,0.9999645508522623,0.987278293918919,0.053669955472911826,0,0,0,0
A066,8,151552,234.060546875,0.04945371180419775,0.007995367050170898,0.6829830300467613,0.019386638297283345,0.9825009130883785,0.9999645681236515,0.9867834142736487,0.05571217843031911,0,0,0,0
A066,9,151552,233.078125,0.051428955005935924,0.009811311960220337,0.6817445222359851,0.019350704718940577,0.9825452465936042,0.9999644894945627,0.9859850084459459,0.05755325028499756,0,0,0,0
A066,10,151552,231.4150390625,0.052093341514306134,0.010367315262556076,0.6787523223947631,0.019265569692986824,0.9826441153937533,0.9999644146624219,0.9858728357263513,0.059597112080616264,0,0,0,0
A066,11,151552,230.6357421875,0.052430315691468866,0.010567426681518555,0.6785018638281629,0.019257702610972746,0.9826623512010806,0.9999642476157283,0.9851206186655406,0.06048928495034241,0,0,0,0
A066,12,151552,229.669921875,0.05306725849921755,0.011125728487968445,0.6783314119370366,0.0192520862801989,0.982685460490413,0.9999639510552666,0.9861895586993243,0.0596755449016585,0,0,0,0
A066,13,151552,227.806640625,0.05418780764939522,0.011762037873268127,0.6752539327449044,0.019163418222184012,0.9827979003515421,0.9999637136151708,0.9852129961993243,0.06105974456701134,0,0,0,0
A066,14,151552,223.4462890625,0.05526973708686615,0.012885332107543945,0.6649934076688581,0.018871863456372793,0.9831182107870221,0.9999638128851115,0.9849292652027027,0.0629104899106475,0,0,0,0
A066,15,151552,221.1318359375,0.056826369722771046,0.013704851269721985,0.6601844385292612,0.018733752295714664,0.9832789403569887,0.9999637134303592,0.9842628272804054,0.06405404788260136,0,0,0,0
A066,16,151552,218.5302734375,0.05828895852674405,0.01516510546207428,0.6554510822841141,0.018598602961420036,0.9834396366994528,0.9999635654305576,0.9842100401182432,0.06642640880438144,0,0,0,0
A066,17,151552,470.26171875,0.08184077076986329,0.016530901193618774,1.411580107219363,0.03244131822803025,0.9724323393076034,0.9998496228475241,0.9834974134290541,0.0692691014647341,0,0,0,0
A066,18,151552,489.359375,0.08364034234201992,0.018087774515151978,1.4564791151343726,0.0334012324951161,0.9717294140065827,0.9998371890902852,0.9834644214527027,0.06949697279239918,0,0,0,0
A066,19,151552,489.73046875,0.08508014792960239,0.019571751356124878,1.4566124044526851,0.03340319931905798,0.9717454776283229,0.9998366569757176,0.982738597972973,0.0720689705609777,0,0,0,0
A066,20,151552,490.671875,0.08837631664382294,0.022354021668434143,1.460613215054593,0.033488426225174964,0.971666387505581,0.9998360131120346,0.9823888830236487,0.07307748482612356,0,0,0,0
A066,21,151552,493.75,0.09076327097499404,0.024490773677825928,1.4702152816189855,0.03370635808275382,0.9714684326249349,0.9998342363850907,0.9820457664695946,0.07387272514194802,0,0,0,0
A066,22,151552,494.4365234375,0.09460906766384529,0.02780020236968994,1.472695423439598,0.033758424889552885,0.9714424206484051,0.9998331883054962,0.9815574852195946,0.07474445051700213,0,0,0,0
A066,23,151552,497.16796875,0.09961718320283039,0.03172117471694946,1.4814355868641083,0.03394646452694898,0.9712997728072599,0.9998308146351074,0.9822635135135135,0.07332325331861811,0,0,0,0
A066,24,151552,499.888671875,0.10633424688362046,0.03754473477602005,1.490987103335923,0.034145814803492644,0.9711354264717378,0.9998286680443557,0.9830355257601351,0.07092788385734719,0,0,0,0
A066,25,151552,499.89453125,0.11630710304621061,0.046290576457977295,1.49181445149418,0.03413403489268128,0.9711963810539527,0.9998272831941042,0.9829299514358109,0.07073927130891434,0,0,0,0
A066,26,151552,498.6513671875,0.1263555033694219,0.05500820279121399,1.489948617914933,0.03405721523307412,0.9713107702376239,0.9998266147069536,0.9835040118243243,0.06993749455660457,0,0,0,0
A066,27,151552,497.9775390625,0.13881608128511633,0.06627506017684937,1.4892565168240355,0.03399906231927458,0.9714359944271442,0.9998249839278268,0.9828573690878378,0.07102803191556571,0,0,0,0
A066,28,151552,496.1083984375,0.15344492947674185,0.07865166664123535,1.485909330961736,0.033864693011987544,0.9716499648572547,0.9998234482825039,0.9831147065033784,0.07022039600769883,0,0,0,0
A066,29,151552,490.67578125,0.17055197097172553,0.09318411350250244,1.474356563722428,0.033514483085710534,0.9720778681082297,0.9998232779809155,0.983668971706081,0.0700902845063018,0,0,0,0
A066,30,151552,487.8984375,0.1932038499364869,0.11272752285003662,1.4717251496176538,0.03334800616084374,0.972383008458162,0.9998203427610102,0.9825736380912162,0.07290636187608329,0,0,0,0
A066,31,151552,483.7470703125,0.2209911529399272,0.13633215427398682,1.4673851154024378,0.033056003311957044,0.9729317036168218,0.9998149887168162,0.9823228990709459,0.07395711991406775,0,0,0,0
A066,32,151552,479.69921875,0.2522430709536083,0.16217756271362305,1.4692432848859647,0.032902585491337864,0.9733418997585569,0.9998089438954469,0.9816564611486487,0.07647804766813811,0,0,0,0
A066,33,151552,478.55078125,0.29177549593800534,0.1956106424331665,1.4780157023841216,0.0328620288094023,0.9738251084576036,0.9997973003639026,0.9804819467905406,0.07993279111690431,0,0,0,0
A066,34,151552,441.5673828125,0.3463107413628824,0.2383565902709961,1.3867598846980698,0.0306115679162461,0.9769744396238701,0.9997917593116297,0.9792414484797297,0.0849252851155152,0,0,0,0
A066,35,151552,683.029296875,0.4800963106494778,0.3432788848876953,1.9655346341444009,0.06427006093476792,0.989427578455106,0.997969096110343,0.9799408783783784,0.08721406339817805,0,0,0,0
A066,36,151552,278.0806579589844,0.6979732623935765,0.4255845546722412,1.753750856213454,0.0947539833025683,0.9726898858933064,0.9957681913122691,0.9768264358108109,0.09568093404004438,0,0,0,0
A067,0,139264,0.0027260184288024902,0.0004238602198256558,0.00023265182971954346,0.00065308288776541,0.029019653709489095,1.0006773388315813,0.9995794441020774,0.9747673483455882,0.07451329394818897,0,0,0,0
A067,1,139264,0.04615974426269531,0.0016619628809609942,0.0013212766498327255,0.0022107435928202385,0.011080737196840216,1.0017779229940904,0.999940295287056,0.9920654296875,0.03990808638310584,0,0,0,0
A067,2,139264,0.24414443969726562,0.0024066054303521784,0.0018492843955755234,0.003428238490504014,0.009550632037195321,1.0008997160711848,0.999954838091244,0.9918356502757353,0.040128768581206974,0,0,0,0
A067,3,139264,0.3528327941894531,0.0030633743184438345,0.0024181976914405823,0.004365892398290938,0.009642389535646721,1.0014372577160133,0.9999546102536554,0.9922664866727942,0.041342511657194506,0,0,0,0
A067,4,139264,0.44567108154296875,0.003999107691356585,0.003178827464580536,0.005650154011055835,0.011042695741686672,1.0023774077996273,0.9999419933747045,0.9912683823529411,0.04312716704097801,0,0,0,0
A067,5,139264,0.6224594116210938,0.0053616799986320315,0.004225336015224457,0.007507020989683902,0.012155689284588385,1.0018517341506947,0.9999279674538162,0.9915412454044118,0.04364602575776329,0,0,0,0
A067,6,139264,0.8011970520019531,0.0065845963593978785,0.005098048597574234,0.00940461164680197,0.013841830349714715,1.0014741572097516,0.9999054278502408,0.990966796875,0.04523160079358272,0,0,0,0
A067,7,139264,234.921875,0.05148169558903165,0.006740156561136246,0.7139789638300922,0.019428444170840553,0.9824552940736377,0.9999645542462458,0.9865507238051471,0.055966398142361436,0,0,0,0
A067,8,139264,234.060546875,0.053510570558129904,0.008474573493003845,0.7124814319155254,0.019387080182300866,0.9825003448541945,0.9999645695046643,0.9860121783088235,0.05824621875128146,0,0,0,0
A067,9,139264,233.078125,0.05533983994007485,0.010095113888382912,0.7111848175998401,0.019351096204474637,0.9825444171017853,0.9999644964905494,0.9850643382352942,0.060657977604753714,0,0,0,0
A067,10,139264,231.4150390625,0.05590315848438783,0.010550767183303833,0.7080598659577367,0.01926594880522481,0.9826431136436102,0.9999644248871197,0.9849566291360294,0.06221780355150221,0,0,0,0
A067,11,139264,230.6357421875,0.05628986265372425,0.010835319757461548,0.707800906607713,0.019258304991259134,0.982661306215951,0.9999642542101965,0.9844324448529411,0.06353933902223927,0,0,0,0
A067,12,139264,229.669921875,0.05711430313526227,0.011564210057258606,0.7076254152551695,0.019252782859661206,0.9826843088562952,0.9999639576579077,0.9853874655330882,0.06226456168985654,0,0,0,0
A067,13,139264,227.806640625,0.05834037769887225,0.012356318533420563,0.7044124148889468,0.019164091715136746,0.9827968705391107,0.9999637184701359,0.9846694048713235,0.06383642682822906,0,0,0,0
A067,14,139264,223.4462890625,0.05948268384210397,0.013531073927879333,0.6937126711656221,0.018872717336462237,0.9831171760010987,0.9999638142251905,0.9839513442095589,0.06571560708945662,0,0,0,0
A067,15,139264,221.1318359375,0.061127992076226226,0.014460280537605286,0.6886940210989722,0.018734562625232043,0.9832778345169977,0.9999637167564388,0.9835923138786765,0.06646775579687418,0,0,0,0
A067,16,139264,218.5302734375,0.06274989749101009,0.016165107488632202,0.6837589580195161,0.018599539325483687,0.9834384846797544,0.9999635670789105,0.9834056181066176,0.06883550349618547,0,0,0,0
A067,17,139264,470.26171875,0.0882139862300298,0.017588302493095398,1.4725374495035701,0.032442507192060835,0.9724306789345781,0.9998496299966492,0.9827809053308824,0.07192641948592982,0,0,0,0
A067,18,139264,489.359375,0.09011568570455143,0.01937079429626465,1.5193749040177875,0.033402397736179576,0.9717274136935167,0.999837206898967,0.9828311695772058,0.07207950161850443,0,0,0,0
A067,19,139264,489.73046875,0.09145964756071541,0.020778179168701172,1.5195114999254324,0.03340460929329445,0.9717427522359523,0.9998366872970702,0.9820628446691176,0.0741556678083166,0,0,0,0
A067,20,139264,490.671875,0.09482213503997461,0.023583654314279556,1.523680878613393,0.033490387682648094,0.9716626910094958,0.9998360526810085,0.9817109949448529,0.07516078615822941,0,0,0,0
A067,21,139264,493.75,0.09729934628797858,0.025873050093650818,1.5336970041702755,0.03370827928751924,0.971464332116783,0.9998342894636791,0.9811580882352942,0.07642201791423234,0,0,0,0
A067,22,139264,494.4365234375,0.10126813123273885,0.029425621032714844,1.5362774253872646,0.03376047261973508,0.9714372387830896,0.9998332685992241,0.9806123621323529,0.07722991014032016,0,0,0,0
A067,23,139264,497.16796875,0.10626131910075454,0.03336358070373535,1.545384578610925,0.03394968363014186,0.9712908727111892,0.9998309635979672,0.9816535500919118,0.07559968713675287,0,0,0,0
A067,24,139264,499.888671875,0.11306508294128167,0.03932270407676697,1.5553304805551,0.034151471682685765,0.9711213840642172,0.9998288841306661,0.9818546070772058,0.07397013227868561,0,0,0,0
A067,25,139264,499.89453125,0.12320974219059788,0.04830978810787201,1.5561705987603962,0.03414232180273969,0.9711740888912923,0.9998276493418307,0.9822639016544118,0.0733741309278059,0,0,0,0
A067,26,139264,498.6513671875,0.13356683479938003,0.05747675895690918,1.5542087939839642,0.034067192470112063,0.9712833898160924,0.9998270690583895,0.9828024471507353,0.07240179784284453,0,0,0,0
A067,27,139264,497.9775390625,0.1460518680440627,0.06866610050201416,1.5534428910572187,0.034011281606588006,0.9714001881760247,0.9998256032661503,0.9822136374080882,0.07353865048725289,0,0,0,0
A067,28,139264,496.1083984375,0.16064098696902232,0.08113735914230347,1.549863776686692,0.03388238987580275,0.971601342510025,0.999824242422525,0.9822064568014706,0.07339320363382551,0,0,0,0
A067,29,139264,490.67578125,0.17723203608301552,0.09496134519577026,1.537627631003298,0.033538521895148464,0.9720092210298804,0.9998244107482874,0.9826947380514706,0.07316622823457519,0,0,0,0
A067,30,139264,487.8984375,0.1993786609331945,0.1140674352645874,1.5345953868742184,0.0333795667526016,0.9722910271040143,0.9998218597683282,0.9816750919117647,0.07556829847144106,0,0,0,0
A067,31,139264,483.7470703125,0.22659468664459623,0.13663208484649658,1.5296348038855052,0.03311301085599323,0.9727869984415068,0.9998170596262608,0.9818546070772058,0.07661119084971639,0,0,0,0
A067,32,139264,479.69921875,0.25778559041864085,0.16230201721191406,1.5310497898374578,0.03297666711469209,0.973132525328073,0.9998121533453925,0.9806123621323529,0.0797263328239769,0,0,0,0
A067,33,139264,478.55078125,0.2975300099794688,0.1956857442855835,1.53955370692049,0.03296020762124475,0.9735578170359285,0.9998011488173814,0.9797506893382353,0.0827274354228935,0,0,0,0
A067,34,139264,441.5673828125,0.35326114026204725,0.24012494087219238,1.4429891375133894,0.030727262844056396,0.976635881655491,0.9997960946022197,0.9783863740808824,0.08805326032655938,0,0,0,0
A067,35,139264,683.029296875,0.4838263120057437,0.33982229232788086,2.0434654226311864,0.06570671940572559,0.9888454934303141,0.9978798760847333,0.9791044347426471,0.08940475491703119,0,0,0,0
A067,36,139264,278.0806579589844,0.7092599346588566,0.41962623596191406,1.8189362520006613,0.09817609646971724,0.9702936203347369,0.9954879240975559,0.9755572150735294,0.09862145755472565,0,0,0,0
A068,0,131072,0.0027260184288024902,0.0003963302630296539,0.00021062791347503662,0.0006320260767601922,0.028079355917119502,1.000638637995602,0.9996062302911821,0.9752349853515625,0.07174112296638922,0,0,0,0
A068,1,131072,0.04532337188720703,0.0016611629022973418,0.0013145594857633114,0.002211535161317582,0.010792691758308192,1.0012008978235505,0.9999425489729098,0.9921951293945312,0.03944200214736774,0,0,0,0
A068,2,131072,0.1507720947265625,0.0024114744822729683,0.0018511917442083359,0.003390561937432311,0.009195204495572722,1.0004272332962496,0.999957833386269,0.992401123046875,0.0393400334751462,0,0,0,0
A068,3,131072,0.3511199951171875,0.0030638107247522584,0.002408970147371292,0.004306275630163371,0.009251759947153874,1.001049693056223,0.9999577976961614,0.9923477172851562,0.04086178143846188,0,0,0,0
A068,4,131072,0.44567108154296875,0.003961370935456898,0.003154382109642029,0.005533567290175209,0.010632480532620338,1.001943639704854,0.999945470033122,0.9914779663085938,0.042135212617767766,0,0,0,0
A068,5,131072,0.6224594116210938,0.005142973302730169,0.004079923033714294,0.007177528686567421,0.011603307503479552,1.001549904845337,0.9999339850469003,0.9915847778320312,0.043536014651335254,0,0,0,0
A068,6,131072,0.8011970520019531,0.006382144698170222,0.004943370819091797,0.009287583129255884,0.013521891759663422,1.0017478968162714,0.9999102636431529,0.9913558959960938,0.0439050278172513,0,0,0,0
A068,7,131072,298.921875,0.05444470948965474,0.006569817662239075,0.8959312846367403,0.023544005099718348,0.9779745599190708,0.9999646206720441,0.9862594604492188,0.05570731665048689,0,0,0,0
A068,8,131072,298.060546875,0.05643305226831785,0.00817614421248436,0.8941863565227797,0.02349756632928553,0.9780191591920968,0.999964735731336,0.9859619140625,0.058062216918603846,0,0,0,0
A068,9,131072,297.078125,0.05842189975092538,0.009894870221614838,0.8925531174185511,0.02345371637625005,0.9780636520536332,0.9999647909159649,0.9855194091796875,0.05949078704225371,0,0,0,0
A068,10,131072,295.4150390625,0.0591888184791749,0.010571658611297607,0.8889973296641676,0.02335998952959031,0.978162274954089,0.9999648305412078,0.985198974609375,0.06175177209448529,0,0,0,0
A068,11,131072,294.6357421875,0.05954662725011417,0.010767370462417603,0.8883306297716309,0.0233418045107253,0.9781804930318829,0.9999648587586976,0.9842529296875,0.06288663095228485,0,0,0,0
A068,12,131072,293.669921875,0.060167679627085136,0.0113762766122818,0.887640537431681,0.023323001458239102,0.9782037322073337,0.9999647899997403,0.9847869873046875,0.06206872595282521,0,0,0,0
A068,13,131072,291.806640625,0.060895106013393985,0.012003600597381592,0.8838516528230124,0.023222057221175672,0.9783149533932105,0.9999647236838162,0.9848175048828125,0.06278850366974374,0,0,0,0
A068,14,131072,287.4462890625,0.06218057760401052,0.013101063668727875,0.8725039388546968,0.02292365307702129,0.9786343574720879,0.9999647451628705,0.9840240478515625,0.06495337825560098,0,0,0,0
A068,15,131072,285.1318359375,0.06333730666298543,0.013974025845527649,0.8669198746770103,0.022774949369952155,0.9787959144762712,0.9999647091518863,0.984039306640625,0.06497368728419879,0,0,0,0
A068,16,131072,282.5302734375,0.06472379486664437,0.015349403023719788,0.8612695391575862,0.02262563031317216,0.9789566922543114,0.9999647081700674,0.9834136962890625,0.06683556264937762,0,0,0,0
A068,17,131072,342.26171875,0.09001754876653223,0.01679764688014984,1.3293182238862997,0.028444091817013045,0.9734866924002868,0.999945499573724,0.9829254150390625,0.06999357384171374,0,0,0,0
A068,18,131072,361.359375,0.09182986662160886,0.01842210441827774,1.3712668696298163,0.029279398397133272,0.9728050946548116,0.999939494409306,0.9831390380859375,0.07023624518469951,0,0,0,0
A068,19,131072,361.73046875,0.09340080713537446,0.019761770963668823,1.3710747253068294,0.02927470311929395,0.9728190128726621,0.999939247599019,0.9817428588867188,0.07332896614202881,0,0,0,0
A068,20,131072,362.671875,0.09667423189490698,0.022640645503997803,1.3755052728096404,0.02936454406599184,0.9727374185389297,0.9999388179697756,0.9820632934570312,0.07356895599705914,0,0,0,0
A068,21,131072,365.75,0.09905721694940084,0.0248507559299469,1.385634990819066,0.029578945780124953,0.9725386154801088,0.9999379014921406,0.9814682006835938,0.07477233721975964,0,0,0,0
A068,22,131072,366.4365234375,0.10323984211722426,0.02863466739654541,1.3880069148068992,0.029625680213708212,0.9725115238164567,0.9999372425918658,0.9811630249023438,0.07586675338026748,0,0,0,0
A068,23,131072,369.16796875,0.10837996996223609,0.032739341259002686,1.3970154023561008,0.029809041173128454,0.9723638221414455,0.9999358158920624,0.9819183349609375,0.07374321472071116,0,0,0,0
A068,24,131072,371.888671875,0.11551698567660651,0.03912073373794556,1.4073083607050734,0.030013676876585554,0.972190903995178,0.99993443932744,0.9822769165039062,0.07211998847356572,0,0,0,0
A068,25,131072,371.89453125,0.12592745173952125,0.04895295202732086,1.4082233192245772,0.030010381496742546,0.9722373619507371,0.999933216449394,0.9828033447265625,0.07145448960037863,0,0,0,0
A068,26,131072,370.6513671875,0.13637934717554145,0.05840137600898743,1.4064826531932977,0.029947183894507512,0.9723402993566264,0.9999322383410326,0.9823760986328125,0.07189131839217876,0,0,0,0
A068,27,131072,369.9775390625,0.14903002906709162,0.06987279653549194,1.405745908776431,0.02990020119122136,0.9724477324814218,0.9999306417294449,0.9823379516601562,0.07256826414034873,0,0,0,0
A068,28,131072,368.1083984375,0.16404676502297377,0.0830443799495697,1.4022882467640876,0.02978556286989466,0.9726408232453094,0.9999287222994003,0.9827346801757812,0.07209250803912899,0,0,0,0
A068,29,131072,362.67578125,0.1808941957134067,0.09720206260681152,1.390770133107738,0.029479156958333735,0.9730271400708439,0.9999272962097407,0.9828033447265625,0.07236745680514445,0,0,0,0
A068,30,131072,359.8984375,0.20319402878359938,0.11614739894866943,1.3887212698800766,0.029360898183758727,0.9732783652519474,0.9999239597920626,0.9813156127929688,0.0752142138385474,0,0,0,0
A068,31,131072,355.7470703125,0.23047562215696615,0.13987988233566284,1.3845677876792386,0.029141960404999417,0.9737349187506993,0.9999181505355585,0.9818878173828125,0.07611881536080614,0,0,0,0
A068,32,131072,351.69921875,0.26317867251414384,0.16628026962280273,1.3894235600356286,0.029108166754320663,0.9740466142501318,0.9999108322243643,0.9808883666992188,0.07908318631977819,0,0,0,0
A068,33,131072,350.55078125,0.3026700657035519,0.20044100284576416,1.3986992590014917,0.029128765133523245,0.9744562019205192,0.9998994314277583,0.9803543090820312,0.08180542967492929,0,0,0,0
A068,34,131072,313.5673828125,0.3589064241530764,0.24363136291503906,1.299224676792994,0.026916189117408777,0.9775473106248904,0.9998872903776451,0.9785919189453125,0.08701421109506685,0,0,0,0
A068,35,131072,555.029296875,0.48751757755405833,0.34562253952026367,1.8453672332997266,0.05774297701258019,0.9836269282544325,0.9984413938721,0.979278564453125,0.0882022803075325,0,0,0,0
A068,36,131072,329.82373046875,0.7187607102583797,0.43162059783935547,1.841398171313152,0.09681461240815845,0.9627193254871901,0.9958538172693416,0.9758148193359375,0.09772851480388033,0,0,0,0
A069,0,139264,0.0027260184288024902,0.00039570081972830365,0.0002130270004272461,0.0006262521661222301,0.027758603644755648,1.0006359452588018,0.9996151769014582,0.9764547909007353,0.07039485913664555,0,0,0,0
A069,1,139264,0.04532337188720703,0.0015985009462398507,0.001269746571779251,0.002131337774941637,0.010803569903810987,1.0016252596488582,0.999943054723989,0.9923311121323529,0.03916744711542082,0,0,0,0
A069,2,139264,0.24414443969726562,0.0024241051251073197,0.0018473640084266663,0.0034575743071748803,0.009543265538769111,1.0011106564663748,0.9999551296558596,0.9924890854779411,0.038834768329570044,0,0,0,0
A069,3,139264,0.3528327941894531,0.0031116603007135648,0.0024466440081596375,0.004425037220534573,0.009732026300920684,1.0015369498193432,0.9999538957992556,0.9922952090992647,0.04120333546583778,0,0,0,0
A069,4,139264,0.44567108154296875,0.004165776386394234,0.0032964125275611877,0.005843909465965768,0.011435632450431998,1.002433858319411,0.9999377265531362,0.9915986902573529,0.04274649333314703,0,0,0,0
A069,5,139264,0.6224594116210938,0.005668013259243226,0.004411347210407257,0.007945019753449,0.012871803424916829,1.0021669301521596,0.9999196801788792,0.9915556066176471,0.04370365249229438,0,0,0,0
A069,6,139264,0.8011970520019531,0.0070203934815839045,0.005378291010856628,0.009998340646639915,0.0145423828982731,1.0020542344265635,0.9998965819343104,0.9915340647977942,0.044931498617439065,0,0,0,0
A069,7,139264,234.921875,0.05192946412188683,0.007113808766007423,0.7139873187491296,0.01942854228571029,0.9824555498537547,0.9999645477475169,0.9862419577205882,0.05709675683718976,0,0,0,0
A069,8,139264,234.060546875,0.053897871245353335,0.008855432271957397,0.7124902900829319,0.019387305201701607,0.9825002103938625,0.9999645674545473,0.985595703125,0.05966146072960596,0,0,0,0
A069,9,139264,233.078125,0.05581268377736973,0.010567069053649902,0.7111972492849923,0.019351471674995364,0.9825443427152803,0.9999644904144722,0.9849638097426471,0.06129912886936243,0,0,0,0
A069,10,139264,231.4150390625,0.056500308848305446,0.011178873479366302,0.7080765188210303,0.01926631890093168,0.9826434420257244,0.9999644118424407,0.9851217830882353,0.06235654094430728,0,0,0,0
A069,11,139264,230.6357421875,0.056718003672331714,0.011224806308746338,0.7078135674667595,0.019258487795658696,0.9826615290307881,0.9999642467042061,0.9846909466911765,0.06277872766695747,0,0,0,0
A069,12,139264,229.669921875,0.05729128240492668,0.011786699295043945,0.7076330487063471,0.019252855104086863,0.9826845467274419,0.9999639520597625,0.9851361443014706,0.06190188415682489,0,0,0,0
A069,13,139264,227.806640625,0.058477887812851834,0.012498423457145691,0.7044198642790784,0.019164234349924394,0.9827968784394839,0.9999637155508141,0.9848561006433824,0.06285137313817252,0,0,0,0
A069,14,139264,223.4462890625,0.05971718990629009,0.013801932334899902,0.6937202269412319,0.01887275926315943,0.9831175648477904,0.9999638067571555,0.9837718290441176,0.06534306743120334,0,0,0,0
A069,15,139264,221.1318359375,0.06133888850234324,0.014607254415750504,0.6887018863970347,0.01873450505930106,0.9832787117894923,0.9999637029666453,0.9841021369485294,0.06558643474731503,0,0,0,0
A069,16,139264,218.5302734375,0.06286140579477968,0.0162237286567688,0.6837623596280613,0.018599468183241954,0.9834390584365116,0.999963558783528,0.9833122702205882,0.06829053443171051,0,0,0,0
A069,17,139264,470.26171875,0.0882837575861017,0.0175943523645401,1.4725384352839284,0.0324422974056732,0.9724311921923845,0.9998496225237458,0.9825224034926471,0.07153709309908864,0,0,0,0
A069,18,139264,489.359375,0.09012046108784943,0.01924145221710205,1.5193757802805867,0.033402414089447,0.971727849726271,0.9998371937235353,0.9828814338235294,0.07176064518285377,0,0,0,0
A069,19,139264,489.73046875,0.09164405214271616,0.020845115184783936,1.5195173644804227,0.03340443268138427,0.971743455842257,0.9998366730266516,0.9818833295036765,0.07460296076464867,0,0,0,0
A069,20,139264,490.671875,0.09514140907259115,0.023821339011192322,1.5236928435604586,0.033490175352421235,0.9716638751691363,0.9998360256654345,0.9814596737132353,0.07552583629837176,0,0,0,0
A069,21,139264,493.75,0.09774048589102502,0.026256129145622253,1.5337133138744956,0.03370815926207236,0.9714657921005955,0.9998342509931849,0.9812657973345589,0.07631889334749059,0,0,0,0
A069,22,139264,494.4365234375,0.10198214711166997,0.030094176530838013,1.5363085872259465,0.03376060138390505,0.9714389188749047,0.9998332150151322,0.9807703354779411,0.07684239888608084,0,0,0,0
A069,23,139264,497.16796875,0.10703754215172895,0.034035563468933105,1.5454192844410082,0.03394927634800449,0.9712944775409103,0.9998308719175794,0.9815961052389706,0.07564326344106706,0,0,0,0
A069,24,139264,499.888671875,0.11394045148131227,0.040110260248184204,1.5553814909599868,0.03415048237552742,0.9711260497369446,0.9998287810100563,0.9821633731617647,0.0730775048810391,0,0,0,0
A069,25,139264,499.89453125,0.12438112041978483,0.04940187931060791,1.5562543589430546,0.03414010959092404,0.9711819039876801,0.9998274965669515,0.9830250459558824,0.07128411580270828,0,0,0,0
A069,26,139264,498.6513671875,0.13528816828774298,0.059092581272125244,1.554341848785082,0.034064749519315124,0.9712905260532916,0.9998269450506823,0.9827019186580882,0.07152475006177846,0,0,0,0
A069,27,139264,497.9775390625,0.14835924644721138,0.07116115093231201,1.5536101707567938,0.03401015357258417,0.9714056278110458,0.9998254836005454,0.9823787913602942,0.07271080919586563,0,0,0,0
A069,28,139264,496.1083984375,0.1628396824360152,0.08341148495674133,1.550047099016861,0.03388204814027175,0.9716054951552142,0.9998241337237688,0.9823069852941176,0.07264525487849013,0,0,0,0
A069,29,139264,490.67578125,0.17991173830357773,0.09766054153442383,1.537886673154981,0.033538332950102265,0.9720178560055192,0.999824170208175,0.9830609489889706,0.07233766827044397,0,0,0,0
A069,30,139264,487.8984375,0.2026259238935194,0.11776590347290039,1.5349919443694477,0.03338132550357859,0.9723059402801162,0.9998213772362082,0.9821131089154411,0.07412006399723314,0,0,0,0
A069,31,139264,483.7470703125,0.230041335690517,0.14096811413764954,1.5300746562758365,0.03311656497915823,0.9728067217879168,0.9998163908163367,0.9821705537683824,0.07561374930643619,0,0,0,0
A069,32,139264,479.69921875,0.2617226116202507,0.16648149490356445,1.5316803795750829,0.03298617386600862,0.9731591243013684,0.9998111022910499,0.9814453125,0.07863622035884808,0,0,0,0
A069,33,139264,478.55078125,0.3033275048903092,0.2029067575931549,1.5405821974596323,0.032973816033167035,0.9735950161912174,0.9997996860258315,0.9800307329963235,0.08213281388437742,0,0,0,0
A069,34,139264,441.5673828125,0.35967353316854156,0.24820727109909058,1.444456251956393,0.03074617831302743,0.9766617064800942,0.9997948872502237,0.9788459329044118,0.08695224735081562,0,0,0,0
A069,35,139264,683.029296875,0.49615020820237987,0.35446739196777344,2.047140919789582,0.06578849281982348,0.9889932847265391,0.9978731008231483,0.9794275620404411,0.08902968690228912,0,0,0,0
A069,36,139264,278.0806579589844,0.7258461218226758,0.44107091426849365,1.8260543364873445,0.09756524008838426,0.9711338567209661,0.9955280511612339,0.9756002987132353,0.09872108115565385,0,0,0,0
A070,0,131072,0.0027260184288024902,0.00040110737331389146,0.00021541863679885864,0.0006353151651526973,0.028215180144787133,1.0006789015800113,0.9996024521542373,0.9753646850585938,0.0721476775352873,0,0,0,0
A070,1,131072,0.04532337188720703,0.0017053332117509257,0.0013607575092464685,0.002258313201719907,0.010836514273489438,1.001172447745957,0.9999420402508362,0.992431640625,0.03937712659374872,0,0,0,0
A070,2,131072,0.1507720947265625,0.002476431261327239,0.0019074827432632446,0.0034593822179317833,0.009291827510202568,1.0003508122836449,0.9999569076227252,0.9921417236328125,0.039671709171411655,0,0,0,0
A070,3,131072,0.3511199951171875,0.003196422731789106,0.0025117285549640656,0.004473245320504922,0.009545869632256876,1.001115184614019,0.999955110065408,0.9928436279296875,0.04033803565652987,0,0,0,0
A070,4,131072,0.44567108154296875,0.00410560930089332,0.003261946141719818,0.005704525562353453,0.010845633474292212,1.0019885701473243,0.999943276122296,0.9914474487304688,0.04238211619107989,0,0,0,0
A070,5,131072,0.6224594116210938,0.005368899692104634,0.004249542951583862,0.007437034521799575,0.01179080860940538,1.0017128566755227,0.9999320717065947,0.991668701171875,0.04319963556283254,0,0,0,0
A070,6,131072,0.8011970520019531,0.006651138809212753,0.005164198577404022,0.009572788980561592,0.013712873414482884,1.0015151165413154,0.9999072668419678,0.9913864135742188,0.043773817489004226,0,0,0,0
A070,7,131072,298.921875,0.05464758972208372,0.006784006953239441,0.8959340245605684,0.023543996848104057,0.9779746228604038,0.9999646194554423,0.986602783203125,0.055561872971806064,0,0,0,0
A070,8,131072,298.060546875,0.056581396945915685,0.008368626236915588,0.8941877784364722,0.023497479808634477,0.9780194515118575,0.9999647312507892,0.9856338500976562,0.058168794768435395,0,0,0,0
A070,9,131072,297.078125,0.058432465771218745,0.009995318949222565,0.8925512165160389,0.0234537527762412,0.9780638103587899,0.9999647864982912,0.9851913452148438,0.06003439134131782,0,0,0,0
A070,10,131072,295.4150390625,0.059236829205939756,0.010703325271606445,0.888994998964295,0.023360043069246595,0.9781624457445041,0.9999648254558152,0.9848785400390625,0.062187835815820894,0,0,0,0
A070,11,131072,294.6357421875,0.059820791390407635,0.01109827309846878,0.888335530576946,0.023341985355142973,0.9781810250023577,0.9999648425963015,0.9844589233398438,0.06314728969752395,0,0,0,0
A070,12,131072,293.669921875,0.06056500472938353,0.01177072525024414,0.8876488768699241,0.023323171401831683,0.9782044640963188,0.9999647696665473,0.9848098754882812,0.0625996206403978,0,0,0,0
A070,13,131072,291.806640625,0.061268312212394704,0.012361861765384674,0.8838616627263379,0.023222353447703455,0.9783151619766336,0.999964712036451,0.9844512939453125,0.06371451931687608,0,0,0,0
A070,14,131072,287.4462890625,0.06255202665808213,0.013463377952575684,0.8725148371549137,0.022923987672611855,0.9786344693594341,0.9999647348865073,0.9843063354492188,0.06521799205263515,0,0,0,0
A070,15,131072,285.1318359375,0.06388282037793225,0.014449257403612137,0.8669383619174459,0.022775564083329206,0.9787955581389821,0.9999647025550423,0.983551025390625,0.06656243817459462,0,0,0,0
A070,16,131072,282.5302734375,0.06551137627509718,0.016044288873672485,0.8613006264219895,0.02262680261599064,0.9789557322913498,0.999964701676005,0.9827194213867188,0.06922113519312366,0,0,0,0
A070,17,131072,342.26171875,0.09102587783883109,0.0177728533744812,1.3293458025017273,0.02844499076556307,0.9734857967980702,0.999945497649493,0.9820632934570312,0.07297034840791822,0,0,0,0
A070,18,131072,361.359375,0.0929872332306445,0.019483335316181183,1.3713008007794696,0.029280492858456474,0.9728044227679439,0.9999394802088204,0.9820175170898438,0.07361042979987799,0,0,0,0
A070,19,131072,361.73046875,0.09481477495835122,0.021164149045944214,1.3711171402460487,0.029275811933480087,0.97281882518614,0.9999392194635628,0.9810943603515625,0.07645399058117848,0,0,0,0
A070,20,131072,362.671875,0.09832693845633678,0.024225890636444092,1.3755616956797334,0.029365708763395983,0.972738067498049,0.9999387646626485,0.9812545776367188,0.07680603300046054,0,0,0,0
A070,21,131072,365.75,0.10077488374458099,0.02645188570022583,1.3856985340078967,0.029580282296674153,0.9725393160946639,0.9999378411041072,0.981201171875,0.07709107127730103,0,0,0,0
A070,22,131072,366.4365234375,0.10518150242868352,0.030527323484420776,1.388088155664128,0.02962744562233497,0.9725122748990204,0.9999371676296384,0.9806060791015625,0.07803940183411051,0,0,0,0
A070,23,131072,369.16796875,0.11039591041052432,0.03483147919178009,1.3971183536149248,0.02981098677885326,0.9723655035143073,0.9999357085703575,0.9812469482421875,0.0759658260493667,0,0,0,0
A070,24,131072,371.888671875,0.1173594439398471,0.040953636169433594,1.407422889525141,0.030016105386218923,0.9721945022582267,0.9999342616741864,0.9818115234375,0.07395678090411205,0,0,0,0
A070,25,131072,371.89453125,0.12762456204497852,0.050376296043395996,1.408358550594253,0.03001293921951965,0.9722425328897407,0.9999329902077883,0.9821624755859375,0.07335844239389759,0,0,0,0
A070,26,131072,370.6513671875,0.13794794409569278,0.05979830026626587,1.4066356402415279,0.029949182812051826,0.9723472048121594,0.9999319808455487,0.9822921752929688,0.07263746484190453,0,0,0,0
A070,27,131072,369.9775390625,0.15022214853442506,0.07099175453186035,1.4058781734015333,0.029902031157501823,0.9724535239602403,0.999930421803304,0.9818496704101562,0.07416241857025764,0,0,0,0
A070,28,131072,368.1083984375,0.16520745178546292,0.08413159847259521,1.4024420096233439,0.029787799305112377,0.9726434040039404,0.9999285814089846,0.9821548461914062,0.0735047187233667,0,0,0,0
A070,29,131072,362.67578125,0.18216352479284126,0.09837794303894043,1.3909762661486986,0.029480797109342687,0.9730380843867136,0.9999269440184584,0.9820022583007812,0.07380949264835407,0,0,0,0
A070,30,131072,359.8984375,0.20455912216429795,0.11753058433532715,1.3889704675407135,0.029362470295206767,0.9733054822729102,0.9999231703777073,0.98114013671875,0.07609909435835863,0,0,0,0
A070,31,131072,355.7470703125,0.2319691219063813,0.14095807075500488,1.3848536606622854,0.029144843138652142,0.9737631743003824,0.9999173049140512,0.9817657470703125,0.07645276709598568,0,0,0,0
A070,32,131072,351.69921875,0.2643293139791041,0.16716527938842773,1.3897210868053516,0.02911465477899965,0.9740669730520396,0.9999100979495953,0.9808120727539062,0.07951616805097439,0,0,0,0
A070,33,131072,350.55078125,0.30384101312603207,0.2006511688232422,1.399034255270849,0.02914111106540009,0.9744728969420974,0.9998986265476348,0.9799880981445312,0.08271316243589413,0,0,0,0
A070,34,131072,313.5673828125,0.3601243593696495,0.2434072494506836,1.2999124108577254,0.026939886509698866,0.9775590372584477,0.9998863696882133,0.978057861328125,0.08796124291160691,0,0,0,0
A070,35,131072,555.029296875,0.48635015287317174,0.34408825635910034,1.8452232991404296,0.05785252206192486,0.9837099381712522,0.9984337109573835,0.9793853759765625,0.08842468214787835,0,0,0,0
A070,36,131072,329.82373046875,0.7167162425207607,0.42847537994384766,1.8312589965730763,0.09637295710451094,0.9644218413995242,0.9958410618946437,0.975433349609375,0.0985908989334809,0,0,0,0
A071,0,323584,0.0027260184288024902,0.0004407392681128794,0.00023935362696647644,0.0006810736187253546,0.02892367394086138,1.0005159681093518,0.9995820592985005,0.9714231853243671,0.08050678393225436,0,0,0,0
A071,1,323584,0.06728887557983398,0.0016052872901529778,0.0012884847819805145,0.0021195629606191183,0.0111698696115676,1.0007504141382428,0.9999379451339684,0.9918970035601266,0.04052921541089468,0,0,0,0
A071,2,323584,0.25551605224609375,0.0022831817614053737,0.0017934897914528847,0.0031505115907540134,0.010501659338137709,1.000790076534288,0.9999452129719826,0.9925614369066456,0.03829952865670276,0,0,0,0
A071,3,323584,0.3511199951171875,0.002923290237185147,0.002338241785764694,0.0039792239122743624,0.010840264021597915,1.0008060411804303,0.9999416162488716,0.9925428945806962,0.039854616128434404,0,0,0,0
A071,4,323584,0.44567108154296875,0.003842269879567228,0.0030699633061885834,0.00518878882567891,0.012084293781441994,1.0013256280057086,0.9999279590661865,0.9919680824762658,0.040602048539184254,0,0,0,0
A071,5,323584,0.6224594116210938,0.005238239915278962,0.004165574908256531,0.007063744127002327,0.012937664059772298,1.0013885773043103,0.9999173872120459,0.991767207278481,0.04151688261252568,0,0,0,0
A071,6,323584,0.5511970520019531,0.006604099592877872,0.005168445408344269,0.008985206892354707,0.013698095292365878,1.00096753455347,0.9999067393871024,0.9917084899129747,0.04281446057788286,0,0,0,0
A071,7,323584,42.921875,0.025910427009868807,0.0065202414989471436,0.2128034729502023,0.008953517646369478,0.9968319425083276,0.9999648241157891,0.9897120994857594,0.04802556476807411,0,0,0,0
A071,8,323584,42.060546875,0.02766679242647483,0.007997766137123108,0.2122448270331679,0.008929458304853151,0.9968767887610805,0.9999648999866573,0.9893628856803798,0.05023047582044824,0,0,0,0
A071,9,323584,41.078125,0.029506283324567333,0.009577363729476929,0.21188615224770954,0.008913648794024589,0.9969213011869555,0.999964904577543,0.988553204113924,0.05133578448248482,0,0,0,0
A071,10,323584,39.4150390625,0.030567072491413754,0.010438978672027588,0.21113098868633598,0.008881626059140571,0.997022544500526,0.9999648864308092,0.9881978095332279,0.053249201708814725,0,0,0,0
A071,11,323584,38.6357421875,0.030906372016796566,0.010558339767158031,0.21107138049286772,0.008878408007601164,0.9970403329791244,0.9999648627555199,0.9877064378955697,0.054380830418450835,0,0,0,0
A071,12,323584,37.669921875,0.03154019541095088,0.01107342541217804,0.21128039930651182,0.00888638980037826,0.9970617349486537,0.9999647291036724,0.9881699960443038,0.05403709594223042,0,0,0,0
A071,13,323584,35.806640625,0.0325034937548155,0.011694580316543579,0.210764997417064,0.00886314028262576,0.9971726393278132,0.999964619322415,0.9878176918512658,0.054547337734324915,0,0,0,0
A071,14,323584,31.4462890625,0.03365734800242155,0.012672975659370422,0.20830823672035362,0.008759004692672908,0.9974979468284033,0.9999646816851324,0.9875148338607594,0.05655464863599848,0,0,0,0
A071,15,323584,29.1318359375,0.03493452024363711,0.013298749923706055,0.2074619401609503,0.008722137845922927,0.9976571993611348,0.9999646236333394,0.9867916831487342,0.05822690583333198,0,0,0,0
A071,16,323584,26.5302734375,0.03637075075268708,0.014603942632675171,0.206749334366006,0.008690943522075919,0.9978203706986488,0.9999645318348414,0.9867731408227848,0.05974940090277901,0,0,0,0
A071,17,323584,214.26171875,0.046597892930506105,0.015594720840454102,0.448593448181597,0.015333431207507508,0.9903612344407401,0.9999282038178878,0.9862415941455697,0.06113111332925305,0,0,0,0
A071,18,323584,233.359375,0.048428739207309585,0.017061620950698853,0.4781844097883866,0.016307847091250577,0.9896261411958407,0.9999200056851415,0.9864455597310127,0.06098480352386647,0,0,0,0
A071,19,323584,233.73046875,0.04991512628459209,0.01839470863342285,0.47845690934891366,0.016314883743616306,0.989642558594269,0.9999197190754805,0.9857100474683544,0.062494016046535275,0,0,0,0
A071,20,323584,234.671875,0.053121598923258385,0.02090013027191162,0.4809948939151644,0.016392389496084982,0.9895640846585774,0.9999192563135351,0.9855215338212026,0.06325572801994535,0,0,0,0
A071,21,323584,237.75,0.05541030971148987,0.022732093930244446,0.4868888563637936,0.016589590629194382,0.9893627518378828,0.9999180970435358,0.985880018789557,0.06335926937706644,0,0,0,0
A071,22,323584,238.4365234375,0.05870322775461137,0.025486424565315247,0.48888650493710845,0.016652892642818905,0.9893352188074171,0.9999173276800536,0.9854504549050633,0.06445042764585254,0,0,0,0
A071,23,323584,241.16796875,0.06282009706396648,0.0285680890083313,0.4948365127358836,0.016840579755899785,0.9891855080140981,0.9999157630756559,0.9858769284018988,0.06340122317068028,0,0,0,0
A071,24,323584,243.888671875,0.06875848921206369,0.03319408744573593,0.5012189101245682,0.017034349989068016,0.9890142410513189,0.9999143176241374,0.9862415941455697,0.06155521846322468,0,0,0,0
A071,25,323584,243.89453125,0.07791541791711604,0.04070723056793213,0.5030296875807864,0.017057510755084385,0.9890726237173897,0.9999132767823985,0.9863528481012658,0.06069186030431463,0,0,0,0
A071,26,323584,242.6513671875,0.0861623795716598,0.04753357172012329,0.5031750638574081,0.01702485832280411,0.9891764714071585,0.999912706663218,0.986924569818038,0.05997302372579468,0,0,0,0
A071,27,323584,241.9775390625,0.09708655106751278,0.05669879913330078,0.5047588032285967,0.017028185845747754,0.989295777393804,0.999911361831517,0.9861303401898734,0.06109641544422287,0,0,0,0
A071,28,323584,240.1083984375,0.10942926493466006,0.06634682416915894,0.5055564120616243,0.01699218156815613,0.9895023735950875,0.999909785929236,0.9864579212816456,0.06054754807368406,0,0,0,0
A071,29,323584,234.67578125,0.12300440115607475,0.07715332508087158,0.5019636029462299,0.016781222462830394,0.9898868319748211,0.9999094172919321,0.9868627620648734,0.05985995927323316,0,0,0,0
A071,30,323584,231.8984375,0.14334459271045097,0.09409630298614502,0.506322297827631,0.016798774234511066,0.9901625089887771,0.9999063675989033,0.9862755884098101,0.06198122433288993,0,0,0,0
A071,31,323584,227.7470703125,0.16742318678837917,0.11405271291732788,0.5122044588551682,0.016767773614481694,0.9906676024741357,0.999902053631349,0.986287949960443,0.06263334302148195,0,0,0,0
A071,32,323584,223.69921875,0.1939753050061041,0.13514924049377441,0.523375573792193,0.01690252941095378,0.9910303720645455,0.9998964505624782,0.9854720876186709,0.06465995203833148,0,0,0,0
A071,33,323584,222.55078125,0.2277649571484819,0.1625213623046875,0.5446835351870046,0.01732181056356932,0.991380081341874,0.9998861475392853,0.9850950603243671,0.0674829300964735,0,0,0,0
A071,34,323584,185.5673828125,0.2724178798627829,0.19742009043693542,0.5322981654118686,0.016649519801623124,0.9943739196895272,0.9998765284742976,0.9834633356408228,0.07289460133010625,0,0,0,0
A071,35,323584,555.029296875,0.3909721214874906,0.2935788631439209,1.1340680582777432,0.04597437040287812,0.999857125665023,0.9989430378267999,0.9825454905063291,0.07842125017670734,0,0,0,0
A071,36,323584,208.811279296875,0.5147180674533196,0.3508416414260864,1.0969088115838015,0.07609236835975008,0.9934075578521697,0.9971076381573198,0.9804749307753164,0.08448961366291359,0,0,0,0
A072,0,221184,0.0027260184288024902,0.00042136820442701046,0.00023265182971954346,0.0006645076837721038,0.028449629175324995,1.0005548668395414,0.9995956875780545,0.9729908130787037,0.0764868683142829,0,0,0,0
A072,1,221184,0.04532337188720703,0.0016283162199733873,0.0013045109808444977,0.002147748889675883,0.011067112492146427,1.001153002478982,0.9999394939814906,0.9920156973379629,0.040271554420102024,0,0,0,0
A072,2,221184,0.24414443969726562,0.0023404423723476426,0.0018333853222429752,0.0032465832661294817,0.009957966847118126,1.0008917691738382,0.9999508608950045,0.9925853587962963,0.038376659765753156,0,0,0,0
A072,3,221184,0.3528327941894531,0.003060439576725255,0.00243975967168808,0.004237333174357206,0.010497806397917317,1.0014347776018724,0.9999460047949095,0.9929289641203703,0.03974715140717802,0,0,0,0
A072,4,221184,0.44567108154296875,0.003924873622422722,0.0031372234225273132,0.005410624801576659,0.011644980026117592,1.0021707590064086,0.9999346950786738,0.9919750072337963,0.040795427590471126,0,0,0,0
A072,5,221184,0.6224594116210938,0.005158921976862563,0.004099249839782715,0.007097833690665079,0.012461574785329764,1.00143804493747,0.9999234985760413,0.9921513310185185,0.04141141269500066,0,0,0,0
A072,6,221184,0.8011970520019531,0.00647444369638324,0.005056103691458702,0.009054017918875308,0.0136329342082067,1.0010315209081257,0.9999076987807671,0.9915048104745371,0.04296608563680022,0,0,0,0
A072,7,221184,234.921875,0.03519661422660647,0.00644153356552124,0.5665705964542024,0.019427179085963857,0.9824597257544959,0.9999645002920724,0.9887333622685185,0.049853461737000615,0,0,0,0
A072,8,221184,234.060546875,0.037006063695040815,0.007927432656288147,0.5653980638989982,0.01938599973412649,0.9825049187628452,0.9999645095322848,0.9881275318287037,0.052129779982720156,0,0,0,0
A072,9,221184,233.078125,0.03864372325038959,0.00934116542339325,0.5643835454405677,0.019350022429816132,0.9825499586890581,0.9999644194039901,0.9875895182291666,0.053042252300411055,0,0,0,0
A072,10,221184,231.4150390625,0.03940161642959891,0.010008148849010468,0.5619174770680034,0.019265082937550807,0.9826494632550253,0.9999643299579988,0.9874900535300926,0.05420424587384552,0,0,0,0
A072,11,221184,230.6357421875,0.039902150340801065,0.010324748232960701,0.5617214691836968,0.019257337128547568,0.9826686909279674,0.9999641431747127,0.9871148003472222,0.055397264627310115,0,0,0,0
A072,12,221184,229.669921875,0.04073067646550254,0.011033684015274048,0.5615967129912555,0.019251999353040637,0.9826918701071248,0.9999638400800582,0.9873544198495371,0.0551802219599318,0,0,0,0
A072,13,221184,227.806640625,0.04188234480853823,0.011842980980873108,0.5590614700903466,0.019163002496662432,0.9828065575558317,0.9999635705515713,0.9871554904513888,0.05596907062922737,0,0,0,0
A072,14,221184,223.4462890625,0.04309365184019498,0.012919634580612183,0.550593042240655,0.018871594584495128,0.9831285518339615,0.9999636409100264,0.9868887442129629,0.057923649071650256,0,0,0,0
A072,15,221184,221.1318359375,0.04432837197850332,0.013587631285190582,0.5466227717908667,0.018733117073376538,0.9832905869892876,0.9999635279778578,0.9862603081597222,0.05950749807667307,0,0,0,0
A072,16,221184,218.5302734375,0.045792318668437325,0.014971345663070679,0.5427324419478962,0.018597864382021916,0.9834537011918469,0.9999633431877696,0.9857946325231481,0.06161366523098848,0,0,0,0
A072,17,221184,470.26171875,0.06203701370444984,0.015967682003974915,1.1685344227990344,0.03243549407071316,0.9724479973709498,0.999849375787944,0.9852475766782407,0.0639890141121094,0,0,0,0
A072,18,221184,489.359375,0.06389242069029158,0.017531968653202057,1.2057145810302523,0.03339389362271252,0.971747907022346,0.9998369065827787,0.9854962384259259,0.06372862560725627,0,0,0,0
A072,19,221184,489.73046875,0.06539337873254293,0.019014284014701843,1.2058426657923573,0.03339505192537229,0.9717662876758525,0.9998363356572812,0.9850848162615741,0.06502792614101081,0,0,0,0
A072,20,221184,490.671875,0.06848899294792397,0.021463297307491302,1.2091881787880885,0.033475977558246134,0.9716972188450576,0.9998355487459579,0.9852159288194444,0.06500941057635938,0,0,0,0
A072,21,221184,493.75,0.07082816987331465,0.023486405611038208,1.2171617788171036,0.03369264172142496,0.971501508780162,0.9998337469878111,0.9846417462384259,0.0662652562494823,0,0,0,0
A072,22,221184,494.4365234375,0.07428179507273411,0.026494264602661133,1.2192492177161833,0.03374323880517637,0.9714791068003904,0.999832644462509,0.9842800564236112,0.06655869315761939,0,0,0,0
A072,23,221184,497.16796875,0.07859194669076798,0.02970564365386963,1.2265328640330169,0.03392530046763558,0.971346369769916,0.9998301864830491,0.9847819010416666,0.0660972470070002,0,0,0,0
A072,24,221184,499.888671875,0.08467881339840831,0.03476397693157196,1.2345103215641908,0.0341142001062398,0.971201869112697,0.9998278183367836,0.9852611400462963,0.06393250506801518,0,0,0,0
A072,25,221184,499.89453125,0.0936973367948726,0.0423378050327301,1.2353258213372782,0.03409018090696803,0.9712867553137604,0.9998261635855679,0.9853379991319444,0.06359189918630453,0,0,0,0
A072,26,221184,498.6513671875,0.10250215329309682,0.049617692828178406,1.2339164591496352,0.03399885666569973,0.9714259665286048,0.9998252842329481,0.9852520978009259,0.06362413010624261,0,0,0,0
A072,27,221184,497.9775390625,0.11351769774079104,0.05921065807342529,1.233528759830831,0.033922616581843285,0.9715891715789859,0.9998231923768605,0.9853606047453703,0.06396481136576987,0,0,0,0
A072,28,221184,496.1083984375,0.12593140243844841,0.06899142265319824,1.2309599545562955,0.03376641062861688,0.9718435933274016,0.9998212740957442,0.9853606047453703,0.06376606459735233,0,0,0,0
A072,29,221184,490.67578125,0.140189998946316,0.08032041788101196,1.2216698338270777,0.03338887028239388,0.9723236338786867,0.9998206176395915,0.9857222945601852,0.0633381557905836,0,0,0,0
A072,30,221184,487.8984375,0.16053509056524928,0.09760189056396484,1.2200101294214252,0.03318881316090085,0.9727055466536648,0.9998167430335012,0.9850486472800926,0.06506433529894096,0,0,0,0
A072,31,221184,483.7470703125,0.18486183861394961,0.11759185791015625,1.21709754581666,0.03284745368426488,0.9733730017907939,0.9998099607348746,0.9851029007523148,0.06608707253821794,0,0,0,0
A072,32,221184,479.69921875,0.21262756194737953,0.13967570662498474,1.21954904804628,0.03264501249998884,0.973892742352323,0.9998027976169568,0.9841399016203703,0.06899014184165285,0,0,0,0
A072,33,221184,478.55078125,0.24966889891183436,0.17008399963378906,1.2287177002149041,0.032571750092829324,0.9744948392748416,0.9997894264474511,0.9832311559606481,0.07227310087709286,0,0,0,0
A072,34,221184,441.5673828125,0.2995540802624385,0.20958161354064941,1.1565796571649165,0.030330972304863965,0.9777354302369149,0.9997830410962395,0.9815899884259259,0.07762505003947381,0,0,0,0
A072,35,221184,683.029296875,0.4282622621858199,0.31159281730651855,1.6436253382915207,0.06065841954540063,0.9909073274460981,0.9981851142544057,0.9812915943287037,0.08208594829524972,0,0,0,0
A072,36,221184,278.0806579589844,0.5953328640011764,0.3792731761932373,1.4775854775874677,0.09057393443802604,0.9758022752481085,0.9960964900832607,0.9786603009259259,0.0895503903681912,0,0,0,0
A073,0,233472,0.0027260184288024902,0.00041375065098579576,0.00022618472576141357,0.0006605516191374337,0.028300752097439822,1.0005087264236565,0.999599866675042,0.9735899808114035,0.07491555069628358,0,0,0,0
A073,1,233472,0.060822486877441406,0.001571073745741078,0.0012515075504779816,0.0020895147881280097,0.010833909760828049,1.001318770593989,0.9999422589248187,0.9919176603618421,0.040360581041643806,0,0,0,0
A073,2,233472,0.24414443969726562,0.002338202781303809,0.001826489344239235,0.003245103473792254,0.009778301566714253,1.0009993312321188,0.9999527389701145,0.9923074287280702,0.03884721772169998,0,0,0,0
A073,3,233472,0.3528327941894531,0.003047459168018569,0.0024307193234562874,0.0042068831905666135,0.010207647534835483,1.0012177333084809,0.9999487058656839,0.9922902960526315,0.04099628063050127,0,0,0,0
A073,4,233472,0.44567108154296875,0.00398273761358101,0.0031828656792640686,0.0054709622888097125,0.011498650408900569,1.0019455589164465,0.9999359078142591,0.9918062979714912,0.041359202325398955,0,0,0,0
A073,5,233472,0.6224594116210938,0.005343379331593536,0.004195034503936768,0.0073947163442695495,0.01275794766404256,1.0012695367996793,0.9999195254129931,0.9918234306469298,0.04246068192445221,0,0,0,0
A073,6,233472,0.8011970520019531,0.006756543909434361,0.005211241543292999,0.00943893630393597,0.013925963646035463,1.0011357272578236,0.9999037879770838,0.9913993969298246,0.043266227120565874,0,0,0,0
A073,7,233472,234.921875,0.03403212531640564,0.006578005850315094,0.551472068142436,0.019427116389212434,0.982460709966237,0.9999644839963553,0.9885639391447368,0.05021778896208647,0,0,0,0
A073,8,233472,234.060546875,0.03592089957874721,0.00808967649936676,0.5503409697193808,0.01938631518050306,0.9825064879705109,0.9999644754238233,0.9884011787280702,0.05205193632136733,0,0,0,0
A073,9,233472,233.078125,0.037531283129989164,0.009524494409561157,0.549356420634721,0.019350382814095443,0.9825519252049593,0.9999643774546659,0.9881827371162281,0.05248110151230315,0,0,0,0
A073,10,233472,231.4150390625,0.038224525529463996,0.010099008679389954,0.5469559838982998,0.01926533477081384,0.982651229819005,0.9999642938944611,0.9876901726973685,0.0535628866513169,0,0,0,0
A073,11,233472,230.6357421875,0.03873814077067101,0.010442201048135757,0.5467688594589295,0.019257631654203067,0.9826705369015828,0.999964104914618,0.9873689350328947,0.05467394631847272,0,0,0,0
A073,12,233472,229.669921875,0.039301823179301754,0.01093687117099762,0.5466384543541376,0.019252049952911104,0.9826934847510956,0.9999638107108503,0.9876559073464912,0.05456577675212778,0,0,0,0
A073,13,233472,227.806640625,0.04030198592473673,0.011595077812671661,0.5441716518740086,0.019163073224096078,0.98280725835052,0.9999635569388823,0.9872704221491229,0.05548571357523639,0,0,0,0
A073,14,233472,223.4462890625,0.04138885746297012,0.012604519724845886,0.5359272575909746,0.01887191841080331,0.9831285566395116,0.9999636346116916,0.9868206894188597,0.0577732749596159,0,0,0,0
A073,15,233472,221.1318359375,0.042495860112901004,0.01316949725151062,0.5320587158545885,0.01873322769755284,0.9832910116196201,0.9999635186702496,0.9870005825109649,0.05793115410847537,0,0,0,0
A073,16,233472,218.5302734375,0.04380956950567332,0.014416158199310303,0.5282637542744366,0.01859787290591199,0.9834529694135571,0.9999633553115214,0.9857627467105263,0.06039690361441626,0,0,0,0
A073,17,233472,470.26171875,0.05924540332521725,0.015343010425567627,1.1373718145532747,0.032434862226959515,0.972448595202611,0.9998493800171964,0.9858569764254386,0.062250284983085734,0,0,0,0
A073,18,233472,489.359375,0.06096396300575323,0.016796909272670746,1.1735585899696546,0.03339322551833938,0.9717487322483346,0.9998369056884647,0.9858141447368421,0.06234067133315752,0,0,0,0
A073,19,233472,489.73046875,0.06247217816808826,0.01827526092529297,1.1736829507341595,0.03339408138558545,0.9717676174363327,0.9998363305996939,0.9850688733552632,0.06408680138790616,0,0,0,0
A073,20,233472,490.671875,0.0654884661107036,0.020732790231704712,1.1769357831865115,0.03347432881567311,0.9717009227793992,0.9998354982944718,0.9849703604714912,0.06463420005315755,0,0,0,0
A073,21,233472,493.75,0.06762764455816109,0.022530660033226013,1.1846939585083684,0.033690763133721706,0.9715056287893501,0.9998336919929925,0.9849617941337719,0.06547714970213764,0,0,0,0
A073,22,233472,494.4365234375,0.0710456647385477,0.025400400161743164,1.1867256753263058,0.03374139437595042,0.9714836750833336,0.9998325752063443,0.9843450178179824,0.0662704930063237,0,0,0,0
A073,23,233472,497.16796875,0.07538856589927061,0.02865779399871826,1.1938223269028254,0.033922513869692444,0.9713519216700897,0.9998301210159358,0.9851245545504386,0.06475646651051999,0,0,0,0
A073,24,233472,499.888671875,0.08174110749564135,0.0340043306350708,1.2016150831654495,0.03411088789069916,0.9712108197271688,0.9998276709005348,0.9857627467105263,0.06270168750936375,0,0,0,0
A073,25,233472,499.89453125,0.09128236775057087,0.04216361045837402,1.2024652609842557,0.0340831593089035,0.9713062240158238,0.9998258381549093,0.9856128358004386,0.06259353447872548,0,0,0,0
A073,26,233472,498.6513671875,0.1003451454231102,0.04965969920158386,1.2011479163648138,0.03399238740320706,0.9714487761970643,0.9998248440735829,0.9858655427631579,0.06218023018434811,0,0,0,0
A073,27,233472,497.9775390625,0.11239607011940646,0.060215115547180176,1.2009084831054304,0.03391689202432181,0.9716165827767659,0.999822596074712,0.9857027823464912,0.0630154585575194,0,0,0,0
A073,28,233472,496.1083984375,0.12552107237711665,0.07111948728561401,1.1985867287612326,0.033765434491225904,0.9718861203472295,0.9998200847146972,0.9856899328399122,0.06276231503003162,0,0,0,0
A073,29,233472,490.67578125,0.1402255919949966,0.08301174640655518,1.18971100483315,0.03339013950042812,0.9723771368735246,0.9998190625657423,0.9857841625548246,0.06297370787814657,0,0,0,0
A073,30,233472,487.8984375,0.1617699309363879,0.10151278972625732,1.188473493847376,0.03317743775227947,0.9728057241041225,0.9998143443622126,0.9849318119517544,0.06469238867636715,0,0,0,0
A073,31,233472,483.7470703125,0.1883069722697408,0.12344545125961304,1.186366694024914,0.032804574295499385,0.9735878383427482,0.9998055964770762,0.9855357387609649,0.06487940669870543,0,0,0,0
A073,32,233472,479.69921875,0.21676804304406846,0.1465226411819458,1.1894582032763963,0.03257108620375403,0.9742200049860296,0.9997966231900678,0.9846234237938597,0.06740453347966988,0,0,0,0
A073,33,233472,478.55078125,0.2534958871094779,0.17668557167053223,1.1990620426109337,0.03246699545729721,0.9749236579562144,0.9997818891457523,0.9837239583333334,0.07044376163618424,0,0,0,0
A073,34,233472,441.5673828125,0.3035868751635063,0.21691083908081055,1.1307811903246672,0.03026462781961185,0.9782661451252681,0.9997732788507744,0.9824904057017544,0.07540564436306953,0,0,0,0
A073,35,233472,683.029296875,0.4332956820594598,0.31947869062423706,1.6076557173912562,0.05969220453735373,0.9920693451895104,0.9982358773538473,0.9815952234100878,0.08133862783441645,0,0,0,0
A073,36,233472,278.0806579589844,0.5896235871507024,0.38327938318252563,1.4448875187563939,0.09099254277570044,0.9763966498007532,0.9960453957406885,0.9789610745614035,0.08848306728624684,0,0,0,0
A074,0,217088,0.0027260184288024902,0.0004273783086078628,0.00023803859949111938,0.0006653531283865415,0.028463996133297313,1.0005786424413863,0.9995953020510087,0.9712789283608491,0.07980112541130895,0,0,0,0
A074,1,217088,0.04532337188720703,0.0015957451918291957,0.0012839408591389656,0.002099876420593983,0.011104314706473328,1.001437234298853,0.9999394669188848,0.9920861586084906,0.04043566856919271,0,0,0,0
A074,2,217088,0.24414443969726562,0.002257634838805834,0.0017732083797454834,0.003139550760018542,0.0098869055014183,1.0009004736296274,0.9999515735828938,0.9920400943396226,0.03953067491786591,0,0,0,0
A074,3,217088,0.3528327941894531,0.0029676748266589978,0.0023605935275554657,0.004115340598419036,0.010325200376547114,1.001320562211147,0.9999476362105104,0.9925744398584906,0.040054321490439596,0,0,0,0
A074,4,217088,0.44567108154296875,0.0039423350069511184,0.0031476616859436035,0.005426667401514084,0.011736456365695069,1.0019418445798896,0.9999331430020741,0.9919617850825472,0.04088638822386908,0,0,0,0
A074,5,217088,0.6224594116210938,0.005337250941520453,0.004206983372569084,0.007356711408017254,0.012799077339274014,1.0017853419726235,0.9999198286658596,0.9918466244103774,0.0419204134810189,0,0,0,0
A074,6,217088,0.8011970520019531,0.006740574844972995,0.005202624946832657,0.00942640555833058,0.01399336395862581,1.0010422515091586,0.9999027373987581,0.9914642909787735,0.04322331170688408,0,0,0,0
A074,7,217088,234.921875,0.03593015295491397,0.006614703685045242,0.5718927419886692,0.019427351320040632,0.9824594457919648,0.9999645018745127,0.9885346034787735,0.05060319777377245,0,0,0,0
A074,8,217088,234.060546875,0.0376740563894272,0.0080881267786026,0.5707058354596372,0.019386144892986276,0.9825050307535217,0.9999645046779946,0.9878666715801887,0.05260238464677698,0,0,0,0
A074,9,217088,233.078125,0.039261662718556765,0.009499415755271912,0.5696787055781003,0.01935018366661403,0.9825497752994018,0.9999644194789987,0.9878712780070755,0.052998803460731894,0,0,0,0
A074,10,217088,231.4150390625,0.03992535806509604,0.009999476373195648,0.5671896200404241,0.019265232608864605,0.9826488154182071,0.999964338439134,0.9876225309551887,0.05448859090241734,0,0,0,0
A074,11,217088,230.6357421875,0.040387884010991706,0.010357238352298737,0.5669908699767718,0.01925756778176801,0.98266735402932,0.9999641621855879,0.9869177476415094,0.05577197551040955,0,0,0,0
A074,12,217088,229.669921875,0.0409373872088131,0.010777674615383148,0.5668541205317166,0.019251863217328646,0.9826905962067453,0.9999638651382563,0.9873369324882075,0.05559000816419417,0,0,0,0
A074,13,217088,227.806640625,0.04197772048504883,0.011473476886749268,0.5642896547817857,0.019162638524034454,0.9828048856044223,0.9999636068373419,0.9870697597287735,0.05644007322653915,0,0,0,0
A074,14,217088,223.4462890625,0.04317216060517583,0.012602031230926514,0.5557377146240906,0.018871364856135442,0.9831263250542756,0.9999636834537238,0.9862452093160378,0.058388360682650124,0,0,0,0
A074,15,217088,221.1318359375,0.044367700737815464,0.013185203075408936,0.5517296499109566,0.018733120464663664,0.9832881636466781,0.9999635690071883,0.9861807193396226,0.05894902390488734,0,0,0,0
A074,16,217088,218.5302734375,0.04587760942068461,0.014628618955612183,0.5477972488209887,0.01859789331338696,0.9834508040757831,0.9999633912801429,0.9855266067216981,0.06125226975747216,0,0,0,0
A074,17,217088,470.26171875,0.062431902088069105,0.015583723783493042,1.1794910984573703,0.03243623383735125,0.9724456618204008,0.9998494169265518,0.9851903375589622,0.06342072413533806,0,0,0,0
A074,18,217088,489.359375,0.06422431991584418,0.017129484564065933,1.2170170450737736,0.03339475206395697,0.9717453948570139,0.9998369497013809,0.9858029923349056,0.06300299078513641,0,0,0,0
A074,19,217088,489.73046875,0.06573718739877703,0.018565945327281952,1.2171446839372773,0.03339579482670745,0.9717631801344245,0.9998363998953214,0.9852317954009434,0.06498749424299764,0,0,0,0
A074,20,217088,490.671875,0.0688006512845661,0.02103656530380249,1.2205170509459047,0.03347705078585582,0.9716932587899452,0.9998356264549042,0.9847573334316038,0.06605523135422817,0,0,0,0
A074,21,217088,493.75,0.0710963901283214,0.02297249436378479,1.2285644214254436,0.03369384487659954,0.9714980936187035,0.9998338048641982,0.9846145341981132,0.066439649937569,0,0,0,0
A074,22,217088,494.4365234375,0.07453362312899353,0.025855541229248047,1.2306648446124309,0.03374469634100937,0.9714751673681298,0.9998327088198503,0.9838775058962265,0.06799609817358979,0,0,0,0
A074,23,217088,497.16796875,0.07885142831827888,0.029106587171554565,1.2380073285860131,0.03392745959915042,0.9713428524844631,0.9998302142182439,0.9847665462853774,0.06622619832597688,0,0,0,0
A074,24,217088,499.888671875,0.08517726373873062,0.03444331884384155,1.2460688028625488,0.0341173391950895,0.9711975452806025,0.9998278355224867,0.9852041568396226,0.06431119357952472,0,0,0,0
A074,25,217088,499.89453125,0.09449847732272024,0.0423257052898407,1.246893359750457,0.03409281058648531,0.9712846143807716,0.999826134195155,0.9856003095518868,0.0633540732653699,0,0,0,0
A074,26,217088,498.6513671875,0.10348917956457626,0.049947500228881836,1.2454593917930163,0.034003463816546585,0.9714241531348308,0.999825175992193,0.9851626989976415,0.06367729983796366,0,0,0,0
A074,27,217088,497.9775390625,0.11493817140051692,0.059796929359436035,1.2450979818881187,0.03392884675720545,0.971588940179528,0.9998229815573623,0.9852179761202831,0.06393675218833093,0,0,0,0
A074,28,217088,496.1083984375,0.12812143601999162,0.07068687677383423,1.2425638753590909,0.03377584299804809,0.971846450099167,0.9998208640890882,0.9855358195754716,0.06346683659139475,0,0,0,0
A074,29,217088,490.67578125,0.14289484946369346,0.08276799321174622,1.233189229310748,0.03339789997388535,0.9723226546468053,0.9998203352173294,0.9855634581367925,0.06334444119683764,0,0,0,0
A074,30,217088,487.8984375,0.16334102575453627,0.10010012984275818,1.231490015039345,0.03319789020664308,0.9727072030535093,0.9998163871163445,0.9847757591391509,0.06552632158266969,0,0,0,0
A074,31,217088,483.7470703125,0.1878708543778653,0.12007644772529602,1.2284958689161078,0.032857901976005494,0.9733648432439886,0.9998098297111218,0.9850982090212265,0.06638183435675302,0,0,0,0
A074,32,217088,479.69921875,0.21583035047522675,0.14251786470413208,1.2309527645758631,0.032654600117130755,0.9738931556012218,0.9998024651974734,0.9843012971698113,0.06873728645018627,0,0,0,0
A074,33,217088,478.55078125,0.253391360093032,0.17385578155517578,1.2401775323477144,0.03258416168002033,0.9744888173699309,0.9997891678458077,0.9832326061320755,0.07239761038765999,0,0,0,0
A074,34,217088,441.5673828125,0.3069548379885676,0.21716588735580444,1.1686642355748902,0.030394034607341646,0.9777273604981914,0.9997812647540535,0.9818368587853774,0.077753045168832,0,0,0,0
A074,35,217088,683.029296875,0.4456575830387559,0.32733917236328125,1.6643455595970347,0.06142536647722998,0.990782467465995,0.9981387878459949,0.9810123083726415,0.08328255475650484,0,0,0,0
A074,36,217088,278.0806579589844,0.6182963146552453,0.40025806427001953,1.5013671978999614,0.0917208908588713,0.9755963650286804,0.9959936379939762,0.9781977815448113,0.0905781756951994,0,0,0,0
A075,0,212992,0.0027260184288024902,0.000403446989307755,0.00022431835532188416,0.0006380158303627094,0.0271564620315872,1.000494217460153,0.9996315674961889,0.9741633488581731,0.07379777775125397,0,0,0,0
A075,1,212992,0.04758310317993164,0.0015571913875082654,0.0012485869228839874,0.0020600895271395596,0.010824715916843546,1.0017055754558526,0.9999429645347676,0.9921217698317307,0.039344870464361144,0,0,0,0
A075,2,212992,0.24414443969726562,0.0022159528100676065,0.0017317049205303192,0.0031125174034461883,0.009775688180036365,1.0010478856243166,0.9999528164354228,0.9922860952524039,0.03897856814192273,0,0,0,0
A075,3,212992,0.3528327941894531,0.003040528794209343,0.0023815184831619263,0.0042899272070662,0.010595312722471838,1.0012660677833485,0.9999447410994862,0.9924645057091346,0.04032548396786881,0,0,0,0
A075,4,212992,0.44567108154296875,0.004095777951105307,0.0032242611050605774,0.005671752557360708,0.011985914973146274,1.0019285131956188,0.9999301631839227,0.9920560396634616,0.04087149569096925,0,0,0,0
A075,5,212992,0.6224594116210938,0.005444905046887199,0.004298683255910873,0.007486168684836002,0.012775292580223089,1.0011044394884314,0.9999190951974952,0.9918072040264423,0.0418361720475016,0,0,0,0
A075,6,212992,0.8011970520019531,0.006642684259939704,0.005197994410991669,0.009269445709745423,0.01365598304959802,1.000667542606756,0.9999070419235172,0.9916006234975961,0.04313179958866151,0,0,0,0
A075,7,212992,234.921875,0.036325956046513196,0.006573662161827087,0.5773590275359802,0.01942710815924282,0.9824596219521712,0.9999645035440583,0.9888211763822116,0.050099231020589594,0,0,0,0
A075,8,212992,234.060546875,0.038098164484429514,0.008069891482591629,0.576159526475513,0.019385795795650376,0.9825052731624911,0.9999645072584268,0.9881732647235577,0.051843059582972466,0,0,0,0
A075,9,212992,233.078125,0.03973514672463807,0.009476840496063232,0.5751250608000511,0.019349934132988373,0.9825503100282037,0.9999644149158952,0.9879713792067307,0.0528938250718293,0,0,0,0
A075,10,212992,231.4150390625,0.04042344139636192,0.010062769055366516,0.5726098907715328,0.01926500487163817,0.9826493631799909,0.9999643332518843,0.9874361478365384,0.05452251748478061,0,0,0,0
A075,11,212992,230.6357421875,0.040918337036915685,0.010396771132946014,0.5724105495332017,0.0192573032264009,0.9826681779854953,0.9999641528672703,0.9870981069711539,0.0551497399395072,0,0,0,0
A075,12,212992,229.669921875,0.04169606407165597,0.011079415678977966,0.5722785004153363,0.019251797452103744,0.9826917601039531,0.9999638459689372,0.9872765174278846,0.055126378968331564,0,0,0,0
A075,13,212992,227.806640625,0.042842511085874196,0.011826083064079285,0.5696980216126518,0.01916304273561843,0.9828049623826361,0.9999635976155177,0.9869901216947116,0.05611546693469785,0,0,0,0
A075,14,212992,223.4462890625,0.04418158262470447,0.013082601130008698,0.5610727230526381,0.018871873148732836,0.9831265753052021,0.9999636694109356,0.9864595853365384,0.05792961676392107,0,0,0,0
A075,15,212992,221.1318359375,0.045401254806043095,0.013694711029529572,0.557021819450061,0.01873325807156358,0.9832884334904765,0.9999635618093674,0.9862811748798077,0.05876649708441914,0,0,0,0
A075,16,212992,218.5302734375,0.04690903348312776,0.015180781483650208,0.5530514022798536,0.018597969843798242,0.9834514932887999,0.9999633782609351,0.9858022836538461,0.06116841530912746,0,0,0,0
A075,17,212992,470.26171875,0.06378026724209682,0.016236841678619385,1.1907849142923714,0.03243626017595236,0.9724456573435727,0.9998494161741769,0.9850886418269231,0.0638094521605623,0,0,0,0
A075,18,212992,489.359375,0.06555439731445964,0.017707712948322296,1.228669157484532,0.03339474358153347,0.9717454983450642,0.9998369470012225,0.9856661283052884,0.06322836472407939,0,0,0,0
A075,19,212992,489.73046875,0.06709451404807745,0.019222259521484375,1.2287981090466567,0.03339578283009254,0.9717639310333528,0.9998363786152227,0.9850557767427884,0.0647538598463402,0,0,0,0
A075,20,212992,490.671875,0.07032360757180374,0.021854668855667114,1.2322059171786894,0.03347726117144907,0.9716937472888657,0.9998356050587508,0.9846379206730769,0.06568725087034638,0,0,0,0
A075,21,212992,493.75,0.07273671258545278,0.023929595947265625,1.2403333616845087,0.0336938611760501,0.9714986706080866,0.9998337874700116,0.9843984750600961,0.06660184126888351,0,0,0,0
A075,22,212992,494.4365234375,0.07635199576848187,0.027001552283763885,1.2424601129786546,0.03374477109332481,0.9714762892248862,0.9998326734767674,0.9840604341947116,0.06773583338806172,0,0,0,0
A075,23,212992,497.16796875,0.08086958535444812,0.030514579266309738,1.2498753415882666,0.033927859921567466,0.971342746369595,0.9998302033476579,0.9844876802884616,0.06676347303077644,0,0,0,0
A075,24,212992,499.888671875,0.08733254884080346,0.03596493601799011,1.2580221474500837,0.03411739347900923,0.9711978210350909,0.9998278254865125,0.9851308969350961,0.06436761134600268,0,0,0,0
A075,25,212992,499.89453125,0.09669301798990003,0.043837398290634155,1.2588690156134503,0.03409514401594697,0.9712822740273033,0.9998261210620959,0.9854877178485577,0.06387020287904308,0,0,0,0
A075,26,212992,498.6513671875,0.10601325431457116,0.05168634653091431,1.2574543038721169,0.03400753040412292,0.9714209174826683,0.9998251282422786,0.9851027268629807,0.0644814741011275,0,0,0,0
A075,27,212992,497.9775390625,0.11749687596599975,0.06158483028411865,1.257087243021949,0.033930996776402364,0.9715885659219422,0.9998229173500299,0.9852717472956731,0.06451355932511198,0,0,0,0
A075,28,212992,496.1083984375,0.13038203205665538,0.07210302352905273,1.2544907693750584,0.033780845180362035,0.9718410680579681,0.999820845164694,0.9851121168870193,0.06436811417147971,0,0,0,0
A075,29,212992,490.67578125,0.14581514570614637,0.08473610877990723,1.2451044637857422,0.0334010971769147,0.9723339050016555,0.9998199072981203,0.9858914888822116,0.06308579781025009,0,0,0,0
A075,30,212992,487.8984375,0.16653630721316404,0.10230875015258789,1.2434417287300454,0.03320303863417352,0.9727208774420195,0.9998158303911657,0.9849853515625,0.06581360949783105,0,0,0,0
A075,31,212992,483.7470703125,0.19143451786617596,0.12269926071166992,1.2405152913303301,0.032872863430830304,0.973385085458093,0.9998087748211725,0.9851262019230769,0.06682306848229624,0,0,0,0
A075,32,212992,479.69921875,0.21918222338888427,0.14436650276184082,1.2431586714049458,0.03267974838977735,0.9739340169049385,0.9998005355222409,0.9840087890625,0.06953184535070035,0,0,0,0
A075,33,212992,478.55078125,0.25628033879631684,0.17482566833496094,1.2524038150462018,0.03260886210903996,0.9745330408758881,0.9997871945518414,0.9829946664663461,0.07319763490119449,0,0,0,0
A075,34,212992,441.5673828125,0.3079234931658273,0.21656441688537598,1.1794345836563367,0.030391918720151994,0.9777534846828497,0.9997807416253417,0.9815439077524039,0.07829583521799542,0,0,0,0
A075,35,212992,683.029296875,0.4427593702048398,0.3228416442871094,1.6778431812580716,0.0609096462143746,0.9913303978200986,0.9981666944703829,0.9812481219951923,0.08289638539023508,0,0,0,0
A075,36,212992,278.0806579589844,0.6157314795750958,0.394517183303833,1.504407673314518,0.09073129980042341,0.9766415933113332,0.9960648032742595,0.9784311147836539,0.09048654881903234,0,0,0,0
A076,0,217088,0.0027260184288024902,0.00040761019755027863,0.00022689998149871826,0.0006397282488927721,0.027287043234019082,1.000542151251214,0.9996280572489896,0.9744066922169812,0.07371475570509066,0,0,0,0
A076,1,217088,0.04532337188720703,0.0015697845165809046,0.0012483689934015274,0.0020836817442620894,0.01095559911841909,1.0011771530546727,0.9999407500149363,0.9923026606721698,0.03901664386981905,0,0,0,0
A076,2,217088,0.24414443969726562,0.0022616286802987604,0.0017636576667428017,0.0031642940033829005,0.009948789493552435,1.0008190781937158,0.9999508864661739,0.9925744398584906,0.03816419055836138,0,0,0,0
A076,3,217088,0.3528327941894531,0.002941000779520342,0.002346143126487732,0.004085224122429335,0.010295712378309972,1.00115754189942,0.9999477296101025,0.9924178213443396,0.039896245806470096,0,0,0,0
A076,4,217088,0.44567108154296875,0.0038774008114947326,0.0030829906463623047,0.0053621670712040445,0.011660379293650734,1.0016695247035257,0.9999335224196951,0.9918512308372641,0.040856089905506966,0,0,0,0
A076,5,217088,0.6224594116210938,0.005133427457832233,0.004069507122039795,0.007083219453226402,0.012508555380962343,1.0013398255177264,0.999922769063329,0.9919986364976415,0.04149980760093,0,0,0,0
A076,6,217088,0.8011970520019531,0.006537363026027078,0.005113465711474419,0.009100041077554567,0.013728772854038812,1.0009439521576098,0.9999062943744265,0.9915978773584906,0.04270453893582368,0,0,0,0
A076,7,217088,234.921875,0.03608681960333197,0.006695866584777832,0.5718986503949539,0.019427695470217343,0.9824592060068075,0.9999644993415787,0.9882167600235849,0.05162782623900556,0,0,0,0
A076,8,217088,234.060546875,0.038158334923931725,0.008303401991724968,0.5707275115885004,0.0193870047270102,0.9825046750728987,0.9999644940325728,0.987525795990566,0.054149918386530695,0,0,0,0
A076,9,217088,233.078125,0.040013571695260666,0.009940430521965027,0.5697144302721447,0.019351590654665893,0.9825497459564851,0.9999643922890573,0.9871342497051887,0.055228526231723654,0,0,0,0
A076,10,217088,231.4150390625,0.04071237036589537,0.01051272451877594,0.5672238238708853,0.01926664824215311,0.9826488480313523,0.9999643101093595,0.9869085347877359,0.057388849496985736,0,0,0,0
A076,11,217088,230.6357421875,0.04104594328493974,0.010729998350143433,0.5670205947704461,0.01925856971112837,0.9826683111634087,0.9999641257031551,0.9867150648584906,0.05745092017408209,0,0,0,0
A076,12,217088,229.669921875,0.04175150639694811,0.011322863399982452,0.5668900661921524,0.019253064042961895,0.9826917238837262,0.999963821791108,0.987083579009434,0.05722427847741486,0,0,0,0
A076,13,217088,227.806640625,0.04289788492032482,0.012143701314926147,0.56433342521758,0.0191641235844093,0.9828054886623785,0.9999635673521131,0.9865215949292453,0.05833064051216769,0,0,0,0
A076,14,217088,223.4462890625,0.044165094508238724,0.013252779841423035,0.555794456383831,0.018873357381838863,0.9831268788128873,0.9999636357209787,0.9861484743514151,0.06018460923313261,0,0,0,0
A076,15,217088,221.1318359375,0.045323636560666264,0.013812325894832611,0.5517856502031369,0.018735215757991436,0.9832886403768248,0.9999635210018208,0.9860793779481132,0.06109251867757107,0,0,0,0
A076,16,217088,218.5302734375,0.04686945477029217,0.0153084397315979,0.5478622693895069,0.018600601878984047,0.9834501352282511,0.9999633512855829,0.9853008918042453,0.06329684742188879,0,0,0,0
A076,17,217088,470.26171875,0.06352603779192954,0.01632678508758545,1.1795273900456233,0.032437317781574805,0.9724452305618476,0.9998493929237006,0.984596108490566,0.06521238609675471,0,0,0,0
A076,18,217088,489.359375,0.06528549351492932,0.017844855785369873,1.2170541852798271,0.03339609131282622,0.9717448891721094,0.9998369182948067,0.9851028154481132,0.06482668591988172,0,0,0,0
A076,19,217088,489.73046875,0.06684020673299289,0.019313201308250427,1.2171869634669341,0.03339731592155198,0.9717631639568648,0.9998363480872533,0.9845039799528302,0.0664629274023728,0,0,0,0
A076,20,217088,490.671875,0.07015897829093563,0.021937552839517593,1.220576764718341,0.03347907140885926,0.9716936896523414,0.9998355443591408,0.9842598393278302,0.06738454702146651,0,0,0,0
A076,21,217088,493.75,0.07245465081526395,0.023863673210144043,1.2286268574149515,0.03369600604883056,0.9714984471902959,0.9998337195947083,0.9842782650353774,0.0679837700926124,0,0,0,0
A076,22,217088,494.4365234375,0.07598848406968702,0.026884913444519043,1.230738390049173,0.03374723738531901,0.9714756008785178,0.9998326078979207,0.9837669516509434,0.06852306019437011,0,0,0,0
A076,23,217088,497.16796875,0.08038602899496083,0.0302981436252594,1.2380900322634658,0.03392966060348577,0.9713440302122294,0.9998301027988412,0.9842598393278302,0.06771313214029057,0,0,0,0
A076,24,217088,499.888671875,0.08644118316710173,0.035306066274642944,1.2461471874034358,0.03412077531921512,0.971197505832532,0.9998277159712062,0.9852225825471698,0.06489106041511865,0,0,0,0
A076,25,217088,499.89453125,0.0956896692912066,0.04321444034576416,1.2469893878582352,0.034095972476219316,0.9712893955319445,0.9998258827226292,0.9854713295990566,0.06442793932409849,0,0,0,0
A076,26,217088,498.6513671875,0.10487507378981616,0.0510232150554657,1.2455911426550326,0.03400607996018477,0.9714318411629382,0.9998248596759444,0.9854851488797169,0.06369477689515873,0,0,0,0
A076,27,217088,497.9775390625,0.11605430247815127,0.06052577495574951,1.245216696574577,0.03393471373562309,0.9715920509547801,0.9998226862668214,0.9855220002948113,0.06447584565565558,0,0,0,0
A076,28,217088,496.1083984375,0.12911405034415196,0.07122503221035004,1.2427039484557787,0.03378377342037138,0.9718508373367555,0.9998204621663797,0.9853469560731132,0.06386897065061983,0,0,0,0
A076,29,217088,490.67578125,0.14396319515333503,0.0832298994064331,1.233388160505395,0.03340501266585418,0.9723331707114615,0.9998197935445998,0.9854667231721698,0.06370775976703029,0,0,0,0
A076,30,217088,487.8984375,0.16494116117085142,0.10121750831604004,1.2317868038087931,0.03320588614455738,0.9727244195551624,0.9998156345318199,0.9849508033608491,0.06597360689761228,0,0,0,0
A076,31,217088,483.7470703125,0.1907514556747105,0.12240409851074219,1.2291233245373399,0.03284379629116497,0.9734370966975534,0.9998083455396204,0.9846928434551887,0.06710502881660879,0,0,0,0
A076,32,217088,479.69921875,0.2188496340487668,0.1448347568511963,1.231832853523424,0.03262175588847945,0.9740246199597429,0.9998000776463798,0.9840387308372641,0.06926806877066624,0,0,0,0
A076,33,217088,478.55078125,0.256660188255238,0.17662250995635986,1.2412448848304556,0.03253717614418289,0.9746638130533867,0.999786210662147,0.9832326061320755,0.07252531772496984,0,0,0,0
A076,34,217088,441.5673828125,0.30811565839645,0.21766459941864014,1.1696404515189271,0.030347310236138115,0.9779525663182771,0.9997776630883771,0.9819934772995284,0.07738607087711839,0,0,0,0
A076,35,217088,683.029296875,0.4479944571162978,0.32883596420288086,1.6673351964480718,0.06099695221248728,0.9914662528420449,0.998160399646382,0.9810583726415094,0.0830511101829744,0,0,0,0
A076,36,217088,278.0806579589844,0.6185364164229437,0.4023408889770508,1.497442258522769,0.09110115175148589,0.9759776742301194,0.9960437887469381,0.9779628537735849,0.09162826700248788,0,0,0,0
A077,0,217088,0.0027260184288024902,0.00043451042081457826,0.00023689866065979004,0.0006742715391062621,0.029337718144718018,1.0005500362543174,0.9995700369122572,0.9719975309551887,0.07934369986964873,0,0,0,0
A077,1,217088,0.050685882568359375,0.0016879201994460698,0.0013457201421260834,0.0022393956238962176,0.011755758085398312,1.0014607825637019,0.9999320672537394,0.9918880822523585,0.04131511964176268,0,0,0,0
A077,2,217088,0.24414443969726562,0.002418509695170068,0.0018605729565024376,0.0034012995904488517,0.010585294856532044,1.001400448393381,0.9999450333721767,0.9922243514150944,0.03972706683393902,0,0,0,0
A077,3,217088,0.3528327941894531,0.003157302249270397,0.0024515334516763687,0.004456293686769718,0.011099831806557006,1.0019348944220363,0.999940384125568,0.9921414357311321,0.04162843486220793,0,0,0,0
A077,4,217088,0.44567108154296875,0.0042213349816780195,0.003303603269159794,0.005860290865748009,0.012558250937937401,1.0025509654691034,0.9999245912442345,0.9916531544811321,0.041848800918665705,0,0,0,0
A077,5,217088,0.6224594116210938,0.00552714264075404,0.004336804151535034,0.007624556621907606,0.013298360534507007,1.0022270225357892,0.9999142475907827,0.9918742629716981,0.04273299493131766,0,0,0,0
A077,6,217088,0.8011970520019531,0.006861185532270739,0.005327463150024414,0.009533832136026541,0.014387858230995355,1.0017859850816209,0.9998982713250144,0.9917038251768868,0.04400129098250745,0,0,0,0
A077,7,217088,234.921875,0.03617490059969845,0.006832107901573181,0.5718984102961282,0.019427538262073628,0.9824600880991808,0.99996448673372,0.9882766435731132,0.051394301073509695,0,0,0,0
A077,8,217088,234.060546875,0.03805806839307883,0.008440010249614716,0.5707165291461143,0.01938654160813639,0.9825053891747964,0.999964490480985,0.9874566995872641,0.053943779824289766,0,0,0,0
A077,9,217088,233.078125,0.040053529283165155,0.01023361086845398,0.5697037759509732,0.019350916778566152,0.9825506715735912,0.9999643891558677,0.9875534345518868,0.054006165222527,0,0,0,0
A077,10,217088,231.4150390625,0.040945869837782825,0.01091303676366806,0.5672231585438318,0.0192662824234008,0.9826499679135147,0.9999642975488179,0.9872632296580188,0.05595751727567292,0,0,0,0
A077,11,217088,230.6357421875,0.0412676160507982,0.01107887551188469,0.5670204672590928,0.019258308677160146,0.9826684594345998,0.9999641282092362,0.9867519162735849,0.05660467538917522,0,0,0,0
A077,12,217088,229.669921875,0.0419451368875429,0.011665016412734985,0.56689009631955,0.019252757809663217,0.9826916288665035,0.9999638294608926,0.9871434625589622,0.05656986249867197,0,0,0,0
A077,13,217088,227.806640625,0.04299647499899578,0.012353673577308655,0.5643335593186348,0.01916390811303545,0.9828048947911137,0.9999635819218035,0.9867749484080188,0.05747823650703088,0,0,0,0
A077,14,217088,223.4462890625,0.04423635311187817,0.013504743576049805,0.5557899089419592,0.01887309427381738,0.9831258246879087,0.999963658825141,0.9862406028891509,0.05954679413772999,0,0,0,0
A077,15,217088,221.1318359375,0.04550223837691514,0.01419985294342041,0.5517832740997017,0.018734663059093336,0.9832884702797555,0.9999635344171548,0.9859688237028302,0.060273999097721374,0,0,0,0
A077,16,217088,218.5302734375,0.047076990055233664,0.015703514218330383,0.5478654996394917,0.01860030702164029,0.9834496083669518,0.9999633657090917,0.9854943617334906,0.062483347359224777,0,0,0,0
A077,17,217088,470.26171875,0.06380367126231884,0.0169217512011528,1.1795280132910724,0.032436813080466725,0.9724456516988974,0.9998493978907682,0.9850613576061321,0.0644640614710948,0,0,0,0
A077,18,217088,489.359375,0.06554436654331733,0.018407389521598816,1.2170550281572392,0.03339539354259947,0.9717451634794253,0.9998369343450472,0.9851949439858491,0.06429163209117629,0,0,0,0
A077,19,217088,489.73046875,0.06716389937098012,0.01992964744567871,1.2171882702711059,0.03339633130534058,0.9717637498444129,0.999836365000312,0.9849093455188679,0.0656386217118699,0,0,0,0
A077,20,217088,490.671875,0.0702759087446285,0.02250683307647705,1.2205637401259481,0.03347744713822645,0.971694594255878,0.9998355741225461,0.9847020563089622,0.06640285919112444,0,0,0,0
A077,21,217088,493.75,0.07257363677362015,0.024442017078399658,1.2286132305495576,0.033693786477039335,0.9715009792195746,0.9998337227297612,0.9844579156839622,0.06669641958951608,0,0,0,0
A077,22,217088,494.4365234375,0.07623318136729014,0.027693718671798706,1.2307279977231622,0.033744963378390926,0.9714778912229115,0.9998326200383695,0.984153891509434,0.06755028907354818,0,0,0,0
A077,23,217088,497.16796875,0.08056477913814374,0.030947044491767883,1.2380865747251537,0.03392713841717453,0.9713467101487423,0.9998301123077731,0.984619140625,0.06604838607024732,0,0,0,0
A077,24,217088,499.888671875,0.0871299390137725,0.03655156493186951,1.246168192604736,0.03411731034685047,0.9712034881817585,0.9998276613621767,0.9853792010613207,0.06400563708477944,0,0,0,0
A077,25,217088,499.89453125,0.0967786560445047,0.044789910316467285,1.247034955689195,0.034092685515542745,0.9712962842628773,0.9998257957360555,0.9854759360259434,0.06361492782209936,0,0,0,0
A077,26,217088,498.6513671875,0.10609358090013268,0.05267176032066345,1.2456537457219004,0.03400379932036321,0.971440606405822,0.9998246833602037,0.9855542452830188,0.06356472202772008,0,0,0,0
A077,27,217088,497.9775390625,0.11744799395460778,0.0623587965965271,1.245324504429171,0.033930890427326416,0.971603762831694,0.9998224795677675,0.9854022331957547,0.06412216898668556,0,0,0,0
A077,28,217088,496.1083984375,0.13038702777381536,0.07310128211975098,1.242794111315413,0.0337804201753137,0.9718596765139647,0.9998203243792492,0.9851258475825472,0.06417115726707251,0,0,0,0
A077,29,217088,490.67578125,0.14474674292949993,0.08441957831382751,1.233410912443936,0.03340932722448581,0.9723318853247489,0.9998196816430668,0.9854529038915094,0.06417831508814606,0,0,0,0
A077,30,217088,487.8984375,0.16542252494157783,0.10222610831260681,1.2317911989743382,0.033207710399651626,0.9727248548647012,0.9998155601319118,0.9848172169811321,0.06627945033789942,0,0,0,0
A077,31,217088,483.7470703125,0.19009120215817793,0.12261676788330078,1.2289060387320865,0.03284368146869266,0.9734525440430569,0.9998079310609855,0.9845270120872641,0.06731785117962392,0,0,0,0
A077,32,217088,479.69921875,0.21725673952759503,0.14365118741989136,1.2314139342804784,0.03262410967853517,0.9740315205895231,0.9997998162271027,0.9839926665683962,0.06974055420878683,0,0,0,0
A077,33,217088,478.55078125,0.25349188165987385,0.17370694875717163,1.240408544976837,0.03251171540548729,0.9747039607936486,0.9997860262931845,0.983131264740566,0.0727282545323655,0,0,0,0
A077,34,217088,441.5673828125,0.3014829607681572,0.2111072540283203,1.1671004238308351,0.03026745767700126,0.9779582868999582,0.9997800101069712,0.9820165094339622,0.07745031801969614,0,0,0,0
A077,35,217088,683.029296875,0.4255432379072343,0.30801689624786377,1.657413663995137,0.060604243247301536,0.9914592678997074,0.9981845294550552,0.9815835053066038,0.08168522244624235,0,0,0,0
A077,36,217088,278.0806579589844,0.595379260739719,0.3761866092681885,1.4956129359992099,0.09158360167644153,0.9750881050684215,0.9960173067712678,0.9783451872051887,0.08967796077613097,0,0,0,0
A078,0,204800,0.0027260184288024902,0.00042500519197346875,0.00023073703050613403,0.0006624433862720413,0.02869897256395523,1.0005479545468017,0.9995885600643629,0.972841796875,0.0776224541665627,0,0,0,0
A078,1,204800,0.04532337188720703,0.0016389300469336376,0.0013133175671100616,0.0021651349265143257,0.011103386049199759,1.0014327211958585,0.9999394704760662,0.991875,0.040255695579131334,0,0,0,0
A078,2,204800,0.24414443969726562,0.002343600927359546,0.0018226653337478638,0.003278944861283021,0.00989991337625725,1.001062629988085,0.9999516118674976,0.9923046875,0.03871499149328019,0,0,0,0
A078,3,204800,0.3528327941894531,0.0030548934573187123,0.002419266849756241,0.0042423539466007205,0.010212469501778303,1.0014127620957651,0.9999489228415807,0.992548828125,0.039751475271781675,0,0,0,0
A078,4,204800,0.44567108154296875,0.0040238950573552755,0.003192909061908722,0.005564473738896285,0.011703132595928345,1.002514297068933,0.9999348430126189,0.9920703125,0.04068118467000785,0,0,0,0
A078,5,204800,0.6224594116210938,0.005211893296109338,0.004121176898479462,0.007201182552541706,0.012463648254322614,1.001875136341352,0.9999242288854163,0.9919140625,0.04174628494631006,0,0,0,0
A078,6,204800,0.8011970520019531,0.006482178585532666,0.005073726177215576,0.00911707528814254,0.01362880106850837,1.001450332768243,0.9999083126005268,0.9917138671875,0.04293264935589013,0,0,0,0
A078,7,204800,234.921875,0.03743692242087491,0.0065113455057144165,0.5887900997049011,0.019427486932010293,0.9824589700464501,0.9999645076696393,0.988037109375,0.051562336864334826,0,0,0,0
A078,8,204800,234.060546875,0.03925686305186673,0.008066818118095398,0.5875653942150189,0.019386253849821726,0.9825043934306837,0.9999645138537974,0.987412109375,0.05403712862732014,0,0,0,0
A078,9,204800,233.078125,0.04100848801274651,0.009591937065124512,0.5865105616068483,0.019350282678401998,0.9825493520051776,0.9999644250316013,0.9871630859375,0.054247704553097346,0,0,0,0
A078,10,204800,231.4150390625,0.04175100605955549,0.010222375392913818,0.5839459499010169,0.01926537463577873,0.9826477980925633,0.9999643535817424,0.9869921875,0.05643563630558884,0,0,0,0
A078,11,204800,230.6357421875,0.04197650876300031,0.010342761874198914,0.5837320635132579,0.019257390094032177,0.9826664048125376,0.9999641823762536,0.9869287109375,0.056700703385668856,0,0,0,0
A078,12,204800,229.669921875,0.04264332483028284,0.01092211902141571,0.583590636224691,0.019251638731572113,0.9826895754264261,0.9999638874794704,0.9872021484375,0.05655210102301979,0,0,0,0
A078,13,204800,227.806640625,0.043678500776211424,0.011574149131774902,0.5809491696387701,0.019162452805208962,0.9828036923414886,0.9999636312923005,0.986923828125,0.05672981330954227,0,0,0,0
A078,14,204800,223.4462890625,0.044904966030778724,0.012760281562805176,0.5721425335455608,0.018871168386887512,0.9831248640175987,0.9999637122483241,0.98654296875,0.05836808654000546,0,0,0,0
A078,15,204800,221.1318359375,0.0463293768981373,0.01351086050271988,0.5680217065297479,0.01873303183187999,0.9832864862931889,0.9999635991431881,0.986171875,0.05987449032344063,0,0,0,0
A078,16,204800,218.5302734375,0.047917044622104187,0.015012670308351517,0.5639770460295233,0.018598259460842998,0.9834484311767628,0.9999634242009122,0.9855126953125,0.06190933093857949,0,0,0,0
A078,17,204800,470.26171875,0.06548494346347525,0.016125142574310303,1.2143546609243274,0.032437081061520434,0.9724434775431241,0.9998494502227442,0.985029296875,0.06444026979994667,0,0,0,0
A078,18,204800,489.359375,0.06735131254398538,0.017713263630867004,1.2529897048595295,0.03339574279541639,0.9717428222142321,0.9998369900280192,0.9853369140625,0.0641498557593066,0,0,0,0
A078,19,204800,489.73046875,0.06876746634153733,0.019114166498184204,1.2531140769031568,0.03339705905734763,0.971760052626857,0.999836446803311,0.984501953125,0.06617344420188148,0,0,0,0
A078,20,204800,490.671875,0.07196703614213334,0.02170524001121521,1.2565850821277247,0.033479440668854374,0.9716882298019957,0.9998356897789007,0.9844775390625,0.06671067302511662,0,0,0,0
A078,21,204800,493.75,0.07445482049431802,0.02388031780719757,1.2648701944687246,0.03369630972103851,0.9714921627432523,0.9998338923790965,0.9840869140625,0.06779205179977892,0,0,0,0
A078,22,204800,494.4365234375,0.07789113152070853,0.02686867117881775,1.267027821509401,0.0337472725997386,0.9714688101591428,0.9998328049182913,0.9836962890625,0.06791179076977773,0,0,0,0
A078,23,204800,497.16796875,0.08234553440467153,0.030184268951416016,1.2745847115372848,0.03393038377988612,0.9713344743744744,0.999830357825879,0.984765625,0.06653500174304199,0,0,0,0
A078,24,204800,499.888671875,0.08873596711311621,0.035592272877693176,1.2828719288554382,0.03412106253840508,0.9711862844608752,0.999828036746954,0.9846923828125,0.06498479580140962,0,0,0,0
A078,25,204800,499.89453125,0.09820925985806297,0.04348552227020264,1.2837235481173777,0.03410000980216905,0.9712661789040424,0.9998264233836944,0.9851318359375,0.06502284528541274,0,0,0,0
A078,26,204800,498.6513671875,0.10736225801163983,0.05120965838432312,1.282245651877145,0.03401175823524838,0.9714031782030011,0.9998254990878298,0.9849365234375,0.06498023673752734,0,0,0,0
A078,27,204800,497.9775390625,0.11846375745541081,0.06048583984375,1.281798697910792,0.033935042154649736,0.9715702330038318,0.9998233089987123,0.9847900390625,0.06535604300605495,0,0,0,0
A078,28,204800,496.1083984375,0.13167097608397854,0.07139012217521667,1.2791246885096594,0.03378228514601974,0.9718251210346182,0.999821254371052,0.9855517578125,0.06414151249731773,0,0,0,0
A078,29,204800,490.67578125,0.14675304641072218,0.08327943086624146,1.269458494000703,0.03340416848738681,0.9723110941667095,0.9998204468877384,0.9852099609375,0.06461859946384528,0,0,0,0
A078,30,204800,487.8984375,0.16635160650092984,0.09966450929641724,1.267474212469463,0.03320455674272027,0.9726895102875958,0.9998166528288955,0.9846728515625,0.0664945787914775,0,0,0,0
A078,31,204800,483.7470703125,0.19038187083760477,0.11945462226867676,1.2640921114432828,0.03286190526711522,0.973323826424749,0.9998108098398656,0.9845947265625,0.068380569124363,0,0,0,0
A078,32,204800,479.69921875,0.21711774508449708,0.14026284217834473,1.2661357040004704,0.03265572515723454,0.9738440822256806,0.999803734315428,0.983974609375,0.06993758924665641,0,0,0,0
A078,33,204800,478.55078125,0.2527056631845699,0.1689211130142212,1.2746897420098875,0.032572080066223995,0.9744123853962573,0.9997915593106066,0.9826953125,0.07382641000518059,0,0,0,0
A078,34,204800,441.5673828125,0.30317586608462077,0.20847511291503906,1.198721193518653,0.030336740626690943,0.9776417339120186,0.9997849796327191,0.98123046875,0.07865943779240697,0,0,0,0
A078,35,204800,683.029296875,0.4383408464551394,0.3174084424972534,1.7045576501698827,0.061482262485200945,0.990694090174899,0.998135918706261,0.9808935546875,0.08318944933048794,0,0,0,0
A078,36,204800,278.0806579589844,0.617322737456634,0.3892338275909424,1.5290811390425894,0.09168421338585908,0.9754467320155674,0.9960002264811811,0.9778857421875,0.09080272733523692,0,0,0,0
A079,0,208896,0.0027260184288024902,0.00041857379579489455,0.00022080540657043457,0.0006645805854410259,0.02891291868066052,1.0005666516043934,0.9995824187367961,0.9722589231004902,0.07740427066025161,0,0,0,0
A079,1,208896,0.05453014373779297,0.0016515225029084992,0.001330506056547165,0.0021726149579806985,0.011063809079708687,1.0012010318346802,0.999939589857562,0.9917901731004902,0.04111149958991147,0,0,0,0
A079,2,208896,0.24414443969726562,0.0024665986341554846,0.001898985356092453,0.00344774626504872,0.010268699072226297,1.0007487091599692,0.9999475964274199,0.992642271752451,0.038648137328941304,0,0,0,0
A079,3,208896,0.3528327941894531,0.0031004235559311936,0.00245821475982666,0.004316566656894988,0.010448035136928017,1.001175459399962,0.9999461734042673,0.9924555759803921,0.04019698080384249,0,0,0,0
A079,4,208896,0.44567108154296875,0.004046620110134918,0.003215499222278595,0.005586933088851406,0.011778284633216035,1.0019742092166593,0.9999327175861267,0.9920438878676471,0.04072984075876109,0,0,0,0
A079,5,208896,0.6224594116210938,0.00525179071809803,0.0041701942682266235,0.007233100635928909,0.012389302921746032,1.0015337911412447,0.9999245445770488,0.9921779258578431,0.040936214376333394,0,0,0,0
A079,6,208896,0.8011970520019531,0.006554154766638922,0.005106775090098381,0.009171649226034067,0.013476137461606336,1.0009606126353783,0.9999097449480187,0.9918571920955882,0.042712178102589385,0,0,0,0
A079,7,208896,234.921875,0.036849916521693074,0.006517656147480011,0.5829901081542708,0.019427102197781536,0.982459532570531,0.9999645052544928,0.9885158164828431,0.050428024435020945,0,0,0,0
A079,8,208896,234.060546875,0.038624148731781036,0.008051514625549316,0.5817767160063585,0.019385865808314744,0.9825048923358588,0.9999645126444148,0.9881232766544118,0.05270704362640785,0,0,0,0
A079,9,208896,233.078125,0.04035637724701683,0.009589165449142456,0.580732498856042,0.01935000445847009,0.9825498275070859,0.9999644220829563,0.9873046875,0.054313520787073015,0,0,0,0
A079,10,208896,231.4150390625,0.04104106986390915,0.010108906775712967,0.5781921226249748,0.019265125809999485,0.9826488634599488,0.9999643396864074,0.9871706495098039,0.05621088860532397,0,0,0,0
A079,11,208896,230.6357421875,0.0415337510658794,0.010463893413543701,0.5779904934775797,0.019257456202484164,0.9826675344261578,0.9999641611969184,0.9866775811887255,0.05684565829818886,0,0,0,0
A079,12,208896,229.669921875,0.042327519887361206,0.011132001876831055,0.577856698051662,0.019252008036390995,0.9826909891763197,0.9999638553937492,0.9869983149509803,0.057006409392006845,0,0,0,0
A079,13,208896,227.806640625,0.043538402296828246,0.011941693723201752,0.5752525283041497,0.01916310459529281,0.9828048494746163,0.9999635983806048,0.9868020450367647,0.057453874203653194,0,0,0,0
A079,14,208896,223.4462890625,0.04480711286905538,0.01315685361623764,0.5665420797360677,0.01887217932367312,0.9831260849910011,0.999963671930903,0.9861366421568627,0.05974473962803584,0,0,0,0
A079,15,208896,221.1318359375,0.04611155810445722,0.013836845755577087,0.5624580207833432,0.018734192648753114,0.9832872030703333,0.9999635648705885,0.985562193627451,0.061122177785031984,0,0,0,0
A079,16,208896,218.5302734375,0.047864642484112256,0.015536133199930191,0.5584641627349417,0.018599460739050926,0.9834496693242515,0.9999633806911763,0.9851983762254902,0.06308166342317291,0,0,0,0
A079,17,208896,470.26171875,0.06521759502077336,0.016688629984855652,1.2024147419704245,0.03243735408540065,0.972443563445838,0.999849438694693,0.9848872166053921,0.065392706473443,0,0,0,0
A079,18,208896,489.359375,0.06713446168774395,0.018335990607738495,1.2406731132091757,0.033396458363298014,0.9717426890892001,0.9998369692847405,0.9851361443014706,0.06533648747630572,0,0,0,0
A079,19,208896,489.73046875,0.06899148678967233,0.020095765590667725,1.2408175073314154,0.03339769551682256,0.9717608862212113,0.9998364008454484,0.9842122395833334,0.06766269988826595,0,0,0,0
A079,20,208896,490.671875,0.07220016651404658,0.02265569567680359,1.2442589459762816,0.033479792194098926,0.9716900070565287,0.9998356261860363,0.9841595818014706,0.06786955522931265,0,0,0,0
A079,21,208896,493.75,0.07462264189320078,0.02471470832824707,1.2524655806454452,0.03369633981401471,0.971495399673518,0.9998337969087676,0.9835659849877451,0.06909452627658633,0,0,0,0
A079,22,208896,494.4365234375,0.07827155000648431,0.027920156717300415,1.2546186057952498,0.03374822908099794,0.9714705579192966,0.9998327206635252,0.9837622549019608,0.06908631927217362,0,0,0,0
A079,23,208896,497.16796875,0.08275181666014457,0.03131425380706787,1.2621136213711757,0.03393178612299255,0.9713359600746364,0.9998302652541421,0.9843989353553921,0.06832770942477419,0,0,0,0
A079,24,208896,499.888671875,0.08926544173790021,0.036783576011657715,1.2703497599805336,0.03412359487793191,0.9711866202025453,0.9998279378725538,0.9844755284926471,0.06647890828707846,0,0,0,0
A079,25,208896,499.89453125,0.09897032293613348,0.04497354477643967,1.2712260663587962,0.034100949666069524,0.9712717256601414,0.9998262272993934,0.9847579656862745,0.06604369508488538,0,0,0,0
A079,26,208896,498.6513671875,0.10900256198117092,0.05369246006011963,1.2698620697487168,0.03401445101915127,0.9714121340047255,0.999825142808043,0.9848441329656863,0.0656948690656084,0,0,0,0
A079,27,208896,497.9775390625,0.12111229122346605,0.06420677900314331,1.2695646526408435,0.033941170246839424,0.9715761081063436,0.9998229241103852,0.984829771752451,0.06626925216308104,0,0,0,0
A079,28,208896,496.1083984375,0.13456314099195488,0.07548737525939941,1.2670359475887134,0.03379239020606033,0.971827495048929,0.9998208346633576,0.9849542356004902,0.06608076943889557,0,0,0,0
A079,29,208896,490.67578125,0.15003501357334387,0.087962806224823,1.257631475482655,0.03342024869398986,0.9722998819138218,0.9998202115996907,0.9849063648897058,0.06599549329638166,0,0,0,0
A079,30,208896,487.8984375,0.17076741885937416,0.10544872283935547,1.2559891289793714,0.03322121530714998,0.9726835725025269,0.9998162496286751,0.9844515931372549,0.06728343853440466,0,0,0,0
A079,31,208896,483.7470703125,0.1970470420280444,0.1272180676460266,1.253300811079512,0.0328796266756256,0.9733495269703447,0.9998095123450779,0.9841930912990197,0.06856749522523387,0,0,0,0
A079,32,208896,479.69921875,0.225147312979391,0.14951825141906738,1.2559701361100246,0.03267472786929744,0.973903818631453,0.9998015064979134,0.9839728860294118,0.07069231255250619,0,0,0,0
A079,33,208896,478.55078125,0.2649425830392169,0.18292570114135742,1.2659992479470152,0.03261861233791294,0.9745083022213646,0.9997875096526795,0.9824458103553921,0.0747925505035037,0,0,0,0
A079,34,208896,441.5673828125,0.3186306770251523,0.22597074508666992,1.1932862836419764,0.030454056228950237,0.9776791061844314,0.9997804866456917,0.9805692784926471,0.0806752478488393,0,0,0,0
A079,35,208896,683.029296875,0.4565586644710172,0.33565425872802734,1.6976336877925278,0.0615519219583167,0.9908237229098951,0.9981306286123993,0.9806841681985294,0.08461527498625805,0,0,0,0
A079,36,208896,278.0806579589844,0.634021613248086,0.4069148302078247,1.5352620454296453,0.09086855050841124,0.9744440859763749,0.9960982939712252,0.9778550091911765,0.09245192794028405,0,0,0,0
A080,0,200704,0.0027260184288024902,0.00043241308823817977,0.00022067874670028687,0.0006902836662815401,0.030198871838046825,1.0005803464592113,0.999544446849519,0.9687749123086735,0.0840918590270849,0,0,0,0
A080,1,200704,0.04532337188720703,0.001724660414337176,0.0013823248445987701,0.0022711555251331205,0.011203486188281089,1.0014611156751898,0.9999383983852081,0.9916842713647959,0.042227588834301326,0,0,0,0
A080,2,200704,0.24414443969726562,0.0024165383972950152,0.0018884167075157166,0.003362583455928014,0.009965409476893648,1.0010080345112116,0.9999509028653727,0.9922871492346939,0.0396321069984923,0,0,0,0
A080,3,200704,0.3528327941894531,0.003170213236447877,0.0025165006518363953,0.004396651476511053,0.010295289941899863,1.0013444309753001,0.9999479771909056,0.9921924824617347,0.04034933742625636,0,0,0,0
A080,4,200704,0.44567108154296875,0.004040894293469285,0.0032174400985240936,0.0055762005017032995,0.011644710837566121,1.0020954593435767,0.9999345330130944,0.9916593590561225,0.041620379746773045,0,0,0,0
A080,5,200704,0.6224594116210938,0.005279676489265614,0.004192270338535309,0.007291246590164926,0.012560372722723836,1.0017159501448287,0.9999227233638379,0.9917938855229592,0.042568584138758477,0,0,0,0
A080,6,200704,0.8011970520019531,0.006532286948054996,0.005112852901220322,0.009136836411990727,0.013546733550363817,1.0013205352281536,0.9999092347703851,0.9912109375,0.043946746800310355,0,0,0,0
A080,7,200704,234.921875,0.03789355234896077,0.006437607109546661,0.5947612739933194,0.01942718504573251,0.9824589484139715,0.9999645140246483,0.9882065130739796,0.051412577501378995,0,0,0,0
A080,8,200704,234.060546875,0.03954124014836564,0.007835552096366882,0.5935183644598094,0.01938586536346898,0.9825041053948087,0.9999645266378673,0.9879823022959183,0.05320421937131638,0,0,0,0
A080,9,200704,233.078125,0.04123244873264124,0.009316079318523407,0.5924480127510625,0.01934991952200811,0.9825487469271927,0.9999644429083466,0.9875338807397959,0.05401806361492432,0,0,0,0
A080,10,200704,231.4150390625,0.042104960873500054,0.010008353739976883,0.5898597989735602,0.01926476155271341,0.9826486394821209,0.9999643507745051,0.9876235650510204,0.0542493016793831,0,0,0,0
A080,11,200704,230.6357421875,0.04236333284043955,0.010149732232093811,0.5896435180542361,0.01925674247066748,0.9826671007900359,0.9999641828165902,0.9866719148596939,0.055868536667617506,0,0,0,0
A080,12,200704,229.669921875,0.04287799219985443,0.010601252317428589,0.5894958898632026,0.01925091393265883,0.9826905062664357,0.9999638853161406,0.9872947225765306,0.05489965365740943,0,0,0,0
A080,13,200704,227.806640625,0.04388418687493617,0.011195778846740723,0.5868253555043422,0.01916184853123041,0.9828041665164844,0.9999636347950198,0.9872548628826531,0.05495798843648535,0,0,0,0
A080,14,200704,223.4462890625,0.04513566368044923,0.012368641793727875,0.5779264500371045,0.01887059364044987,0.9831250969914241,0.999963719290143,0.9867516342474489,0.057317577470399485,0,0,0,0
A080,15,200704,221.1318359375,0.04636500787889339,0.012933820486068726,0.5737529991666794,0.01873213849968013,0.983286811532156,0.9999636106458623,0.9863879145408163,0.05837969773841503,0,0,0,0
A080,16,200704,218.5302734375,0.04776729594092493,0.014312580227851868,0.5696550057015116,0.018597094301856906,0.9834477679674768,0.9999634573723407,0.9858846859056123,0.060571571896113924,0,0,0,0
A080,17,200704,470.26171875,0.06559023969126261,0.015248477458953857,1.226658586214175,0.03243667078182401,0.9724424290606574,0.9998494934576159,0.9855209661989796,0.06276743532203044,0,0,0,0
A080,18,200704,489.359375,0.06728480114222238,0.016698122024536133,1.2656803449364271,0.03339534057823468,0.9717413343106386,0.9998370468690526,0.985595703125,0.06236283855720697,0,0,0,0
A080,19,200704,489.73046875,0.06875714984662594,0.01816868782043457,1.265807449515202,0.03339660089267092,0.9717583641215178,0.9998365113356239,0.9846141581632653,0.06509115573107097,0,0,0,0
A080,20,200704,490.671875,0.07196697298166546,0.02076634019613266,1.2693014084653562,0.033477803280325666,0.971688344857409,0.9998357428607364,0.9849430006377551,0.06481759677535946,0,0,0,0
A080,21,200704,493.75,0.07432234551468085,0.022899828851222992,1.2776662809875192,0.03369425578363605,0.971493522855001,0.9998339239397868,0.9845693160076531,0.0659765671871053,0,0,0,0
A080,22,200704,494.4365234375,0.0778294396847233,0.025869429111480713,1.279838870929868,0.03374507683034143,0.9714708251055689,0.9998328223649476,0.9839963329081632,0.06699818192318883,0,0,0,0
A080,23,200704,497.16796875,0.0823383681096198,0.0292513370513916,1.28746759246463,0.033927714203163505,0.9713373017724579,0.9998303681322811,0.9846938775510204,0.065976442659452,0,0,0,0
A080,24,200704,499.888671875,0.08860730302286375,0.03446108102798462,1.2958202282487967,0.03411991921811217,0.9711862625449899,0.9998280775613275,0.985481106505102,0.06402570238203364,0,0,0,0
A080,25,200704,499.89453125,0.0980559640993538,0.04244983196258545,1.2966438672417733,0.034098418313887366,0.9712677175196389,0.9998264340156189,0.9853465800382653,0.0642290180756955,0,0,0,0
A080,26,200704,498.6513671875,0.10731794210332458,0.05012902617454529,1.295131983350825,0.034012511301733106,0.9714005165075729,0.999825550602838,0.9849878427933674,0.06440598642798495,0,0,0,0
A080,27,200704,497.9775390625,0.11934864356812702,0.06066201627254486,1.2947157425854825,0.033943280419533366,0.9715522777042918,0.9998235435242689,0.9847885443239796,0.06571520472082167,0,0,0,0
A080,28,200704,496.1083984375,0.13279725704370896,0.07177004218101501,1.2920126448855274,0.03380015652118391,0.9717968237739806,0.99982144856665,0.9848533163265306,0.06567613111912497,0,0,0,0
A080,29,200704,490.67578125,0.14771273200217272,0.08362555503845215,1.2821875396381333,0.03343758692296785,0.9722504153731473,0.9998210169073912,0.9851522640306123,0.06549011938580232,0,0,0,0
A080,30,200704,487.8984375,0.16872560066624884,0.10117685794830322,1.2803454515557366,0.03324734201143059,0.9726086717581767,0.9998174492484577,0.9841956313775511,0.06779182464815596,0,0,0,0
A080,31,200704,483.7470703125,0.194962279398387,0.12302941083908081,1.277342483789998,0.032910531715174614,0.9732836280904917,0.9998102615932765,0.9841507892219388,0.06885397788976969,0,0,0,0
A080,32,200704,479.69921875,0.22336310713340676,0.14562726020812988,1.2797312624303112,0.03271881973279792,0.9737748788493578,0.9998034637195649,0.9835528938137755,0.07103038038727942,0,0,0,0
A080,33,200704,478.55078125,0.2603234694053048,0.17615997791290283,1.2887528310184415,0.03263287629513612,0.9743838195259753,0.999790269550343,0.9825165417729592,0.07444505380947279,0,0,0,0
A080,34,200704,441.5673828125,0.3094990124360748,0.21501776576042175,1.2118051953323679,0.03039684167159855,0.9776290717549609,0.9997833996730977,0.9808075573979592,0.07982176808355933,0,0,0,0
A080,35,200704,683.029296875,0.44338684508730525,0.3208036422729492,1.7223415997906082,0.061697993170469784,0.990633974208628,0.9981229596304179,0.9806630660076531,0.08510750031513949,0,0,0,0
A080,36,200704,278.0806579589844,0.6181332787448494,0.38964009284973145,1.5426682686283393,0.09432895237867486,0.9737109951526496,0.9957857929499353,0.9772500797193877,0.09287112191029459,0,0,0,0
A081,0,163840,0.0027260184288024902,0.00040406098837593164,0.0002225935459136963,0.000638689313862477,0.02789961375491358,1.000592628027327,0.9996112117869448,0.977001953125,0.06929981495233661,0,0,0,0
A081,1,163840,0.07113170623779297,0.0016108586694908666,0.0012865178287029266,0.0021437603723668463,0.010831924820545267,1.00155691294539,0.9999426360020515,0.992333984375,0.03931298307584058,0,0,0,0
A081,2,163840,0.24414443969726562,0.002304334764918181,0.0017832480370998383,0.0032758617806440764,0.009510107591428937,1.0009170696477714,0.9999552404827633,0.99249267578125,0.039134065578643934,0,0,0,0
A081,3,163840,0.3528327941894531,0.0029658450535599455,0.0023459382355213165,0.004220946114889548,0.00969825912415605,1.0011534104606223,0.9999536904767145,0.992205810546875,0.04102364908279375,0,0,0,0
A081,4,163840,0.44567108154296875,0.0039488331467786965,0.003103800117969513,0.005594609587532995,0.011274240107244708,1.0022296995729238,0.9999390673964959,0.991461181640625,0.04208029766275569,0,0,0,0
A081,5,163840,0.6224594116210938,0.005232376317185583,0.004074215888977051,0.007404812553239403,0.0123238391879935,1.0016989600628385,0.9999256310763134,0.991705322265625,0.04298427068578461,0,0,0,0
A081,6,163840,0.8011970520019531,0.006400964716504376,0.004923760890960693,0.009162024521522127,0.013603831167603981,1.0012465630188256,0.9999083590846377,0.99130859375,0.043995276116740964,0,0,0,0
A081,7,163840,234.921875,0.044770779471124914,0.006508048623800278,0.6582648990914265,0.019428054580243003,0.982456528485575,0.9999645399516549,0.987823486328125,0.05270691967804482,0,0,0,0
A081,8,163840,234.060546875,0.04667475586362002,0.008103467524051666,0.656888033358935,0.019386729749388796,0.9825017084534267,0.9999645521820837,0.986981201171875,0.05512606533549067,0,0,0,0
A081,9,163840,233.078125,0.048519124206754326,0.009785771369934082,0.6556994630131782,0.01935077571662302,0.9825461798114133,0.9999644715520287,0.986181640625,0.0571875427808763,0,0,0,0
A081,10,163840,231.4150390625,0.04919652320510579,0.010367900133132935,0.6528239376397235,0.019265743030061063,0.9826448794873516,0.9999643977962167,0.986309814453125,0.0584136160654752,0,0,0,0
A081,11,163840,230.6357421875,0.049425357709304764,0.010476648807525635,0.6525807771332983,0.019257909957313232,0.9826627593818288,0.9999642363654265,0.985577392578125,0.05958574717472622,0,0,0,0
A081,12,163840,229.669921875,0.05005322280758264,0.01103074848651886,0.6524176169395182,0.019252268973669155,0.9826857232458054,0.9999639428560737,0.98624267578125,0.05896103990438363,0,0,0,0
A081,13,163840,227.806640625,0.051232989470318555,0.011813193559646606,0.6494568849283859,0.019163444735767258,0.9827985944959913,0.9999637009743256,0.985491943359375,0.060174876678139345,0,0,0,0
A081,14,163840,223.4462890625,0.05244897695472446,0.013009637594223022,0.6395993674156242,0.018872188762681853,0.9831188646039607,0.9999637954376631,0.985162353515625,0.061926684967055834,0,0,0,0
A081,15,163840,221.1318359375,0.05391539872293123,0.013745903968811035,0.6349760743310248,0.018734038697451313,0.9832798139811906,0.9999636931500069,0.984954833984375,0.06288377344944758,0,0,0,0
A081,16,163840,218.5302734375,0.05547695961307113,0.015338927507400513,0.6304332099019039,0.018599061775204262,0.9834404545047327,0.9999635430129085,0.98397216796875,0.06624997266158886,0,0,0,0
A081,17,163840,470.26171875,0.07726622787524207,0.016573727130889893,1.357633480951358,0.03244092409882876,0.9724337488416226,0.9998495962558853,0.983624267578125,0.06883438124263958,0,0,0,0
A081,18,163840,489.359375,0.07918607209921902,0.018251419067382812,1.4008221428298355,0.033400845139198075,0.9717309746295095,0.9998371572642646,0.983697509765625,0.0687740154566594,0,0,0,0
A081,19,163840,489.73046875,0.08059150939855045,0.019702646881341934,1.4009536173345458,0.03340263888080532,0.9717475136668455,0.9998366173847985,0.982763671875,0.07146414379249351,0,0,0,0
A081,20,163840,490.671875,0.08397607773084559,0.022462844848632812,1.4048138149413165,0.03348717981837521,0.9716706943971503,0.9998359312171877,0.982647705078125,0.071936144160447,0,0,0,0
A081,21,163840,493.75,0.08646675177022019,0.024717852473258972,1.414061603411521,0.03370457391302432,0.9714739453770646,0.9998341373374753,0.98272705078125,0.07231017887622179,0,0,0,0
A081,22,163840,494.4365234375,0.09029182040594463,0.027965545654296875,1.4164558337202675,0.033756131286411424,0.971448101267777,0.9998331020062794,0.982183837890625,0.07292594778006505,0,0,0,0
A081,23,163840,497.16796875,0.0950386197163482,0.031661257147789,1.4248732947083553,0.03394333585918404,0.9713056657171861,0.9998307508949446,0.982598876953125,0.07172031784551848,0,0,0,0
A081,24,163840,499.888671875,0.10173556516480176,0.03737443685531616,1.434085335912614,0.03414149111948969,0.9711431787213165,0.9998285910415443,0.983746337890625,0.06906269861501932,0,0,0,0
A081,25,163840,499.89453125,0.11175023371690145,0.045858047902584076,1.4349442115259852,0.03412746373906509,0.9712106298321588,0.999827094176956,0.983795166015625,0.06865628851843247,0,0,0,0
A081,26,163840,498.6513671875,0.1215915940312982,0.05415576696395874,1.4332096076525773,0.03404912058600603,0.9713301619294383,0.999826329392975,0.983941650390625,0.06838710403049739,0,0,0,0
A081,27,163840,497.9775390625,0.1338717831197073,0.06470626592636108,1.432627735984984,0.033988665877563426,0.9714621252198764,0.9998245844576329,0.983465576171875,0.06910687804893192,0,0,0,0
A081,28,163840,496.1083984375,0.14835786049469563,0.07705403864383698,1.4295282345845195,0.03385686378461711,0.9716794099562021,0.9998228678093953,0.98406982421875,0.06862495247436796,0,0,0,0
A081,29,163840,490.67578125,0.16459953402235214,0.09003400802612305,1.4185127112109222,0.033505153606322474,0.9721120898409327,0.9998226234460278,0.984033203125,0.06894620718055573,0,0,0,0
A081,30,163840,487.8984375,0.1869259864859373,0.10916507244110107,1.4162416148349433,0.033341045824165534,0.9724243721582824,0.9998194152183764,0.983184814453125,0.07134878719010004,0,0,0,0
A081,31,163840,483.7470703125,0.21395867385717224,0.1312885284423828,1.4123569046297584,0.03306048109509697,0.9729740552064402,0.9998136673242651,0.982965087890625,0.07286310618699902,0,0,0,0
A081,32,163840,479.69921875,0.2443218785066506,0.15536803007125854,1.414590545820423,0.03291478119319134,0.9734031269437162,0.9998068687298125,0.982415771484375,0.07543116068187233,0,0,0,0
A081,33,163840,478.55078125,0.2845088398446478,0.18837952613830566,1.4240751102103135,0.03288928373430712,0.9738937157511705,0.9997945530909578,0.981292724609375,0.07859062499214521,0,0,0,0
A081,34,163840,441.5673828125,0.33855129091152775,0.2307097315788269,1.3378832977994164,0.030661594473577657,0.9770325771661864,0.9997888346439627,0.9798583984375,0.08351789613055206,0,0,0,0
A081,35,163840,683.029296875,0.4680334065516945,0.33208274841308594,1.8946607734275462,0.06380234924665519,0.9897571209336824,0.997996567484109,0.9804443359375,0.08595860396947605,0,0,0,0
A081,36,163840,278.0806579589844,0.672629085049266,0.4090588092803955,1.6930753946981765,0.0947056231013071,0.9723540702667292,0.9957809311098276,0.976690673828125,0.09459070556943343,0,0,0,0
A082,0,167936,0.0027260184288024902,0.0003763599166665322,0.00022286176681518555,0.0005866385861435743,0.025483944572371395,1.000512711022665,0.9996755820534701,0.9801233803353658,0.06273381513799013,0,0,0,0
A082,1,167936,0.04532337188720703,0.0015297928388457787,0.0011772667057812214,0.002078877229655797,0.010707202819085007,1.0012000732892998,0.9999434658369849,0.9927055544969512,0.03703464580467254,0,0,0,0
A082,2,167936,0.24414443969726562,0.002234253604656163,0.0016934359446167946,0.0032208218911233626,0.009522836298415728,1.0008668758242598,0.9999550724778465,0.9926340987042683,0.03756932530623655,0,0,0,0
A082,3,167936,0.3528327941894531,0.003044099134123504,0.002329980954527855,0.00440033732401293,0.010254231844941205,1.0017453157323415,0.9999490373740108,0.9924911871189024,0.0398187362325186,0,0,0,0
A082,4,167936,0.44567108154296875,0.004000183177669491,0.003118067979812622,0.005672506458675068,0.011636889444333392,1.002593641611441,0.9999358213468599,0.9916158536585366,0.041897243510238484,0,0,0,0
A082,5,167936,0.6224594116210938,0.005341984736768298,0.0041746944189071655,0.007492666025384217,0.01254990409579231,1.0018686315886944,0.9999231394696152,0.9913895769817073,0.0432929954617017,0,0,0,0
A082,6,167936,0.8011970520019531,0.006560551394321331,0.005064740777015686,0.00933869413369564,0.013748571887810932,1.0015321798193235,0.9999068049645747,0.9917289919969512,0.043705468006557786,0,0,0,0
A082,7,167936,234.921875,0.043873472783627396,0.006515935063362122,0.6501901237408748,0.019427880717704984,0.9824570871881184,0.9999645334334881,0.9875547827743902,0.05320067953520383,0,0,0,0
A082,8,167936,234.060546875,0.04561561623757193,0.007991582155227661,0.648826597002046,0.019386482358303998,0.9825020574004852,0.9999645508615035,0.9872272770579268,0.054846135326396026,0,0,0,0
A082,9,167936,233.078125,0.04746181412388235,0.009668171405792236,0.6476517497306106,0.019350410969308292,0.9825464162736516,0.9999644745435774,0.9867806783536586,0.056039846594715934,0,0,0,0
A082,10,167936,231.4150390625,0.04793669339263799,0.009999185800552368,0.6448068940819689,0.019265244325667848,0.9826452292896518,0.9999644014083445,0.9867270865091463,0.05735293746145164,0,0,0,0
A082,11,167936,230.6357421875,0.048149852256900466,0.010122090578079224,0.6445662344650366,0.019257179287503087,0.9826636728654692,0.9999642346015545,0.9861435308689024,0.057550867106379716,0,0,0,0
A082,12,167936,229.669921875,0.04864207116422288,0.010557889938354492,0.6443998631267086,0.019251570225654838,0.9826865770131388,0.9999639415342139,0.9864829458841463,0.057831308031085826,0,0,0,0
A082,13,167936,227.806640625,0.049744157812458584,0.011218041181564331,0.6414755762164133,0.01916270696800186,0.9827996664771381,0.9999636966375351,0.9860958936737805,0.05850737529715748,0,0,0,0
A082,14,167936,223.4462890625,0.05080703908133063,0.012294866144657135,0.6317317726529466,0.018871254718897404,0.9831199901342901,0.9999637940829628,0.9854706554878049,0.06075728843701491,0,0,0,0
A082,15,167936,221.1318359375,0.05218840920412881,0.012938052415847778,0.6271619646115028,0.018732967756942654,0.9832809875393007,0.9999636936418853,0.9856492949695121,0.06105046016197432,0,0,0,0
A082,16,167936,218.5302734375,0.0537079427596903,0.014503002166748047,0.6226690191132594,0.018597752058946357,0.9834418632424909,0.9999635441140715,0.9847441882621951,0.0640730437844838,0,0,0,0
A082,17,167936,470.26171875,0.07497538968089695,0.015682101249694824,1.3409607410891178,0.03244012357031115,0.9724348139330568,0.9998495929340652,0.984154677972561,0.06687623413217304,0,0,0,0
A082,18,167936,489.359375,0.07680167802193798,0.017277836799621582,1.383616182927698,0.03339981666557227,0.971732289417729,0.9998371545871344,0.9840951314786586,0.06715986579260111,0,0,0,0
A082,19,167936,489.73046875,0.07824194208340088,0.018663570284843445,1.383746056645157,0.03340149165807005,0.971748922388376,0.9998366160993594,0.983666396722561,0.06894775295877965,0,0,0,0
A082,20,167936,490.671875,0.08152884913196536,0.021419107913970947,1.387554260664426,0.033486029631886204,0.9716720693073007,0.999835931003243,0.9830649771341463,0.07026173892678045,0,0,0,0
A082,21,167936,493.75,0.08391124596738425,0.023547828197479248,1.3966812158373516,0.033703067470432765,0.9714755178758477,0.9998341436966054,0.9831066596798781,0.07066984876390392,0,0,0,0
A082,22,167936,494.4365234375,0.0877486220720781,0.0268172025680542,1.3990498868751986,0.03375489614522772,0.9714504397562667,0.9998330765984592,0.9826064691310976,0.07159106660850227,0,0,0,0
A082,23,167936,497.16796875,0.09266025924324178,0.030699878931045532,1.407364124477094,0.033941758828023805,0.9713081994772879,0.9998307315971999,0.9832555259146342,0.07026830547351792,0,0,0,0
A082,24,167936,499.888671875,0.09930569273998427,0.03620222210884094,1.4164731866076998,0.03413816549080631,0.9711495001632048,0.9998285212512654,0.9837497618140244,0.06821975076448109,0,0,0,0
A082,25,167936,499.89453125,0.1088080930554475,0.04439663887023926,1.4172780196775774,0.0341223063230444,0.9712166065715535,0.9998270993055126,0.9839939024390244,0.06774689151740351,0,0,0,0
A082,26,167936,498.6513671875,0.11857323944349357,0.052797555923461914,1.4155557295376102,0.0340393738888082,0.971342368514779,0.9998263129750464,0.9840058117378049,0.06744549026656416,0,0,0,0
A082,27,167936,497.9775390625,0.13041460992295337,0.06296366453170776,1.4149564382496178,0.033975434142788155,0.9714791031521621,0.9998245517751851,0.983862900152439,0.06797306188127476,0,0,0,0
A082,28,167936,496.1083984375,0.14431575838134228,0.07442867755889893,1.4118175494810252,0.03383970685559438,0.9716952994909682,0.9998230053755814,0.9840713128810976,0.06761274635365486,0,0,0,0
A082,29,167936,490.67578125,0.15992994595877108,0.08684760332107544,1.4008615523650336,0.033482837743287565,0.9721319787410252,0.9998228255926217,0.9838748094512195,0.06779639370770905,0,0,0,0
A082,30,167936,487.8984375,0.18129074432569567,0.10488927364349365,1.3984391773114946,0.03330718457654921,0.9724509417189331,0.999819827449792,0.9835532583841463,0.06984145332040446,0,0,0,0
A082,31,167936,483.7470703125,0.20773938410663903,0.12646856904029846,1.3944620371851668,0.033008511822856385,0.9730289945301805,0.9998139178181018,0.9835949409298781,0.07086336398570045,0,0,0,0
A082,32,167936,479.69921875,0.23843376679960562,0.15142357349395752,1.3965861946504448,0.03283663105538989,0.9734839895519348,0.9998073180796943,0.9829518387957317,0.07339681692650214,0,0,0,0
A082,33,167936,478.55078125,0.27836787752090547,0.18541860580444336,1.4055722376468343,0.032782761230268936,0.9740329229055494,0.9997944523580088,0.9817311356707317,0.07635466301719616,0,0,0,0
A082,34,167936,441.5673828125,0.3350238524236352,0.23176471889019012,1.3208218174173114,0.03055696124484858,0.9771975022127023,0.9997882853904957,0.9802365186737805,0.08160043608090281,0,0,0,0
A082,35,167936,683.029296875,0.47076185182662056,0.3393392562866211,1.8737675325841454,0.06294539347346137,0.9901107314620944,0.9980485390146169,0.9808974847560976,0.08440805829495367,0,0,0,0
A082,36,167936,278.0806579589844,0.6787118298177186,0.4252288341522217,1.6744788310969545,0.0872117179130758,0.9773602429926952,0.9963711818672509,0.9773544683689024,0.09264053586239923,0,0,0,0
A083,0,172032,0.0027260184288024902,0.00041538290578760746,0.00023972243070602417,0.000643002769784652,0.02784143749315666,1.00054244423839,0.9996127843449345,0.9773530505952381,0.0694634214659908,0,0,0,0
A083,1,172032,0.04532337188720703,0.0015299182983055527,0.0011994028463959694,0.0020520589279380773,0.010692630793303355,1.00135699787447,0.9999438307665054,0.9924083891369048,0.039295116024225495,0,0,0,0
A083,2,172032,0.24414443969726562,0.0022531302881285157,0.001728203147649765,0.0032140993700530813,0.009494431201286608,1.0007176870892194,0.9999552175652362,0.9918619791666666,0.039964024175235174,0,0,0,0
A083,3,172032,0.3528327941894531,0.0029439634877600645,0.002324126660823822,0.004168160050200075,0.009728180547960605,1.001058280587595,0.9999532906620995,0.9919840494791666,0.04163799735918542,0,0,0,0
A083,4,172032,0.44567108154296875,0.003855428890140223,0.0030516572296619415,0.005401137955127038,0.01111934446233992,1.0020669021350552,0.9999404392378483,0.9915538969494048,0.0423601344338393,0,0,0,0
A083,5,172032,0.6224594116210938,0.005019403019655924,0.003937393426895142,0.007031739555283926,0.011973040679407927,1.0014676100272948,0.9999295035493383,0.9917282831101191,0.04299995779194375,0,0,0,0
A083,6,172032,0.8011970520019531,0.006207693470640509,0.004810109734535217,0.008895807225775921,0.013372767726658978,1.000919645175745,0.999911089181694,0.9915132068452381,0.04427854827598216,0,0,0,0
A083,7,172032,234.921875,0.04269054694863089,0.0062398239970207214,0.6423978188798557,0.019427910734850923,0.9824565318971413,0.9999645427353876,0.9873744419642857,0.05338461842044326,0,0,0,0
A083,8,172032,234.060546875,0.04454638887418263,0.007804851979017258,0.6410533842052439,0.01938655837269469,0.9825017704010751,0.9999645544626286,0.9871070498511905,0.0548541639893657,0,0,0,0
A083,9,172032,233.078125,0.046393643330940815,0.009468227624893188,0.6398928406709028,0.019350444344948998,0.9825464118680205,0.9999644739643732,0.9867582775297619,0.056046931331422946,0,0,0,0
A083,10,172032,231.4150390625,0.04703991410256473,0.009991806000471115,0.6370869815171142,0.019265414551365965,0.9826452015205857,0.9999643985604024,0.9862990606398809,0.05823287899719261,0,0,0,0
A083,11,172032,230.6357421875,0.04729578766310418,0.010126113891601562,0.636851797348636,0.0192576028109164,0.9826632726267612,0.9999642333483056,0.9858107793898809,0.05946086525957503,0,0,0,0
A083,12,172032,229.669921875,0.04787658940150171,0.010618656873703003,0.6366920072680256,0.019251955404957465,0.9826863229454174,0.9999639384551775,0.9865083240327381,0.05815878788656372,0,0,0,0
A083,13,172032,227.806640625,0.049030000165508965,0.01138719916343689,0.6338032348239675,0.01916310287226432,0.9827996971385345,0.9999636883826,0.9857584635416666,0.059786213002654603,0,0,0,0
A083,14,172032,223.4462890625,0.0501575546479996,0.012482285499572754,0.6241787516781004,0.018871748643094786,0.9831201648976049,0.9999637816076267,0.9858921595982143,0.06128749391239534,0,0,0,0
A083,15,172032,221.1318359375,0.05156928528690704,0.013207465410232544,0.6196665718125794,0.018733501910517255,0.9832812722830682,0.9999636786342975,0.9854329427083334,0.06229862528986631,0,0,0,0
A083,16,172032,218.5302734375,0.05319135865335327,0.014800190925598145,0.6152366493715274,0.018598596323106897,0.9834421390760006,0.9999635235140121,0.9846482049851191,0.06497488536499588,0,0,0,0
A083,17,172032,470.26171875,0.07414611454252433,0.01618150994181633,1.3249167741220893,0.03244025422166536,0.9724354049953425,0.9998495719125957,0.9840087890625,0.06784527425454617,0,0,0,0
A083,18,172032,489.359375,0.07615668234825534,0.01788535714149475,1.3670689206145086,0.03339985290800914,0.9717330864259411,0.999837130290358,0.9840843563988095,0.06780829455404228,0,0,0,0
A083,19,172032,489.73046875,0.07759133313025554,0.019342586398124695,1.367199424083759,0.0334016123656014,0.9717495012128871,0.9998365952200107,0.9833461216517857,0.06991614768205123,0,0,0,0
A083,20,172032,490.671875,0.08097140646163548,0.0221540629863739,1.3709693597914026,0.03348601049565529,0.971672551505994,0.999835917686343,0.9829392206101191,0.07069384002279529,0,0,0,0
A083,21,172032,493.75,0.08338657276905656,0.024412080645561218,1.3799908160215004,0.03370329543674155,0.9714764076354231,0.9998341098150285,0.9827125186011905,0.07161195071756132,0,0,0,0
A083,22,172032,494.4365234375,0.08721055986479309,0.02777692675590515,1.3823354787514117,0.03375431243181004,0.9714529728591419,0.9998330228748963,0.9824451264880952,0.07189971664920713,0,0,0,0
A083,23,172032,497.16796875,0.09200976247062781,0.03145909309387207,1.3905580316872477,0.03394067928072159,0.9713126411077697,0.9998306389025013,0.9831949869791666,0.0705461135451608,0,0,0,0
A083,24,172032,499.888671875,0.09847215539285312,0.036892205476760864,1.3995509225421725,0.03413710832941402,0.971153102467833,0.9998284520396351,0.9839797247023809,0.06862855485388569,0,0,0,0
A083,25,172032,499.89453125,0.10797470375143803,0.0451502799987793,1.4003627658159088,0.0341210387349642,0.9712224519958648,0.9998269716610584,0.9838053385416666,0.06832625214825018,0,0,0,0
A083,26,172032,498.6513671875,0.11760242701850962,0.053226083517074585,1.398671830414525,0.03403955031497077,0.9713462412483546,0.9998261932353736,0.9843575613839286,0.06757679859029853,0,0,0,0
A083,27,172032,497.9775390625,0.12926405519125356,0.0632544755935669,1.398082194741667,0.03397568954162229,0.9714797857386439,0.9998245229271271,0.9835205078125,0.06831720315168652,0,0,0,0
A083,28,172032,496.1083984375,0.1430711167065294,0.07455766201019287,1.3950209513007155,0.03383903585951065,0.9717035809066609,0.9998227890577124,0.9842819940476191,0.067476855594828,0,0,0,0
A083,29,172032,490.67578125,0.15918542384803827,0.08740922808647156,1.3843144610255185,0.03347722665130796,0.9721512712171086,0.9998224694964354,0.9842878069196429,0.06747598941661179,0,0,0,0
A083,30,172032,487.8984375,0.17981118419303735,0.10474854707717896,1.381895041356218,0.0333031419378728,0.9724732384062121,0.9998193386485021,0.9835088820684523,0.06958734074729633,0,0,0,0
A083,31,172032,483.7470703125,0.20550911959644833,0.12620070576667786,1.377980007352244,0.03300551145072694,0.9730379890077336,0.9998137720451464,0.9834623790922619,0.07073248232392466,0,0,0,0
A083,32,172032,479.69921875,0.23494457126167573,0.1490522027015686,1.3800773180470165,0.032844231631190865,0.9734725120365877,0.9998073720987716,0.9824741908482143,0.07339608219290328,0,0,0,0
A083,33,172032,478.55078125,0.27406558283391425,0.18225455284118652,1.3889745206385922,0.03278973833547773,0.9740011391293151,0.999795058672163,0.9817592075892857,0.07638401993448517,0,0,0,0
A083,34,172032,441.5673828125,0.32856719619442065,0.22551274299621582,1.30498754391362,0.030554966614743845,0.9771710114374279,0.9997889605497864,0.9806140718005952,0.08108120562239157,0,0,0,0
A083,35,172032,683.029296875,0.46187987314789053,0.3306701183319092,1.8507740546136102,0.06316972826242953,0.9897972954077296,0.9980368104632206,0.9805675688244048,0.08444735174560211,0,0,0,0
A083,36,172032,278.0806579589844,0.6667501809142344,0.4138514995574951,1.6605965467685169,0.0920552956286019,0.9738806628998216,0.9959995315752982,0.977294921875,0.09293542666530044,0,0,0,0
A084,0,159744,0.0027260184288024902,0.00044288926069268014,0.00024449825286865234,0.0006713432495182457,0.0293767613883961,1.0006260594285639,0.9995689687715328,0.9749661959134616,0.0750594828261196,0,0,0,0
A084,1,159744,0.06089210510253906,0.0015937957733004355,0.0012392420321702957,0.0021622335981784035,0.010732954829092822,1.0014324175672558,0.9999435086695364,0.9919871794871795,0.04017703857510808,0,0,0,0
A084,2,159744,0.24414443969726562,0.0023029557405599907,0.0017523448914289474,0.003298730123558028,0.009488573284645896,1.0007325274254395,0.9999552845420243,0.9923502604166666,0.039249735909514374,0,0,0,0
A084,3,159744,0.3528327941894531,0.0030293962084700665,0.0023531727492809296,0.004322001681648077,0.009803711154229197,1.0014867474724352,0.9999531185337271,0.9923878205128205,0.04081552004398711,0,0,0,0
A084,4,159744,0.44567108154296875,0.0038828884515297456,0.0030671581625938416,0.005471956791314181,0.011108530264234284,1.002085993501618,0.999940599870414,0.9914988982371795,0.04258435575095925,0,0,0,0
A084,5,159744,0.6224594116210938,0.005066853524021133,0.003988891839981079,0.00712577917414255,0.011954812924479754,1.0015909531640814,0.9999299182866792,0.9915114182692307,0.04318522235589114,0,0,0,0
A084,6,159744,0.8011970520019531,0.006299237557252231,0.004892371594905853,0.008981008068952818,0.013328687249090906,1.001073606671009,0.9999118440086103,0.9916929587339743,0.04327215444255508,0,0,0,0
A084,7,159744,234.921875,0.04556080834918656,0.006439298391342163,0.6666441740034292,0.019427911252494563,0.982456357937536,0.9999645458252384,0.987548828125,0.05259103568322004,0,0,0,0
A084,8,159744,234.060546875,0.04751050927069837,0.008081354200839996,0.6652493701915825,0.019386584155954286,0.9825015360301738,0.9999645581195665,0.9870355068108975,0.05495465039817317,0,0,0,0
A084,9,159744,233.078125,0.04928981307924774,0.009664088487625122,0.6640419268033543,0.01935055966287033,0.9825459657715351,0.9999644796015408,0.9864157652243589,0.056597592584962615,0,0,0,0
A084,10,159744,231.4150390625,0.0499207820965105,0.010191887617111206,0.6611277317503678,0.019265448968444805,0.9826447206802696,0.9999644063606014,0.9862091846955128,0.058651357904776005,0,0,0,0
A084,11,159744,230.6357421875,0.05018553620714801,0.010314874351024628,0.6608826293136644,0.019257599101715393,0.9826628107147686,0.9999642415536212,0.9854454627403846,0.05936341816359283,0,0,0,0
A084,12,159744,229.669921875,0.050948739505021226,0.011054039001464844,0.6607169079864668,0.019252131359890363,0.9826855488142341,0.9999639486191085,0.9860213842147436,0.05944659751908635,0,0,0,0
A084,13,159744,227.806640625,0.052194694070641534,0.011873126029968262,0.6577226602270968,0.01916337379341885,0.9827984448424213,0.9999637049714106,0.9856833433493589,0.05993115999650303,0,0,0,0
A084,14,159744,223.4462890625,0.05341447650574502,0.013104498386383057,0.6477388294644175,0.018872023776211076,0.9831186812614323,0.9999638017462115,0.9853828625801282,0.061916951466746695,0,0,0,0
A084,15,159744,221.1318359375,0.054927978102130175,0.01385384052991867,0.6430570356671719,0.018733919035264883,0.9832797258389749,0.9999636969254398,0.9850323016826923,0.06313882353687385,0,0,0,0
A084,16,159744,218.5302734375,0.05645617310008278,0.015434682369232178,0.6384509152008968,0.018598913604511515,0.9834405239112453,0.9999635446490198,0.9841433794070513,0.06575091901705464,0,0,0,0
A084,17,159744,470.26171875,0.07885814871876672,0.016770943999290466,1.3749234612684185,0.03244104112271198,0.9724335256941721,0.9998495986431243,0.9837802984775641,0.06849693014619308,0,0,0,0
A084,18,159744,489.359375,0.08069483514000006,0.018385853618383408,1.4186588920682854,0.03340071252863527,0.9717307581937987,0.9998371680825923,0.9839305388621795,0.06873130510791342,0,0,0,0
A084,19,159744,489.73046875,0.08216262002544028,0.01985892653465271,1.4187933280269747,0.03340251607899636,0.9717476245100705,0.9998366184019514,0.9831668169070513,0.07080850657649657,0,0,0,0
A084,20,159744,490.671875,0.08533748055567714,0.02235311269760132,1.4226967631457617,0.033487849738970545,0.9716686648516841,0.9998359669605569,0.9829539763621795,0.07106864930759417,0,0,0,0
A084,21,159744,493.75,0.08776986241629495,0.02455596625804901,1.4320557801170664,0.0337052733108921,0.9714710965574102,0.9998341962419333,0.9824844751602564,0.07218508984124335,0,0,0,0
A084,22,159744,494.4365234375,0.09156573838990385,0.02789890766143799,1.4344764250193238,0.03375760064661911,0.9714449993165742,0.999833141589275,0.9818083934294872,0.07320133017594013,0,0,0,0
A084,23,159744,497.16796875,0.0963903294618656,0.03175048530101776,1.442991754716956,0.033945893136078806,0.9713014168625544,0.9998307863135986,0.983085436698718,0.0715310967218818,0,0,0,0
A084,24,159744,499.888671875,0.10326957496765597,0.037643998861312866,1.4523255756705085,0.03414393611597343,0.9711402522115138,0.9998285915292262,0.983817858573718,0.06905907524398756,0,0,0,0
A084,25,159744,499.89453125,0.11311785152310432,0.046279847621917725,1.453154700579077,0.0341322168459936,0.9712027759425901,0.9998271585904995,0.9831918569711539,0.06970951855017853,0,0,0,0
A084,26,159744,498.6513671875,0.12348427859001276,0.05546975135803223,1.451398742027224,0.034055090287682235,0.9713184019130754,0.9998264651915286,0.9837239583333334,0.06891887066588039,0,0,0,0
A084,27,159744,497.9775390625,0.13595993071339763,0.06654047966003418,1.450796008263302,0.033997532508244506,0.9714469444357894,0.9998247175326722,0.983711438301282,0.06949300315134511,0,0,0,0
A084,28,159744,496.1083984375,0.1504627354393051,0.07894614338874817,1.447603384070628,0.03386710057209878,0.9716550659241128,0.9998232164759686,0.983467297676282,0.06952627441107595,0,0,0,0
A084,29,159744,490.67578125,0.1667044838994652,0.09218341112136841,1.4363886961099877,0.03352287630747525,0.972071546484806,0.9998231690242253,0.9838679387019231,0.06981286486298496,0,0,0,0
A084,30,159744,487.8984375,0.18893990332893595,0.11121320724487305,1.433939880890393,0.033359980202715814,0.9723750482555645,0.9998201566767517,0.9828287760416666,0.0721677386261647,0,0,0,0
A084,31,159744,483.7470703125,0.21614640309948277,0.13410162925720215,1.4297829631441117,0.03308515490280524,0.9729116220065674,0.9998145529128928,0.9824656951121795,0.07387643542398664,0,0,0,0
A084,32,159744,479.69921875,0.24723703023481647,0.1591830849647522,1.4318712746423194,0.03293958878598112,0.973316294070433,0.999808388933009,0.9818146534455128,0.07647898709351808,0,0,0,0
A084,33,159744,478.55078125,0.28714366620004467,0.19372081756591797,1.4409033924516965,0.03290294251206002,0.9738264434294736,0.999795883257698,0.9807003705929487,0.07963135481230081,0,0,0,0
A084,34,159744,441.5673828125,0.34115874944057933,0.23624151945114136,1.3529606881983263,0.03067753347313509,0.9769623830868283,0.9997899718177168,0.9794108072916666,0.08424184767523057,0,0,0,0
A084,35,159744,683.029296875,0.4697090387326637,0.33407068252563477,1.9165375058134235,0.06424076620112143,0.989627362438406,0.9979692940066753,0.9800806290064102,0.08642548828382145,0,0,0,0
A084,36,159744,278.0806579589844,0.6796812446142818,0.41564011573791504,1.709983675096467,0.09478218358518663,0.9722052616215011,0.9957770672676919,0.9770883413461539,0.09442300461442378,0,0,0,0
A085,0,159744,0.0027260184288024902,0.0003907348503815182,0.00022212788462638855,0.00061558685581805,0.026687968617225805,1.0006049192962347,0.9996442743145516,0.9777894631410257,0.06609431762196984,0,0,0,0
A085,1,159744,0.04532337188720703,0.0015771212583232251,0.0012257397174835205,0.0021203053475241616,0.010830939638845877,1.0013425920919223,0.9999423240852594,0.9928823617788461,0.037344015046438785,0,0,0,0
A085,2,159744,0.24414443969726562,0.0023950792723854584,0.001805827021598816,0.0034220177390000294,0.009709036605594837,1.0007141123702161,0.9999531557344036,0.9924817207532052,0.0379380440509534,0,0,0,0
A085,3,159744,0.3528327941894531,0.003100510952163241,0.002415645867586136,0.004396187229059386,0.009923791381864484,1.0012306984723829,0.9999515760869057,0.9928197616185898,0.03929920909114793,0,0,0,0
A085,4,159744,0.44567108154296875,0.0040182161242607135,0.003196820616722107,0.005612358132998759,0.011317586091973631,1.0022136037573097,0.9999385421865697,0.9917805989583334,0.04145879076510455,0,0,0,0
A085,5,159744,0.6224594116210938,0.005281198855379024,0.004179989919066429,0.007335649231558605,0.012252058991826355,1.001682671860921,0.9999264829226434,0.9917367788461539,0.04246068714540013,0,0,0,0
A085,6,159744,0.8011970520019531,0.0065908905748152885,0.005136359483003616,0.009304698805958288,0.013799896740685144,1.0013146781823752,0.9999057694971212,0.9913549178685898,0.043791990653317826,0,0,0,0
A085,7,159744,234.921875,0.04602177373662751,0.006842300295829773,0.6666537025001175,0.019428108185628123,0.982456387936155,0.9999645413962989,0.9873798076923077,0.053764605737451183,0,0,0,0
A085,8,159744,234.060546875,0.04792931013940478,0.008460089564323425,0.665260409679597,0.019386764877449326,0.9825016287575886,0.9999645529054416,0.9868539663461539,0.05562756722424531,0,0,0,0
A085,9,159744,233.078125,0.04985650172933184,0.010171592235565186,0.6640591310017931,0.01935084656810558,0.9825461946808443,0.9999644698930389,0.9861090244391025,0.057247795919486325,0,0,0,0
A085,10,159744,231.4150390625,0.05053509862178684,0.010717079043388367,0.6611474981903387,0.019265775074803978,0.9826450764572782,0.9999643936962929,0.9862342247596154,0.05868343365844693,0,0,0,0
A085,11,159744,230.6357421875,0.05083950670427839,0.010915309190750122,0.6609055728740808,0.019257916605147144,0.9826635445258118,0.9999642224116518,0.9857772435897436,0.059098584955650894,0,0,0,0
A085,12,159744,229.669921875,0.05137213446861703,0.011375725269317627,0.6607379469460097,0.019252305147996092,0.9826868257808468,0.9999639227625178,0.9863218649839743,0.05850515395261509,0,0,0,0
A085,13,159744,227.806640625,0.0525496232776306,0.012163639068603516,0.6577416177444695,0.019163629027205222,0.982799165428255,0.9999636874093721,0.9858774038461539,0.059638818663145125,0,0,0,0
A085,14,159744,223.4462890625,0.05377475566781588,0.013451337814331055,0.6477566541899342,0.018872374117669472,0.9831196613999688,0.999963778227421,0.9856457832532052,0.06141193714148715,0,0,0,0
A085,15,159744,221.1318359375,0.05527483833832292,0.014157425612211227,0.6430764845758976,0.018734143669072768,0.9832810124592907,0.9999636708155033,0.9851512419871795,0.06233420336479929,0,0,0,0
A085,16,159744,218.5302734375,0.056971695327244255,0.015949159860610962,0.6384775301379176,0.018599234679056373,0.9834419293790707,0.9999635149642221,0.9840181790865384,0.06556391701006174,0,0,0,0
A085,17,159744,470.26171875,0.07929359132085431,0.017186075448989868,1.3749345564999147,0.032440895690876013,0.9724351139870329,0.999849558717024,0.9838554186698718,0.06843999229082717,0,0,0,0
A085,18,159744,489.359375,0.08115832187324766,0.01882704347372055,1.4186710397083833,0.03340067440888257,0.9717326433628274,0.9998371148680268,0.983642578125,0.06874511960615047,0,0,0,0
A085,19,159744,489.73046875,0.08269634851083725,0.02043825387954712,1.4188081377276585,0.033402205762463645,0.9717495599070524,0.9998365731267306,0.9829539763621795,0.0708395130113369,0,0,0,0
A085,20,159744,490.671875,0.08593376762128493,0.023062914609909058,1.4227127409656082,0.03348728336416927,0.9716707868623463,0.9998359249684016,0.9828600761217948,0.07148083354230525,0,0,0,0
A085,21,159744,493.75,0.08841530977681253,0.025218695402145386,1.4320803380934342,0.0337047723013278,0.9714738494257531,0.9998341332556251,0.9826472355769231,0.0723775248283218,0,0,0,0
A085,22,159744,494.4365234375,0.09234049753548736,0.028750598430633545,1.434503978176377,0.033756741990326515,0.9714481795875025,0.9998330784967491,0.9820462740384616,0.07278204038226613,0,0,0,0
A085,23,159744,497.16796875,0.09719217152318822,0.032529979944229126,1.4430299953631962,0.033944327023765465,0.9713061633083007,0.9998307016441216,0.9833859174679487,0.07103292058643781,0,0,0,0
A085,24,159744,499.888671875,0.10429124701723151,0.03865104913711548,1.452377770167566,0.0341425905310965,0.9711450868230546,0.9998284960310031,0.9836676181891025,0.0690901798228588,0,0,0,0
A085,25,159744,499.89453125,0.11448925443084754,0.047596752643585205,1.4532412165231823,0.03412813860763931,0.9712112420243232,0.9998270524245894,0.9833984375,0.0689777408714544,0,0,0,0
A085,26,159744,498.6513671875,0.12480352685392039,0.05674489960074425,1.4514999235220991,0.034048901263477566,0.9713305177420968,0.9998263266426051,0.9835924979967948,0.06894738626935175,0,0,0,0
A085,27,159744,497.9775390625,0.13768265054892628,0.06788134574890137,1.4509538126967951,0.033988737026207215,0.9714620422401004,0.9998245843909945,0.9835674579326923,0.06986513559952323,0,0,0,0
A085,28,159744,496.1083984375,0.15209098208081812,0.08019113540649414,1.4477856325172425,0.033854258325153506,0.9716796152572525,0.9998229526433575,0.9836989182692307,0.06949536631827599,0,0,0,0
A085,29,159744,490.67578125,0.16827939844000492,0.09306097030639648,1.4365897189712793,0.03350366270783766,0.9721067650635405,0.999822826631807,0.983642578125,0.06977025426178264,0,0,0,0
A085,30,159744,487.8984375,0.18991128439671603,0.11195552349090576,1.4340902860908966,0.03333655948349134,0.9724195079499109,0.9998197060766447,0.9828600761217948,0.07211094955859851,0,0,0,0
A085,31,159744,483.7470703125,0.2168269093316352,0.13394027948379517,1.429979684696184,0.03305284410491917,0.9729818841920206,0.9998137108575706,0.982666015625,0.07335249705731166,0,0,0,0
A085,32,159744,479.69921875,0.24695180288678714,0.15820574760437012,1.4319434306303518,0.032898680367410275,0.9733987948924224,0.9998075305523764,0.9821276542467948,0.07562325218969002,0,0,0,0
A085,33,159744,478.55078125,0.28637684622275955,0.19170928001403809,1.44086765535408,0.032855504608040875,0.9739119334198895,0.9997952089139313,0.9812575120192307,0.07875045061766503,0,0,0,0
A085,34,159744,441.5673828125,0.34063854783557757,0.23519372940063477,1.352711306543069,0.030617859946901332,0.9770617797481246,0.9997895264107503,0.9797488481570513,0.08395261621443162,0,0,0,0
A085,35,159744,683.029296875,0.47147182043894037,0.33547043800354004,1.917247086213412,0.06377694565107656,0.9899551448702262,0.9979965760557148,0.9802559094551282,0.08579075724363698,0,0,0,0
A085,36,159744,278.0806579589844,0.6856336729228459,0.42093324661254883,1.7135740020885033,0.0906160732843937,0.9745255996195862,0.9961199953773956,0.9775954026442307,0.0940495561391161,0,0,0,0
A086,0,147456,0.0027260184288024902,0.00039795348590764153,0.00021350383758544922,0.0006418605169918332,0.027821465438138345,1.0006292203769944,0.9996134242309304,0.9767862955729166,0.06865572416900345,0,0,0,0
A086,1,147456,0.0698862075805664,0.0015690765285154068,0.0012412182986736298,0.002099895459067237,0.01064770118390334,1.0015469450208851,0.99994459545698,0.9920450846354166,0.03944515748684255,0,0,0,0
A086,2,147456,0.24414443969726562,0.0023590330530637183,0.0018078777939081192,0.0033825641245412937,0.009417438651858892,1.0007744538580263,0.9999559898978014,0.9923773871527778,0.039256123030308926,0,0,0,0
A086,3,147456,0.3528327941894531,0.003010685918860803,0.0023694857954978943,0.004285373071053335,0.009475031568719462,1.0012918494026561,0.9999560031631128,0.9923095703125,0.04096919118180654,0,0,0,0
A086,4,147456,0.44567108154296875,0.003947106258359491,0.0031413286924362183,0.005565367706886064,0.010895607277217742,1.002132544240342,0.9999430382170219,0.9914482964409722,0.042048077899134124,0,0,0,0
A086,5,147456,0.6224594116210938,0.005279964451789156,0.004148364067077637,0.0074271790165592174,0.01195745149648584,1.001809992693187,0.9999302739173297,0.99176025390625,0.042688370477582685,0,0,0,0
A086,6,147456,0.8011970520019531,0.0065373646596814045,0.0050562843680381775,0.00936382961196024,0.0136336290705186,1.0015687271788107,0.9999084361703332,0.9915907118055556,0.043696486388025015,0,0,0,0
A086,7,147456,234.921875,0.049102995180015166,0.006740156561136246,0.6938700267557114,0.019428328176285977,0.982455803926732,0.9999645474536409,0.98712158203125,0.054333204672078056,0,0,0,0
A086,8,147456,234.060546875,0.051133475005346755,0.008527413010597229,0.6924179810591075,0.019387078354897776,0.98250072124175,0.9999645628504007,0.9865044487847222,0.056666245358833786,0,0,0,0
A086,9,147456,233.078125,0.05311265956238268,0.01031283289194107,0.691163207640008,0.019351126064812596,0.9825451218435277,0.9999644834079535,0.9856024848090278,0.059167678817358266,0,0,0,0
A086,10,147456,231.4150390625,0.05365693528958736,0.010733421891927719,0.688126490034141,0.019265951689678453,0.9826437790573316,0.9999644131013748,0.9856228298611112,0.06064459379201486,0,0,0,0
A086,11,147456,230.6357421875,0.05390424174091398,0.010907307267189026,0.6878685097716833,0.0192580624336876,0.9826617684832741,0.9999642508242274,0.9849650065104166,0.061291468721680814,0,0,0,0
A086,12,147456,229.669921875,0.054552265854561535,0.011502429842948914,0.6876938284000037,0.019252432310823138,0.9826849460531285,0.9999639533214666,0.9859280056423612,0.06043489884365259,0,0,0,0
A086,13,147456,227.806640625,0.05589213129883635,0.012421494349837303,0.6845768035934042,0.0191636885543472,0.9827979142540086,0.9999637081011468,0.9852023654513888,0.06132858489588665,0,0,0,0
A086,14,147456,223.4462890625,0.05702177877101475,0.013555720448493958,0.6741797169564712,0.01887233927995019,0.9831179295763095,0.9999638085696705,0.9847683376736112,0.0629477781193365,0,0,0,0
A086,15,147456,221.1318359375,0.05846310570676394,0.014232814311981201,0.6693006620537886,0.01873422491264954,0.983278633967726,0.9999637096248064,0.9844902886284722,0.06425729145908836,0,0,0,0
A086,16,147456,218.5302734375,0.05998099631823253,0.015812337398529053,0.6645050527066373,0.018599235540290082,0.9834388780677911,0.999963566214115,0.983642578125,0.0669551634147737,0,0,0,0
A086,17,147456,470.26171875,0.08408833116782136,0.017174292355775833,1.431054574387001,0.032441876491768,0.9724314997644911,0.9998496278940255,0.9831475151909722,0.07002182373114313,0,0,0,0
A086,18,147456,489.359375,0.08583339231416352,0.018666326999664307,1.4765717529262632,0.03340178083662977,0.9717285801317266,0.9998371943626239,0.9835272894965278,0.06992658426235235,0,0,0,0
A086,19,147456,489.73046875,0.08719852351420816,0.020070314407348633,1.476705251755843,0.03340360147331431,0.9717448392254951,0.9998366616069461,0.9827948676215278,0.0717779116161043,0,0,0,0
A086,20,147456,490.671875,0.09047369242981852,0.02276948094367981,1.4807613873023608,0.03348893738650686,0.9716659078344283,0.9998360094010397,0.9824286566840278,0.07250664568644526,0,0,0,0
A086,21,147456,493.75,0.09283115234753028,0.02498766779899597,1.4904940438457597,0.03370643683742597,0.9714681727843534,0.999834241239686,0.9823065863715278,0.07343727529033972,0,0,0,0
A086,22,147456,494.4365234375,0.09678201583992853,0.028434738516807556,1.49300980958296,0.03375884128180418,0.9714412601663865,0.9998332077516715,0.9813435872395834,0.07441542892311687,0,0,0,0
A086,23,147456,497.16796875,0.10165742164437258,0.0322076678276062,1.5018619489717242,0.03394642767999866,0.9712979712725344,0.9998308688430956,0.9829372829861112,0.071929806922367,0,0,0,0
A086,24,147456,499.888671875,0.10823607220411052,0.03790189325809479,1.5115375330731862,0.034145819726859795,0.9711314718317812,0.9998287847238693,0.9829440646701388,0.07004446820630642,0,0,0,0
A086,25,147456,499.89453125,0.11794055913903397,0.04633796215057373,1.5123475449506631,0.034133169792085145,0.9711904235659725,0.9998274892453548,0.9831814236111112,0.06984830502846195,0,0,0,0
A086,26,147456,498.6513671875,0.12823563769489965,0.05532336235046387,1.51047167050296,0.034054866237700945,0.9713074745023925,0.9998267938300345,0.9837849934895834,0.06866995914346574,0,0,0,0
A086,27,147456,497.9775390625,0.14044033821133123,0.06639367341995239,1.509733560994274,0.033994972857096795,0.9714353340730583,0.9998251463437047,0.9836697048611112,0.06931283572937447,0,0,0,0
A086,28,147456,496.1083984375,0.1548618717465489,0.07871735095977783,1.5062851068149168,0.03386160005592735,0.971646852403611,0.9998236463284602,0.9835205078125,0.06915352367043884,0,0,0,0
A086,29,147456,490.67578125,0.1713293474623217,0.09192007780075073,1.4944689815264374,0.03351318899683845,0.9720659155414276,0.999823663829418,0.9834865993923612,0.069732947456524,0,0,0,0
A086,30,147456,487.8984375,0.19338022982236047,0.11078524589538574,1.4916634816209708,0.033343472728919264,0.9723650491179076,0.9998210051545536,0.9826795789930556,0.07183074901863272,0,0,0,0
A086,31,147456,483.7470703125,0.2209301156052119,0.13404273986816406,1.4870519762681065,0.033065088140193405,0.9728787149873703,0.9998161456574836,0.9826253255208334,0.07287286974679083,0,0,0,0
A086,32,147456,479.69921875,0.251729033882902,0.15912044048309326,1.488665389939781,0.03291576726491357,0.9732605955134016,0.9998107125758311,0.9819539388020834,0.07563219131084623,0,0,0,0
A086,33,147456,478.55078125,0.29207718334722205,0.19296646118164062,1.4974853107663817,0.0328880925353263,0.9737110155089498,0.9997994703157197,0.9808349609375,0.07877266115341562,0,0,0,0
A086,34,147456,441.5673828125,0.3481436612610196,0.23791778087615967,1.4048410269651772,0.03065277513220966,0.9768125580307249,0.9997942618801723,0.9798380533854166,0.08389229074898556,0,0,0,0
A086,35,147456,683.029296875,0.4766071862797819,0.335896372795105,1.9888818249022329,0.0646246935623251,0.9892313227865613,0.9979477062060371,0.9800821940104166,0.08643597180471495,0,0,0,0
A086,36,147456,278.0806579589844,0.6969656440625032,0.4173088073730469,1.7767140269567143,0.09365711525589923,0.971630267897232,0.9959002854266187,0.9767930772569444,0.0952537234879573,0,0,0,0
A087,0,147456,0.0027260184288024902,0.0003963582197520231,0.00022642314434051514,0.0006159868136458398,0.026703444630765533,1.0006205670041173,0.999643876572578,0.9787122938368056,0.06577131194454956,0,0,0,0
A087,1,147456,0.04532337188720703,0.0015303023319026307,0.001202964223921299,0.002049591870204679,0.010604303299902588,1.001319920427167,0.9999447184379922,0.9927503797743056,0.03731227967163676,0,0,0,0
A087,2,147456,0.24414443969726562,0.002263164950282004,0.0017198137938976288,0.0032607315072845297,0.00932207474054872,1.0007942840947643,0.9999568991392053,0.9924994574652778,0.03810422918756715,0,0,0,0
A087,3,147456,0.3528327941894531,0.002966503767162799,0.0023438557982444763,0.004217321210002324,0.009549408700102893,1.0011597227408224,0.9999551289131768,0.9924384223090278,0.04068652486498912,0,0,0,0
A087,4,147456,0.44567108154296875,0.00398744632596267,0.003132537007331848,0.005668716654215706,0.011283233738504447,1.002541857457285,0.9999397280405976,0.9915093315972222,0.04264552504580276,0,0,0,0
A087,5,147456,0.6224594116210938,0.005227413702398407,0.004089556634426117,0.007360409434872864,0.012111244261000183,1.0018821114483305,0.9999285645025452,0.9917263454861112,0.04272712202887135,0,0,0,0
A087,6,147456,0.8011970520019531,0.006396085342836323,0.004930369555950165,0.009200141868556217,0.013627104350565774,1.001777536949555,0.9999088927787653,0.9913736979166666,0.044235342235828166,0,0,0,0
A087,7,147456,234.921875,0.048764056153989564,0.006474882364273071,0.6938600003658096,0.019428157067579242,0.9824558167701275,0.9999645506084598,0.9872979058159722,0.054067384176462265,0,0,0,0
A087,8,147456,234.060546875,0.05069253890963586,0.008133649826049805,0.6924035585229036,0.019386797706409647,0.9825005968175117,0.9999645705998593,0.9864230685763888,0.056328560265313694,0,0,0,0
A087,9,147456,233.078125,0.05258806065222012,0.009846098721027374,0.6911453359351126,0.01935071787891704,0.9825448668295549,0.9999644959681814,0.9859686957465278,0.057952770656861295,0,0,0,0
A087,10,147456,231.4150390625,0.053277020142309714,0.010413400828838348,0.6881122198198244,0.01926559472589674,0.9826437271179432,0.9999644210155436,0.9856092664930556,0.05991025377738658,0,0,0,0
A087,11,147456,230.6357421875,0.053796974930871024,0.010818034410476685,0.6878635927591514,0.019257946803807654,0.982661652392415,0.9999642551344267,0.9851752387152778,0.06068861006454377,0,0,0,0
A087,12,147456,229.669921875,0.05438586672191074,0.011342033743858337,0.6876873751622817,0.01925232628576906,0.982684719144134,0.9999639593885423,0.9858737521701388,0.060012025731197044,0,0,0,0
A087,13,147456,227.806640625,0.0556162732853175,0.012089326977729797,0.6845662398442547,0.019163562086485435,0.9827975330818605,0.9999637172248744,0.9852227105034722,0.060974445887793514,0,0,0,0
A087,14,147456,223.4462890625,0.05674778603229748,0.013228438794612885,0.6741688901808607,0.018872307578155112,0.983117250891267,0.9999638208078477,0.9847073025173612,0.06342960352022473,0,0,0,0
A087,15,147456,221.1318359375,0.058432680039476596,0.014168158173561096,0.6692986770867058,0.018734338267425883,0.983278211362298,0.9999637146362794,0.9841647677951388,0.06455045840531382,0,0,0,0
A087,16,147456,218.5302734375,0.060198236126123246,0.01599729061126709,0.6645141506627907,0.01859958433824065,0.9834383558917524,0.9999635683916754,0.9835747612847222,0.06775074947454249,0,0,0,0
A087,17,147456,470.26171875,0.08450374342174251,0.0175144225358963,1.431064861433475,0.032442240418931186,0.9724309187224788,0.9998496321356696,0.9829779730902778,0.07108769365497145,0,0,0,0
A087,18,147456,489.359375,0.08654799088494908,0.019344091415405273,1.4765906146038454,0.03340234349946117,0.9717279391038408,0.9998371935645741,0.9827948676215278,0.07176049812040046,0,0,0,0
A087,19,147456,489.73046875,0.08827685895463826,0.020978346467018127,1.4767395245332842,0.03340460831934046,0.9717441086181952,0.9998366481173527,0.9819539388020834,0.07454925471207585,0,0,0,0
A087,20,147456,490.671875,0.09175703549106294,0.023899182677268982,1.4808060155390859,0.03349003764639249,0.9716657058135413,0.9998359773363387,0.9819200303819444,0.07497814270325168,0,0,0,0
A087,21,147456,493.75,0.09439034577346837,0.026172563433647156,1.4905558261653813,0.033708019668499865,0.9714674704623486,0.9998342068273263,0.9817233615451388,0.0756955498717505,0,0,0,0
A087,22,147456,494.4365234375,0.09863837678164265,0.03001934289932251,1.493088310016364,0.03376068807013552,0.9714411420826398,0.9998331470228199,0.9811469184027778,0.07664965683284415,0,0,0,0
A087,23,147456,497.16796875,0.10372582964864957,0.03409157693386078,1.5019597620901173,0.03394968853747867,0.9712963377403184,0.9998308028601043,0.9818386501736112,0.07508374453817629,0,0,0,0
A087,24,147456,499.888671875,0.11121012816941958,0.04076254367828369,1.5116934823155084,0.03414985938414976,0.9711303690558837,0.9998286752655927,0.9824354383680556,0.0733606180576766,0,0,0,0
A087,25,147456,499.89453125,0.12147967020265721,0.049838244915008545,1.5125743163698804,0.034140787108969145,0.9711863967935305,0.9998273402429303,0.9827473958333334,0.07226676842331725,0,0,0,0
A087,26,147456,498.6513671875,0.1318139422411567,0.0588708221912384,1.510728923628625,0.03406615431166528,0.9712959882011492,0.9998267353204763,0.982666015625,0.07234340067231348,0,0,0,0
A087,27,147456,497.9775390625,0.1444187147034452,0.06985971331596375,1.5100778779504465,0.03401049006991701,0.9714169435922738,0.9998251408298835,0.9826253255208334,0.07253369494764894,0,0,0,0
A087,28,147456,496.1083984375,0.15937852394857702,0.08289912343025208,1.5067517542266806,0.03388418256126682,0.9716188317247518,0.999823672049168,0.9826931423611112,0.07218449059056836,0,0,0,0
A087,29,147456,490.67578125,0.17659983300630858,0.09726941585540771,1.4951274421237235,0.033541884333220834,0.972033763694866,0.9998235927370226,0.9826185438368056,0.07239705450671578,0,0,0,0
A087,30,147456,487.8984375,0.1994139137524371,0.11667197942733765,1.492586094994754,0.0333853546179105,0.9723268726894235,0.9998206467713632,0.9821370442708334,0.07425858022029037,0,0,0,0
A087,31,147456,483.7470703125,0.22769815010471145,0.14046376943588257,1.4883154813066055,0.033122274019834495,0.9728447961215492,0.9998151401230702,0.9819607204861112,0.07611326017377315,0,0,0,0
A087,32,147456,479.69921875,0.25925071726847665,0.16626644134521484,1.490339951536338,0.03298244337599848,0.9732379486517638,0.9998090733210724,0.9811265733506944,0.07882263642931846,0,0,0,0
A087,33,147456,478.55078125,0.300217767628409,0.20083630084991455,1.4996075421556088,0.032970992675909444,0.9736876433494732,0.9997972931831749,0.9802381727430556,0.08155900251806217,0,0,0,0
A087,34,147456,441.5673828125,0.3564299750611705,0.24609756469726562,1.4076728904528082,0.030756050068985998,0.9768010901272076,0.9997912854517256,0.9791937934027778,0.08585876311805014,0,0,0,0
A087,35,147456,683.029296875,0.49325648604670075,0.352472186088562,1.9948419686099965,0.06500049908392493,0.9893686976025212,0.9979218868049612,0.9793497721354166,0.08848062907126947,0,0,0,0
A087,36,147456,278.0806579589844,0.7231348596374624,0.4388296604156494,1.7898356121439942,0.09435434731184193,0.9721533359790618,0.9958199463712356,0.9760267469618056,0.09735172821853724,0,0,0,0
A088,0,155648,0.0027260184288024902,0.0004298174213114467,0.0002400726079940796,0.0006641157374493546,0.02890193541341512,1.0006046799430102,0.9995827741716865,0.9756823087993421,0.07306707331622586,0,0,0,0
A088,1,155648,0.04632854461669922,0.0015804956603040253,0.001248333603143692,0.002114112684101342,0.010771813051650397,1.001402606675814,0.9999430475564122,0.9919369346217105,0.040606654642726,0,0,0,0
A088,2,155648,0.24414443969726562,0.002328676044378142,0.0017876382917165756,0.0033137617409393512,0.009396204661918223,1.000531404671203,0.9999560202354909,0.9921682257401315,0.04010152457276287,0,0,0,0
A088,3,155648,0.3528327941894531,0.003008043723868893,0.002389010041952133,0.004337270914021253,0.009771800536700112,1.000788611191896,0.9999526042877306,0.9918405633223685,0.042072694332092236,0,0,0,0
A088,4,155648,0.44567108154296875,0.004012196919823533,0.0031869709491729736,0.005704170670295607,0.011305833392497668,1.0015145435954556,0.9999373309018831,0.9914615028782895,0.04299078363903433,0,0,0,0
A088,5,155648,0.6224594116210938,0.0051686180291537044,0.004075970500707626,0.00727142927145225,0.011982591490579878,1.0013044421762898,0.9999291519524619,0.9913394325657895,0.04384676293914889,0,0,0,0
A088,6,155648,0.8011970520019531,0.006294379271601632,0.004860453307628632,0.009050166304490048,0.013322594805972723,1.0013514897224804,0.9999122860405679,0.9913008840460527,0.04469418323778409,0,0,0,0
A088,7,155648,234.921875,0.046417885153005045,0.006298568099737167,0.6753549228700789,0.01942798299444874,0.9824560950855091,0.9999645490908291,0.9872854132401315,0.05402831703538046,0,0,0,0
A088,8,155648,234.060546875,0.0482415719013626,0.007879331707954407,0.6739366309099101,0.01938658990296498,0.9825010167637107,0.9999645672357723,0.9865786903782895,0.055900102129045365,0,0,0,0
A088,9,155648,233.078125,0.05010681625855652,0.009583823382854462,0.6727123436876844,0.01935050002419855,0.9825454308627966,0.9999644902590608,0.9858976665296053,0.05767979238732135,0,0,0,0
A088,10,155648,231.4150390625,0.050678825675513385,0.009974382817745209,0.6697586223885517,0.019265413838220384,0.9826442937757721,0.9999644145738911,0.9856920744243421,0.06000472685481384,0,0,0,0
A088,11,155648,230.6357421875,0.0508967183797758,0.010092377662658691,0.6695062105231098,0.019257495573857707,0.982662217006193,0.9999642540359127,0.9856920744243421,0.0600736349678461,0,0,0,0
A088,12,155648,229.669921875,0.051573807255791554,0.01073572039604187,0.669337843252059,0.019251946506716862,0.9826849360979412,0.9999639630141038,0.9855507298519737,0.06026756232168545,0,0,0,0
A088,13,155648,227.806640625,0.05274266613775138,0.011469319462776184,0.666301967116765,0.019163122695602084,0.9827978225609045,0.9999637207362674,0.9855571546052632,0.06016173302197254,0,0,0,0
A088,14,155648,223.4462890625,0.053885289331650425,0.012581825256347656,0.6561801252649317,0.018871710893057038,0.9831182251825501,0.9999638155670296,0.9852487664473685,0.06195736805377476,0,0,0,0
A088,15,155648,221.1318359375,0.05534474799118452,0.013262659311294556,0.6514313481368557,0.01873336785792249,0.9832796204558402,0.9999637092146965,0.9850560238486842,0.06254130702094414,0,0,0,0
A088,16,155648,218.5302734375,0.05687373762462979,0.014872387051582336,0.6467608523728304,0.018598217071788967,0.9834405054019896,0.9999635581326396,0.9845227693256579,0.06521731680327734,0,0,0,0
A088,17,155648,470.26171875,0.07984722326388667,0.016261644661426544,1.392878789413299,0.03244082832334257,0.9724336671450713,0.9998496017542796,0.9835911800986842,0.06809398661919308,0,0,0,0
A088,18,155648,489.359375,0.08169806741110924,0.017788782715797424,1.4371849600331177,0.03340060579271931,0.9717307930357356,0.9998371707435845,0.9839830900493421,0.06820895692497507,0,0,0,0
A088,19,155648,489.73046875,0.0830849421085687,0.019244618713855743,1.4373164370986495,0.03340252680596681,0.9717468519686362,0.9998366403643615,0.9834177117598685,0.0699473673622006,0,0,0,0
A088,20,155648,490.671875,0.08631833924910905,0.0218486487865448,1.4412651010291653,0.03348738650783547,0.9716688570759471,0.9998359773530765,0.9828137849506579,0.07094892057517874,0,0,0,0
A088,21,155648,493.75,0.08883283128407907,0.024156756699085236,1.4507440603631343,0.033705014350381056,0.9714707839366569,0.9998342143538963,0.9825760690789473,0.0718515837861047,0,0,0,0
A088,22,155648,494.4365234375,0.0926504558192556,0.027386724948883057,1.4531948561249195,0.03375673689618209,0.9714454623129228,0.9998331580742663,0.9819592927631579,0.07273921969207019,0,0,0,0
A088,23,155648,497.16796875,0.09745553377764568,0.031204819679260254,1.4618194044244375,0.033944098477846636,0.9713022759900527,0.9998308237990129,0.9827174136513158,0.07125135112559998,0,0,0,0
A088,24,155648,499.888671875,0.10401357979588666,0.03661563992500305,1.4712500925994818,0.03414335196754465,0.9711362859830954,0.9998287292414403,0.983289216694079,0.06972693939465743,0,0,0,0
A088,25,155648,499.89453125,0.11381279175298842,0.04512763023376465,1.472066317259603,0.034129880701402535,0.9711993538213383,0.9998273415570844,0.9834948087993421,0.06932238217324052,0,0,0,0
A088,26,155648,498.6513671875,0.12390929094777603,0.05388695001602173,1.4702532077512314,0.03405036819880446,0.9713189380011722,0.9998266150056814,0.9838802939967105,0.06888058602809292,0,0,0,0
A088,27,155648,497.9775390625,0.13609207684693933,0.06442844867706299,1.469573852437605,0.03399023100622345,0.9714467849409741,0.999824977693622,0.983289216694079,0.07022480302066422,0,0,0,0
A088,28,155648,496.1083984375,0.15026359742546447,0.07660949230194092,1.4662626950580262,0.03385655990936974,0.9716624527839659,0.9998233696971149,0.9833727384868421,0.06987259005230677,0,0,0,0
A088,29,155648,490.67578125,0.1666637965796015,0.08943766355514526,1.4548613469571057,0.03350233316391259,0.972096802114093,0.9998231565650569,0.983642578125,0.07002251760506718,0,0,0,0
A088,30,155648,487.8984375,0.1882258792728216,0.10779601335525513,1.4522093310218622,0.03333383651022187,0.9724154649442103,0.9998199133524338,0.9824861225328947,0.07310575026506788,0,0,0,0
A088,31,155648,483.7470703125,0.21451455684410503,0.12939453125,1.4477300870888297,0.03304793720084098,0.9729564802525348,0.9998145784522627,0.9827302631578947,0.07386858639799405,0,0,0,0
A088,32,155648,479.69921875,0.24458934966889356,0.15304267406463623,1.4494732732831268,0.03289778784741432,0.9733428994145162,0.9998090788796781,0.981689453125,0.07667019383853892,0,0,0,0
A088,33,155648,478.55078125,0.2835239192139086,0.18526339530944824,1.458172743503797,0.03286818944553621,0.9738023782068074,0.9997976989486641,0.9807450143914473,0.0801499269292246,0,0,0,0
A088,34,155648,441.5673828125,0.33684291978739855,0.22750699520111084,1.3679486399856147,0.030625830229789187,0.9769050732996145,0.9997929349283645,0.979479337993421,0.08482667621714433,0,0,0,0
A088,35,155648,683.029296875,0.46712049767986746,0.3285655975341797,1.9388606475590033,0.06445343279907591,0.9894211234854046,0.9979572235343865,0.9794472142269737,0.08829682174334315,0,0,0,0
A088,36,155648,278.0806579589844,0.6815554654730429,0.41012877225875854,1.728391238327194,0.09502140860546436,0.971623177173867,0.9957679971964128,0.9765111019736842,0.09652986626119386,0,0,0,0
A089,0,163840,0.0027260184288024902,0.0004138253720157081,0.0002398267388343811,0.0006433627538160468,0.027580812567619968,1.0005712526432264,0.9996200296129343,0.97723388671875,0.06963673677198792,0,0,0,0
A089,1,163840,0.04532337188720703,0.0015035377849777376,0.0011834725737571716,0.0020148688850223154,0.010640820083999379,1.0013892362957004,0.9999444286644286,0.992291259765625,0.039671018541464896,0,0,0,0
A089,2,163840,0.24414443969726562,0.0022908212753414148,0.0017575845122337341,0.003262435615604083,0.009525439910245384,1.0007230262883633,0.9999549269697509,0.991998291015625,0.04025614217769974,0,0,0,0
A089,3,163840,0.3528327941894531,0.002989548711788359,0.0023306086659431458,0.004295362166141038,0.009755714135110966,1.0006702801105978,0.9999526693833412,0.99208984375,0.04181637968793581,0,0,0,0
A089,4,163840,0.44567108154296875,0.003927968310851071,0.0031018219888210297,0.005589327621627889,0.01126623471686107,1.0014522958017142,0.9999376810647285,0.991619873046875,0.042479359421256406,0,0,0,0
A089,5,163840,0.6224594116210938,0.005214204283630864,0.00409293919801712,0.007326824130239328,0.0121276119479529,1.0008947937078092,0.9999269262280609,0.99161376953125,0.043393634810927464,0,0,0,0
A089,6,163840,0.8011970520019531,0.006455270095692356,0.004971344023942947,0.009214128933828822,0.013510566337679835,1.0006920709619,0.9999090347341453,0.991497802734375,0.04399804213525869,0,0,0,0
A089,7,163840,234.921875,0.04475813758304241,0.006484862416982651,0.658264175816746,0.019427968880324307,0.9824563615592043,0.9999645446211163,0.987689208984375,0.052837766093784946,0,0,0,0
A089,8,163840,234.060546875,0.04660766710796338,0.008059829473495483,0.6568854453529307,0.019386603149350208,0.9825014075284648,0.9999645600287934,0.98714599609375,0.055114864760632785,0,0,0,0
A089,9,163840,233.078125,0.04838872139949331,0.009665273129940033,0.6556937113031562,0.019350524330898976,0.9825458870716648,0.9999644816925687,0.98668212890625,0.05659871935643919,0,0,0,0
A089,10,163840,231.4150390625,0.04899206463164489,0.010132566094398499,0.6528165937668262,0.019265384372261076,0.9826447783299584,0.9999644066109458,0.986468505859375,0.057913303371233536,0,0,0,0
A089,11,163840,230.6357421875,0.04932936986250809,0.010366968810558319,0.6525777008893733,0.019257631417673466,0.9826630515972062,0.9999642366792043,0.985894775390625,0.05857182159173989,0,0,0,0
A089,12,163840,229.669921875,0.050041699507619344,0.011010698974132538,0.6524161893530313,0.019252137774007565,0.9826860867749851,0.9999639390347236,0.986187744140625,0.0589006619033321,0,0,0,0
A089,13,163840,227.806640625,0.05130416410184182,0.011853262782096863,0.649462987084859,0.019163587939027886,0.9827985861179048,0.9999636983283436,0.985784912109375,0.06003242322861889,0,0,0,0
A089,14,163840,223.4462890625,0.0525672466544961,0.01306101679801941,0.6396072728915334,0.01887236072747998,0.983118725774684,0.9999637945153054,0.985015869140625,0.062217113120787794,0,0,0,0
A089,15,163840,221.1318359375,0.054108040636553764,0.013919919729232788,0.6349855717113589,0.018734301411302626,0.9832797055993365,0.999963689983574,0.98489990234375,0.06359505723181155,0,0,0,0
A089,16,163840,218.5302734375,0.05563059611740186,0.015461161732673645,0.6304382172218627,0.01859916625160159,0.9834406740125556,0.9999635373490274,0.984014892578125,0.06657460940413971,0,0,0,0
A089,17,163840,470.26171875,0.07737273583095146,0.0166560560464859,1.3576362116990977,0.03244093541847475,0.9724333958328653,0.9998496058307085,0.983184814453125,0.06946451713413802,0,0,0,0
A089,18,163840,489.359375,0.0793756635346881,0.018489636480808258,1.4008252881387393,0.033400598135808396,0.9717313543636243,0.9998371547710732,0.98382568359375,0.06931508168606551,0,0,0,0
A089,19,163840,489.73046875,0.08088844105326416,0.020045429468154907,1.4009602479854824,0.033402312475055665,0.9717479251735378,0.9998366167097169,0.983038330078125,0.07128881907223758,0,0,0,0
A089,20,163840,490.671875,0.08415520232851322,0.0227012038230896,1.4048174813712995,0.03348744585097926,0.9716698839558151,0.9998359455408624,0.982647705078125,0.07252537258561546,0,0,0,0
A089,21,163840,493.75,0.08670116595370984,0.024997949600219727,1.4140656380805672,0.033704663112127144,0.9714730731966409,0.9998341597047065,0.982147216796875,0.07307629302424427,0,0,0,0
A089,22,163840,494.4365234375,0.09058137225760418,0.028490588068962097,1.4164651074350092,0.03375660580408797,0.9714473302972261,0.9998331080450047,0.981890869140625,0.0737096014292835,0,0,0,0
A089,23,163840,497.16796875,0.095588576667339,0.03236261010169983,1.4248951989071115,0.0339445796900857,0.9713044051859305,0.9998307444469271,0.982891845703125,0.07190792582726828,0,0,0,0
A089,24,163840,499.888671875,0.10252519987309369,0.03843584656715393,1.4341210734555976,0.03414170266410678,0.9711442101528632,0.9998285531388538,0.98316650390625,0.0698981707297933,0,0,0,0
A089,25,163840,499.89453125,0.11238140011511746,0.04693126678466797,1.4349639287742377,0.034126528482077034,0.9712103858066125,0.9998271342307795,0.983856201171875,0.06866236980344262,0,0,0,0
A089,26,163840,498.6513671875,0.12259102092538683,0.05582970380783081,1.4332517115635173,0.03404684363977952,0.9713309353624662,0.999826386516499,0.983721923828125,0.06869734318477849,0,0,0,0
A089,27,163840,497.9775390625,0.135166588565653,0.06690347194671631,1.4327006105177937,0.0339842006746681,0.9714682407837154,0.9998245621435634,0.9837646484375,0.06854370777846158,0,0,0,0
A089,28,163840,496.1083984375,0.14947922258961627,0.0790683925151825,1.4295710953659913,0.03385096691900899,0.9716844637983053,0.9998229268945931,0.9841064453125,0.06821088386442017,0,0,0,0
A089,29,163840,490.67578125,0.16588735467872767,0.09250599145889282,1.418579231690395,0.03349663308039804,0.9721146333405575,0.9998228445791381,0.98416748046875,0.06864569636554262,0,0,0,0
A089,30,163840,487.8984375,0.1881816433182621,0.11144149303436279,1.4162577526129438,0.03332906690794454,0.9724275605137086,0.999819736042064,0.9829345703125,0.07095506969594625,0,0,0,0
A089,31,163840,483.7470703125,0.21472840170594623,0.1334686279296875,1.4122649760454935,0.03303671519045608,0.9729956660685121,0.999813878667643,0.9832763671875,0.07163691623157878,0,0,0,0
A089,32,163840,479.69921875,0.245214777286526,0.158424973487854,1.4143898337148015,0.03288702121257207,0.9734040288269488,0.9998077825494265,0.982305908203125,0.07416366474111816,0,0,0,0
A089,33,163840,478.55078125,0.2858318641870937,0.1929696798324585,1.4237198849072235,0.032859193470263115,0.9738959269883988,0.9997955099940954,0.98143310546875,0.07747945500788658,0,0,0,0
A089,34,163840,441.5673828125,0.34128688634791615,0.2376246452331543,1.3374702098933986,0.030627643082869242,0.977048013511825,0.9997895401088936,0.9798095703125,0.08228154660825708,0,0,0,0
A089,35,163840,683.029296875,0.4735150271583734,0.34096992015838623,1.8954803643330906,0.06368051772045603,0.9897212200360611,0.9980047133780486,0.980596923828125,0.0843858540190462,0,0,0,0
A089,36,163840,278.0806579589844,0.6849027604911498,0.42394542694091797,1.704601904823721,0.09241688815470693,0.9738031532937087,0.9959670461056328,0.977301025390625,0.09292445273082497,0,0,0,0
A090,0,176128,0.0027260184288024902,0.00046322498610871387,0.00026042014360427856,0.0006962167004458236,0.030256064565588388,1.0005760534051094,0.999542714618066,0.9720430595930233,0.07935872243273248,0,0,0,0
A090,1,176128,0.04532337188720703,0.0014743022138113675,0.0011582951992750168,0.0019787606556685854,0.010686298891538288,1.0011450896700933,0.9999436216814067,0.9917957394622093,0.041288792761135236,0,0,0,0
A090,2,176128,0.24414443969726562,0.0021585126847791275,0.001642687013372779,0.003108829476434064,0.009440008563631875,1.0006564259335333,0.9999556876544349,0.9918865824854651,0.04055442112859192,0,0,0,0
A090,3,176128,0.3528327941894531,0.002920301435515972,0.002231258898973465,0.0042770448642495745,0.010176790494649084,1.000411427218504,0.9999483223653779,0.991954714752907,0.04177220146432201,0,0,0,0
A090,4,176128,0.44567108154296875,0.0038541934450096885,0.0029918625950813293,0.005507653187606062,0.011557031002318696,1.0014870263249183,0.9999344206590579,0.9915743095930233,0.042976002901706084,0,0,0,0
A090,5,176128,0.6224594116210938,0.00506288327324397,0.003927752375602722,0.007136627919074225,0.012320505831009469,1.0010811394145636,0.9999247683351694,0.991443722747093,0.04388557724590799,0,0,0,0
A090,6,176128,0.8011970520019531,0.006233250276709388,0.004797413945198059,0.008902904209718543,0.013503630248817594,1.0006961888465835,0.9999091315860829,0.9912677143895349,0.04405362274068761,0,0,0,0
A090,7,176128,234.921875,0.04199460574362061,0.006330467760562897,0.6348882751956687,0.01942787704985823,0.9824566630264332,0.9999645410647016,0.9880995639534884,0.05208268040046803,0,0,0,0
A090,8,176128,234.060546875,0.043814255489969374,0.007857352495193481,0.6335606323734428,0.019386562183716552,0.9825016295743542,0.999964556890466,0.9870435138081395,0.055032307320442196,0,0,0,0
A090,9,176128,233.078125,0.04560559076933418,0.00947459414601326,0.6324151538790205,0.01935063867535768,0.9825460062379245,0.9999644773280559,0.9865665879360465,0.05665775852927867,0,0,0,0
A090,10,176128,231.4150390625,0.04622215973984905,0.009967848658561707,0.629641815459525,0.01926550504058827,0.9826447781733739,0.9999644042479181,0.9861975381540697,0.058255965080540865,0,0,0,0
A090,11,176128,230.6357421875,0.04654206286520178,0.010148361325263977,0.6294112749563658,0.01925777832650149,0.9826627033783322,0.9999642399311162,0.9855559593023255,0.05962319958072354,0,0,0,0
A090,12,176128,229.669921875,0.047337398335024095,0.01089334487915039,0.6292617578982315,0.019252325591173323,0.9826856201811769,0.9999639435590065,0.9866687863372093,0.058129578916544154,0,0,0,0
A090,13,176128,227.806640625,0.04859824925955139,0.011742398142814636,0.6264124543001498,0.019163551355423313,0.9827990166576389,0.9999636915221738,0.9861180505087209,0.05892563405376526,0,0,0,0
A090,14,176128,223.4462890625,0.049741788203592416,0.012836739420890808,0.6169035484614055,0.0188722189071848,0.9831195479903353,0.9999637831499861,0.9854651162790697,0.06112916137947125,0,0,0,0
A090,15,176128,221.1318359375,0.0511380609815869,0.013593733310699463,0.6124475978243511,0.018734116416586562,0.9832799696177077,0.9999636890284914,0.9850790334302325,0.06253171655943904,0,0,0,0
A090,16,176128,218.5302734375,0.052712585223627345,0.015202883630990982,0.6080695155474171,0.018599156195904347,0.9834407545820967,0.9999635361855524,0.9847440497819767,0.06455113047781862,0,0,0,0
A090,17,176128,470.26171875,0.07304228586130997,0.016333460807800293,1.3094317223809262,0.03244035579289072,0.97243427761678,0.9998496003070889,0.983909429505814,0.06732636008692955,0,0,0,0
A090,18,176128,489.359375,0.07502890135063005,0.018089869990944862,1.351090091878834,0.03339981063344716,0.9717323531880349,0.999837152950076,0.9842500908430233,0.06745476421889676,0,0,0,0
A090,19,176128,489.73046875,0.07661622948073675,0.019733715802431107,1.3512226828332594,0.033401590694921546,0.9717488309476641,0.9998366153382352,0.9834949582122093,0.06988739494412885,0,0,0,0
A090,20,176128,490.671875,0.079854768831044,0.022443294525146484,1.3549457704408159,0.03348589795369959,0.9716725326915555,0.9998359221101105,0.9832735283430233,0.07042018070284807,0,0,0,0
A090,21,176128,493.75,0.0825041738987032,0.024813294410705566,1.3638724089414942,0.03370321158360541,0.97147571486243,0.9998341329466558,0.9830293877180233,0.07146526839160947,0,0,0,0
A090,22,176128,494.4365234375,0.08628534676173664,0.02811199426651001,1.3661921428522352,0.03375496445317237,0.9714509191155658,0.999833060219766,0.9825013626453488,0.07195749204235803,0,0,0,0
A090,23,176128,497.16796875,0.09078257648043608,0.03157144784927368,1.374311294691917,0.03394095084147269,0.9713119097781937,0.9998306508856034,0.9834552143895349,0.07035276156257843,0,0,0,0
A090,24,176128,499.888671875,0.09730705499389863,0.037029117345809937,1.3832111929080526,0.03413709508707254,0.9711520828723601,0.9998284826113968,0.9841989916424418,0.06778281303729992,0,0,0,0
A090,25,176128,499.89453125,0.1066314886366949,0.04492422938346863,1.3840211625284424,0.034120521804750926,0.9712206568777066,0.9998270426934924,0.984352289244186,0.06716441269120163,0,0,0,0
A090,26,176128,498.6513671875,0.11628367931445588,0.053318947553634644,1.3823642515560395,0.03403999926386189,0.9713419036201931,0.9998263046922448,0.9842217023982558,0.06731672119194991,0,0,0,0
A090,27,176128,497.9775390625,0.12760810916266607,0.06281709671020508,1.3817747314666093,0.03397602256177282,0.9714735970526237,0.9998246918675731,0.9841706031976745,0.06734454151656762,0,0,0,0
A090,28,176128,496.1083984375,0.14096166829502307,0.07379722595214844,1.3787143809241873,0.033839368519469955,0.9716922467186958,0.999823105532064,0.9840513717296512,0.0677493191689989,0,0,0,0
A090,29,176128,490.67578125,0.15604708514442686,0.08609724044799805,1.3680140681183308,0.033482962322757485,0.972126248199469,0.9998229845521062,0.9843579669331395,0.0673816456230905,0,0,0,0
A090,30,176128,487.8984375,0.17640559055957225,0.10314026474952698,1.3656294876399266,0.03331013688828756,0.9724400975480008,0.9998200315899995,0.9833246275436046,0.07027333127721756,0,0,0,0
A090,31,176128,483.7470703125,0.2011758746213387,0.1229245662689209,1.361556583525084,0.033022913545925014,0.9729798011759223,0.9998147846059428,0.9833359829215116,0.07158728818038154,0,0,0,0
A090,32,176128,479.69921875,0.22968032947718986,0.14505690336227417,1.3633828628745641,0.03285644290857544,0.9734187019277115,0.9998084172655309,0.9827909247819767,0.07331064940419375,0,0,0,0
A090,33,176128,478.55078125,0.26960980416667957,0.18011635541915894,1.372259843974807,0.03280053611115335,0.9739170237969518,0.9997969264773569,0.9816099654796512,0.07672811200618854,0,0,0,0
A090,34,176128,441.5673828125,0.32427622133696404,0.22388356924057007,1.2894913117175257,0.03054711904709891,0.9771187467595226,0.9997904171148175,0.9805879814680233,0.08163002444066335,0,0,0,0
A090,35,176128,683.029296875,0.464028602380537,0.33529889583587646,1.8319667492414817,0.0628506856967578,0.9897815906485142,0.9980572518022096,0.9804857830668605,0.08530761282162529,0,0,0,0
A090,36,176128,278.0806579589844,0.6706327646949598,0.4210643768310547,1.6582491983100767,0.09066431683579858,0.9729336678507027,0.99615213644121,0.9772438226744186,0.09326071254304918,0,0,0,0
A091,0,147456,0.0027260184288024902,0.0003813737842316793,0.00020823627710342407,0.0006196357953528094,0.02664127728971763,1.000614305252406,0.9996455276119074,0.9790920681423612,0.06498062415703065,0,0,0,0
A091,1,147456,0.04532337188720703,0.0018132849483533972,0.001452416181564331,0.002392562139923469,0.01082846279850379,1.0005172876872341,0.9999415362325736,0.9926961263020834,0.03768600294661351,0,0,0,0
A091,2,147456,0.24414443969726562,0.0025213279438152845,0.0019596130587160587,0.003513996097344792,0.009581951626259374,1.0004606978791768,0.9999542203133884,0.9927707248263888,0.037496759345466146,0,0,0,0
A091,3,147456,0.3528327941894531,0.003134221291053526,0.00249374657869339,0.004399870958807034,0.009657615442546062,1.0010318581080222,0.9999539451196606,0.9925401475694444,0.03955941775876268,0,0,0,0
A091,4,147456,0.44567108154296875,0.004051550873192077,0.0032465909607708454,0.0056283674653862855,0.011073245887634675,1.0019615160607191,0.9999407316412224,0.9916653103298612,0.041775900797187154,0,0,0,0
A091,5,147456,0.6224594116210938,0.005402063526113289,0.004296664148569107,0.007482085714883578,0.012113016371403792,1.0014356352314588,0.9999277716350375,0.9918958875868056,0.04249493934420233,0,0,0,0
A091,6,147456,0.8011970520019531,0.006634521597863202,0.0051742494106292725,0.00941044944317262,0.013563877390777062,1.001326170889975,0.9999090106471096,0.9917331271701388,0.04300045009064545,0,0,0,0
A091,7,147456,234.921875,0.0490843172826361,0.006778359413146973,0.693866806303344,0.01942819660523711,0.9824558661422805,0.9999645489467187,0.9872233072916666,0.05353741190773216,0,0,0,0
A091,8,147456,234.060546875,0.050956962210863016,0.0083303302526474,0.692411807037801,0.019386862567017805,0.9825008121816116,0.9999645654919441,0.9866875542534722,0.055977124248619545,0,0,0,0
A091,9,147456,233.078125,0.05289017616583022,0.01011916995048523,0.6911558151238731,0.01935086463454064,0.9825452853198192,0.9999644856585339,0.9859619140625,0.05801041656068422,0,0,0,0
A091,10,147456,231.4150390625,0.05341974112917885,0.010510966181755066,0.6881200098474483,0.019265683600780806,0.982643955609143,0.9999644152455686,0.9856363932291666,0.05968734794527116,0,0,0,0
A091,11,147456,230.6357421875,0.05352490956634407,0.010516330599784851,0.6878594216145774,0.01925781646335171,0.9826616553865476,0.9999642576360761,0.9850328233506944,0.060639337710314795,0,0,0,0
A091,12,147456,229.669921875,0.054123083006516026,0.011055385693907738,0.6876831738128988,0.01925224542782897,0.9826844585468328,0.9999639655549745,0.9858262803819444,0.0601709624833181,0,0,0,0
A091,13,147456,227.806640625,0.05523439433406452,0.011705011129379272,0.6845572762340162,0.019163403904994426,0.9827972563438534,0.9999637251429696,0.9854939778645834,0.060731549866479106,0,0,0,0
A091,14,147456,223.4462890625,0.056379672509393686,0.012860506772994995,0.6741571245979556,0.018871992506516007,0.9831173478853166,0.9999638251939641,0.9850531684027778,0.0627891148435834,0,0,0,0
A091,15,147456,221.1318359375,0.057888418730079313,0.013605713844299316,0.6692779314745372,0.018733834624773626,0.9832782133883147,0.9999637241976428,0.98443603515625,0.06374571784964954,0,0,0,0
A091,16,147456,218.5302734375,0.05940559616860557,0.015203341841697693,0.6644791921553939,0.018598749741396345,0.9834388584523774,0.9999635757312388,0.9837646484375,0.0665961045594562,0,0,0,0
A091,17,147456,470.26171875,0.0833000033510795,0.016247332096099854,1.4310386553776555,0.03244190926266967,0.9724313674785375,0.9998496305306029,0.9832560221354166,0.0693850713068619,0,0,0,0
A091,18,147456,489.359375,0.08513787796787003,0.017821788787841797,1.4765576975221064,0.03340181026955463,0.9717281069136016,0.9998372070395289,0.9834120008680556,0.06953699539472222,0,0,0,0
A091,19,147456,489.73046875,0.0866122451269449,0.019420042634010315,1.4766924090185987,0.033403769228337155,0.9717441092749604,0.9998366769425383,0.9826388888888888,0.0719763841775325,0,0,0,0
A091,20,147456,490.671875,0.09003602505432677,0.022293120622634888,1.4807508684543031,0.03348917758354163,0.9716656077006647,0.999836009823892,0.9819810655381944,0.07319911248767308,0,0,0,0
A091,21,147456,493.75,0.0924698180496806,0.02450653910636902,1.4904842343695501,0.03370665828460966,0.9714680958569567,0.9998342358024617,0.9819268120659722,0.0733583540427643,0,0,0,0
A091,22,147456,494.4365234375,0.09648450513336905,0.02804228663444519,1.4930009460784646,0.033758841988506004,0.9714420422721917,0.9998331848691342,0.9815809461805556,0.07442960052781325,0,0,0,0
A091,23,147456,497.16796875,0.10148112754500163,0.03187188506126404,1.5018556905905684,0.033946459477772174,0.971299277487322,0.9998308293612779,0.9827609592013888,0.07219600943854698,0,0,0,0
A091,24,147456,499.888671875,0.10826932563672169,0.0378720760345459,1.5115367724858975,0.03414633941104562,0.9711324015014715,0.9998287389795731,0.9830390082465278,0.07072019208623848,0,0,0,0
A091,25,147456,499.89453125,0.11815671452157833,0.04640161991119385,1.5123620842385521,0.03413291097380846,0.9711950138519008,0.9998273630013691,0.9831678602430556,0.06965655733854935,0,0,0,0
A091,26,147456,498.6513671875,0.1281100795767303,0.054884448647499084,1.5104650515050992,0.03405583797634036,0.9713101955741646,0.9998266798681767,0.9832424587673612,0.06974589933109596,0,0,0,0
A091,27,147456,497.9775390625,0.1403245229253116,0.06599080562591553,1.5097370001540453,0.03399643475054784,0.9714353494212433,0.9998250947357107,0.9830729166666666,0.07065775511833379,0,0,0,0
A091,28,147456,496.1083984375,0.15429278361341403,0.07763206958770752,1.5062319934358483,0.03386150626524853,0.9716471128531076,0.9998236420442914,0.9832356770833334,0.06998477338747475,0,0,0,0
A091,29,147456,490.67578125,0.17075037351589295,0.09125173091888428,1.494424967883794,0.033513226845486244,0.9720693938420367,0.9998235632067943,0.9834120008680556,0.07038942113278313,0,0,0,0
A091,30,147456,487.8984375,0.1925008772760748,0.10943198204040527,1.4915651172925561,0.033344915002310745,0.9723752596301602,0.9998206674467716,0.9822184244791666,0.07289349289105614,0,0,0,0
A091,31,147456,483.7470703125,0.2191163390700884,0.131416916847229,1.486819122517972,0.0330704666349313,0.9728895691921159,0.9998156623751446,0.9827948676215278,0.07431677520728691,0,0,0,0
A091,32,147456,479.69921875,0.24972383190827763,0.1553361415863037,1.4884685631961936,0.032927286593206546,0.973252434220602,0.9998105455921287,0.9813368055555556,0.07733463067745547,0,0,0,0
A091,33,147456,478.55078125,0.28824461899406134,0.1870729923248291,1.4969207447425181,0.03291634435261975,0.9736723121289977,0.9997995534164598,0.9806179470486112,0.08082454258203722,0,0,0,0
A091,34,147456,441.5673828125,0.3407231456922596,0.22769927978515625,1.4032662217571206,0.030690226347826425,0.9767124192235477,0.9997954471720666,0.9794175889756944,0.08567327012466028,0,0,0,0
A091,35,147456,683.029296875,0.4725342434322152,0.33079907298088074,1.9880822001888883,0.06545162184582144,0.9888428867605178,0.9978968177442044,0.9797905815972222,0.08844746292676779,0,0,0,0
A091,36,147456,278.0806579589844,0.6980715483643709,0.41752004623413086,1.7727674273473235,0.0978180163078026,0.9706910699272875,0.9955138399835908,0.9763658311631944,0.09773449564256068,0,0,0,0
A092,0,196608,0.0027260184288024902,0.0003578579386858867,0.00021338462829589844,0.0005714400629122718,0.02404644947506802,1.0004572168487147,0.9997111207379111,0.9826202392578125,0.056226775910406444,0,0,0,0
A092,1,196608,0.06853199005126953,0.0018135386774137767,0.0014120806008577347,0.002429954448262374,0.01060219693033235,1.000757596938984,0.9999441260166453,0.9937693277994791,0.0338500220374606,0,0,0,0
A092,2,196608,0.24414443969726562,0.002496968060391088,0.0019259825348854065,0.003472878420650553,0.00987135134756987,1.0005856788074339,0.9999514781393445,0.99322509765625,0.03542264733814166,0,0,0,0
A092,3,196608,0.3528327941894531,0.0031289301438454467,0.0024787336587905884,0.004340285388845018,0.010075616149469684,1.0008883183153687,0.9999496802342883,0.9931437174479166,0.037716585781453864,0,0,0,0
A092,4,196608,0.44567108154296875,0.004072946465912608,0.0032367371022701263,0.005597948904444532,0.01133987946790219,1.0017425783903922,0.9999373310620867,0.9921773274739584,0.03950127180001864,0,0,0,0
A092,5,196608,0.6224594116210938,0.005362612260281452,0.0042531490325927734,0.007356641006573252,0.012253639295968006,1.001271800904234,0.9999258272337628,0.9920654296875,0.04096535207977719,0,0,0,0
A092,6,196608,0.8011970520019531,0.0066088197335147925,0.005130719393491745,0.009273941478144757,0.013355480645570315,1.000709261648797,0.9999111301263991,0.9918365478515625,0.042308209362057904,0,0,0,0
A092,7,196608,234.921875,0.038804533261846075,0.006625264883041382,0.6009305500874653,0.019427407907154873,0.9824585488452339,0.9999645167373942,0.9885355631510416,0.05038685537411147,0,0,0,0
A092,8,196608,234.060546875,0.04059976289675878,0.008082970976829529,0.5996813050705186,0.019386245626196466,0.9825039297439815,0.9999645222563674,0.9881540934244791,0.052266444444530956,0,0,0,0
A092,9,196608,233.078125,0.04233353349567418,0.009636074304580688,0.5986012723350927,0.01935035671849856,0.9825487508531474,0.9999644342286909,0.9873911539713541,0.05386779703633299,0,0,0,0
A092,10,196608,231.4150390625,0.043002475522643614,0.010153785347938538,0.5959808567774015,0.019265297180254458,0.982647776067712,0.99996435548843,0.987396240234375,0.05509600783345573,0,0,0,0
A092,11,196608,230.6357421875,0.043158058855108074,0.010193124413490295,0.5957582345424967,0.01925724695988826,0.9826660803390675,0.999964190892985,0.98675537109375,0.05586686997826132,0,0,0,0
A092,12,196608,229.669921875,0.04374813739559139,0.010757826268672943,0.5956101456132656,0.01925162183527754,0.982689593447382,0.9999638874936984,0.9871419270833334,0.05565182000405397,0,0,0,0
A092,13,196608,227.806640625,0.0448349110728401,0.011451691389083862,0.5929169695989975,0.01916272052083581,0.9828028346567815,0.9999636410481341,0.9868876139322916,0.0561912137974302,0,0,0,0
A092,14,196608,223.4462890625,0.045949950334967106,0.012525901198387146,0.5839222269071304,0.018871355580432722,0.9831236387844758,0.999963729641546,0.9865061442057291,0.05826209856642379,0,0,0,0
A092,15,196608,221.1318359375,0.04721601471555914,0.013110123574733734,0.5797060307902847,0.018733002389085346,0.9832852875799648,0.9999636200357473,0.9865214029947916,0.05895877296257548,0,0,0,0
A092,16,196608,218.5302734375,0.04856554859051698,0.014412470161914825,0.575560166605367,0.018597671886794377,0.9834466164689007,0.9999634657885448,0.9851582845052084,0.06181509158254781,0,0,0,0
A092,17,196608,470.26171875,0.06670870130463886,0.015334956347942352,1.239369256200112,0.03243756116980248,0.9724409701316741,0.9998495048767206,0.9851633707682291,0.06354807224830188,0,0,0,0
A092,18,196608,489.359375,0.0684227729946727,0.016788288950920105,1.2787956055216583,0.033396680741433156,0.9717393210224436,0.9998370590232263,0.9848276774088541,0.06396788462547247,0,0,0,0
A092,19,196608,489.73046875,0.06985930060237185,0.01814775913953781,1.2789229022436552,0.03339792205258697,0.9717567691921789,0.9998365120156407,0.9847157796223959,0.0654009845308779,0,0,0,0
A092,20,196608,490.671875,0.07301760470213381,0.020717501640319824,1.2824558083152464,0.03348065449101841,0.9716841101352339,0.99983576730185,0.9844919840494791,0.06621499824739142,0,0,0,0
A092,21,196608,493.75,0.07538616257275284,0.022766798734664917,1.2909068999397972,0.03369716131294026,0.9714895027116071,0.9998339404471084,0.9843393961588541,0.06687055482530303,0,0,0,0
A092,22,196608,494.4365234375,0.07911671997772274,0.025828182697296143,1.2931114725657529,0.03374767268341743,0.9714664783838213,0.9998328591037605,0.9836781819661459,0.06807027245694879,0,0,0,0
A092,23,196608,497.16796875,0.08388279046649909,0.029542312026023865,1.3008264675860448,0.03393191532432757,0.9713304520703147,0.999830422335475,0.9845326741536459,0.06650108009727262,0,0,0,0
A092,24,196608,499.888671875,0.09036810199032175,0.034908831119537354,1.309279139551809,0.034125311632806396,0.9711790952565902,0.9998280995001654,0.9846852620442709,0.06546626692474176,0,0,0,0
A092,25,196608,499.89453125,0.10008869320054241,0.04281783103942871,1.310157645245847,0.034104024017173176,0.9712625500450153,0.9998263891549032,0.9850209554036459,0.06513864716503834,0,0,0,0
A092,26,196608,498.6513671875,0.10968012854256415,0.05078953504562378,1.3086660237130263,0.03401487921474845,0.9714031623202518,0.999825390272612,0.9848683675130209,0.0648909052149102,0,0,0,0
A092,27,196608,497.9775390625,0.12129889867316024,0.06057155132293701,1.3082600018633863,0.033942111056732345,0.9715641726941668,0.9998232383212182,0.9847615559895834,0.06526605894176175,0,0,0,0
A092,28,196608,496.1083984375,0.13486702916202375,0.07142078876495361,1.3056267460246227,0.03379479016848863,0.9718134260659593,0.9998211565702498,0.9848988850911459,0.06485978673718602,0,0,0,0
A092,29,196608,490.67578125,0.1508079367596622,0.08376547694206238,1.2959410099330633,0.03342102031790101,0.9723069104413556,0.9998199861658773,0.9852193196614584,0.06457696370343823,0,0,0,0
A092,30,196608,487.8984375,0.17341647792177164,0.10138988494873047,1.2948044267333796,0.0332345712572787,0.9727032325290178,0.99981524518462,0.9842936197916666,0.06706487429190279,0,0,0,0
A092,31,196608,483.7470703125,0.19812032360988022,0.12109839916229248,1.2918037275006657,0.032916261471188465,0.9733323154757646,0.9998087421605977,0.9840494791666666,0.06861993201383572,0,0,0,0
A092,32,196608,479.69921875,0.22625719695178267,0.14191138744354248,1.2948224891065887,0.03275474054712908,0.9738198203663005,0.9998010559989877,0.9832051595052084,0.07124194144058506,0,0,0,0
A092,33,196608,478.55078125,0.26314588952652684,0.17201486229896545,1.304382017631443,0.03272798592505964,0.9743625963581279,0.9997876331671788,0.9824574788411459,0.07450621079642965,0,0,0,0
A092,34,196608,441.5673828125,0.31272363855744817,0.21018511056900024,1.2275520229117167,0.030556105692184737,0.9774808244445418,0.9997818052709037,0.9808146158854166,0.07972834770608554,0,0,0,0
A092,35,196608,683.029296875,0.44055564659110286,0.311484158039093,1.7388396837057898,0.06238303482120309,0.9903259930396233,0.9980824210161455,0.9805959065755209,0.08421500508955991,0,0,0,0
A092,36,196608,278.0806579589844,0.6311158140032754,0.38933610916137695,1.5674594386169152,0.09493235543638408,0.9728440695635863,0.9957471562968233,0.97711181640625,0.09333446373695692,0,0,0,0
A093,0,151552,0.0027260184288024902,0.0003805200010877318,0.00021350383758544922,0.0006142777656834514,0.026168124284911238,1.0006202239151782,0.9996580190793033,0.9798550992398649,0.06365424059898375,0,0,0,0
A093,1,151552,0.04532337188720703,0.0017918367795521197,0.0014261500909924507,0.0023729057989457544,0.010958929754540644,1.0007954301280062,0.9999403147593,0.9928869298986487,0.03713390350436785,0,0,0,0
A093,2,151552,0.24414443969726562,0.002563741972367681,0.0019857287406921387,0.0035744363570309923,0.009774721957140837,1.0005668326498374,0.9999524150276728,0.9926361908783784,0.03734937459012835,0,0,0,0
A093,3,151552,0.3528327941894531,0.0031749053646108593,0.002522967755794525,0.004455847531477204,0.009842195376727484,1.0010725342308981,0.9999521920355999,0.9927285684121622,0.03919747958481338,0,0,0,0
A093,4,151552,0.44567108154296875,0.004152221958418989,0.0033181235194206238,0.005769207573572988,0.011346209894995808,1.002093603612695,0.9999379532498527,0.9918509818412162,0.04141003225750557,0,0,0,0
A093,5,151552,0.6224594116210938,0.0055873786649502455,0.004397142678499222,0.007759503910203498,0.012487138195757364,1.000988210780915,0.9999226004571764,0.9918377850506757,0.042259828149638044,0,0,0,0
A093,6,151552,0.8011970520019531,0.006772358471363458,0.005246896296739578,0.009599439333200396,0.013759397931729105,1.0007232124140328,0.9999056692235643,0.9915144636824325,0.04333337409544448,0,0,0,0
A093,7,151552,234.921875,0.04797526914699181,0.006754040718078613,0.6844279243001316,0.019428055670837233,0.9824562536594162,0.999964544827708,0.9872453019425675,0.05360036986584921,0,0,0,0
A093,8,151552,234.060546875,0.04972723674946435,0.008249422535300255,0.6829909775908628,0.019386704875360674,0.9825011421135813,0.9999645627391097,0.9869615709459459,0.05555427540906232,0,0,0,0
A093,9,151552,233.078125,0.051513266300862844,0.009851280599832535,0.681748818027793,0.01935066841515612,0.9825454976310486,0.9999644857590132,0.9860773859797297,0.057413012737410424,0,0,0,0
A093,10,151552,231.4150390625,0.05222403524035943,0.010450877249240875,0.6787588595171495,0.019265568219432927,0.9826445206731343,0.9999644075478556,0.9858596389358109,0.05885403452572829,0,0,0,0
A093,11,151552,230.6357421875,0.05241636301475041,0.010506592690944672,0.6785029353928365,0.01925763974369578,0.9826627834235258,0.9999642412376532,0.9855561127533784,0.059359746194191355,0,0,0,0
A093,12,151552,229.669921875,0.05298243018353025,0.011008359491825104,0.6783296922362012,0.01925193435845146,0.9826858092801404,0.999963947898917,0.9858596389358109,0.05894374380134655,0,0,0,0
A093,13,151552,227.806640625,0.05406601888668123,0.011675819754600525,0.675246049561642,0.01916303786914031,0.9827983672682221,0.9999637128763587,0.9857342694256757,0.05940267532856595,0,0,0,0
A093,14,151552,223.4462890625,0.05522200914921037,0.012844115495681763,0.6649907187649092,0.018871623547595837,0.9831185306620581,0.9999638120093882,0.9853713576858109,0.06122265923987711,0,0,0,0
A093,15,151552,221.1318359375,0.05664487969258787,0.013477429747581482,0.66017592319661,0.01873338031793313,0.9832796771476343,0.999963708015376,0.9847841005067568,0.06245430198803031,0,0,0,0
A093,16,151552,218.5302734375,0.05804754099876169,0.014969944953918457,0.6554388903158017,0.018598241826813376,0.9834400450449179,0.9999635653991843,0.9842694256756757,0.06543137946004186,0,0,0,0
A093,17,151552,470.26171875,0.08136019262224796,0.01601472496986389,1.4115693783871193,0.03244117224503478,0.9724324328535356,0.9998496250801717,0.9836557749155406,0.06790647554938718,0,0,0,0
A093,18,151552,489.359375,0.08313389053006864,0.017537713050842285,1.4564684285936498,0.033401060200184594,0.9717292279943205,0.9998372003930803,0.9840780722128378,0.06799057591872575,0,0,0,0
A093,19,151552,489.73046875,0.08438293219159572,0.018846988677978516,1.4565964634360467,0.033402883927995945,0.9717457176202844,0.9998366608794066,0.9829035578547297,0.07049050165641373,0,0,0,0
A093,20,151552,490.671875,0.08765565335808659,0.021555989980697632,1.4605974465942122,0.03348799763841406,0.9716674162255692,0.9998359980600494,0.9826132284628378,0.07153144194110751,0,0,0,0
A093,21,151552,493.75,0.09008469445760707,0.0236777663230896,1.470199071002713,0.033705287045568716,0.9714702685968499,0.9998342199389407,0.9826990076013513,0.07149397416007858,0,0,0,0
A093,22,151552,494.4365234375,0.09396719073205796,0.026998460292816162,1.4726770912217266,0.03375686763071626,0.9714446716657247,0.9998331766360904,0.9823228990709459,0.07226710578380256,0,0,0,0
A093,23,151552,497.16796875,0.09884729392327343,0.030894100666046143,1.4814092564308425,0.033944469089636074,0.9713017740183942,0.9998308255909366,0.9828705658783784,0.07098322252028558,0,0,0,0
A093,24,151552,499.888671875,0.1055097947851332,0.03658914566040039,1.4909537967323625,0.0341433968357148,0.9711378263649264,0.9998286821543213,0.9832928631756757,0.06968501157129545,0,0,0,0
A093,25,151552,499.89453125,0.11541783456409821,0.04531824588775635,1.49177246584517,0.034128438285850896,0.9712038253193991,0.9998272604499445,0.9835897909628378,0.06877334758385492,0,0,0,0
A093,26,151552,498.6513671875,0.12521758228995536,0.05378962308168411,1.4898826951511999,0.03404989793183857,0.9713205280495713,0.999826584825459,0.9836557749155406,0.06858388397714045,0,0,0,0
A093,27,151552,497.9775390625,0.13748226616225284,0.06505358219146729,1.489145304484461,0.03398794866460651,0.9714453914168537,0.9998250982576606,0.983569995777027,0.06887377240640472,0,0,0,0
A093,28,151552,496.1083984375,0.15149762006059384,0.07689821720123291,1.485728757982824,0.033850870301811754,0.9716632221689186,0.9998235456305655,0.983814136402027,0.06861133562321903,0,0,0,0
A093,29,151552,490.67578125,0.16751992854936337,0.08980908989906311,1.4740425132095818,0.033495926223972704,0.9720973315682541,0.9998233622514754,0.9837349556587838,0.06911481865254214,0,0,0,0
A093,30,151552,487.8984375,0.18906244605188868,0.10812115669250488,1.4712309084592925,0.03331988215392294,0.9724257424487046,0.9998201020129495,0.9830487225506757,0.07124734291146226,0,0,0,0
A093,31,151552,483.7470703125,0.21491008211587173,0.12956762313842773,1.4664569737342186,0.033034907693479505,0.9729613708842783,0.9998148859386204,0.9830025337837838,0.07269238581992171,0,0,0,0
A093,32,151552,479.69921875,0.24481987850576598,0.15275168418884277,1.4680150138878416,0.03288446808810318,0.9733631620867914,0.9998089782303732,0.9817092483108109,0.07604726085734836,0,0,0,0
A093,33,151552,478.55078125,0.2815743434281054,0.18245935440063477,1.476079045939323,0.03285949185955303,0.9738134556029467,0.9997976968301565,0.9808316617398649,0.07930609824386559,0,0,0,0
A093,34,151552,441.5673828125,0.3331512765986632,0.22096562385559082,1.3836579622813474,0.03062792312104319,0.9768545790184688,0.9997940537051585,0.9795251794763513,0.0843617091736505,0,0,0,0
A093,35,151552,683.029296875,0.45611908016640834,0.31441211700439453,1.9584658852750936,0.06494023373504233,0.989216838103951,0.9979271696461692,0.9802444045608109,0.08650343616949914,0,0,0,0
A093,36,151552,278.0806579589844,0.6775234903891671,0.39836668968200684,1.7461398888172048,0.09693876196788505,0.9706417183921624,0.9956033134002108,0.9760610219594594,0.09624140248886584,0,0,0,0
A094,0,155648,0.0027260184288024902,0.0003725989210675164,0.00020775943994522095,0.0006057683882602034,0.025775743934603017,1.0005649246874415,0.9996681525510765,0.9801282380756579,0.062405591432366216,0,0,0,0
A094,1,155648,0.04532337188720703,0.0019341924421361885,0.001532016322016716,0.0025648011996379397,0.010763113534461537,1.000888868492986,0.9999425238258817,0.9927593030427632,0.03660265137853552,0,0,0,0
A094,2,155648,0.24414443969726562,0.0026430535888259123,0.0020574554800987244,0.003655734201604108,0.009752386729270889,1.0006747713838686,0.9999527050480322,0.9930034436677632,0.03642958589503331,0,0,0,0
A094,3,155648,0.3528327941894531,0.0033224544392267993,0.002634167904034257,0.004629808908958997,0.009961966300113683,1.0013295352823135,0.9999513281566833,0.9927914268092105,0.038295945643278484,0,0,0,0
A094,4,155648,0.44567108154296875,0.004236441365338207,0.003380879759788513,0.005865483669988266,0.01133450825220298,1.0022239567462348,0.9999383745055788,0.9921810752467105,0.040404722589304366,0,0,0,0
A094,5,155648,0.6224594116210938,0.00554812261147743,0.004423588514328003,0.0076387569251911815,0.012324978815879059,1.001615324736158,0.9999254724717557,0.991930509868421,0.04228789720969111,0,0,0,0
A094,6,155648,0.8011970520019531,0.00685336715695347,0.0053519923239946365,0.00961219722835755,0.013668671188483323,1.0011255431279793,0.9999073214513405,0.9920590049342105,0.04273433307497664,0,0,0,0
A094,7,155648,234.921875,0.04718370092356999,0.0069909244775772095,0.675369523522014,0.01942798026248317,0.9824567856026051,0.9999645368393258,0.987317537006579,0.05355630158795819,0,0,0,0
A094,8,155648,234.060546875,0.04905951928850527,0.008559823036193848,0.6739567297816311,0.019386635580892226,0.9825019034767223,0.9999645505739163,0.9871055201480263,0.05499721144729289,0,0,0,0
A094,9,155648,233.078125,0.050951873731629634,0.010300911962985992,0.6727376539162075,0.0193506794734639,0.9825466171127106,0.9999644656952362,0.9861353824013158,0.05712873254261412,0,0,0,0
A094,10,155648,231.4150390625,0.05156148266503411,0.010751679539680481,0.6697845593890475,0.019265553032437086,0.9826454403052027,0.9999643916368124,0.9860582853618421,0.05883408967140663,0,0,0,0
A094,11,155648,230.6357421875,0.05172770297872974,0.010787278413772583,0.6695339810233799,0.019257662155862373,0.9826629898240743,0.9999642371644203,0.9854350842927632,0.05983783979109267,0,0,0,0
A094,12,155648,229.669921875,0.05225038822179553,0.011288337409496307,0.6693622773356361,0.019252029377016318,0.982686044662683,0.9999639418987905,0.9859683388157895,0.05948432265689956,0,0,0,0
A094,13,155648,227.806640625,0.05335274461227276,0.011972025036811829,0.6663217459181859,0.019163059181932878,0.9827990191153751,0.9999637010759936,0.9857113486842105,0.059934923606029006,0,0,0,0
A094,14,155648,223.4462890625,0.05443170800075031,0.013074010610580444,0.6562001551354135,0.018871631433604298,0.9831190409941284,0.9999638031138449,0.984998201069079,0.062240852042186864,0,0,0,0
A094,15,155648,221.1318359375,0.055814945108014206,0.013660520315170288,0.651449934934695,0.018733308594687956,0.9832802760700065,0.9999636992196699,0.9849596525493421,0.0623867710985478,0,0,0,0
A094,16,155648,218.5302734375,0.05734322751645418,0.015242889523506165,0.6467827075488456,0.018598194207122463,0.9834409283401632,0.9999635514592362,0.9842079564144737,0.0652932104999763,0,0,0,0
A094,17,155648,470.26171875,0.08010650161320666,0.01637500524520874,1.39288579346251,0.03244055103971667,0.9724341482362117,0.9998495974412113,0.9838545949835527,0.06764336379917406,0,0,0,0
A094,18,155648,489.359375,0.08187074261138605,0.01792415976524353,1.4371902265664456,0.03340032133281482,0.9717311887762167,0.9998371690747484,0.9841951069078947,0.06764857967336244,0,0,0,0
A094,19,155648,489.73046875,0.08325149251316744,0.019393712282180786,1.4373223629251968,0.03340196576177291,0.9717476636960724,0.9998366361855122,0.9830515008223685,0.07010755171806306,0,0,0,0
A094,20,155648,490.671875,0.08643617409989708,0.0219041109085083,1.4412732951267968,0.033486485885604336,0.971670180178507,0.9998359700378019,0.9828202097039473,0.07070558300650194,0,0,0,0
A094,21,155648,493.75,0.0887623638118534,0.023974180221557617,1.4507474365086133,0.03370379667320392,0.97147254302485,0.9998342052428383,0.9830129523026315,0.07114372096298396,0,0,0,0
A094,22,155648,494.4365234375,0.09269705584828844,0.0273960679769516,1.4531999510121008,0.03375566520781068,0.9714472066357732,0.9998331443425302,0.9822933799342105,0.07224357680396609,0,0,0,0
A094,23,155648,497.16796875,0.0976932253614438,0.0314372181892395,1.4618255539642215,0.03394201358133274,0.9713063630965155,0.9998307766222404,0.983289216694079,0.0702375561308294,0,0,0,0
A094,24,155648,499.888671875,0.10448175599104186,0.03717851638793945,1.4712656157283401,0.03414033892795572,0.9711449080225286,0.9998285804691264,0.9834241365131579,0.06881949044767906,0,0,0,0
A094,25,155648,499.89453125,0.11443183039785995,0.04600268602371216,1.4720965389024339,0.03412379446127241,0.9712144760938812,0.9998271097836003,0.9838160464638158,0.06765693846318183,0,0,0,0
A094,26,155648,498.6513671875,0.12465630310678559,0.055034786462783813,1.4702896788370512,0.03404039374211308,0.9713426303719,0.9998262695564046,0.9837839226973685,0.0677985604528593,0,0,0,0
A094,27,155648,497.9775390625,0.13696575548257037,0.06606340408325195,1.4696360633095786,0.0339765600607049,0.971480188184154,0.9998244807399608,0.9837453741776315,0.06812813880237212,0,0,0,0
A094,28,155648,496.1083984375,0.15076438830576416,0.07752662897109985,1.4663041725823767,0.033838521759473356,0.9717011330674666,0.9998228777998268,0.984118009868421,0.06747040465086133,0,0,0,0
A094,29,155648,490.67578125,0.16666216719303711,0.09037929773330688,1.4548242324549872,0.033480290633695016,0.9721434180696807,0.9998225875433276,0.9842593544407895,0.06769984351464423,0,0,0,0
A094,30,155648,487.8984375,0.1885514313989796,0.10910236835479736,1.4522007175744382,0.03329960790913747,0.9724832114933999,0.9998191792757822,0.9831157483552632,0.07029637535483398,0,0,0,0
A094,31,155648,483.7470703125,0.2141478058612165,0.1300879716873169,1.447665629127753,0.03302106954304253,0.9730090981838435,0.9998140396356042,0.9830322265625,0.07191055041993837,0,0,0,0
A094,32,155648,479.69921875,0.24420688433992596,0.15389931201934814,1.4494653323629059,0.03286943729228519,0.9734112730549273,0.999808179996632,0.9820877878289473,0.07477854727927166,0,0,0,0
A094,33,155648,478.55078125,0.28108707846240577,0.1837787628173828,1.4576631803860074,0.03285219267812993,0.97384823302398,0.999797015780085,0.9813168174342105,0.07789255423521532,0,0,0,0
A094,34,155648,441.5673828125,0.3328661350911524,0.22387170791625977,1.3669361612393647,0.030628628364839747,0.9769134463432658,0.9997926510699167,0.97998046875,0.08277864264051715,0,0,0,0
A094,35,155648,683.029296875,0.45596458088515357,0.31702566146850586,1.9355218193837722,0.06477028803496912,0.989300883836795,0.9979375743051841,0.9805522717927632,0.08565648124480749,0,0,0,0
A094,36,155648,278.0806579589844,0.6689814100691843,0.39751148223876953,1.7262077383160408,0.096695135175648,0.9708635138625955,0.9956219312906399,0.9768644634046053,0.0948848865841917,0,0,0,0
A095,0,192512,0.0027260184288024902,0.00040753121409560413,0.0002364814281463623,0.000628898894582503,0.026428913963048733,1.0004599664913723,0.999651022555884,0.9775806183510638,0.06653236312075271,0,0,0,0
A095,1,192512,0.051525115966796875,0.001750669176436517,0.0013585016131401062,0.0023606274743848484,0.010716871389701923,1.000837339764272,0.9999429726540133,0.9930134225398937,0.03630559663197013,0,0,0,0
A095,2,192512,0.24414443969726562,0.0024382559816112288,0.001860588788986206,0.003425413476726951,0.009862846009644334,1.0005567789759937,0.9999515441149268,0.992914727393617,0.03664278673906295,0,0,0,0
A095,3,192512,0.3528327941894531,0.0030830592991175397,0.0024082958698272705,0.004343755086369389,0.010159808717612928,1.0009753913315298,0.9999489146657278,0.9927121426196809,0.03866797765479392,0,0,0,0
A095,4,192512,0.44567108154296875,0.003971668060424894,0.003148425370454788,0.005525407235702523,0.011427442835034345,1.0016985225775483,0.9999362575326192,0.9919121924867021,0.04092786756870102,0,0,0,0
A095,5,192512,0.6224594116210938,0.005232397036203846,0.004170268774032593,0.007214096918367219,0.012257238419109648,1.0012601600851572,0.9999257675995973,0.9920472490026596,0.04228425744821837,0,0,0,0
A095,6,192512,0.8011970520019531,0.00645465544645131,0.00504477322101593,0.009070784664500373,0.013303735138418394,1.00100184151843,0.9999120952255502,0.9916316904920213,0.0431976519128581,0,0,0,0
A095,7,192512,234.921875,0.03924159131614207,0.006497979164123535,0.6072828362496034,0.01942752143154386,0.9824580321096372,0.9999645237001337,0.9882500831117021,0.05100569589916335,0,0,0,0
A095,8,192512,234.060546875,0.04092924442177699,0.007897592149674892,0.6060122544204962,0.019386074316225462,0.9825032592508932,0.9999645375524735,0.987787774268617,0.052988919138478204,0,0,0,0
A095,9,192512,233.078125,0.04274729945169345,0.009498938918113708,0.6049207029749186,0.01935001788138487,0.9825482879723225,0.9999644491063864,0.9875228557180851,0.053794365866850304,0,0,0,0
A095,10,192512,231.4150390625,0.04340983299495621,0.01001197099685669,0.6022714433561458,0.019265105051688804,0.9826471275106095,0.9999643706845204,0.9873046875,0.05547896462299084,0,0,0,0
A095,11,192512,230.6357421875,0.04361810573424647,0.010093942284584045,0.6020495115498457,0.019257273548623513,0.9826655122152878,0.999964200372918,0.9866813497340425,0.056449140587806576,0,0,0,0
A095,12,192512,229.669921875,0.04440897395048485,0.010831259191036224,0.6019071854200126,0.01925185518085966,0.9826885010748948,0.9999639021252446,0.9864891539228723,0.057473341529569066,0,0,0,0
A095,13,192512,227.806640625,0.04567462725527848,0.011671081185340881,0.5991894962482084,0.019163107976760737,0.9828019693035412,0.9999636486038264,0.9863904587765957,0.05803720075247098,0,0,0,0
A095,14,192512,223.4462890625,0.046914782804040135,0.01285320520401001,0.5901056038170415,0.01887202401843468,0.9831227219041571,0.9999637325162771,0.9862138464095744,0.05977152690936813,0,0,0,0
A095,15,192512,221.1318359375,0.04823755412669132,0.01348838210105896,0.5858477028711857,0.018733879422596772,0.9832838888773162,0.9999636270521858,0.9860216505984043,0.06076774212374755,0,0,0,0
A095,16,192512,218.5302734375,0.04974913505561938,0.01495322585105896,0.5816681577358982,0.018599149628604227,0.9834444592912315,0.9999634740741732,0.9854242852393617,0.06323369604031588,0,0,0,0
A095,17,192512,470.26171875,0.0684486729308572,0.016086071729660034,1.252497727680661,0.0324388255805041,0.972439232046118,0.9998495116891687,0.9848892536569149,0.06548995096960586,0,0,0,0
A095,18,192512,489.359375,0.07024235273547674,0.017612941563129425,1.2923449398860316,0.03339811252202285,0.9717375235417871,0.9998370617904472,0.9848217253989362,0.06561994448562938,0,0,0,0
A095,19,192512,489.73046875,0.0717348336007451,0.019094109535217285,1.2924738169611374,0.03339944640058369,0.9717550479481865,0.9998365093630716,0.9841568317819149,0.06704613088974166,0,0,0,0
A095,20,192512,490.671875,0.07486648183359353,0.021639391779899597,1.2960420701366469,0.03348311500005638,0.9716800238957124,0.9998358009140289,0.9839750249335106,0.06768289504794862,0,0,0,0
A095,21,192512,493.75,0.07721120582268813,0.023699432611465454,1.3045775801639141,0.03369950980431481,0.971485295911318,0.9998339817323301,0.983881524268617,0.06798113407743747,0,0,0,0
A095,22,192512,494.4365234375,0.0809589408383697,0.02693566307425499,1.3068028972735424,0.033750758794626,0.971461414610837,0.9998328997640483,0.9832633809840425,0.06928384764357308,0,0,0,0
A095,23,192512,497.16796875,0.08575338373394187,0.030785784125328064,1.3145982388450108,0.033935514302725144,0.9713247880285237,0.9998304628104615,0.9846814744015957,0.0672151181974825,0,0,0,0
A095,24,192512,499.888671875,0.09239763127573283,0.0363791361451149,1.3231479300796378,0.03412861219519499,0.971173960357595,0.9998281350084897,0.9845671958111702,0.06577618955826518,0,0,0,0
A095,25,192512,499.89453125,0.10223233211340425,0.044888436794281006,1.3240029508413633,0.03410746219675128,0.9712585133153473,0.9998263871482019,0.9850035322473404,0.06553631438339957,0,0,0,0
A095,26,192512,498.6513671875,0.11235206821040865,0.053496599197387695,1.3225148148727561,0.03401871844845835,0.9714029961426062,0.9998252606917002,0.98486328125,0.06503301915712073,0,0,0,0
A095,27,192512,497.9775390625,0.12418231333136413,0.06382611393928528,1.3220832799182975,0.03394717318348535,0.971558453862589,0.9998232278155282,0.9847957529920213,0.06549801403982992,0,0,0,0
A095,28,192512,496.1083984375,0.13823721210638587,0.07565832138061523,1.3193848434745987,0.033801615495158754,0.9718127851192991,0.9998209376678933,0.984868475731383,0.06567040360564866,0,0,0,0
A095,29,192512,490.67578125,0.15407961397324393,0.08839702606201172,1.3094269728061532,0.03343242747939463,0.9722950672633807,0.9998199291958711,0.9856995927526596,0.06527593596353669,0,0,0,0
A095,30,192512,487.8984375,0.17491194883936298,0.10603415966033936,1.3075371769173745,0.03324291214250064,0.9726906753482097,0.9998153102502779,0.9842555269281915,0.06792136361042449,0,0,0,0
A095,31,192512,483.7470703125,0.19977404763357726,0.12669456005096436,1.3041368523106782,0.032933735126851466,0.9733191745298997,0.9998085086211213,0.983876329787234,0.06973456007929262,0,0,0,0
A095,32,192512,479.69921875,0.2283327296607801,0.14900046586990356,1.3066765190617957,0.03275997379561313,0.9738253169790385,0.999800733332213,0.9834244099069149,0.07203639327803996,0,0,0,0
A095,33,192512,478.55078125,0.2655567176084429,0.17998957633972168,1.3155880796841815,0.03271357609226836,0.9743736900048101,0.9997878276573892,0.9820738447473404,0.0758581150623725,0,0,0,0
A095,34,192512,441.5673828125,0.31537637085904785,0.21851682662963867,1.236769705242626,0.03050570091221893,0.9775074599362886,0.9997827722820376,0.98095703125,0.08023377544770093,0,0,0,0
A095,35,192512,683.029296875,0.4467959224818534,0.3223447799682617,1.7550808301214118,0.06230231957821496,0.990563914159444,0.9980856665306379,0.9807492519946809,0.0847535590497095,0,0,0,0
A095,36,192512,278.0806579589844,0.6381468509635523,0.403092622756958,1.5761094987397037,0.0926533113878282,0.9744932846232186,0.9959291440449047,0.9769884474734043,0.09360628602386363,0,0,0,0
A096,0,151552,0.0027260184288024902,0.0004265736143630371,0.0002288222312927246,0.0006755910925963069,0.029062193590764177,1.000674434159115,0.9995782063546061,0.9758234797297297,0.07381772057077139,0,0,0,0
A096,1,151552,0.05606269836425781,0.0018374983272760371,0.001449674367904663,0.00245618143187256,0.011142969372384303,1.0006556860754308,0.9999381726182517,0.9918773754222973,0.04034671416406079,0,0,0,0
A096,2,151552,0.24414443969726562,0.002535485428895785,0.0019581960514187813,0.003548136101411919,0.009751968518645841,1.0005226821689461,0.9999526109227567,0.9924514358108109,0.03906606078250912,0,0,0,0
A096,3,151552,0.3528327941894531,0.003152348625616395,0.002498369663953781,0.004430711416871981,0.009809883628881695,1.0011574444656253,0.9999526077842972,0.9923392630912162,0.040824470570580494,0,0,0,0
A096,4,151552,0.44567108154296875,0.004041887932871575,0.003231104463338852,0.00562217572997632,0.011110370011389032,1.0020679415148592,0.9999405409879186,0.9914088893581081,0.04258553252814746,0,0,0,0
A096,5,151552,0.6224594116210938,0.00531533253478596,0.004230007529258728,0.007389739181720384,0.012078988532400558,1.001550572321167,0.9999283622348147,0.991725612331081,0.043059499614303866,0,0,0,0
A096,6,151552,0.8011970520019531,0.0064478668654469155,0.005017295479774475,0.009187523830057547,0.013461149688213742,1.0014831831995745,0.999910631191054,0.991481471706081,0.043961578337877096,0,0,0,0
A096,7,151552,234.921875,0.0477389732026452,0.006583120673894882,0.6844233167648357,0.01942809105486537,0.982456059485806,0.9999645475883637,0.9869549725506757,0.054191068886440055,0,0,0,0
A096,8,151552,234.060546875,0.04958682307516471,0.008134935051202774,0.6829870852721281,0.01938668575891206,0.9825010831129761,0.9999645641650212,0.9867372255067568,0.05613085182302167,0,0,0,0
A096,9,151552,233.078125,0.05142967337529454,0.009802192449569702,0.6817466565545495,0.019350566333561033,0.9825452992745066,0.9999644912860174,0.9862621410472973,0.0574748609077904,0,0,0,0
A096,10,151552,231.4150390625,0.05205292186750481,0.01027485728263855,0.6787536371816273,0.019265360571492328,0.9826441823005763,0.9999644175830907,0.9857936549831081,0.05912621856285634,0,0,0,0
A096,11,151552,230.6357421875,0.05239227690806213,0.01051589846611023,0.6785036440304452,0.01925745223090343,0.9826624201312428,0.9999642513088515,0.985569309543919,0.0586781436442364,0,0,0,0
A096,12,151552,229.669921875,0.05305063320788823,0.011106312274932861,0.6783328013274021,0.019251989237993265,0.9826853934290657,0.9999639541355817,0.986011402027027,0.05872575161559783,0,0,0,0
A096,13,151552,227.806640625,0.05430005810856565,0.01193750649690628,0.675254101913577,0.019163121386811047,0.9827984967039313,0.9999637089872034,0.9857210726351351,0.059362629895277276,0,0,0,0
A096,14,151552,223.4462890625,0.055400919062278904,0.01300761103630066,0.6649971100371347,0.01887167209128348,0.9831187588991056,0.9999638071668491,0.9851997994087838,0.0615168295405557,0,0,0,0
A096,15,151552,221.1318359375,0.0568615121854519,0.0136801078915596,0.6601859849832249,0.01873353402432145,0.9832795065971304,0.9999637079808308,0.984836887668919,0.06264811221178965,0,0,0,0
A096,16,151552,218.5302734375,0.0583041875488377,0.01519128680229187,0.6554501904022962,0.018598292985002252,0.9834400149558282,0.9999635649372587,0.9843618032094594,0.0651636915903123,0,0,0,0
A096,17,151552,470.26171875,0.08167324464286163,0.01635131984949112,1.4115759659905112,0.03244111654223749,0.9724325102893754,0.999849624755205,0.9834512246621622,0.06830054222051854,0,0,0,0
A096,18,151552,489.359375,0.08356727896012377,0.018066227436065674,1.4564766411706715,0.03340091663753554,0.9717301979171413,0.9998371772725071,0.9838933171452703,0.06818045843586125,0,0,0,0
A096,19,151552,489.73046875,0.08498363340180658,0.019526928663253784,1.456610604294753,0.03340261890411683,0.9717465793686331,0.9998366450785515,0.9829035578547297,0.07078018737201335,0,0,0,0
A096,20,151552,490.671875,0.08826695472503376,0.022229760885238647,1.460613887828152,0.03348765309558047,0.9716685219578994,0.9998359778800089,0.9826792124155406,0.07142347845758013,0,0,0,0
A096,21,151552,493.75,0.09059015085923064,0.02425217628479004,1.4702157486910183,0.03370509370583669,0.9714707911098053,0.9998342113912394,0.9825340477195946,0.0720607933746394,0,0,0,0
A096,22,151552,494.4365234375,0.09452680426712301,0.02768600359559059,1.4726954576169848,0.033757144976618296,0.9714444323961953,0.9998331739907156,0.9822107263513513,0.07283292552385771,0,0,0,0
A096,23,151552,497.16796875,0.099335163474347,0.03156763315200806,1.481424683430124,0.03394488241411655,0.9713002291730021,0.9998308565226717,0.9831015097128378,0.07121827687337065,0,0,0,0
A096,24,151552,499.888671875,0.10642197940457687,0.03767821192741394,1.4909960609210426,0.03414310219083343,0.9711375721766391,0.9998287000231022,0.9834908150337838,0.06941876023200402,0,0,0,0
A096,25,151552,499.89453125,0.11637705010321042,0.046355098485946655,1.4918341174832086,0.03412844979793433,0.9712023462532235,0.9998273036378128,0.9836359797297297,0.06900310860320699,0,0,0,0
A096,26,151552,498.6513671875,0.1265628623365919,0.05530834197998047,1.489973292035235,0.03404863187019795,0.97131984309099,0.9998266493090296,0.983860325168919,0.06851660734260544,0,0,0,0
A096,27,151552,497.9775390625,0.13868285138382694,0.06618857383728027,1.489260918174813,0.033987420033655215,0.9714484415438518,0.9998250276516331,0.9834512246621622,0.06992208602733815,0,0,0,0
A096,28,151552,496.1083984375,0.1523600163540249,0.07759356498718262,1.485823713805793,0.0338490741414321,0.971663847881919,0.9998235900696936,0.9837019636824325,0.06855663654576019,0,0,0,0
A096,29,151552,490.67578125,0.16814169768925952,0.09012037515640259,1.4741332775248457,0.033495720461818514,0.9720897497814259,0.9998235856195021,0.9838999155405406,0.0691869529323308,0,0,0,0
A096,30,151552,487.8984375,0.1897044121905359,0.1085556149482727,1.4712980694347788,0.03332266846620069,0.972410013860612,0.9998204497621591,0.9827913851351351,0.07149369895413044,0,0,0,0
A096,31,151552,483.7470703125,0.21542786972840863,0.12976622581481934,1.466527796900902,0.033045357280683314,0.9729349896383684,0.9998152595724482,0.9827781883445946,0.07277352930603245,0,0,0,0
A096,32,151552,479.69921875,0.24526396235434142,0.1531543731689453,1.4681268758087453,0.032903382321465814,0.9733061770589686,0.9998098890186315,0.9822437183277027,0.07530144095164865,0,0,0,0
A096,33,151552,478.55078125,0.2828669375629009,0.18446528911590576,1.4762785042513455,0.032884056091550325,0.9737457060840886,0.999798677830588,0.9812605574324325,0.07897835059023839,0,0,0,0
A096,34,151552,441.5673828125,0.33501567601578663,0.22376346588134766,1.3839351178784793,0.030650088286453686,0.9767981570024658,0.9997946851196384,0.9799012880067568,0.08404990870692003,0,0,0,0
A096,35,151552,683.029296875,0.461214706052291,0.3206601142883301,1.9596860748376062,0.0649720360028376,0.9889629425851291,0.9979273496258321,0.9803103885135135,0.08645206996712079,0,0,0,0
A096,36,151552,278.0806579589844,0.6832438038388343,0.404111385345459,1.7484014886634462,0.09637061420438675,0.9708548274839724,0.9956544202272709,0.9761665962837838,0.0961255801731948,0,0,0,0
A097,0,163840,0.0027260184288024902,0.00038802124683456896,0.00021898746490478516,0.0006175685496405632,0.026170714069589762,1.0005256884849965,0.9996578648932216,0.98031005859375,0.06288346636975879,0,0,0,0
A097,1,163840,0.06870460510253906,0.0018283949107278374,0.0014260532334446907,0.0024661452945253315,0.011095505077948951,1.0004560120401929,0.9999385768667115,0.992852783203125,0.037020721454659546,0,0,0,0
A097,2,163840,0.24414443969726562,0.0025355271567498506,0.0019454900175333023,0.0035492002623530978,0.009841509671450309,1.0004244727254585,0.9999516829415138,0.9929443359375,0.03678578656399153,0,0,0,0
A097,3,163840,0.3528327941894531,0.0031921424487151738,0.0025215595960617065,0.00447138548982025,0.010043502562108593,1.0009288323907017,0.9999500417957458,0.992779541015625,0.039084049995079376,0,0,0,0
A097,4,163840,0.44567108154296875,0.004110645509622657,0.0032746903598308563,0.0056882905785015665,0.011408716370582526,1.0017958630369748,0.9999366469308477,0.991473388671875,0.04198442062878217,0,0,0,0
A097,5,163840,0.6224594116210938,0.005366331344107777,0.004266364499926567,0.0074004185551576895,0.012275092332537492,1.001358462082749,0.9999256847182213,0.992010498046875,0.04247120003630831,0,0,0,0
A097,6,163840,0.8011970520019531,0.006627626242355689,0.00516032800078392,0.009345183148677806,0.013514423295828705,1.0012473241248558,0.9999095708846442,0.991607666015625,0.043384640176369164,0,0,0,0
A097,7,163840,234.921875,0.04488047285542649,0.006671398878097534,0.6582663099712202,0.01942779448793713,0.9824570369967264,0.9999645360330762,0.98756103515625,0.05250136430778083,0,0,0,0
A097,8,163840,234.060546875,0.046692294618262055,0.008164895698428154,0.656888310668096,0.0193864761699491,0.982502085808281,0.9999645504787051,0.9871337890625,0.05452554459971835,0,0,0,0
A097,9,163840,233.078125,0.0485688137894158,0.009852588176727295,0.655700046549414,0.01935045915883429,0.9825470038342339,0.9999644631787481,0.98660888671875,0.0560911266672474,0,0,0,0
A097,10,163840,231.4150390625,0.049203861263455904,0.010331779718399048,0.6528251895353395,0.01926536770297284,0.9826462397278588,0.9999643811809787,0.9864501953125,0.057626589177314044,0,0,0,0
A097,11,163840,230.6357421875,0.049471532250856855,0.01041962206363678,0.6525840761055816,0.01925756310440924,0.9826641090803427,0.9999642194000518,0.986181640625,0.058189285564179107,0,0,0,0
A097,12,163840,229.669921875,0.05023491162444316,0.011124841868877411,0.6524259887201578,0.019252172867282355,0.9826869330535865,0.9999639234680767,0.98607177734375,0.05894248292119545,0,0,0,0
A097,13,163840,227.806640625,0.05137436357598233,0.011836178600788116,0.6494664493853811,0.019163416237693097,0.9827996567652612,0.9999636829774937,0.98597412109375,0.05955794980540256,0,0,0,0
A097,14,163840,223.4462890625,0.052479184006932654,0.012927405536174774,0.639606101420358,0.01887213034145009,0.9831195758627509,0.9999637843725627,0.985528564453125,0.06152243120937219,0,0,0,0
A097,15,163840,221.1318359375,0.05398712746057299,0.013701222836971283,0.6349862363543809,0.018733982092638164,0.9832807470714888,0.9999636783966468,0.985107421875,0.06296854496233595,0,0,0,0
A097,16,163840,218.5302734375,0.05544539598421352,0.015199899673461914,0.6304384693341163,0.018598991577044706,0.9834409619040287,0.999963535815672,0.98460693359375,0.065330047348837,0,0,0,0
A097,17,163840,470.26171875,0.07723244457987448,0.016469106078147888,1.3576337422564915,0.03244062319733219,0.9724347795789464,0.9998495772350425,0.984136962890625,0.0676167340861462,0,0,0,0
A097,18,163840,489.359375,0.07922170204911368,0.01818975806236267,1.4008248890876114,0.03340030237581521,0.9717325350356799,0.9998371307886312,0.98369140625,0.06822708600853475,0,0,0,0
A097,19,163840,489.73046875,0.08072750761559747,0.019720807671546936,1.4009603006580302,0.03340204674278959,0.9717490958278167,0.9998365920064011,0.98321533203125,0.07005281217099546,0,0,0,0
A097,20,163840,490.671875,0.08403309011314804,0.022543027997016907,1.4048203736899374,0.03348655653341742,0.97167224200324,0.9998359078393115,0.9829345703125,0.07080185843628992,0,0,0,0
A097,21,163840,493.75,0.0863823563513364,0.024611011147499084,1.4140599864526218,0.033703490900364154,0.9714756216408509,0.9998341259775776,0.98292236328125,0.07121127548036821,0,0,0,0
A097,22,163840,494.4365234375,0.09020185762833961,0.02789446711540222,1.4164545496653023,0.03375480157071189,0.9714510270666331,0.999833062725504,0.98262939453125,0.07142589178409833,0,0,0,0
A097,23,163840,497.16796875,0.09501333199969508,0.031750887632369995,1.4248708075564167,0.03394127057849537,0.9713103557118008,0.9998306853431739,0.9832763671875,0.07018463403805326,0,0,0,0
A097,24,163840,499.888671875,0.1018438704223513,0.03770926594734192,1.4340848194392364,0.03413856807026018,0.9711504695128638,0.9998284784742334,0.983648681640625,0.06859694131770536,0,0,0,0
A097,25,163840,499.89453125,0.11200277695035651,0.046578701585531235,1.4349439907394992,0.034121583741868446,0.9712234379889649,0.9998269234746977,0.984063720703125,0.06783945001867972,0,0,0,0
A097,26,163840,498.6513671875,0.12215719858499482,0.05559086799621582,1.4332228664819262,0.034037828682958966,0.9713509121629886,0.999826116626171,0.98402099609375,0.06777943266459115,0,0,0,0
A097,27,163840,497.9775390625,0.13459614758369298,0.06647275388240814,1.4326519983010215,0.03397429217160147,0.9714857715904521,0.9998243971673348,0.983837890625,0.06867902395447079,0,0,0,0
A097,28,163840,496.1083984375,0.14934095764100447,0.07856649160385132,1.429587071746412,0.03383443817467775,0.9717184361530684,0.9998225193944391,0.98397216796875,0.06869656171464844,0,0,0,0
A097,29,163840,490.67578125,0.16572539228066036,0.09195089340209961,1.4185746650108044,0.033475208809023264,0.9721693160254409,0.9998220255316582,0.98402099609375,0.06891782614424638,0,0,0,0
A097,30,163840,487.8984375,0.18751170389033406,0.11043396592140198,1.4162229262553245,0.03329329659406917,0.9725148372958637,0.9998185069185117,0.98306884765625,0.07134315674249435,0,0,0,0
A097,31,163840,483.7470703125,0.21315563156194345,0.1317194700241089,1.411987369574026,0.03299650934708234,0.9730794363182171,0.9998129377383996,0.982867431640625,0.07253414106393422,0,0,0,0
A097,32,163840,479.69921875,0.243023523351701,0.15529441833496094,1.4141851785018196,0.03284112824120122,0.9735031312803193,0.99980664897723,0.98226318359375,0.07501879068362381,0,0,0,0
A097,33,163840,478.55078125,0.27931642233770615,0.18436288833618164,1.4225536893006674,0.03281231347607662,0.9739912187886847,0.9997945611788719,0.981329345703125,0.07868369331768184,0,0,0,0
A097,34,163840,441.5673828125,0.3305215314599536,0.2237231731414795,1.335173306861344,0.030600743965109752,0.9770701052317832,0.9997898689894731,0.979632568359375,0.08413815509514275,0,0,0,0
A097,35,163840,683.029296875,0.45316232233344633,0.3169844150543213,1.8902000497777522,0.06410063267474682,0.9896754808500867,0.9979779758662966,0.98031005859375,0.08634779584162039,0,0,0,0
A097,36,163840,278.0806579589844,0.6618198804701023,0.39703595638275146,1.6968586997516486,0.09574921625596583,0.9702592041930177,0.9957313481579969,0.976531982421875,0.09569800217446843,0,0,0,0
A098,0,172032,0.0027260184288024902,0.0004124863763222276,0.00022460147738456726,0.0006510286204731566,0.02787471239472999,1.0005686734777097,0.9996118826112829,0.9784226190476191,0.06857477909937147,0,0,0,0
A098,1,172032,0.05618572235107422,0.001802563493857265,0.0013994760811328888,0.002438937943513268,0.010816462275643427,1.0005389327690275,0.9999416787274297,0.9924781436011905,0.03848865554009889,0,0,0,0
A098,2,172032,0.24414443969726562,0.002521509734300426,0.0019283341243863106,0.0035347459222463884,0.009779788654564362,1.000540384112514,0.9999523496239369,0.9927746000744048,0.03773952527940781,0,0,0,0
A098,3,172032,0.3528327941894531,0.0031845890603987995,0.0025031641125679016,0.004470463511755427,0.010046345805463354,1.0010153187046953,0.9999501015668278,0.9927978515625,0.03938845136121751,0,0,0,0
A098,4,172032,0.44567108154296875,0.004126536412201176,0.0032580839470028877,0.0057427903519740725,0.0115421199387034,1.00203930812055,0.999935600452985,0.9918968563988095,0.04152790686210305,0,0,0,0
A098,5,172032,0.6224594116210938,0.005408383940317121,0.004284769296646118,0.007475351219621526,0.012330900455803297,1.0015280262825466,0.9999252560897937,0.9917399088541666,0.042651778371048665,0,0,0,0
A098,6,172032,0.8011970520019531,0.006675816853515926,0.005196958780288696,0.00941659317568592,0.01358603226069439,1.001327169944419,0.9999087117088129,0.991455078125,0.04359312349409956,0,0,0,0
A098,7,172032,234.921875,0.043229675545988014,0.00672275573015213,0.6424089589059263,0.019427718440051426,0.9824576877089812,0.9999645259413499,0.9878801618303571,0.052075632500686884,0,0,0,0
A098,8,172032,234.060546875,0.045025271660636336,0.008208423852920532,0.6410653789252421,0.01938628459930495,0.982502997419346,0.9999645380566571,0.9870837983630952,0.05422418180387619,0,0,0,0
A098,9,172032,233.078125,0.046790398249140164,0.00980665534734726,0.6399047132301899,0.019350277725083798,0.9825472509904141,0.9999644623706512,0.9867931547619048,0.05575783107735643,0,0,0,0
A098,10,172032,231.4150390625,0.047332324913189235,0.01020047441124916,0.6370960477162848,0.019265151770408575,0.982645929436172,0.9999643908830699,0.9863862537202381,0.057593115929722015,0,0,0,0
A098,11,172032,230.6357421875,0.047661794255488873,0.010446086525917053,0.6368634768035378,0.01925732062734159,0.9826640137477362,0.9999642258302825,0.9862409319196429,0.05789799526816231,0,0,0,0
A098,12,172032,229.669921875,0.048313349595933426,0.011024177074432373,0.6367042099268511,0.019251721497922113,0.9826874766292886,0.9999639227542544,0.986572265625,0.05727318370797278,0,0,0,0
A098,13,172032,227.806640625,0.04949457292461342,0.011827126145362854,0.6338192664979418,0.01916293696511409,0.9828005115837312,0.999963677394086,0.9863862537202381,0.05825694025277397,0,0,0,0
A098,14,172032,223.4462890625,0.050651297356780776,0.012917980551719666,0.6242013582997965,0.018871638613832533,0.9831205967468799,0.9999637763210197,0.9856770833333334,0.060462333798738103,0,0,0,0
A098,15,172032,221.1318359375,0.05198231114820828,0.013541176915168762,0.6196885897632479,0.01873329984015204,0.9832817969095302,0.9999636735834269,0.9853341238839286,0.06125374046643728,0,0,0,0
A098,16,172032,218.5302734375,0.05339445862715105,0.014919392764568329,0.6152529901377759,0.018598237639728926,0.9834421442444607,0.9999635302104435,0.9850492931547619,0.06334472417130435,0,0,0,0
A098,17,172032,470.26171875,0.07410022665094186,0.016075700521469116,1.3249189349985564,0.03243955201623921,0.9724362841440605,0.999849570553877,0.9842354910714286,0.06652861899621312,0,0,0,0
A098,18,172032,489.359375,0.07581272106279985,0.017521023750305176,1.367063097824171,0.033399043227044505,0.9717338152480922,0.9998371370414996,0.9846423921130952,0.06621060439741103,0,0,0,0
A098,19,172032,489.73046875,0.07729549607640929,0.01904168725013733,1.367192520082974,0.03340031177407604,0.9717510092069201,0.999836596338583,0.9838692801339286,0.06867371580602892,0,0,0,0
A098,20,172032,490.671875,0.0804800365585279,0.021571211516857147,1.370958755276283,0.03348442819040943,0.9716748097161673,0.999835906764571,0.9839564732142857,0.06850286846538049,0,0,0,0
A098,21,172032,493.75,0.0827590120598069,0.023642152547836304,1.3799772406973891,0.03370135392035716,0.9714777359132762,0.9998341383978647,0.9833635602678571,0.07005837407630655,0,0,0,0
A098,22,172032,494.4365234375,0.0865324789651105,0.026844650506973267,1.382318123521895,0.03375306654970932,0.9714526744050049,0.9998330748828905,0.9830903552827381,0.07013267968903429,0,0,0,0
A098,23,172032,497.16796875,0.0912118820887361,0.03035050630569458,1.3905327751040684,0.033939454365550396,0.9713125444956937,0.9998306845406341,0.9835263206845238,0.06903951909826402,0,0,0,0
A098,24,172032,499.888671875,0.09814674425304777,0.03637140989303589,1.3995478335964608,0.0341354860524693,0.971155017450016,0.9998284525211001,0.9844970703125,0.06687004182187166,0,0,0,0
A098,25,172032,499.89453125,0.1080246641570338,0.044983744621276855,1.4003911924425692,0.03411662259534814,0.971230114641834,0.9998269011490055,0.9843110584077381,0.06589524717109083,0,0,0,0
A098,26,172032,498.6513671875,0.11834379766062175,0.054070472717285156,1.398728476908661,0.034031752510659055,0.971359730893923,0.9998260710457053,0.9839739118303571,0.06629789987727983,0,0,0,0
A098,27,172032,497.9775390625,0.13044160499397808,0.06474971771240234,1.3981781169564524,0.03396578941168279,0.971501683687916,0.999824230455042,0.9843226841517857,0.06662699137536862,0,0,0,0
A098,28,172032,496.1083984375,0.14388881645054208,0.07618442177772522,1.395085560161939,0.033823404491708293,0.9717350010454153,0.9998224245678428,0.9847470238095238,0.06603272197668694,0,0,0,0
A098,29,172032,490.67578125,0.15946225909102568,0.08852481842041016,1.384285339702412,0.03346331601356509,0.9721844569241351,0.9998220044151329,0.9849562872023809,0.06633565527525374,0,0,0,0
A098,30,172032,487.8984375,0.18125008380622734,0.1074376106262207,1.381965299074883,0.033271700401429294,0.9725475236895926,0.9998183288819199,0.9835437593005952,0.06871446791477236,0,0,0,0
A098,31,172032,483.7470703125,0.2069035398383925,0.1288960576057434,1.3779675196038894,0.0329786319211253,0.9731203467861873,0.9998124207310537,0.9836542038690477,0.06996917526942109,0,0,0,0
A098,32,172032,479.69921875,0.2360087244034752,0.15224158763885498,1.3799592937274505,0.03281058522107506,0.973572848578932,0.9998057977012874,0.9830031622023809,0.07226767199412552,0,0,0,0
A098,33,172032,478.55078125,0.272625557358359,0.18209171295166016,1.388326418919334,0.03277000403853411,0.9740672532415809,0.9997939742821073,0.9823521205357143,0.07565127622487873,0,0,0,0
A098,34,172032,441.5673828125,0.3238648965025277,0.2219538688659668,1.3034523443602937,0.030541382623993717,0.9772049869423788,0.9997885994045217,0.9807535807291666,0.0807940716341877,0,0,0,0
A098,35,172032,683.029296875,0.44468095514007255,0.3119904398918152,1.8460863986467655,0.0632626898178926,0.9901221876504621,0.9980282248015024,0.9809337797619048,0.08362549097299964,0,0,0,0
A098,36,172032,278.0806579589844,0.6444865931458653,0.3899197578430176,1.652070436343617,0.09358706246323395,0.9721242776153811,0.9958948240745457,0.9778180803571429,0.09191662300053594,0,0,0,0
A099,0,176128,0.0027260184288024902,0.00042637016904759653,0.0002451017498970032,0.0006504694604680262,0.027236330409557797,1.0005304177033523,0.999629428382127,0.9782885174418605,0.06836032577414747,0,0,0,0
A099,1,176128,0.04532337188720703,0.001712631123437571,0.0013304166495800018,0.0023012196574537964,0.010823197792540996,1.0008754106647453,0.9999418632602093,0.9926417151162791,0.03711134370683968,0,0,0,0
A099,2,176128,0.24414443969726562,0.002422242781756003,0.0018464885652065277,0.0034223001196880577,0.009852592656631467,1.0006748838840023,0.9999517235241155,0.9929596656976745,0.0373183272558098,0,0,0,0
A099,3,176128,0.3528327941894531,0.0030682859174904417,0.0024153925478458405,0.004316094463359026,0.010037543459750931,1.0010858891964416,0.9999502674423667,0.9926587481831395,0.039461934789440156,0,0,0,0
A099,4,176128,0.44567108154296875,0.003973484021393032,0.0031582508236169815,0.0055171391677692775,0.011424706671526362,1.0019963612529201,0.99993685682445,0.9915004996366279,0.04230266406119853,0,0,0,0
A099,5,176128,0.6224594116210938,0.005248247415433425,0.004170863889157772,0.007254551671747075,0.012295479252598933,1.001675470596286,0.9999259382840617,0.991676507994186,0.043528115191799256,0,0,0,0
A099,6,176128,0.8011970520019531,0.006413511475870543,0.004995159804821014,0.009084872909737163,0.013432926473947688,1.001174420806826,0.9999105729003348,0.991466433502907,0.04360168376669438,0,0,0,0
A099,7,176128,234.921875,0.042135360209507526,0.006506532430648804,0.6348903070528727,0.019427709226581664,0.9824572703254005,0.9999645335611733,0.988059820130814,0.05203879633230514,0,0,0,0
A099,8,176128,234.060546875,0.04388242981326849,0.007995814085006714,0.6335613118678323,0.019386368177182253,0.9825024448397117,0.9999645462284196,0.9873444313226745,0.05463050576021652,0,0,0,0
A099,9,176128,233.078125,0.04567118204073098,0.009564802050590515,0.632415991569047,0.019350275208289264,0.9825470459021234,0.9999644660557555,0.9867425962936046,0.05584357341294805,0,0,0,0
A099,10,176128,231.4150390625,0.04633033855323045,0.010069392621517181,0.6296442208824535,0.01926525138262205,0.9826458343308943,0.9999643906062998,0.9862088935319767,0.058141593260547034,0,0,0,0
A099,11,176128,230.6357421875,0.04645671538316471,0.010064437985420227,0.6294076495505923,0.019257311631051304,0.9826638440876894,0.9999642289935347,0.9858739098837209,0.05866911363299275,0,0,0,0
A099,12,176128,229.669921875,0.04706822232713442,0.010637730360031128,0.6292528428658438,0.019251822163234934,0.9826864893724184,0.9999639381394165,0.9862145712209303,0.05839968632349837,0,0,0,0
A099,13,176128,227.806640625,0.04819957804401711,0.011345654726028442,0.6263985444838243,0.01916288447646535,0.9827999859661282,0.9999636875968095,0.9864076126453488,0.058368965352459494,0,0,0,0
A099,14,176128,223.4462890625,0.04937720222633394,0.012481272220611572,0.6168916218215006,0.01887159867005155,0.9831203414871773,0.9999637814610026,0.9856524800145349,0.06041798114965527,0,0,0,0
A099,15,176128,221.1318359375,0.05074083755507249,0.013156339526176453,0.6124316374216109,0.018733380532518596,0.9832816434988738,0.9999636746487895,0.9855048601017442,0.06120235941017937,0,0,0,0
A099,16,176128,218.5302734375,0.052305989766938545,0.014717265963554382,0.608053143046559,0.01859851632753654,0.983442143446102,0.9999635249534476,0.9846475290697675,0.06392058233330462,0,0,0,0
A099,17,176128,470.26171875,0.07273593946113811,0.016044259071350098,1.3094223618800758,0.032439898361430713,0.9724364102424989,0.9998495554453236,0.9841762808866279,0.06645886206548274,0,0,0,0
A099,18,176128,489.359375,0.0747319020261192,0.01777350902557373,1.3510815743351932,0.03339948384833878,0.9717342079312169,0.999837110540373,0.9843182231104651,0.06673645724797767,0,0,0,0
A099,19,176128,489.73046875,0.07621467715006115,0.019227325916290283,1.3512123602635078,0.033400915710892834,0.9717510473912231,0.9998365744767203,0.9836823219476745,0.06836778077627308,0,0,0,0
A099,20,176128,490.671875,0.07959919126262696,0.022014722228050232,1.3549418476347148,0.03348535693792534,0.9716748891967849,0.999835872455493,0.9834608920784884,0.0696094206046442,0,0,0,0
A099,21,176128,493.75,0.08205569550046823,0.0241851806640625,1.3638617970376494,0.03370274356432288,0.9714779726280423,0.9998340832795811,0.9835744458575582,0.06982710243047806,0,0,0,0
A099,22,176128,494.4365234375,0.08609562708170812,0.027800917625427246,1.3661887438412794,0.03375406474805731,0.971454327277186,0.9998329919139242,0.9828647347383721,0.0708733443176918,0,0,0,0
A099,23,176128,497.16796875,0.09108805050545185,0.03185349702835083,1.3743248682123057,0.033940190580724526,0.9713157607206656,0.9998305643916572,0.9835119912790697,0.06934148442638495,0,0,0,0
A099,24,176128,499.888671875,0.09807008183196199,0.03777718544006348,1.3832538807700154,0.03413543865900817,0.9711604452197142,0.9998282939476393,0.9840286609738372,0.0673673231844835,0,0,0,0
A099,25,176128,499.89453125,0.10769511671565153,0.04602038860321045,1.3840966676894253,0.03411690543275969,0.9712365145868397,0.9998267027968276,0.9842614462209303,0.0665967640313019,0,0,0,0
A099,26,176128,498.6513671875,0.11780532571055288,0.054740190505981445,1.3824909243982055,0.03403196543146717,0.9713698947221139,0.9998257657846178,0.9845453306686046,0.06644310578570417,0,0,0,0
A099,27,176128,497.9775390625,0.12946290658766335,0.06495094299316406,1.3819371774753784,0.03396391767833604,0.9715151746081159,0.9998239026855187,0.9840684047965116,0.06734513654833364,0,0,0,0
A099,28,176128,496.1083984375,0.1427602895416152,0.07593563199043274,1.378902834284456,0.033822237220200925,0.9717428069187428,0.9998222396053322,0.9844204215116279,0.06701363836705303,0,0,0,0
A099,29,176128,490.67578125,0.15843007710198562,0.08860552310943604,1.368301952565086,0.03345617477616132,0.9721994462021987,0.9998218241943359,0.9843352561773255,0.0674020315898451,0,0,0,0
A099,30,176128,487.8984375,0.17889916123615263,0.10557389259338379,1.3659364062602273,0.03326980384856548,0.9725535425498965,0.9998182250096823,0.9837845203488372,0.06940596075261296,0,0,0,0
A099,31,176128,483.7470703125,0.20368691781257883,0.125818133354187,1.3619268049758808,0.03296911095378187,0.9731359997983553,0.9998123141213942,0.983653933502907,0.07101788515109883,0,0,0,0
A099,32,176128,479.69921875,0.23168957974236715,0.1470133662223816,1.3638063991646792,0.03280199650896115,0.9735603283927121,0.9998064245587657,0.9824843295784884,0.07385392644376361,0,0,0,0
A099,33,176128,478.55078125,0.2676143073168469,0.17620861530303955,1.372088085460145,0.03276120780969628,0.9740487843129185,0.9997947581538263,0.9819506268168605,0.07636799904139623,0,0,0,0
A099,34,176128,441.5673828125,0.3176530890067265,0.2157769799232483,1.287816593728821,0.030526669107247696,0.977139009874226,0.9997905862660705,0.9808434774709303,0.08141284921392432,0,0,0,0
A099,35,176128,683.029296875,0.4450258571891619,0.3150668144226074,1.825913113363536,0.0630088065395213,0.9898585443419371,0.9980465589751303,0.9804971384447675,0.08485526345153681,0,0,0,0
A099,36,176128,278.0806579589844,0.6483759079937319,0.3962365388870239,1.6450137690053903,0.09453525627068952,0.9711428313515512,0.9958275043412091,0.9770337481831395,0.09408151683653353,0,0,0,0
A100,0,151552,0.0027260184288024902,0.00040370086105974987,0.00021589547395706177,0.000650427351228446,0.02797349498868053,1.0006153662641668,0.9996091716294728,0.9793404244087838,0.06741612437306574,0,0,0,0
A100,1,151552,0.04532337188720703,0.0017595910940843697,0.0014097755774855614,0.0023201064337886827,0.010832241750230318,1.0007141595766942,0.9999416279682284,0.9922798775337838,0.038985369770827026,0,0,0,0
A100,2,151552,0.24414443969726562,0.0024892531358358537,0.0019352231174707413,0.003480041770251176,0.00955091424651738,1.0005544579527912,0.9999545689199622,0.9923128695101351,0.038619729727986864,0,0,0,0
A100,3,151552,0.3528327941894531,0.0031230232503113207,0.002473067492246628,0.0043920697312827255,0.009631638129320119,1.0010115914590088,0.9999541737895165,0.9928143475506757,0.03959722624992201,0,0,0,0
A100,4,151552,0.44567108154296875,0.004010404878177829,0.0032080858945846558,0.005577901622348572,0.011017183579801191,1.0019162291559913,0.9999412593606,0.9917783994932432,0.04172855370183075,0,0,0,0
A100,5,151552,0.6224594116210938,0.00524339955418665,0.004177478142082691,0.007265166715022797,0.01191673480134581,1.001468406231898,0.9999301763537455,0.9916662267736487,0.04309377924411521,0,0,0,0
A100,6,151552,0.8011970520019531,0.006404245290209044,0.00499870628118515,0.00912541543998956,0.013368470973629401,1.0015595387307306,0.9999119953191485,0.9916464315878378,0.04360353848856826,0,0,0,0
A100,7,151552,234.921875,0.04765257068082347,0.006511092185974121,0.6844208670614892,0.019427980095616793,0.9824562578540449,0.999964546247451,0.9873838682432432,0.05293569625069485,0,0,0,0
A100,8,151552,234.060546875,0.04950722982339726,0.008075892925262451,0.6829844799070465,0.019386623335737985,0.9825011996863227,0.9999645633247238,0.987034153293919,0.05524469000832444,0,0,0,0
A100,9,151552,233.078125,0.05135755448599706,0.009763680398464203,0.6817428614819849,0.019350555675634967,0.982545553473278,0.9999644869893537,0.9861961570945946,0.057247268141184984,0,0,0,0
A100,10,151552,231.4150390625,0.051953287318975694,0.010236144065856934,0.6787493437678903,0.019265336730499686,0.982644622501346,0.9999644102915656,0.9861829603040541,0.05857064853889024,0,0,0,0
A100,11,151552,230.6357421875,0.052288079235126676,0.01044425368309021,0.6785012081818557,0.019257605729170135,0.9826624700756572,0.9999642474213248,0.985133815456081,0.059746494036220156,0,0,0,0
A100,12,151552,229.669921875,0.05297596911018568,0.011047601699829102,0.6783323177382805,0.019252206230445504,0.9826851459496454,0.999963954235878,0.9856616870777027,0.05968674793825265,0,0,0,0
A100,13,151552,227.806640625,0.05410481650083487,0.011729903519153595,0.6752517263494591,0.019163337645947826,0.9827977051365746,0.999963718596009,0.9851470122466216,0.06066673977225445,0,0,0,0
A100,14,151552,223.4462890625,0.05520553092382572,0.012799829244613647,0.6649954960940128,0.01887195394539093,0.9831175558382917,0.999963822370772,0.9849424619932432,0.062407310451376506,0,0,0,0
A100,15,151552,221.1318359375,0.056692335224572676,0.013529062271118164,0.6601831466128556,0.018733635465414462,0.9832786200556564,0.9999637210913301,0.9848962732263513,0.0628749220207736,0,0,0,0
A100,16,151552,218.5302734375,0.05824051248339709,0.015138119459152222,0.655451617683605,0.01859856852526511,0.9834389261650146,0.9999635780205984,0.9843090160472973,0.06554613832832683,0,0,0,0
A100,17,151552,470.26171875,0.08160003273839131,0.01630115509033203,1.4115754170734611,0.0324411910844045,0.9724321697653034,0.9998496318693385,0.9836095861486487,0.06828467580159833,0,0,0,0
A100,18,151552,489.359375,0.08341426952878882,0.01788291335105896,1.45647327122052,0.03340100967819353,0.971729479775559,0.9998371948467412,0.9836095861486487,0.06867426424618057,0,0,0,0
A100,19,151552,489.73046875,0.0847556974609854,0.019338149577379227,1.45660382307591,0.033402667299175806,0.9717455332718986,0.9998366736549119,0.9829233530405406,0.07084767734430397,0,0,0,0
A100,20,151552,490.671875,0.08794747208615085,0.02187398076057434,1.4606009448304553,0.03348785083203406,0.9716668676579616,0.9998360190227518,0.9827517947635135,0.07116963429578403,0,0,0,0
A100,21,151552,493.75,0.09024605914802074,0.023964956402778625,1.470200726870068,0.03370507862816565,0.9714694415359655,0.9998342513180072,0.9828903610641891,0.07204985822216471,0,0,0,0
A100,22,151552,494.4365234375,0.09410797919473514,0.0272371768951416,1.472679586953134,0.03375701206203029,0.971443670759836,0.9998332008672053,0.9819137985641891,0.07306577812424107,0,0,0,0
A100,23,151552,497.16796875,0.0990550431505518,0.031172722578048706,1.4814158746861994,0.03394468638891929,0.9712999429480516,0.9998308717808329,0.9828705658783784,0.0711655592896858,0,0,0,0
A100,24,151552,499.888671875,0.10587615210583003,0.03703075647354126,1.4909737572854784,0.034143965249059646,0.9711363197677338,0.9998287066812307,0.9833984375,0.0696202010957487,0,0,0,0
A100,25,151552,499.89453125,0.1157120759966826,0.04569840431213379,1.4917954642017952,0.03413039671224845,0.9712011123765326,0.9998272715881857,0.9836095861486487,0.0695228720863905,0,0,0,0
A100,26,151552,498.6513671875,0.1257543180500036,0.054418087005615234,1.4899319444947492,0.03405075383650158,0.9713195105641136,0.9998265846825443,0.9834974134290541,0.06926248598769684,0,0,0,0
A100,27,151552,497.9775390625,0.13778264491216957,0.0651010274887085,1.4892117343833047,0.033990938483122825,0.971444700956737,0.9998250138195316,0.9831608952702703,0.07030759590970648,0,0,0,0
A100,28,151552,496.1083984375,0.15196867725005694,0.07712221145629883,1.4858147301495643,0.03385649444245525,0.9716556482914297,0.9998235692126348,0.9831213048986487,0.07015916860752093,0,0,0,0
A100,29,151552,490.67578125,0.168310843675659,0.09039902687072754,1.4741647881641724,0.03350644243714048,0.9720807223655937,0.999823473702714,0.9836095861486487,0.07049812213284892,0,0,0,0
A100,30,151552,487.8984375,0.19052726354546493,0.1095433235168457,1.471415396103202,0.033330185724532814,0.9724187847260116,0.9998199449404203,0.9828045819256757,0.07253824674153185,0,0,0,0
A100,31,151552,483.7470703125,0.21587893271577888,0.13057023286819458,1.4666332543149836,0.0330463915210283,0.9729614093736911,0.999814494898756,0.9827122043918919,0.07396190638032775,0,0,0,0
A100,32,151552,479.69921875,0.24571170362826927,0.15351343154907227,1.4682568019089854,0.03289543131924002,0.9733682353698936,0.9998084699598679,0.9820391680743243,0.07654883806089016,0,0,0,0
A100,33,151552,478.55078125,0.2825292789609218,0.18344348669052124,1.4762539787613294,0.032859898382814196,0.9738249576159838,0.9997973762764882,0.9811417863175675,0.07955240403662563,0,0,0,0
A100,34,151552,441.5673828125,0.33445167941814313,0.22368574142456055,1.3838003682498925,0.030619549797422044,0.9768921581964363,0.9997934344781094,0.9795383762668919,0.08488986218449586,0,0,0,0
A100,35,151552,683.029296875,0.4583171075212433,0.3177146911621094,1.9590082766574326,0.06478396798969582,0.989335932219686,0.9979363732611504,0.980442356418919,0.08692355916187777,0,0,0,0
A100,36,151552,278.0806579589844,0.6755539420403668,0.39865970611572266,1.7477098282608141,0.09703448351047257,0.9707224506170955,0.9955916770613289,0.9759356524493243,0.09720583036911115,0,0,0,0
