t,rss_mb,proc_cpu_pct,sys_cpu_pct,threads
1791118748.4585679,1836.8203125,0.0,70.0,308
1791118748.6597054,1911.8203125,725.9,9.2,308
1791118748.8604496,1949.9921875,204.3,4.9,308
1791118749.0611656,1973.9921875,199.3,5.7,308
1791118749.2618432,1978.9921875,184.3,5.5,308
1791118749.462535,1978.9921875,204.3,5.5,308
1791118749.6632345,1978.9921875,194.3,6.0,308
1791118749.86397,1978.9921875,204.3,5.5,308
1791118750.0646186,1978.9921875,199.4,5.7,308
1791118750.265272,1978.9921875,199.3,5.3,308
1791118750.4659197,1978.9921875,204.3,4.0,308
1791118750.666598,1978.9921875,194.3,3.8,308
1791118750.8672814,1978.9921875,204.3,4.3,308
1791118751.0679452,1978.9921875,199.3,4.1,308
1791118751.2686577,1978.9921875,199.3,4.6,308
1791118751.469382,1978.9921875,204.3,3.9,308
1791118751.6700687,1978.9921875,199.3,2.8,308
1791118751.8707395,1978.9921875,194.4,3.3,308
1791118752.071384,1978.9921875,204.3,3.2,308
1791118752.2720907,1978.9921875,199.3,2.9,308
1791118752.472774,1978.9921875,199.3,2.8,308
1791118752.673462,1978.9921875,204.3,2.3,308
1791118752.8741243,1978.9921875,199.3,4.5,308
1791118753.074879,1978.9921875,199.2,5.1,308
1791118753.2756872,1978.9921875,199.2,3.2,308
1791118753.4764442,1978.9921875,199.2,5.5,308
1791118753.6772192,1978.9921875,204.2,5.3,308
1791118753.8779774,1978.9921875,199.2,5.8,308
1791118754.0787284,1978.9921875,199.3,5.8,308
1791118754.2794561,1978.9921875,204.3,3.7,308
1791118754.4801316,1978.9921875,194.3,5.8,308
1791118754.6809025,1978.9921875,199.2,6.1,308
1791118754.8817759,1978.9921875,204.2,3.8,308
1791118755.0825276,1978.9921875,199.2,5.1,308
1791118755.283317,1978.9921875,199.2,5.4,308
1791118755.4841049,1978.9921875,204.2,4.8,308
1791118755.6848657,1978.9921875,199.3,4.8,308
1791118755.885548,1978.9921875,199.3,3.0,308
1791118756.0862107,1978.9921875,204.3,3.1,308
1791118756.286879,1978.9921875,199.3,3.1,308
1791118756.4876404,1978.9921875,194.3,3.5,308
1791118756.6883597,1978.9921875,204.3,2.9,308
1791118756.8890378,1978.9921875,199.3,2.8,308
1791118757.0896664,1978.9921875,199.4,2.3,308
1791118757.2903209,1978.9921875,204.3,2.2,308
1791118757.4909627,1978.9921875,199.4,2.1,308
1791118757.6915889,1978.9921875,199.4,2.4,308
1791118757.8922608,1978.9921875,199.3,2.7,308
1791118758.0929832,1978.9921875,199.3,3.0,308
1791118758.2936726,1978.9921875,199.3,3.0,308
1791118758.4944286,1978.9921875,204.2,3.2,308
1791118758.6952174,1978.9921875,199.2,3.1,308
1791118758.8959444,1978.9921875,199.2,2.9,308
1791118759.0967724,1978.9921875,199.3,3.1,308
1791118759.2974527,1978.9921875,204.3,3.0,308
1791118759.4982283,1978.9921875,199.2,2.4,308
1791118759.698989,1978.9921875,199.2,2.6,308
1791118759.8997536,1978.9921875,204.3,2.1,308
1791118760.1004558,1978.9921875,199.3,2.1,308
1791118760.30113,1978.9921875,199.3,3.2,308
1791118760.5018814,1978.9921875,199.3,3.8,308
1791118760.7025533,1978.9921875,204.3,4.0,308
1791118760.9033484,1978.9921875,199.3,5.1,308
1791118761.1040912,1978.9921875,194.3,6.8,308
1791118761.3047423,1978.9921875,204.3,7.2,308
1791118761.5054471,1978.9921875,199.3,5.3,308
1791118761.706123,1978.9921875,199.3,5.6,308
1791118761.9068024,1978.9921875,204.3,3.0,308
1791118762.1074903,1978.9921875,194.3,3.0,308
1791118762.308154,1978.9921875,204.3,3.2,308
1791118762.5088294,1978.9921875,199.3,4.7,308
1791118762.709538,1978.9921875,199.3,3.7,308
1791118762.9102247,1978.9921875,204.4,4.4,308
1791118763.1108787,1978.9921875,199.2,7.0,308
1791118763.3118806,1978.9921875,199.1,6.7,308
1791118763.5127134,1978.9921875,199.2,3.7,308
1791118763.7134464,1978.9921875,199.3,6.5,308
1791118763.9142005,1978.9921875,199.2,4.7,308
1791118764.114981,1978.9921875,204.2,3.2,308
1791118764.3156984,1978.9921875,199.3,5.8,308
1791118764.516486,1978.9921875,199.2,4.9,308
1791118764.7172832,1978.9921875,199.2,5.9,308
1791118764.9180121,1978.9921875,199.2,5.7,308
1791118765.1188025,1978.9921875,199.2,5.6,308
1791118765.3196127,1978.9921875,199.3,3.9,308
1791118765.5203283,1978.9921875,204.2,5.3,308
1791118765.7210977,1978.9921875,199.3,5.5,308
1791118765.921795,1978.9921875,204.3,3.7,308
1791118766.1224935,1978.9921875,199.3,2.4,308
1791118766.3231943,1978.9921875,199.3,2.4,308
1791118766.5238702,1978.9921875,199.3,3.1,308
1791118766.7246006,1978.9921875,199.4,2.7,308
1791118766.9252253,1978.9921875,199.3,3.2,308
1791118767.125911,1978.9921875,204.3,2.9,308
1791118767.3265982,1978.9921875,199.3,5.0,308
1791118767.527332,1978.9921875,199.3,3.0,308
1791118767.7280707,1978.9921875,199.2,3.1,308
1791118767.9288177,1978.9921875,204.3,3.5,308
1791118768.1294992,1978.9921875,199.3,3.0,308
1791118768.3301785,1978.9921875,199.3,5.3,308
1791118768.5309303,1978.9921875,199.2,2.7,308
1791118768.7316628,1978.9921875,199.3,2.2,308
1791118768.932347,1978.9921875,204.3,2.4,308
1791118769.1330335,1978.9921875,194.3,2.3,308
1791118769.333727,1978.9921875,199.3,3.5,308
1791118769.5343866,1978.9921875,199.3,3.2,308
1791118769.7350898,1978.9921875,204.3,3.8,308
1791118769.935766,1978.9921875,199.3,3.2,308
1791118770.1365602,1978.9921875,199.2,3.1,308
1791118770.3372617,1978.9921875,199.3,3.1,308
1791118770.5379417,1978.9921875,204.3,3.0,308
1791118770.7386482,1978.9921875,199.3,2.3,308
1791118770.9393623,1978.9921875,199.3,2.8,308
1791118771.1400533,1978.9921875,199.3,2.2,308
1791118771.3407567,1978.9921875,204.2,2.3,308
1791118771.54165,1978.9921875,199.2,2.4,308
1791118771.742365,1978.9921875,199.3,2.9,308
1791118771.9430628,1978.9921875,199.3,3.1,308
1791118772.1437683,1978.9921875,199.3,3.0,308
1791118772.344511,1978.9921875,204.2,3.2,308
1791118772.545368,1978.9921875,199.2,3.4,308
1791118772.7460754,1978.9921875,199.3,3.2,308
1791118772.9467523,1978.9921875,199.3,5.3,308
1791118773.1474721,1978.9921875,199.3,5.7,308
1791118773.3482478,1978.9921875,204.2,6.0,308
1791118773.5490406,1978.9921875,199.2,6.1,308
1791118773.749794,1978.9921875,199.3,5.8,308
1791118773.9505298,1978.9921875,199.3,6.3,308
1791118774.1512642,1978.9921875,199.3,4.7,308
1791118774.3519263,1978.9921875,199.3,7.0,308
1791118774.5526881,1978.9921875,204.2,6.6,308
1791118774.7534223,1978.9921875,199.3,6.1,308
1791118774.9541533,1978.9921875,199.3,7.2,308
1791118775.1548884,1978.9921875,204.2,6.9,308
1791118775.3556597,1978.9921875,199.2,6.5,308
1791118775.5564475,1978.9921875,199.2,5.9,308
1791118775.7571921,1978.9921875,199.2,5.7,308
1791118775.9579432,1978.9921875,199.3,2.4,308
1791118776.1586535,1978.9921875,204.2,5.4,308
1791118776.3594637,1978.9921875,199.2,3.1,308
1791118776.560214,1978.9921875,199.3,3.5,308
1791118776.760929,1978.9921875,199.3,3.1,308
1791118776.9616072,1978.9921875,199.3,3.1,308
1791118777.1623023,1978.9921875,199.3,3.3,308
1791118777.3629797,1978.9921875,204.3,2.9,308
1791118777.5636976,1978.9921875,199.3,3.1,308
1791118777.7643836,1978.9921875,199.3,2.6,308
1791118777.9650636,1978.9921875,204.3,2.4,308
1791118778.1658058,1978.9921875,199.2,2.5,308
1791118778.366593,1978.9921875,199.2,2.8,308
1791118778.567502,1978.9921875,199.1,3.5,308
1791118778.7682574,1978.9921875,199.3,3.2,308
1791118778.9689302,1978.9921875,199.3,3.5,308
1791118779.1696231,1978.9921875,199.3,3.2,308
1791118779.370315,1978.9921875,204.3,3.2,308
1791118779.57105,1978.9921875,199.3,3.4,308
1791118779.7717845,1978.9921875,199.3,2.6,308
1791118779.9725442,1978.9921875,199.3,2.3,308
1791118780.1732316,1978.9921875,199.3,2.5,308
1791118780.3739014,1978.9921875,204.3,2.3,308
1791118780.5746465,1978.9921875,199.3,2.7,308
1791118780.775377,1978.9921875,199.3,3.3,308
1791118780.9760802,1978.9921875,199.3,3.2,308
1791118781.1767573,1978.9921875,199.3,3.2,308
1791118781.3774667,1978.9921875,199.3,3.3,308
1791118781.5782242,1978.9921875,204.2,3.2,308
1791118781.779003,1978.9921875,204.3,3.4,308
1791118781.9796824,1978.9921875,194.4,2.9,308
1791118782.1803558,1978.9921875,204.3,2.4,308
1791118782.381103,1978.9921875,199.3,2.5,308
1791118782.581816,1978.9921875,199.3,2.2,308
1791118782.782537,1978.9921875,199.3,2.5,308
1791118782.983237,1978.9921875,204.3,5.3,308
1791118783.1839724,1978.9921875,199.2,5.7,308
1791118783.3847766,1978.9921875,199.2,6.0,308
1791118783.5856583,1978.9921875,199.1,5.8,308
1791118783.7864316,1978.9921875,199.2,6.2,308
1791118783.987206,1978.9921875,199.2,5.9,308
1791118784.1879635,1978.9921875,199.2,3.7,308
1791118784.3887103,1978.9921875,204.2,5.3,308
1791118784.58951,1978.9921875,199.2,4.6,308
1791118784.7902884,1978.9921875,199.2,5.2,308
1791118784.9910736,1978.9921875,204.2,4.8,308
1791118785.191843,1978.9921875,199.3,3.6,308
1791118785.39254,1978.9921875,199.3,5.8,308
1791118785.5932953,1978.9921875,199.3,5.8,308
1791118785.7940233,1978.9921875,199.3,4.0,308
1791118785.9946818,1978.9921875,199.3,5.5,308
1791118786.195443,1978.9921875,199.3,4.0,308
1791118786.3961658,1978.9921875,204.2,4.0,308
1791118786.5969634,1978.9921875,199.2,3.3,308
1791118786.7976484,1978.9921875,204.3,3.1,308
1791118786.998349,1978.9921875,199.3,3.2,308
1791118787.1990306,1978.9921875,199.3,3.2,308
1791118787.3997142,1978.9921875,199.3,3.6,308
1791118787.6004362,1978.9921875,199.3,3.8,308
1791118787.8011086,1978.9921875,199.3,4.4,308
1791118788.0018697,1978.9921875,199.2,4.2,308
1791118788.2026732,1978.9921875,199.2,4.0,308
1791118788.4035132,1978.9921875,204.1,4.2,308
1791118788.6042802,1978.9921875,204.2,3.3,308
1791118788.8049762,1978.9921875,199.3,2.6,308
1791118789.0056612,1978.9921875,199.3,2.4,309
1791118789.206414,1978.9921875,199.3,2.3,309
1791118789.4071224,1978.9921875,199.2,3.4,308
1791118789.6078486,1978.9921875,199.3,2.6,308
1791118789.8086352,1978.9921875,204.3,3.2,308
1791118790.009329,1978.9921875,199.3,3.3,308
1791118790.2099955,1978.9921875,199.3,3.2,308
1791118790.4106576,1978.9921875,199.3,3.3,308
1791118790.6113596,1978.9921875,199.3,3.1,308
1791118790.8120885,1978.9921875,204.3,3.2,308
1791118791.0127509,1978.9921875,199.3,2.7,308
1791118791.213458,1978.9921875,199.3,2.4,308
1791118791.4141593,1978.9921875,204.3,2.5,308
1791118791.6148665,1978.9921875,199.2,4.1,308
1791118791.8157918,1978.9921875,199.1,4.3,308
1791118792.0165915,1978.9921875,199.2,3.3,308
1791118792.2173176,1978.9921875,199.3,3.2,308
1791118792.418069,1978.9921875,199.2,3.4,308
1791118792.6187959,1978.9921875,199.3,5.0,308
1791118792.8195505,1978.9921875,204.3,3.4,308
1791118793.0202503,1978.9921875,204.2,6.5,308
1791118793.2210488,1978.9921875,199.2,5.7,308
1791118793.421778,1978.9921875,199.2,5.4,308
1791118793.622575,1978.9921875,199.2,4.9,308
1791118793.8233533,1978.9921875,199.2,3.2,308
1791118794.024114,1978.9921875,199.2,5.1,308
1791118794.2248924,1978.9921875,204.2,5.4,308
1791118794.425694,1978.9921875,199.2,4.0,308
1791118794.6264162,1978.9921875,199.3,5.5,308
1791118794.8271663,1978.9921875,199.2,6.8,308
1791118795.0279257,1978.9921875,204.2,5.7,308
1791118795.2286563,1978.9921875,199.3,4.0,308
1791118795.4293716,1978.9921875,199.3,5.4,308
1791118795.630067,1978.9921875,199.3,3.3,308
1791118795.8307424,1978.9921875,204.3,4.9,308
1791118796.0314724,1978.9921875,199.3,2.4,308
1791118796.2322009,1978.9921875,199.2,2.6,308
1791118796.4331572,1978.9921875,199.1,2.5,308
1791118796.633885,1978.9921875,199.3,3.5,308
1791118796.8346143,1978.9921875,199.3,3.4,308
1791118797.0353613,1978.9921875,199.2,3.7,308
1791118797.2361636,1978.9921875,204.2,3.3,308
1791118797.4369078,1978.9921875,199.2,5.2,308
1791118797.6376345,1978.9921875,199.3,3.3,308
1791118797.8382766,1978.9921875,204.4,2.7,308
1791118798.0388787,1978.9921875,199.3,2.7,308
1791118798.2396193,1978.9921875,199.3,4.6,308
1791118798.44039,1978.9921875,199.3,3.2,308
1791118798.6410937,1978.9921875,199.3,3.4,308
1791118798.841753,1978.9921875,199.4,3.9,308
1791118799.0424163,1978.9921875,199.3,4.2,308
1791118799.243134,1978.9921875,204.3,4.0,308
1791118799.4438508,1978.9921875,199.3,4.1,308
1791118799.644557,1978.9921875,199.3,4.4,308
1791118799.845283,1978.9921875,204.3,4.2,308
1791118800.0459847,1978.9921875,199.3,3.6,308
1791118800.2466655,1978.9921875,199.3,3.4,308
1791118800.4473505,1978.9921875,199.3,3.5,308
1791118800.648078,1978.9921875,199.3,4.2,308
1791118800.8487527,1978.9921875,199.3,3.7,308
1791118801.0494242,1978.9921875,199.3,3.5,308
1791118801.2500687,1978.9921875,199.3,3.7,308
1791118801.4507594,1978.9921875,199.3,3.4,308
1791118801.651437,1978.9921875,209.2,4.1,308
1791118801.8522,1978.9921875,199.3,4.3,308
1791118802.0528493,1978.9921875,199.4,3.9,308
1791118802.2535179,1978.9921875,199.3,4.1,308
1791118802.4542525,1978.9921875,199.3,3.5,308
1791118802.6550198,1978.9921875,199.2,3.2,308
1791118802.8558583,1978.9921875,199.2,5.5,308
1791118803.0566535,1978.9921875,204.2,6.3,308
1791118803.2574103,1978.9921875,199.2,6.6,308
1791118803.4581618,1978.9921875,199.3,6.9,308
1791118803.6588962,1978.9921875,199.2,4.9,308
1791118803.8597112,1978.9921875,204.2,8.5,308
1791118804.0605407,1978.9921875,199.2,4.7,308
1791118804.261336,1978.9921875,199.2,6.2,308
1791118804.462174,1978.9921875,199.2,4.6,308
1791118804.6629736,1978.9921875,204.2,4.9,308
1791118804.8637977,1978.9921875,199.2,6.4,308
1791118805.064622,1978.9921875,199.2,8.6,308
1791118805.2654696,1978.9921875,199.2,4.8,308
1791118805.4661798,1978.9921875,204.3,9.7,308
1791118805.6669345,1978.9921875,199.2,6.7,308
1791118805.867699,1978.9921875,199.3,4.7,308
1791118806.0684524,1978.9921875,199.3,4.4,308
1791118806.2692246,1978.9921875,199.2,4.4,308
1791118806.4701884,1978.9921875,199.1,4.6,308
1791118806.670915,1978.9921875,204.2,4.2,308
1791118806.8716846,1978.9921875,199.3,3.0,308
1791118807.0724244,1978.9921875,204.3,2.5,308
1791118807.2731326,1978.9921875,194.3,2.6,308
1791118807.473841,1978.9921875,204.3,2.3,308
1791118807.674525,1978.9921875,199.3,2.2,308
1791118807.875213,1978.9921875,199.3,3.4,308
1791118808.0759277,1978.9921875,199.3,3.7,308
1791118808.276649,1978.9921875,199.3,2.8,308
1791118808.4773815,1978.9921875,204.3,3.5,308
1791118808.678118,1978.9921875,199.3,3.0,308
1791118808.8788633,1978.9921875,199.3,3.1,308
1791118809.079593,1978.9921875,199.3,2.6,308
1791118809.2803328,1978.9921875,204.2,2.1,308
1791118809.481076,1978.9921875,199.3,2.4,308
1791118809.681807,1978.9921875,199.3,2.6,308
1791118809.8825397,1978.9921875,199.3,2.1,308
1791118810.0832548,1978.9921875,199.3,2.3,308
1791118810.28399,1978.9921875,204.2,5.2,308
1791118810.484756,1978.9921875,194.3,3.2,308
1791118810.6854763,1978.9921875,204.3,2.8,308
1791118810.886139,1978.9921875,204.3,3.0,308
1791118811.0868,1978.9921875,199.4,3.0,308
1791118811.2874484,1978.9921875,199.3,3.5,308
1791118811.4881651,1978.9921875,199.3,3.0,308
1791118811.688936,1978.9921875,199.2,2.8,308
1791118811.8897054,1978.9921875,199.2,3.3,308
1791118812.09047,1978.9921875,199.2,3.1,308
1791118812.2912347,1978.9921875,204.2,3.0,308
1791118812.492046,1978.9921875,199.2,3.7,308
1791118812.6927881,1978.9921875,199.3,3.5,308
1791118812.893534,1978.9921875,199.2,5.2,308
1791118813.0943773,1978.9921875,204.2,7.0,308
1791118813.2952,1978.9921875,199.2,6.9,308
1791118813.4960468,1978.9921875,199.1,5.9,308
1791118813.6968932,1978.9921875,199.2,5.6,308
1791118813.8977275,1978.9921875,204.2,5.5,308
1791118814.0984812,1978.9921875,194.3,2.7,308
1791118814.2992284,1978.9921875,204.2,4.7,308
1791118814.49998,1978.9921875,199.3,3.1,308
1791118814.7006671,1978.9921875,199.3,6.0,308
1791118814.9014306,1978.9921875,204.2,7.7,308
1791118815.1022313,1978.9921875,199.2,5.7,308
1791118815.3031175,1978.9921875,199.1,3.5,308
1791118815.5039387,1978.9921875,199.1,5.5,308
1791118815.7048426,1978.9921875,204.1,5.5,308
1791118815.9056942,1978.9921875,199.2,2.4,308
1791118816.1065152,1978.9921875,199.2,2.1,308
1791118816.307306,1978.9921875,199.2,2.0,308
1791118816.5081227,1978.9921875,199.2,2.5,308
1791118816.7089427,1978.9921875,199.2,2.1,308
1791118816.9097714,1978.9921875,209.2,2.5,308
1791118817.11059,1978.9921875,199.2,3.0,308
1791118817.3114183,1978.9921875,199.2,4.8,308
1791118817.5123055,1978.9921875,199.1,2.9,308
1791118817.7131722,1978.9921875,199.1,3.1,308
1791118817.9140823,1978.9921875,199.1,3.5,308
1791118818.1149704,1978.9921875,199.1,2.6,308
1791118818.3158126,1978.9921875,199.2,2.1,308
1791118818.5166216,1978.9921875,199.2,2.7,308
1791118818.71753,1978.9921875,209.1,2.2,308
1791118818.9183407,1978.9921875,199.2,1.9,308
1791118819.1191614,1978.9921875,199.2,2.8,308
1791118819.319945,1978.9921875,199.2,3.1,308
1791118819.520772,1978.9921875,199.2,3.7,308
1791118819.721549,1978.9921875,199.2,3.6,308
1791118819.922365,1978.9921875,199.2,2.9,308
1791118820.1231594,1978.9921875,204.2,3.0,308
1791118820.3239477,1978.9921875,199.2,2.8,308
1791118820.5247593,1978.9921875,204.2,2.2,308
1791118820.72556,1978.9921875,199.2,2.2,308
1791118820.926397,1978.9921875,199.1,2.5,308
1791118821.127276,1978.9921875,199.2,2.1,308
1791118821.3280926,1978.9921875,199.2,2.3,308
1791118821.5288963,1978.9921875,199.2,2.7,308
1791118821.729707,1978.9921875,204.2,6.4,308
1791118821.9305885,1978.9921875,199.1,3.0,308
1791118822.1314387,1978.9921875,199.2,3.0,308
1791118822.3322601,1978.9921875,204.1,2.9,308
1791118822.5331357,1978.9921875,199.1,3.0,308
1791118822.734004,1978.9921875,199.2,2.3,308
1791118822.9348123,1978.9921875,199.2,4.6,308
1791118823.1356618,1978.9921875,199.1,5.6,308
1791118823.3365283,1978.9921875,204.1,5.3,308
1791118823.537396,1978.9921875,199.1,4.7,308
1791118823.7382631,1978.9921875,199.1,5.7,308
1791118823.9390342,1978.9921875,199.2,6.0,308
1791118824.1397946,1978.9921875,204.2,4.4,308
1791118824.3406138,1978.9921875,199.2,6.5,308
1791118824.5414686,1978.9921875,199.2,4.4,308
1791118824.7422857,1978.9921875,199.2,6.8,308
1791118824.9431295,1978.9921875,199.1,6.5,308
1791118825.1439998,1978.9921875,204.1,5.5,308
1791118825.3448386,1978.9921875,204.1,3.9,308
1791118825.5456843,1978.9921875,199.1,5.5,308
1791118825.7466116,1978.9921875,199.1,5.5,308
1791118825.9474854,1978.9921875,199.2,3.7,308
1791118826.1483219,1978.9921875,199.2,3.5,308
1791118826.3491294,1978.9921875,199.2,3.9,308
1791118826.5500076,1978.9921875,199.2,3.7,308
1791118826.7507925,1978.9921875,204.2,3.3,308
1791118826.951592,1978.9921875,199.2,3.5,308
1791118827.1523926,1978.9921875,199.2,2.7,308
1791118827.3531823,1978.9921875,204.2,2.4,308
1791118827.553854,1978.9921875,199.3,4.9,308
1791118827.7546089,1978.9921875,199.3,2.4,308
1791118827.955315,1978.9921875,199.3,2.5,308
1791118828.1560864,1978.9921875,204.3,2.5,308
1791118828.3567421,1978.9921875,199.3,5.1,308
1791118828.5574958,1978.9921875,199.3,3.3,308
1791118828.7582195,1978.9921875,199.3,2.9,308
1791118828.958965,1978.9921875,199.3,3.0,308
1791118829.1596923,1978.9921875,199.3,2.8,308
1791118829.3604395,1978.9921875,199.3,2.8,308
1791118829.5611577,1978.9921875,199.3,2.3,308
1791118829.7619002,1978.9921875,209.2,2.3,308
1791118829.9626827,1978.9921875,199.2,2.3,308
1791118830.1634886,1978.9921875,199.2,2.1,308
1791118830.36428,1978.9921875,199.2,2.5,308
1791118830.5650747,1978.9921875,199.2,3.0,308
1791118830.7658544,1978.9921875,199.2,3.0,308
1791118830.9665992,1978.9921875,199.3,3.2,308
1791118831.167302,1978.9921875,199.3,3.0,308
1791118831.3680155,1978.9921875,204.3,3.0,308
1791118831.5687678,1978.9921875,199.2,3.2,308
1791118831.7695467,1978.9921875,199.2,2.2,308
1791118831.9703321,1978.9921875,204.2,2.2,308
1791118832.1710155,1978.9921875,199.3,2.1,308
1791118832.3717427,1978.9921875,199.3,2.2,308
1791118832.572514,1978.9921875,199.2,4.5,308
1791118832.7733066,1978.9921875,199.2,3.0,308
1791118832.974089,1978.9921875,204.2,5.9,308
1791118833.1748378,1978.9921875,199.2,5.5,308
1791118833.375637,1978.9921875,199.2,6.1,308
1791118833.576441,1978.9921875,199.2,6.1,308
1791118833.7772026,1978.9921875,199.3,3.8,308
1791118833.9778876,1978.9921875,199.3,5.1,308
1791118834.1786776,1978.9921875,199.2,5.1,308
1791118834.3794308,1978.9921875,204.2,5.3,308
1791118834.580177,1978.9921875,199.2,4.3,308
1791118834.7810774,1978.9921875,204.1,4.2,308
1791118834.9818506,1978.9921875,199.2,5.9,308
1791118835.1826725,1978.9921875,199.2,5.1,308
1791118835.3834324,1978.9921875,204.2,5.7,308
1791118835.5842059,1978.9921875,199.2,6.0,308
1791118835.7849617,1978.9921875,199.2,6.5,308
1791118835.9857159,1978.9921875,199.2,5.1,308
1791118836.1865156,1978.9921875,199.2,3.1,308
1791118836.3872967,1978.9921875,199.3,2.3,308
1791118836.5879855,1978.9921875,199.3,2.6,308
1791118836.78871,1978.9921875,199.3,3.4,308
1791118836.9894192,1978.9921875,204.3,2.9,308
1791118837.1901166,1978.9921875,199.3,3.2,308
1791118837.390849,1978.9921875,199.3,3.7,308
1791118837.591538,1978.9921875,199.3,3.9,308
1791118837.7922013,1978.9921875,199.3,3.7,308
1791118837.9929032,1978.9921875,204.3,4.1,308
1791118838.1935716,1978.9921875,199.3,3.6,308
1791118838.3942978,1978.9921875,204.3,4.0,308
1791118838.5950556,1978.9921875,199.2,3.2,308
1791118838.795839,1978.9921875,199.2,3.0,308
1791118838.996639,1978.9921875,199.2,3.5,308
1791118839.197505,1978.9921875,199.1,3.0,308
1791118839.3983002,1978.9921875,199.2,2.6,308
1791118839.5991561,1978.9921875,199.1,5.6,308
1791118839.8000605,1978.9921875,204.1,5.3,308
1791118840.0008256,1978.9921875,199.3,3.1,308
1791118840.20151,1978.9921875,204.3,3.0,308
1791118840.4021828,1978.9921875,199.3,3.1,308
1791118840.602879,1978.9921875,199.3,3.2,308
1791118840.8036284,1978.9921875,199.3,2.3,308
1791118841.0043669,1978.9921875,199.3,2.3,308
1791118841.2051225,1978.9921875,199.3,2.5,308
1791118841.4057994,1978.9921875,199.3,2.3,308
1791118841.6064665,1978.9921875,199.3,2.4,308
1791118841.8071494,1978.9921875,204.3,3.0,308
1791118842.0078216,1978.9921875,204.3,3.3,308
1791118842.208475,1978.9921875,199.3,3.4,308
1791118842.4091475,1978.9921875,194.3,3.2,308
1791118842.6099195,1978.9921875,199.2,3.0,308
1791118842.8108268,1978.9921875,209.1,3.5,308
1791118843.0115814,1978.9921875,199.2,5.6,308
1791118843.2123544,1978.9921875,199.3,5.2,308
1791118843.4130642,1978.9921875,199.3,5.3,308
1791118843.6138177,1978.9921875,199.2,5.1,308
1791118843.814626,1978.9921875,199.2,5.3,308
1791118844.015611,1978.9921875,199.0,5.5,308
1791118844.2164729,1978.9921875,204.2,4.8,308
1791118844.4172783,1978.9921875,199.2,5.6,308
1791118844.618068,1978.9921875,199.2,5.8,308
1791118844.8188426,1978.9921875,199.2,5.4,308
1791118845.019624,1978.9921875,199.2,5.3,308
1791118845.2204168,1978.9921875,199.2,3.7,308
1791118845.4211833,1978.9921875,209.2,5.3,308
1791118845.6219487,1978.9921875,199.2,5.2,308
1791118845.8227272,1978.9921875,199.2,2.6,308
1791118846.0234928,1978.9921875,199.2,2.3,308
1791118846.2242835,1978.9921875,199.2,2.6,308
1791118846.4252422,1978.9921875,199.1,3.2,308
1791118846.6260254,1978.9921875,204.2,3.4,308
1791118846.8268027,1978.9921875,199.2,3.2,308
1791118847.027545,1978.9921875,199.3,3.2,308
1791118847.228276,1978.9921875,199.3,3.0,308
1791118847.4290137,1978.9921875,199.3,3.4,308
1791118847.6297514,1978.9921875,199.2,5.3,308
1791118847.8305357,1978.9921875,199.2,5.1,308
1791118848.03131,1978.9921875,204.2,2.4,308
1791118848.2320287,1978.9921875,204.3,2.4,308
1791118848.432637,1978.9921875,199.4,2.8,308
1791118848.6333632,1978.9921875,199.3,3.2,308
1791118848.8340719,1978.9921875,199.3,3.4,308
1791118849.034784,1978.9921875,199.3,3.2,308
1791118849.235472,1978.9921875,199.3,3.0,308
1791118849.4361851,1978.9921875,199.2,4.2,308
1791118849.636937,1978.9921875,199.3,5.0,308
1791118849.8376791,1978.9921875,199.3,3.6,308
1791118850.0383909,1978.9921875,204.3,3.2,308
1791118850.239152,1978.9921875,204.2,2.9,308
1791118850.4399116,1978.9921875,199.2,3.3,308
1791118850.6406884,1978.9921875,199.2,3.2,308
1791118850.8414445,1978.9921875,199.3,3.7,308
1791118851.0422,1978.9921875,199.2,4.1,308
1791118851.242928,1978.9921875,199.3,3.8,308
1791118851.4436128,1978.9921875,199.3,6.0,308
1791118851.6443803,1978.9921875,199.2,7.0,308
1791118851.8451521,1978.9921875,209.2,5.7,308
1791118852.0459015,1978.9921875,199.3,3.7,308
1791118852.2465754,1978.9921875,199.3,2.4,308
1791118852.4472628,1978.9921875,199.3,2.5,308
1791118852.647927,1978.9921875,199.3,4.6,308
1791118852.8486803,1978.9921875,199.3,2.9,308
1791118853.049368,1978.9921875,199.3,5.5,308
1791118853.2501683,1978.9921875,199.2,5.9,308
1791118853.450913,1978.9921875,204.2,5.8,308
1791118853.6517088,1978.9921875,199.2,5.5,308
1791118853.85257,1978.9921875,199.2,5.7,308
1791118854.0533538,1978.9921875,199.2,3.9,308
1791118854.2541132,1978.9921875,204.2,5.8,308
1791118854.454872,1978.9921875,199.2,3.3,308
1791118854.6556387,1978.9921875,199.2,5.3,308
1791118854.8564298,1978.9921875,204.2,6.5,308
1791118855.057214,1978.9921875,199.2,5.1,308
1791118855.2579398,1978.9921875,199.3,3.4,308
1791118855.4586432,1978.9921875,199.3,5.8,308
1791118855.659415,1978.9921875,199.2,5.9,308
1791118855.8601966,1978.9921875,199.2,3.2,308
1791118856.060969,1978.9921875,204.2,3.2,308
1791118856.2617447,1978.9921875,199.2,3.2,308
1791118856.4625194,1978.9921875,199.3,3.4,308
1791118856.6632614,1978.9921875,199.2,2.6,308
1791118856.8640409,1978.9921875,199.2,2.4,308
1791118857.06481,1978.9921875,204.2,2.7,308
1791118857.265579,1978.9921875,199.2,2.2,308
1791118857.4663296,1978.9921875,204.3,2.4,308
1791118857.6670296,1978.9921875,199.3,5.1,308
1791118857.8677585,1978.9921875,199.3,3.3,308
1791118858.0684228,1978.9921875,199.3,3.2,308
1791118858.2691088,1978.9921875,199.3,6.2,308
1791118858.4698822,1978.9921875,199.2,3.6,308
1791118858.6706545,1978.9921875,199.3,2.9,308
1791118858.8714066,1978.9921875,204.2,2.9,308
1791118859.072175,1978.9921875,199.2,2.3,308
1791118859.272918,1978.9921875,199.2,2.3,308
1791118859.473663,1978.9921875,199.3,2.4,308
1791118859.6743183,1978.9921875,199.4,2.7,308
1791118859.874946,1978.9921875,199.4,2.9,308
1791118860.0756097,1978.9921875,199.3,3.2,308
1791118860.2763,1978.9921875,209.3,3.1,308
1791118860.4769635,1978.9921875,199.3,3.1,308
1791118860.6775868,1978.9921875,199.4,3.1,308
1791118860.8782344,1978.9921875,199.4,3.2,308
1791118861.0788906,1978.9921875,199.3,3.0,308
1791118861.2796113,1978.9921875,199.3,2.4,308
1791118861.4803271,1978.9921875,199.3,2.3,308
1791118861.6810215,1978.9921875,204.3,2.5,308
1791118861.8817182,1978.9921875,199.3,2.3,308
1791118862.0823982,1978.9921875,199.3,2.8,308
1791118862.2831197,1978.9921875,199.3,3.9,308
1791118862.483816,1978.9921875,199.3,4.1,308
1791118862.684535,1978.9921875,199.3,4.1,308
1791118862.8851871,1978.9921875,199.3,6.0,308
1791118863.0859604,1978.9921875,204.2,6.8,308
1791118863.286711,1978.9921875,199.3,8.9,308
1791118863.4874463,1978.9921875,204.2,9.7,308
1791118863.6881902,1978.9921875,199.2,6.0,308
1791118863.8889408,1978.9921875,199.2,7.5,308
1791118864.0896952,1978.9921875,199.3,5.8,308
1791118864.2904747,1978.9921875,199.2,4.3,308
1791118864.4912627,1978.9921875,199.2,6.9,308
1791118864.6919968,1978.9921875,199.2,6.9,308
1791118864.8928835,1978.9921875,204.1,5.5,308
1791118865.0937438,1978.9921875,204.1,7.8,308
1791118865.2945766,1978.9921875,199.2,4.4,308
1791118865.495379,1978.9921875,199.2,3.9,308
1791118865.6960664,1978.9921875,199.3,4.9,308
1791118865.8968425,1978.9921875,199.2,4.3,308
1791118866.0976343,1978.9921875,199.2,5.4,308
1791118866.2984293,1978.9921875,204.2,2.5,308
1791118866.4991884,1978.9921875,199.3,2.5,308
1791118866.699841,1978.9921875,199.3,3.1,308
1791118866.900533,1978.9921875,199.3,3.1,308
1791118867.1012056,1978.9921875,204.3,3.1,308
1791118867.3018713,1978.9921875,199.3,3.1,308
1791118867.5025234,1978.9921875,199.4,3.3,308
1791118867.7031562,1978.9921875,204.3,3.4,308
1791118867.9038303,1978.9921875,199.3,2.8,308
1791118868.104571,1978.9921875,199.3,2.5,308
1791118868.3052647,1978.9921875,199.3,2.5,308
1791118868.5059428,1978.9921875,199.3,2.9,308
1791118868.7066667,1978.9921875,199.3,2.4,308
1791118868.9073508,1978.9921875,199.3,3.0,308
1791118869.1080725,1978.9921875,204.2,3.1,308
1791118869.3087683,1978.9921875,199.3,3.3,308
1791118869.5094697,1978.9921875,199.3,3.2,308
1791118869.7102244,1978.9921875,199.3,3.7,308
1791118869.910893,1978.9921875,204.3,3.6,308
1791118870.1115794,1978.9921875,199.3,2.5,308
1791118870.3122203,1978.9921875,199.3,2.2,308
1791118870.5128949,1978.9921875,199.3,2.1,308
1791118870.7135386,1978.9921875,199.4,2.1,308
1791118870.9141939,1978.9921875,199.3,2.2,308
1791118871.1148446,1978.9921875,199.3,2.4,308
1791118871.315502,1978.9921875,199.3,2.7,308
1791118871.5161815,1978.9921875,204.3,2.7,308
1791118871.7168033,1978.9921875,204.4,2.9,308
1791118871.9174633,1978.9921875,194.3,3.2,308
1791118872.118167,1978.9921875,204.3,3.0,308
1791118872.3188286,1978.9921875,199.3,2.8,308
1791118872.519548,1978.9921875,199.3,2.1,308
1791118872.7201939,1978.9921875,199.4,2.1,308
1791118872.9208505,1978.9921875,199.3,4.6,308
1791118873.1216123,1978.9921875,204.2,6.0,308
1791118873.3224063,1978.9921875,199.2,6.4,308
1791118873.523208,1978.9921875,199.2,7.5,308
1791118873.7240593,1978.9921875,199.2,5.8,308
1791118873.9247992,1978.9921875,199.3,7.8,308
1791118874.1255264,1978.9921875,199.3,7.1,308
1791118874.326273,1978.9921875,199.3,7.4,308
1791118874.5269942,1978.9921875,204.3,5.6,308
1791118874.7276826,1978.9921875,204.3,7.0,308
1791118874.928453,1978.9921875,199.2,8.0,308
1791118875.1292238,1978.9921875,199.2,5.5,308
1791118875.329932,1978.9921875,199.3,5.5,308
1791118875.530634,1978.9921875,199.3,7.4,308
1791118875.731404,1978.9921875,204.2,9.7,308
1791118875.93218,1978.9921875,199.2,5.5,308
1791118876.132929,1978.9921875,199.3,5.5,308
1791118876.3336225,1978.9921875,199.3,5.5,308
1791118876.5342956,1978.9921875,199.3,6.0,308
1791118876.7349877,1978.9921875,199.3,5.7,308
1791118876.9357233,1978.9921875,199.3,5.2,308
1791118877.136405,1978.9921875,204.3,4.6,308
1791118877.3370926,1978.9921875,199.3,4.9,308
1791118877.5377371,1978.9921875,199.4,4.8,308
1791118877.7384138,1978.9921875,199.3,5.1,308
1791118877.939118,1978.9921875,199.3,4.6,308
1791118878.139868,1978.9921875,204.2,4.7,308
1791118878.3406353,1978.9921875,194.3,4.9,308
1791118878.541409,1978.9921875,204.2,5.2,308
1791118878.742129,1978.9921875,199.3,4.8,308
1791118878.94287,1978.9921875,204.2,4.8,308
1791118879.1436195,1978.9921875,199.3,4.8,308
1791118879.3442998,1978.9921875,199.3,4.4,308
1791118879.5452023,1978.9921875,199.2,4.3,308
1791118879.7459688,1978.9921875,204.2,5.0,308
1791118879.9467957,1978.9921875,199.2,4.0,308
1791118880.1475546,1978.9921875,199.2,4.2,308
1791118880.348332,1978.9921875,199.2,4.9,308
1791118880.5491533,1978.9921875,199.2,4.8,308
1791118880.749901,1978.9921875,199.2,4.8,308
1791118880.9506888,1978.9921875,199.2,4.9,308
1791118881.1514764,1978.9921875,204.2,4.7,308
1791118881.3522305,1978.9921875,199.2,5.0,308
1791118881.5530286,1978.9921875,199.2,4.2,308
1791118881.7537935,1978.9921875,199.2,6.7,308
1791118881.9546533,1978.9921875,199.2,4.1,308
1791118882.155439,1978.9921875,204.2,4.0,308
1791118882.356208,1978.9921875,204.1,3.8,308
1791118882.5571277,1978.9921875,199.1,6.5,308
1791118882.757921,1978.9921875,199.2,4.8,308
1791118882.9587111,1978.9921875,199.3,7.6,308
1791118883.159424,1978.9921875,199.2,7.4,308
1791118883.3603609,1978.9921875,199.1,7.8,308
1791118883.5612588,1978.9921875,204.1,5.6,308
1791118883.7620986,1978.9921875,199.1,7.0,308
1791118883.9629784,1978.9921875,199.1,9.3,308
1791118884.1640286,1978.9921875,199.0,9.0,308
1791118884.364797,1978.9921875,199.2,7.8,308
1791118884.5655625,1978.9921875,204.2,10.0,308
1791118884.7662845,1978.9921875,204.3,5.7,308
1791118884.9670084,1978.9921875,199.3,10.2,308
1791118885.167754,1978.9921875,199.3,5.8,308
1791118885.3684664,1978.9921875,199.3,5.7,308
1791118885.5691924,1978.9921875,199.3,7.5,308
1791118885.7699275,1978.9921875,204.2,6.7,308
1791118885.970657,1978.9921875,199.3,4.6,308
1791118886.1713908,1978.9921875,199.3,4.3,308
1791118886.372115,1978.9921875,199.3,3.9,308
1791118886.572861,1978.9921875,199.2,4.2,308
1791118886.773581,1978.9921875,199.3,4.2,308
1791118886.9743056,1978.9921875,199.3,4.9,308
1791118887.17503,1978.9921875,204.3,4.9,308
1791118887.3757186,1978.9921875,199.3,4.8,308
1791118887.576429,1978.9921875,199.3,4.8,308
1791118887.777138,1978.9921875,199.3,6.5,308
1791118887.9778144,1978.9921875,204.3,6.0,308
1791118888.1785016,1978.9921875,199.3,5.8,308
1791118888.3792608,1978.9921875,199.2,5.3,308
1791118888.5799184,1978.9921875,199.3,5.3,308
1791118888.7806237,1978.9921875,204.3,5.1,308
1791118888.981386,1978.9921875,199.2,7.2,308
1791118889.182102,1978.9921875,199.3,5.0,308
1791118889.382784,1978.9921875,199.3,5.8,308
1791118889.5834744,1978.9921875,199.3,5.8,308
1791118889.7841616,1978.9921875,199.3,6.0,308
1791118889.9848435,1978.9921875,199.3,5.7,308
1791118890.1855395,1978.9921875,199.3,5.7,308
1791118890.3862338,1978.9921875,204.3,5.6,308
1791118890.586938,1978.9921875,199.3,3.3,308
1791118890.787682,1978.9921875,199.2,2.2,308
1791118890.98845,1978.9921875,204.2,2.1,308
1791118891.1891863,1978.9921875,199.3,2.2,308
1791118891.3899117,1978.9921875,199.3,2.3,308
1791118891.590663,1978.9921875,199.3,2.8,308
1791118891.791406,1978.9921875,204.2,3.2,308
1791118891.9921732,1978.9921875,199.2,3.0,308
1791118892.1930053,1978.9921875,199.2,2.9,308
1791118892.393732,1978.9921875,199.3,3.2,308
1791118892.594462,1978.9921875,199.2,3.0,308
1791118892.7952464,1978.9921875,204.2,5.0,308
1791118892.9960089,1978.9921875,199.3,5.0,308
1791118893.19674,1978.9921875,199.3,5.0,308
1791118893.3974714,1978.9921875,199.3,6.5,308
1791118893.5981915,1978.9921875,199.3,5.0,308
1791118893.7989135,1978.9921875,199.3,7.4,308
1791118893.999656,1978.9921875,199.3,7.7,308
1791118894.2004204,1978.9921875,204.2,7.5,308
1791118894.4010906,1978.9921875,204.3,6.3,308
1791118894.6016965,1978.9921875,199.4,7.8,308
1791118894.8024185,1978.9921875,199.3,7.9,308
1791118895.003146,1978.9921875,199.3,8.4,308
1791118895.2038543,1978.9921875,199.3,5.3,308
1791118895.4045646,1978.9921875,199.3,6.8,308
1791118895.6052756,1978.9921875,204.3,6.4,308
1791118895.8059654,1978.9921875,199.3,4.7,308
1791118896.0065851,1978.9921875,199.4,4.4,308
1791118896.2072082,1978.9921875,199.4,5.3,308
1791118896.4078243,1978.9921875,199.4,6.9,308
1791118896.6085274,1978.9921875,199.3,5.1,308
1791118896.8091886,1978.9921875,199.3,6.0,308
1791118897.009904,1978.9921875,204.3,5.1,308
1791118897.2105262,1978.9921875,199.4,5.0,308
1791118897.4111495,1978.9921875,199.4,4.4,308
1791118897.611758,1978.9921875,199.4,4.2,308
1791118897.8124065,1978.9921875,199.4,4.2,308
1791118898.0130568,1978.9921875,204.3,4.7,308
1791118898.2137418,1978.9921875,199.3,4.3,308
1791118898.4143693,1978.9921875,199.4,5.2,308
1791118898.614984,1978.9921875,204.4,5.5,308
1791118898.8155777,1978.9921875,199.4,5.1,308
1791118899.0162137,1978.9921875,199.4,5.6,308
1791118899.2168293,1978.9921875,199.4,5.0,308
1791118899.4174738,1978.9921875,199.4,4.9,308
1791118899.61812,1978.9921875,199.4,5.5,308
1791118899.8187547,1978.9921875,199.3,4.2,308
1791118900.0194764,1978.9921875,199.3,4.1,308
1791118900.2201903,1978.9921875,199.3,4.4,308
1791118900.4208746,1978.9921875,204.3,4.6,308
1791118900.621618,1978.9921875,199.3,4.9,308
1791118900.8222876,1978.9921875,204.3,5.6,308
1791118901.022983,1978.9921875,199.3,5.7,308
1791118901.2236633,1978.9921875,199.3,5.9,308
1791118901.4243262,1978.9921875,199.3,5.8,308
1791118901.624981,1978.9921875,199.4,6.0,308
1791118901.825614,1978.9921875,199.4,5.9,308
1791118902.0262854,1978.9921875,204.3,5.7,308
1791118902.226971,1978.9921875,199.3,5.1,308
1791118902.427645,1978.9921875,199.3,5.1,308
1791118902.6283147,1978.9921875,199.3,6.4,308
1791118902.8289967,1978.9921875,199.3,5.3,308
1791118903.0296452,1978.9921875,199.3,9.8,308
1791118903.2303917,1978.9921875,204.2,8.2,308
1791118903.4311125,1978.9921875,199.3,7.2,308
1791118903.6318026,1978.9921875,199.3,5.8,308
1791118903.832469,1978.9921875,199.3,7.8,308
1791118904.0331838,1978.9921875,204.3,7.8,308
1791118904.2339153,1978.9921875,199.3,7.6,308
1791118904.4346647,1978.9921875,199.3,5.2,308
1791118904.6354198,1978.9921875,199.3,7.1,308
1791118904.836148,1978.9921875,199.3,7.4,308
1791118905.0368676,1978.9921875,204.3,7.4,308
1791118905.2376044,1978.9921875,199.3,5.3,308
1791118905.4383483,1978.9921875,199.3,7.5,308
1791118905.6390646,1978.9921875,199.3,6.0,308
1791118905.8397746,1978.9921875,199.3,7.7,308
1791118906.040546,1978.9921875,199.2,4.9,308
1791118906.241327,1978.9921875,204.2,4.9,308
1791118906.4419866,1978.9921875,204.3,5.2,308
1791118906.6426303,1978.9921875,199.4,4.3,308
1791118906.8433018,1978.9921875,199.3,4.4,308
1791118907.043968,1978.9921875,199.3,4.4,308
1791118907.244679,1978.9921875,199.3,4.3,308
1791118907.4453225,1978.9921875,199.4,4.3,308
1791118907.645946,1978.9921875,199.4,5.0,308
1791118907.846613,1978.9921875,199.3,5.6,308
1791118908.0473642,1978.9921875,204.3,5.1,308
1791118908.2480364,1978.9921875,199.3,5.1,308
1791118908.4486773,1978.9921875,199.3,5.4,308
1791118908.6493723,1978.9921875,199.3,5.1,308
1791118908.8500254,1978.9921875,199.3,4.6,308
1791118909.0506895,1978.9921875,199.3,6.2,308
1791118909.2514215,1978.9921875,204.3,5.6,308
1791118909.452116,1978.9921875,199.3,6.9,308
1791118909.6528668,1978.9921875,199.3,4.6,308
1791118909.8535688,1978.9921875,199.3,5.5,308
1791118910.0542877,1978.9921875,199.3,5.0,308
1791118910.2549589,1978.9921875,204.3,4.8,308
1791118910.4555993,1978.9921875,199.3,5.1,308
1791118910.656259,1978.9921875,199.3,5.1,308
1791118910.856907,1978.9921875,204.3,5.1,308
1791118911.0576172,1978.9921875,199.3,4.7,308
1791118911.2582905,1978.9921875,199.3,4.3,308
1791118911.4589708,1978.9921875,199.3,4.3,308
1791118911.659713,1978.9921875,199.2,6.5,308
1791118911.8604925,1978.9921875,199.2,4.2,308
1791118912.0612497,1978.9921875,204.2,4.6,308
1791118912.2619672,1978.9921875,199.3,5.0,308
1791118912.4626384,1978.9921875,199.3,5.4,308
1791118912.663325,1978.9921875,199.3,5.2,308
1791118912.8639987,1978.9921875,199.3,7.2,308
1791118913.0647213,1978.9921875,199.3,8.0,308
1791118913.2654727,1978.9921875,199.2,8.5,308
1791118913.4662652,1978.9921875,209.2,7.8,308
1791118913.6670113,1978.9921875,199.3,5.8,308
1791118913.867672,1978.9921875,199.3,7.3,308
1791118914.0683424,1978.9921875,199.3,7.9,308
1791118914.2690923,1978.9921875,199.3,6.1,308
1791118914.4697819,1978.9921875,199.3,8.9,308
1791118914.6705303,1978.9921875,199.3,8.5,308
1791118914.8712425,1978.9921875,204.3,7.0,308
1791118915.0719194,1978.9921875,199.3,10.0,308
1791118915.272682,1978.9921875,199.3,8.2,308
1791118915.473395,1978.9921875,199.3,6.6,308
1791118915.674084,1978.9921875,199.3,10.2,308
1791118915.8748248,1978.9921875,199.3,5.1,308
1791118916.0755613,1978.9921875,199.2,4.4,308
1791118916.2763429,1978.9921875,204.2,4.2,308
1791118916.4770896,1978.9921875,199.3,6.2,308
1791118916.677843,1978.9921875,204.2,4.8,308
1791118916.8785946,1978.9921875,199.3,5.3,308
1791118917.0793278,1978.9921875,199.3,5.3,308
1791118917.2800062,1978.9921875,199.3,5.0,308
1791118917.4806917,1978.9921875,204.3,5.2,308
1791118917.6814463,1978.9921875,199.2,5.1,308
1791118917.8823931,1978.9921875,199.1,5.2,308
1791118918.0831277,1978.9921875,199.3,4.4,308
1791118918.2838578,1978.9921875,199.3,4.8,308
1791118918.4845243,1978.9921875,199.3,4.6,308
1791118918.6853676,1978.9921875,199.2,4.5,308
1791118918.8860724,1978.9921875,204.3,4.8,308
1791118919.0867572,1978.9921875,199.3,5.3,308
1791118919.2874892,1978.9921875,199.3,5.0,308
1791118919.4882164,1978.9921875,199.3,10.6,308
1791118919.6889265,1978.9921875,199.2,5.6,308
1791118919.8898363,1978.9921875,204.1,5.1,308
1791118920.0906343,1978.9921875,204.2,5.2,308
1791118920.2913823,1978.9921875,199.3,4.1,308
1791118920.49211,1978.9921875,199.3,4.4,308
1791118920.6928208,1978.9921875,199.3,4.5,308
1791118920.8935637,1978.9921875,199.3,6.9,308
1791118921.0943034,1978.9921875,199.3,4.6,308
1791118921.2950363,1978.9921875,199.3,5.1,308
1791118921.4957469,1978.9921875,204.3,5.0,308
1791118921.6964836,1978.9921875,199.3,5.2,308
1791118921.8972127,1978.9921875,199.3,5.1,308
1791118922.0978813,1978.9921875,199.3,5.2,308
1791118922.298555,1978.9921875,199.3,5.6,308
1791118922.499419,1978.9921875,204.1,4.2,308
1791118922.700186,1978.9921875,199.2,4.2,308
1791118922.900959,1978.9921875,204.2,6.5,308
1791118923.101683,1978.9921875,199.3,7.4,308
1791118923.3024318,1978.9921875,199.3,6.9,308
1791118923.5031633,1978.9921875,199.3,12.3,308
1791118923.7038689,1978.9921875,199.3,7.4,308
1791118923.904619,1978.9921875,199.3,7.3,308
1791118924.1054199,1978.9921875,204.2,5.6,308
1791118924.306142,1978.9921875,199.3,7.4,308
1791118924.506904,1978.9921875,199.2,7.6,308
1791118924.707651,1978.9921875,199.3,5.6,308
1791118924.9083366,1978.9921875,199.3,6.5,308
1791118925.1090999,1978.9921875,199.2,8.0,308
1791118925.3098564,1978.9921875,204.2,5.1,308
1791118925.5106006,1978.9921875,199.3,8.7,308
1791118925.7113297,1978.9921875,199.2,7.4,308
1791118925.9121196,1978.9921875,204.2,5.1,308
1791118926.1128385,1978.9921875,199.3,6.0,308
1791118926.3135562,1978.9921875,199.3,5.7,308
1791118926.5142884,1978.9921875,199.3,5.6,308
1791118926.7150335,1978.9921875,204.2,5.6,308
1791118926.9157915,1978.9921875,199.3,5.6,308
1791118927.1165411,1978.9921875,199.3,4.7,308
1791118927.3172815,1978.9921875,199.3,4.9,308
1791118927.5179825,1978.9921875,199.3,4.6,308
1791118927.718698,1978.9921875,199.3,4.8,308
1791118927.9194734,1978.9921875,199.3,5.1,308
1791118928.1201859,1978.9921875,204.3,5.6,308
1791118928.3209157,1978.9921875,199.3,5.6,308
1791118928.521625,1978.9921875,199.3,6.1,308
1791118928.7223773,1978.9921875,204.2,6.9,308
1791118928.9232535,1978.9921875,199.2,5.1,308
1791118929.1239872,1978.9921875,199.3,4.7,308
1791118929.3246715,1978.9921875,199.3,3.9,308
1791118929.525392,1978.9921875,204.2,8.8,308
1791118929.7261212,1978.9921875,199.3,4.4,308
1791118929.9268668,1978.9921875,199.3,4.1,308
1791118930.1276057,1978.9921875,199.3,3.9,308
1791118930.3283103,1978.9921875,199.3,4.9,308
1791118930.5290782,1978.9921875,204.2,4.8,308
1791118930.7297962,1978.9921875,199.3,4.8,308
1791118930.930518,1978.9921875,199.3,4.8,308
1791118931.1312547,1978.9921875,199.3,4.6,308
1791118931.3319714,1978.9921875,199.3,5.8,308
1791118931.5327032,1978.9921875,199.3,4.1,308
1791118931.7334485,1978.9921875,204.3,4.0,308
1791118931.9341762,1978.9921875,199.3,4.2,308
1791118932.13488,1978.9921875,199.3,4.4,308
1791118932.3355668,1978.9921875,199.3,4.1,308
1791118932.5362842,1978.9921875,199.3,4.8,308
1791118932.7370107,1978.9921875,204.3,4.9,308
1791118932.9377434,1978.9921875,199.3,7.2,308
1791118933.138479,1978.9921875,199.3,7.4,308
1791118933.339215,1978.9921875,204.2,7.5,308
1791118933.539966,1978.9921875,199.3,7.4,308
1791118933.7406933,1978.9921875,199.3,6.9,308
1791118933.9414315,1978.9921875,199.3,7.2,308
1791118934.1421616,1978.9921875,199.3,5.0,308
1791118934.3428643,1978.9921875,204.3,6.9,308
1791118934.543598,1978.9921875,199.3,6.9,308
1791118934.7443423,1978.9921875,199.3,7.6,308
1791118934.9450784,1978.9921875,199.3,8.8,308
1791118935.1458313,1978.9921875,199.2,5.6,308
1791118935.3465924,1978.9921875,199.3,5.8,308
1791118935.5473409,1978.9921875,199.2,7.4,308
1791118935.7481055,1978.9921875,204.2,7.3,308
1791118935.9488316,1978.9921875,199.3,4.7,308
1791118936.14956,1978.9921875,204.2,4.0,308
1791118936.3503444,1978.9921875,199.2,4.1,308
1791118936.551096,1978.9921875,199.2,4.4,308
1791118936.7518494,1978.9921875,204.2,4.1,308
1791118936.952658,1978.9921875,199.2,4.1,308
1791118937.1534462,1978.9921875,199.2,4.9,308
1791118937.354211,1978.9921875,199.2,4.9,308
1791118937.5550754,1978.9921875,199.2,5.0,308
1791118937.7559144,1978.9921875,199.2,7.7,308
1791118937.956673,1978.9921875,204.2,4.9,308
1791118938.1574483,1978.9921875,199.3,5.0,308
1791118938.3581538,1978.9921875,199.3,4.1,308
1791118938.5588763,1978.9921875,199.3,4.6,308
1791118938.759615,1978.9921875,199.3,5.0,308
1791118938.960384,1978.9921875,199.2,5.0,308
1791118939.1611388,1978.9921875,204.3,4.8,308
1791118939.3618143,1978.9921875,199.3,5.9,308
1791118939.5625153,1978.9921875,199.3,5.8,308
1791118939.7632537,1978.9921875,199.3,6.0,308
1791118939.9640074,1978.9921875,204.2,6.5,308
1791118940.1647434,1978.9921875,199.3,5.6,308
1791118940.3654377,1978.9921875,204.3,5.8,308
1791118940.5661392,1978.9921875,199.3,5.2,308
1791118940.7668777,1978.9921875,199.3,5.1,308
1791118940.9676342,1978.9921875,199.2,5.2,308
1791118941.1684122,1978.9921875,199.3,4.9,308
1791118941.3691092,1978.9921875,199.3,4.6,308
1791118941.5698006,1978.9921875,204.3,4.7,308
1791118941.7705226,1978.9921875,199.3,5.4,308
1791118941.9713287,1978.9921875,199.2,4.7,308
1791118942.1720653,1978.9921875,199.3,4.8,308
1791118942.3727696,1978.9921875,199.3,5.0,308
1791118942.5734723,1978.9921875,199.3,6.7,308
1791118942.7742443,1978.9921875,199.2,6.7,308
1791118942.9750113,1978.9921875,204.2,6.8,308
1791118943.175779,1978.9921875,199.2,6.8,308
1791118943.37668,1978.9921875,199.1,7.0,308
1791118943.5775,1978.9921875,199.2,5.1,308
1791118943.7783208,1978.9921875,204.2,7.6,308
1791118943.9791057,1978.9921875,204.2,7.5,308
1791118944.1798775,1978.9921875,199.3,5.7,308
1791118944.3805737,1978.9921875,199.3,7.7,308
1791118944.58134,1978.9921875,199.2,7.4,308
1791118944.7820542,1978.9921875,199.3,6.1,308
1791118944.9827323,1978.9921875,199.3,10.0,308
1791118945.1834722,1978.9921875,199.3,4.9,308
1791118945.384149,1978.9921875,204.3,4.8,308
1791118945.5848,1978.9921875,199.3,6.6,308
1791118945.7855654,1978.9921875,199.2,6.2,308
1791118945.9863212,1978.9921875,199.3,4.4,308
1791118946.187038,1978.9921875,199.2,5.1,308
1791118946.3878095,1978.9921875,204.2,4.8,308
1791118946.5885365,1978.9921875,199.3,5.3,308
1791118946.7892592,1978.9921875,199.3,5.1,308
1791118946.9899764,1978.9921875,199.3,5.3,308
1791118947.1906939,1978.9921875,199.3,5.3,308
1791118947.3914073,1978.9921875,199.3,4.1,308
1791118947.5921261,1978.9921875,204.3,4.2,308
1791118947.7928166,1978.9921875,199.3,4.6,308
1791118947.9935396,1978.9921875,199.2,4.6,308
1791118948.194332,1978.9921875,204.2,4.8,308
1791118948.3951268,1978.9921875,199.2,8.6,308
1791118948.5958557,1978.9921875,199.3,5.1,308
1791118948.7967281,1978.9921875,204.1,5.4,308
1791118948.9974377,1978.9921875,199.3,4.9,308
1791118949.1981232,1978.9921875,199.3,4.8,308
1791118949.3987918,1978.9921875,199.3,5.3,308
1791118949.5994682,1978.9921875,199.3,4.4,308
1791118949.8002214,1978.9921875,199.3,4.4,308
1791118950.0009,1978.9921875,204.3,4.3,308
1791118950.2015667,1978.9921875,199.3,4.1,308
1791118950.4022539,1978.9921875,199.3,4.4,308
1791118950.602923,1978.9921875,199.3,4.8,308
1791118950.8036687,1978.9921875,199.3,4.9,308
1791118951.0043457,1978.9921875,199.3,5.3,308
1791118951.205027,1978.9921875,199.3,4.8,308
1791118951.4056869,1978.9921875,204.3,5.7,308
1791118951.6063552,1978.9921875,199.3,5.9,308
1791118951.8070147,1978.9921875,204.3,5.2,308
1791118952.0076747,1978.9921875,199.3,5.3,308
1791118952.20834,1978.9921875,199.3,5.0,308
1791118952.408993,1978.9921875,199.3,4.8,308
1791118952.6096632,1978.9921875,199.3,5.2,308
1791118952.8103938,1978.9921875,199.3,7.3,308
1791118953.0111551,1978.9921875,204.2,8.7,308
1791118953.21193,1978.9921875,199.3,9.1,308
1791118953.4126642,1978.9921875,199.3,6.6,308
1791118953.6133819,1978.9921875,199.3,8.5,308
1791118953.8141565,1978.9921875,199.2,8.2,308
1791118954.0149105,1978.9921875,199.2,7.5,308
1791118954.2156563,1978.9921875,199.3,5.5,308
1791118954.416356,1978.9921875,204.3,7.1,308
1791118954.6171236,1978.9921875,204.2,6.6,308
1791118954.8178825,1978.9921875,199.2,5.6,308
1791118955.018612,1978.9921875,199.3,8.7,308
1791118955.2194037,1978.9921875,199.2,8.3,308
1791118955.420163,1978.9921875,199.3,6.0,308
1791118955.6208322,1978.9921875,204.3,7.6,308
1791118955.8215919,1978.9921875,199.3,7.4,308
1791118956.0223665,1978.9921875,199.2,4.9,308
1791118956.223113,1978.9921875,199.2,5.1,308
1791118956.4238756,1978.9921875,199.3,4.6,308
1791118956.6245527,1978.9921875,199.3,4.2,308
1791118956.8253026,1978.9921875,204.3,4.5,308
1791118957.02596,1978.9921875,199.3,4.1,308
1791118957.2265959,1978.9921875,199.4,4.2,308
1791118957.4272313,1978.9921875,199.4,5.1,308
1791118957.6278577,1978.9921875,199.4,5.1,308
1791118957.8285196,1978.9921875,199.3,5.1,308
1791118958.0292892,1978.9921875,199.2,5.3,308
1791118958.2300622,1978.9921875,204.2,5.0,308
1791118958.4307413,1978.9921875,199.3,5.7,308
1791118958.63144,1978.9921875,204.3,6.4,308
1791118958.8322365,1978.9921875,199.2,4.3,308
1791118959.0330293,1978.9921875,199.2,4.8,308
1791118959.2338593,1978.9921875,199.2,4.3,308
1791118959.434532,1978.9921875,199.3,4.2,308
1791118959.635232,1978.9921875,204.2,6.2,308
1791118959.836121,1978.9921875,199.1,9.4,308
1791118960.0368981,1978.9921875,199.2,5.1,308
1791118960.2376432,1978.9921875,199.3,5.3,308
1791118960.438393,1978.9921875,199.2,5.0,308
1791118960.6391695,1978.9921875,199.2,5.1,308
1791118960.8398857,1978.9921875,204.2,5.0,308
1791118961.040648,1978.9921875,199.2,4.2,308
1791118961.241442,1978.9921875,199.2,4.5,308
1791118961.4422262,1978.9921875,204.2,4.7,308
1791118961.64297,1978.9921875,199.3,4.3,308
1791118961.8436375,1978.9921875,199.3,5.2,308
1791118962.044366,1978.9921875,199.3,5.4,308
1791118962.2450318,1978.9921875,204.3,5.1,308
1791118962.445706,1978.9921875,199.3,5.4,308
1791118962.6464381,1978.9921875,199.3,4.9,308
1791118962.8471313,1978.9921875,199.3,7.6,308
1791118963.0479004,1978.9921875,199.2,8.2,308
1791118963.2487032,1978.9921875,199.2,7.0,308
1791118963.449566,1978.9921875,199.2,5.5,308
1791118963.6502962,1978.9921875,199.3,7.3,308
1791118963.8510811,1978.9921875,209.2,7.4,308
1791118964.0518417,1978.9921875,199.2,7.5,308
1791118964.2525852,1978.9921875,199.3,6.9,308
1791118964.4532588,1978.9921875,199.3,8.4,308
1791118964.6540463,1978.9921875,199.2,8.8,308
1791118964.8548093,1978.9921875,204.2,6.9,308
1791118965.05551,1978.9921875,199.3,9.2,308
1791118965.2563012,1978.9921875,199.2,7.0,308
1791118965.4572678,1978.9921875,199.1,7.9,308
1791118965.6580453,1978.9921875,199.2,7.2,308
1791118965.8588104,1978.9921875,199.2,5.8,308
1791118966.0595798,1978.9921875,199.2,4.9,308
1791118966.260356,1978.9921875,204.2,6.8,308
1791118966.4611516,1978.9921875,199.3,6.4,308
1791118966.6618335,1978.9921875,199.3,6.0,308
1791118966.862497,1978.9921875,199.3,5.4,308
1791118967.063151,1978.9921875,204.3,5.1,308
1791118967.263817,1978.9921875,199.4,5.1,308
1791118967.464459,1978.9921875,199.4,5.4,308
1791118967.6651006,1978.9921875,204.3,4.3,308
1791118967.8657715,1978.9921875,199.3,4.8,308
1791118968.0665216,1978.9921875,199.2,4.6,308
1791118968.2672873,1978.9921875,199.3,4.3,308
1791118968.468017,1978.9921875,199.3,4.8,308
1791118968.6687403,1978.9921875,199.3,5.3,308
1791118968.8694243,1978.9921875,199.3,5.0,308
1791118969.0701857,1978.9921875,204.2,5.5,308
1791118969.270919,1978.9921875,199.3,5.2,308
1791118969.471616,1978.9921875,199.3,5.4,308
1791118969.6723242,1978.9921875,199.3,5.9,308
1791118969.8730793,1978.9921875,199.3,4.6,308
1791118970.0738113,1978.9921875,199.3,4.9,308
1791118970.2745442,1978.9921875,199.3,4.6,308
1791118970.4752758,1978.9921875,209.2,4.3,308
1791118970.6760578,1978.9921875,199.2,4.4,308
1791118970.8768268,1978.9921875,199.3,5.2,308
1791118971.077569,1978.9921875,199.3,5.0,308
1791118971.2782843,1978.9921875,199.3,5.1,308
1791118971.4790132,1978.9921875,199.3,5.4,308
1791118971.679733,1978.9921875,204.3,7.6,308
1791118971.8804717,1978.9921875,199.3,5.3,308
1791118972.0811372,1978.9921875,194.4,4.9,308
1791118972.2817595,1978.9921875,204.4,4.5,308
1791118972.4823782,1978.9921875,199.4,4.6,308
1791118972.6830213,1978.9921875,204.3,5.8,308
1791118972.883741,1978.9921875,199.3,5.1,308
1791118973.0844634,1978.9921875,199.3,7.8,308
1791118973.2852108,1978.9921875,199.3,8.2,308
1791118973.4859166,1978.9921875,199.3,7.5,308
1791118973.6866636,1978.9921875,199.3,8.3,308
1791118973.8874218,1978.9921875,204.2,7.8,308
1791118974.0881562,1978.9921875,199.3,5.9,308
1791118974.2888656,1978.9921875,199.3,7.8,308
1791118974.4896138,1978.9921875,199.3,7.1,308
1791118974.6903422,1978.9921875,199.3,5.8,308
1791118974.8909872,1978.9921875,199.3,6.9,308
1791118975.0916958,1978.9921875,199.3,9.1,308
1791118975.2924201,1978.9921875,204.3,5.4,308
1791118975.4930937,1978.9921875,199.3,7.9,308
1791118975.6938062,1978.9921875,204.3,7.8,308
1791118975.8945112,1978.9921875,199.3,5.5,308
1791118976.0951195,1978.9921875,199.4,5.1,308
1791118976.2957792,1978.9921875,199.3,5.1,308
1791118976.4964185,1978.9921875,199.3,5.9,308
1791118976.697099,1978.9921875,204.3,4.8,308
1791118976.8977058,1978.9921875,199.4,5.7,308
1791118977.0983174,1978.9921875,199.4,5.5,308
1791118977.2989233,1978.9921875,199.4,5.1,308
1791118977.4995701,1978.9921875,199.4,5.7,308
1791118977.7001896,1978.9921875,199.4,5.7,308
1791118977.9008255,1978.9921875,199.3,6.0,308
1791118978.1015527,1978.9921875,199.3,8.6,308
1791118978.3022876,1978.9921875,199.3,8.4,308
1791118978.5030384,1978.9921875,209.2,6.3,308
1791118978.7037365,1978.9921875,199.3,6.6,308
1791118978.9043968,1978.9921875,199.3,5.8,308
1791118979.105066,1978.9921875,199.3,5.4,308
1791118979.305729,1978.9921875,199.4,5.5,308
1791118979.5063603,1978.9921875,199.4,4.8,308
1791118979.707009,1978.9921875,204.3,5.1,308
1791118979.9077175,1978.9921875,199.3,4.6,308
1791118980.1084077,1978.9921875,199.3,5.2,308
1791118980.3090813,1978.9921875,199.3,5.7,308
1791118980.5097852,1978.9921875,199.3,5.3,308
1791118980.710502,1978.9921875,199.3,5.2,308
1791118980.9111552,1978.9921875,204.3,5.5,308
1791118981.1118097,1978.9921875,199.4,5.1,308
1791118981.3124332,1978.9921875,199.4,4.6,308
1791118981.5130439,1978.9921875,199.4,4.6,308
1791118981.713641,1978.9921875,199.4,3.1,308
1791118981.9142945,1978.9921875,199.3,2.7,308
1791118982.1150513,1978.9921875,199.3,2.3,308
1791118982.3156977,1978.9921875,199.4,3.5,308
1791118982.516371,1978.9921875,204.3,5.4,308
1791118982.7171404,1978.9921875,204.3,3.2,308
1791118982.917825,1978.9921875,199.3,5.9,308
1791118983.1186051,1978.9921875,199.2,6.5,308
1791118983.319419,1978.9921875,199.2,6.4,308
1791118983.5201852,1978.9921875,199.2,5.4,308
1791118983.7209628,1978.9921875,204.2,5.1,308
1791118983.9217403,1978.9921875,199.3,3.5,308
1791118984.1223907,1978.9921875,199.3,5.7,308
1791118984.3230972,1978.9921875,199.3,7.3,308
1791118984.5237997,1978.9921875,199.3,6.4,308
1791118984.7244673,1978.9921875,199.3,8.3,308
1791118984.9252188,1978.9921875,204.2,8.0,308
1791118985.125905,1978.9921875,199.3,7.4,308
1791118985.3265505,1978.9921875,199.3,8.2,308
1791118985.5272985,1978.9921875,199.2,8.2,308
1791118985.7280724,1978.9921875,199.2,7.9,308
1791118985.9288368,1978.9921875,199.3,4.4,308
1791118986.1295593,1978.9921875,199.3,6.9,308
1791118986.3303382,1978.9921875,209.2,4.6,308
1791118986.5309963,1978.9921875,199.3,4.5,308
1791118986.7317426,1978.9921875,199.2,5.4,308
1791118986.9325304,1978.9921875,199.2,5.1,308
1791118987.1332135,1978.9921875,199.3,5.6,308
1791118987.333868,1978.9921875,204.3,5.4,308
1791118987.5345428,1978.9921875,199.3,5.1,308
1791118987.735271,1978.9921875,199.3,5.3,308
1791118987.9360058,1978.9921875,199.3,5.4,308
1791118988.1367445,1978.9921875,199.3,4.3,308
1791118988.3374407,1978.9921875,199.3,4.7,308
1791118988.5381808,1978.9921875,199.3,5.0,308
1791118988.738866,1978.9921875,204.3,4.4,308
1791118988.939558,1978.9921875,199.3,5.0,308
1791118989.1403203,1978.9921875,199.3,5.1,308
1791118989.3409731,1978.9921875,199.3,5.2,308
1791118989.5416856,1978.9921875,199.3,6.0,308
1791118989.7424152,1978.9921875,199.3,6.3,308
1791118989.9431937,1978.9921875,204.2,8.0,308
1791118990.143969,1978.9921875,199.2,8.2,308
1791118990.3447266,1978.9921875,199.3,5.5,308
1791118990.545427,1978.9921875,199.3,5.3,308
1791118990.746164,1978.9921875,204.3,5.4,308
1791118990.9468262,1978.9921875,204.4,5.2,308
1791118991.147454,1978.9921875,199.3,5.4,308
1791118991.3481216,1978.9921875,199.3,6.0,308
1791118991.548782,1978.9921875,199.3,6.0,308
1791118991.7494662,1978.9921875,199.3,6.2,308
1791118991.9501655,1978.9921875,199.3,6.5,308
1791118992.1508634,1978.9921875,199.3,6.3,308
1791118992.351525,1978.9921875,199.4,5.2,308
1791118992.5521803,1978.9921875,204.3,4.9,308
1791118992.752838,1978.9921875,199.3,4.6,308
1791118992.9534972,1978.9921875,199.3,7.6,308
1791118993.154249,1978.9921875,199.3,7.0,308
1791118993.3549953,1978.9921875,199.3,7.3,308
1791118993.555735,1978.9921875,199.2,7.5,308
1791118993.7565217,1978.9921875,204.2,7.9,308
1791118993.9572744,1978.9921875,199.2,8.4,308
1791118994.158015,1978.9921875,199.3,6.0,308
1791118994.3587797,1978.9921875,199.2,8.0,308
1791118994.5595472,1978.9921875,199.2,7.9,308
1791118994.760298,1978.9921875,204.3,6.2,308
1791118994.9609725,1978.9921875,204.3,7.6,308
1791118995.161741,1978.9921875,199.2,8.1,308
1791118995.3625214,1978.9921875,199.3,5.2,308
1791118995.5632188,1978.9921875,199.3,7.1,308
1791118995.7639956,1978.9921875,199.2,7.4,308
1791118995.9647713,1978.9921875,199.3,5.3,308
1791118996.1654608,1978.9921875,199.3,5.9,308
1791118996.3661668,1978.9921875,204.3,4.9,308
1791118996.5668597,1978.9921875,199.3,5.4,308
1791118996.7676542,1978.9921875,199.3,4.9,308
1791118996.9683733,1978.9921875,199.3,4.6,308
1791118997.169086,1978.9921875,199.3,4.2,308
1791118997.3697746,1978.9921875,204.3,4.0,308
1791118997.5704632,1978.9921875,199.3,4.1,308
1791118997.771186,1978.9921875,199.2,4.5,308
1791118997.971974,1978.9921875,204.2,4.2,308
1791118998.172733,1978.9921875,199.3,7.6,308
1791118998.373488,1978.9921875,199.2,4.9,308
1791118998.5742373,1978.9921875,199.3,5.2,308
1791118998.774957,1978.9921875,204.3,5.4,308
1791118998.9756389,1978.9921875,199.3,4.8,308
1791118999.17633,1978.9921875,199.3,4.9,308
1791118999.376998,1978.9921875,199.3,4.9,308
1791118999.5776646,1978.9921875,199.3,4.2,308
1791118999.7783568,1978.9921875,199.3,4.0,308
1791118999.9790423,1978.9921875,199.3,4.3,308
1791119000.179712,1978.9921875,199.3,4.4,308
1791119000.3803806,1978.9921875,204.3,5.1,308
1791119000.5810454,1978.9921875,199.3,4.7,308
1791119000.7817047,1978.9921875,199.3,4.6,308
1791119000.9823797,1978.9921875,199.3,5.1,308
1791119001.1830556,1978.9921875,204.3,4.7,308
1791119001.3837266,1978.9921875,199.3,4.9,308
1791119001.5843856,1978.9921875,199.3,4.5,308
1791119001.7850568,1978.9921875,199.3,7.2,308
1791119001.9858212,1978.9921875,204.2,3.9,308
1791119002.1865225,1978.9921875,199.3,4.4,308
1791119002.3871796,1978.9921875,199.3,4.9,308
1791119002.5878336,1978.9921875,199.3,5.5,308
1791119002.7885334,1978.9921875,199.3,6.2,308
1791119002.9892826,1978.9921875,199.3,8.0,308
1791119003.1900396,1978.9921875,204.2,8.7,308
1791119003.3907576,1978.9921875,199.3,8.4,308
1791119003.591476,1978.9921875,199.2,7.8,308
1791119003.7923477,1978.9921875,199.1,7.9,308
1791119003.9931328,1978.9921875,199.2,7.6,308
1791119004.1938503,1978.9921875,204.3,5.6,308
1791119004.3945184,1978.9921875,199.4,7.6,308
1791119004.5952113,1978.9921875,199.2,7.8,308
1791119004.7959924,1978.9921875,204.2,6.3,308
1791119004.9967725,1978.9921875,199.2,7.8,308
1791119005.1975303,1978.9921875,199.2,8.4,308
1791119005.3983064,1978.9921875,199.3,5.6,308
1791119005.5989697,1978.9921875,199.3,7.5,308
1791119005.799725,1978.9921875,199.3,5.3,308
1791119006.0003848,1978.9921875,204.3,4.6,308
1791119006.201027,1978.9921875,199.3,4.3,308
1791119006.4017549,1978.9921875,199.3,4.4,308
1791119006.6025062,1978.9921875,199.2,5.8,308
1791119006.8032823,1978.9921875,199.3,4.0,308
1791119007.0039685,1978.9921875,199.3,4.9,308
1791119007.204614,1978.9921875,204.3,4.7,308
1791119007.4052758,1978.9921875,199.3,4.9,308
1791119007.6059268,1978.9921875,199.3,4.9,308
1791119007.8065932,1978.9921875,199.4,4.7,308
1791119008.0072696,1978.9921875,204.3,5.2,308
1791119008.2079856,1978.9921875,199.3,7.8,308
1791119008.4087894,1978.9921875,204.2,6.9,308
1791119008.6095624,1978.9921875,199.2,4.2,308
1791119008.8103642,1978.9921875,199.2,4.1,308
1791119009.0111237,1978.9921875,199.3,4.1,308
1791119009.2118244,1978.9921875,199.3,4.0,308
1791119009.4125936,1978.9921875,199.2,4.6,308
1791119009.613345,1978.9921875,199.3,5.2,308
1791119009.8140497,1978.9921875,199.3,5.1,308
1791119010.0147374,1978.9921875,204.3,5.0,308
1791119010.2154214,1978.9921875,199.3,4.9,308
1791119010.4161143,1978.9921875,199.3,5.0,308
1791119010.6168816,1978.9921875,199.3,4.7,308
1791119010.8175797,1978.9921875,199.3,4.2,308
1791119011.0182645,1978.9921875,199.3,4.2,308
1791119011.2189486,1978.9921875,204.3,4.1,308
1791119011.4196217,1978.9921875,199.3,4.1,308
1791119011.6203113,1978.9921875,204.3,4.6,308
1791119011.8209698,1978.9921875,199.3,4.9,308
1791119012.0216417,1978.9921875,199.3,5.0,308
1791119012.2223425,1978.9921875,199.3,5.0,308
1791119012.4230149,1978.9921875,204.3,5.0,308
1791119012.6237035,1978.9921875,199.3,5.0,308
1791119012.8243647,1978.9921875,199.3,5.2,308
1791119013.0251696,1978.9921875,199.1,7.0,308
1791119013.2260838,1978.9921875,199.1,6.9,308
1791119013.426843,1978.9921875,199.2,6.7,308
1791119013.6276205,1978.9921875,199.3,7.1,308
1791119013.8283372,1978.9921875,204.2,7.0,308
1791119014.0291305,1978.9921875,199.2,7.9,308
1791119014.2298925,1978.9921875,199.2,5.9,308
1791119014.4306688,1978.9921875,199.2,8.2,308
1791119014.631458,1978.9921875,199.2,7.9,308
1791119014.8322396,1978.9921875,204.2,6.2,308
1791119015.0329604,1978.9921875,204.2,9.9,308
1791119015.2337272,1978.9921875,199.2,7.3,308
1791119015.4344647,1978.9921875,199.3,5.5,308
1791119015.635174,1978.9921875,199.3,7.4,308
1791119015.8359327,1978.9921875,199.2,7.3,308
1791119016.036701,1978.9921875,199.3,5.3,308
1791119016.2374518,1978.9921875,204.3,5.7,308
1791119016.4381018,1978.9921875,199.3,5.7,308
1791119016.638765,1978.9921875,199.3,6.0,308
1791119016.83954,1978.9921875,199.2,5.8,308
1791119017.0403156,1978.9921875,199.2,7.6,308
1791119017.2410862,1978.9921875,199.3,6.0,308
1791119017.4417856,1978.9921875,204.3,5.3,308
1791119017.6425023,1978.9921875,199.3,4.8,308
1791119017.8432174,1978.9921875,199.3,4.2,308
1791119018.0439322,1978.9921875,199.3,4.4,308
1791119018.2447062,1978.9921875,199.3,4.2,308
1791119018.4453888,1978.9921875,204.3,4.9,308
1791119018.646133,1978.9921875,199.2,5.0,308
1791119018.84686,1978.9921875,204.3,5.2,308
1791119019.0476062,1978.9921875,199.3,5.1,308
1791119019.2482555,1978.9921875,199.4,5.1,308
1791119019.4488466,1978.9921875,199.4,4.9,308
1791119019.6495035,1978.9921875,199.4,5.2,308
1791119019.8501568,1978.9921875,199.4,4.3,308
1791119020.0507905,1978.9921875,199.4,4.3,308
1791119020.2514458,1978.9921875,199.3,6.5,308
1791119020.4521415,1978.9921875,204.3,6.5,308
1791119020.6528695,1978.9921875,199.3,4.2,308
1791119020.8535135,1978.9921875,199.4,5.2,308
1791119021.0541577,1978.9921875,199.4,5.0,308
1791119021.2547905,1978.9921875,204.3,5.1,308
1791119021.455456,1978.9921875,199.3,4.8,308
1791119021.656096,1978.9921875,199.4,5.2,308
1791119021.856722,1978.9921875,199.4,5.4,308
1791119022.0573394,1978.9921875,204.3,4.5,308
1791119022.2579966,1978.9921875,199.3,4.2,308
1791119022.458624,1978.9921875,199.4,4.3,308
1791119022.6592512,1978.9921875,199.4,4.3,308
1791119022.8599043,1978.9921875,199.3,7.0,308
1791119023.0606203,1978.9921875,199.2,8.0,308
1791119023.261429,1978.9921875,204.2,6.1,308
1791119023.4621837,1978.9921875,199.2,8.5,308
1791119023.6631048,1978.9921875,199.1,7.8,308
1791119023.8639684,1978.9921875,199.2,7.7,308
1791119024.064741,1978.9921875,199.2,7.6,308
1791119024.2654984,1978.9921875,204.2,5.3,308
1791119024.4662416,1978.9921875,199.3,7.1,308
1791119024.6669672,1978.9921875,199.2,8.1,308
1791119024.867747,1978.9921875,199.2,6.2,308
1791119025.0687084,1978.9921875,199.1,6.8,308
1791119025.2695954,1978.9921875,199.1,5.5,308
1791119025.4705033,1978.9921875,209.0,7.7,308
1791119025.6714237,1978.9921875,199.1,7.8,308
1791119025.8723261,1978.9921875,199.1,5.2,308
1791119026.0732195,1978.9921875,199.2,6.5,308
1791119026.2740145,1978.9921875,199.1,4.9,308
1791119026.4749005,1978.9921875,204.1,4.9,308
1791119026.6757767,1978.9921875,199.1,4.4,308
1791119026.8766358,1978.9921875,199.1,4.1,308
1791119027.077537,1978.9921875,199.1,4.3,308
1791119027.2784429,1978.9921875,199.1,4.2,308
1791119027.4793184,1978.9921875,199.1,4.7,308
1791119027.680215,1978.9921875,209.1,5.8,308
1791119027.881013,1978.9921875,199.2,6.3,308
1791119028.0818675,1978.9921875,199.1,5.8,308
1791119028.282766,1978.9921875,199.2,5.8,308
1791119028.4836168,1978.9921875,199.1,6.3,308
1791119028.6844978,1978.9921875,204.1,5.8,308
1791119028.885372,1978.9921875,199.1,5.4,308
1791119029.0862916,1978.9921875,199.1,5.7,308
1791119029.2870848,1978.9921875,199.3,5.3,308
1791119029.4877946,1978.9921875,199.3,5.4,308
1791119029.6885016,1978.9921875,199.3,5.7,308
1791119029.889194,1978.9921875,199.3,5.9,308
1791119030.0898635,1978.9921875,204.3,5.7,308
1791119030.2905462,1978.9921875,199.4,6.3,308
1791119030.4911516,1978.9921875,204.3,5.5,308
1791119030.6918828,1978.9921875,199.3,5.2,308
1791119030.8925834,1978.9921875,199.3,5.1,308
1791119031.093298,1978.9921875,199.3,4.3,308
1791119031.2940245,1978.9921875,199.3,4.2,308
1791119031.494683,1978.9921875,199.3,4.4,308
1791119031.6953754,1978.9921875,204.3,6.6,308
1791119031.8961225,1978.9921875,199.3,4.2,308
1791119032.0967586,1978.9921875,199.3,4.8,308
1791119032.297437,1978.9921875,199.3,5.0,308
1791119032.498076,1978.9921875,199.4,5.2,308
1791119032.6987484,1978.9921875,199.3,6.8,308
1791119032.8994808,1978.9921875,199.3,5.4,308
1791119033.100137,1978.9921875,204.3,7.9,308
1791119033.3009095,1978.9921875,199.2,7.6,308
1791119033.501655,1978.9921875,199.2,6.9,308
1791119033.7024894,1978.9921875,199.2,7.2,308
1791119033.903235,1978.9921875,199.3,7.1,308
1791119034.1039598,1978.9921875,204.2,5.0,308
1791119034.3046613,1978.9921875,204.3,7.6,308
1791119034.5054545,1978.9921875,199.2,7.6,308
1791119034.7062142,1978.9921875,199.3,6.2,308
1791119034.9068756,1978.9921875,199.3,7.6,308
1791119035.107586,1978.9921875,199.2,8.4,308
1791119035.3083572,1978.9921875,204.3,6.0,308
1791119035.5090463,1978.9921875,199.3,7.5,308
1791119035.709776,1978.9921875,199.3,6.7,308
1791119035.9105098,1978.9921875,199.3,4.1,308
1791119036.1112738,1978.9921875,199.2,4.5,308
1791119036.3120444,1978.9921875,199.3,4.3,308
1791119036.512785,1978.9921875,204.2,4.7,308
1791119036.7135365,1978.9921875,199.2,5.1,308
1791119036.914302,1978.9921875,199.2,5.4,308
1791119037.1150818,1978.9921875,199.2,5.7,308
1791119037.3158503,1978.9921875,199.2,5.2,308
1791119037.5165904,1978.9921875,199.3,5.0,308
1791119037.7173278,1978.9921875,199.3,5.1,308
1791119037.91804,1978.9921875,204.2,4.6,308
1791119038.118808,1978.9921875,204.2,4.3,308
1791119038.319588,1978.9921875,199.3,7.1,308
1791119038.5203528,1978.9921875,199.3,4.8,308
1791119038.7210658,1978.9921875,199.3,4.1,308
1791119038.921777,1978.9921875,199.3,5.2,308
1791119039.1224976,1978.9921875,204.2,5.0,308
1791119039.3232768,1978.9921875,199.2,5.1,308
1791119039.5239813,1978.9921875,199.3,4.9,308
1791119039.7248123,1978.9921875,199.1,5.4,308
1791119039.925577,1978.9921875,199.3,5.1,308
1791119040.1262887,1978.9921875,199.3,4.6,308
1791119040.3269424,1978.9921875,204.3,4.3,308
1791119040.5276296,1978.9921875,199.3,5.0,308
1791119040.7283206,1978.9921875,204.3,5.3,308
1791119040.9289625,1978.9921875,199.4,5.1,308
1791119041.1296096,1978.9921875,199.4,5.5,308
1791119041.3302493,1978.9921875,199.3,5.8,308
1791119041.5309165,1978.9921875,199.3,5.8,308
1791119041.731592,1978.9921875,199.3,5.9,308
1791119041.9323075,1978.9921875,199.3,5.8,308
1791119042.1329606,1978.9921875,204.4,5.8,308
1791119042.3335733,1978.9921875,194.3,6.0,308
1791119042.5342667,1978.9921875,209.3,5.8,308
1791119042.7348948,1978.9921875,199.4,5.1,308
1791119042.9355597,1978.9921875,199.3,7.0,308
1791119043.136256,1978.9921875,199.4,7.3,308
1791119043.3368905,1978.9921875,199.3,7.5,308
1791119043.537613,1978.9921875,199.3,7.4,308
1791119043.7383406,1978.9921875,199.3,7.8,308
1791119043.9390962,1978.9921875,204.2,7.9,308
1791119044.1398466,1978.9921875,199.3,5.9,308
1791119044.3405817,1978.9921875,199.3,7.9,308
1791119044.5413575,1978.9921875,199.3,8.1,308
1791119044.7420902,1978.9921875,199.2,5.9,308
1791119044.9428892,1978.9921875,204.2,9.3,308
1791119045.1436584,1978.9921875,199.3,6.5,308
1791119045.3444133,1978.9921875,199.3,5.4,308
1791119045.5451288,1978.9921875,204.3,7.2,308
1791119045.7458794,1978.9921875,199.2,7.2,308
1791119045.9466474,1978.9921875,199.3,5.1,308
1791119046.1473062,1978.9921875,199.3,7.6,308
1791119046.3480446,1978.9921875,199.3,5.1,308
1791119046.5486782,1978.9921875,199.4,5.3,308
1791119046.7492893,1978.9921875,199.4,5.0,308
1791119046.94989,1978.9921875,204.4,4.5,308
1791119047.1504939,1978.9921875,199.4,5.7,308
1791119047.3511803,1978.9921875,199.3,6.7,308
1791119047.5520804,1978.9921875,199.1,6.8,308
1791119047.752799,1978.9921875,199.3,6.1,308
1791119047.9534638,1978.9921875,199.3,6.6,308
1791119048.1542087,1978.9921875,204.2,6.9,308
1791119048.3549721,1978.9921875,199.2,6.9,308
1791119048.5557253,1978.9921875,199.3,7.2,308
1791119048.7564285,1978.9921875,199.3,6.8,308
1791119048.9571288,1978.9921875,199.3,6.8,308
1791119049.157805,1978.9921875,204.3,6.7,308
1791119049.3585029,1978.9921875,199.2,5.8,308
1791119049.559221,1978.9921875,199.3,5.9,308
1791119049.759885,1978.9921875,199.3,6.4,308
1791119049.9606197,1978.9921875,199.3,6.2,308
1791119050.1613343,1978.9921875,204.3,6.3,308
1791119050.3620577,1978.9921875,199.3,8.8,308
1791119050.5627644,1978.9921875,204.3,9.2,308
1791119050.763498,1978.9921875,199.3,6.8,308
1791119050.9642165,1978.9921875,199.3,6.8,308
1791119051.164922,1978.9921875,199.3,7.2,308
1791119051.3656356,1978.9921875,199.2,6.8,308
1791119051.5664003,1978.9921875,199.3,6.0,308
1791119051.767027,1978.9921875,199.4,6.0,308
1791119051.9677365,1978.9921875,204.3,6.5,308
1791119052.1684706,1978.9921875,199.3,6.2,308
1791119052.3691819,1978.9921875,199.3,6.1,308
1791119052.569859,1978.9921875,199.3,8.6,308
1791119052.770629,1978.9921875,199.2,7.0,308
1791119052.9713888,1978.9921875,199.2,11.2,308
1791119053.1721451,1978.9921875,204.2,9.9,308
1791119053.3728752,1978.9921875,204.2,8.7,308
1791119053.5736241,1978.9921875,199.3,9.9,308
1791119053.7743583,1978.9921875,199.3,9.8,308
1791119053.9751167,1978.9921875,199.3,9.2,308
1791119054.175852,1978.9921875,199.3,7.5,308
1791119054.376571,1978.9921875,199.3,9.1,308
1791119054.577334,1978.9921875,204.2,9.0,308
1791119054.778072,1978.9921875,199.3,8.5,308
1791119054.9788265,1978.9921875,199.3,9.8,308
1791119055.1795642,1978.9921875,199.3,10.9,308
1791119055.3803313,1978.9921875,199.2,8.6,308
1791119055.5810807,1978.9921875,204.2,10.2,308
1791119055.7818215,1978.9921875,199.3,10.4,308
1791119055.982556,1978.9921875,199.3,6.6,308
1791119056.183429,1978.9921875,199.1,6.3,308
1791119056.3843026,1978.9921875,199.1,5.7,308
1791119056.5852134,1978.9921875,199.1,6.0,308
1791119056.7859762,1978.9921875,209.2,5.6,308
1791119056.9866352,1978.9921875,199.4,5.8,308
1791119057.1873212,1978.9921875,199.3,6.4,308
1791119057.3880832,1978.9921875,199.2,6.2,308
1791119057.5888968,1978.9921875,199.3,4.7,308
1791119057.7895925,1978.9921875,199.3,5.1,308
1791119057.9903073,1978.9921875,199.3,4.9,308
1791119058.1910236,1978.9921875,204.3,4.7,308
1791119058.391672,1978.9921875,199.4,4.2,308
1791119058.5923152,1978.9921875,199.4,4.2,308
1791119058.7929478,1978.9921875,199.3,3.7,308
1791119058.9936318,1978.9921875,199.3,4.0,308
1791119059.1942942,1978.9921875,199.3,3.9,308
1791119059.394928,1978.9921875,204.3,5.3,308
1791119059.5955908,1978.9921875,199.4,5.1,308
1791119059.796225,1978.9921875,199.4,4.8,308
1791119059.996858,1978.9921875,199.4,4.8,308
1791119060.1975093,1978.9921875,199.4,4.6,308
1791119060.398186,1978.9921875,199.3,7.2,308
1791119060.59898,1978.9921875,199.2,7.0,308
1791119060.7997074,1978.9921875,209.2,7.1,308
1791119061.0004737,1978.9921875,199.2,6.3,308
1791119061.2012227,1978.9921875,199.3,4.2,308
1791119061.4018686,1978.9921875,199.4,4.0,308
1791119061.6025136,1978.9921875,199.4,4.7,308
1791119061.803131,1978.9921875,199.4,5.2,308
1791119062.0037801,1978.9921875,199.4,4.9,308
1791119062.2044232,1978.9921875,199.4,4.8,308
1791119062.4051023,1978.9921875,204.3,4.9,308
1791119062.6058502,1978.9921875,199.3,5.1,308
1791119062.8065298,1978.9921875,199.3,4.5,308
1791119063.0072844,1978.9921875,199.2,6.3,308
1791119063.2080326,1978.9921875,199.3,6.7,308
1791119063.4087794,1978.9921875,199.2,6.8,308
1791119063.6095526,1978.9921875,204.2,6.8,308
1791119063.8102834,1978.9921875,199.3,6.8,308
1791119064.0110505,1978.9921875,204.2,7.5,308
1791119064.2117915,1978.9921875,199.3,5.9,308
1791119064.4125104,1978.9921875,199.2,9.6,308
1791119064.6133673,1978.9921875,199.2,7.6,308
1791119064.8140903,1978.9921875,199.3,6.6,308
1791119065.0148137,1978.9921875,199.3,7.4,308
1791119065.2155786,1978.9921875,199.3,5.8,308
1791119065.4163032,1978.9921875,204.2,6.6,308
1791119065.6170616,1978.9921875,199.3,6.7,308
1791119065.8178077,1978.9921875,204.2,4.9,308
1791119066.0185833,1978.9921875,199.3,4.8,308
1791119066.2192705,1978.9921875,199.4,5.8,308
1791119066.4198737,1978.9921875,199.4,6.0,308
1791119066.6205237,1978.9921875,199.4,5.6,308
1791119066.8211768,1978.9921875,199.4,6.2,308
1791119067.0217645,1978.9921875,199.4,6.2,308
1791119067.2224214,1978.9921875,204.3,5.5,308
1791119067.423067,1978.9921875,199.4,5.3,308
1791119067.6236813,1978.9921875,199.4,4.9,308
1791119067.8243282,1978.9921875,199.3,5.5,308
1791119068.0250723,1978.9921875,199.3,5.5,308
1791119068.2258139,1978.9921875,199.3,5.1,308
1791119068.426495,1978.9921875,199.3,8.3,308
1791119068.627198,1978.9921875,204.3,5.2,308
1791119068.8278494,1978.9921875,199.3,6.9,308
1791119069.0285997,1978.9921875,199.3,5.1,308
1791119069.2292554,1978.9921875,199.3,5.6,308
1791119069.4298947,1978.9921875,204.3,5.1,308
1791119069.6305194,1978.9921875,199.4,5.0,308
1791119069.831144,1978.9921875,199.4,3.9,308
1791119070.031801,1978.9921875,199.3,4.2,308
1791119070.2324502,1978.9921875,199.4,4.4,308
1791119070.4330735,1978.9921875,204.4,4.0,308
1791119070.6336904,1978.9921875,199.4,4.8,308
1791119070.8343327,1978.9921875,199.3,4.9,308
1791119071.0350456,1978.9921875,199.3,5.1,308
1791119071.2356808,1978.9921875,199.4,4.9,308
1791119071.4363375,1978.9921875,204.3,4.9,308
1791119071.6369772,1978.9921875,199.4,4.9,308
1791119071.8375523,1978.9921875,199.4,4.8,308
1791119072.0381837,1978.9921875,199.4,4.3,308
1791119072.2388177,1978.9921875,199.4,4.1,308
1791119072.4394662,1978.9921875,199.4,4.1,308
1791119072.6401052,1978.9921875,204.4,5.7,308
1791119072.8407738,1978.9921875,199.3,4.8,308
1791119073.0414648,1978.9921875,204.3,7.9,308
1791119073.2422388,1978.9921875,199.3,7.5,308
1791119073.4429822,1978.9921875,199.2,7.6,308
1791119073.6438105,1978.9921875,199.3,7.8,308
1791119073.8445177,1978.9921875,199.2,7.7,308
1791119074.0454195,1978.9921875,199.1,7.3,308
1791119074.2461908,1978.9921875,199.3,6.9,308
1791119074.4469128,1978.9921875,204.2,5.5,308
1791119074.6476586,1978.9921875,194.3,6.7,308
1791119074.8484118,1978.9921875,204.2,6.9,308
1791119075.049172,1978.9921875,199.2,6.9,308
1791119075.2498927,1978.9921875,204.3,6.8,308
1791119075.4505928,1978.9921875,199.3,7.2,308
1791119075.6513305,1978.9921875,199.3,7.5,308
1791119075.852035,1978.9921875,199.3,5.3,308
1791119076.052716,1978.9921875,199.3,5.3,308
1791119076.253373,1978.9921875,204.3,5.1,308
1791119076.4540255,1978.9921875,199.3,6.9,308
1791119076.6547523,1978.9921875,199.3,4.5,308
1791119076.8554027,1978.9921875,199.4,4.4,308
1791119077.0560312,1978.9921875,199.3,4.2,308
1791119077.2566662,1978.9921875,199.4,4.1,308
1791119077.4573174,1978.9921875,199.3,4.9,308
1791119077.6580477,1978.9921875,204.3,5.1,308
1791119077.8586679,1978.9921875,199.4,5.0,308
1791119078.0593326,1978.9921875,199.3,5.3,308
1791119078.2600715,1978.9921875,199.3,5.0,308
1791119078.4607422,1978.9921875,199.3,5.4,308
1791119078.6614704,1978.9921875,199.3,5.5,308
1791119078.862159,1978.9921875,204.3,4.9,308
1791119079.0628104,1978.9921875,204.3,5.6,308
1791119079.263463,1978.9921875,199.4,5.3,308
1791119079.4641109,1978.9921875,199.3,4.8,308
1791119079.6647687,1978.9921875,199.4,6.1,308
1791119079.8654122,1978.9921875,199.4,5.7,308
1791119080.0660474,1978.9921875,199.4,5.5,308
1791119080.2666864,1978.9921875,199.4,5.9,308
1791119080.4673295,1978.9921875,199.4,5.6,308
1791119080.6679611,1978.9921875,204.4,5.9,308
1791119080.8685608,1978.9921875,199.4,6.1,308
1791119081.0691886,1978.9921875,199.3,4.8,308
1791119081.2698724,1978.9921875,199.4,4.5,308
1791119081.4705045,1978.9921875,204.4,4.5,308
1791119081.6711628,1978.9921875,199.3,4.2,308
1791119081.8719323,1978.9921875,199.3,5.3,308
1791119082.072573,1978.9921875,199.4,5.2,308
1791119082.2732155,1978.9921875,199.4,4.7,308
1791119082.4738493,1978.9921875,199.4,5.5,308
1791119082.6744957,1978.9921875,204.4,4.8,308
1791119082.8751163,1978.9921875,199.4,7.4,308
1791119083.0757115,1978.9921875,199.4,8.0,308
1791119083.2764044,1978.9921875,199.3,7.0,308
1791119083.477092,1978.9921875,199.3,6.9,308
1791119083.6777217,1978.9921875,199.3,5.0,308
1791119083.878411,1978.9921875,199.3,6.7,308
1791119084.079063,1978.9921875,204.3,9.7,308
1791119084.2797832,1978.9921875,199.3,5.7,308
1791119084.4804254,1978.9921875,199.3,7.6,308
1791119084.6810896,1978.9921875,204.3,8.3,308
1791119084.8818212,1978.9921875,199.3,5.8,308
1791119085.0824683,1978.9921875,199.3,7.6,308
1791119085.283179,1978.9921875,199.2,8.6,308
1791119085.4839292,1978.9921875,199.3,5.2,308
1791119085.6845934,1978.9921875,204.3,6.8,308
1791119085.8853295,1978.9921875,194.3,4.5,308
1791119086.085978,1978.9921875,204.3,4.1,308
1791119086.286628,1978.9921875,199.3,4.6,308
1791119086.4873059,1978.9921875,199.3,6.4,308
1791119086.6880295,1978.9921875,199.3,5.0,308
1791119086.8886874,1978.9921875,199.3,3.3,308
1791119087.0894177,1978.9921875,204.2,3.0,308
1791119087.290176,1978.9921875,199.3,3.0,308
1791119087.4908698,1978.9921875,199.3,2.9,308
1791119087.6915746,1978.9921875,199.3,3.7,308
1791119087.8923624,1978.9921875,204.2,2.8,308
1791119088.0931165,1978.9921875,199.3,2.3,308
1791119088.293804,1978.9921875,204.3,2.1,308
1791119088.4945114,1978.9921875,199.2,2.7,308
1791119088.6952872,1978.9921875,199.3,2.5,308
1791119088.8959312,1978.9921875,199.3,3.2,308
1791119089.096623,1978.9921875,199.3,2.8,308
1791119089.29731,1978.9921875,199.3,3.9,308
1791119089.4979844,1978.9921875,199.3,3.4,308
1791119089.6986573,1978.9921875,199.4,3.4,308
1791119089.899327,1978.9921875,199.3,3.0,308
1791119090.0999901,1978.9921875,199.3,2.5,308
1791119090.300765,1978.9921875,209.2,2.3,308
1791119090.5015023,1978.9921875,199.2,2.6,308
1791119090.7022617,1978.9921875,199.3,2.8,308
1791119090.9029462,1978.9921875,199.2,5.1,308
1791119091.1037414,1978.9921875,199.2,5.2,308
1791119091.3045027,1978.9921875,199.3,3.5,308
1791119091.5052412,1978.9921875,199.3,3.6,308
1791119091.7059422,1978.9921875,204.3,6.4,308
1791119091.9066665,1978.9921875,199.3,3.9,308
1791119092.1073341,1978.9921875,199.3,4.0,308
1791119092.3079848,1978.9921875,199.4,3.4,308
1791119092.5086102,1978.9921875,199.4,3.1,308
1791119092.7092636,1978.9921875,199.3,3.2,308
1791119092.9099417,1978.9921875,199.3,5.7,308
1791119093.1107004,1978.9921875,204.2,5.4,308
1791119093.3114352,1978.9921875,199.3,4.8,308
1791119093.5120876,1978.9921875,199.3,6.0,308
1791119093.712838,1978.9921875,199.2,6.2,308
1791119093.9135969,1978.9921875,199.2,6.1,308
1791119094.1143675,1978.9921875,204.2,5.5,308
1791119094.315145,1978.9921875,204.3,4.0,308
1791119094.5157988,1978.9921875,199.3,5.3,308
1791119094.7165651,1978.9921875,199.2,4.7,308
1791119094.9173157,1978.9921875,199.2,4.7,308
1791119095.118086,1978.9921875,199.2,2.8,308
1791119095.3188198,1978.9921875,204.3,3.9,308
1791119095.5195282,1978.9921875,199.3,4.9,308
1791119095.7202892,1978.9921875,199.2,5.8,308
1791119095.921066,1978.9921875,199.2,3.3,308
1791119096.1218376,1978.9921875,199.2,3.1,308
1791119096.3226106,1978.9921875,199.2,3.2,308
1791119096.5234113,1978.9921875,199.2,3.3,308
1791119096.7242222,1978.9921875,199.2,5.4,308
1791119096.9250102,1978.9921875,204.2,2.8,308
1791119097.1257527,1978.9921875,199.2,2.8,308
1791119097.326561,1978.9921875,199.2,2.9,308
1791119097.5273468,1978.9921875,199.2,2.2,308
1791119097.7281199,1978.9921875,204.2,2.3,308
1791119097.9288957,1978.9921875,199.2,3.4,308
1791119098.129662,1978.9921875,199.2,3.1,308
1791119098.3304555,1978.9921875,199.2,3.4,308
1791119098.5312374,1978.9921875,204.2,3.9,308
1791119098.7319915,1978.9921875,204.2,3.3,308
1791119098.9327424,1978.9921875,199.3,3.2,308
1791119099.1336176,1978.9921875,199.1,2.3,308
1791119099.3344016,1978.9921875,199.2,2.5,308
1791119099.5353308,1978.9921875,199.1,4.1,308
1791119099.7360961,1978.9921875,199.2,4.6,308
1791119099.936851,1978.9921875,199.3,4.2,308
1791119100.1374547,1978.9921875,204.3,4.8,308
1791119100.33811,1978.9921875,199.3,5.2,308
1791119100.5387356,1978.9921875,199.4,5.1,308
1791119100.7393775,1978.9921875,199.4,4.9,308
1791119100.9400232,1978.9921875,199.4,5.3,308
1791119101.1406784,1978.9921875,199.3,5.0,308
1791119101.3413742,1978.9921875,204.3,4.7,308
1791119101.5421445,1978.9921875,199.2,4.2,308
1791119101.742899,1978.9921875,199.2,4.2,308
1791119101.9436967,1978.9921875,199.2,6.0,308
1791119102.1444705,1978.9921875,199.2,4.2,308
1791119102.3451562,1978.9921875,199.3,4.7,308
1791119102.5458198,1978.9921875,209.3,5.2,308
1791119102.7464862,1978.9921875,199.3,6.3,308
1791119102.9473,1978.9921875,199.2,7.6,308
1791119103.1480577,1978.9921875,199.2,7.9,308
1791119103.3487859,1978.9921875,199.3,7.9,308
1791119103.5494683,1978.9921875,199.4,6.0,308
1791119103.750107,1978.9921875,199.3,6.7,308
1791119103.9508772,1978.9921875,199.2,7.6,308
1791119104.1516428,1978.9921875,199.3,5.9,308
1791119104.3523276,1978.9921875,204.3,8.1,308
1791119104.5531046,1978.9921875,204.2,8.1,308
1791119104.7538416,1978.9921875,199.3,7.0,308
1791119104.9545293,1978.9921875,199.3,9.1,308
1791119105.1553009,1978.9921875,199.2,10.2,308
1791119105.3560762,1978.9921875,199.2,8.6,308
1791119105.5568461,1978.9921875,199.2,9.2,308
1791119105.7576373,1978.9921875,199.2,9.1,308
1791119105.958427,1978.9921875,204.2,6.0,308
1791119106.1592004,1978.9921875,199.2,6.4,308
1791119106.3599477,1978.9921875,199.2,5.8,308
1791119106.5607114,1978.9921875,199.3,6.2,308
1791119106.7614748,1978.9921875,199.2,5.7,308
1791119106.9622772,1978.9921875,199.2,6.2,308
1791119107.1630728,1978.9921875,204.2,5.6,308
1791119107.3637512,1978.9921875,199.3,4.9,308
1791119107.5645132,1978.9921875,199.2,5.2,308
1791119107.7652628,1978.9921875,204.2,5.2,308
1791119107.9659474,1978.9921875,199.3,5.3,308
1791119108.1666539,1978.9921875,199.4,4.6,308
1791119108.3673012,1978.9921875,204.3,4.3,308
1791119108.5680864,1978.9921875,199.2,4.8,308
1791119108.768859,1978.9921875,199.2,4.4,308
1791119108.9695957,1978.9921875,199.3,4.6,308
1791119109.1702664,1978.9921875,199.3,6.9,308
1791119109.3710508,1978.9921875,199.2,5.1,308
1791119109.5717003,1978.9921875,199.4,5.3,308
1791119109.7723703,1978.9921875,204.3,5.4,308
1791119109.9731426,1978.9921875,199.3,4.8,308
1791119110.173845,1978.9921875,199.3,5.2,308
1791119110.374647,1978.9921875,199.2,5.0,308
1791119110.575393,1978.9921875,199.2,4.4,308
1791119110.776167,1978.9921875,204.2,4.5,308
1791119110.9768798,1978.9921875,199.2,4.2,308
1791119111.1776574,1978.9921875,199.2,4.4,308
1791119111.3784022,1978.9921875,199.3,4.6,308
1791119111.5790691,1978.9921875,199.3,5.2,308
1791119111.7797222,1978.9921875,199.4,5.4,308
1791119111.9803417,1978.9921875,209.3,5.6,308
1791119112.1810176,1978.9921875,199.3,5.2,308
1791119112.3816862,1978.9921875,199.4,5.1,308
1791119112.582343,1978.9921875,199.3,5.0,308
1791119112.7830446,1978.9921875,199.3,5.4,308
1791119112.9838839,1978.9921875,199.1,7.7,308
1791119113.1846812,1978.9921875,199.2,7.9,308
1791119113.385446,1978.9921875,204.2,7.0,308
1791119113.5862374,1978.9921875,199.2,5.2,308
1791119113.7869775,1978.9921875,199.3,8.1,308
1791119113.987701,1978.9921875,199.3,7.6,308
1791119114.188468,1978.9921875,199.3,7.8,308
1791119114.3891685,1978.9921875,204.3,6.2,308
1791119114.589893,1978.9921875,199.2,7.6,308
1791119114.7906668,1978.9921875,199.2,8.2,308
1791119114.9914393,1978.9921875,199.2,7.3,308
1791119115.1922154,1978.9921875,199.2,6.0,308
1791119115.3929434,1978.9921875,199.3,7.0,308
1791119115.5936923,1978.9921875,204.2,6.7,308
1791119115.7944298,1978.9921875,199.3,5.0,308
1791119115.9951096,1978.9921875,199.3,5.9,308
1791119116.1958003,1978.9921875,204.3,5.2,308
1791119116.3964458,1978.9921875,199.4,5.2,308
1791119116.5970757,1978.9921875,199.3,5.3,308
1791119116.7979252,1978.9921875,204.2,6.0,308
1791119116.9986897,1978.9921875,199.3,6.0,308
1791119117.1994402,1978.9921875,199.2,5.8,308
1791119117.4003465,1978.9921875,199.1,5.1,308
1791119117.6011586,1978.9921875,199.2,5.1,308
1791119117.8019123,1978.9921875,204.2,7.9,308
1791119118.0026698,1978.9921875,199.2,5.3,308
1791119118.2036357,1978.9921875,199.1,5.4,308
1791119118.4045172,1978.9921875,199.1,6.1,308
1791119118.6054251,1978.9921875,199.1,6.0,308
1791119118.8061404,1978.9921875,199.3,6.0,308
1791119119.0068736,1978.9921875,204.2,6.1,308
1791119119.2077599,1991.9921875,199.1,5.9,309
1791119119.4086695,2021.83984375,194.1,5.8,308
1791119119.6095903,2068.8671875,194.1,4.6,308
1791119119.8103466,2092.578125,184.3,4.4,308
1791119120.0111647,2119.484375,189.2,4.4,308
1791119120.2119405,2143.64453125,179.3,3.9,308
1791119120.4129732,2168.984375,184.1,4.4,308
1791119120.6139224,2264.4921875,184.1,5.0,308
1791119120.8146818,2355.8046875,189.3,5.8,308
1791119121.015483,2458.8125,179.3,5.5,308
1791119121.2161949,2472.8125,199.2,9.3,308
1791119121.4171042,2472.8125,204.0,5.2,308
1791119121.6181467,2477.8125,199.0,5.1,308
1791119121.8191454,2481.8125,199.0,4.9,308
1791119122.0198848,2481.8125,199.3,4.3,308
1791119122.2206204,2481.8125,199.2,4.4,308
1791119122.42165,2481.8125,203.9,4.4,308
1791119122.6229935,2481.8125,198.8,5.7,308
1791119122.8237438,2481.8125,199.3,5.3,308
1791119123.024503,2482.8125,204.2,9.5,308
1791119123.2252643,2482.8125,199.2,8.0,308
1791119123.4261858,2482.8125,199.1,7.3,308
1791119123.6269305,2482.8125,199.3,6.0,308
1791119123.8276021,2482.8125,204.2,7.9,308
1791119124.0284827,2482.8125,194.2,7.9,308
1791119124.2292101,2482.8125,199.3,6.8,308
1791119124.4299052,2482.8125,204.3,5.2,308
1791119124.6306005,2482.8125,199.3,7.7,308
1791119124.8313262,2482.8125,199.3,7.1,308
1791119125.0321784,2482.8125,199.2,7.1,308
1791119125.2333584,2515.25390625,422.5,9.3,308
1791119125.4342027,2516.25390625,204.1,7.2,308
1791119125.634943,2516.25390625,199.3,7.2,308
1791119125.8357499,2516.25390625,199.2,5.7,308
1791119126.036452,2516.25390625,199.3,5.0,308
1791119126.237112,2516.25390625,199.3,4.8,308
1791119126.4377794,2516.25390625,204.3,4.0,308
1791119126.6384666,2516.25390625,199.3,4.2,308
1791119126.8391194,2516.25390625,398.6,5.8,308
1791119127.0399444,2516.25390625,199.2,4.6,308
1791119127.2405663,2516.25390625,199.4,4.1,308
1791119127.4411778,2516.25390625,199.4,4.7,308
1791119127.6417725,2516.25390625,199.4,4.6,308
1791119127.8423624,2516.25390625,204.4,4.8,308
1791119128.043043,2516.25390625,204.3,4.9,308
1791119128.2437644,2516.25390625,199.3,5.6,308
1791119128.444509,2516.25390625,199.3,6.9,308
1791119128.6452334,2516.25390625,199.3,5.1,308
1791119128.8459089,2516.25390625,199.3,6.2,308
1791119129.0465975,2516.25390625,199.3,4.4,308
1791119129.2472844,2516.25390625,199.3,4.1,308
1791119129.4480138,2516.25390625,199.3,4.6,308
1791119129.6487577,2516.25390625,204.2,5.7,308
1791119129.8495154,2516.25390625,199.3,5.7,308
1791119130.0501573,2516.25390625,199.4,5.8,308
1791119130.2507796,2516.25390625,199.4,5.6,308
1791119130.451423,2516.25390625,199.3,5.7,308
1791119130.6521308,2516.25390625,199.3,5.6,308
1791119130.8528302,2516.25390625,204.3,5.8,308
1791119131.0535223,2516.25390625,199.3,5.1,308
1791119131.2542467,2516.25390625,204.2,5.0,308
1791119131.4551394,2516.25390625,199.2,4.8,308
1791119131.6559439,2516.25390625,199.2,4.8,308
1791119131.856798,2516.25390625,199.1,4.8,308
1791119132.057735,2516.25390625,199.2,5.8,308
1791119132.258533,2516.25390625,199.2,5.0,308
1791119132.4593923,2516.25390625,204.1,4.7,308
1791119132.660228,2516.25390625,199.2,5.0,308
1791119132.861064,2516.25390625,199.2,7.2,308
1791119133.0618033,2516.25390625,199.3,7.3,308
1791119133.2625272,2516.25390625,199.3,7.6,308
1791119133.4632215,2516.25390625,199.3,6.5,308
1791119133.6639056,2516.25390625,209.3,5.0,308
1791119133.864599,2516.25390625,199.3,6.5,308
1791119134.0653238,2516.25390625,199.3,6.9,308
1791119134.2660496,2516.25390625,199.3,6.9,308
1791119134.466747,2516.25390625,194.3,6.3,308
1791119134.6676176,2516.25390625,204.1,8.0,308
1791119134.868365,2516.25390625,199.3,7.6,308
1791119135.069076,2516.25390625,199.3,7.4,308
1791119135.2697756,2516.25390625,204.3,6.8,308
1791119135.470472,2516.25390625,194.3,6.6,308
1791119135.6712954,2516.25390625,204.2,6.7,308
1791119135.8720264,2516.25390625,204.3,4.3,308
1791119136.0726435,2516.25390625,199.4,4.3,308
1791119136.2733593,2516.25390625,199.2,4.0,308
1791119136.4741275,2516.25390625,199.3,4.6,308
1791119136.674872,2516.25390625,199.2,7.0,308
1791119136.875682,2516.25390625,199.3,4.9,308
1791119137.0762599,2516.25390625,199.4,4.8,308
1791119137.276851,2516.25390625,204.4,4.8,308
1791119137.4774635,2516.25390625,199.4,4.9,308
1791119137.6780796,2516.25390625,199.4,4.9,308
1791119137.8787408,2516.25390625,199.4,4.3,308
1791119138.0793626,2516.25390625,199.4,4.0,308
1791119138.279967,2516.25390625,204.4,4.3,308
1791119138.4805675,2516.25390625,199.4,4.4,308
1791119138.681213,2516.25390625,199.4,4.3,308
1791119138.8818488,2516.25390625,199.4,5.1,308
1791119139.0824602,2516.25390625,199.4,5.3,308
1791119139.2830496,2516.25390625,199.4,4.8,308
1791119139.4836385,2516.25390625,199.4,4.8,308
1791119139.6842296,2516.25390625,204.4,5.3,308
1791119139.8847954,2516.25390625,199.4,5.0,308
1791119140.0853765,2516.25390625,199.4,4.2,308
1791119140.2859726,2516.25390625,199.4,4.2,308
1791119140.486581,2516.25390625,199.4,4.2,308
1791119140.6871955,2516.25390625,199.4,4.2,308
1791119140.8878496,2516.25390625,204.3,4.1,308
1791119141.0885575,2516.25390625,199.3,4.7,308
1791119141.289235,2516.25390625,199.3,4.9,308
1791119141.4899015,2516.25390625,199.3,5.1,308
1791119141.6905437,2516.25390625,199.4,4.7,308
1791119141.891142,2516.25390625,199.4,5.4,308
1791119142.0917225,2516.25390625,199.4,5.4,308
1791119142.2923968,2516.25390625,204.3,5.2,308
1791119142.4930694,2516.25390625,199.3,4.9,308
1791119142.693695,2516.25390625,199.4,5.1,308
1791119142.8942845,2516.25390625,199.4,7.3,308
1791119143.0949566,2516.25390625,204.3,7.5,308
1791119143.295631,2516.25390625,199.3,8.3,308
1791119143.4963486,2516.25390625,199.3,8.6,308
1791119143.6970334,2516.25390625,199.3,7.2,308
1791119143.8977096,2516.25390625,199.3,8.4,308
1791119144.0984042,2516.25390625,199.3,8.4,308
1791119144.2991,2516.25390625,204.3,6.4,308
1791119144.4997933,2516.25390625,199.3,9.6,308
1791119144.700493,2516.25390625,199.3,7.7,308
1791119144.9011943,2516.25390625,199.3,7.0,308
1791119145.1018586,2516.25390625,204.4,5.2,308
1791119145.3024518,2516.25390625,199.4,5.8,308
1791119145.5030572,2516.25390625,199.4,7.1,308
1791119145.703753,2516.25390625,204.3,7.5,308
1791119145.9044623,2516.25390625,199.3,5.0,308
1791119146.1051242,2516.25390625,199.4,5.0,308
1791119146.3057418,2516.25390625,199.4,4.8,308
1791119146.5063937,2516.25390625,199.3,5.1,308
1791119146.707093,2516.25390625,199.3,5.0,308
1791119146.907723,2516.25390625,199.4,4.2,308
1791119147.1083698,2516.25390625,199.4,4.1,308
1791119147.3089693,2516.25390625,199.4,4.1,308
1791119147.5096085,2516.25390625,199.3,4.2,308
1791119147.7103236,2516.25390625,209.3,4.4,308
1791119147.9110367,2516.25390625,199.3,5.2,308
1791119148.11186,2516.25390625,199.2,5.0,308
1791119148.3126726,2516.25390625,199.2,4.9,308
1791119148.5135112,2516.25390625,199.1,5.3,308
1791119148.714446,2516.25390625,204.1,4.8,308
1791119148.9152489,2516.25390625,199.2,4.9,308
1791119149.1160626,2516.25390625,199.2,4.4,308
1791119149.3167813,2516.25390625,199.3,4.4,308
1791119149.5174935,2516.25390625,199.3,4.3,308
1791119149.718144,2516.25390625,199.3,4.7,308
1791119149.9188144,2516.25390625,199.4,4.2,308
1791119150.1194503,2516.25390625,199.4,4.7,308
1791119150.320074,2516.25390625,204.3,7.1,308
1791119150.520761,2516.25390625,199.3,5.1,308
1791119150.7214088,2516.25390625,199.4,4.9,308
1791119150.9220169,2516.25390625,204.3,5.7,308
1791119151.122639,2516.25390625,199.4,5.0,308
1791119151.3232553,2516.25390625,199.4,7.0,308
1791119151.5239112,2516.25390625,199.4,4.4,308
1791119151.7244961,2516.25390625,199.4,4.7,308
1791119151.9250538,2516.25390625,199.4,4.1,308
1791119152.1256306,2516.25390625,204.4,4.1,308
1791119152.326216,2516.25390625,199.4,4.3,308
1791119152.5268235,2516.25390625,199.4,5.1,308
1791119152.7274728,2516.25390625,199.3,6.9,308
1791119152.9281821,2516.25390625,199.3,5.6,308
1791119153.1288135,2516.25390625,199.3,7.9,308
1791119153.3295262,2516.25390625,199.3,10.0,308
1791119153.5302577,2516.25390625,199.3,7.4,308
1791119153.7309427,2516.25390625,204.3,6.9,308
1791119153.9316585,2516.25390625,199.3,7.1,308
1791119154.1323922,2516.25390625,199.3,4.9,308
1791119154.333046,2516.25390625,204.3,7.2,308
1791119154.5337522,2516.25390625,199.3,6.7,308
1791119154.7344615,2516.25390625,199.3,6.3,308
1791119154.9351177,2516.25390625,199.3,8.1,308
1791119155.1358082,2516.25390625,204.3,9.2,308
1791119155.3365252,2516.25390625,199.3,8.4,308
1791119155.537154,2516.25390625,199.3,8.5,308
1791119155.737967,2516.25390625,199.2,8.8,308
1791119155.9386475,2516.25390625,199.4,5.3,308
1791119156.1392593,2516.25390625,199.4,5.2,308
1791119156.3398879,2516.25390625,204.4,5.2,308
1791119156.5404818,2516.25390625,199.4,5.3,308
1791119156.7411182,2516.25390625,199.4,5.2,308
1791119156.9417057,2516.25390625,199.4,6.0,308
1791119157.1423209,2516.25390625,199.3,5.9,308
1791119157.3431559,2516.25390625,199.1,6.0,308
1791119157.5440798,2516.25390625,199.2,5.8,308
1791119157.7447653,2516.25390625,199.3,5.0,308
1791119157.9454346,2516.25390625,204.3,5.3,308
1791119158.1461833,2516.25390625,204.3,4.9,308
1791119158.346832,2516.25390625,199.3,6.5,308
1791119158.5475442,2516.25390625,199.3,4.7,308
1791119158.7482219,2516.25390625,199.3,5.1,308
1791119158.9490907,2516.25390625,199.1,6.0,308
1791119159.149886,2516.25390625,204.2,4.4,308
1791119159.3507056,2516.25390625,199.1,5.1,308
1791119159.5515993,2516.25390625,199.2,5.1,308
1791119159.7523756,2516.25390625,199.2,5.3,308
1791119159.9531956,2516.25390625,199.2,5.1,308
1791119160.1539235,2516.25390625,199.3,5.1,308
1791119160.3546708,2516.25390625,199.3,5.3,308
1791119160.5554426,2516.25390625,204.2,4.2,308
1791119160.7560918,2516.25390625,199.3,4.5,308
1791119160.9567506,2516.25390625,199.4,4.4,308
1791119161.1574502,2516.25390625,199.3,4.1,308
1791119161.3581836,2516.25390625,199.3,4.5,308
1791119161.558972,2516.25390625,204.2,4.9,308
1791119161.7596881,2516.25390625,204.3,5.1,308
1791119161.9603236,2516.25390625,199.4,5.3,308
1791119162.1609595,2516.25390625,199.4,5.1,308
1791119162.361565,2516.25390625,199.4,5.1,308
1791119162.5621827,2516.25390625,199.4,5.1,308
1791119162.7627828,2516.25390625,199.4,4.5,308
1791119162.9634144,2516.25390625,199.4,6.9,308
1791119163.1641107,2516.25390625,204.3,7.3,308
1791119163.3648717,2516.25390625,199.1,7.5,308
1791119163.5657237,2516.25390625,199.3,6.6,308
1791119163.7664394,2516.25390625,199.3,7.6,308
1791119163.967171,2516.25390625,199.2,7.7,308
1791119164.167898,2516.25390625,199.3,5.9,308
1791119164.3685613,2516.25390625,199.3,8.0,308
1791119164.5693107,2516.25390625,199.3,10.1,308
1791119164.770022,2516.25390625,204.2,8.7,308
1791119164.9707682,2516.25390625,204.2,9.7,308
1791119165.1715534,2516.25390625,199.2,7.5,308
1791119165.3723192,2516.25390625,199.2,6.0,308
1791119165.5730407,2516.25390625,199.3,6.7,308
1791119165.773736,2516.25390625,199.3,6.4,308
1791119165.974445,2516.25390625,204.3,4.8,308
1791119166.175135,2516.25390625,199.3,5.6,308
1791119166.3758404,2516.25390625,199.3,5.2,308
1791119166.5765293,2516.25390625,199.3,5.1,308
1791119166.7772465,2516.25390625,199.3,7.3,308
1791119166.9779766,2516.25390625,199.3,5.0,308
1791119167.1786215,2516.25390625,199.4,4.8,308
1791119167.3792958,2516.25390625,204.3,4.4,308
1791119167.5799408,2516.25390625,199.3,4.4,308
1791119167.780593,2516.25390625,199.4,5.0,308
1791119167.9812617,2516.25390625,199.3,5.2,308
1791119168.181929,2516.25390625,204.3,5.2,308
1791119168.382624,2516.25390625,199.3,6.0,308
1791119168.5833287,2516.25390625,199.3,6.2,308
1791119168.7840648,2516.25390625,199.3,6.0,308
1791119168.9848163,2516.25390625,199.2,6.1,308
1791119169.1855006,2516.25390625,199.3,5.9,308
1791119169.3861172,2516.25390625,204.4,5.8,308
1791119169.5867844,2516.25390625,199.3,5.5,308
1791119169.7874498,2516.25390625,199.4,5.1,308
1791119169.9880884,2516.25390625,199.4,5.1,308
1791119170.1887345,2516.25390625,204.4,5.2,308
1791119170.389331,2516.25390625,199.4,5.3,308
1791119170.5900087,2516.25390625,199.3,5.0,308
1791119170.7906594,2516.25390625,199.3,5.0,308
1791119170.9912987,2516.25390625,199.4,5.1,308
1791119171.1919582,2516.25390625,199.4,5.1,308
1791119171.3925376,2516.25390625,199.4,5.1,308
1791119171.5931742,2516.25390625,199.4,5.0,308
1791119171.793822,2516.25390625,204.3,4.5,308
1791119171.9944763,2516.25390625,199.3,4.6,308
1791119172.1951337,2516.25390625,204.3,4.5,308
1791119172.395767,2516.25390625,199.4,4.2,308
1791119172.596426,2516.25390625,199.4,4.2,308
1791119172.7970655,2516.25390625,199.4,5.0,308
1791119172.997724,2516.25390625,199.3,7.8,308
1791119173.1985075,2516.25390625,199.2,7.5,308
1791119173.3992531,2516.25390625,204.2,8.0,308
1791119173.5999856,2516.25390625,199.3,7.5,308
1791119173.8007271,2516.25390625,199.3,7.9,308
1791119174.0014331,2516.25390625,199.3,7.4,308
1791119174.2021616,2516.25390625,199.3,5.3,308
1791119174.4028218,2516.25390625,199.3,7.3,308
1791119174.6035912,2516.25390625,199.3,7.0,308
1791119174.8043027,2516.25390625,204.3,5.6,308
1791119175.004923,2516.25390625,199.3,7.2,308
1791119175.2056255,2516.25390625,199.3,6.0,308
1791119175.4062827,2516.25390625,199.3,8.0,308
1791119175.6070335,2516.25390625,199.2,7.6,308
1791119175.8077629,2516.25390625,199.3,5.5,308
1791119176.0083518,2516.25390625,204.4,5.1,308
1791119176.2089567,2516.25390625,199.4,5.3,308
1791119176.4095316,2516.25390625,199.4,4.1,308
1791119176.6101265,2516.25390625,199.4,4.4,308
1791119176.8107271,2516.25390625,204.3,4.7,308
1791119177.01166,2516.25390625,199.1,4.3,308
1791119177.2125797,2516.25390625,204.1,4.5,308
1791119177.4133432,2516.25390625,199.2,6.9,308
1791119177.6140797,2516.25390625,199.3,5.1,308
1791119177.8148189,2516.25390625,199.2,5.6,308
1791119178.015739,2516.25390625,199.1,5.4,308
1791119178.216672,2516.25390625,199.1,5.3,308
1791119178.41744,2516.25390625,204.2,5.6,308
1791119178.6181362,2516.25390625,199.3,4.6,308
1791119178.8190546,2516.25390625,199.1,4.4,308
1791119179.0199652,2516.25390625,199.1,4.2,308
1791119179.2206838,2516.25390625,199.3,4.5,308
1791119179.421442,2516.25390625,204.2,4.8,308
1791119179.6223488,2516.25390625,199.1,5.2,308
1791119179.8232765,2516.25390625,199.1,5.3,308
1791119180.0240033,2516.25390625,199.3,5.1,308
1791119180.2247472,2516.25390625,204.1,5.3,308
1791119180.425708,2516.25390625,204.1,6.0,308
1791119180.6266024,2516.25390625,199.1,6.6,308
1791119180.8274794,2516.25390625,199.1,5.8,308
1791119181.028207,2516.25390625,199.3,6.2,308
1791119181.2289178,2516.25390625,199.2,5.2,308
1791119181.4298575,2516.25390625,204.0,5.1,308
1791119181.630806,2516.25390625,199.1,7.4,308
1791119181.8315399,2516.25390625,199.3,5.8,308
1791119182.0322914,2516.25390625,199.2,5.8,308
1791119182.2332354,2516.25390625,199.1,6.0,308
1791119182.434136,2516.25390625,204.1,6.1,308
1791119182.6349037,2516.25390625,199.2,7.2,308
1791119182.835762,2516.25390625,199.2,6.9,308
1791119183.0364487,2516.25390625,199.3,8.1,308
1791119183.2371328,2516.25390625,199.3,7.7,308
1791119183.4378543,2516.25390625,199.3,6.9,308
1791119183.6385717,2516.25390625,199.3,7.1,308
1791119183.8392777,2516.25390625,204.3,7.2,308
1791119184.0399363,2516.25390625,204.3,5.3,308
1791119184.2405808,2516.25390625,199.3,8.2,308
1791119184.4413326,2516.25390625,199.3,6.2,308
1791119184.6421385,2516.25390625,199.2,7.9,308
1791119184.8429615,2516.25390625,199.2,8.2,308
1791119185.043758,2516.25390625,204.2,8.2,308
1791119185.2445445,2516.25390625,199.2,5.7,308
1791119185.4453704,2516.25390625,199.2,8.0,308
1791119185.6462002,2516.25390625,199.2,6.8,308
1791119185.8470106,2516.25390625,199.2,4.7,308
1791119186.0478373,2516.25390625,199.2,4.4,308
1791119186.2486129,2516.25390625,204.2,4.2,308
1791119186.4493062,2516.25390625,199.3,5.3,308
1791119186.6499317,2516.25390625,199.4,5.3,308
1791119186.8505924,2516.25390625,204.3,5.3,308
1791119187.051213,2516.25390625,199.4,5.5,308
1791119187.2518103,2516.25390625,199.4,5.1,308
1791119187.452419,2516.25390625,199.4,5.2,308
1791119187.653024,2516.25390625,199.4,4.9,308
1791119187.853618,2516.25390625,199.4,4.4,308
1791119188.054255,2516.25390625,204.3,4.5,308
1791119188.2549284,2516.25390625,199.3,7.3,308
1791119188.4556499,2516.25390625,199.3,5.0,308
1791119188.6563556,2516.25390625,199.3,4.9,308
1791119188.8570032,2516.25390625,199.3,5.3,308
1791119189.0576732,2516.25390625,199.3,7.6,308
1791119189.2583914,2516.25390625,204.3,5.2,308
1791119189.4590123,2516.25390625,199.4,5.2,308
1791119189.6596215,2516.25390625,199.4,5.7,308
1791119189.8602898,2516.25390625,199.3,5.2,308
1791119190.0609095,2516.25390625,199.4,4.6,308
1791119190.2615354,2516.25390625,199.4,4.9,308
1791119190.4621396,2516.25390625,199.4,3.9,308
1791119190.6627164,2516.25390625,199.4,4.0,308
1791119190.8633113,2516.25390625,209.3,4.1,308
1791119191.0639076,2516.25390625,199.4,4.8,308
1791119191.2644815,2516.25390625,199.4,4.8,308
1791119191.4650817,2516.25390625,199.4,4.6,308
1791119191.6656678,2516.25390625,199.4,4.9,308
1791119191.8662891,2516.25390625,199.4,4.6,308
1791119192.066918,2516.25390625,199.3,4.8,308
1791119192.267638,2516.25390625,199.4,4.4,308
1791119192.4682417,2516.25390625,199.4,4.1,308
1791119192.6688344,2516.25390625,204.4,4.0,308
1791119192.8694434,2516.25390625,199.4,6.2,308
1791119193.0701575,2516.25390625,199.3,7.4,308
1791119193.2708807,2516.25390625,199.3,8.2,308
1791119193.471576,2516.25390625,199.3,8.0,308
1791119193.672277,2516.25390625,199.3,8.2,308
1791119193.8729694,2516.25390625,204.3,8.5,308
1791119194.0736468,2516.25390625,199.3,6.3,308
1791119194.2742891,2516.25390625,204.3,8.5,308
1791119194.4749293,2516.25390625,199.4,6.4,308
1791119194.6755838,2516.25390625,199.4,7.5,308
1791119194.8762777,2516.25390625,199.3,7.9,308
1791119195.0770068,2516.25390625,199.3,10.1,308
1791119195.2777216,2516.25390625,204.3,8.5,308
1791119195.4784172,2516.25390625,199.3,8.7,308
1791119195.679125,2516.25390625,199.3,8.3,308
1791119195.8797748,2516.25390625,199.4,5.3,308
1791119196.08039,2516.25390625,199.4,6.3,308
1791119196.2810562,2516.25390625,204.3,5.0,308
1791119196.4816747,2516.25390625,199.4,5.0,308
1791119196.6823292,2516.25390625,199.3,4.7,308
1791119196.8829794,2516.25390625,199.4,4.1,308
1791119197.0836182,2516.25390625,199.4,3.9,308
1791119197.2842503,2516.25390625,199.4,4.2,308
1791119197.4849014,2516.25390625,199.3,4.1,308
1791119197.6855834,2516.25390625,199.3,4.3,308
1791119197.8863385,2516.25390625,204.2,5.0,308
1791119198.087047,2516.25390625,199.3,4.9,308
1791119198.2877836,2516.25390625,199.3,7.1,308
1791119198.488511,2516.25390625,199.3,5.4,308
1791119198.689245,2516.25390625,204.3,5.1,308
1791119198.8899415,2516.25390625,199.3,5.3,308
1791119199.0906389,2516.25390625,199.3,4.5,308
1791119199.291373,2516.25390625,204.3,4.2,308
1791119199.492092,2516.25390625,199.3,4.2,308
1791119199.6927946,2516.25390625,199.3,4.4,308
1791119199.8935013,2516.25390625,199.3,4.1,308
1791119200.0941875,2516.25390625,199.3,4.9,308
1791119200.2949018,2516.25390625,199.3,5.1,308
1791119200.4956214,2516.25390625,199.3,4.9,308
1791119200.6963406,2516.25390625,204.2,3.3,308
1791119200.897158,2516.25390625,199.2,2.9,308
1791119201.0979028,2516.25390625,199.2,2.9,308
1791119201.2986813,2516.25390625,199.2,2.5,308
1791119201.4994488,2516.25390625,199.3,2.0,308
1791119201.7001848,2516.25390625,199.3,2.2,308
1791119201.9008462,2516.25390625,204.3,2.6,308
1791119202.101589,2516.25390625,199.2,2.5,308
1791119202.3023868,2516.25390625,204.2,2.7,308
1791119202.5032003,2516.25390625,199.2,3.1,308
1791119202.7039187,2516.25390625,199.3,3.0,308
1791119202.904674,2516.25390625,199.3,5.3,308
1791119203.1054356,2516.25390625,204.2,5.6,308
1791119203.30627,2516.25390625,199.2,7.1,308
1791119203.5071123,2516.25390625,199.2,7.3,308
1791119203.7078211,2516.25390625,199.3,6.7,308
1791119203.9085426,2516.25390625,199.3,6.8,308
1791119204.1092632,2516.25390625,199.3,4.8,308
1791119204.309921,2516.25390625,204.3,7.2,308
1791119204.5106766,2516.25390625,199.3,7.5,308
1791119204.7114067,2516.25390625,199.3,6.0,308
1791119204.912122,2516.25390625,199.3,7.5,308
1791119205.1128473,2516.25390625,199.3,7.5,308
1791119205.3136337,2516.25390625,199.2,6.6,308
1791119205.514357,2516.25390625,204.2,7.4,308
1791119205.715242,2516.25390625,199.1,7.7,308
1791119205.9159396,2516.25390625,199.3,5.1,308
1791119206.1166372,2516.25390625,199.3,4.8,308
1791119206.317416,2516.25390625,199.2,5.1,308
1791119206.5181515,2516.25390625,204.2,5.3,308
1791119206.7188778,2516.25390625,204.3,4.9,308
1791119206.9196632,2516.25390625,199.2,5.7,308
1791119207.1203969,2516.25390625,199.3,5.7,308
1791119207.3211253,2516.25390625,199.3,5.6,308
1791119207.5219264,2516.25390625,199.2,7.6,308
1791119207.7226748,2516.25390625,199.3,7.0,308
1791119207.9234245,2516.25390625,204.2,6.0,308
1791119208.1243284,2516.25390625,199.1,5.0,308
1791119208.3250508,2516.25390625,199.3,4.8,308
1791119208.5257998,2516.25390625,199.3,5.2,308
1791119208.7265503,2516.25390625,199.3,4.1,308
1791119208.927191,2516.25390625,199.4,4.2,308
1791119209.1278453,2516.25390625,204.4,4.8,308
1791119209.3284562,2516.25390625,199.4,5.1,308
1791119209.5291333,2516.25390625,199.3,5.4,308
1791119209.7298045,2516.25390625,199.3,5.0,308
1791119209.9305208,2516.25390625,204.3,4.8,308
1791119210.1311429,2516.25390625,199.4,4.9,308
1791119210.331739,2516.25390625,194.4,4.4,308
1791119210.5323813,2516.25390625,199.4,4.4,308
1791119210.7329955,2516.25390625,204.4,4.1,308
1791119210.9336443,2516.25390625,199.3,4.2,308
1791119211.134347,2516.25390625,204.3,5.0,308
1791119211.3350577,2516.25390625,199.3,4.6,308
1791119211.5357633,2516.25390625,199.3,5.0,308
1791119211.7364092,2516.25390625,199.3,8.5,308
1791119211.9370987,2516.25390625,204.3,4.8,308
1791119212.1377342,2516.25390625,199.4,4.9,308
1791119212.3384159,2516.25390625,199.3,4.9,308
1791119212.5391593,2516.25390625,199.2,4.8,308
1791119212.739926,2516.25390625,199.3,4.4,308
1791119212.9406424,2516.25390625,199.2,7.0,308
1791119213.1414487,2516.25390625,204.2,7.0,308
1791119213.342217,2516.25390625,199.2,7.1,308
1791119213.5429893,2516.25390625,199.3,6.8,308
1791119213.7437048,2516.25390625,199.3,7.5,308
1791119213.9444182,2516.25390625,199.3,7.5,308
1791119214.1451511,2516.25390625,204.3,6.0,308
1791119214.3458498,2516.25390625,199.3,7.7,308
1791119214.5465739,2516.25390625,199.3,8.6,308
1791119214.7473192,2516.25390625,199.3,7.8,308
1791119214.9480786,2516.25390625,199.2,9.1,308
1791119215.148799,2516.25390625,199.3,8.7,308
1791119215.349538,2516.25390625,204.3,5.6,308
1791119215.5502734,2516.25390625,199.2,6.6,308
1791119215.7512078,2516.25390625,199.1,6.9,308
1791119215.9519339,2516.25390625,199.3,5.1,308
1791119216.15268,2516.25390625,199.3,5.0,308
1791119216.3534174,2516.25390625,199.3,5.0,308
1791119216.5541613,2516.25390625,209.1,5.1,308
1791119216.7551334,2516.25390625,199.1,5.0,308
1791119216.955862,2516.25390625,199.2,5.2,308
1791119217.1567597,2516.25390625,199.1,4.6,308
1791119217.3574924,2516.25390625,199.3,4.2,308
1791119217.5583746,2516.25390625,199.1,4.3,308
1791119217.7591226,2516.25390625,204.2,4.3,308
1791119217.9598632,2516.25390625,199.3,4.3,308
1791119218.1606145,2516.25390625,199.2,4.9,308
1791119218.3614612,2516.25390625,199.2,7.4,308
1791119218.5621767,2516.25390625,199.3,5.5,308
1791119218.762906,2516.25390625,204.2,5.9,308
1791119218.9636858,2516.25390625,199.3,6.0,308
1791119219.1644025,2516.25390625,204.3,6.0,308
1791119219.3650491,2516.25390625,199.4,5.6,308
1791119219.5656402,2516.25390625,199.4,5.1,308
1791119219.7663078,2516.25390625,199.3,5.2,308
1791119219.9669323,2516.25390625,199.4,4.9,308
1791119220.1675622,2516.25390625,199.4,5.1,308
1791119220.3681736,2516.25390625,199.4,5.5,308
1791119220.5687857,2516.25390625,199.4,5.8,308
1791119220.7693987,2516.25390625,204.4,5.8,308
1791119220.9700089,2516.25390625,199.4,5.8,308
1791119221.1706188,2516.25390625,199.4,5.8,308
1791119221.371234,2516.25390625,199.4,5.3,308
1791119221.5718372,2516.25390625,199.4,4.8,308
1791119221.7724447,2516.25390625,199.4,4.3,308
1791119221.9730535,2516.25390625,199.4,4.2,308
1791119222.1736555,2516.25390625,204.4,4.2,308
1791119222.374273,2516.25390625,199.4,4.5,308
1791119222.5748875,2516.25390625,199.3,4.5,308
1791119222.7755814,2516.25390625,204.3,5.1,308
1791119222.9761977,2516.25390625,199.4,7.9,308
1791119223.1769023,2516.25390625,199.3,7.4,308
1791119223.3776157,2516.25390625,199.3,7.8,308
1791119223.578358,2516.25390625,199.2,7.5,308
1791119223.7792246,2516.25390625,204.1,5.8,308
1791119223.9800794,2516.25390625,199.2,6.7,308
1791119224.1807826,2516.25390625,199.3,6.9,308
1791119224.3815653,2516.25390625,199.2,7.2,308
1791119224.582302,2516.25390625,199.3,5.1,308
1791119224.7830439,2516.25390625,204.2,7.1,308
1791119224.9837773,2516.25390625,199.3,7.5,308
1791119225.1845453,2516.25390625,199.3,6.4,308
1791119225.385258,2516.25390625,199.3,9.3,308
1791119225.5859704,2516.25390625,199.3,7.6,308
1791119225.7866602,2516.25390625,199.3,5.7,308
1791119225.9873881,2516.25390625,204.2,5.4,308
1791119226.188125,2516.25390625,199.3,6.8,308
1791119226.3888702,2516.25390625,199.3,4.4,308
1791119226.5896075,2516.25390625,199.2,4.3,308
1791119226.7905464,2516.25390625,199.1,4.1,308
1791119226.9913547,2516.25390625,204.2,4.2,308
1791119227.1921148,2516.25390625,204.2,4.6,308
1791119227.3928766,2516.25390625,199.2,5.1,308
1791119227.5936239,2516.25390625,199.3,5.1,308
1791119227.7942502,2516.25390625,199.4,5.1,308
1791119227.9948788,2516.25390625,199.4,5.1,308
1791119228.1955295,2516.25390625,199.4,5.1,308
1791119228.396179,2516.25390625,204.3,5.2,308
1791119228.596813,2516.25390625,199.3,4.4,308
1791119228.797728,2516.25390625,199.1,4.2,308
1791119228.9985301,2516.25390625,199.2,4.4,308
1791119229.199292,2516.25390625,199.2,4.3,308
1791119229.4000494,2516.25390625,204.2,4.6,308
1791119229.601043,2516.25390625,199.1,6.5,308
1791119229.801773,2516.25390625,199.2,5.2,308
1791119230.00251,2516.25390625,199.3,5.3,308
1791119230.2031562,2516.25390625,199.4,5.2,308
1791119230.403767,2516.25390625,199.4,5.2,308
1791119230.6043737,2516.25390625,199.4,5.0,308
1791119230.8049636,2516.25390625,204.4,4.3,308
1791119231.0055785,2516.25390625,199.4,4.3,308
1791119231.2061944,2516.25390625,204.4,4.5,308
1791119231.406778,2516.25390625,199.4,5.3,308
1791119231.607399,2516.25390625,199.4,5.2,308
1791119231.807991,2516.25390625,199.4,6.1,308
1791119232.0086014,2516.25390625,199.4,6.2,308
1791119232.2092018,2516.25390625,204.4,5.9,308
1791119232.4097614,2516.25390625,199.4,6.0,308
1791119232.610346,2516.25390625,199.4,5.8,308
1791119232.8109205,2516.25390625,199.4,6.0,308
1791119233.0115263,2516.25390625,199.4,7.8,308
1791119233.2121382,2516.25390625,199.4,7.6,308
1791119233.4128067,2516.25390625,199.3,7.7,308
1791119233.6135314,2516.25390625,199.3,7.4,308
1791119233.814219,2516.25390625,204.3,6.0,308
1791119234.0148585,2516.25390625,199.3,10.0,308
1791119234.215589,2516.25390625,199.3,7.7,308
1791119234.416315,2516.25390625,199.3,6.0,308
1791119234.616986,2516.25390625,199.3,8.0,308
1791119234.8177814,2516.25390625,199.3,8.2,308
1791119235.0184894,2516.25390625,199.3,7.8,308
1791119235.2191927,2516.25390625,209.3,5.5,308
1791119235.4198308,2516.25390625,199.3,6.1,308
1791119235.6205473,2516.25390625,199.3,6.8,308
1791119235.8212893,2516.25390625,199.3,7.2,308
1791119236.0220003,2516.25390625,199.3,5.2,308
1791119236.2227128,2516.25390625,204.2,5.9,308
1791119236.4235742,2516.25390625,199.2,5.9,308
1791119236.6242983,2516.25390625,199.3,6.3,308
1791119236.8250031,2516.25390625,199.3,7.1,308
1791119237.025618,2516.25390625,199.4,5.4,308
1791119237.2262428,2516.25390625,199.4,5.3,308
1791119237.4268668,2516.25390625,199.4,5.0,308
1791119237.6275926,2516.25390625,199.3,5.2,308
1791119237.8283026,2516.25390625,204.3,4.8,308
1791119238.0289185,2516.25390625,204.3,4.4,308
1791119238.229646,2516.25390625,199.3,4.4,308
1791119238.4303753,2516.25390625,199.3,4.8,308
1791119238.6310756,2516.25390625,199.3,5.1,308
1791119238.8317935,2516.25390625,199.3,5.1,308
1791119239.0325181,2516.25390625,204.3,5.1,308
1791119239.233242,2516.25390625,199.3,5.2,308
1791119239.4339647,2516.25390625,199.3,5.5,308
1791119239.6346765,2516.25390625,199.3,5.4,308
1791119239.8354027,2516.25390625,199.3,6.6,308
1791119240.0361125,2516.25390625,199.3,4.2,308
1791119240.2367382,2516.25390625,199.4,4.4,308
1791119240.4373777,2516.25390625,199.4,4.4,308
1791119240.6380057,2516.25390625,204.3,4.3,308
1791119240.8386564,2516.25390625,199.4,5.4,308
1791119241.0392644,2516.25390625,199.4,5.2,308
1791119241.2399201,2516.25390625,199.3,5.8,308
1791119241.440627,2516.25390625,199.3,5.2,308
1791119241.6412482,2516.25390625,199.4,5.3,308
1791119241.8418727,2516.25390625,204.4,5.3,308
1791119242.0424984,2516.25390625,199.4,4.7,308
1791119242.2431211,2516.25390625,204.4,4.4,308
1791119242.4437323,2516.25390625,199.4,4.6,308
1791119242.6443396,2516.25390625,199.4,4.3,308
1791119242.844968,2516.25390625,199.4,6.2,308
1791119243.0456715,2516.25390625,199.3,7.8,308
1791119243.246385,2516.25390625,204.3,7.9,308
1791119243.4470816,2516.25390625,199.3,7.9,308
1791119243.6477273,2516.25390625,199.4,5.9,308
1791119243.8483574,2516.25390625,199.3,8.0,308
1791119244.0490668,2516.25390625,199.3,8.4,308
1791119244.2497349,2516.25390625,199.3,6.6,308
1791119244.4503636,2516.25390625,199.3,9.9,308
1791119244.651098,2516.25390625,204.3,8.0,308
1791119244.8518171,2516.25390625,199.3,8.1,308
1791119245.0525343,2516.25390625,199.3,7.7,308
1791119245.2532554,2516.25390625,199.3,11.0,308
1791119245.4539995,2516.25390625,199.2,7.8,308
1791119245.6548517,2516.25390625,199.1,8.7,308
1791119245.8556423,2516.25390625,204.2,7.9,308
1791119246.0563922,2516.25390625,199.2,6.4,308
1791119246.2572317,2516.25390625,204.2,5.7,308
1791119246.4579608,2516.25390625,199.3,5.9,308
1791119246.6586719,2516.25390625,199.3,4.8,308
1791119246.8594728,2516.25390625,204.2,4.4,308
1791119247.0602283,2516.25390625,199.3,4.4,308
1791119247.2609346,2516.25390625,199.3,4.0,308
1791119247.4616876,2516.25390625,199.3,4.1,308
1791119247.6624212,2516.25390625,199.3,4.8,308
1791119247.863157,2516.25390625,199.3,6.0,308
1791119248.063999,2516.25390625,204.1,4.8,308
1791119248.2647433,2516.25390625,199.3,5.1,308
1791119248.465492,2516.25390625,199.3,5.4,308
1791119248.666212,2516.25390625,199.3,6.7,308
1791119248.8669271,2516.25390625,199.3,4.1,308
1791119249.0675802,2516.25390625,199.3,4.2,308
1791119249.2682738,2516.25390625,204.3,5.7,308
1791119249.468982,2516.25390625,199.3,4.3,308
1791119249.6696186,2516.25390625,199.4,4.2,308
1791119249.870255,2516.25390625,199.4,4.4,308
1791119250.0708666,2516.25390625,199.4,4.8,308
1791119250.2714958,2516.25390625,199.4,4.9,308
1791119250.4721315,2516.25390625,199.4,4.8,308
1791119250.6727467,2516.25390625,199.4,4.9,308
1791119250.873361,2516.25390625,209.3,4.8,308
1791119251.0739663,2516.25390625,199.4,4.5,308
1791119251.274575,2516.25390625,199.4,4.1,308
1791119251.4752069,2516.25390625,199.4,4.0,308
1791119251.6758232,2516.25390625,199.4,4.2,308
1791119251.8764246,2516.25390625,199.4,4.1,308
1791119252.077051,2516.25390625,199.4,4.4,308
1791119252.2776732,2516.25390625,199.4,4.7,308
1791119252.4782846,2516.25390625,204.4,4.8,308
1791119252.6788914,2516.25390625,199.4,4.7,308
1791119252.879485,2516.25390625,199.4,7.1,308
1791119253.0802114,2516.25390625,199.3,7.8,308
1791119253.2808888,2516.25390625,199.3,7.9,308
1791119253.4815795,2516.25390625,199.3,6.4,308
1791119253.6822608,2516.25390625,204.3,5.0,308
1791119253.8828962,2516.25390625,199.3,6.5,308
1791119254.0836048,2516.25390625,199.3,6.7,308
1791119254.2843087,2516.25390625,199.3,5.5,308
1791119254.4850132,2516.25390625,199.3,7.4,308
1791119254.6858158,2516.25390625,199.2,7.5,308
1791119254.8865004,2516.25390625,199.3,7.4,308
1791119255.0872273,2516.25390625,204.3,7.7,308
1791119255.2879214,2516.25390625,199.3,6.0,308
1791119255.4886124,2516.25390625,199.3,8.4,308
1791119255.689327,2516.25390625,204.3,6.9,308
1791119255.8899868,2516.25390625,199.3,4.1,308
1791119256.09069,2516.25390625,199.3,4.7,308
1791119256.2914057,2516.25390625,204.3,4.1,308
1791119256.492139,2516.25390625,199.3,6.6,308
1791119256.6928139,2516.25390625,199.3,4.9,308
1791119256.8934562,2516.25390625,199.4,5.7,308
1791119257.0940533,2516.25390625,199.4,5.7,308
1791119257.2946343,2516.25390625,199.4,5.8,308
1791119257.4952128,2516.25390625,199.4,5.5,308
1791119257.695791,2516.25390625,199.4,5.8,308
1791119257.8964143,2516.25390625,204.3,5.3,308
1791119258.0970438,2516.25390625,199.4,4.8,308
1791119258.2976713,2516.25390625,199.4,4.8,308
1791119258.4983244,2516.25390625,199.3,5.1,308
1791119258.6990058,2516.25390625,199.3,5.0,308
1791119258.8996427,2516.25390625,199.4,5.5,308
1791119259.100306,2516.25390625,204.3,5.7,308
1791119259.3009586,2516.25390625,199.4,5.7,308
1791119259.5015774,2516.25390625,199.4,5.0,308
1791119259.7022061,2516.25390625,199.3,5.2,308
1791119259.902924,2516.25390625,204.3,4.9,308
1791119260.1035786,2516.25390625,199.3,4.7,308
1791119260.3042712,2516.25390625,199.3,4.1,308
1791119260.5049078,2516.25390625,204.3,4.1,308
1791119260.7055984,2516.25390625,199.3,4.1,308
1791119260.906248,2516.25390625,199.4,4.0,308
1791119261.1068687,2516.25390625,199.4,4.2,308
1791119261.3075428,2516.25390625,199.4,4.9,308
1791119261.508175,2516.25390625,199.4,4.9,308
1791119261.7087948,2516.25390625,199.4,4.9,308
1791119261.9094265,2516.25390625,199.4,5.1,308
1791119262.1100304,2516.25390625,199.4,4.9,308
1791119262.3106549,2516.25390625,199.4,4.9,308
1791119262.5112877,2516.25390625,199.3,4.3,308
1791119262.711937,2516.25390625,204.3,4.2,308
1791119262.9125738,2516.25390625,199.4,6.6,308
1791119263.113256,2516.25390625,204.3,6.7,308
1791119263.3139658,2516.25390625,199.3,6.7,308
1791119263.5146186,2516.25390625,199.3,7.5,308
1791119263.7153034,2516.25390625,199.3,6.7,308
1791119263.9159982,2516.25390625,204.3,7.4,308
1791119264.1167104,2516.25390625,199.3,7.4,308
1791119264.3174236,2516.25390625,199.3,7.4,308
1791119264.518134,2516.25390625,199.3,5.7,308
1791119264.7188017,2516.25390625,199.3,7.3,308
1791119264.9195144,2516.25390625,199.3,6.6,308
1791119265.1202393,2516.25390625,204.3,6.5,308
1791119265.3209565,2516.25390625,199.3,4.9,308
1791119265.5216334,2516.25390625,199.3,7.7,308
1791119265.7223666,2516.25390625,199.3,6.3,308
1791119265.923078,2516.25390625,199.3,4.9,308
1791119266.1237402,2516.25390625,199.3,4.9,308
1791119266.3244898,2516.25390625,199.3,5.0,308
1791119266.5251992,2516.25390625,204.3,6.5,308
1791119266.7258534,2516.25390625,204.3,5.0,308
1791119266.926566,2516.25390625,199.3,4.8,308
1791119267.1272533,2516.25390625,199.3,3.9,308
1791119267.3279345,2516.25390625,199.3,4.2,308
1791119267.5286217,2516.25390625,199.3,4.1,308
1791119267.7293465,2516.25390625,199.3,4.3,308
1791119267.9300492,2516.25390625,204.3,4.6,308
1791119268.1307735,2516.25390625,199.3,4.8,308
1791119268.331454,2516.25390625,199.3,4.9,308
1791119268.532154,2516.25390625,199.3,5.7,308
1791119268.7328422,2516.25390625,199.3,4.9,308
1791119268.93352,2516.25390625,199.3,5.1,308
1791119269.1341956,2516.25390625,199.3,4.8,308
1791119269.3348908,2516.25390625,204.3,4.3,308
1791119269.5355837,2516.25390625,199.3,5.3,308
1791119269.7363024,2516.25390625,199.3,5.0,308
1791119269.936974,2516.25390625,199.3,4.9,308
1791119270.137666,2516.25390625,199.3,4.9,308
1791119270.338364,2516.25390625,199.3,5.7,308
1791119270.5390525,2516.25390625,209.3,5.8,308
1791119270.7397237,2516.25390625,199.3,5.7,308
1791119270.940432,2516.25390625,199.3,5.8,308
1791119271.1411304,2516.25390625,199.3,5.7,308
1791119271.3417902,2516.25390625,199.3,6.2,308
1791119271.5424564,2516.25390625,199.3,5.4,308
1791119271.7431755,2516.25390625,199.3,8.0,308
1791119271.9439766,2516.25390625,204.2,5.0,308
1791119272.144696,2516.25390625,199.3,6.3,308
1791119272.3454053,2516.25390625,199.3,6.6,308
1791119272.5461385,2516.25390625,199.3,7.0,308
1791119272.7468467,2516.25390625,199.3,10.1,308
1791119272.9475808,2516.25390625,199.3,7.4,308
1791119273.1482902,2516.25390625,199.3,7.3,308
1791119273.3490417,2516.25390625,204.2,7.3,308
1791119273.5497763,2516.25390625,199.3,7.3,308
1791119273.7504888,2516.25390625,199.3,5.3,308
1791119273.9511778,2516.25390625,199.3,6.5,308
1791119274.151906,2516.25390625,204.3,6.4,308
1791119274.3526354,2516.25390625,199.3,6.7,308
1791119274.5533516,2516.25390625,204.3,5.1,308
1791119274.7540367,2516.25390625,199.3,7.4,308
1791119274.954762,2516.25390625,199.2,7.4,308
1791119275.1555128,2516.25390625,199.3,5.8,308
1791119275.3561947,2516.25390625,199.3,5.7,308
1791119275.5568643,2516.25390625,199.3,8.6,308
1791119275.7576218,2516.25390625,199.3,7.7,308
1791119275.9583817,2516.25390625,204.2,7.3,308
1791119276.1591206,2516.25390625,199.3,6.9,308
1791119276.3598373,2516.25390625,199.3,7.5,308
1791119276.5605874,2516.25390625,199.3,4.3,308
1791119276.761295,2516.25390625,199.3,4.2,308
1791119276.9619236,2516.25390625,199.4,4.7,308
1791119277.1625657,2516.25390625,199.3,5.2,308
1791119277.3632412,2516.25390625,209.3,5.0,308
1791119277.5638666,2516.25390625,199.4,4.9,308
1791119277.7645006,2516.25390625,199.4,5.1,308
1791119277.9651477,2516.25390625,199.3,5.1,308
1791119278.165806,2516.25390625,199.4,5.0,308
1791119278.3664355,2516.25390625,199.3,6.5,308
1791119278.567192,2516.25390625,199.2,4.6,308
1791119278.7679112,2516.25390625,204.3,4.2,308
1791119278.968586,2516.25390625,199.3,4.3,308
1791119279.1692247,2516.25390625,199.4,4.1,308
1791119279.369858,2516.25390625,199.3,7.3,308
1791119279.5706396,2516.25390625,199.3,5.2,308
1791119279.7713273,2516.25390625,199.3,5.1,308
1791119279.9720843,2516.25390625,204.2,5.0,308
1791119280.172729,2516.25390625,199.4,5.1,308
1791119280.373355,2516.25390625,199.4,5.1,308
1791119280.5739605,2516.25390625,199.4,4.7,308
1791119280.7745757,2516.25390625,199.4,4.3,308
1791119280.9752312,2516.25390625,199.3,4.3,308
1791119281.1758592,2516.25390625,199.4,4.2,308
1791119281.3764908,2516.25390625,199.4,4.3,308
1791119281.5770833,2516.25390625,209.4,4.5,308
1791119281.7777045,2516.25390625,199.4,5.2,308
1791119281.978349,2516.25390625,199.3,5.0,308
1791119282.178999,2516.25390625,199.4,5.5,308
1791119282.3796425,2516.25390625,199.4,5.8,308
1791119282.5802891,2516.25390625,199.3,7.6,308
1791119282.7809799,2516.25390625,204.3,7.6,308
1791119282.9816983,2516.25390625,199.3,7.9,308
1791119283.1824377,2516.25390625,194.3,8.2,308
1791119283.3831823,2516.25390625,204.2,7.8,308
1791119283.5838845,2516.25390625,199.3,6.7,308
1791119283.7845263,2516.25390625,199.4,8.1,308
1791119283.985238,2516.25390625,199.3,8.3,308
1791119284.1859164,2516.25390625,199.3,6.5,308
1791119284.3865602,2516.25390625,199.3,8.8,308
1791119284.5872688,2516.25390625,204.3,8.7,308
1791119284.7879672,2516.25390625,199.3,8.7,308
1791119284.9886587,2516.25390625,199.3,7.9,308
1791119285.189406,2516.25390625,204.2,5.7,308
1791119285.3901184,2516.25390625,199.3,5.3,308
1791119285.590992,2516.25390625,199.1,8.1,308
1791119285.7919562,2516.25390625,199.0,6.6,308
1791119285.992917,2516.25390625,204.1,4.3,308
1791119286.193788,2516.25390625,199.1,5.4,308
1791119286.3944564,2516.25390625,199.3,5.1,308
1791119286.5950687,2516.25390625,199.4,5.2,308
1791119286.795716,2516.25390625,199.4,5.0,308
1791119286.9963748,2516.25390625,199.3,5.1,308
1791119287.1970642,2516.25390625,199.3,5.1,308
1791119287.3977196,2516.25390625,204.3,4.8,308
1791119287.5983849,2516.25390625,199.3,4.2,308
1791119287.7990234,2516.25390625,204.3,4.3,308
1791119287.9996843,2516.25390625,199.3,4.4,308
1791119288.2004108,2516.25390625,199.3,4.1,308
1791119288.4010713,2516.25390625,199.4,5.1,308
1791119288.6017144,2516.25390625,199.4,5.1,308
1791119288.8023326,2516.25390625,204.3,5.0,308
1791119289.002994,2516.25390625,199.3,5.4,308
1791119289.203652,2516.25390625,194.4,5.5,308
1791119289.4043055,2516.25390625,204.3,5.5,308
1791119289.6049235,2516.25390625,199.4,5.5,308
1791119289.8055365,2516.25390625,199.4,4.3,308
1791119290.0061712,2516.25390625,204.4,4.4,308
1791119290.2068284,2516.25390625,199.3,6.1,308
1791119290.407544,2516.25390625,199.3,4.2,308
1791119290.6082609,2516.25390625,199.3,4.4,308
1791119290.8089192,2516.25390625,204.3,5.0,308
1791119291.0096357,2516.25390625,199.3,5.0,308
1791119291.2103071,2516.25390625,199.3,5.2,308
1791119291.4110599,2516.25390625,199.3,5.1,308
1791119291.6116946,2516.25390625,199.4,5.2,308
1791119291.812371,2516.25390625,199.3,5.3,308
1791119292.0130956,2516.25390625,199.3,4.8,308
1791119292.2137372,2516.25390625,199.3,4.4,308
1791119292.4144704,2516.25390625,204.3,4.3,308
1791119292.6151638,2516.25390625,204.3,4.4,308
1791119292.815861,2516.25390625,199.3,5.9,308
1791119293.0166175,2516.25390625,199.3,7.3,308
1791119293.2173507,2516.25390625,199.3,8.0,308
1791119293.4180896,2516.25390625,199.3,6.0,308
1791119293.618816,2516.25390625,199.3,7.5,308
1791119293.819574,2516.25390625,204.2,7.9,308
1791119294.020327,2516.25390625,199.3,7.6,308
1791119294.2210662,2516.25390625,199.3,5.8,308
1791119294.421776,2516.25390625,199.3,6.9,308
1791119294.6225307,2516.25390625,199.2,6.8,308
1791119294.8232727,2516.25390625,199.3,5.7,308
1791119295.0239909,2516.25390625,204.3,7.6,308
1791119295.2247174,2516.25390625,199.3,8.1,308
1791119295.425445,2516.25390625,199.3,7.2,308
1791119295.6261644,2516.25390625,204.2,10.1,308
1791119295.826915,2516.25390625,199.3,8.2,308
1791119296.0276492,2516.25390625,199.3,5.8,308
1791119296.2283227,2516.25390625,199.3,5.7,308
1791119296.4290485,2516.25390625,199.3,6.2,308
1791119296.629779,2516.25390625,204.2,5.5,308
1791119296.8305295,2516.25390625,199.3,5.2,308
1791119297.0311935,2516.25390625,199.3,5.1,308
1791119297.2319195,2516.25390625,199.3,5.1,308
1791119297.432661,2516.25390625,199.3,5.1,308
1791119297.6334016,2516.25390625,199.3,5.6,308
1791119297.8341374,2516.25390625,199.3,8.3,308
1791119298.0348837,2516.25390625,204.2,7.3,308
1791119298.2356274,2516.25390625,199.3,6.7,308
1791119298.4363327,2516.25390625,199.3,5.8,308
1791119298.6369593,2516.25390625,199.4,5.7,308
1791119298.8375905,2516.25390625,199.3,4.8,308
1791119299.0382497,2516.25390625,199.4,4.3,308
1791119299.2388897,2516.25390625,209.3,4.3,308
1791119299.439532,2516.25390625,199.4,4.9,308
1791119299.6401985,2516.25390625,199.3,5.8,308
1791119299.8408937,2516.25390625,199.3,7.0,308
1791119300.0415628,2516.25390625,199.4,5.2,308
1791119300.2421896,2516.25390625,199.4,5.0,308
1791119300.4428384,2516.25390625,199.4,6.4,308
1791119300.643508,2516.25390625,199.3,5.1,308
1791119300.8442407,2516.25390625,204.3,5.3,308
1791119301.0449045,2516.25390625,199.4,5.1,308
1791119301.2455566,2516.25390625,199.4,4.2,308
1791119301.4461944,2516.25390625,199.4,4.7,308
1791119301.6468282,2516.25390625,199.3,7.7,308
1791119301.8476398,2516.25390625,199.2,4.4,308
1791119302.048303,2516.25390625,204.3,4.2,308
1791119302.2489176,2516.25390625,199.4,5.1,308
1791119302.4495423,2516.25390625,199.4,5.0,308
1791119302.6502142,2516.25390625,204.3,5.3,308
1791119302.8509245,2516.25390625,199.3,7.3,308
1791119303.0516465,2516.25390625,199.3,8.0,308
1791119303.2523768,2516.25390625,199.3,8.6,308
1791119303.4531138,2516.25390625,204.2,7.2,308
1791119303.6538622,2516.25390625,199.3,6.8,308
1791119303.854616,2516.25390625,199.3,7.3,308
1791119304.0553784,2516.25390625,199.3,5.3,308
1791119304.2561142,2516.25390625,199.3,7.0,308
1791119304.4568553,2516.25390625,199.2,7.6,308
1791119304.657726,2516.25390625,199.2,6.4,308
1791119304.8584642,2516.25390625,204.3,7.3,308
1791119305.0591657,2516.25390625,199.3,7.7,308
1791119305.259846,2516.25390625,199.3,5.8,308
1791119305.4605074,2516.25390625,199.3,8.8,308
1791119305.6612747,2516.25390625,199.3,7.6,308
1791119305.8620343,2516.25390625,199.2,4.6,308
1791119306.0627499,2516.25390625,204.3,5.3,308
1791119306.263511,2516.25390625,199.2,4.3,308
1791119306.4642646,2516.25390625,204.2,6.6,308
1791119306.6650393,2516.25390625,199.2,5.0,308
1791119306.8658059,2516.25390625,199.3,5.5,308
1791119307.0665255,2516.25390625,199.3,5.4,308
1791119307.267279,2516.25390625,204.2,5.1,308
1791119307.4679954,2516.25390625,199.3,5.1,308
1791119307.6687114,2516.25390625,199.3,5.6,308
1791119307.8694172,2516.25390625,199.3,5.9,308
1791119308.0701542,2516.25390625,199.3,5.2,308
1791119308.2708492,2516.25390625,204.3,7.6,308
1791119308.4715984,2516.25390625,199.3,5.5,308
1791119308.6723015,2516.25390625,199.3,5.3,308
1791119308.8730264,2516.25390625,199.3,5.2,308
1791119309.073697,2516.25390625,199.3,6.1,308
1791119309.2743633,2516.25390625,199.3,6.0,308
1791119309.4750314,2516.25390625,204.3,8.8,308
1791119309.6758032,2516.25390625,199.3,6.4,308
1791119309.8765302,2516.25390625,199.3,6.0,308
1791119310.0772707,2516.25390625,199.2,6.4,308
1791119310.2780328,2516.25390625,199.3,5.5,308
1791119310.4787588,2516.25390625,199.3,6.4,308
1791119310.679509,2516.25390625,199.3,4.6,308
1791119310.8801672,2516.25390625,209.3,4.3,308
1791119311.0808132,2516.25390625,199.3,4.4,308
1791119311.281453,2516.25390625,199.4,5.1,308
1791119311.482097,2516.25390625,199.3,5.0,308
1791119311.6827621,2516.25390625,199.3,6.3,308
1791119311.88346,2516.25390625,199.3,5.0,308
1791119312.084112,2516.25390625,199.3,5.1,308
1791119312.2847664,2516.25390625,199.4,5.1,308
1791119312.4854147,2516.25390625,204.3,4.8,308
1791119312.6860633,2516.25390625,199.3,4.6,308
1791119312.8867962,2516.25390625,199.2,6.8,308
1791119313.0876076,2516.25390625,199.2,7.1,308
1791119313.2883658,2516.25390625,199.3,5.5,308
1791119313.4890318,2516.25390625,204.3,7.4,308
1791119313.6897624,2516.25390625,199.2,7.6,308
1791119313.8905175,2516.25390625,199.3,8.3,308
1791119314.0912282,2516.25390625,199.3,5.8,308
1791119314.2918804,2516.25390625,199.4,8.2,308
1791119314.4925635,2516.25390625,199.3,8.3,308
1791119314.6932724,2516.25390625,204.3,8.1,308
1791119314.8940048,2516.25390625,204.3,7.2,308
1791119315.0947294,2516.25390625,199.3,6.9,308
1791119315.295432,2516.25390625,199.3,5.6,308
1791119315.496054,2516.25390625,199.3,7.9,308
1791119315.6967928,2516.25390625,199.3,7.5,308
1791119315.897537,2516.25390625,199.3,5.3,308
1791119316.098259,2516.25390625,204.3,5.6,308
1791119316.2989933,2516.25390625,199.3,5.3,308
1791119316.4996183,2516.25390625,199.4,5.3,308
1791119316.7003243,2516.25390625,199.3,5.2,308
1791119316.9010625,2516.25390625,199.3,5.4,308
1791119317.1017141,2516.25390625,199.4,4.2,308
1791119317.3023694,2516.25390625,199.3,4.4,308
1791119317.5030212,2516.25390625,204.3,4.4,308
1791119317.7036707,2516.25390625,199.3,4.6,308
1791119317.904357,2516.25390625,199.3,4.6,308
1791119318.1049943,2516.25390625,199.4,5.1,308
1791119318.3056395,2516.25390625,199.3,5.3,308
1791119318.5063255,2516.25390625,199.3,5.6,308
1791119318.706978,2516.25390625,204.3,5.5,308
1791119318.9076998,2516.25390625,199.3,5.5,308
1791119319.108363,2516.25390625,204.3,5.1,308
1791119319.30905,2516.25390625,199.3,4.5,308
1791119319.5097318,2516.25390625,199.3,4.6,308
1791119319.7104747,2516.25390625,199.2,5.3,308
1791119319.9112074,2516.25390625,199.3,4.9,308
1791119320.1118283,2516.25390625,199.4,4.4,308
1791119320.3124826,2516.25390625,204.3,4.9,308
1791119320.5131595,2516.25390625,199.3,5.9,308
1791119320.7138958,2516.25390625,199.3,6.0,308
1791119320.9146252,2516.25390625,199.3,6.1,308
1791119321.1152678,2516.25390625,199.3,5.9,308
1791119321.3160164,2516.25390625,199.2,5.9,308
1791119321.516769,2516.25390625,204.2,5.9,308
1791119321.7175207,2516.25390625,199.3,5.2,308
1791119321.9182703,2516.25390625,199.2,5.5,308
1791119322.1190233,2516.25390625,199.3,5.4,308
1791119322.3197346,2516.25390625,204.3,5.3,308
1791119322.5205116,2516.25390625,199.2,7.4,308
1791119322.7212632,2516.25390625,199.2,6.4,308
1791119322.9220068,2516.25390625,199.3,8.2,308
1791119323.1227674,2516.25390625,204.2,8.5,308
1791119323.3235157,2516.25390625,199.3,8.3,308
1791119323.5242658,2516.25390625,199.3,7.2,308
1791119323.7250035,2516.25390625,199.2,8.2,308
1791119323.9259424,2516.25390625,199.1,6.8,308
1791119324.1266644,2516.25390625,199.3,5.8,308
1791119324.3273382,2516.25390625,204.3,7.0,308
1791119324.528101,2516.25390625,199.3,7.1,308
1791119324.728787,2516.25390625,199.3,5.6,308
1791119324.9294913,2516.25390625,199.3,8.0,308
1791119325.130256,2516.25390625,199.3,8.3,308
1791119325.3309667,2516.25390625,199.3,5.9,308
1791119325.5316126,2516.25390625,204.3,8.7,308
1791119325.7323065,2516.25390625,204.3,7.8,308
1791119325.933035,2516.25390625,194.3,5.8,308
1791119326.1337357,2516.25390625,199.3,5.2,308
1791119326.3344293,2516.25390625,204.3,4.4,308
1791119326.5351024,2516.25390625,199.3,4.7,308
1791119326.73575,2516.25390625,199.3,4.7,308
1791119326.9364674,2516.25390625,204.3,4.4,308
1791119327.1371198,2516.25390625,199.3,5.0,308
1791119327.3377635,2516.25390625,199.4,5.8,308
1791119327.538407,2516.25390625,199.4,4.9,308
1791119327.7390616,2516.25390625,204.3,5.3,308
1791119327.9397163,2516.25390625,199.3,5.1,308
1791119328.1404357,2516.25390625,199.3,5.0,308
1791119328.3410857,2516.25390625,199.4,4.5,308
1791119328.5417247,2516.25390625,199.3,4.5,308
1791119328.7424498,2516.25390625,199.3,4.1,308
1791119328.943191,2516.25390625,199.3,3.9,308
1791119329.1438658,2516.25390625,204.3,4.0,308
1791119329.344491,2516.25390625,199.3,4.5,308
1791119329.5451639,2516.25390625,199.3,5.1,308
1791119329.7458239,2516.25390625,199.4,5.1,308
1791119329.946483,2516.25390625,199.4,4.8,308
1791119330.1471329,2516.25390625,199.3,7.2,308
1791119330.3478205,2516.25390625,199.3,4.8,308
1791119330.5485132,2516.25390625,199.3,4.7,308
1791119330.7491784,2516.25390625,209.3,4.3,308
1791119330.949901,2516.25390625,199.3,4.0,308
1791119331.1505744,2516.25390625,199.4,4.0,308
1791119331.3512235,2516.25390625,199.4,3.9,308
1791119331.551845,2516.25390625,199.3,4.4,308
1791119331.7525263,2516.25390625,199.3,8.7,308
1791119331.953274,2516.25390625,199.3,4.9,308
1791119332.1539588,2516.25390625,199.3,5.3,308
1791119332.3546336,2516.25390625,199.4,4.8,308
1791119332.5552828,2516.25390625,199.3,4.9,308
1791119332.7559428,2516.25390625,204.3,4.9,308
1791119332.9566615,2516.25390625,199.3,6.5,308
1791119333.1573842,2516.25390625,199.3,7.1,308
1791119333.3581219,2516.25390625,204.3,7.9,308
1791119333.5588627,2516.25390625,199.3,7.3,308
1791119333.7596025,2516.25390625,199.3,7.7,308
1791119333.9603338,2516.25390625,204.2,7.6,308
1791119334.161085,2516.25390625,199.3,6.5,308
1791119334.361813,2516.25390625,199.3,7.6,308
1791119334.5625653,2516.25390625,199.2,8.3,308
1791119334.763328,2516.25390625,199.3,7.0,308
1791119334.9640288,2516.25390625,204.2,8.2,308
1791119335.1647594,2516.25390625,199.3,8.0,308
1791119335.365502,2516.25390625,199.3,5.7,308
1791119335.5661716,2516.25390625,199.3,8.1,308
1791119335.7669027,2516.25390625,199.2,7.0,308
1791119335.9676476,2516.25390625,199.3,4.0,308
1791119336.1683054,2516.25390625,199.3,4.5,308
1791119336.3689718,2516.25390625,204.3,4.8,308
1791119336.5696156,2516.25390625,199.3,5.3,308
1791119336.7703328,2516.25390625,199.3,9.0,308
1791119336.9710736,2516.25390625,199.3,5.3,308
1791119337.1717122,2516.25390625,199.3,4.9,308
1791119337.3723836,2516.25390625,199.4,4.9,308
1791119337.573029,2516.25390625,204.3,3.9,308
1791119337.773675,2516.25390625,199.3,4.4,308
1791119337.9744513,2516.25390625,199.2,5.0,308
1791119338.175296,2516.25390625,204.1,4.0,308
1791119338.3760693,2516.25390625,199.3,7.2,308
1791119338.5767903,2516.25390625,199.3,5.1,308
1791119338.777444,2516.25390625,199.3,5.5,308
1791119338.9780984,2516.25390625,199.4,5.3,308
1791119339.178712,2516.25390625,199.4,4.7,308
1791119339.3793683,2516.25390625,204.3,5.1,308
1791119339.58004,2516.25390625,199.3,5.3,308
1791119339.780756,2516.25390625,199.3,4.8,308
1791119339.9814744,2516.25390625,199.3,4.6,308
1791119340.1821978,2516.25390625,199.3,4.0,308
1791119340.382933,2516.25390625,199.3,4.3,308
1791119340.5839188,2516.25390625,204.0,4.0,308
1791119340.7846563,2516.25390625,199.3,4.6,308
1791119340.985461,2516.25390625,198.8,5.0,308
1791119341.1867151,2516.25390625,204.1,4.7,308
1791119341.3875017,2516.25390625,199.2,5.1,308
1791119341.5882647,2516.25390625,199.2,4.8,308
1791119341.7890272,2516.25390625,199.2,4.9,308
1791119341.9897995,2516.25390625,199.3,4.6,308
1791119342.1905315,2516.25390625,204.2,4.1,308
1791119342.3912945,2516.25390625,199.3,4.2,308
1791119342.591982,2516.25390625,199.3,4.1,308
1791119342.792792,2516.25390625,204.2,4.1,308
1791119342.9935505,2516.25390625,199.2,7.3,308
1791119343.1942647,2516.25390625,199.3,7.7,308
1791119343.39502,2516.25390625,199.2,7.8,308
1791119343.595797,2516.25390625,199.2,7.1,308
1791119343.7965705,2516.25390625,199.2,7.1,308
1791119343.9973688,2516.25390625,204.2,7.2,308
1791119344.1981738,2516.25390625,199.2,5.6,308
1791119344.3988988,2516.25390625,199.2,7.1,308
1791119344.5997107,2516.25390625,199.2,7.1,308
1791119344.8005536,2516.25390625,204.2,5.1,308
1791119345.0013535,2516.25390625,199.2,6.8,308
1791119345.20218,2516.25390625,199.2,7.6,308
1791119345.4031134,2516.25390625,199.1,5.8,308
1791119345.604006,2516.25390625,199.1,8.1,308
1791119345.8049154,2516.25390625,204.1,6.7,308
1791119346.0058343,2516.25390625,199.1,5.8,308
1791119346.2067392,2516.25390625,199.1,7.4,308
1791119346.4076498,2516.25390625,199.1,5.6,308
1791119346.6085477,2516.25390625,199.1,5.3,308
1791119346.8093941,2516.25390625,204.2,4.9,308
1791119347.0101993,2516.25390625,204.2,4.9,308
1791119347.210932,2516.25390625,199.2,4.9,308
1791119347.4117115,2516.25390625,199.2,4.7,308
1791119347.612473,2516.25390625,199.2,5.6,308
1791119347.8132741,2516.25390625,204.2,5.5,308
1791119348.0139978,2516.25390625,199.3,5.7,308
1791119348.2147446,2516.25390625,199.3,5.7,308
1791119348.4155252,2516.25390625,199.2,5.9,308
1791119348.6165032,2516.25390625,199.0,5.8,308
1791119348.8174238,2516.25390625,203.8,4.5,308
1791119349.0186975,2516.25390625,199.0,4.3,308
1791119349.2194338,2516.25390625,199.3,4.2,308
1791119349.4201572,2516.25390625,199.3,4.2,308
1791119349.6208906,2516.25390625,204.1,4.7,308
1791119349.821793,2516.25390625,199.2,4.6,308
1791119350.0224605,2516.25390625,199.3,4.9,308
1791119350.223163,2516.25390625,199.3,4.9,308
1791119350.4238963,2516.25390625,204.3,4.9,308
1791119350.6245954,2516.25390625,199.3,5.0,308
1791119350.8253214,2516.25390625,199.3,5.1,308
1791119351.0260658,2516.25390625,199.2,4.7,308
1791119351.226825,2516.25390625,199.2,4.4,308
1791119351.4276233,2516.25390625,199.2,4.2,308
1791119351.6284342,2516.25390625,199.2,4.4,308
1791119351.8291879,2516.25390625,199.2,5.0,308
1791119352.0299795,2516.25390625,204.2,4.6,308
1791119352.2307572,2516.25390625,204.2,5.0,308
1791119352.4315593,2516.25390625,194.2,4.8,308
1791119352.6323164,2516.25390625,204.3,5.0,308
1791119352.8329988,2516.25390625,199.3,5.4,308
1791119353.0337532,2516.25390625,199.2,8.9,308
1791119353.2345636,2516.25390625,199.2,6.2,308
1791119353.4353404,2516.25390625,199.2,7.0,308
1791119353.6361144,2516.25390625,199.2,6.6,308
1791119353.8368723,2516.25390625,204.2,7.1,308
1791119354.0376885,2516.25390625,204.2,7.0,308
1791119354.238504,2516.25390625,199.2,7.0,308
1791119354.4393027,2516.25390625,199.2,7.4,308
1791119354.6400912,2516.25390625,199.2,5.8,308
1791119354.8408449,2516.25390625,204.2,8.1,308
1791119355.0416374,2516.25390625,199.2,7.2,308
1791119355.242445,2516.25390625,199.2,5.7,308
1791119355.443179,2516.25390625,199.2,7.2,308
1791119355.643993,2516.25390625,199.2,9.7,308
1791119355.844817,2516.25390625,199.2,4.4,308
1791119356.0455945,2516.25390625,204.2,4.2,308
1791119356.2463636,2516.25390625,199.2,4.2,308
1791119356.4471352,2516.25390625,199.2,4.3,308
1791119356.6479044,2516.25390625,199.2,4.7,308
1791119356.848701,2516.25390625,199.2,5.0,308
1791119357.0494587,2516.25390625,199.2,5.0,308
1791119357.2502434,2516.25390625,204.2,5.1,308
1791119357.450976,2516.25390625,204.2,4.8,308
1791119357.6517348,2516.25390625,199.2,4.9,308
1791119357.8525498,2516.25390625,199.2,5.5,308
1791119358.0533416,2516.25390625,199.2,4.1,308
1791119358.254103,2516.25390625,199.2,4.2,308
1791119358.4548936,2516.25390625,199.2,4.6,308
1791119358.6556916,2516.25390625,199.2,4.5,308
1791119358.8564515,2516.25390625,199.2,9.8,308
1791119359.0572455,2516.25390625,204.2,8.4,308
1791119359.2580516,2516.25390625,199.2,7.7,308
1791119359.4588604,2516.25390625,199.2,6.4,308
1791119359.6597898,2516.25390625,204.1,6.2,308
1791119359.8605852,2516.25390625,199.2,5.8,308
1791119360.0613544,2516.25390625,199.2,5.8,308
1791119360.2621074,2516.25390625,199.2,5.1,308
1791119360.4628444,2516.25390625,199.3,5.1,308
1791119360.6638348,2516.25390625,204.0,4.9,308
1791119360.8646271,2516.25390625,199.2,5.1,308
1791119361.0653965,2516.25390625,199.2,5.2,308
1791119361.2661695,2516.25390625,199.2,5.6,308
1791119361.4669373,2516.25390625,199.2,5.5,308
1791119361.667743,2516.25390625,204.2,7.5,308
1791119361.868542,2516.25390625,199.2,5.7,308
1791119362.0693774,2516.25390625,204.2,5.3,308
1791119362.2712069,2516.25390625,198.2,4.9,308
1791119362.472092,2516.25390625,199.1,4.6,308
1791119362.6728494,2516.25390625,204.2,4.5,308
1791119362.8736274,2516.25390625,199.2,6.4,308
1791119363.0744603,2516.25390625,199.2,6.8,308
1791119363.2752771,2516.25390625,199.2,7.3,308
1791119363.4760883,2516.25390625,199.2,7.3,308
1791119363.6769161,2516.25390625,204.2,7.2,308
1791119363.8777013,2516.25390625,199.2,7.5,308
1791119364.078491,2516.25390625,199.2,5.7,308
1791119364.2792575,2516.25390625,199.2,7.5,308
1791119364.4800804,2516.25390625,199.2,7.6,308
1791119364.6808612,2516.25390625,199.2,5.8,308
1791119364.881653,2516.25390625,209.1,7.1,308
1791119365.0825043,2516.25390625,194.2,6.7,308
1791119365.2833052,2516.25390625,199.1,4.9,308
1791119365.4841712,2516.25390625,204.1,7.4,308
1791119365.685016,2516.25390625,199.2,8.7,308
1791119365.885828,2516.25390625,199.2,5.1,308
1791119366.0866404,2516.25390625,199.2,5.5,308
1791119366.2874966,2516.25390625,204.2,4.9,308
1791119366.4882798,2516.25390625,199.2,5.4,308
1791119366.6890779,2516.25390625,199.2,3.9,308
1791119366.8900461,2516.25390625,199.1,3.2,308
1791119367.0907986,2516.25390625,199.2,3.1,308
1791119367.2915618,2516.25390625,199.3,2.3,308
1791119367.492312,2516.25390625,204.2,2.1,308
1791119367.6930718,2516.25390625,199.3,3.0,308
1791119367.893827,2516.25390625,199.2,5.0,308
1791119368.094623,2516.25390625,199.2,8.4,308
1791119368.2953906,2516.25390625,204.1,5.9,308
1791119368.4962637,2516.25390625,199.2,3.5,308
1791119368.6970751,2516.25390625,204.2,3.4,308
1791119368.897817,2516.25390625,199.2,3.2,308
1791119369.098591,2516.25390625,199.2,2.9,308
1791119369.299388,2516.25390625,199.2,2.8,308
1791119369.5002038,2516.25390625,199.2,2.1,308
1791119369.7009416,2516.25390625,204.2,2.9,308
1791119369.9017353,2516.25390625,199.2,2.6,308
1791119370.1024764,2516.25390625,199.3,2.2,308
1791119370.30319,2516.25390625,199.3,3.2,308
1791119370.5039208,2516.25390625,199.3,3.3,308
1791119370.7046466,2516.25390625,199.3,3.0,308
1791119370.905381,2516.25390625,204.2,3.5,308
1791119371.10614,2516.25390625,199.3,3.0,308
1791119371.3068535,2516.25390625,199.3,3.2,308
1791119371.5075552,2516.25390625,199.3,3.9,308
1791119371.7082803,2516.25390625,199.3,3.0,308
1791119371.9089904,2516.25390625,199.3,3.2,308
1791119372.1097128,2516.25390625,204.3,3.5,308
1791119372.3105736,2516.25390625,199.1,3.0,308
1791119372.5113542,2516.25390625,204.2,3.9,308
1791119372.71219,2516.25390625,199.2,4.0,308
1791119372.912937,2516.25390625,199.2,6.1,308
1791119373.113747,2516.25390625,199.2,6.9,308
1791119373.3145843,2516.25390625,199.2,6.4,308
1791119373.5153902,2516.25390625,199.2,6.4,308
1791119373.7162244,2516.25390625,204.2,7.2,308
1791119373.9170353,2516.25390625,199.2,6.1,308
1791119374.1178327,2516.25390625,204.2,3.5,308
1791119374.3185792,2516.25390625,199.3,5.6,308
1791119374.5193703,2516.25390625,199.2,5.4,308
1791119374.720187,2516.25390625,199.2,4.1,308
1791119374.921113,2516.25390625,204.0,6.0,308
1791119375.1219397,2516.25390625,199.2,5.9,308
1791119375.3227634,2516.25390625,199.2,4.5,308
1791119375.523593,2516.25390625,199.2,5.3,308
1791119375.7244413,2516.25390625,199.2,6.5,308
1791119375.9252584,2516.25390625,204.2,3.7,308
1791119376.1259813,2516.25390625,199.2,4.8,308
1791119376.3267934,2516.25390625,199.2,2.5,308
1791119376.5275402,2516.25390625,199.3,2.7,308
1791119376.728281,2516.25390625,199.2,2.3,308
1791119376.9290411,2516.25390625,204.2,2.8,308
1791119377.1297798,2516.25390625,199.3,3.0,308
1791119377.3305237,2516.25390625,199.3,3.0,308
1791119377.531282,2516.25390625,204.2,3.5,308
1791119377.73203,2516.25390625,199.3,3.0,308
1791119377.9327757,2516.25390625,199.2,3.2,308
1791119378.1335413,2516.25390625,199.2,3.5,308
1791119378.334304,2516.25390625,199.2,2.4,308
1791119378.53508,2516.25390625,199.2,3.0,308
1791119378.7358842,2516.25390625,204.2,2.6,308
1791119378.9366405,2516.25390625,194.3,2.9,308
1791119379.1373982,2516.25390625,199.3,3.5,308
1791119379.3381267,2516.25390625,204.2,3.2,308
1791119379.5388741,2516.25390625,199.2,3.1,308
1791119379.7397268,2516.25390625,199.2,4.0,308
1791119379.9405682,2516.25390625,204.2,3.8,308
1791119380.1413782,2516.25390625,199.2,3.2,308
1791119380.342138,2516.25390625,199.3,4.2,308
1791119380.5428734,2516.25390625,204.2,2.9,308
1791119380.7436466,2516.25390625,194.3,2.6,308
1791119380.9444041,2516.25390625,199.3,2.6,308
1791119381.1451428,2516.25390625,204.2,2.3,308
1791119381.3459313,2516.25390625,204.2,2.7,308
1791119381.5466673,2516.25390625,199.3,2.7,308
1791119381.7473779,2516.25390625,199.3,3.3,308
1791119381.9481049,2516.25390625,199.3,3.9,308
1791119382.1487956,2516.25390625,199.3,3.0,308
1791119382.3494825,2516.25390625,199.3,3.2,308
1791119382.5501924,2516.25390625,199.3,3.5,308
1791119382.750918,2516.25390625,204.2,2.8,308
1791119382.9516594,2516.25390625,199.3,5.3,308
1791119383.152424,2516.25390625,199.2,9.4,308
1791119383.3532283,2516.25390625,199.2,7.8,308
1791119383.5540512,2516.25390625,199.2,5.3,308
1791119383.7548552,2516.25390625,204.2,5.3,308
1791119383.9555533,2516.25390625,199.3,5.9,308
1791119384.156308,2516.25390625,199.3,4.8,308
1791119384.3570514,2516.25390625,204.2,7.4,308
1791119384.557826,2516.25390625,199.2,6.9,308
1791119384.7585874,2516.25390625,199.3,5.0,308
1791119384.959341,2516.25390625,199.2,6.2,308
1791119385.1601062,2516.25390625,199.2,5.2,308
1791119385.3609085,2516.25390625,204.2,3.5,308
1791119385.5617146,2516.25390625,199.2,6.5,308
1791119385.7625203,2516.25390625,199.2,5.6,308
1791119385.9633226,2516.25390625,199.2,3.1,308
1791119386.1640835,2516.25390625,199.2,3.9,308
1791119386.3648405,2516.25390625,199.2,3.8,308
1791119386.5656419,2516.25390625,199.2,4.0,308
1791119386.7664495,2516.25390625,204.2,3.5,308
1791119386.9672713,2516.25390625,199.2,2.8,308
1791119387.1681042,2516.25390625,204.2,3.0,308
1791119387.368883,2516.25390625,199.1,2.4,308
1791119387.569779,2516.25390625,199.2,2.2,308
1791119387.770555,2516.25390625,199.2,2.7,308
1791119387.9713168,2516.25390625,199.2,2.3,308
1791119388.1721227,2516.25390625,204.2,2.3,308
1791119388.3728986,2516.25390625,199.2,3.2,308
1791119388.5736654,2516.25390625,199.2,3.4,308
1791119388.7744205,2516.25390625,199.3,3.2,308
1791119388.9751413,2516.25390625,204.2,3.7,308
1791119389.1758907,2516.25390625,199.3,2.9,308
1791119389.3766005,2516.25390625,199.3,3.5,308
1791119389.5773594,2516.25390625,199.2,2.7,308
1791119389.7781496,2516.25390625,204.2,2.1,308
1791119389.9789448,2516.25390625,199.2,2.6,308
1791119390.1797302,2516.25390625,199.2,2.0,308
1791119390.3805745,2516.25390625,199.2,2.1,308
1791119390.5813215,2516.25390625,199.3,2.8,308
1791119390.782085,2516.25390625,199.2,2.8,308
1791119390.98288,2516.25390625,204.2,3.3,308
1791119391.1836503,2516.25390625,199.2,2.7,308
1791119391.3844419,2516.25390625,199.2,4.9,308
1791119391.585249,2516.25390625,199.2,3.5,308
1791119391.7859986,2516.25390625,199.2,2.9,308
1791119391.986885,2516.25390625,204.1,2.7,308
1791119392.1876886,2516.25390625,199.3,2.4,308
1791119392.388391,2516.25390625,199.3,2.0,308
1791119392.5890899,2516.25390625,204.3,1.9,308
1791119392.7898173,2516.25390625,199.2,4.0,308
1791119392.9906251,2516.25390625,199.2,5.8,308
1791119393.1913874,2516.25390625,199.2,5.6,308
1791119393.3921487,2516.25390625,199.2,4.4,308
1791119393.593017,2516.25390625,199.1,5.0,308
1791119393.7938783,2516.25390625,204.1,6.1,308
1791119393.9947124,2516.25390625,199.2,5.5,308
1791119394.195573,2516.25390625,204.2,5.1,308
1791119394.3963692,2516.25390625,199.2,3.4,308
1791119394.5971346,2516.25390625,199.2,4.7,308
1791119394.7979422,2516.25390625,199.2,4.6,308
1791119394.998746,2516.25390625,204.2,4.8,308
1791119395.1995513,2516.25390625,199.2,3.6,308
1791119395.4002993,2516.25390625,199.2,5.5,308
1791119395.6010983,2516.25390625,199.2,6.5,308
1791119395.8018796,2516.25390625,199.2,5.8,308
1791119396.00269,2516.25390625,199.2,3.0,308
1791119396.203427,2516.25390625,204.2,3.2,308
1791119396.4042172,2516.25390625,199.2,2.3,308
1791119396.605027,2516.25390625,199.2,2.7,308
1791119396.80584,2516.25390625,204.2,2.3,308
1791119397.0066993,2516.25390625,199.2,3.3,308
1791119397.2074745,2516.25390625,199.3,3.4,308
1791119397.4082243,2516.25390625,199.2,3.8,308
1791119397.6089702,2516.25390625,199.2,3.5,308
1791119397.8097184,2516.25390625,204.2,3.9,308
1791119398.0104697,2516.25390625,199.2,4.0,308
1791119398.2112298,2516.25390625,199.3,4.0,308
1791119398.4119422,2516.25390625,199.3,4.2,308
1791119398.6126978,2516.25390625,199.2,3.4,308
1791119398.8135033,2516.25390625,199.2,3.1,308
1791119399.0142787,2516.25390625,204.2,3.2,308
1791119399.215036,2516.25390625,199.2,2.8,308
1791119399.4157875,2516.25390625,199.3,3.3,308
1791119399.6165485,2516.25390625,199.2,3.2,308
1791119399.8173625,2516.25390625,199.2,4.7,308
1791119400.018187,2516.25390625,204.2,4.9,308
1791119400.2189653,2516.25390625,204.2,2.8,308
1791119400.4197202,2516.25390625,199.3,3.0,308
1791119400.6205053,2516.25390625,199.2,3.5,308
1791119400.8214235,2516.25390625,199.2,3.1,308
1791119401.0221837,2516.25390625,199.2,2.2,308
1791119401.2229795,2516.25390625,204.2,2.3,308
1791119401.423728,2516.25390625,199.3,2.0,308
1791119401.624467,2516.25390625,199.3,2.4,308
1791119401.8251958,2516.25390625,199.3,2.2,308
1791119402.025918,2516.25390625,199.3,3.0,308
1791119402.2266376,2516.25390625,199.3,3.1,308
1791119402.4273632,2516.25390625,199.3,2.8,308
1791119402.628128,2516.25390625,204.2,3.0,308
1791119402.8288527,2516.25390625,199.2,4.6,308
1791119403.0296063,2516.25390625,199.2,6.4,308
1791119403.230414,2516.25390625,199.2,5.0,308
1791119403.4312093,2516.25390625,204.2,5.1,308
1791119403.6320474,2516.25390625,204.2,4.4,308
1791119403.8329606,2516.25390625,199.1,4.6,308
1791119404.0337431,2516.25390625,199.2,2.8,308
1791119404.2345304,2516.25390625,199.2,5.4,308
1791119404.4353771,2516.25390625,199.2,4.4,308
1791119404.6361344,2516.25390625,199.2,6.4,308
1791119404.836922,2516.25390625,204.2,7.0,308
1791119405.0377178,2516.25390625,199.2,6.3,308
1791119405.2385135,2516.25390625,199.2,5.0,308
1791119405.4392893,2516.25390625,199.2,5.6,308
1791119405.6401045,2516.25390625,199.2,6.4,308
1791119405.840941,2516.25390625,199.2,3.1,308
1791119406.0427322,2516.25390625,203.2,5.3,308
1791119406.2436302,2516.25390625,199.2,3.4,308
1791119406.4443753,2516.25390625,199.2,4.9,308
1791119406.6451983,2516.25390625,199.2,3.1,308
1791119406.8459685,2516.25390625,204.2,3.1,308
1791119407.046763,2516.25390625,204.2,3.1,308
1791119407.247587,2516.25390625,199.2,3.0,308
1791119407.4482987,2516.25390625,199.3,3.2,308
1791119407.6490827,2516.25390625,199.2,2.7,308
1791119407.8498957,2516.25390625,199.2,2.3,308
1791119408.050692,2516.25390625,199.2,2.3,308
1791119408.2514975,2516.25390625,204.2,2.2,308
1791119408.45221,2516.25390625,199.3,2.7,308
1791119408.6529758,2516.25390625,199.2,2.7,308
1791119408.8537352,2516.25390625,199.2,3.1,308
1791119409.0545182,2516.25390625,199.2,3.2,308
1791119409.255425,2516.25390625,199.1,2.9,308
1791119409.4561894,2516.25390625,204.2,3.0,308
1791119409.6569996,2516.25390625,199.2,4.0,308
1791119409.8578112,2516.25390625,204.2,4.1,308
1791119410.058687,2516.25390625,199.1,6.0,308
1791119410.259469,2516.25390625,199.2,7.2,308
1791119410.4602754,2516.25390625,199.2,3.4,308
1791119410.661094,2516.25390625,204.2,3.3,308
1791119410.8618348,2516.25390625,199.3,3.2,308
1791119411.0626054,2516.25390625,199.2,5.6,308
1791119411.2634218,2516.25390625,199.2,6.5,308
1791119411.464244,2516.25390625,199.2,3.8,308
1791119411.6650755,2516.25390625,204.2,3.8,308
1791119411.865819,2516.25390625,199.3,4.2,308
1791119412.066614,2516.25390625,199.2,4.1,308
1791119412.267434,2516.25390625,199.2,3.3,308
1791119412.468156,2516.25390625,199.3,2.2,308
1791119412.6688802,2516.25390625,199.3,2.1,308
1791119412.8696108,2516.25390625,204.2,4.1,308
1791119413.0704784,2516.25390625,199.0,5.6,308
1791119413.2714622,2516.25390625,204.1,7.6,308
1791119413.4722838,2516.25390625,199.2,5.7,308
1791119413.6730504,2516.25390625,199.2,3.9,308
1791119413.8738308,2516.25390625,199.2,5.9,308
1791119414.074643,2516.25390625,199.2,5.8,308
1791119414.2754645,2516.25390625,199.2,5.4,308
1791119414.476223,2516.25390625,204.3,3.9,308
1791119414.6768925,2516.25390625,199.3,5.3,308
1791119414.8776865,2516.25390625,199.2,5.3,308
1791119415.0785055,2516.25390625,199.2,5.5,308
1791119415.2792816,2516.25390625,199.3,3.0,308
1791119415.4799733,2516.25390625,199.3,5.3,308
1791119415.680723,2516.25390625,209.1,5.4,308
1791119415.8816252,2516.25390625,199.1,5.3,308
1791119416.0824268,2516.25390625,199.3,3.3,308
1791119416.2831483,2516.25390625,199.2,5.4,308
1791119416.4839606,2516.25390625,199.2,3.3,308
1791119416.6847022,2516.25390625,199.3,3.1,308
1791119416.8854544,2516.25390625,204.2,2.0,308
1791119417.086287,2516.25390625,199.2,2.7,308
1791119417.2870657,2516.25390625,199.2,2.3,308
1791119417.4878917,2516.25390625,199.2,2.3,308
1791119417.6886697,2516.25390625,199.2,2.6,308
1791119417.8894272,2516.25390625,204.2,3.4,308
1791119418.0902236,2516.25390625,199.2,3.3,308
1791119418.2909837,2516.25390625,199.2,3.0,308
1791119418.4918082,2516.25390625,199.2,3.4,308
1791119418.6926005,2516.25390625,199.3,3.3,308
1791119418.8932958,2516.25390625,199.3,2.9,308
1791119419.0940294,2516.25390625,204.2,2.6,308
1791119419.294786,2516.25390625,199.3,2.6,308
1791119419.4954917,2516.25390625,199.3,2.5,308
1791119419.696229,2516.25390625,199.2,2.6,308
1791119419.8970094,2516.25390625,204.2,2.4,308
1791119420.097719,2516.25390625,199.3,3.1,308
1791119420.298419,2516.25390625,199.3,3.3,308
1791119420.4990983,2516.25390625,199.3,3.2,308
1791119420.6998155,2516.25390625,204.2,3.2,308
1791119420.9006333,2516.25390625,199.2,3.4,308
1791119421.101506,2516.25390625,199.2,3.1,308
1791119421.3023102,2516.25390625,199.3,2.7,308
1791119421.503011,2516.25390625,204.2,2.4,308
1791119421.7037709,2516.25390625,199.2,4.6,308
1791119421.9045618,2516.25390625,199.2,2.4,308
1791119422.1052957,2516.25390625,199.2,3.2,308
1791119422.3061035,2516.25390625,199.2,2.8,308
1791119422.5068133,2516.25390625,199.3,3.9,308
1791119422.7075226,2516.25390625,199.2,4.0,308
1791119422.9083216,2516.25390625,204.2,6.7,308
1791119423.1090844,2516.25390625,199.2,6.6,308
1791119423.3099008,2516.25390625,199.2,7.0,308
1791119423.5106997,2516.25390625,204.2,6.3,308
1791119423.7114573,2516.25390625,199.3,3.9,308
1791119423.9121752,2516.25390625,199.2,4.6,308
1791119424.112983,2516.25390625,204.2,5.3,308
1791119424.313734,2516.25390625,199.2,5.5,308
1791119424.5145416,2516.25390625,199.2,4.0,308
1791119424.7153027,2516.25390625,199.2,6.7,308
1791119424.9162076,2516.25390625,199.1,8.9,308
1791119425.1171124,2516.25390625,204.1,8.3,308
1791119425.3180168,2516.25390625,199.1,8.8,308
1791119425.5189037,2516.25390625,199.1,10.0,308
1791119425.7197924,2516.25390625,199.1,6.4,308
1791119425.9207227,2516.25390625,199.0,2.5,308
1791119426.1216047,2516.25390625,204.2,2.5,308
1791119426.3223028,2516.25390625,199.3,2.3,308
1791119426.5230682,2516.25390625,199.2,2.6,308
1791119426.7238345,2516.25390625,199.2,2.2,308
1791119426.9246538,2516.25390625,199.2,3.1,308
1791119427.1254282,2516.25390625,199.3,3.2,308
1791119427.3261354,2516.25390625,204.3,3.1,308
1791119427.5268378,2516.25390625,204.3,3.0,308
1791119427.727487,2516.25390625,199.3,3.2,308
1791119427.9282706,2516.25390625,199.2,4.1,308
1791119428.1290653,2516.25390625,199.2,2.8,308
1791119428.3297899,2516.25390625,199.3,2.7,308
1791119428.5305398,2516.25390625,199.2,3.0,308
1791119428.7313423,2516.25390625,199.2,2.2,308
1791119428.9321702,2516.25390625,204.2,2.2,308
1791119429.1329207,2516.25390625,199.2,2.6,308
1791119429.3337314,2516.25390625,199.2,3.2,308
1791119429.534445,2516.25390625,199.3,3.1,308
1791119429.735114,2516.25390625,199.3,3.7,308
1791119429.935922,2516.25390625,204.2,3.3,308
1791119430.1366372,2516.25390625,204.3,4.6,308
1791119430.3373303,2516.25390625,199.3,3.2,308
1791119430.5380955,2516.25390625,199.2,2.2,308
1791119430.738797,2516.25390625,199.3,2.4,308
1791119430.9395294,2516.25390625,199.3,2.2,308
1791119431.1402423,2516.25390625,199.3,2.2,308
1791119431.3409142,2516.25390625,199.3,2.4,308
1791119431.5416245,2516.25390625,199.3,2.9,308
1791119431.7423341,2516.25390625,204.3,3.1,308
1791119431.943055,2516.25390625,199.3,3.3,308
1791119432.1437275,2516.25390625,199.4,3.1,308
1791119432.344411,2516.25390625,199.3,3.2,308
1791119432.5451639,2516.25390625,204.3,3.1,308
1791119432.745847,2516.25390625,199.3,2.3,308
1791119432.9466023,2516.25390625,199.3,5.3,308
1791119433.1473846,2516.25390625,199.2,4.9,308
1791119433.3482199,2516.25390625,199.2,5.7,308
1791119433.5490417,2516.25390625,204.2,5.0,308
1791119433.7498207,2516.25390625,199.2,3.8,308
1791119433.950599,2516.25390625,199.2,5.5,308
1791119434.1514301,2516.25390625,199.2,10.2,308
1791119434.352264,2516.25390625,204.2,8.5,308
1791119434.553069,2516.25390625,199.2,5.6,308
1791119434.7538865,2516.25390625,199.2,6.4,308
1791119434.954686,2516.25390625,204.2,5.6,308
1791119435.1555576,2516.25390625,199.2,4.6,308
1791119435.3562956,2516.25390625,199.2,9.3,308
1791119435.5571058,2516.25390625,199.2,6.5,308
1791119435.7578692,2516.25390625,199.2,6.1,308
1791119435.9586725,2516.25390625,199.3,3.5,308
1791119436.1594,2516.25390625,204.2,4.3,308
1791119436.3601778,2516.25390625,199.2,4.0,308
1791119436.560878,2516.25390625,199.3,4.4,308
1791119436.7616398,2516.25390625,199.3,3.9,308
1791119436.9623587,2516.25390625,199.2,4.0,308
1791119437.1631646,2516.25390625,204.2,3.7,308
1791119437.363899,2516.25390625,199.3,3.1,308
1791119437.5646148,2516.25390625,199.3,3.1,308
1791119437.7653105,2516.25390625,204.3,2.6,308
1791119437.9660504,2516.25390625,199.2,4.9,308
1791119438.1668618,2516.25390625,199.2,2.6,308
1791119438.3675745,2516.25390625,199.3,3.3,308
1791119438.5682828,2516.25390625,199.3,3.6,308
1791119438.768971,2516.25390625,199.3,3.1,308
1791119438.969749,2516.25390625,204.2,3.6,308
1791119439.1704853,2516.25390625,199.3,3.0,308
1791119439.3712108,2516.25390625,199.2,6.6,308
1791119439.5720053,2516.25390625,199.2,6.4,308
1791119439.772783,2516.25390625,199.2,2.6,308
1791119439.973539,2516.25390625,199.2,2.4,308
1791119440.1743104,2516.25390625,204.2,2.2,308
1791119440.3750405,2516.25390625,204.3,2.3,308
1791119440.5757675,2516.25390625,199.3,3.1,308
1791119440.7764907,2516.25390625,199.3,3.0,308
1791119440.9772463,2516.25390625,199.3,3.2,308
1791119441.1780035,2516.25390625,199.2,3.2,308
1791119441.378753,2516.25390625,199.3,3.1,308
1791119441.5794406,2516.25390625,204.2,3.0,308
1791119441.7802722,2516.25390625,199.2,2.5,308
1791119441.981059,2516.25390625,199.2,2.8,308
1791119442.1817684,2516.25390625,199.3,2.3,308
1791119442.3825138,2516.25390625,199.3,2.3,308
1791119442.5831773,2516.25390625,199.3,2.5,308
1791119442.7838798,2516.25390625,204.3,3.0,308
1791119442.984656,2516.25390625,194.2,6.2,308
1791119443.1854649,2516.25390625,209.2,5.8,308
1791119443.386284,2516.25390625,194.2,6.0,308
1791119443.5871792,2516.25390625,204.1,4.0,308
1791119443.7879255,2516.25390625,194.2,5.5,308
1791119443.988819,2516.25390625,204.2,5.5,308
1791119444.1895971,2516.25390625,199.2,3.3,308
1791119444.3903527,2516.25390625,204.2,4.8,308
1791119444.5911012,2516.25390625,199.2,4.9,308
1791119444.791877,2516.25390625,199.2,5.4,308
1791119444.9926748,2516.25390625,199.2,5.6,308
1791119445.1934483,2516.25390625,199.2,4.0,308
1791119445.3942344,2516.25390625,204.2,3.9,308
1791119445.59516,2516.25390625,199.1,5.8,308
1791119445.795965,2516.25390625,199.2,6.6,308
1791119445.996766,2516.25390625,199.2,3.1,308
1791119446.1976273,2516.25390625,199.1,3.6,308
1791119446.3985143,2516.25390625,204.1,2.1,308
1791119446.599258,2516.25390625,199.3,2.0,308
1791119446.8001142,2516.25390625,199.1,2.1,308
1791119447.000965,2516.25390625,199.3,2.1,308
1791119447.2016351,2516.25390625,199.2,2.2,308
1791119447.402578,2516.25390625,194.1,2.8,308
1791119447.603368,2533.66796875,423.2,6.6,308
1791119447.804235,2533.66796875,199.2,4.1,308
1791119448.004988,2533.66796875,204.2,3.6,308
1791119448.2057874,2533.66796875,199.2,3.7,308
1791119448.4065518,2533.66796875,199.2,4.1,308
1791119448.6072862,2533.66796875,204.2,3.3,308
1791119448.8080404,2533.66796875,199.2,3.0,308
1791119449.0088162,2533.66796875,199.3,2.9,308
1791119449.2095373,2533.66796875,199.3,2.8,308
1791119449.410292,2533.66796875,199.3,3.6,308
1791119449.6109905,2533.66796875,408.5,8.0,308
1791119449.8118749,2533.66796875,199.1,3.6,308
1791119450.0125911,2533.66796875,199.3,3.5,308
1791119450.2132902,2533.66796875,199.3,3.7,308
1791119450.413996,2533.66796875,204.3,3.4,308
1791119450.6146665,2533.66796875,199.4,2.8,308
1791119450.8153224,2533.66796875,199.3,2.3,308
1791119451.0161254,2533.66796875,199.2,1.9,308
1791119451.216846,2533.66796875,199.3,2.0,308
1791119451.4175973,2533.66796875,199.3,2.1,308
1791119451.6183732,2533.66796875,199.2,3.2,308
1791119451.8192644,2533.66796875,209.1,5.1,308
1791119452.0201151,2533.66796875,194.2,2.7,308
1791119452.2208984,2533.66796875,199.2,3.5,308
1791119452.4217207,2533.66796875,204.2,3.1,308
1791119452.6224673,2533.66796875,204.3,2.7,308
1791119452.823135,2533.66796875,194.3,5.2,308
1791119453.023947,2533.66796875,199.2,5.4,308
1791119453.224745,2533.66796875,204.2,5.1,308
1791119453.4255474,2533.66796875,199.2,5.0,308
1791119453.626371,2533.66796875,199.2,2.8,308
1791119453.8271472,2533.66796875,199.2,4.4,308
1791119454.0279713,2533.66796875,199.2,5.1,308
1791119454.2287917,2533.66796875,199.2,5.3,308
1791119454.4295893,2533.66796875,204.2,4.0,308
1791119454.6303375,2533.66796875,204.2,5.6,308
1791119454.8311484,2533.66796875,199.2,5.9,308
1791119455.0319452,2533.66796875,199.2,5.6,308
1791119455.2327504,2533.66796875,199.2,3.5,308
1791119455.433527,2533.66796875,199.2,5.0,308
1791119455.634333,2533.66796875,199.2,4.4,308
1791119455.8351347,2533.66796875,204.2,3.5,308
1791119456.0359473,2533.66796875,199.2,2.0,308
1791119456.2367067,2533.66796875,199.3,2.1,308
1791119456.437426,2533.66796875,199.3,2.8,308
1791119456.6381805,2533.66796875,199.2,3.2,308
1791119456.8390062,2533.66796875,204.2,3.3,308
1791119457.0397732,2533.66796875,199.3,3.0,308
1791119457.2404964,2533.66796875,199.3,2.8,308
1791119457.441185,2533.66796875,204.3,2.9,308
1791119457.6419027,2533.66796875,199.3,1.9,308
1791119457.8426151,2533.66796875,199.3,2.3,308
1791119458.0433261,2533.66796875,199.3,2.4,308
1791119458.2440522,2533.66796875,199.2,4.6,308
1791119458.4448614,2533.66796875,204.2,2.8,308
1791119458.6456065,2533.66796875,199.3,3.2,308
1791119458.8463259,2533.66796875,199.3,2.8,308
1791119459.047079,2533.66796875,199.3,3.1,308
1791119459.2477908,2533.66796875,199.3,2.9,308
1791119459.4485319,2533.66796875,199.3,2.8,308
1791119459.6492457,2533.66796875,199.3,3.4,308
1791119459.849995,2533.66796875,204.3,3.2,308
1791119460.0507395,2533.66796875,204.2,5.1,308
1791119460.2515838,2533.66796875,199.2,2.0,308
1791119460.4523437,2533.66796875,199.3,2.6,308
1791119460.6530764,2533.66796875,199.3,2.9,308
1791119460.853757,2533.66796875,199.3,3.6,308
1791119461.0544364,2533.66796875,199.3,3.8,308
1791119461.2551455,2533.66796875,199.3,3.6,308
1791119461.4558508,2533.66796875,204.3,3.6,308
1791119461.6565564,2533.66796875,199.3,3.7,308
1791119461.857226,2533.66796875,199.4,3.7,308
1791119462.057861,2533.66796875,199.3,3.2,308
1791119462.2585948,2533.66796875,199.3,2.8,308
1791119462.4593282,2533.66796875,199.3,3.0,308
1791119462.6600504,2533.66796875,199.3,2.9,308
1791119462.860721,2533.66796875,209.3,5.2,308
1791119463.0614927,2533.66796875,199.2,6.6,308
1791119463.262281,2533.66796875,199.2,6.1,308
1791119463.4630508,2533.66796875,199.2,5.9,308
1791119463.6638532,2533.66796875,199.2,5.8,309
1791119463.8646207,2533.66796875,199.2,5.7,308
1791119464.0654132,2533.66796875,204.2,3.7,308
1791119464.2661679,2533.66796875,199.2,5.4,308
1791119464.4669464,2533.66796875,199.2,5.1,308
1791119464.6677263,2533.66796875,199.2,3.0,308
1791119464.8685336,2533.66796875,199.2,4.4,308
1791119465.0693665,2533.66796875,199.2,5.1,308
1791119465.2702074,2533.66796875,199.2,3.8,308
1791119465.4709618,2533.66796875,204.2,6.0,308
1791119465.6717134,2533.66796875,204.2,5.9,308
1791119465.8724687,2533.66796875,199.3,2.9,308
1791119466.0732043,2533.66796875,199.2,5.3,308
1791119466.2739818,2533.66796875,199.3,3.1,308
1791119466.4746737,2533.66796875,199.3,2.9,308
1791119466.675399,2533.66796875,204.2,2.1,308
1791119466.8762057,2533.66796875,199.2,2.0,308
1791119467.0769637,2533.66796875,199.2,2.1,308
1791119467.2777503,2533.66796875,199.2,2.3,308
1791119467.4785175,2533.66796875,199.3,2.3,308
1791119467.6792316,2533.66796875,199.3,3.1,308
1791119467.879939,2533.66796875,204.3,3.1,308
1791119468.0806558,2533.66796875,199.3,2.9,308
1791119468.281404,2533.66796875,199.3,2.9,308
1791119468.4821107,2533.66796875,199.3,3.2,308
1791119468.6829045,2533.66796875,199.2,3.2,308
1791119468.883633,2533.66796875,199.3,2.1,308
1791119469.084366,2533.66796875,204.2,2.2,308
1791119469.2851138,2533.66796875,204.2,2.3,308
1791119469.4858162,2533.66796875,199.3,2.3,308
1791119469.686594,2533.66796875,199.2,2.5,308
1791119469.8873792,2533.66796875,199.3,2.8,308
1791119470.0881052,2533.66796875,199.3,2.9,308
1791119470.2887728,2533.66796875,199.3,3.0,308
1791119470.489453,2533.66796875,199.3,3.0,308
1791119470.6901872,2533.66796875,204.2,3.0,308
1791119470.8908882,2533.66796875,199.3,2.9,308
1791119471.091643,2533.66796875,199.3,2.3,308
1791119471.2923117,2533.66796875,199.3,2.3,308
1791119471.492985,2533.66796875,199.3,2.3,308
1791119471.6936927,2533.66796875,199.3,2.2,308
1791119471.8944185,2533.66796875,204.3,2.5,308
1791119472.0951872,2533.66796875,199.2,3.0,308
1791119472.2959714,2533.66796875,204.2,3.2,308
1791119472.49674,2533.66796875,199.3,3.0,308
1791119472.6974547,2533.66796875,199.3,3.1,308
1791119472.8982441,2533.66796875,199.2,5.2,308
1791119473.0990572,2533.66796875,199.2,6.3,308
1791119473.299885,2533.66796875,199.2,6.7,308
1791119473.500656,2533.66796875,199.2,5.5,308
1791119473.7014318,2533.66796875,204.2,3.7,308
1791119473.9021952,2533.66796875,199.2,6.0,308
1791119474.102969,2533.66796875,199.2,8.1,308
1791119474.303808,2533.66796875,199.2,6.2,308
1791119474.5045965,2533.66796875,204.2,4.6,308
1791119474.7053585,2533.66796875,199.3,6.7,308
1791119474.9061253,2533.66796875,199.2,6.1,308
1791119475.1069195,2533.66796875,199.2,6.2,308
1791119475.3077173,2533.66796875,199.3,4.8,308
1791119475.5084448,2533.66796875,199.2,6.2,308
1791119475.7092397,2533.66796875,209.2,6.6,308
1791119475.9100122,2533.66796875,199.2,3.0,308
1791119476.1108053,2533.66796875,199.2,2.1,308
1791119476.3116121,2533.66796875,199.2,2.3,308
1791119476.5123665,2533.66796875,199.2,2.7,308
1791119476.713147,2533.66796875,199.3,2.9,308
1791119476.9138641,2533.66796875,204.2,3.1,308
1791119477.114677,2533.66796875,199.2,2.8,308
1791119477.3154767,2533.66796875,199.2,3.1,308
1791119477.516286,2533.66796875,199.2,3.1,308
1791119477.717054,2533.66796875,199.2,3.1,308
1791119477.9180052,2533.66796875,199.0,2.5,308
1791119478.1189349,2533.66796875,204.1,2.3,308
1791119478.3196943,2533.66796875,204.2,2.2,308
1791119478.5204992,2533.66796875,199.2,2.5,308
1791119478.721346,2533.66796875,199.2,2.2,308
1791119478.9220839,2533.66796875,199.2,3.2,308
1791119479.1228724,2533.66796875,204.2,3.1,308
1791119479.3236232,2533.66796875,199.3,3.3,308
1791119479.5244114,2533.66796875,199.2,3.5,308
1791119479.7252,2533.66796875,199.2,6.2,308
1791119479.9259832,2533.66796875,199.2,3.0,308
1791119480.1267884,2533.66796875,199.2,2.3,308
1791119480.3275478,2533.66796875,199.3,2.1,308
1791119480.5283105,2533.66796875,199.2,2.4,308
1791119480.7291074,2533.66796875,204.2,2.3,308
1791119480.9298363,2533.66796875,199.2,2.5,308
1791119481.1306355,2533.66796875,199.2,3.0,308
1791119481.331393,2533.66796875,199.3,3.1,308
1791119481.5321422,2533.66796875,204.2,3.2,308
1791119481.7329435,2533.66796875,204.2,5.7,308
1791119481.9337907,2533.66796875,199.2,2.9,308
1791119482.1346114,2533.66796875,199.2,3.1,308
1791119482.3354003,2533.66796875,199.2,3.2,308
1791119482.5362296,2533.66796875,199.2,2.2,308
1791119482.737067,2533.66796875,204.2,2.3,308
1791119482.9378061,2533.66796875,199.3,5.0,308
1791119483.1385822,2533.66796875,199.2,5.4,308
1791119483.3394256,2533.66796875,199.2,5.7,308
1791119483.5402815,2533.66796875,199.2,5.6,308
1791119483.7411153,2533.66796875,199.2,5.8,308
1791119483.9419026,2533.66796875,204.2,3.8,308
1791119484.1426952,2533.66796875,199.2,6.8,308
1791119484.3435228,2533.66796875,199.2,7.6,308
1791119484.5443628,2533.66796875,199.2,7.6,308
1791119484.7451394,2533.66796875,199.2,5.5,308
1791119484.945878,2533.66796875,199.3,6.6,308
1791119485.1466537,2533.66796875,204.2,6.9,308
1791119485.3474653,2533.66796875,204.2,5.0,308
1791119485.5482435,2533.66796875,199.2,7.4,308
1791119485.7490797,2533.66796875,199.2,9.2,308
1791119485.9498892,2533.66796875,199.3,5.4,308
1791119486.150503,2533.66796875,199.4,5.9,308
1791119486.3512,2533.66796875,204.3,5.8,308
1791119486.5519109,2533.66796875,199.3,8.0,308
1791119486.7526808,2533.66796875,199.3,5.9,308
1791119486.9534059,2533.66796875,199.3,5.4,308
1791119487.1540902,2533.66796875,199.3,5.3,308
1791119487.3547862,2533.66796875,199.3,5.0,308
1791119487.5555007,2533.66796875,199.3,5.0,308
1791119487.7562253,2533.66796875,204.3,5.0,308
1791119487.9569263,2533.66796875,199.3,5.9,308
1791119488.1576376,2533.66796875,199.3,5.8,308
1791119488.3583274,2533.66796875,199.3,6.4,308
1791119488.5590456,2533.66796875,199.3,6.0,308
1791119488.7597687,2533.66796875,204.2,5.3,308
1791119488.960548,2533.66796875,199.2,4.8,308
1791119489.1612902,2533.66796875,204.2,4.4,308
1791119489.3620133,2533.66796875,199.3,4.2,308
1791119489.5627444,2533.66796875,199.3,4.3,308
1791119489.7634408,2533.66796875,199.2,4.6,308
1791119489.9643068,2533.66796875,199.1,4.1,308
1791119490.1651957,2533.66796875,199.1,7.1,308
1791119490.3660116,2533.66796875,204.2,5.1,308
1791119490.5667655,2533.66796875,199.3,6.1,308
1791119490.7675567,2533.66796875,199.2,5.0,308
1791119490.9683647,2533.66796875,199.2,5.0,308
1791119491.169122,2533.66796875,199.2,5.0,308
1791119491.3698492,2533.66796875,204.3,4.8,308
1791119491.5705943,2533.66796875,199.3,4.2,308
1791119491.7712953,2533.66796875,204.2,4.4,308
1791119491.9720414,2533.66796875,199.3,4.2,308
1791119492.1727731,2533.66796875,199.3,4.1,308
1791119492.3734922,2533.66796875,199.3,4.7,308
1791119492.5742207,2533.66796875,199.3,5.0,308
1791119492.7749653,2533.66796875,199.3,5.0,308
1791119492.975696,2533.66796875,199.2,7.9,308
1791119493.1764848,2533.66796875,204.2,7.5,308
1791119493.3772483,2533.66796875,199.2,7.6,308
1791119493.5780113,2533.66796875,199.2,7.1,308
1791119493.7788053,2533.66796875,199.2,5.1,308
1791119493.979635,2533.66796875,199.2,6.5,308
1791119494.1804671,2533.66796875,199.2,6.7,308
1791119494.381256,2533.66796875,204.2,7.3,308
1791119494.5820541,2533.66796875,204.2,5.2,308
1791119494.7828062,2533.66796875,199.2,8.5,308
1791119494.9836383,2533.66796875,199.2,7.9,308
1791119495.1844192,2533.66796875,199.2,6.3,308
1791119495.3851626,2533.66796875,204.2,8.0,308
1791119495.5859702,2533.66796875,199.2,7.8,308
1791119495.7867947,2533.66796875,199.2,6.5,308
1791119495.98763,2533.66796875,199.2,4.7,308
1791119496.1884181,2533.66796875,199.3,4.7,308
1791119496.389161,2533.66796875,199.2,4.6,308
1791119496.5899353,2533.66796875,204.2,4.5,308
1791119496.7907739,2533.66796875,199.2,4.2,308
1791119496.9915743,2533.66796875,199.2,4.8,308
1791119497.1923523,2533.66796875,199.2,7.3,308
1791119497.3931298,2533.66796875,199.2,5.1,308
1791119497.5938969,2533.66796875,204.2,5.0,308
1791119497.794681,2533.66796875,199.2,5.1,308
1791119497.9954293,2533.66796875,199.3,5.2,308
1791119498.1961763,2533.66796875,199.3,4.8,308
1791119498.3968894,2533.66796875,199.3,4.5,308
1791119498.5976524,2533.66796875,199.2,4.9,308
1791119498.7984715,2533.66796875,204.2,5.0,308
1791119498.9992151,2533.66796875,204.2,5.3,308
1791119499.2000005,2533.66796875,199.2,5.3,308
1791119499.4007354,2533.66796875,199.3,6.0,308
1791119499.601496,2533.66796875,199.2,7.8,308
1791119499.8022692,2533.66796875,199.2,5.9,308
1791119500.0030174,2533.66796875,204.2,6.9,308
1791119500.2038102,2533.66796875,199.2,5.7,308
1791119500.4045465,2533.66796875,199.2,6.0,308
1791119500.6054726,2533.66796875,199.1,5.0,308
1791119500.8062465,2533.66796875,199.3,5.1,308
1791119501.0069644,2533.66796875,204.2,5.2,308
1791119501.2077317,2533.66796875,199.3,5.0,308
1791119501.4084523,2533.66796875,199.3,4.3,308
1791119501.6091692,2533.66796875,199.3,5.0,308
1791119501.8098967,2533.66796875,199.3,5.1,308
1791119502.0105937,2533.66796875,199.3,5.5,308
1791119502.211327,2533.66796875,204.2,5.3,308
1791119502.412087,2533.66796875,199.2,5.1,308
1791119502.6128516,2533.66796875,199.2,5.3,308
1791119502.8135898,2533.66796875,199.3,4.6,308
1791119503.0143886,2533.66796875,199.2,7.3,308
1791119503.2153337,2533.66796875,204.0,7.1,308
1791119503.4161093,2533.66796875,204.2,7.3,308
1791119503.6169033,2533.66796875,199.2,6.8,308
1791119503.8177357,2533.66796875,199.2,7.2,308
1791119504.0185254,2533.66796875,199.2,8.0,308
1791119504.2193472,2533.66796875,199.2,7.7,308
1791119504.4201589,2533.66796875,199.2,7.7,308
1791119504.6209168,2533.66796875,199.2,6.0,308
1791119504.8216746,2533.66796875,204.2,7.6,308
1791119505.0225012,2533.66796875,199.2,7.4,308
1791119505.2232883,2533.66796875,199.2,5.1,308
1791119505.4239872,2533.66796875,204.3,9.2,308
1791119505.6247458,2533.66796875,199.2,7.0,308
1791119505.8255682,2533.66796875,199.2,5.9,308
1791119506.026352,2533.66796875,199.2,4.7,308
1791119506.2271857,2533.66796875,199.2,5.1,308
1791119506.4279242,2533.66796875,199.3,5.1,308
1791119506.6286526,2533.66796875,204.2,5.2,308
1791119506.8293836,2533.66796875,199.3,5.1,308
1791119507.0301611,2533.66796875,199.2,5.0,308
1791119507.2308946,2533.66796875,204.2,5.1,308
1791119507.4316657,2533.66796875,199.2,4.4,308
1791119507.6324785,2533.66796875,199.2,5.5,308
1791119507.8333168,2533.66796875,199.2,4.6,308
1791119508.0341284,2533.66796875,199.2,4.4,308
1791119508.2348785,2533.66796875,204.3,4.6,308
1791119508.435601,2533.66796875,199.3,5.5,308
1791119508.6363463,2533.66796875,199.3,5.1,308
1791119508.8370903,2533.66796875,199.2,5.2,308
1791119509.037838,2533.66796875,204.3,5.2,308
1791119509.2385306,2533.66796875,199.3,5.3,308
1791119509.4392402,2533.66796875,199.3,5.5,308
1791119509.640015,2533.66796875,199.2,5.1,308
1791119509.8408136,2533.66796875,199.2,4.2,308
1791119510.0416372,2533.66796875,199.3,4.2,308
1791119510.2423546,2533.66796875,204.2,4.5,308
1791119510.4430895,2533.66796875,199.2,4.5,308
1791119510.6439295,2533.66796875,199.2,5.1,308
1791119510.8446646,2533.66796875,199.3,5.2,308
1791119511.0454147,2533.66796875,199.3,5.1,308
1791119511.246083,2533.66796875,204.3,5.3,308
1791119511.4467628,2533.66796875,199.3,6.2,308
1791119511.6475267,2533.66796875,199.2,9.8,308
1791119511.8483217,2533.66796875,199.2,3.8,308
1791119512.0491374,2533.66796875,204.2,3.0,308
1791119512.2499456,2533.66796875,199.2,3.4,308
1791119512.450694,2533.66796875,204.2,3.9,308
1791119512.651489,2533.66796875,199.2,3.3,308
1791119512.8522356,2533.66796875,199.2,5.4,308
1791119513.0530767,2533.66796875,199.2,6.8,308
1791119513.2538948,2533.66796875,199.2,7.1,308
1791119513.4546633,2533.66796875,204.2,6.8,308
1791119513.6554897,2533.66796875,199.2,6.7,308
1791119513.8562872,2533.66796875,199.2,6.7,308
1791119514.0571017,2533.66796875,199.2,4.1,308
1791119514.2578952,2533.66796875,199.2,5.1,308
1791119514.4587193,2533.66796875,199.2,3.2,308
1791119514.6595902,2533.66796875,204.1,5.2,308
1791119514.8606315,2533.66796875,199.0,5.3,308
1791119515.0615885,2533.66796875,199.1,5.1,308
1791119515.262509,2533.66796875,199.1,4.1,308
1791119515.4633687,2533.66796875,199.1,6.0,308
1791119515.6642897,2533.66796875,204.1,5.9,308
1791119515.8651674,2533.66796875,204.1,5.0,308
1791119516.06611,2533.66796875,199.1,3.2,308
1791119516.266959,2533.66796875,199.2,3.3,308
1791119516.4678075,2533.66796875,199.1,2.8,308
1791119516.6686404,2533.66796875,199.2,2.5,308
1791119516.8694282,2533.66796875,204.2,2.8,308
1791119517.070261,2533.66796875,199.2,2.6,308
1791119517.271002,2533.66796875,199.3,2.3,308
1791119517.4717095,2533.66796875,199.3,3.2,308
1791119517.6725056,2533.66796875,199.2,3.1,308
1791119517.8733022,2533.66796875,199.2,3.5,308
1791119518.0741045,2533.66796875,204.2,3.2,308
1791119518.2748444,2533.66796875,199.2,5.8,308
1791119518.475641,2533.66796875,204.2,3.6,308
1791119518.6764011,2533.66796875,199.2,2.7,308
1791119518.877191,2533.66796875,199.2,2.5,308
1791119519.0780036,2533.66796875,199.2,2.4,308
1791119519.2787197,2533.66796875,199.3,2.4,308
1791119519.4794395,2533.66796875,199.2,2.5,308
1791119519.6802173,2533.66796875,199.2,3.1,308
1791119519.8810432,2533.66796875,199.2,3.4,308
1791119520.0817516,2533.66796875,209.3,3.3,308
1791119520.2824845,2533.66796875,199.3,4.5,308
1791119520.4832475,2533.66796875,199.2,3.4,308
1791119520.68398,2533.66796875,199.2,3.3,308
1791119520.884935,2533.66796875,199.1,3.2,308
1791119521.0858843,2533.66796875,199.1,2.4,308
1791119521.286778,2533.66796875,204.2,2.2,308
1791119521.4875822,2533.66796875,194.2,2.4,308
1791119521.6884203,2533.66796875,204.2,2.3,308
1791119521.8892486,2533.66796875,199.2,2.6,308
1791119522.0901031,2533.66796875,199.2,3.2,308
1791119522.2908854,2533.66796875,204.2,3.0,308
1791119522.4916987,2533.66796875,204.2,3.7,308
1791119522.6925166,2533.66796875,199.2,3.2,308
1791119522.893326,2533.66796875,199.2,5.4,308
1791119523.0941548,2533.66796875,199.2,6.1,308
1791119523.29497,2533.66796875,199.2,5.7,308
1791119523.495783,2533.66796875,204.1,5.1,308
1791119523.6966243,2533.66796875,199.2,5.2,308
1791119523.897436,2533.66796875,199.2,7.9,308
1791119524.0982127,2533.66796875,199.2,4.1,308
1791119524.2989676,2533.66796875,199.2,6.4,308
1791119524.4997456,2533.66796875,204.2,6.6,308
1791119524.700498,2533.66796875,199.3,5.6,308
1791119524.901258,2533.66796875,199.2,6.1,308
1791119525.102035,2533.66796875,199.3,6.6,308
1791119525.3027456,2533.66796875,199.3,4.7,308
1791119525.503463,2533.66796875,204.2,5.7,308
1791119525.7042212,2533.66796875,199.2,5.4,308
1791119525.9049752,2533.66796875,199.3,3.5,308
1791119526.105643,2533.66796875,199.3,3.3,308
1791119526.3063881,2533.66796875,204.2,2.7,308
1791119526.5071104,2533.66796875,199.3,3.4,308
1791119526.7078125,2533.66796875,199.3,3.5,308
1791119526.9085517,2533.66796875,199.2,2.7,308
1791119527.1093647,2533.66796875,199.2,2.9,308
1791119527.3101175,2533.66796875,204.2,2.8,308
1791119527.5108168,2533.66796875,199.3,2.7,308
1791119527.711534,2533.66796875,199.3,2.7,308
1791119527.912251,2533.66796875,199.3,2.0,308
1791119528.1129658,2533.66796875,199.3,2.1,308
1791119528.3136897,2533.66796875,199.3,2.0,308
1791119528.5143955,2533.66796875,204.3,2.3,308
1791119528.715154,2533.66796875,199.2,2.4,308
1791119528.9159315,2533.66796875,199.2,3.0,308
1791119529.116659,2533.66796875,199.3,2.9,308
1791119529.3174052,2533.66796875,199.3,2.7,308
1791119529.518142,2533.66796875,199.3,2.7,308
1791119529.7188406,2533.66796875,204.3,3.6,308
1791119529.9195693,2533.66796875,199.3,2.6,308
1791119530.1202924,2533.66796875,199.3,2.3,308
1791119530.321005,2533.66796875,199.3,2.2,308
1791119530.521703,2533.66796875,199.3,2.1,308
1791119530.7223992,2533.66796875,204.3,2.2,308
1791119530.9231234,2533.66796875,204.3,2.3,308
1791119531.1238298,2533.66796875,199.3,3.0,308
1791119531.3245382,2533.66796875,199.3,2.9,308
1791119531.5252488,2533.66796875,199.3,3.0,308
1791119531.725909,2533.66796875,199.3,4.8,308
1791119531.9267297,2533.66796875,204.2,3.0,308
1791119532.1274984,2533.66796875,199.2,3.2,308
1791119532.3282466,2533.66796875,199.2,2.5,308
1791119532.5290284,2533.66796875,199.2,2.1,308
1791119532.729776,2533.66796875,199.2,2.3,308
1791119532.9305537,2533.66796875,199.2,4.6,308
1791119533.131387,2533.66796875,199.2,4.5,308
1791119533.3322055,2533.66796875,204.2,5.6,308
1791119533.5330396,2533.66796875,199.2,5.7,308
1791119533.733833,2533.66796875,199.2,5.7,308
1791119533.9346607,2533.66796875,199.2,5.5,308
1791119534.1354778,2533.66796875,199.2,3.6,308
1791119534.3362331,2533.66796875,204.2,5.7,308
1791119534.5370562,2533.66796875,204.2,5.1,308
1791119534.7378557,2533.66796875,199.2,3.3,308
1791119534.9386923,2533.66796875,199.1,5.5,308
1791119535.139638,2533.66796875,199.1,4.2,308
1791119535.3404226,2533.66796875,199.2,3.0,308
1791119535.5411742,2533.66796875,199.2,5.0,308
1791119535.7419882,2533.66796875,204.2,9.0,308
1791119535.942806,2533.66796875,199.2,3.7,308
1791119536.143619,2533.66796875,199.3,2.9,308
1791119536.3443196,2533.66796875,199.3,2.9,308
1791119536.5450811,2533.66796875,199.2,3.0,308
1791119536.7458425,2533.66796875,204.2,3.2,308
1791119536.9465594,2533.66796875,199.3,3.0,308
1791119537.1472912,2533.66796875,204.2,2.8,308
1791119537.3480241,2533.66796875,199.3,3.0,308
1791119537.5487902,2533.66796875,199.2,7.0,308
1791119537.7495613,2533.66796875,199.3,3.6,308
1791119537.950267,2533.66796875,199.3,3.8,308
1791119538.1509933,2533.66796875,204.3,3.6,308
1791119538.3517158,2533.66796875,199.3,3.9,308
1791119538.5524554,2533.66796875,199.2,4.1,308
1791119538.7532382,2533.66796875,199.2,3.7,308
1791119538.9539797,2533.66796875,199.3,3.8,308
1791119539.1547012,2533.66796875,199.3,2.8,308
1791119539.3554301,2533.66796875,199.3,3.4,308
1791119539.5562031,2533.66796875,204.2,2.5,308
1791119539.756931,2533.66796875,199.2,3.7,308
1791119539.9577281,2533.66796875,199.2,2.3,308
1791119540.158528,2533.66796875,199.2,2.7,308
1791119540.3593504,2533.66796875,199.2,3.0,308
1791119540.5600848,2533.66796875,204.3,2.9,308
1791119540.760796,2533.66796875,199.3,3.0,308
1791119540.9614773,2533.66796875,199.2,3.0,308
1791119541.1623034,2533.66796875,204.2,3.1,308
1791119541.3630426,2533.66796875,199.2,2.6,308
1791119541.5638955,2533.66796875,199.1,5.1,308
1791119541.7646816,2533.66796875,199.2,4.7,308
1791119541.9654512,2533.66796875,204.2,5.0,308
1791119542.1662421,2533.66796875,199.2,7.3,308
1791119542.3670352,2533.66796875,199.2,2.8,308
1791119542.5677612,2533.66796875,199.3,3.9,308
1791119542.768551,2533.66796875,199.2,2.8,308
1791119542.9692996,2533.66796875,204.2,7.3,308
1791119543.1700802,2533.66796875,199.2,5.9,308
1791119543.3708415,2533.66796875,199.3,4.1,308
1791119543.5716274,2533.66796875,199.2,5.5,308
1791119543.7724395,2533.66796875,199.2,4.7,308
1791119543.9732199,2533.66796875,199.2,5.0,308
1791119544.1740544,2533.66796875,204.2,2.9,308
1791119544.3748043,2533.66796875,199.2,5.4,308
1791119544.5757158,2533.66796875,204.1,5.9,308
1791119544.7764962,2533.66796875,199.2,9.0,308
1791119544.9773684,2533.66796875,199.1,7.4,308
1791119545.17818,2533.66796875,199.2,3.7,308
1791119545.3789067,2533.66796875,204.3,3.8,308
1791119545.5796196,2533.66796875,199.3,5.9,308
1791119545.7804203,2533.66796875,199.2,5.9,308
1791119545.9812298,2533.66796875,199.2,2.3,308
1791119546.1819837,2533.66796875,199.3,2.2,308
1791119546.3827212,2533.66796875,204.3,2.1,308
1791119546.5835013,2533.66796875,199.2,2.4,308
1791119546.784348,2533.66796875,199.2,2.1,308
1791119546.9851124,2533.66796875,199.2,3.4,308
1791119547.1858761,2533.66796875,199.2,3.0,308
1791119547.386651,2533.66796875,199.2,2.8,308
1791119547.587478,2533.66796875,204.2,3.1,308
1791119547.788255,2533.66796875,199.2,3.0,308
1791119547.988997,2533.66796875,199.3,3.2,308
1791119548.1897361,2533.66796875,204.2,2.8,308
1791119548.390506,2533.66796875,199.2,2.6,308
1791119548.5912976,2533.66796875,199.2,2.5,308
1791119548.7921338,2533.66796875,204.2,2.2,308
1791119548.9929392,2533.66796875,199.2,4.2,308
1791119549.193752,2533.66796875,199.2,3.0,308
1791119549.3945236,2533.66796875,199.2,2.8,308
1791119549.595321,2533.66796875,199.2,4.2,308
1791119549.7960987,2533.66796875,204.2,3.9,308
1791119549.9968734,2533.66796875,199.3,3.7,308
1791119550.1975987,2533.66796875,199.3,3.9,308
1791119550.3983314,2533.66796875,199.2,3.7,308
1791119550.5991235,2533.66796875,199.2,3.0,308
1791119550.7998776,2533.66796875,199.2,3.1,308
1791119551.000668,2533.66796875,204.2,3.0,308
1791119551.2014194,2533.66796875,199.2,2.9,308
1791119551.402183,2533.66796875,199.2,3.4,308
1791119551.602943,2533.66796875,199.2,3.9,308
1791119551.8037097,2533.66796875,199.2,4.0,308
1791119552.004497,2533.66796875,199.3,3.5,308
1791119552.2051768,2533.66796875,209.2,3.9,308
1791119552.4059162,2533.66796875,199.2,3.1,308
1791119552.6067107,2533.66796875,199.2,2.9,308
1791119552.8074734,2533.66796875,199.2,3.6,308
1791119553.0082583,2533.66796875,199.2,5.0,308
1791119553.2090647,2533.66796875,199.2,4.9,308
1791119553.409835,2533.66796875,204.2,3.3,308
1791119553.6106312,2533.66796875,199.2,4.4,308
1791119553.81143,2533.66796875,199.2,5.5,308
1791119554.0122418,2533.66796875,199.2,5.7,308
1791119554.2130578,2533.66796875,199.2,4.0,308
1791119554.413833,2533.66796875,204.2,5.8,308
1791119554.6146512,2533.66796875,199.2,5.7,308
1791119554.8154476,2533.66796875,199.2,4.3,308
1791119555.0162644,2533.66796875,199.2,6.5,308
1791119555.2170675,2533.66796875,199.2,3.5,308
1791119555.417812,2533.66796875,204.2,3.0,308
1791119555.6185913,2533.66796875,199.2,4.7,308
1791119555.8193958,2533.66796875,199.2,6.5,308
1791119556.0202117,2533.66796875,204.2,3.1,308
1791119556.221008,2533.66796875,199.2,3.4,308
1791119556.421762,2533.66796875,199.3,3.0,308
1791119556.6225226,2533.66796875,199.3,3.1,308
1791119556.8233254,2533.66796875,204.1,4.7,308
1791119557.0241623,2533.66796875,199.2,3.2,308
1791119557.2249672,2533.66796875,199.2,2.5,308
1791119557.4256887,2533.66796875,199.3,2.2,308
1791119557.6264346,2533.66796875,199.3,2.1,308
1791119557.827164,2533.66796875,204.2,2.5,308
1791119558.0279317,2533.66796875,199.2,2.4,308
1791119558.2286382,2533.66796875,199.3,2.8,308
1791119558.4293633,2533.66796875,199.3,3.4,308
1791119558.6301122,2533.66796875,199.3,3.0,308
1791119558.8308241,2533.66796875,199.3,3.1,308
1791119559.0315967,2533.66796875,199.3,3.7,308
1791119559.232329,2533.66796875,204.2,3.2,308
1791119559.4331133,2533.66796875,199.2,2.8,308
1791119559.6338434,2533.66796875,204.3,2.6,308
1791119559.8345742,2533.66796875,199.3,2.5,308
1791119560.035364,2533.66796875,199.3,2.3,308
1791119560.236095,2533.66796875,199.3,2.3,308
1791119560.436783,2533.66796875,204.3,2.8,308
1791119560.6375284,2533.66796875,199.3,3.0,308
1791119560.8382497,2533.66796875,199.3,3.1,308
1791119561.0390053,2533.66796875,199.2,3.2,308
1791119561.2397504,2533.66796875,199.3,3.0,308
1791119561.4404418,2533.66796875,199.3,3.3,308
1791119561.6412277,2533.66796875,199.2,3.0,308
1791119561.8419638,2533.66796875,204.2,5.5,308
1791119562.0427804,2533.66796875,199.2,7.3,308
1791119562.243582,2533.66796875,199.3,3.0,308
1791119562.4442868,2533.66796875,199.2,8.3,308
1791119562.645113,2533.66796875,199.2,3.3,308
1791119562.8458943,2533.66796875,204.2,5.6,308
1791119563.0466902,2533.66796875,199.2,7.3,308
1791119563.2474542,2533.66796875,199.2,6.7,308
1791119563.448225,2533.66796875,204.2,4.8,308
1791119563.64894,2533.66796875,199.2,6.3,308
1791119563.8497505,2533.66796875,199.2,6.6,308
1791119564.0505657,2533.66796875,199.2,6.0,308
1791119564.2513807,2533.66796875,199.2,5.9,308
1791119564.452215,2533.66796875,199.2,5.6,308
1791119564.6530313,2533.66796875,204.2,6.0,308
1791119564.853792,2533.66796875,204.2,4.1,308
1791119565.0546014,2533.66796875,194.2,6.0,308
1791119565.2554142,2533.66796875,204.2,3.8,308
1791119565.4561574,2533.66796875,199.2,5.8,308
1791119565.656968,2533.66796875,199.2,6.0,308
1791119565.8577497,2533.66796875,199.3,4.0,308
1791119566.058488,2533.66796875,199.2,3.1,308
1791119566.2592628,2533.66796875,199.2,2.4,308
1791119566.4600506,2533.66796875,204.2,2.4,308
1791119566.6607938,2533.66796875,204.2,2.6,308
1791119566.8615477,2533.66796875,199.3,2.2,308
1791119567.0622663,2533.66796875,199.3,2.2,308
1791119567.2630002,2533.66796875,199.3,3.0,308
1791119567.4637337,2533.66796875,199.3,3.0,308
1791119567.664468,2533.66796875,199.3,3.3,308
1791119567.865194,2533.66796875,199.3,3.6,308
1791119568.0658717,2533.66796875,204.3,3.2,308
1791119568.2665997,2533.66796875,199.3,3.0,308
1791119568.467325,2533.66796875,199.3,3.0,308
1791119568.6680295,2533.66796875,199.3,2.6,308
1791119568.8687608,2533.66796875,199.3,2.2,308
1791119569.0695195,2533.66796875,199.2,2.3,308
1791119569.2702734,2533.66796875,204.3,2.6,308
1791119569.4709747,2533.66796875,199.3,3.2,308
1791119569.6716545,2533.66796875,204.3,3.7,308
1791119569.872458,2533.66796875,199.2,3.0,308
1791119570.0731936,2533.66796875,199.3,3.2,308
1791119570.2738934,2533.66796875,199.3,3.2,308
1791119570.4746137,2533.66796875,204.3,3.1,308
1791119570.6752913,2533.66796875,199.3,3.0,308
1791119570.8759687,2533.66796875,199.3,2.5,308
1791119571.0766594,2533.66796875,199.3,2.3,308
1791119571.277381,2533.66796875,199.3,2.3,308
1791119571.4781053,2533.66796875,199.3,2.3,308
1791119571.678751,2533.66796875,199.3,4.7,308
1791119571.8794332,2533.66796875,204.3,3.0,308
1791119572.080238,2533.66796875,199.2,3.0,308
1791119572.2809157,2533.66796875,199.3,3.2,308
1791119572.4816313,2533.66796875,199.3,3.0,308
1791119572.682325,2533.66796875,199.3,3.9,308
1791119572.882977,2533.66796875,199.3,4.9,308
1791119573.0837557,2533.66796875,209.2,5.6,308
1791119573.2846029,2533.66796875,199.2,5.3,308
1791119573.4853914,2533.66796875,199.2,4.8,308
1791119573.6862037,2533.66796875,199.2,5.1,308
1791119573.8869905,2533.66796875,199.2,5.3,308
1791119574.0877793,2533.66796875,199.2,3.8,308
1791119574.288509,2533.66796875,199.2,5.6,308
1791119574.4893122,2533.66796875,199.2,4.7,308
1791119574.6901908,2533.66796875,204.1,4.9,308
1791119574.890931,2533.66796875,199.2,5.9,308
1791119575.091766,2533.66796875,204.2,6.5,308
1791119575.2925453,2533.66796875,199.2,4.1,308
1791119575.4932942,2533.66796875,199.2,5.7,308
1791119575.6940992,2533.66796875,199.2,5.4,308
1791119575.894899,2533.66796875,199.2,4.1,308
1791119576.0957143,2533.66796875,199.2,3.5,308
1791119576.2964547,2533.66796875,204.2,8.0,308
1791119576.4972336,2533.66796875,199.3,4.1,308
1791119576.6979432,2533.66796875,199.3,4.3,308
1791119576.89869,2533.66796875,199.2,6.2,308
1791119577.0995085,2533.66796875,199.3,3.8,308
1791119577.3001704,2533.66796875,204.3,3.7,308
1791119577.500834,2533.66796875,199.3,3.1,308
1791119577.7015746,2533.66796875,199.3,2.4,308
1791119577.9022925,2533.66796875,199.3,2.5,308
1791119578.1029785,2533.66796875,199.3,1.9,308
1791119578.3036935,2533.66796875,199.3,2.6,308
1791119578.5044248,2533.66796875,199.2,2.9,308
1791119578.7051623,2533.66796875,209.2,3.0,308
1791119578.9058697,2533.66796875,199.3,3.2,308
1791119579.106619,2533.66796875,199.3,2.8,308
1791119579.30733,2533.66796875,199.3,2.8,308
1791119579.5080743,2533.66796875,199.3,3.0,308
1791119579.7087884,2533.66796875,199.3,2.9,308
1791119579.9095397,2533.66796875,204.2,2.1,308
1791119580.1103294,2533.66796875,199.2,2.0,308
1791119580.3110466,2533.66796875,199.3,2.3,308
1791119580.511789,2533.66796875,199.2,2.8,308
1791119580.7125773,2533.66796875,199.3,2.3,308
1791119580.9133644,2533.66796875,199.2,2.8,308
1791119581.1141288,2533.66796875,199.2,2.9,308
1791119581.3148453,2533.66796875,204.2,2.8,308
1791119581.515628,2533.66796875,199.2,2.8,308
1791119581.7163801,2533.66796875,204.2,4.7,308
1791119581.91714,2533.66796875,199.3,2.7,308
1791119582.117815,2533.66796875,199.3,2.3,308
1791119582.318552,2533.66796875,199.2,2.3,308
1791119582.5193682,2533.66796875,199.2,3.0,308
1791119582.7202098,2533.66796875,204.2,2.1,308
1791119582.92096,2533.66796875,199.3,4.4,308
1791119583.1216826,2533.66796875,199.2,5.5,308
1791119583.3224823,2533.66796875,199.2,5.8,308
1791119583.5232928,2533.66796875,199.2,5.6,308
1791119583.72409,2533.66796875,199.2,4.9,308
1791119583.9248602,2533.66796875,204.2,5.1,308
1791119584.1256616,2533.66796875,199.2,3.5,308
1791119584.3264084,2533.66796875,199.2,5.1,308
1791119584.5272152,2533.66796875,204.2,5.2,308
1791119584.7279923,2533.66796875,199.3,3.0,308
1791119584.92869,2533.66796875,199.3,5.0,308
1791119585.129472,2533.66796875,199.2,5.6,308
1791119585.3302674,2533.66796875,199.2,3.6,308
1791119585.5309973,2533.66796875,199.3,5.5,308
1791119585.7317593,2533.66796875,204.2,5.0,308
1791119585.9325504,2533.66796875,204.2,3.8,308
1791119586.1333647,2533.66796875,199.2,3.4,308
1791119586.3341615,2533.66796875,199.3,2.7,308
1791119586.5348673,2533.66796875,199.3,2.8,308
1791119586.7356246,2533.66796875,199.2,2.1,308
1791119586.9363961,2533.66796875,199.2,2.0,308
1791119587.1371765,2533.66796875,199.2,2.1,308
1791119587.3379204,2533.66796875,204.3,2.2,308
1791119587.5386064,2533.66796875,199.3,2.5,308
1791119587.7393208,2533.66796875,199.2,3.2,308
1791119587.9401035,2533.66796875,199.2,3.6,308
1791119588.140881,2533.66796875,199.2,3.7,308
1791119588.3416724,2533.66796875,204.2,3.7,308
1791119588.5424678,2533.66796875,199.3,4.1,308
1791119588.7431428,2533.66796875,204.3,3.5,308
1791119588.9438581,2533.66796875,199.3,3.0,308
1791119589.1446202,2533.66796875,199.3,2.9,308
1791119589.345385,2533.66796875,199.3,2.8,308
1791119589.5461087,2533.66796875,199.3,2.9,308
1791119589.7467966,2533.66796875,199.3,5.2,308
1791119589.9476085,2533.66796875,204.2,3.7,308
1791119590.1483335,2533.66796875,199.3,3.7,308
1791119590.349027,2533.66796875,199.3,3.6,308
1791119590.549742,2533.66796875,199.3,2.9,308
1791119590.7504308,2533.66796875,199.3,3.1,308
1791119590.9511282,2533.66796875,199.3,3.0,308
1791119591.1518075,2533.66796875,204.3,2.3,308
1791119591.3524938,2533.66796875,204.2,2.1,308
1791119591.5532694,2533.66796875,199.2,2.3,308
1791119591.7539856,2533.66796875,199.3,2.5,308
1791119591.9547014,2533.66796875,199.3,2.5,308
1791119592.1553817,2533.66796875,199.3,3.1,308
1791119592.3560507,2533.66796875,199.3,2.8,308
1791119592.5567982,2533.66796875,204.3,3.0,308
1791119592.757529,2533.66796875,199.2,3.1,308
1791119592.9584086,2533.66796875,199.2,7.0,308
1791119593.1591961,2533.66796875,199.2,5.5,308
1791119593.3599367,2533.66796875,199.2,5.6,308
1791119593.5607183,2533.66796875,204.2,4.5,308
1791119593.7615252,2533.66796875,199.2,5.0,308
1791119593.9623406,2533.66796875,199.2,4.5,308
1791119594.1631553,2533.66796875,199.2,2.9,308
1791119594.3639026,2533.66796875,199.2,6.0,308
1791119594.564795,2533.66796875,204.1,7.3,308
1791119594.7672367,2533.66796875,202.5,6.1,308
1791119594.9680073,2533.66796875,199.2,7.2,308
1791119595.1688058,2533.66796875,199.2,7.9,308
1791119595.3696103,2533.66796875,199.2,5.7,308
1791119595.57039,2533.66796875,199.2,7.2,308
1791119595.7711747,2533.66796875,204.2,6.7,308
1791119595.9719582,2533.66796875,199.2,5.1,308
1791119596.172762,2533.66796875,199.2,4.2,308
1791119596.3735564,2533.66796875,199.2,4.2,308
1791119596.5743296,2533.66796875,199.3,4.5,308
1791119596.7749932,2533.66796875,204.3,5.1,308
1791119596.9756854,2533.66796875,199.3,4.9,308
1791119597.176451,2533.66796875,199.2,5.0,308
1791119597.3772106,2533.66796875,199.2,5.0,308
1791119597.5779831,2533.66796875,199.3,7.0,308
1791119597.7787416,2533.66796875,199.3,5.3,308
1791119597.9794617,2533.66796875,199.2,4.2,308
1791119598.1802676,2533.66796875,204.2,4.1,308
1791119598.3810482,2533.66796875,204.2,4.5,308
1791119598.5818048,2533.66796875,199.2,4.3,308
1791119598.7825866,2533.66796875,199.3,4.3,308
1791119598.9833226,2533.66796875,199.3,5.1,308
1791119599.1840873,2533.66796875,199.3,4.9,308
1791119599.3847895,2533.66796875,204.3,5.5,308
1791119599.5855646,2533.66796875,199.2,5.5,308
1791119599.7863011,2533.66796875,199.3,5.2,308
1791119599.9870312,2533.66796875,199.3,4.9,308
1791119600.1877744,2533.66796875,199.3,4.4,308
1791119600.3884692,2533.66796875,204.3,4.6,308
1791119600.589196,2533.66796875,199.3,4.9,308
1791119600.7899008,2533.66796875,199.3,5.1,308
1791119600.9906843,2533.66796875,199.2,5.0,308
1791119601.1914647,2533.66796875,199.3,5.9,308
1791119601.3921578,2533.66796875,199.3,5.7,308
1791119601.5928829,2533.66796875,204.2,5.8,308
1791119601.7935982,2533.66796875,199.3,6.3,308
1791119601.9943979,2533.66796875,199.2,7.6,308
1791119602.1951973,2533.66796875,199.3,5.8,308
1791119602.3959088,2533.66796875,199.3,5.5,308
1791119602.596653,2533.66796875,199.3,4.9,308
1791119602.797398,2533.66796875,204.2,5.5,308
1791119602.9981668,2533.66796875,204.2,8.1,308
1791119603.1989589,2533.66796875,199.2,7.4,308
1791119603.399747,2533.66796875,199.2,7.6,308
1791119603.60052,2533.66796875,199.2,7.4,308
1791119603.8013067,2533.66796875,199.2,7.8,308
1791119604.0021467,2533.66796875,199.2,7.7,308
1791119604.2029374,2533.66796875,204.2,5.9,308
1791119604.4036715,2533.66796875,199.3,7.8,308
1791119604.6044571,2533.66796875,199.2,7.6,308
1791119604.8052485,2533.66796875,199.2,5.3,308
1791119605.006076,2533.66796875,199.2,6.8,308
1791119605.2068682,2533.66796875,204.2,4.9,308
1791119605.4076269,2533.66796875,199.2,6.6,308
1791119605.6084762,2533.66796875,199.2,7.3,308
1791119605.8092732,2533.66796875,199.2,5.5,308
1791119606.0099962,2533.66796875,199.3,5.9,308
1791119606.2107642,2533.66796875,209.2,5.1,308
1791119606.4115503,2533.66796875,199.2,7.7,308
1791119606.6123629,2533.66796875,199.2,5.3,308
1791119606.813181,2533.66796875,199.2,5.0,308
1791119607.0139031,2533.66796875,199.3,4.8,308
1791119607.2146306,2533.66796875,199.3,4.2,308
1791119607.415363,2533.66796875,199.2,4.3,308
1791119607.616131,2533.66796875,199.3,4.2,308
1791119607.8168645,2533.66796875,204.3,4.9,308
1791119608.017626,2533.66796875,199.3,5.2,308
1791119608.2183418,2533.66796875,199.2,8.6,308
1791119608.4191477,2533.66796875,199.2,5.3,308
1791119608.619902,2533.66796875,199.2,5.2,308
1791119608.82063,2533.66796875,199.3,5.0,308
1791119609.0213802,2533.66796875,204.2,5.0,308
1791119609.2221048,2533.66796875,204.2,4.5,308
1791119609.422843,2533.66796875,199.2,4.3,308
1791119609.6236317,2533.66796875,199.2,4.8,308
1791119609.8243756,2533.66796875,199.3,4.2,308
1791119610.0251148,2533.66796875,199.2,6.4,308
1791119610.225915,2533.66796875,199.2,5.8,308
1791119610.4266346,2533.66796875,199.3,5.9,308
1791119610.6273499,2533.66796875,199.2,7.8,308
1791119610.8281648,2533.66796875,204.2,6.0,308
1791119611.0288467,2533.66796875,199.3,4.9,308
1791119611.2295864,2533.66796875,199.3,5.1,308
1791119611.4302971,2533.66796875,199.3,4.8,308
1791119611.63097,2533.66796875,199.3,4.1,308
1791119611.8316655,2533.66796875,199.3,4.6,308
1791119612.0323918,2533.66796875,204.2,4.2,308
1791119612.2331696,2533.66796875,199.3,4.1,308
1791119612.4338832,2533.66796875,199.3,4.7,308
1791119612.634557,2533.66796875,199.3,4.7,308
1791119612.83524,2533.66796875,199.3,6.7,308
1791119613.0359967,2533.66796875,204.2,7.6,308
1791119613.2367377,2533.66796875,204.3,8.3,308
1791119613.4374907,2533.66796875,194.2,8.5,308
1791119613.6382546,2533.66796875,204.3,6.7,308
1791119613.8389392,2533.66796875,199.2,8.2,308
1791119614.039752,2533.66796875,204.2,7.9,308
1791119614.240552,2533.66796875,199.3,5.8,308
1791119614.441178,2533.66796875,199.3,8.3,308
1791119614.6419792,2533.66796875,199.2,8.0,308
1791119614.8427477,2533.66796875,199.2,8.9,308
1791119615.0435417,2533.66796875,199.2,8.5,308
1791119615.2444146,2533.66796875,204.1,6.9,308
1791119615.4452255,2533.66796875,199.2,8.0,308
1791119615.645993,2533.66796875,199.3,6.4,308
1791119615.846712,2533.66796875,199.3,8.1,308
1791119616.0475237,2533.66796875,199.2,6.1,308
1791119616.2482996,2533.66796875,199.2,4.3,308
1791119616.44905,2533.66796875,199.3,4.3,308
1791119616.6497824,2533.66796875,204.2,4.6,308
1791119616.850592,2533.66796875,199.2,6.3,308
1791119617.0514076,2533.66796875,199.2,4.6,308
1791119617.2521756,2533.66796875,199.2,4.9,308
1791119617.4529917,2533.66796875,199.2,5.1,308
1791119617.6537852,2533.66796875,209.2,5.2,308
1791119617.8545222,2533.66796875,194.3,5.2,308
1791119618.0552504,2533.66796875,204.2,5.0,308
1791119618.2560325,2533.66796875,199.2,4.9,308
1791119618.4567518,2533.66796875,199.3,4.6,308
1791119618.6574745,2533.66796875,199.3,4.4,308
1791119618.8581836,2533.66796875,199.3,4.3,308
1791119619.0589118,2533.66796875,204.2,4.6,308
1791119619.2597556,2533.66796875,199.2,4.6,308
1791119619.4604726,2533.66796875,199.3,5.1,308
1791119619.6612015,2533.66796875,199.3,5.4,308
1791119619.861928,2533.66796875,199.3,5.1,308
1791119620.0626123,2533.66796875,199.3,5.0,308
1791119620.2633996,2533.66796875,199.2,5.2,308
1791119620.4642282,2533.66796875,204.2,5.3,308
1791119620.6649694,2533.66796875,199.3,4.5,308
1791119620.86572,2533.66796875,204.2,4.4,308
1791119621.0665061,2533.66796875,199.2,4.2,308
1791119621.267258,2533.66796875,199.3,4.4,308
1791119621.4679828,2533.66796875,204.3,4.3,308
1791119621.6687045,2533.66796875,199.3,5.1,308
1791119621.869496,2533.66796875,199.2,5.4,308
1791119622.0702832,2533.66796875,199.2,5.4,308
1791119622.271113,2533.66796875,199.2,5.2,308
1791119622.4718275,2533.66796875,199.3,5.3,308
1791119622.6725614,2533.66796875,199.3,5.0,308
1791119622.873321,2533.66796875,204.2,6.6,308
1791119623.0741544,2533.66796875,199.2,6.9,308
1791119623.2749412,2533.66796875,199.2,7.3,308
1791119623.475715,2533.66796875,199.2,7.0,308
1791119623.6765213,2533.66796875,199.2,7.2,308
1791119623.8773417,2533.66796875,199.2,7.6,308
1791119624.0781457,2533.66796875,209.1,5.8,308
1791119624.2789335,2533.66796875,194.2,8.1,308
1791119624.4798667,2533.66796875,204.1,8.0,308
1791119624.680619,2533.66796875,199.2,6.2,308
1791119624.8814194,2533.66796875,199.2,8.0,308
1791119625.0822098,2533.66796875,199.2,10.1,308
1791119625.2829688,2533.66796875,199.2,5.1,308
1791119625.4837852,2533.66796875,204.2,7.1,308
1791119625.6845877,2533.66796875,199.2,6.9,308
1791119625.8854074,2533.66796875,199.2,5.2,308
1791119626.0861714,2533.66796875,199.2,5.3,308
1791119626.28693,2533.66796875,199.2,5.9,308
1791119626.487673,2533.66796875,199.3,6.0,308
1791119626.6883852,2533.66796875,204.3,5.9,308
1791119626.8890924,2533.66796875,204.3,5.9,308
1791119627.0897648,2533.66796875,199.3,5.8,308
1791119627.290476,2533.66796875,199.3,5.9,308
1791119627.4911904,2533.66796875,199.3,5.2,308
1791119627.6918902,2533.66796875,199.3,5.3,308
1791119627.89264,2533.66796875,199.3,5.6,308
1791119628.0933228,2533.66796875,199.3,5.1,308
1791119628.294033,2533.66796875,204.3,5.1,308
1791119628.4947772,2533.66796875,199.2,6.1,308
1791119628.695586,2533.66796875,199.2,5.7,308
1791119628.896318,2533.66796875,199.3,5.2,308
1791119629.0970335,2533.66796875,204.3,5.1,308
1791119629.2977428,2533.66796875,199.3,5.3,308
1791119629.498551,2533.66796875,199.2,5.3,308
1791119629.6993303,2533.66796875,199.2,4.9,308
1791119629.9001577,2533.66796875,199.2,4.0,308
1791119630.1009042,2533.66796875,199.3,4.6,308
1791119630.3016033,2533.66796875,199.3,4.2,308
1791119630.5023768,2533.66796875,204.2,6.5,308
1791119630.70319,2533.66796875,204.2,4.8,308
1791119630.90397,2533.66796875,199.2,5.1,308
1791119631.1047378,2533.66796875,199.2,5.3,308
1791119631.3055117,2533.66796875,199.2,5.1,308
1791119631.5062747,2533.66796875,199.3,5.0,308
1791119631.706988,2533.66796875,204.2,5.5,308
1791119631.907793,2533.66796875,199.2,5.0,308
1791119632.1086037,2533.66796875,199.2,4.5,308
1791119632.3094141,2533.66796875,199.2,4.4,308
1791119632.5101914,2533.66796875,204.2,4.4,308
1791119632.7109027,2533.66796875,199.3,4.4,308
1791119632.9116807,2533.66796875,199.2,7.4,308
1791119633.1126134,2533.66796875,199.1,8.0,308
1791119633.3134415,2533.66796875,199.2,10.7,308
1791119633.5142612,2533.66796875,199.2,8.0,308
1791119633.7150002,2533.66796875,204.2,7.8,308
1791119633.9157352,2533.66796875,199.2,8.7,308
1791119634.1165202,2533.66796875,199.2,5.9,308
1791119634.3172743,2533.66796875,199.2,6.8,308
1791119634.5180788,2533.66796875,199.2,5.0,308
1791119634.7187989,2533.66796875,204.3,7.1,308
1791119634.9195561,2533.66796875,199.2,6.7,308
1791119635.120392,2533.66796875,199.2,7.2,308
1791119635.321201,2533.66796875,204.2,6.0,308
1791119635.5219731,2533.66796875,199.2,7.6,308
1791119635.7227666,2533.66796875,199.2,7.7,308
1791119635.9235637,2533.66796875,199.2,6.1,308
1791119636.1243837,2533.66796875,199.2,5.1,308
1791119636.3251505,2533.66796875,199.2,5.3,308
1791119636.5259402,2533.66796875,204.2,4.8,308
1791119636.7267332,2533.66796875,204.2,7.1,308
1791119636.9275422,2533.66796875,199.2,4.6,308
1791119637.128282,2533.66796875,199.3,4.7,308
1791119637.3289976,2533.66796875,199.3,4.4,308
1791119637.5297673,2533.66796875,199.2,4.9,308
1791119637.7305183,2533.66796875,199.3,5.1,308
1791119637.9312596,2533.66796875,199.2,5.4,308
1791119638.1320734,2533.66796875,199.2,5.3,308
1791119638.3327997,2533.66796875,204.2,8.1,308
1791119638.5335808,2533.66796875,199.2,5.4,308
1791119638.7343655,2533.66796875,199.2,5.1,308
1791119638.935144,2533.66796875,199.2,5.3,308
1791119639.135866,2533.66796875,199.3,5.1,308
1791119639.3366284,2533.66796875,199.3,5.0,308
1791119639.537365,2533.66796875,204.3,5.0,308
1791119639.7380643,2533.66796875,199.3,5.8,308
1791119639.9387937,2533.66796875,204.3,6.0,308
1791119640.1395316,2533.66796875,199.3,6.0,308
1791119640.3402774,2533.66796875,199.3,5.9,308
1791119640.5409656,2533.66796875,199.3,6.1,308
1791119640.741646,2533.66796875,204.3,7.4,308
1791119640.9424372,2533.66796875,199.2,6.0,308
1791119641.143188,2533.66796875,199.2,5.3,308
1791119641.3439744,2533.66796875,199.2,5.1,308
1791119641.544763,2533.66796875,199.2,4.4,308
1791119641.7455025,2533.66796875,199.3,4.5,308
1791119641.9462101,2533.66796875,204.3,4.5,308
1791119642.146919,2533.66796875,199.2,5.2,308
1791119642.3477063,2533.66796875,199.2,5.1,308
1791119642.5484834,2533.66796875,199.2,5.3,308
1791119642.7492318,2533.66796875,199.3,5.4,308
1791119642.9499352,2533.66796875,199.3,7.6,308
1791119643.1507254,2533.66796875,209.1,7.6,308
1791119643.351556,2533.66796875,199.2,7.3,308
1791119643.5523524,2533.66796875,199.2,7.3,308
1791119643.75314,2533.66796875,199.2,6.9,308
1791119643.9539268,2533.66796875,199.2,7.4,308
1791119644.1547005,2533.66796875,199.2,5.1,308
1791119644.3554604,2533.66796875,199.2,7.7,308
1791119644.5562735,2533.66796875,204.2,7.9,308
1791119644.757094,2533.66796875,199.2,8.0,308
1791119644.957896,2533.66796875,199.2,7.9,308
1791119645.1586463,2533.66796875,199.2,6.5,308
1791119645.3594286,2533.66796875,199.2,8.3,308
1791119645.5602458,2533.66796875,199.2,7.3,308
1791119645.7610295,2533.66796875,204.2,5.0,308
1791119645.9617686,2533.66796875,204.2,5.2,308
1791119646.1625695,2533.66796875,199.2,6.9,308
1791119646.3634064,2533.66796875,199.2,4.5,308
1791119646.5641363,2533.66796875,199.3,4.9,308
1791119646.7648113,2533.66796875,199.3,5.1,308
1791119646.9655206,2533.66796875,199.3,5.3,308
1791119647.1662219,2533.66796875,204.3,5.2,308
1791119647.36693,2533.66796875,199.3,5.4,308
1791119647.5676177,2533.66796875,199.3,5.1,308
1791119647.7683342,2533.66796875,199.2,5.0,308
1791119647.9691193,2533.66796875,199.2,4.6,308
1791119648.1699631,2533.66796875,199.2,4.6,308
1791119648.3708274,2533.66796875,204.1,4.6,308
1791119648.5715823,2533.66796875,199.2,4.8,308
1791119648.7723706,2533.66796875,199.2,4.7,308
1791119648.9731553,2533.66796875,204.2,5.5,308
1791119649.1738913,2533.66796875,199.3,5.1,308
1791119649.3746524,2533.66796875,199.3,5.4,308
1791119649.5754433,2533.66796875,199.2,6.4,308
1791119649.7761807,2533.66796875,199.2,5.4,308
1791119649.976928,2533.66796875,199.3,5.3,308
1791119650.1776743,2533.66796875,199.2,5.1,308
1791119650.3784583,2533.66796875,204.2,4.0,308
1791119650.5792367,2533.66796875,199.2,4.1,308
1791119650.7799776,2533.66796875,199.3,4.0,308
1791119650.9807453,2533.66796875,199.3,4.1,308
1791119651.1814606,2533.66796875,199.2,4.9,308
1791119651.3822606,2533.66796875,209.2,4.9,308
1791119651.5829682,2533.66796875,199.3,5.6,308
1791119651.7836995,2533.66796875,199.3,5.8,308
1791119651.9844396,2533.66796875,199.3,6.1,308
1791119652.1851647,2533.66796875,199.3,5.5,308
1791119652.3858771,2533.66796875,199.3,5.2,308
1791119652.5866148,2533.66796875,199.3,4.8,308
1791119652.7873344,2533.66796875,204.3,4.9,308
1791119652.9880896,2533.66796875,199.3,7.8,308
1791119653.188837,2533.66796875,199.2,7.7,308
1791119653.389588,2533.66796875,199.2,7.8,308
1791119653.590356,2533.66796875,199.3,6.4,308
1791119653.7910984,2533.66796875,204.2,8.1,308
1791119653.9918518,2533.66796875,199.2,7.9,308
1791119654.1926246,2533.66796875,199.3,7.6,308
1791119654.3933697,2533.66796875,199.2,5.6,308
1791119654.5941248,2533.66796875,204.2,7.3,308
1791119654.7949097,2533.66796875,199.2,6.6,308
1791119654.995728,2533.66796875,199.2,6.8,308
1791119655.1965106,2533.66796875,199.2,4.7,308
1791119655.3973036,2533.66796875,204.2,7.2,308
1791119655.5981214,2533.66796875,199.2,6.5,308
1791119655.7989073,2533.66796875,199.2,7.0,308
1791119655.999684,2533.66796875,199.2,5.6,308
1791119656.200472,2533.66796875,199.2,4.9,308
1791119656.4012105,2533.66796875,199.3,5.1,308
1791119656.6019382,2533.66796875,204.3,5.2,308
1791119656.8026521,2533.66796875,199.3,4.8,308
1791119657.0033565,2533.66796875,199.3,3.8,308
1791119657.2040558,2533.66796875,199.3,4.0,308
1791119657.4047604,2533.66796875,204.3,3.9,308
1791119657.6055145,2533.66796875,199.3,3.9,308
1791119657.8062148,2533.66796875,199.3,5.4,308
1791119658.0069945,2533.66796875,204.2,4.8,308
1791119658.2077973,2533.66796875,199.2,5.0,308
1791119658.408574,2533.66796875,199.2,5.0,308
1791119658.6093316,2533.66796875,199.2,5.1,308
1791119658.8101296,2533.66796875,199.2,4.9,308
1791119659.0108778,2533.66796875,204.2,4.9,308
1791119659.2116601,2533.66796875,199.3,4.3,308
1791119659.4123738,2533.66796875,199.3,4.3,308
1791119659.61314,2533.66796875,199.2,4.5,308
1791119659.8139215,2533.66796875,199.2,4.2,308
1791119660.0147245,2533.66796875,204.2,3.9,308
1791119660.2155666,2533.66796875,199.2,4.6,308
1791119660.4163833,2533.66796875,199.2,5.1,308
1791119660.6172109,2533.66796875,199.2,4.8,308
1791119660.8179774,2533.66796875,199.2,5.0,308
1791119661.018788,2533.66796875,199.2,5.1,308
1791119661.2195644,2533.66796875,204.2,4.9,308
1791119661.4202902,2533.66796875,204.2,6.8,308
1791119661.6211088,2533.66796875,199.2,4.2,308
1791119661.8218188,2533.66796875,199.2,4.2,308
1791119662.0226405,2533.66796875,199.2,4.1,308
1791119662.2234306,2533.66796875,204.3,4.1,308
1791119662.4241424,2533.66796875,199.2,4.4,308
1791119662.6249166,2533.66796875,199.2,4.7,308
1791119662.8256521,2533.66796875,199.2,6.9,308
1791119663.0264735,2533.66796875,199.2,7.5,308
1791119663.227281,2533.66796875,199.2,8.0,308
1791119663.428058,2533.66796875,199.2,7.3,308
1791119663.6288865,2533.66796875,204.1,7.0,308
1791119663.8296845,2533.66796875,199.2,4.9,308
1791119664.03049,2533.66796875,199.2,6.4,308
1791119664.2312834,2533.66796875,199.2,7.4,308
1791119664.432105,2533.66796875,199.2,7.6,308
1791119664.6328573,2533.66796875,204.2,5.8,308
1791119664.833632,2533.66796875,199.2,8.5,308
1791119665.0344324,2533.66796875,204.2,8.4,308
1791119665.2352035,2533.66796875,199.3,6.2,308
1791119665.4359145,2533.66796875,199.2,8.2,308
1791119665.6367185,2533.66796875,199.2,8.3,308
1791119665.837475,2533.66796875,199.3,6.1,308
1791119666.038231,2533.66796875,199.2,8.2,308
1791119666.239059,2533.66796875,204.2,4.8,308
1791119666.4398167,2533.66796875,199.2,5.0,308
1791119666.6406157,2533.66796875,199.2,5.0,308
1791119666.8414338,2533.66796875,199.2,7.3,308
1791119667.042189,2533.66796875,199.3,5.6,308
1791119667.2428968,2533.66796875,199.3,4.8,308
1791119667.443615,2533.66796875,204.3,5.1,308
1791119667.6443424,2533.66796875,204.3,4.8,308
1791119667.8450637,2533.66796875,199.3,5.0,308
1791119668.045776,2533.66796875,199.3,4.9,308
1791119668.2464814,2533.66796875,199.3,4.6,308
1791119668.4472578,2533.66796875,199.2,4.5,308
1791119668.648041,2533.66796875,199.2,4.3,308
1791119668.84884,2533.66796875,204.2,4.1,308
1791119669.0496306,2533.66796875,199.3,4.0,308
1791119669.2503572,2533.66796875,199.2,4.6,308
1791119669.4511247,2533.66796875,199.2,6.9,308
1791119669.6518772,2533.66796875,199.3,5.1,308
1791119669.8525774,2533.66796875,199.3,4.7,308
1791119670.0533307,2533.66796875,199.3,5.2,308
1791119670.254009,2533.66796875,209.3,4.9,308
1791119670.4547038,2533.66796875,199.3,4.9,308
1791119670.6553974,2533.66796875,199.3,4.3,308
1791119670.8561082,2533.66796875,199.3,6.4,308
1791119671.0568907,2533.66796875,199.2,4.2,308
1791119671.2575812,2533.66796875,199.3,4.1,308
1791119671.458282,2533.66796875,204.3,4.6,308
1791119671.6590114,2533.66796875,199.3,5.3,308
1791119671.8596978,2533.66796875,199.3,4.9,308
1791119672.0604427,2533.66796875,199.3,4.9,308
1791119672.261118,2533.66796875,199.3,5.0,308
1791119672.4618104,2533.66796875,199.3,4.9,308
1791119672.6626048,2533.66796875,199.3,5.1,308
1791119672.8633122,2533.66796875,204.2,6.0,308
1791119673.0641055,2533.66796875,199.2,7.2,308
1791119673.264911,2533.66796875,199.2,7.3,308
1791119673.4657333,2533.66796875,204.2,8.6,308
1791119673.6665397,2533.66796875,199.2,7.0,308
1791119673.8673007,2533.66796875,199.2,7.8,308
1791119674.0680704,2533.66796875,204.2,5.5,308
1791119674.268768,2533.66796875,199.3,7.8,308
1791119674.4695475,2533.66796875,199.2,6.0,308
1791119674.6702807,2533.66796875,199.3,7.6,308
1791119674.8710206,2533.66796875,199.3,7.5,308
1791119675.071768,2533.66796875,199.2,6.9,308
1791119675.272543,2533.66796875,199.2,5.5,308
1791119675.4733007,2533.66796875,199.2,6.7,308
1791119675.6741152,2533.66796875,204.2,6.0,308
1791119675.8748949,2533.66796875,199.3,4.7,308
1791119676.075632,2533.66796875,199.2,6.2,308
1791119676.2764313,2533.66796875,199.3,5.1,308
1791119676.4771256,2533.66796875,199.3,5.4,308
1791119676.6778464,2533.66796875,209.2,4.9,308
1791119676.878579,2533.66796875,199.3,5.0,308
1791119677.0793083,2533.66796875,199.3,5.6,308
1791119677.28,2533.66796875,199.3,5.3,308
1791119677.4806542,2533.66796875,199.3,5.0,308
1791119677.6813743,2533.66796875,199.3,4.9,308
1791119677.8820686,2533.66796875,199.3,5.2,308
1791119678.082719,2533.66796875,204.3,4.9,308
1791119678.2834563,2533.66796875,199.3,5.7,308
1791119678.4841764,2533.66796875,199.3,8.3,308
1791119678.6849597,2533.66796875,199.3,5.8,308
1791119678.8856952,2533.66796875,199.3,5.8,308
1791119679.0864217,2533.66796875,199.2,6.0,308
1791119679.2872353,2533.66796875,204.2,5.9,308
1791119679.4879801,2533.66796875,199.3,5.6,308
1791119679.6887617,2533.66796875,199.2,4.9,308
1791119679.889537,2533.66796875,199.3,4.3,308
1791119680.0902593,2533.66796875,199.2,4.3,308
1791119680.2910714,2533.66796875,199.2,4.2,308
1791119680.4918056,2533.66796875,204.3,4.6,308
1791119680.6925437,2533.66796875,204.2,4.8,308
1791119680.893268,2533.66796875,199.3,4.9,308
1791119681.0939455,2533.66796875,199.3,5.1,308
1791119681.2946777,2533.66796875,199.3,5.2,308
1791119681.4954035,2533.66796875,199.3,5.0,308
1791119681.6960938,2533.66796875,199.3,4.9,308
1791119681.896864,2533.66796875,204.3,4.5,308
1791119682.0975358,2533.66796875,199.3,4.5,308
1791119682.2982829,2533.66796875,199.3,4.1,308
1791119682.498984,2533.66796875,199.3,4.6,308
1791119682.6996787,2533.66796875,199.3,4.2,308
1791119682.9004242,2533.66796875,199.2,7.0,308
1791119683.101235,2533.66796875,204.2,8.0,308
1791119683.3020158,2533.66796875,199.2,7.9,308
1791119683.5028098,2533.66796875,199.2,7.8,308
1791119683.7035723,2533.66796875,199.2,8.1,308
1791119683.904532,2533.66796875,199.0,7.5,308
1791119684.105334,2533.66796875,204.2,5.5,308
1791119684.3060238,2533.66796875,199.3,6.7,308
1791119684.506832,2533.66796875,204.2,6.7,308
1791119684.7076335,2533.66796875,199.2,5.5,308
1791119684.9084086,2533.66796875,199.2,6.2,308
1791119685.1092167,2533.66796875,199.2,7.7,308
1791119685.3099613,2533.66796875,199.2,5.9,308
1791119685.5106714,2533.66796875,199.3,7.3,308
1791119685.7114851,2533.66796875,199.2,7.7,308
1791119685.912269,2533.66796875,204.2,5.0,308
1791119686.1130044,2533.66796875,199.3,5.8,308
1791119686.3137753,2533.66796875,199.2,4.8,308
1791119686.5145218,2533.66796875,199.2,4.4,308
1791119686.7152693,2533.66796875,199.3,4.4,308
1791119686.915981,2533.66796875,204.2,4.3,308
1791119687.116763,2533.66796875,204.2,4.2,308
1791119687.3174984,2533.66796875,199.3,4.5,308
1791119687.5182178,2533.66796875,199.3,5.0,308
1791119687.718969,2533.66796875,199.3,6.0,308
1791119687.9197345,2533.66796875,199.2,7.6,308
1791119688.1205525,2533.66796875,199.3,4.9,308
1791119688.3212268,2533.66796875,199.3,5.4,308
1791119688.5219228,2533.66796875,204.3,5.3,308
1791119688.722625,2533.66796875,199.3,4.6,308
1791119688.9233096,2533.66796875,199.3,4.1,308
1791119689.1240406,2533.66796875,199.3,4.1,308
1791119689.3246863,2533.66796875,199.3,4.8,308
1791119689.5253956,2533.66796875,199.3,4.8,308
1791119689.7261074,2533.66796875,199.3,5.7,308
1791119689.9268162,2533.66796875,204.3,3.8,308
1791119690.1275504,2533.66796875,199.3,3.6,308
1791119690.328253,2533.66796875,204.3,3.9,308
1791119690.5289216,2533.66796875,199.3,3.8,308
1791119690.729626,2533.66796875,199.3,3.9,308
1791119690.930299,2533.66796875,199.3,3.4,308
1791119691.1309986,2533.66796875,199.3,2.8,308
1791119691.3317153,2533.66796875,199.3,3.3,308
1791119691.5323842,2533.66796875,204.3,3.0,308
1791119691.7330854,2533.66796875,199.3,3.5,308
1791119691.9337358,2533.66796875,199.3,3.7,308
1791119692.1344368,2533.66796875,199.3,3.8,308
1791119692.3351648,2533.66796875,199.3,3.8,308
1791119692.5358577,2533.66796875,199.3,3.8,308
1791119692.736653,2533.66796875,199.3,3.1,308
1791119692.9373417,2533.66796875,204.2,7.8,308
1791119693.138158,2533.66796875,204.2,5.8,308
1791119693.3389747,2533.66796875,199.2,5.9,308
1791119693.5397384,2533.66796875,199.2,4.6,308
1791119693.7405632,2533.66796875,199.2,5.0,308
1791119693.941314,2533.66796875,199.2,4.9,308
1791119694.1421146,2533.66796875,199.2,3.4,308
1791119694.342839,2533.66796875,204.2,5.7,308
1791119694.54364,2533.66796875,199.2,5.7,308
1791119694.7444024,2533.66796875,199.2,4.2,308
1791119694.945194,2533.66796875,199.2,5.8,308
1791119695.145986,2533.66796875,199.2,5.4,308
1791119695.346783,2533.66796875,204.2,3.8,308
1791119695.5475037,2533.66796875,199.2,5.0,308
1791119695.7483308,2533.66796875,204.2,4.5,308
1791119695.9491484,2533.66796875,199.2,2.4,308
1791119696.149891,2533.66796875,199.2,3.0,308
1791119696.350704,2533.66796875,199.3,3.1,308
1791119696.5514133,2533.66796875,199.3,3.5,308
1791119696.7521389,2533.66796875,199.3,3.1,308
1791119696.9528418,2533.66796875,204.3,3.9,308
1791119697.1535501,2533.66796875,199.2,5.5,308
1791119697.354364,2533.66796875,199.2,5.4,308
1791119697.5551364,2533.66796875,199.2,3.1,308
1791119697.7558572,2533.66796875,199.3,2.2,308
1791119697.9565885,2533.66796875,199.3,2.7,308
1791119698.1572611,2533.66796875,204.3,2.3,308
1791119698.3580124,2533.66796875,199.3,5.6,308
1791119698.5587733,2533.66796875,199.2,3.0,308
1791119698.759549,2533.66796875,199.2,3.1,308
1791119698.9602764,2533.66796875,204.3,3.2,308
1791119699.160998,2533.66796875,199.3,3.2,308
1791119699.3617125,2533.66796875,199.3,3.4,308
1791119699.5624075,2533.66796875,204.3,3.4,308
1791119699.7631307,2533.66796875,199.3,3.2,308
1791119699.9638853,2533.66796875,199.3,2.4,308
1791119700.1646247,2533.66796875,199.3,2.5,308
1791119700.365351,2533.66796875,199.3,2.5,308
1791119700.5660715,2533.66796875,204.3,2.5,308
1791119700.766817,2533.66796875,199.3,2.3,308
1791119700.9675105,2533.66796875,199.3,3.2,308
1791119701.1682146,2533.66796875,199.3,3.2,308
1791119701.3689208,2533.66796875,199.3,3.2,308
1791119701.569621,2533.66796875,199.3,3.2,308
1791119701.7703238,2533.66796875,199.3,3.2,308
1791119701.9710708,2533.66796875,199.3,3.3,308
1791119702.1717317,2533.66796875,204.3,2.7,308
1791119702.372438,2533.66796875,204.3,2.7,308
1791119702.573143,2533.66796875,199.3,3.5,308
1791119702.7737973,2533.66796875,199.3,3.0,308
1791119702.974513,2533.66796875,199.3,6.0,308
1791119703.1752837,2533.66796875,199.2,6.3,308
1791119703.376066,2533.66796875,199.2,6.8,308
1791119703.5768335,2533.66796875,204.2,6.4,308
1791119703.7775896,2533.66796875,199.2,6.6,308
1791119703.9784033,2533.66796875,199.2,6.5,308
1791119704.1791472,2533.66796875,199.2,4.9,308
1791119704.3799036,2533.66796875,199.3,7.1,308
1791119704.5806777,2533.66796875,204.2,5.9,308
1791119704.7815003,2533.66796875,199.2,5.4,308
1791119704.9824176,2533.66796875,199.1,6.6,308
1791119705.183165,2533.66796875,199.2,4.8,308
1791119705.3839467,2533.66796875,204.2,4.2,308
1791119705.5847297,2533.66796875,199.2,5.7,308
1791119705.7855248,2533.66796875,199.2,6.3,308
1791119705.986319,2533.66796875,199.2,4.9,308
1791119706.1871088,2533.66796875,199.2,7.3,308
1791119706.3878918,2533.66796875,199.2,4.2,308
1791119706.5886724,2533.66796875,199.3,5.0,308
1791119706.7894356,2533.66796875,204.2,3.5,308
1791119706.9901674,2533.66796875,204.2,3.3,308
1791119707.1909099,2533.66796875,199.2,4.4,308
1791119707.391687,2533.66796875,199.2,4.3,308
1791119707.5924246,2533.66796875,199.3,4.5,308
1791119707.7931824,2533.66796875,204.2,5.2,308
1791119707.9939616,2533.66796875,199.2,5.1,308
1791119708.1946807,2533.66796875,199.3,5.0,308
1791119708.395426,2533.66796875,199.2,5.3,308
1791119708.5961535,2533.66796875,199.3,5.2,308
1791119708.796903,2533.66796875,199.2,5.3,308
1791119708.9976456,2533.66796875,204.2,4.9,308
1791119709.1983926,2533.66796875,199.2,4.3,308
1791119709.399193,2533.66796875,199.2,4.4,308
1791119709.5998976,2533.66796875,199.3,4.6,308
1791119709.8006778,2533.66796875,199.2,4.6,308
1791119710.0014927,2533.66796875,199.2,4.6,308
1791119710.2022169,2533.66796875,199.3,5.1,308
1791119710.402958,2533.66796875,204.3,5.3,308
1791119710.6036334,2533.66796875,199.3,5.0,308
1791119710.8043349,2533.66796875,204.3,5.3,308
1791119711.0050323,2533.66796875,199.3,5.0,308
1791119711.2056925,2533.66796875,199.3,4.8,308
1791119711.406369,2533.66796875,199.3,4.4,308
1791119711.6070995,2533.66796875,204.3,4.4,308
1791119711.807771,2533.66796875,199.3,4.5,308
1791119712.008469,2533.66796875,199.3,4.7,308
1791119712.209146,2533.66796875,199.3,4.5,308
1791119712.4098077,2533.66796875,199.3,5.5,308
1791119712.6105056,2533.66796875,199.3,5.2,308
1791119712.8112845,2533.66796875,199.3,7.1,308
1791119713.0120394,2533.66796875,199.2,8.4,308
1791119713.2128372,2533.66796875,204.2,7.8,308
1791119713.4136004,2533.66796875,204.2,7.9,308
1791119713.6144025,2533.66796875,199.2,5.1,308
1791119713.8151376,2533.66796875,199.3,7.3,308
1791119714.015931,2533.66796875,199.2,7.2,308
1791119714.2167044,2533.66796875,199.3,5.1,308
1791119714.4173865,2533.66796875,199.3,6.9,308
1791119714.6182039,2533.66796875,199.2,7.6,308
1791119714.819029,2533.66796875,204.2,6.2,308
1791119715.01976,2533.66796875,199.2,12.3,308
1791119715.2206426,2533.66796875,199.2,6.6,308
1791119715.4213815,2533.66796875,199.3,7.0,308
1791119715.6220894,2533.66796875,199.2,8.5,308
1791119715.8228917,2533.66796875,204.2,7.6,308
1791119716.0236971,2533.66796875,204.2,6.0,308
1791119716.2245154,2533.66796875,199.2,5.0,308
1791119716.4252684,2533.66796875,199.3,5.2,308
1791119716.6259587,2533.66796875,199.3,5.3,308
1791119716.826698,2533.66796875,199.3,5.6,308
1791119717.027411,2533.66796875,199.3,6.0,308
1791119717.2281249,2533.66796875,204.3,5.8,308
1791119717.428829,2533.66796875,199.3,6.1,308
1791119717.6295304,2533.66796875,199.3,5.8,308
1791119717.8302424,2533.66796875,199.3,6.2,308
1791119718.0309145,2533.66796875,199.3,5.1,308
1791119718.2317266,2533.66796875,199.2,4.3,308
1791119718.4324558,2533.66796875,199.3,4.8,308
1791119718.633145,2533.66796875,204.3,4.6,308
1791119718.8338687,2533.66796875,199.3,4.6,308
1791119719.034538,2533.66796875,204.3,4.6,308
1791119719.2352486,2533.66796875,199.3,5.2,308
1791119719.4359658,2533.66796875,199.2,10.8,308
1791119719.6368175,2533.66796875,199.1,5.5,308
1791119719.8376255,2533.66796875,199.2,4.6,308
1791119720.038389,2533.66796875,199.3,4.8,308
1791119720.2390788,2533.66796875,204.3,4.8,308
1791119720.4397426,2533.66796875,199.3,3.9,308
1791119720.6404877,2533.66796875,199.3,4.1,308
1791119720.84121,2533.66796875,199.3,3.9,308
1791119721.041899,2533.66796875,199.3,4.1,308
1791119721.242593,2533.66796875,199.3,4.1,308
1791119721.443268,2533.66796875,204.3,4.9,308
1791119721.643979,2533.66796875,199.3,7.1,308
1791119721.8447363,2533.66796875,199.3,4.8,308
1791119722.0454428,2533.66796875,199.3,4.8,308
1791119722.2461517,2533.66796875,204.2,4.8,308
1791119722.446902,2533.66796875,199.3,5.1,308
1791119722.647584,2533.66796875,199.3,4.4,308
1791119722.8483007,2533.66796875,199.2,6.1,308
1791119723.049116,2533.66796875,204.2,7.2,308
1791119723.249899,2533.66796875,199.3,5.6,308
1791119723.4505963,2533.66796875,199.3,10.9,308
1791119723.6514978,2533.66796875,199.1,8.3,308
1791119723.8522763,2533.66796875,199.2,7.1,308
1791119724.0530882,2533.66796875,204.2,7.5,308
1791119724.2538946,2533.66796875,199.2,5.5,308
1791119724.4547148,2533.66796875,199.2,7.4,308
1791119724.6554768,2533.66796875,199.2,7.2,308
1791119724.8562331,2533.66796875,199.2,7.3,308
1791119725.0570025,2533.66796875,204.2,4.6,308
1791119725.2577376,2533.66796875,199.3,4.9,308
1791119725.4584875,2533.66796875,199.2,6.7,308
1791119725.6593084,2533.66796875,199.2,6.6,308
1791119725.8601348,2533.66796875,204.2,4.5,308
1791119726.0609024,2533.66796875,199.2,5.5,308
1791119726.2616897,2533.66796875,199.3,4.8,308
1791119726.4624152,2533.66796875,204.3,4.8,308
1791119726.6631455,2533.66796875,199.3,4.7,308
1791119726.863881,2533.66796875,199.2,5.1,308
1791119727.0646977,2533.66796875,199.2,5.7,308
1791119727.2654817,2533.66796875,199.2,4.1,308
1791119727.4662318,2533.66796875,199.2,6.6,308
1791119727.667052,2533.66796875,199.2,3.8,308
1791119727.8677926,2533.66796875,204.2,4.7,308
1791119728.0685573,2533.66796875,199.3,4.8,308
1791119728.2692726,2533.66796875,199.3,6.1,308
1791119728.4699383,2533.66796875,199.3,5.9,308
1791119728.670665,2533.66796875,199.3,5.6,308
1791119728.8713493,2533.66796875,199.3,5.8,308
1791119729.0720747,2533.66796875,204.3,5.8,308
1791119729.272719,2533.66796875,199.4,5.6,308
1791119729.4733717,2533.66796875,204.3,5.0,308
1791119729.674107,2533.66796875,199.2,5.2,308
1791119729.8749144,2533.66796875,199.2,6.9,308
1791119730.0757475,2533.66796875,199.2,4.8,308
1791119730.2765033,2533.66796875,204.2,4.8,308
1791119730.4772367,2533.66796875,199.3,5.5,308
1791119730.6779706,2533.66796875,199.3,4.8,308
1791119730.8787074,2533.66796875,199.3,5.0,308
1791119731.0794578,2533.66796875,199.2,6.8,308
1791119731.2802758,2533.66796875,199.2,4.8,308
1791119731.481005,2533.66796875,204.2,5.1,308
1791119731.681713,2533.66796875,199.3,4.6,308
1791119731.882423,2533.66796875,199.2,4.1,308
1791119732.0834885,2533.66796875,203.9,4.0,308
1791119732.2842104,2533.66796875,199.3,4.1,308
1791119732.4849064,2533.66796875,199.3,4.3,308
1791119732.6856067,2533.66796875,199.3,4.3,308
1791119732.886299,2533.66796875,199.3,7.0,308
1791119733.08707,2533.66796875,204.2,7.9,308
1791119733.2879007,2533.66796875,199.2,7.8,308
1791119733.4886804,2533.66796875,199.2,7.4,308
1791119733.689484,2533.66796875,199.2,7.6,308
1791119733.8902602,2533.66796875,199.2,7.3,308
1791119734.0909827,2533.66796875,199.3,5.0,308
1791119734.2916887,2533.66796875,204.2,6.6,308
1791119734.4925008,2533.66796875,199.2,7.1,308
1791119734.6932998,2533.66796875,204.2,5.2,308
1791119734.8939936,2533.66796875,199.2,6.2,308
1791119735.0948076,2533.66796875,199.2,7.6,308
1791119735.2955751,2533.66796875,199.3,5.9,308
1791119735.4962745,2533.66796875,204.2,7.2,308
1791119735.6970866,2533.66796875,199.2,7.1,308
1791119735.8978636,2533.66796875,199.2,4.7,308
1791119736.098582,2533.66796875,199.2,6.2,308
1791119736.299406,2533.66796875,199.2,4.3,308
1791119736.5001547,2533.66796875,204.2,4.4,308
1791119736.7009175,2533.66796875,199.2,4.2,308
1791119736.9016464,2533.66796875,199.3,4.0,308
1791119737.102392,2533.66796875,199.3,4.2,308
1791119737.3031235,2533.66796875,199.3,4.5,308
1791119737.503787,2533.66796875,199.3,7.5,308
1791119737.7045543,2533.66796875,199.3,5.1,308
1791119737.9052494,2533.66796875,199.3,5.1,308
1791119738.1059208,2533.66796875,209.3,5.5,308
1791119738.3066266,2533.66796875,199.3,4.8,308
1791119738.5073054,2533.66796875,199.3,4.9,308
1791119738.7081177,2533.66796875,199.2,4.2,308
1791119738.9088573,2533.66796875,199.3,4.0,308
1791119739.1095893,2533.66796875,199.3,4.3,308
1791119739.3103251,2533.66796875,199.3,4.3,308
1791119739.5109882,2533.66796875,204.3,4.4,308
1791119739.7117474,2533.66796875,199.2,5.5,308
1791119739.9125621,2533.66796875,199.2,4.7,308
1791119740.113317,2533.66796875,199.3,4.8,308
1791119740.3140345,2533.66796875,199.3,4.9,308
1791119740.5147667,2533.66796875,199.2,5.1,308
1791119740.7155762,2533.66796875,204.2,5.7,308
1791119740.9162774,2533.66796875,199.3,4.8,308
1791119741.1170077,2533.66796875,199.3,4.9,308
1791119741.317685,2533.66796875,199.3,4.8,308
1791119741.5184247,2533.66796875,199.3,4.8,308
1791119741.7191916,2533.66796875,204.3,5.2,308
1791119741.919883,2533.66796875,204.3,6.1,308
1791119742.1206098,2533.66796875,199.3,5.9,308
1791119742.3213542,2533.66796875,199.3,5.9,308
1791119742.5220973,2533.66796875,199.3,5.6,308
1791119742.7228289,2533.66796875,199.3,5.7,308
1791119742.9235268,2533.66796875,199.3,7.9,308
1791119743.124305,2533.66796875,199.2,8.2,308
1791119743.3251429,2533.66796875,204.2,7.4,308
1791119743.525944,2533.66796875,199.2,6.9,308
1791119743.7267523,2533.66796875,199.2,6.7,308
1791119743.9275417,2533.66796875,199.2,7.2,308
1791119744.1282861,2533.66796875,199.2,5.3,308
1791119744.3290422,2533.66796875,204.2,7.9,308
1791119744.5298092,2533.66796875,199.2,9.3,308
1791119744.730636,2533.66796875,199.2,6.2,308
1791119744.931435,2533.66796875,199.2,9.6,308
1791119745.1322281,2533.66796875,199.2,5.8,308
1791119745.332941,2533.66796875,204.3,5.3,308
1791119745.5336154,2533.66796875,199.3,6.8,308
1791119745.7344217,2533.66796875,199.2,6.4,308
1791119745.9352486,2533.66796875,204.2,4.2,308
1791119746.1359723,2533.66796875,199.2,5.1,308
1791119746.3367624,2533.66796875,199.3,4.4,308
1791119746.5374346,2533.66796875,204.3,5.0,308
1791119746.7381427,2533.66796875,199.2,5.0,308
1791119746.9388766,2533.66796875,199.3,5.0,308
1791119747.139593,2533.66796875,199.3,5.0,308
1791119747.3403237,2533.66796875,199.3,4.9,308
1791119747.541057,2533.66796875,199.3,5.1,308
1791119747.7417972,2533.66796875,199.3,4.6,308
1791119747.942564,2533.66796875,199.2,5.1,308
1791119748.1433697,2533.66796875,204.2,4.2,308
1791119748.3441234,2533.66796875,199.2,3.9,308
1791119748.5448685,2533.66796875,199.3,4.7,308
1791119748.7456422,2533.66796875,199.2,5.1,308
1791119748.9464397,2533.66796875,199.3,5.1,308
1791119749.147139,2533.66796875,204.3,5.1,308
1791119749.3478158,2533.66796875,204.2,5.2,308
1791119749.5485983,2533.66796875,199.3,5.3,308
1791119749.7493143,2533.66796875,199.3,5.2,308
1791119749.9500487,2533.66796875,199.3,4.2,308
1791119750.1506915,2533.66796875,199.3,4.2,308
1791119750.3514824,2533.66796875,199.2,4.0,308
1791119750.5522563,2533.66796875,199.2,4.3,308
1791119750.7530444,2533.66796875,204.2,4.4,308
1791119750.9537714,2533.66796875,199.3,4.9,308
1791119751.154456,2533.66796875,199.3,4.8,308
1791119751.3551776,2533.66796875,199.3,5.1,308
1791119751.5559106,2533.66796875,199.2,5.3,308
1791119751.7566764,2533.66796875,204.2,7.2,308
1791119751.9574761,2533.66796875,199.2,4.9,308
1791119752.1582115,2533.66796875,204.3,4.6,308
1791119752.3589118,2533.66796875,199.3,4.2,308
1791119752.559783,2533.66796875,199.2,4.3,308
1791119752.7605805,2533.66796875,199.2,4.2,308
1791119752.961301,2533.66796875,199.3,8.5,308
1791119753.1620543,2533.66796875,199.3,5.7,308
1791119753.3627627,2533.66796875,199.2,8.3,308
1791119753.5635881,2533.66796875,204.2,9.1,308
1791119753.764358,2533.66796875,199.2,11.3,308
1791119753.9651282,2533.66796875,199.2,8.3,308
1791119754.1659353,2533.66796875,199.2,6.5,308
1791119754.3666947,2533.66796875,204.2,8.2,308
1791119754.5674841,2533.66796875,199.2,7.6,308
1791119754.7682548,2533.66796875,199.3,7.7,308
1791119754.969054,2533.66796875,199.2,7.4,308
1791119755.169777,2533.66796875,204.3,5.8,308
1791119755.370482,2533.66796875,199.3,7.6,308
1791119755.5712366,2533.66796875,199.3,6.8,308
1791119755.7718923,2533.66796875,199.3,8.2,308
1791119755.972674,2533.66796875,204.2,5.6,308
1791119756.173477,2533.66796875,199.2,6.0,308
1791119756.374236,2533.66796875,199.3,5.0,308
1791119756.5749593,2533.66796875,199.3,5.2,308
1791119756.7756717,2533.66796875,199.3,4.2,308
1791119756.976405,2533.66796875,199.3,4.6,308
1791119757.17708,2533.66796875,199.3,4.3,308
1791119757.3777804,2533.66796875,204.3,4.2,308
1791119757.578551,2533.66796875,199.2,4.0,308
1791119757.7793055,2533.66796875,199.2,5.0,308
1791119757.9800215,2533.66796875,199.3,5.4,308
1791119758.1807384,2533.66796875,199.3,7.3,308
1791119758.381622,2533.66796875,199.1,5.6,308
1791119758.5824153,2651.5859375,423.3,7.1,308
1791119758.7832162,2533.5859375,199.2,5.1,308
1791119758.983971,2533.5859375,199.3,5.1,308
1791119759.1846626,2533.5859375,204.3,4.2,308
1791119759.3853645,2533.5859375,199.3,4.2,308
1791119759.5860643,2533.5859375,199.3,4.4,308
1791119759.7867851,2533.5859375,204.3,4.6,308
1791119759.987517,2533.5859375,194.3,4.6,308
1791119760.1882145,2533.5859375,204.3,4.9,308
1791119760.3888988,2533.5859375,398.5,6.7,308
1791119760.589692,2533.5859375,199.2,5.1,308
1791119760.7904522,2533.5859375,204.2,7.4,308
1791119760.9912705,2533.5859375,204.2,5.1,308
1791119761.1919909,2533.5859375,199.3,7.5,308
1791119761.39273,2533.5859375,199.3,4.4,308
1791119761.593479,2533.5859375,199.3,4.2,308
1791119761.7942286,2533.5859375,199.2,4.3,308
1791119761.9949691,2533.5859375,204.3,4.2,308
1791119762.1956584,2533.5859375,199.3,4.1,308
1791119762.396384,2533.5859375,199.3,5.1,308
1791119762.5971584,2533.5859375,199.2,5.1,308
1791119762.797915,2533.5859375,199.2,6.9,308
1791119762.9986985,2533.5859375,199.2,7.8,308
1791119763.1994848,2533.5859375,199.2,8.1,308
1791119763.4002874,2533.5859375,204.2,8.0,308
1791119763.6010716,2533.5859375,199.2,5.2,308
1791119763.801832,2533.5859375,199.2,7.3,308
1791119764.0026224,2533.5859375,199.2,6.8,308
1791119764.2033823,2533.5859375,199.2,5.1,308
1791119764.404128,2533.5859375,209.2,7.3,308
1791119764.6048944,2533.5859375,199.2,7.4,308
1791119764.8057282,2533.5859375,199.2,7.7,308
1791119765.0064933,2533.5859375,199.2,7.8,308
1791119765.2072346,2533.5859375,199.2,6.5,308
1791119765.408004,2533.5859375,199.2,7.7,308
1791119765.6102238,2533.5859375,202.7,7.5,308
1791119765.8110642,2533.5859375,199.2,5.4,308
1791119766.0117857,2533.5859375,199.2,4.7,308
1791119766.2125847,2533.5859375,199.2,6.5,308
1791119766.4134114,2533.5859375,204.2,5.1,308
1791119766.6141434,2533.5859375,199.3,5.1,308
1791119766.814886,2533.5859375,199.3,5.5,308
1791119767.0155983,2533.5859375,199.3,6.0,308
1791119767.2163377,2533.5859375,199.3,5.8,308
1791119767.417055,2533.5859375,199.3,5.8,308
1791119767.6177845,2533.5859375,204.3,6.0,308
1791119767.8185277,2533.5859375,199.2,5.6,308
1791119768.019282,2533.5859375,199.3,6.1,308
1791119768.2199707,2533.5859375,199.3,4.9,308
1791119768.4206705,2533.5859375,199.3,5.5,308
1791119768.6214197,2533.5859375,199.3,5.3,308
1791119768.8221529,2533.5859375,204.2,6.6,308
1791119769.022943,2533.5859375,199.2,4.6,308
1791119769.2236662,2533.5859375,199.3,5.0,308
1791119769.4243674,2533.5859375,199.3,5.1,308
1791119769.6250818,2533.5859375,199.3,5.7,308
1791119769.825748,2533.5859375,209.2,5.0,308
1791119770.0265455,2533.5859375,199.2,4.9,308
1791119770.227263,2533.5859375,199.3,5.1,308
1791119770.427973,2533.5859375,199.3,4.5,308
1791119770.6287253,2533.5859375,199.2,4.3,308
1791119770.8295135,2533.5859375,199.2,4.3,308
1791119771.0303273,2533.5859375,199.2,4.2,308
1791119771.2310658,2533.5859375,204.2,4.4,308
1791119771.4318035,2533.5859375,199.3,4.9,308
1791119771.6325033,2533.5859375,199.3,5.1,308
1791119771.833254,2533.5859375,199.3,5.2,308
1791119772.0339906,2533.5859375,199.3,5.4,308
1791119772.2347372,2533.5859375,199.3,5.1,308
1791119772.4354393,2533.5859375,199.3,4.8,308
1791119772.6362336,2533.5859375,209.2,4.8,308
1791119772.8370411,2533.5859375,199.2,6.3,308
1791119773.037832,2533.5859375,199.2,7.4,308
1791119773.2386155,2533.5859375,199.2,7.1,308
1791119773.4393795,2533.5859375,199.2,5.1,308
1791119773.6401362,2533.5859375,199.2,7.6,308
1791119773.8409126,2533.5859375,199.2,8.4,308
1791119774.0417137,2533.5859375,204.2,7.6,308
1791119774.242473,2533.5859375,199.3,5.6,308
1791119774.4431298,2533.5859375,199.3,7.4,308
1791119774.6439354,2533.5859375,199.2,7.4,308
1791119774.8447115,2533.5859375,199.2,5.6,308
1791119775.0455267,2533.5859375,199.2,6.5,308
1791119775.2463074,2533.5859375,204.2,6.2,308
1791119775.4471145,2533.5859375,204.2,4.6,308
1791119775.6478782,2533.5859375,199.2,6.8,308
1791119775.848663,2533.5859375,199.2,6.5,308
1791119776.0495005,2533.5859375,199.2,4.9,308
1791119776.250195,2533.5859375,199.2,6.7,308
1791119776.4510326,2533.5859375,204.2,4.9,308
1791119776.651788,2533.5859375,199.2,5.1,308
1791119776.8525915,2533.5859375,199.2,4.8,308
1791119777.0533776,2533.5859375,199.3,4.5,308
1791119777.2540762,2533.5859375,199.3,4.0,308
1791119777.4548337,2533.5859375,199.2,4.0,308
1791119777.6555882,2533.5859375,199.2,4.0,308
1791119777.8564143,2533.5859375,204.2,6.9,308
1791119778.0572164,2533.5859375,199.2,4.1,308
1791119778.258051,2533.5859375,199.2,5.0,308
1791119778.458792,2533.5859375,204.2,5.1,308
1791119778.659565,2533.5859375,199.2,4.9,308
1791119778.8603387,2533.5859375,199.3,5.5,308
1791119779.0610511,2533.5859375,204.2,5.7,308
1791119779.261821,2533.5859375,199.3,5.8,308
1791119779.4626014,2533.5859375,199.2,5.0,308
1791119779.6633325,2533.5859375,199.2,5.4,308
1791119779.864103,2533.5859375,199.2,4.8,308
1791119780.0648615,2533.5859375,199.2,4.8,308
1791119780.2656302,2533.5859375,204.2,4.8,308
1791119780.4664204,2533.5859375,199.2,5.7,308
1791119780.6672258,2533.5859375,199.2,5.6,308
1791119780.8679476,2533.5859375,199.2,5.6,308
1791119781.0687242,2533.5859375,199.2,5.5,308
1791119781.269464,2533.5859375,199.3,5.5,308
1791119781.4702137,2533.5859375,204.3,5.3,308
1791119781.6709173,2533.5859375,199.3,4.6,308
1791119781.8716295,2533.5859375,199.3,3.9,308
1791119782.072367,2533.5859375,204.3,3.9,308
1791119782.2730722,2533.5859375,199.2,4.0,308
1791119782.4738822,2533.5859375,204.2,6.8,308
1791119782.6746957,2533.5859375,199.2,4.8,308
1791119782.8755202,2533.5859375,199.2,7.5,308
1791119783.076344,2533.5859375,199.2,8.1,308
1791119783.2771358,2533.5859375,199.2,6.2,308
1791119783.4778917,2533.5859375,199.2,7.2,308
1791119783.6786623,2533.5859375,204.2,8.1,308
1791119783.879475,2533.5859375,199.2,7.7,308
1791119784.0803573,2533.5859375,199.1,9.3,308
1791119784.281165,2533.5859375,199.2,4.8,308
1791119784.4819195,2533.5859375,199.3,6.7,308
1791119784.6826813,2533.5859375,199.2,6.9,308
1791119784.8834608,2533.5859375,199.2,7.1,308
1791119785.0842445,2533.5859375,204.2,6.5,308
1791119785.2850373,2533.5859375,199.2,5.6,308
1791119785.485769,2533.5859375,204.2,7.7,308
1791119785.6865876,2533.5859375,199.2,7.7,308
1791119785.8875122,2533.5859375,199.1,4.9,308
1791119786.088342,2533.5859375,204.1,5.3,308
1791119786.2892656,2533.5859375,199.1,4.2,308
1791119786.4900053,2533.5859375,199.3,4.2,308
1791119786.6907308,2533.5859375,199.3,4.2,308
1791119786.8914444,2533.5859375,199.3,4.3,308
1791119787.092148,2533.5859375,199.3,4.4,308
1791119787.2928221,2533.5859375,204.3,4.9,308
1791119787.4935813,2533.5859375,199.2,4.8,308
1791119787.6943283,2533.5859375,199.3,4.8,308
1791119787.8950417,2533.5859375,199.3,5.1,308
1791119788.0958,2533.5859375,199.3,4.9,308
1791119788.2965639,2533.5859375,199.2,8.7,308
1791119788.497401,2533.5859375,199.2,4.6,308
1791119788.6982293,2533.5859375,209.2,4.1,308
1791119788.8990066,2533.5859375,199.2,4.1,308
1791119789.0997946,2533.5859375,199.2,4.2,308
1791119789.3005662,2533.5859375,199.2,3.9,308
1791119789.5013647,2533.5859375,199.2,4.7,308
1791119789.702172,2533.5859375,199.2,5.4,308
1791119789.9029722,2533.5859375,204.2,4.9,308
1791119790.1037147,2533.5859375,199.2,4.9,308
1791119790.3045154,2533.5859375,199.2,4.8,308
1791119790.5052829,2533.5859375,199.2,4.9,308
1791119790.7060914,2533.5859375,199.2,4.8,308
1791119790.906872,2533.5859375,199.2,4.0,308
1791119791.10766,2533.5859375,204.2,4.1,308
1791119791.3084397,2533.5859375,199.2,6.3,308
1791119791.5092578,2533.5859375,199.2,4.6,308
1791119791.7100348,2533.5859375,199.2,5.4,308
1791119791.9107842,2533.5859375,204.2,5.6,308
1791119792.1115408,2533.5859375,199.2,5.6,308
1791119792.312409,2533.5859375,204.1,5.6,308
1791119792.51322,2533.5859375,199.2,5.6,308
1791119792.7139945,2533.5859375,199.2,5.8,308
1791119792.9147282,2533.5859375,199.3,7.4,308
1791119793.1155007,2533.5859375,199.2,7.6,308
1791119793.3163042,2533.5859375,199.2,7.7,308
1791119793.5171382,2533.5859375,204.1,7.3,308
1791119793.7179966,2533.5859375,199.2,7.4,308
1791119793.9187412,2533.5859375,199.2,7.9,308
1791119794.1195443,2533.5859375,199.2,6.2,308
1791119794.3202648,2533.5859375,199.3,7.7,308
1791119794.5210555,2533.5859375,199.2,7.6,308
1791119794.7218497,2533.5859375,204.2,6.2,308
1791119794.9226038,2533.5859375,199.2,7.1,308
1791119795.123415,2533.5859375,204.2,7.5,308
1791119795.3242044,2533.5859375,199.2,5.1,308
1791119795.5249999,2533.5859375,199.2,6.5,308
1791119795.7257612,2533.5859375,199.2,6.4,308
1791119795.9266007,2533.5859375,199.2,4.3,308
1791119796.127416,2533.5859375,204.2,5.7,308
1791119796.328224,2533.5859375,199.3,5.0,308
1791119796.5289252,2533.5859375,199.3,5.1,308
1791119796.729653,2533.5859375,199.3,5.0,308
1791119796.9304101,2533.5859375,199.3,4.8,308
1791119797.1311266,2533.5859375,199.3,4.8,308
1791119797.3318243,2533.5859375,204.3,4.9,308
1791119797.5324912,2533.5859375,199.3,4.1,308
1791119797.7331948,2533.5859375,199.3,4.1,308
1791119797.9339252,2533.5859375,199.2,6.5,308
1791119798.1347535,2533.5859375,204.2,4.1,308
1791119798.3354726,2533.5859375,199.3,4.0,308
1791119798.536187,2533.5859375,204.3,5.1,308
1791119798.736876,2533.5859375,199.3,4.9,308
1791119798.937629,2533.5859375,199.3,5.1,308
1791119799.1383345,2533.5859375,199.3,4.8,308
1791119799.3390224,2533.5859375,199.3,5.0,308
1791119799.539842,2533.5859375,199.2,4.8,308
1791119799.7405353,2533.5859375,199.3,4.8,308
1791119799.941263,2533.5859375,199.3,4.9,308
1791119800.1420486,2533.5859375,204.2,4.1,308
1791119800.34277,2533.5859375,204.3,4.2,308
1791119800.5435052,2533.5859375,199.3,4.1,308
1791119800.7442436,2533.5859375,199.3,4.6,308
1791119800.944963,2533.5859375,199.3,5.1,308
1791119801.1456354,2533.5859375,199.3,4.9,308
1791119801.3464012,2533.5859375,199.3,4.9,308
1791119801.547128,2533.5859375,199.3,4.8,308
1791119801.747805,2533.5859375,204.3,5.0,308
1791119801.9484928,2533.5859375,199.3,5.0,308
1791119802.149155,2533.5859375,199.3,4.0,308
1791119802.3498502,2533.5859375,199.3,4.2,308
1791119802.5505455,2533.5859375,199.3,4.2,308
1791119802.7512424,2533.5859375,199.3,4.3,308
1791119802.9519377,2533.5859375,199.3,7.1,308
1791119803.152704,2533.5859375,204.2,7.4,308
1791119803.353484,2533.5859375,199.2,7.7,308
1791119803.5543027,2533.5859375,204.2,7.8,308
1791119803.7550976,2533.5859375,199.2,7.6,308
1791119803.9558668,2533.5859375,199.2,7.7,308
1791119804.1566126,2533.5859375,199.2,5.7,308
1791119804.3573918,2533.5859375,204.2,7.7,308
1791119804.55819,2533.5859375,199.2,7.6,308
1791119804.7589903,2533.5859375,199.2,6.0,308
1791119804.959787,2533.5859375,199.2,9.8,308
1791119805.1606753,2533.5859375,199.2,6.2,308
1791119805.3614354,2533.5859375,199.2,6.6,308
1791119805.5621958,2533.5859375,204.2,8.3,308
1791119805.7629755,2533.5859375,199.2,8.2,308
1791119805.9637504,2533.5859375,199.3,5.7,308
1791119806.164477,2533.5859375,204.2,6.8,308
1791119806.3652267,2533.5859375,199.3,5.7,308
1791119806.5659366,2533.5859375,199.3,7.6,308
1791119806.7667153,2533.5859375,199.3,5.1,308
1791119806.9674206,2533.5859375,199.3,4.4,308
1791119807.1680748,2533.5859375,204.3,4.3,308
1791119807.3687646,2533.5859375,199.3,4.1,308
1791119807.5694375,2533.5859375,199.4,5.0,308
1791119807.7700977,2533.5859375,199.3,5.5,308
1791119807.9708228,2533.5859375,199.3,5.2,308
1791119808.1714735,2533.5859375,199.3,5.0,308
1791119808.3721514,2533.5859375,199.3,5.0,308
1791119808.5728254,2533.5859375,204.3,5.5,308
1791119808.773551,2533.5859375,199.2,4.6,308
1791119808.974322,2533.5859375,199.2,4.2,308
1791119809.1750531,2533.5859375,204.3,4.2,308
1791119809.37575,2533.5859375,199.3,4.7,308
1791119809.5764742,2533.5859375,199.3,4.4,308
1791119809.777159,2533.5859375,199.3,4.7,308
1791119809.977965,2533.5859375,199.2,4.8,308
1791119810.1786945,2533.5859375,199.3,4.9,308
1791119810.3794177,2533.5859375,199.3,4.9,308
1791119810.5801387,2533.5859375,204.3,5.1,308
1791119810.780836,2533.5859375,204.3,5.1,308
1791119810.9815764,2533.5859375,199.2,4.9,308
1791119811.1823618,2533.5859375,199.2,4.4,308
1791119811.3831367,2533.5859375,199.2,4.2,308
1791119811.5838807,2533.5859375,199.3,4.2,308
1791119811.7846074,2533.5859375,199.2,7.3,308
1791119811.9854198,2533.5859375,199.2,4.3,308
1791119812.186128,2533.5859375,204.3,5.2,308
1791119812.386778,2533.5859375,199.3,4.9,308
1791119812.5875003,2533.5859375,199.3,4.9,308
1791119812.7881966,2533.5859375,199.3,5.2,308
1791119812.9889784,2533.5859375,199.2,9.4,308
1791119813.1918664,2533.5859375,202.1,7.5,308
1791119813.3926785,2533.5859375,199.2,5.8,308
1791119813.5934098,2533.5859375,199.2,6.7,308
1791119813.7942262,2533.5859375,199.2,7.7,308
1791119813.9949985,2533.5859375,204.2,6.9,308
1791119814.1958032,2533.5859375,199.2,7.8,308
1791119814.3965943,2533.5859375,199.2,7.6,308
1791119814.597419,2533.5859375,204.2,7.5,308
1791119814.7982275,2533.5859375,199.2,6.2,308
1791119814.999036,2533.5859375,204.2,7.3,308
1791119815.1998506,2533.5859375,199.2,7.6,308
1791119815.4006155,2533.5859375,199.3,5.7,308
1791119815.6013572,2533.5859375,199.2,7.0,308
1791119815.8021917,2533.5859375,199.2,6.8,308
1791119816.0029764,2533.5859375,204.2,4.4,308
1791119816.2037668,2533.5859375,199.2,5.9,308
1791119816.404588,2533.5859375,199.2,4.3,308
1791119816.6053553,2533.5859375,199.2,5.0,308
1791119816.806193,2533.5859375,199.2,5.3,308
1791119817.0069325,2533.5859375,199.2,6.1,308
1791119817.207653,2533.5859375,199.3,5.8,308
1791119817.4083602,2533.5859375,204.3,5.8,308
1791119817.6090956,2533.5859375,199.3,5.9,308
1791119817.8098,2533.5859375,199.3,8.5,308
1791119818.0105634,2533.5859375,199.2,7.3,308
1791119818.2113743,2533.5859375,204.2,7.1,308
1791119818.412259,2533.5859375,199.1,5.5,308
1791119818.6130483,2533.5859375,204.2,5.1,308
1791119818.8137538,2533.5859375,199.3,5.4,308
1791119819.014391,2533.5859375,199.3,5.8,308
1791119819.215062,2533.5859375,199.3,5.9,308
1791119819.4157388,2533.5859375,199.3,5.8,308
1791119819.616437,2533.5859375,199.3,5.9,308
1791119819.817115,2533.5859375,199.3,5.3,308
1791119820.0177863,2533.5859375,204.3,4.9,308
1791119820.2184675,2533.5859375,199.3,4.1,308
1791119820.4191325,2533.5859375,199.3,4.4,308
1791119820.619812,2533.5859375,199.3,4.1,308
1791119820.8205166,2533.5859375,199.3,4.1,308
1791119821.021255,2533.5859375,199.3,4.1,308
1791119821.2219179,2533.5859375,204.3,5.2,308
1791119821.4226017,2533.5859375,199.3,5.5,308
1791119821.6232436,2533.5859375,204.3,4.9,308
1791119821.8239071,2533.5859375,199.3,7.1,308
1791119822.0246706,2533.5859375,199.3,5.3,308
1791119822.225421,2533.5859375,199.3,4.9,308
1791119822.4261022,2533.5859375,199.4,4.8,308
1791119822.626824,2533.5859375,199.2,4.2,308
1791119822.827523,2533.5859375,204.3,4.7,308
1791119823.028434,2533.5859375,199.1,6.7,308
1791119823.2292492,2533.5859375,199.2,7.0,308
1791119823.4300401,2533.5859375,199.2,7.8,308
1791119823.6307929,2533.5859375,199.2,7.4,308
1791119823.8315895,2533.5859375,199.2,10.0,308
1791119824.032412,2533.5859375,204.2,7.4,308
1791119824.233195,2533.5859375,204.2,5.9,308
1791119824.4338956,2533.5859375,199.3,8.0,308
1791119824.6347094,2533.5859375,199.2,7.2,308
1791119824.835476,2533.5859375,199.2,5.2,308
1791119825.0363128,2533.5859375,199.2,6.5,308
1791119825.2371314,2533.5859375,199.2,5.5,308
1791119825.4379056,2533.5859375,199.2,6.8,308
1791119825.638753,2533.5859375,199.2,6.9,308
1791119825.8395607,2533.5859375,199.2,5.5,308
1791119826.0402796,2533.5859375,209.3,5.5,308
1791119826.2409847,2533.5859375,199.2,6.2,308
1791119826.4417815,2533.5859375,199.2,5.1,308
1791119826.6425395,2533.5859375,199.2,5.1,308
1791119826.843331,2533.5859375,199.2,5.2,308
1791119827.0440686,2533.5859375,204.3,4.4,308
1791119827.244748,2533.5859375,199.3,4.1,308
1791119827.4454682,2533.5859375,199.3,4.4,308
1791119827.6462321,2533.5859375,199.2,4.4,308
1791119827.8469188,2533.5859375,199.3,4.3,308
1791119828.04764,2533.5859375,199.3,5.3,308
1791119828.2483435,2533.5859375,199.3,4.8,308
1791119828.4490411,2533.5859375,199.3,5.5,308
1791119828.6497633,2533.5859375,204.3,5.2,308
1791119828.850451,2533.5859375,199.3,5.0,308
1791119829.0511582,2533.5859375,204.3,5.1,308
1791119829.2518387,2533.5859375,199.3,4.3,308
1791119829.452599,2533.5859375,199.2,4.5,308
1791119829.6534195,2533.5859375,199.2,4.9,308
1791119829.8542237,2533.5859375,199.2,4.9,308
1791119830.0549617,2533.5859375,199.3,5.1,308
1791119830.255701,2533.5859375,199.3,5.7,308
1791119830.4564366,2533.5859375,204.2,5.8,308
1791119830.657242,2533.5859375,199.2,5.8,308
1791119830.857974,2533.5859375,199.2,7.2,308
1791119831.05883,2533.5859375,199.1,8.3,308
1791119831.2596388,2533.5859375,199.2,5.7,308
1791119831.4603686,2533.5859375,204.2,5.4,308
1791119831.6611502,2533.5859375,204.2,5.2,308
1791119831.8618503,2533.5859375,199.3,5.5,308
1791119832.0626225,2533.5859375,199.2,7.3,308
1791119832.2634263,2533.5859375,199.2,5.0,308
1791119832.464169,2533.5859375,199.2,4.7,308
1791119832.6649384,2533.5859375,204.2,5.3,308
1791119832.865647,2533.5859375,199.3,5.3,308
1791119833.0664208,2533.5859375,199.2,8.2,308
1791119833.2672594,2533.5859375,199.2,7.8,308
1791119833.4680414,2533.5859375,199.2,7.6,308
1791119833.668828,2533.5859375,204.2,7.6,308
1791119833.8695598,2533.5859375,199.2,6.6,308
1791119834.0703423,2533.5859375,199.2,5.2,308
1791119834.2710574,2533.5859375,199.3,6.9,308
1791119834.4719336,2533.5859375,199.1,5.9,308
1791119834.6728427,2533.5859375,204.1,6.1,308
1791119834.8736303,2533.5859375,199.2,7.6,308
1791119835.0744483,2533.5859375,199.2,7.6,308
1791119835.2752378,2533.5859375,199.2,6.1,308
1791119835.4759686,2533.5859375,199.3,8.0,308
1791119835.6767282,2533.5859375,204.2,7.4,308
1791119835.8775167,2533.5859375,199.2,5.3,308
1791119836.078309,2533.5859375,199.2,4.4,308
1791119836.279096,2533.5859375,204.2,6.1,308
1791119836.4799004,2533.5859375,199.2,4.6,308
1791119836.6806767,2533.5859375,199.2,4.3,308
1791119836.881508,2533.5859375,199.2,4.4,308
1791119837.082324,2533.5859375,199.2,4.8,308
1791119837.283101,2533.5859375,204.2,5.2,308
1791119837.4838583,2533.5859375,199.2,5.0,308
1791119837.6846223,2533.5859375,199.3,5.3,308
1791119837.88537,2533.5859375,199.2,5.6,308
1791119838.086212,2533.5859375,199.2,5.0,308
1791119838.286975,2533.5859375,199.2,5.1,308
1791119838.4877489,2533.5859375,209.2,4.5,308
1791119838.6885588,2533.5859375,199.2,4.5,308
1791119838.8893473,2533.5859375,199.2,4.4,308
1791119839.0901253,2533.5859375,199.2,6.8,308
1791119839.290948,2533.5859375,199.2,4.9,308
1791119839.4916565,2533.5859375,199.3,5.7,308
1791119839.6924932,2533.5859375,199.2,5.5,308
1791119839.8932989,2533.5859375,199.2,5.4,308
1791119840.0941112,2533.5859375,204.2,5.1,308
1791119840.294898,2533.5859375,204.2,5.3,308
1791119840.4957137,2533.5859375,199.2,5.2,308
1791119840.696499,2533.5859375,199.2,4.2,308
1791119840.8972838,2533.5859375,199.2,4.5,308
1791119841.0980322,2533.5859375,199.3,4.1,308
1791119841.2987432,2533.5859375,199.3,4.4,308
1791119841.4994888,2533.5859375,199.3,4.3,308
1791119841.700257,2533.5859375,199.2,8.0,308
1791119841.9010673,2533.5859375,204.2,5.3,308
1791119842.101838,2533.5859375,199.2,5.0,308
1791119842.3025928,2533.5859375,199.3,5.3,308
1791119842.5033557,2533.5859375,204.2,6.0,308
1791119842.7040844,2533.5859375,199.3,6.0,308
1791119842.9048135,2533.5859375,204.2,8.2,308
1791119843.105623,2533.5859375,199.2,8.1,308
1791119843.306409,2533.5859375,199.2,8.1,308
1791119843.5072186,2533.5859375,199.2,7.5,308
1791119843.7079847,2533.5859375,199.2,7.4,308
1791119843.908757,2533.5859375,199.3,7.8,308
1791119844.109541,2533.5859375,199.2,8.0,308
1791119844.310342,2533.5859375,204.2,8.5,308
1791119844.5111399,2533.5859375,199.2,6.9,308
1791119844.7118764,2533.5859375,199.3,8.8,308
1791119844.912628,2533.5859375,199.3,8.4,308
1791119845.1133978,2533.5859375,204.2,7.9,308
1791119845.3142104,2533.5859375,199.2,5.0,308
1791119845.5149899,2533.5859375,204.2,7.1,308
1791119845.7157834,2533.5859375,199.2,6.8,308
1791119845.91656,2533.5859375,199.2,4.3,308
1791119846.117376,2533.5859375,199.2,4.8,308
1791119846.31813,2533.5859375,199.2,6.1,308
1791119846.5189264,2533.5859375,204.2,5.4,308
1791119846.7196925,2533.5859375,199.3,5.0,308
1791119846.9204435,2533.5859375,199.2,5.5,308
1791119847.1212249,2533.5859375,199.2,5.2,308
1791119847.3219619,2533.5859375,199.3,5.0,308
1791119847.5227551,2533.5859375,199.2,4.6,308
1791119847.7235177,2533.5859375,199.2,4.2,308
1791119847.9243228,2533.5859375,204.2,4.6,308
1791119848.125126,2533.5859375,199.2,4.4,308
1791119848.325906,2533.5859375,204.2,6.9,308
1791119848.5267386,2533.5859375,199.2,5.7,308
1791119848.72756,2533.5859375,199.2,5.3,308
1791119848.9283457,2533.5859375,199.2,5.8,308
1791119849.1291392,2533.5859375,199.2,4.9,308
1791119849.3299239,2533.5859375,204.2,4.6,308
1791119849.5307705,2533.5859375,199.2,4.8,308
1791119849.7315462,2533.5859375,199.2,4.3,308
1791119849.9323711,2533.5859375,199.2,4.0,308
1791119850.1331675,2533.5859375,199.2,4.1,308
1791119850.3339655,2533.5859375,199.2,4.0,308
1791119850.5347567,2533.5859375,209.2,4.0,308
1791119850.7355516,2533.5859375,199.2,4.7,308
1791119850.936321,2533.5859375,199.2,4.9,308
1791119851.1370735,2533.5859375,199.3,4.8,308
1791119851.337793,2533.5859375,199.3,4.8,308
1791119851.5385425,2533.5859375,199.3,5.0,308
1791119851.7393174,2533.5859375,199.2,4.9,308
1791119851.940062,2533.5859375,204.2,4.6,308
1791119852.140849,2533.5859375,199.2,8.3,308
1791119852.3416593,2533.5859375,199.2,4.0,308
1791119852.542472,2533.5859375,199.2,4.2,308
1791119852.7432628,2533.5859375,199.2,3.9,308
1791119852.9440649,2533.5859375,199.2,7.1,308
1791119853.1448364,2533.5859375,204.2,7.6,308
1791119853.3456511,2533.5859375,199.2,7.4,308
1791119853.5464916,2533.5859375,199.2,7.1,308
1791119853.7472858,2533.5859375,204.2,5.7,308
1791119853.9480584,2533.5859375,199.2,7.4,308
1791119854.1488328,2533.5859375,204.2,7.4,308
1791119854.3496363,2533.5859375,199.2,7.1,308
1791119854.5504565,2533.5859375,199.2,5.2,308
1791119854.7512805,2533.5859375,199.2,6.7,308
1791119854.9520748,2533.5859375,199.2,6.8,308
1791119855.15287,2533.5859375,204.2,5.9,308
1791119855.3537629,2533.5859375,199.1,10.7,308
1791119855.554656,2533.5859375,199.1,6.7,308
1791119855.7555137,2533.5859375,199.2,7.7,308
1791119855.9562836,2533.5859375,199.2,5.6,308
1791119856.1570327,2533.5859375,199.2,5.8,308
1791119856.3577893,2533.5859375,204.2,7.3,308
1791119856.5585842,2533.5859375,199.2,5.3,308
1791119856.759398,2533.5859375,199.2,4.8,308
1791119856.960175,2533.5859375,199.2,4.8,308
1791119857.1609101,2533.5859375,204.3,4.8,308
1791119857.3615942,2533.5859375,199.3,4.7,308
1791119857.5623784,2533.5859375,199.2,5.2,308
1791119857.763204,2533.5859375,199.2,5.6,308
1791119857.9639225,2533.5859375,199.2,4.8,308
1791119858.164712,2533.5859375,204.2,4.9,308
1791119858.365484,2533.5859375,199.3,5.0,308
1791119858.5662365,2533.5859375,199.2,5.1,308
1791119858.767033,2533.5859375,199.2,4.6,308
1791119858.9678075,2533.5859375,199.2,4.4,308
1791119859.1685722,2533.5859375,204.2,4.0,308
1791119859.3693607,2533.5859375,199.2,4.3,308
1791119859.5701451,2533.5859375,199.3,4.1,308
1791119859.7708755,2533.5859375,199.2,6.1,308
1791119859.9715962,2533.5859375,199.3,4.7,308
1791119860.172316,2533.5859375,204.3,4.8,308
1791119860.3730347,2533.5859375,199.3,4.9,308
1791119860.5737584,2533.5859375,199.3,5.0,308
1791119860.7744837,2533.5859375,199.3,4.9,308
1791119860.9751842,2533.5859375,199.3,4.5,308
1791119861.1758935,2533.5859375,199.3,3.9,308
1791119861.3766508,2533.5859375,204.2,4.1,308
1791119861.5774307,2533.5859375,199.2,3.9,308
1791119861.7781909,2533.5859375,199.2,3.9,308
1791119861.97897,2533.5859375,204.2,4.8,308
1791119862.179768,2533.5859375,199.2,4.8,308
1791119862.3805869,2533.5859375,199.2,4.9,308
1791119862.581371,2533.5859375,199.2,4.8,308
1791119862.7821646,2533.5859375,199.2,4.9,308
1791119862.982917,2533.5859375,199.3,7.3,308
1791119863.1836817,2533.5859375,204.2,7.2,308
1791119863.3844635,2533.5859375,204.2,6.7,308
1791119863.5852785,2533.5859375,199.2,7.0,308
1791119863.7861085,2533.5859375,199.2,6.5,308
1791119863.986917,2533.5859375,199.2,6.7,308
1791119864.1877575,2533.5859375,199.2,6.6,308
1791119864.3885708,2533.5859375,199.2,5.6,308
1791119864.5894809,2533.5859375,204.1,7.3,308
1791119864.7903812,2533.5859375,199.1,8.1,308
1791119864.9912775,2533.5859375,199.1,7.9,308
1791119865.1921782,2533.5859375,199.1,5.6,308
1791119865.393061,2533.5859375,199.1,7.4,308
1791119865.593968,2533.5859375,204.0,6.8,308
1791119865.794865,2533.5859375,199.1,4.8,308
1791119865.9956377,2533.5859375,199.2,4.1,308
1791119866.1964455,2533.5859375,199.2,4.1,308
1791119866.397238,2533.5859375,204.2,5.1,308
1791119866.5980504,2533.5859375,204.2,4.6,308
1791119866.798785,2533.5859375,199.3,4.9,308
1791119866.999521,2533.5859375,199.3,4.9,308
1791119867.2002816,2533.5859375,199.2,4.8,308
1791119867.401086,2533.5859375,199.2,5.0,308
1791119867.601847,2533.5859375,199.3,4.8,308
1791119867.8025696,2533.5859375,199.3,7.6,308
1791119868.0033877,2533.5859375,204.2,5.2,308
1791119868.2042096,2533.5859375,199.2,4.8,308
1791119868.40497,2533.5859375,199.3,5.2,308
1791119868.605705,2533.5859375,199.2,5.4,308
1791119868.806532,2533.5859375,199.2,5.1,308
1791119869.0072975,2533.5859375,199.2,5.8,308
1791119869.2081006,2533.5859375,204.2,5.5,308
1791119869.4088688,2533.5859375,204.2,6.0,308
1791119869.609653,2533.5859375,199.2,6.2,308
1791119869.8104055,2533.5859375,199.2,5.9,308
1791119870.011175,2533.5859375,199.2,5.8,308
1791119870.2119663,2533.5859375,204.2,4.9,308
1791119870.412741,2533.5859375,199.3,4.9,308
1791119870.613493,2533.5859375,199.2,6.7,308
1791119870.814303,2533.5859375,199.2,4.0,308
1791119871.0150793,2533.5859375,199.2,4.2,308
1791119871.215854,2533.5859375,204.2,4.9,308
1791119871.4166343,2533.5859375,199.2,4.9,308
1791119871.6174169,2533.5859375,199.2,5.2,308
1791119871.8181832,2533.5859375,199.2,8.6,308
1791119872.0189822,2533.5859375,199.2,5.2,308
1791119872.219768,2533.5859375,204.2,5.1,308
1791119872.4206064,2533.5859375,199.2,4.2,308
1791119872.6214006,2533.5859375,199.2,4.2,308
1791119872.822173,2533.5859375,199.2,6.0,308
1791119873.022944,2533.5859375,199.2,7.2,308
1791119873.223732,2533.5859375,199.2,7.0,308
1791119873.4244928,2533.5859375,199.2,7.7,308
1791119873.625274,2533.5859375,204.2,5.8,308
1791119873.8259661,2533.5859375,199.3,7.4,308
1791119874.0267372,2533.5859375,199.2,8.1,308
1791119874.227507,2533.5859375,199.3,5.8,308
1791119874.4282312,2533.5859375,204.2,7.7,308
1791119874.6289985,2533.5859375,199.2,7.2,308
1791119874.8297582,2533.5859375,199.2,5.3,308
1791119875.0305693,2533.5859375,199.2,10.7,308
1791119875.2313385,2533.5859375,204.2,5.1,308
1791119875.4321365,2533.5859375,199.2,4.8,308
1791119875.6329002,2533.5859375,204.2,6.9,308
1791119875.8338237,2533.5859375,199.1,7.0,308
1791119876.0346563,2533.5859375,199.2,5.0,308
1791119876.2354212,2533.5859375,199.2,6.1,308
1791119876.436199,2533.5859375,199.2,5.0,308
1791119876.636958,2533.5859375,204.2,5.1,308
1791119876.8377233,2533.5859375,199.3,5.1,308
1791119877.0384007,2533.5859375,199.3,4.4,308
1791119877.239178,2533.5859375,199.3,4.1,308
1791119877.4398453,2533.5859375,199.3,4.2,308
1791119877.6405745,2533.5859375,199.3,4.1,308
1791119877.8412647,2533.5859375,199.3,4.4,308
1791119878.0419738,2533.5859375,204.3,5.2,308
1791119878.2427092,2533.5859375,199.3,5.5,308
1791119878.4434206,2533.5859375,199.3,5.2,308
1791119878.6441662,2533.5859375,199.3,5.0,308
1791119878.8448806,2533.5859375,204.3,5.1,308
1791119879.0456064,2533.5859375,199.3,4.8,308
1791119879.246346,2533.5859375,199.2,4.5,308
1791119879.4471169,2533.5859375,199.2,4.1,308
1791119879.6478715,2533.5859375,199.2,4.4,308
1791119879.8486676,2533.5859375,204.2,6.4,308
1791119880.0494807,2533.5859375,199.2,4.1,308
1791119880.2502797,2533.5859375,199.2,4.8,308
1791119880.4510548,2533.5859375,204.2,5.1,308
1791119880.6517842,2533.5859375,199.3,5.7,308
1791119880.8524318,2533.5859375,199.3,5.8,308
1791119881.053149,2533.5859375,199.3,5.7,308
1791119881.2539017,2533.5859375,199.3,6.0,308
1791119881.4545977,2533.5859375,199.3,5.3,308
1791119881.6552825,2533.5859375,204.3,5.1,308
1791119881.8559895,2533.5859375,199.3,5.1,308
1791119882.0567012,2533.5859375,199.3,5.0,308
1791119882.2574549,2533.5859375,199.3,5.0,308
1791119882.4581916,2533.5859375,199.3,5.5,308
1791119882.6589065,2533.5859375,199.3,5.8,308
1791119882.8595994,2533.5859375,199.3,7.7,308
1791119883.0603213,2533.5859375,204.2,8.7,308
1791119883.2610745,2533.5859375,199.2,7.7,308
1791119883.4618502,2533.5859375,199.2,7.3,308
1791119883.6626606,2533.5859375,199.2,6.9,308
1791119883.8634508,2533.5859375,204.2,7.0,308
1791119884.0642564,2533.5859375,204.2,6.8,308
1791119884.2650275,2533.5859375,199.3,5.1,308
1791119884.465728,2533.5859375,199.3,7.3,308
1791119884.6665165,2533.5859375,199.2,7.2,308
1791119884.867276,2533.5859375,199.2,7.5,308
1791119885.0681489,2533.5859375,199.1,6.2,308
1791119885.268965,2533.5859375,204.2,6.3,308
1791119885.4697251,2533.5859375,199.3,7.8,308
1791119885.67047,2533.5859375,199.3,7.6,308
1791119885.8712208,2533.5859375,199.3,5.2,308
1791119886.0719254,2533.5859375,199.3,7.0,308
1791119886.2726982,2533.5859375,199.2,5.9,308
1791119886.473496,2533.5859375,199.3,4.7,308
1791119886.6742082,2533.5859375,204.3,4.2,308
1791119886.8749096,2533.5859375,204.3,4.1,308
1791119887.075643,2533.5859375,199.3,5.3,308
1791119887.2763567,2533.5859375,199.3,4.9,308
1791119887.4770555,2533.5859375,199.3,5.3,308
1791119887.6777477,2533.5859375,199.3,4.9,308
1791119887.878442,2533.5859375,199.3,5.0,308
1791119888.079156,2533.5859375,204.2,5.1,308
1791119888.2799559,2533.5859375,199.2,4.5,308
1791119888.4807038,2533.5859375,199.3,4.6,308
1791119888.68141,2533.5859375,199.3,4.3,308
1791119888.8822005,2533.5859375,199.2,4.3,308
1791119889.0829709,2533.5859375,204.2,4.5,308
1791119889.2837434,2533.5859375,199.2,4.7,308
1791119889.484499,2533.5859375,199.3,5.1,308
1791119889.6852152,2533.5859375,199.3,6.7,308
1791119889.885947,2533.5859375,199.2,4.6,308
1791119890.0866725,2533.5859375,199.3,4.9,308
1791119890.2874472,2533.5859375,204.2,4.7,308
1791119890.4882047,2533.5859375,199.2,4.4,308
1791119890.6889842,2533.5859375,199.2,4.0,308
1791119890.8897321,2533.5859375,204.2,3.9,308
1791119891.0905058,2533.5859375,199.2,4.1,308
1791119891.2912824,2533.5859375,199.2,4.0,308
1791119891.4920835,2533.5859375,199.2,3.9,308
1791119891.6928585,2533.5859375,204.2,4.9,308
1791119891.8936515,2533.5859375,199.2,5.0,308
1791119892.0944257,2533.5859375,199.2,5.1,308
1791119892.295209,2533.5859375,199.2,4.7,308
1791119892.4959638,2533.5859375,204.2,4.8,308
1791119892.696722,2533.5859375,199.3,4.8,308
1791119892.8975308,2533.5859375,199.1,5.6,308
1791119893.098447,2533.5859375,199.1,5.8,308
1791119893.299274,2533.5859375,199.2,7.1,308
1791119893.500053,2533.5859375,204.2,7.5,308
1791119893.700826,2533.5859375,199.2,7.4,308
1791119893.9016085,2533.5859375,199.2,7.9,308
1791119894.102412,2533.5859375,199.2,6.3,308
1791119894.303214,2533.5859375,199.2,8.1,308
1791119894.5039954,2533.5859375,204.2,7.9,308
1791119894.7047842,2533.5859375,199.2,6.8,308
1791119894.9055293,2533.5859375,199.2,8.0,308
1791119895.1063182,2533.5859375,199.2,7.8,308
1791119895.307115,2533.5859375,199.2,5.8,308
1791119895.5078478,2533.5859375,199.3,7.6,308
1791119895.7086384,2533.5859375,204.2,7.7,308
1791119895.9093783,2533.5859375,199.2,4.9,308
1791119896.110184,2533.5859375,199.2,6.6,308
1791119896.310991,2533.5859375,204.2,5.6,308
1791119896.5117505,2533.5859375,199.2,5.0,308
1791119896.7125444,2533.5859375,199.2,5.0,308
1791119896.9133303,2533.5859375,199.2,4.7,308
1791119897.1141183,2533.5859375,199.2,4.6,308
1791119897.3148844,2533.5859375,204.2,4.6,308
1791119897.515648,2533.5859375,199.2,3.9,308
1791119897.7164316,2533.5859375,204.2,4.1,308
1791119897.9171999,2533.5859375,199.2,4.4,308
1791119898.117993,2533.5859375,199.2,4.0,308
1791119898.318799,2533.5859375,199.2,4.5,308
1791119898.5195708,2533.5859375,199.2,5.0,308
1791119898.7203505,2533.5859375,199.2,4.7,308
1791119898.9211218,2533.5859375,204.2,4.8,308
1791119899.1219041,2533.5859375,199.2,4.8,308
1791119899.3226585,2533.5859375,199.3,5.0,308
1791119899.523392,2533.5859375,199.2,4.9,308
1791119899.7241583,2533.5859375,199.2,4.2,308
1791119899.92491,2533.5859375,199.2,4.1,308
1791119900.1256986,2533.5859375,204.2,3.9,308
1791119900.3265026,2533.5859375,204.2,4.1,308
1791119900.5272906,2533.5859375,199.2,4.3,308
1791119900.7280579,2533.5859375,199.2,4.6,308
1791119900.9288216,2533.5859375,199.2,8.1,308
1791119901.1296246,2533.5859375,199.2,5.8,308
1791119901.33034,2533.5859375,199.3,5.8,308
1791119901.5310187,2533.5859375,199.3,6.0,308
1791119901.7317076,2533.5859375,204.3,8.7,308
1791119901.932463,2533.5859375,199.3,5.7,308
1791119902.133181,2533.5859375,199.2,8.0,308
1791119902.3339682,2533.5859375,199.2,4.4,308
1791119902.5346947,2533.5859375,199.3,4.1,308
1791119902.7353961,2533.5859375,199.3,4.1,308
1791119902.9360883,2533.5859375,204.3,7.0,308
1791119903.1368084,2533.5859375,199.2,7.5,308
1791119903.3376195,2533.5859375,199.2,7.5,308
1791119903.5384347,2533.5859375,199.2,7.1,308
1791119903.7392075,2533.5859375,199.2,7.2,308
1791119903.9400163,2533.5859375,209.2,7.4,308
1791119904.1407819,2533.5859375,199.2,5.9,308
1791119904.3415945,2533.5859375,199.1,6.3,308
1791119904.5424633,2533.5859375,199.2,6.5,308
1791119904.7432332,2533.5859375,199.2,5.2,308
1791119904.9440055,2533.5859375,199.2,8.1,308
1791119905.144773,2533.5859375,204.2,5.0,308
1791119905.3454838,2533.5859375,199.3,5.4,308
1791119905.546196,2533.5859375,199.3,7.8,308
1791119905.7469642,2533.5859375,199.2,7.1,308
1791119905.947725,2533.5859375,199.3,4.9,308
1791119906.1484365,2533.5859375,199.3,5.5,308
1791119906.3492403,2533.5859375,204.2,7.3,308
1791119906.5500317,2533.5859375,199.2,6.0,308
1791119906.7507885,2533.5859375,199.3,4.8,308
1791119906.9515176,2533.5859375,199.3,5.2,308
1791119907.1522691,2533.5859375,199.3,5.1,308
1791119907.353036,2533.5859375,204.2,4.8,308
1791119907.5537622,2533.5859375,199.3,5.7,308
1791119907.7544582,2533.5859375,199.3,5.5,308
1791119907.955161,2533.5859375,199.3,5.8,308
1791119908.1558914,2533.5859375,204.3,5.7,308
1791119908.356635,2533.5859375,199.3,7.7,308
1791119908.5574124,2533.5859375,199.2,6.0,308
1791119908.7581878,2533.5859375,199.2,4.6,308
1791119908.9589038,2533.5859375,204.3,4.0,308
1791119909.1596377,2533.5859375,194.3,4.3,308
1791119909.360387,2533.5859375,204.2,4.2,308
1791119909.5611212,2533.5859375,204.3,4.3,308
1791119909.7617815,2533.5859375,199.3,4.8,308
1791119909.9625556,2533.5859375,199.3,4.7,308
1791119910.1632533,2533.5859375,199.3,5.2,308
1791119910.3639686,2533.5859375,199.3,5.0,308
1791119910.564707,2533.5859375,199.3,5.0,308
1791119910.7654035,2533.5859375,204.3,4.8,308
1791119910.9661045,2533.5859375,199.3,4.3,308
1791119911.1668556,2533.5859375,199.2,4.5,308
1791119911.3676143,2533.5859375,199.2,4.1,308
1791119911.5684025,2533.5859375,199.2,4.1,308
1791119911.7693033,2533.5859375,204.1,4.3,308
1791119911.9701314,2533.5859375,199.2,4.5,308
1791119912.1708922,2533.5859375,199.3,5.0,308
1791119912.3716257,2533.5859375,199.3,4.9,308
1791119912.5723858,2533.5859375,199.2,4.9,308
1791119912.7731616,2533.5859375,199.3,5.1,308
1791119912.9738693,2533.5859375,204.2,7.4,308
1791119913.1746883,2533.5859375,199.2,7.4,308
1791119913.375461,2533.5859375,199.2,7.3,308
1791119913.5762954,2533.5859375,199.2,6.7,308
1791119913.7771013,2533.5859375,199.2,7.1,308
1791119913.9778838,2533.5859375,204.2,7.0,308
1791119914.1787124,2533.5859375,204.2,5.3,308
1791119914.3795373,2533.5859375,199.2,8.2,308
1791119914.580345,2533.5859375,199.2,7.1,308
1791119914.7811515,2533.5859375,199.2,8.0,308
1791119914.9819124,2533.5859375,199.2,8.0,308
1791119915.182836,2533.5859375,204.1,6.0,308
1791119915.3836238,2533.5859375,199.2,7.8,308
1791119915.5843856,2533.5859375,199.2,4.9,308
1791119915.785144,2533.5859375,199.2,6.6,308
1791119915.9859135,2533.5859375,199.2,4.3,308
1791119916.1866534,2533.5859375,199.2,6.8,308
1791119916.3874805,2533.5859375,199.2,5.3,308
1791119916.5882657,2533.5859375,204.2,5.1,308
1791119916.7890399,2533.5859375,199.3,5.0,308
1791119916.9897506,2533.5859375,204.3,4.9,308
1791119917.1904671,2533.5859375,199.3,4.9,308
1791119917.3912294,2533.5859375,199.2,5.2,308
1791119917.592046,2533.5859375,199.2,4.9,308
1791119917.792754,2533.5859375,204.3,4.2,308
1791119917.9934883,2533.5859375,199.2,4.5,308
1791119918.1942391,2533.5859375,199.3,4.1,308
1791119918.394986,2533.5859375,199.3,4.2,308
1791119918.5957384,2533.5859375,199.2,4.4,308
1791119918.7964969,2533.5859375,199.3,5.4,308
1791119918.997242,2533.5859375,199.3,6.1,308
1791119919.1979778,2533.5859375,204.3,5.7,308
1791119919.3987107,2533.5859375,199.3,5.8,308
1791119919.5994754,2533.5859375,199.2,6.2,308
1791119919.8002446,2533.5859375,199.3,5.7,308
1791119920.00097,2533.5859375,199.2,5.6,308
1791119920.2017481,2533.5859375,199.2,9.8,308
1791119920.4025588,2533.5859375,204.2,5.3,308
1791119920.6033204,2533.5859375,204.2,5.1,308
1791119920.804077,2533.5859375,199.3,4.8,308
1791119921.0048032,2533.5859375,199.3,5.3,308
1791119921.2055337,2533.5859375,199.3,6.0,308
1791119921.4062946,2533.5859375,199.2,5.7,308
1791119921.6070898,2533.5859375,204.2,5.0,308
1791119921.8077629,2533.5859375,199.3,5.2,308
1791119922.0085063,2533.5859375,199.3,5.3,308
1791119922.2092323,2533.5859375,199.3,4.9,308
1791119922.4099863,2533.5859375,199.3,4.2,308
1791119922.6107347,2533.5859375,199.3,4.1,308
1791119922.8114696,2533.5859375,204.2,6.0,308
1791119923.0122766,2533.5859375,199.2,7.3,308
1791119923.2130735,2533.5859375,199.2,12.7,308
1791119923.4138393,2533.5859375,199.2,10.2,308
1791119923.6146066,2533.5859375,204.2,7.6,308
1791119923.8153973,2533.5859375,199.2,7.6,308
1791119924.0162067,2533.5859375,199.2,7.8,308
1791119924.216983,2533.5859375,199.3,7.4,308
1791119924.4177175,2533.5859375,199.2,7.9,308
1791119924.6185014,2533.5859375,199.2,6.4,308
1791119924.8192992,2533.5859375,204.2,7.1,308
1791119925.0200844,2533.5859375,199.2,9.1,308
1791119925.2208505,2533.5859375,199.2,5.1,308
1791119925.4216218,2533.5859375,199.2,5.1,308
1791119925.6224284,2533.5859375,199.2,7.3,308
1791119925.8231983,2533.5859375,204.2,7.1,308
1791119926.0239403,2533.5859375,199.3,5.1,308
1791119926.2247021,2533.5859375,204.2,5.0,308
1791119926.425473,2533.5859375,199.2,5.8,308
1791119926.6262696,2533.5859375,199.2,5.0,308
1791119926.8270595,2533.5859375,199.3,4.4,308
1791119927.0277622,2533.5859375,204.3,4.2,308
1791119927.2284997,2533.5859375,199.3,4.2,308
1791119927.429275,2533.5859375,199.2,4.4,308
1791119927.630036,2533.5859375,199.3,4.1,308
1791119927.8307366,2533.5859375,199.3,6.1,308
1791119928.0315888,2533.5859375,199.2,5.1,308
1791119928.2323534,2533.5859375,204.2,5.0,308
1791119928.4331234,2533.5859375,199.2,5.6,308
1791119928.6338813,2533.5859375,199.3,5.0,308
1791119928.8346183,2533.5859375,199.3,5.1,308
1791119929.03535,2533.5859375,199.3,4.9,308
1791119929.2361262,2533.5859375,199.2,4.3,308
1791119929.4369273,2533.5859375,204.2,4.8,308
1791119929.6377149,2533.5859375,204.2,4.4,308
1791119929.8385098,2533.5859375,199.2,4.3,308
1791119930.039343,2533.5859375,199.2,4.7,308
1791119930.2400908,2533.5859375,199.2,5.1,308
1791119930.4408836,2533.5859375,199.2,5.4,308
1791119930.641685,2533.5859375,199.2,5.0,308
1791119930.8424695,2533.5859375,204.2,5.0,308
1791119931.0432594,2533.5859375,199.2,5.2,308
1791119931.244042,2533.5859375,199.2,5.1,308
1791119931.4448137,2533.5859375,199.2,4.4,308
1791119931.6455934,2533.5859375,199.2,7.0,308
1791119931.8464034,2533.5859375,199.2,5.0,308
1791119932.0471933,2533.5859375,209.2,5.1,308
1791119932.2479672,2533.5859375,199.2,5.3,308
1791119932.4487476,2533.5859375,199.2,5.8,308
1791119932.6494849,2533.5859375,199.3,5.7,308
1791119932.8502398,2533.5859375,199.2,7.7,308
1791119933.0510297,2533.5859375,199.2,8.5,308
1791119933.251808,2533.5859375,199.2,8.7,308
1791119933.4526,2533.5859375,199.3,8.8,308
1791119933.653326,2533.5859375,204.3,6.1,308
1791119933.854047,2533.5859375,199.3,7.5,308
1791119934.0548227,2533.5859375,199.2,7.6,308
1791119934.2556229,2533.5859375,199.2,5.7,308
1791119934.4563992,2533.5859375,199.2,7.0,308
1791119934.657187,2533.5859375,204.2,7.8,308
1791119934.857976,2533.5859375,204.2,6.0,308
1791119935.0587504,2533.5859375,199.2,9.5,308
1791119935.2595544,2533.5859375,199.2,6.0,308
1791119935.4602962,2533.5859375,199.3,5.7,308
1791119935.6610703,2533.5859375,199.2,7.5,308
1791119935.8618727,2533.5859375,204.2,7.1,308
1791119936.0626783,2533.5859375,199.2,4.2,308
1791119936.2634091,2533.5859375,199.2,4.3,308
1791119936.4642253,2533.5859375,199.2,7.1,308
1791119936.6650167,2533.5859375,199.2,6.8,308
1791119936.8658338,2533.5859375,204.2,8.1,308
1791119937.0666425,2533.5859375,199.2,7.9,308
1791119937.2674353,2533.5859375,199.2,5.1,308
1791119937.4682457,2533.5859375,199.2,5.1,308
1791119937.669025,2533.5859375,199.3,5.1,308
1791119937.8697188,2533.5859375,199.3,5.2,308
1791119938.0704358,2533.5859375,204.3,4.9,308
1791119938.2711842,2533.5859375,199.3,4.9,308
1791119938.4719381,2533.5859375,199.2,4.6,308
1791119938.6727238,2533.5859375,199.2,4.4,308
1791119938.8734744,2533.5859375,199.3,4.1,308
1791119939.0742426,2533.5859375,199.3,4.6,308
1791119939.2749727,2533.5859375,209.2,5.3,308
1791119939.475737,2533.5859375,199.2,4.9,308
1791119939.676547,2533.5859375,199.2,5.4,308
1791119939.8773386,2533.5859375,199.3,5.1,308
1791119940.0780518,2533.5859375,199.3,5.0,308
1791119940.2787666,2533.5859375,204.2,5.3,308
1791119940.479521,2533.5859375,199.3,4.6,308
1791119940.6802347,2533.5859375,199.3,5.7,308
1791119940.8810098,2533.5859375,199.3,4.4,308
1791119941.0816867,2533.5859375,199.3,4.1,308
1791119941.2823763,2533.5859375,199.3,4.4,308
1791119941.483108,2533.5859375,199.3,4.8,308
1791119941.6838138,2533.5859375,204.3,5.4,308
1791119941.8845143,2533.5859375,199.2,6.9,308
1791119942.0853546,2533.5859375,199.2,5.1,308
1791119942.2860825,2533.5859375,199.3,5.2,308
1791119942.4868155,2533.5859375,204.2,5.0,308
1791119942.6875668,2533.5859375,199.3,4.8,308
1791119942.8883486,2533.5859375,199.2,5.7,308
1791119943.0891404,2533.5859375,204.2,7.4,308
1791119943.2899227,2533.5859375,199.2,7.8,308
1791119943.4906988,2533.5859375,199.3,6.9,308
1791119943.6914532,2533.5859375,199.3,9.0,308
1791119943.8921845,2533.5859375,199.3,9.6,308
1791119944.0929224,2533.5859375,204.2,9.2,308
1791119944.2936907,2533.5859375,199.3,8.5,308
1791119944.4944448,2533.5859375,199.2,10.7,308
1791119944.6952193,2533.5859375,199.3,10.4,308
1791119944.895929,2533.5859375,199.3,10.6,308
1791119945.096667,2533.5859375,199.3,7.7,308
1791119945.2974246,2533.5859375,204.2,8.1,308
1791119945.4981706,2533.5859375,199.2,9.2,308
1791119945.6989307,2533.5859375,199.2,9.0,308
1791119945.8996983,2533.5859375,199.3,7.1,308
1791119946.1004472,2533.5859375,199.3,8.0,308
1791119946.3011992,2533.5859375,199.3,7.6,308
1791119946.5019422,2533.5859375,204.2,8.6,308
1791119946.7027154,2533.5859375,204.2,7.3,308
1791119946.9034734,2533.5859375,199.2,7.0,308
1791119947.104236,2533.5859375,199.2,6.5,308
1791119947.304999,2533.5859375,199.2,5.8,308
1791119947.5057726,2533.5859375,204.2,5.6,308
1791119947.706556,2533.5859375,199.2,5.6,308
1791119947.9073577,2533.5859375,199.2,5.7,308
1791119948.108121,2533.5859375,199.2,5.6,308
1791119948.3088877,2533.5859375,199.2,6.3,308
1791119948.5096564,2533.5859375,199.2,6.8,308
1791119948.7104285,2533.5859375,199.2,7.1,308
1791119948.911182,2533.5859375,204.2,8.6,308
1791119949.111939,2533.5859375,199.3,6.6,308
1791119949.3126774,2533.5859375,199.3,6.5,308
1791119949.513428,2533.5859375,199.3,8.4,308
1791119949.7141745,2533.5859375,199.3,7.6,308
1791119949.9149137,2533.5859375,204.2,5.6,308
1791119950.1156602,2533.5859375,199.3,6.0,308
1791119950.316455,2533.5859375,199.2,6.5,308
1791119950.5171742,2533.5859375,199.3,7.2,308
1791119950.717913,2533.5859375,204.2,7.8,308
1791119950.9186354,2533.5859375,199.3,8.1,308
1791119951.1194043,2533.5859375,199.2,6.9,308
1791119951.3201833,2533.5859375,204.2,6.5,308
1791119951.520931,2533.5859375,199.2,6.6,308
1791119951.7216868,2533.5859375,199.3,6.4,308
1791119951.9224427,2533.5859375,199.2,6.2,308
1791119952.123206,2533.5859375,199.2,5.8,308
1791119952.3239803,2533.5859375,204.2,5.7,308
1791119952.5247326,2533.5859375,199.2,5.7,308
1791119952.7255032,2533.5859375,199.2,5.6,308
1791119952.9262667,2533.5859375,199.2,8.5,308
1791119953.126982,2533.5859375,199.3,9.5,308
1791119953.3277397,2533.5859375,204.2,9.3,308
1791119953.5285237,2533.5859375,199.2,11.8,308
1791119953.7293158,2533.5859375,199.2,9.3,308
1791119953.9300928,2533.5859375,199.2,8.8,308
1791119954.1308334,2533.5859375,204.3,5.1,308
1791119954.3315609,2533.5859375,199.2,6.2,308
1791119954.532366,2533.5859375,199.2,6.6,308
1791119954.733131,2533.5859375,199.2,5.3,308
1791119954.9338834,2533.5859375,199.2,6.2,308
1791119955.1346908,2533.5859375,199.2,7.4,308
1791119955.335492,2533.5859375,204.2,5.6,308
1791119955.5362508,2533.5859375,199.2,7.1,308
1791119955.7370412,2533.5859375,199.2,7.3,308
1791119955.9378161,2533.5859375,199.3,4.7,308
1791119956.138537,2533.5859375,199.2,4.8,308
1791119956.3393292,2533.5859375,204.2,5.4,308
1791119956.5401144,2533.5859375,204.2,4.2,308
1791119956.740874,2533.5859375,199.2,6.2,308
1791119956.9416816,2533.5859375,199.2,4.3,308
1791119957.1424603,2533.5859375,199.2,4.9,308
1791119957.3432274,2533.5859375,199.2,5.1,308
1791119957.5439765,2533.5859375,204.2,5.6,308
1791119957.7447171,2533.5859375,199.2,6.0,308
1791119957.945497,2533.5859375,199.2,5.6,308
1791119958.1462169,2533.5859375,199.3,5.6,308
1791119958.346891,2533.5859375,199.3,5.6,308
1791119958.5475707,2533.5859375,199.3,5.7,308
1791119958.7483256,2533.5859375,199.2,4.8,308
1791119958.9490676,2533.5859375,204.3,4.8,308
1791119959.1497312,2533.5859375,199.3,4.8,308
1791119959.3504174,2533.5859375,199.3,5.1,308
1791119959.551171,2533.5859375,199.3,5.3,308
1791119959.7519226,2533.5859375,199.2,5.3,308
1791119959.9527442,2533.5859375,204.2,4.8,308
1791119960.1534665,2533.5859375,199.3,4.8,308
1791119960.3541903,2533.5859375,199.3,4.9,308
1791119960.5549667,2533.5859375,199.2,5.0,308
1791119960.7557294,2533.5859375,204.2,4.9,308
1791119960.9564502,2533.5859375,199.2,4.2,308
1791119961.157258,2533.5859375,199.2,4.1,308
1791119961.3580158,2533.5859375,199.2,4.1,308
1791119961.5587897,2533.5859375,199.3,4.0,308
1791119961.7595346,2533.5859375,199.2,6.3,308
1791119961.9603517,2533.5859375,204.2,4.8,308
1791119962.1610656,2533.5859375,204.3,4.9,308
1791119962.3617215,2533.5859375,199.3,4.8,308
1791119962.562437,2533.5859375,199.3,4.8,308
1791119962.7631505,2533.5859375,199.3,4.9,308
1791119962.9638274,2533.5859375,199.3,7.4,308
1791119963.1646366,2533.5859375,199.2,7.0,308
1791119963.3654153,2533.5859375,204.2,7.2,308
1791119963.5662448,2533.5859375,199.2,6.7,308
1791119963.767039,2533.5859375,199.2,6.7,308
1791119963.9677734,2533.5859375,199.2,6.6,308
1791119964.168576,2533.5859375,199.3,5.3,308
1791119964.3692617,2533.5859375,199.3,8.0,308
1791119964.5700412,2533.5859375,204.2,7.6,308
1791119964.7708547,2533.5859375,199.2,5.9,308
1791119964.9716415,2533.5859375,199.2,7.1,308
1791119965.1724608,2533.5859375,199.2,7.8,308
1791119965.3732734,2533.5859375,199.2,5.4,308
1791119965.5741017,2533.5859375,204.2,6.6,308
1791119965.774904,2533.5859375,204.2,6.3,308
1791119965.9756966,2533.5859375,199.2,4.1,308
1791119966.1764174,2533.5859375,199.3,4.1,308
1791119966.3771641,2533.5859375,199.2,5.3,308
1791119966.5779638,2533.5859375,199.2,4.9,308
1791119966.7787652,2533.5859375,199.3,4.9,308
1791119966.9794514,2533.5859375,199.3,5.3,308
1791119967.180153,2533.5859375,204.3,4.8,308
1791119967.3808637,2533.5859375,199.3,4.8,308
1791119967.5815954,2533.5859375,199.3,4.7,308
1791119967.782284,2533.5859375,199.3,4.0,308
1791119967.982956,2533.5859375,199.3,4.3,308
1791119968.1836264,2533.5859375,199.3,4.1,308
1791119968.384365,2533.5859375,199.2,6.6,308
1791119968.5851514,2533.5859375,209.2,4.3,308
1791119968.7858315,2533.5859375,199.3,4.9,308
1791119968.9864972,2533.5859375,199.3,4.8,308
1791119969.187211,2533.5859375,199.3,4.9,308
1791119969.3878918,2533.5859375,199.3,4.8,308
1791119969.5886562,2533.5859375,199.3,5.0,308
1791119969.789361,2533.5859375,204.3,6.0,308
1791119969.9900548,2533.5859375,199.3,5.8,308
1791119970.1908276,2533.5859375,199.3,4.9,308
1791119970.3915336,2533.5859375,199.3,4.9,308
1791119970.592337,2533.5859375,199.2,4.8,308
1791119970.7931461,2533.5859375,199.2,4.9,308
1791119970.9938586,2533.5859375,204.3,5.6,308
1791119971.1945894,2533.5859375,199.3,5.8,308
1791119971.395285,2533.5859375,199.3,5.8,308
1791119971.5960553,2533.5859375,199.3,5.5,308
1791119971.7967618,2533.5859375,199.3,6.1,308
1791119971.9976184,2533.5859375,199.2,8.2,308
1791119972.198378,2533.5859375,204.3,5.2,308
1791119972.3990567,2533.5859375,199.3,4.8,308
1791119972.5998113,2533.5859375,204.2,4.2,308
1791119972.800544,2533.5859375,199.3,4.1,308
1791119973.001259,2533.5859375,199.3,7.0,308
1791119973.202041,2533.5859375,199.2,7.2,308
1791119973.4028168,2533.5859375,204.2,8.0,308
1791119973.6035628,2533.5859375,199.2,7.1,308
1791119973.804372,2533.5859375,199.2,6.4,308
1791119974.005259,2533.5859375,199.1,6.4,308
1791119974.2061405,2533.5859375,199.1,7.6,308
1791119974.4069467,2533.5859375,204.2,8.0,308
1791119974.6077108,2533.5859375,199.2,5.4,308
1791119974.808493,2533.5859375,199.3,5.3,308
1791119975.0091856,2533.5859375,199.3,6.5,308
1791119975.2099886,2533.5859375,199.2,5.2,308
1791119975.4107413,2533.5859375,199.2,6.7,308
1791119975.6115487,2533.5859375,199.2,7.2,308
1791119975.8122997,2533.5859375,204.2,5.1,308
1791119976.0129902,2533.5859375,199.3,6.6,308
1791119976.2138753,2533.5859375,204.1,5.9,308
1791119976.4146938,2533.5859375,199.2,5.9,308
1791119976.615508,2533.5859375,199.2,5.2,308
1791119976.8162982,2533.5859375,199.2,4.4,308
1791119977.0170014,2533.5859375,199.3,4.2,308
1791119977.2176905,2533.5859375,199.3,4.1,308
1791119977.4184217,2533.5859375,204.2,4.1,308
1791119977.6192262,2533.5859375,199.2,4.2,308
1791119977.8199697,2533.5859375,199.3,4.8,308
1791119978.0206642,2533.5859375,199.3,5.0,308
1791119978.2214234,2533.5859375,199.2,5.2,308
1791119978.4222088,2533.5859375,204.2,7.2,308
1791119978.6229594,2533.5859375,204.2,5.1,308
1791119978.8237197,2533.5859375,199.2,4.8,308
1791119979.0245051,2533.5859375,199.3,4.9,308
1791119979.2252033,2533.5859375,199.3,4.1,308
1791119979.425898,2533.5859375,199.3,4.2,308
1791119979.6266441,2533.5859375,199.3,4.5,308
1791119979.8273904,2533.5859375,204.3,4.2,308
1791119980.0281143,2533.5859375,199.3,4.5,308
1791119980.2288136,2533.5859375,199.3,5.0,308
1791119980.4294868,2533.5859375,199.3,5.3,308
1791119980.6302187,2533.5859375,199.3,4.8,308
1791119980.8308845,2533.5859375,204.3,5.0,308
1791119981.0315719,2533.5859375,199.3,5.0,308
1791119981.2322435,2533.5859375,199.3,4.7,308
1791119981.4329147,2533.5859375,199.3,4.3,308
1791119981.6336575,2533.5859375,199.3,5.1,308
1791119981.8343978,2533.5859375,204.3,4.3,308
1791119982.0351064,2533.5859375,199.3,4.6,308
1791119982.2357965,2533.5859375,199.3,4.5,308
1791119982.4364898,2533.5859375,199.3,5.7,308
1791119982.63719,2533.5859375,199.3,5.6,308
1791119982.8378112,2533.5859375,199.4,5.9,308
1791119983.0384831,2533.5859375,199.3,8.7,308
1791119983.2392442,2533.5859375,204.2,8.7,308
1791119983.4399803,2533.5859375,199.2,8.1,308
1791119983.640745,2533.5859375,199.3,10.2,308
1791119983.8414922,2533.5859375,199.2,7.7,308
1791119984.0422711,2533.5859375,204.2,7.8,308
1791119984.2430327,2533.5859375,199.3,7.7,308
1791119984.44377,2533.5859375,204.2,7.5,308
1791119984.644539,2533.5859375,199.3,8.4,308
1791119984.8452675,2533.5859375,199.3,6.9,308
1791119985.0459816,2533.5859375,199.3,8.5,308
1791119985.2467425,2533.5859375,199.2,8.0,308
1791119985.447545,2533.5859375,199.2,5.8,308
1791119985.6483047,2533.5859375,199.2,7.2,308
1791119985.8490915,2533.5859375,204.2,5.1,308
1791119986.0497878,2533.5859375,199.3,4.1,308
1791119986.250531,2533.5859375,199.2,5.8,308
1791119986.4513297,2533.5859375,199.2,5.3,308
1791119986.6521063,2533.5859375,204.2,4.3,308
1791119986.852818,2533.5859375,199.3,4.9,308
1791119987.0535314,2533.5859375,199.3,5.0,308
1791119987.2542381,2533.5859375,204.3,5.1,308
1791119987.4548943,2533.5859375,199.3,5.0,308
1791119987.655673,2533.5859375,199.3,5.1,308
1791119987.856397,2533.5859375,199.3,5.7,308
1791119988.0571828,2533.5859375,199.2,4.8,308
1791119988.2579355,2533.5859375,199.3,4.4,308
1791119988.4586263,2533.5859375,199.3,4.7,308
1791119988.659353,2533.5859375,199.3,4.1,308
1791119988.860032,2533.5859375,204.3,4.2,308
1791119989.0607076,2533.5859375,199.3,4.6,308
1791119989.2613916,2533.5859375,199.3,5.1,308
1791119989.4620633,2533.5859375,199.3,5.5,308
1791119989.6627927,2533.5859375,199.3,5.3,308
1791119989.86346,2533.5859375,199.3,4.9,308
1791119990.0641415,2533.5859375,204.3,5.1,308
1791119990.2648125,2533.5859375,204.3,4.8,308
1791119990.465487,2533.5859375,199.3,4.4,308
1791119990.666227,2533.5859375,199.3,4.2,308
1791119990.866938,2533.5859375,199.3,4.6,308
1791119991.0676734,2533.5859375,199.3,6.1,308
1791119991.2684567,2533.5859375,199.3,4.2,308
1791119991.469151,2533.5859375,204.3,5.1,308
1791119991.669848,2533.5859375,199.3,5.3,308
1791119991.8704984,2533.5859375,199.4,5.1,308
1791119992.0711555,2533.5859375,199.3,5.2,308
1791119992.2718263,2533.5859375,199.3,5.1,308
1791119992.472489,2533.5859375,199.3,5.0,308
1791119992.67316,2533.5859375,199.3,4.2,308
1791119992.873836,2533.5859375,199.3,6.4,308
1791119993.0745947,2533.5859375,204.2,7.6,308
1791119993.2753763,2533.5859375,204.2,5.8,308
1791119993.476182,2533.5859375,199.2,6.4,308
1791119993.6769679,2533.5859375,199.2,7.9,308
1791119993.8777688,2533.5859375,199.3,7.8,308
1791119994.0785105,2533.5859375,199.2,8.0,308
1791119994.2793276,2533.5859375,199.2,8.1,308
1791119994.4801087,2533.5859375,199.2,6.4,308
1791119994.680868,2533.5859375,204.2,8.0,308
1791119994.8816621,2533.5859375,199.2,6.7,308
1791119995.0824432,2533.5859375,199.2,8.9,308
1791119995.2832155,2533.5859375,199.3,5.7,308
1791119995.4839625,2533.5859375,199.2,7.4,308
1791119995.6847298,2533.5859375,204.2,6.0,308
1791119995.885487,2533.5859375,199.2,7.2,308
1791119996.0862403,2533.5859375,199.3,5.9,308
1791119996.286984,2533.5859375,204.2,5.7,308
1791119996.487734,2533.5859375,199.3,6.9,308
1791119996.6884682,2533.5859375,199.3,6.0,308
1791119996.8891704,2533.5859375,199.3,6.2,308
1791119997.0898418,2533.5859375,199.3,6.0,308
1791119997.2905295,2533.5859375,199.3,4.9,308
1791119997.4912803,2533.5859375,199.3,5.2,308
1791119997.691947,2533.5859375,204.3,5.1,308
1791119997.892661,2533.5859375,199.3,5.2,308
1791119998.0933988,2533.5859375,199.3,4.7,308
1791119998.2942116,2533.5859375,204.2,5.4,308
1791119998.4949832,2533.5859375,199.3,5.7,308
1791119998.695727,2533.5859375,204.2,5.1,308
1791119998.8965006,2533.5859375,199.2,5.1,308
1791119999.097284,2533.5859375,194.3,5.2,308
1791119999.2980123,2533.5859375,204.2,6.8,308
1791119999.4987857,2533.5859375,199.3,4.3,308
1791119999.6994612,2533.5859375,204.2,4.7,308
1791119999.9002457,2533.5859375,199.3,4.4,308
1791120000.1009636,2533.5859375,199.3,4.3,308
1791120000.3016803,2533.5859375,199.3,4.3,308
1791120000.5024471,2533.5859375,204.2,5.1,308
1791120000.703152,2533.5859375,199.3,5.1,308
1791120000.903845,2533.5859375,199.3,5.1,308
1791120001.1045,2533.5859375,199.3,5.1,308
1791120001.3052614,2533.5859375,199.3,5.6,308
1791120001.5059981,2533.5859375,199.3,4.8,308
1791120001.7066593,2533.5859375,199.3,4.3,308
1791120001.9074025,2533.5859375,204.3,4.1,308
1791120002.1081579,2533.5859375,199.2,5.7,308
1791120002.3088944,2533.5859375,199.3,4.0,308
1791120002.5096312,2533.5859375,199.3,4.2,308
1791120002.7103775,2533.5859375,199.3,4.3,308
1791120002.9110956,2533.5859375,204.2,7.6,308
1791120003.1118507,2533.5859375,199.2,7.4,308
1791120003.3126197,2533.5859375,199.2,7.7,308
1791120003.5133917,2533.5859375,199.3,7.5,308
1791120003.7141304,2533.5859375,204.2,7.2,308
1791120003.9148953,2533.5859375,199.2,7.0,308
1791120004.115689,2533.5859375,199.3,6.6,308
1791120004.316436,2533.5859375,199.2,5.2,308
1791120004.5172126,2533.5859375,204.3,6.8,308
1791120004.7179391,2533.5859375,199.2,7.0,308
1791120004.9187112,2533.5859375,199.2,6.8,308
1791120005.1194913,2533.5859375,199.2,6.0,308
1791120005.320234,2533.5859375,199.2,7.2,308
1791120005.5210369,2533.5859375,199.2,7.9,308
1791120005.7218113,2533.5859375,204.2,8.5,308
1791120005.922561,2533.5859375,199.3,5.5,308
1791120006.123276,2533.5859375,199.3,6.0,308
1791120006.3240426,2533.5859375,199.2,4.9,308
1791120006.524797,2533.5859375,204.2,8.2,308
1791120006.7255561,2533.5859375,199.3,5.0,308
1791120006.926319,2533.5859375,199.2,4.4,308
1791120007.1270964,2533.5859375,204.2,3.4,308
1791120007.327865,2533.5859375,199.2,4.1,308
1791120007.528654,2533.5859375,199.2,4.7,308
1791120007.7293916,2533.5859375,199.3,4.9,308
1791120007.9301476,2533.5859375,199.3,5.2,308
1791120008.1308496,2533.5859375,204.2,5.8,308
1791120008.3317223,2533.5859375,199.1,5.6,308
1791120008.532468,2533.5859375,199.3,5.2,308
1791120008.7332225,2533.5859375,199.3,4.9,308
1791120008.933928,2533.5859375,199.3,4.9,308
1791120009.134639,2533.5859375,199.3,4.9,308
1791120009.3353586,2533.5859375,204.2,4.7,308
1791120009.5361233,2533.5859375,199.3,5.5,308
1791120009.7368453,2533.5859375,199.3,5.9,308
1791120009.9375768,2533.5859375,199.3,5.6,308
1791120010.138287,2533.5859375,204.3,5.6,308
1791120010.3389933,2533.5859375,199.3,5.7,308
1791120010.539736,2533.5859375,199.3,5.8,308
1791120010.7404292,2533.5859375,204.3,4.4,308
1791120010.941164,2533.5859375,199.2,4.0,308
1791120011.1419575,2533.5859375,199.2,4.0,308
1791120011.3427334,2533.5859375,199.2,5.7,308
1791120011.543489,2533.5859375,199.2,4.1,308
1791120011.7442157,2533.5859375,199.3,4.4,308
1791120011.9448986,2533.5859375,204.2,5.3,308
1791120012.1456974,2533.5859375,199.2,5.0,308
1791120012.3464713,2533.5859375,199.3,4.8,308
1791120012.547239,2533.5859375,199.2,4.9,308
1791120012.747966,2533.5859375,199.3,4.9,308
1791120012.9486887,2533.5859375,199.3,7.4,308
1791120013.1494691,2533.5859375,199.2,6.2,308
1791120013.3502607,2533.5859375,209.2,6.8,308
1791120013.5510015,2533.5859375,199.2,4.8,308
1791120013.7517328,2533.5859375,199.2,6.7,308
1791120013.952551,2533.5859375,199.2,9.8,308
1791120014.1533546,2533.5859375,199.2,5.5,308
1791120014.3540995,2533.5859375,204.3,7.3,308
1791120014.5548444,2533.5859375,199.2,7.5,308
1791120014.7556214,2533.5859375,199.3,6.1,308
1791120014.956436,2533.5859375,199.2,9.5,308
1791120015.1572273,2533.5859375,199.2,5.6,308
1791120015.3579595,2533.5859375,199.3,4.8,308
1791120015.5587385,2533.5859375,204.2,9.1,308
1791120015.759552,2533.5859375,199.2,6.2,308
1791120015.9603372,2533.5859375,199.2,4.1,308
1791120016.1611211,2533.5859375,199.2,4.1,308
1791120016.361844,2533.5859375,199.2,5.0,308
1791120016.5626516,2533.5859375,199.2,6.2,308
1791120016.7634506,2533.5859375,204.2,4.8,308
1791120016.9641814,2533.5859375,204.2,4.8,308
1791120017.1649156,2533.5859375,199.3,4.9,308
1791120017.365627,2533.5859375,199.3,4.9,308
1791120017.5664408,2533.5859375,199.2,4.3,308
1791120017.767248,2533.5859375,199.2,4.5,308
1791120017.968014,2533.5859375,199.3,4.1,308
1791120018.1687365,2533.5859375,204.2,4.1,308
1791120018.3694696,2533.5859375,199.3,4.2,308
1791120018.5702343,2533.5859375,199.2,5.1,308
1791120018.771016,2533.5859375,199.2,4.8,308
1791120018.97177,2533.5859375,199.3,4.9,308
1791120019.1724849,2533.5859375,199.3,4.9,308
1791120019.3731833,2533.5859375,204.3,5.2,308
1791120019.5739267,2533.5859375,199.2,5.6,308
1791120019.7746806,2533.5859375,199.3,4.6,308
1791120019.9753718,2533.5859375,199.3,3.9,308
1791120020.1760538,2533.5859375,199.3,4.2,308
1791120020.3767045,2533.5859375,204.3,4.0,308
1791120020.5774505,2533.5859375,199.3,4.3,308
1791120020.778143,2533.5859375,199.3,5.3,308
1791120020.9788325,2533.5859375,204.3,5.7,308
1791120021.1795335,2533.5859375,199.3,5.6,308
1791120021.3802607,2533.5859375,199.3,5.7,308
1791120021.581045,2533.5859375,199.2,6.7,308
1791120021.781815,2533.5859375,199.2,8.1,308
1791120021.982591,2533.5859375,199.3,5.7,308
1791120022.183283,2533.5859375,199.3,4.9,308
1791120022.3840816,2533.5859375,204.2,5.1,308
1791120022.584844,2533.5859375,199.3,5.0,308
1791120022.785567,2533.5859375,199.3,4.8,308
1791120022.9862885,2533.5859375,199.3,8.9,308
1791120023.1870449,2533.5859375,199.2,7.2,308
1791120023.387897,2533.5859375,209.1,7.6,308
1791120023.5887132,2533.5859375,199.2,12.1,308
1791120023.7895167,2533.5859375,199.2,10.0,308
1791120023.9902976,2533.5859375,199.2,9.2,308
1791120024.1911242,2533.5859375,199.2,5.7,308
1791120024.391864,2533.5859375,199.2,7.1,308
1791120024.5926764,2533.5859375,199.2,6.9,308
1791120024.7934792,2533.5859375,204.2,5.8,308
1791120024.9942954,2533.5859375,199.2,6.5,308
1791120025.195113,2533.5859375,199.2,6.7,308
1791120025.3959157,2533.5859375,199.2,5.5,308
1791120025.596732,2533.5859375,199.2,7.6,308
1791120025.7975173,2533.5859375,199.2,7.6,308
1791120025.9983234,2533.5859375,209.2,5.0,308
1791120026.1990118,2533.5859375,199.3,5.0,308
1791120026.3997514,2533.5859375,199.3,5.0,308
1791120026.6005156,2533.5859375,199.2,5.6,308
1791120026.801298,2533.5859375,199.3,4.3,308
1791120027.0020018,2533.5859375,199.3,4.4,308
1791120027.2027028,2533.5859375,204.3,4.1,308
1791120027.4034083,2533.5859375,199.3,4.2,308
1791120027.60415,2533.5859375,199.3,4.3,308
1791120027.8048954,2533.5859375,199.3,5.2,308
1791120028.0055864,2533.5859375,199.3,5.0,308
1791120028.2063012,2533.5859375,199.2,6.7,308
1791120028.4071765,2533.5859375,204.1,5.6,308
1791120028.6079724,2533.5859375,199.2,5.1,308
1791120028.8087547,2533.5859375,199.2,5.1,308
1791120029.009516,2533.5859375,199.3,4.1,308
1791120029.2102587,2533.5859375,199.3,4.1,308
1791120029.411021,2533.5859375,204.2,4.1,308
1791120029.6118016,2533.5859375,199.2,4.6,308
1791120029.8125443,2533.5859375,199.3,4.3,308
1791120030.0133038,2533.5859375,204.2,4.9,308
1791120030.2140248,2533.5859375,199.3,5.0,308
1791120030.4147544,2533.5859375,199.3,5.1,308
1791120030.6155474,2533.5859375,199.2,5.0,308
1791120030.8163133,2533.5859375,199.3,5.1,308
1791120031.017023,2533.5859375,199.3,4.9,308
1791120031.2177129,2533.5859375,204.3,4.4,308
1791120031.418479,2533.5859375,199.2,4.2,308
1791120031.6192636,2533.5859375,199.2,4.2,308
1791120031.8200638,2533.5859375,199.2,4.3,308
1791120032.0208263,2533.5859375,199.2,4.2,308
1791120032.2215774,2533.5859375,199.3,4.9,308
1791120032.4223359,2533.5859375,204.2,5.2,308
1791120032.6231244,2533.5859375,204.2,4.9,308
1791120032.823913,2533.5859375,199.3,5.1,308
1791120033.0246286,2533.5859375,199.3,7.8,308
1791120033.2254403,2533.5859375,199.2,6.9,308
1791120033.4263036,2533.5859375,199.1,8.4,308
1791120033.6271253,2533.5859375,199.2,7.3,308
1791120033.8279288,2533.5859375,204.2,7.3,308
1791120034.0287504,2533.5859375,199.2,7.6,308
1791120034.229557,2533.5859375,199.2,5.5,308
1791120034.430359,2533.5859375,199.2,8.6,308
1791120034.6311731,2533.5859375,199.2,8.1,308
1791120034.8319283,2533.5859375,199.3,6.8,308
1791120035.0326416,2533.5859375,204.3,8.1,308
1791120035.2334428,2533.5859375,199.2,8.8,308
1791120035.4342372,2533.5859375,204.2,6.6,308
1791120035.6350143,2533.5859375,199.2,8.4,308
1791120035.8358126,2533.5859375,199.2,7.2,308
1791120036.0366237,2533.5859375,204.2,6.8,308
1791120036.2374249,2533.5859375,199.2,4.2,308
1791120036.4382067,2533.5859375,199.2,5.3,308
1791120036.6389964,2533.5859375,199.2,4.8,308
1791120036.8397896,2533.5859375,199.3,4.9,308
1791120037.0405157,2533.5859375,199.2,4.9,308
1791120037.2413218,2533.5859375,204.2,5.0,308
1791120037.4421003,2533.5859375,199.2,5.0,308
1791120037.6428401,2533.5859375,199.2,5.1,308
1791120037.8436568,2533.5859375,199.2,7.1,308
1791120038.0444608,2533.5859375,199.2,7.1,308
1791120038.2452703,2533.5859375,204.2,4.2,308
1791120038.4460566,2533.5859375,199.2,4.7,308
1791120038.6468,2533.5859375,204.2,4.2,308
1791120038.847611,2533.5859375,199.2,4.2,308
1791120039.0483096,2533.5859375,199.3,5.3,308
1791120039.2490532,2533.5859375,199.3,5.0,308
1791120039.4498222,2533.5859375,199.3,5.1,308
1791120039.6505497,2533.5859375,199.2,5.2,308
1791120039.8513627,2533.5859375,199.2,4.9,308
1791120040.0520735,2533.5859375,204.3,5.0,308
1791120040.252773,2533.5859375,199.3,4.4,308
1791120040.4535456,2533.5859375,199.3,4.1,308
1791120040.654276,2533.5859375,199.2,4.3,308
1791120040.8550909,2533.5859375,199.2,4.1,308
1791120041.0557873,2533.5859375,199.3,4.2,308
1791120041.2565074,2533.5859375,204.2,4.9,308
1791120041.4572763,2533.5859375,204.3,5.0,308
1791120041.6579936,2533.5859375,199.2,5.1,308
1791120041.8587933,2533.5859375,199.3,5.2,308
1791120042.0594914,2533.5859375,199.3,5.2,308
1791120042.260198,2533.5859375,199.2,6.7,308
1791120042.4609869,2533.5859375,204.2,4.8,308
1791120042.6617024,2533.5859375,199.3,4.5,308
1791120042.8625057,2533.5859375,199.2,6.2,308
1791120043.0632703,2533.5859375,199.2,7.1,308
1791120043.264035,2533.5859375,199.2,6.9,308
1791120043.4648323,2533.5859375,199.2,5.3,308
1791120043.6655993,2533.5859375,204.2,8.1,308
1791120043.8663933,2533.5859375,199.2,7.5,308
1791120044.0671716,2533.5859375,199.2,8.0,308
1791120044.2680776,2533.5859375,199.1,7.8,308
1791120044.4688318,2533.5859375,199.3,5.8,308
1791120044.6695337,2533.5859375,199.3,8.0,308
1791120044.870316,2533.5859375,204.2,6.7,308
1791120045.0711188,2533.5859375,204.2,6.9,308
1791120045.2718801,2533.5859375,199.2,5.2,308
1791120045.472633,2533.5859375,199.2,6.9,308
1791120045.6734073,2533.5859375,199.2,5.2,308
1791120045.8741705,2533.5859375,199.2,7.1,308
1791120046.0749469,2533.5859375,204.2,5.3,308
1791120046.275651,2533.5859375,199.3,6.0,308
1791120046.476399,2533.5859375,199.3,7.8,308
1791120046.6771607,2533.5859375,199.2,6.0,308
1791120046.8779128,2533.5859375,199.3,5.8,308
1791120047.0786338,2533.5859375,199.3,5.1,308
1791120047.279348,2533.5859375,204.2,5.3,308
1791120047.4801233,2533.5859375,199.3,4.9,308
1791120047.6808064,2533.5859375,199.3,5.2,308
1791120047.8815355,2533.5859375,199.3,5.6,308
1791120048.0821998,2533.5859375,199.3,5.7,308
1791120048.2828474,2533.5859375,199.3,5.9,308
1791120048.4835665,2533.5859375,199.3,6.3,308
1791120048.6843107,2533.5859375,209.2,5.8,308
1791120048.8850007,2533.5859375,199.3,5.3,308
1791120049.0857224,2533.5859375,199.3,5.2,308
1791120049.2864084,2533.5859375,199.3,5.0,308
1791120049.4871228,2533.5859375,199.3,4.5,308
1791120049.6878383,2533.5859375,204.2,6.4,308
1791120049.8887098,2533.5859375,199.2,4.3,308
1791120050.0894547,2533.5859375,199.3,4.2,308
1791120050.2901862,2533.5859375,199.3,4.7,308
1791120050.4909189,2533.5859375,199.2,5.2,308
1791120050.6917117,2533.5859375,199.2,5.3,308
1791120050.892518,2533.5859375,199.2,5.5,308
1791120051.0932713,2533.5859375,204.2,5.0,308
1791120051.2940145,2533.5859375,199.3,5.0,308
1791120051.4947581,2533.5859375,199.3,5.2,308
1791120051.6955037,2533.5859375,199.2,4.9,308
1791120051.896321,2533.5859375,199.2,4.5,308
1791120052.0970955,2533.5859375,199.3,4.3,308
1791120052.297804,2533.5859375,204.3,4.1,308
1791120052.4985704,2533.5859375,199.2,4.3,308
1791120052.6993175,2533.5859375,204.2,5.1,308
1791120052.9001067,2533.5859375,199.2,7.9,308
1791120053.1009097,2533.5859375,199.2,8.3,308
1791120053.3017004,2533.5859375,199.2,7.8,308
1791120053.502517,2533.5859375,199.2,7.8,308
1791120053.7033346,2533.5859375,204.2,5.9,308
1791120053.904141,2533.5859375,199.2,7.4,308
1791120054.105092,2533.5859375,199.1,6.5,308
1791120054.3058665,2533.5859375,199.2,7.0,308
1791120054.5066652,2533.5859375,199.2,5.1,308
1791120054.7074533,2533.5859375,204.2,7.7,308
1791120054.9082325,2533.5859375,199.2,9.6,308
1791120055.1091304,2533.5859375,199.1,7.8,308
1791120055.310017,2533.5859375,199.1,5.9,308
1791120055.5108986,2533.5859375,204.1,8.6,308
1791120055.7117891,2533.5859375,204.1,7.7,308
1791120055.9126632,2533.5859375,199.1,5.1,308
1791120056.1135547,2533.5859375,199.1,4.8,308
1791120056.3143451,2533.5859375,199.2,4.3,308
1791120056.5150898,2533.5859375,199.2,6.0,308
1791120056.7158725,2533.5859375,204.2,4.4,308
1791120056.9166582,2533.5859375,199.2,4.6,308
1791120057.1173885,2533.5859375,199.3,4.8,308
1791120057.3181427,2533.5859375,199.2,5.1,308
1791120057.5189164,2533.5859375,199.2,5.1,308
1791120057.7196743,2533.5859375,199.2,5.2,308
1791120057.9204853,2533.5859375,199.2,5.3,308
1791120058.121247,2533.5859375,204.2,5.1,308
1791120058.3219814,2533.5859375,204.2,8.5,308
1791120058.5227666,2533.5859375,199.2,4.8,308
1791120058.723552,2533.5859375,199.2,4.4,308
1791120058.9243207,2533.5859375,199.2,5.1,308
1791120059.1251118,2533.5859375,199.2,5.1,308
1791120059.3259358,2533.5859375,199.2,5.0,308
1791120059.526734,2533.5859375,199.2,7.6,308
1791120059.7274911,2533.5859375,199.2,8.4,308
1791120059.928313,2533.5859375,204.2,5.7,308
1791120060.129064,2533.5859375,199.2,6.0,308
1791120060.3297782,2533.5859375,199.3,5.8,308
1791120060.5305774,2533.5859375,199.2,6.1,308
1791120060.7314172,2533.5859375,204.1,5.5,308
1791120060.9322283,2533.5859375,199.2,4.9,308
1791120061.1329782,2533.5859375,204.3,5.3,308
1791120061.3337052,2533.5859375,199.3,5.1,308
1791120061.5344808,2533.5859375,199.2,4.8,308
1791120061.7352657,2533.5859375,199.2,4.9,308
1791120061.9359996,2533.5859375,199.3,5.1,308
1791120062.136711,2533.5859375,199.3,5.4,308
1791120062.337419,2533.5859375,204.2,5.3,308
1791120062.5381792,2533.5859375,199.2,5.3,308
1791120062.738928,2533.5859375,199.3,5.1,308
1791120062.939688,2533.5859375,199.2,7.1,308
1791120063.1405928,2533.5859375,199.1,6.8,308
1791120063.3414223,2533.5859375,204.2,7.0,308
1791120063.54224,2533.5859375,199.2,7.3,308
1791120063.7430668,2533.5859375,199.2,5.3,308
1791120063.943899,2533.5859375,199.2,6.9,308
1791120064.1447191,2533.5859375,199.2,7.9,308
1791120064.3455217,2533.5859375,199.2,7.8,308
1791120064.5463085,2533.5859375,209.2,6.0,308
1791120064.7471125,2533.5859375,199.2,8.7,308
1791120064.9478981,2533.5859375,199.2,7.6,308
1791120065.148676,2533.5859375,199.3,6.4,308
1791120065.3493795,2533.5859375,199.3,6.3,308
1791120065.5502467,2533.5859375,199.1,7.0,308
1791120065.75104,2533.5859375,204.2,6.8,308
1791120065.9518275,2533.5859375,199.3,4.6,308
1791120066.1525536,2533.5859375,199.2,4.8,308
1791120066.3533528,2533.5859375,199.2,5.2,308
1791120066.5540977,2533.5859375,199.3,6.1,308
1791120066.7548537,2533.5859375,199.2,5.2,308
1791120066.9556258,2533.5859375,199.3,5.2,308
1791120067.1563144,2533.5859375,204.3,5.1,308
1791120067.3569975,2533.5859375,199.3,6.7,308
1791120067.5577676,2533.5859375,204.2,4.6,308
1791120067.7585394,2533.5859375,199.2,4.4,308
1791120067.959302,2533.5859375,199.3,4.6,308
1791120068.1599853,2533.5859375,204.3,4.3,308
